162.85000610351562,0.0,0.0,0.0,1.8085743188858032,0.37952134013175964,-0.5803963541984558,1.8133654594421387,-0.5468648672103882
891.197998046875,0.0,0.0,0.0,2.7419557571411133,-0.4290066063404083,0.23963558673858643,2.3160853385925293,0.2921953499317169
428.885986328125,0.0,0.0,0.0,2.99019455909729,-0.2602415978908539,0.07075853645801544,2.9414103031158447,0.030299454927444458
342.0780029296875,0.0,0.0,0.0,1.8011910915374756,0.1467544138431549,-0.12465853244066238,2.0585222244262695,-0.14498041570186615
392.9779968261719,0.0,0.0,0.0,3.3431692123413086,0.2327786535024643,-0.10530049353837967,3.3119843006134033,-0.08347736299037933
359.30999755859375,0.0,0.0,0.0,3.6844840049743652,0.20878887176513672,-0.05746852234005928,3.613504409790039,-0.0648912861943245
346.302001953125,0.0,0.0,0.0,2.947619676589966,0.3197985291481018,-0.16665199398994446,2.992518186569214,-0.17994378507137299
301.69000244140625,0.0,0.0,0.0,1.7148280143737793,0.4569498598575592,-0.614398181438446,1.886720061302185,-0.5879896283149719
1022.1740112304688,0.0,0.0,0.0,4.3949384689331055,-0.019897451624274254,-0.014581614173948765,5.063828468322754,0.001887469901703298
704.2659912109375,0.0,0.0,0.0,2.3640286922454834,0.44259998202323914,-0.4840295910835266,1.8250887393951416,-0.4983167052268982
443.2099914550781,0.0,0.0,0.0,1.8028240203857422,0.2580285668373108,-0.3689214885234833,1.9049338102340698,-0.36479252576828003
935.302001953125,0.0,0.0,0.0,2.6291394233703613,0.19224122166633606,-0.06072824075818062,2.318617820739746,-0.04654798284173012
923.0780029296875,0.0,0.0,0.0,2.555100440979004,-0.5230883955955505,0.41900843381881714,2.694446086883545,0.4117618203163147
867.35400390625,0.0,0.0,0.0,4.1339921951293945,-0.065223328769207,-0.3428451120853424,3.149587392807007,-0.5386261940002441
198.44200134277344,0.0,0.0,0.0,4.578553199768066,-0.24956876039505005,0.011478307656943798,5.045302867889404,-0.0480877123773098
947.177978515625,0.0,0.0,0.0,4.367776870727539,-0.63990318775177,0.1875072717666626,4.905438423156738,0.20694181323051453
487.6860046386719,0.0,0.0,0.0,3.6951005458831787,0.7289736866950989,-0.32744890451431274,3.9918792247772217,-0.2722443640232086
991.22998046875,0.0,0.0,0.0,2.5303568840026855,0.31198400259017944,-0.27042362093925476,2.8896102905273438,-0.28670209646224976
522.1619873046875,0.0,0.0,0.0,3.334064245223999,0.8130749464035034,-0.3438747227191925,3.437077760696411,-0.3621479570865631
901.8140258789062,0.0,0.0,0.0,1.8322739601135254,-0.5781869292259216,0.6167058944702148,2.045137882232666,0.6118081212043762
400.34600830078125,0.0,0.0,0.0,3.6789357662200928,0.7939275503158569,-0.3107796013355255,3.697594165802002,-0.25665608048439026
629.4819946289062,0.0,0.0,0.0,3.8534605503082275,0.8014856576919556,-0.33252015709877014,4.258272647857666,-0.3056345582008362
457.5580139160156,0.0,0.0,0.0,2.11319899559021,-0.02865823172032833,-0.013893836177885532,2.494093418121338,0.0035288373474031687
474.95001220703125,0.0,0.0,0.0,2.6229891777038574,0.013024506159126759,-0.09778348356485367,2.1661293506622314,-0.039440009742975235
266.4419860839844,0.0,0.0,0.0,1.5079025030136108,-0.2105138897895813,0.41925540566444397,1.6775072813034058,0.43431010842323303
410.3340148925781,0.0,0.0,0.0,2.4301021099090576,0.24333783984184265,-0.1310322880744934,2.38792085647583,-0.10233795642852783
212.9219970703125,0.0,0.0,0.0,4.065826416015625,0.4144868552684784,-0.10466217249631882,3.8612937927246094,-0.07553035765886307
873.197998046875,0.0,0.0,0.0,4.060512542724609,0.3088507056236267,-0.05948449298739433,3.831185817718506,-0.035767555236816406
622.8300170898438,0.0,0.0,0.0,2.168039321899414,0.11276209354400635,-0.09497702866792679,2.443629503250122,-0.10231963545084
823.2940063476562,0.0,0.0,0.0,3.6917576789855957,-0.4913109540939331,0.13486960530281067,4.105046272277832,0.1778208613395691
963.8140258789062,0.0,0.0,0.0,3.3642807006835938,0.9228767156600952,-0.49559906125068665,2.9999139308929443,-0.47984182834625244
276.0899963378906,0.0,0.0,0.0,2.315995931625366,-0.23322941362857819,0.30830758810043335,2.373875617980957,0.3345179557800293
698.3699951171875,0.0,0.0,0.0,2.0327539443969727,-0.17289134860038757,0.2642407715320587,2.497431516647339,0.2725721299648285
505.27398681640625,0.0,0.0,0.0,3.3752849102020264,-0.45138856768608093,0.21639180183410645,3.4821114540100098,0.15806174278259277
782.9979858398438,0.0,0.0,0.0,3.2024872303009033,0.46174612641334534,-0.24824492633342743,3.2751657962799072,-0.21001505851745605
926.0819702148438,0.0,0.0,0.0,3.722576379776001,-0.6741356253623962,0.22212927043437958,4.166269302368164,0.18206915259361267
713.52197265625,0.0,0.0,0.0,3.6259210109710693,-0.03420037776231766,0.4265957474708557,3.3398423194885254,0.3508317172527313
495.8699951171875,0.0,0.0,0.0,2.1700873374938965,-0.3653285801410675,0.3908483684062958,2.531517505645752,0.3973751366138458
326.197998046875,0.0,0.0,0.0,3.6371264457702637,0.6581549644470215,-0.26694801449775696,4.287542343139648,-0.2906300127506256
415.8900146484375,0.0,0.0,0.0,3.635335683822632,0.8514710664749146,-0.3240608274936676,3.93190598487854,-0.27816420793533325
666.85400390625,0.0,0.0,0.0,1.8191344738006592,-0.03757467493414879,-0.010566714219748974,0.0,0.0
317.7460021972656,0.0,0.0,0.0,1.5858581066131592,0.188120499253273,-0.36952272057533264,1.7250646352767944,-0.33085891604423523
794.8300170898438,0.0,0.0,0.0,2.830764055252075,0.0413084551692009,-0.0037351089995354414,3.0424134731292725,0.01262835692614317
828.010009765625,0.0,0.0,0.0,2.7648184299468994,0.3919828534126282,-0.28923511505126953,3.2151598930358887,-0.26335176825523376
740.9420166015625,0.0,0.0,0.0,3.924060344696045,-0.8852578997612,0.29870477318763733,4.259724140167236,0.22856901586055756
1013.7100219726562,0.0,0.0,0.0,4.377409934997559,-0.21467681229114532,0.00943013932555914,4.555053234100342,-0.06784094125032425
679.9340209960938,0.0,0.0,0.0,2.0187346935272217,-0.5380656123161316,0.7237380743026733,2.4557883739471436,0.6036047339439392
524.4819946289062,0.0,0.0,0.0,3.0277962684631348,0.5024621486663818,-0.19185279309749603,3.0585265159606934,-0.1747606098651886
973.030029296875,0.0,0.0,0.0,3.7141458988189697,0.47077861428260803,-0.14834833145141602,3.8275694847106934,-0.17213204503059387
867.010009765625,0.0,0.0,0.0,4.35752010345459,-0.508998692035675,-0.06696690618991852,4.051697731018066,-0.1559707671403885
335.1940002441406,0.0,0.0,0.0,2.124650478363037,0.30486395955085754,-0.3877581059932709,2.459496259689331,-0.40077897906303406
396.82598876953125,0.0,0.0,0.0,2.1297690868377686,0.3606555163860321,-0.42394527792930603,2.582683563232422,-0.5802163481712341
214.1820068359375,0.0,0.0,0.0,3.4614076614379883,0.20887042582035065,-0.06010378524661064,3.20458722114563,-0.0016718902625143528
597.3619995117188,0.0,0.0,0.0,4.434533596038818,-0.4608335494995117,0.13002122938632965,4.670325756072998,0.1654183268547058
510.3940124511719,0.0,0.0,0.0,2.6661081314086914,-0.4593747556209564,0.3240457773208618,2.5748021602630615,0.32308006286621094
287.4739990234375,0.0,0.0,0.0,4.392338752746582,-0.19581153988838196,0.19582729041576385,3.781680107116699,0.27971941232681274
562.8499755859375,0.0,0.0,0.0,4.403712272644043,0.5682140588760376,-0.1096319779753685,4.800034523010254,-0.11376307904720306
920.9539794921875,0.0,0.0,0.0,3.237046718597412,-0.30523839592933655,0.1669454723596573,3.069286584854126,0.09505397081375122
818.8779907226562,0.0,0.0,0.0,3.3359522819519043,-0.25713229179382324,0.107119619846344,3.8839304447174072,0.08795761317014694
506.2099914550781,0.0,0.0,0.0,3.619396686553955,-0.2643595039844513,0.09306657314300537,3.935115098953247,0.11604650318622589
374.48199462890625,0.0,0.0,0.0,3.30159330368042,-0.22611893713474274,0.16143685579299927,3.450979709625244,0.1947585791349411
421.1499938964844,0.0,0.0,0.0,3.2929484844207764,0.5160733461380005,-0.3251752257347107,3.7378292083740234,-0.3143121004104614
331.91400146484375,0.0,0.0,0.0,2.836405038833618,-0.0427398681640625,0.020578159019351006,2.479623317718506,0.052801914513111115
892.4500122070312,0.0,0.0,0.0,1.6751644611358643,-0.32819607853889465,0.44601738452911377,1.6420551538467407,0.5049276351928711
399.3179931640625,0.0,0.0,0.0,3.364978313446045,0.7812580466270447,-0.4181598722934723,3.835001230239868,-0.394735187292099
593.1539916992188,0.0,0.0,0.0,3.5872621536254883,0.4759039878845215,-0.2645343840122223,4.017146587371826,-0.2834761142730713
480.7019958496094,0.0,0.0,0.0,3.691913366317749,0.5180491805076599,-0.25853168964385986,3.972754716873169,-0.3218800723552704
935.0419921875,0.0,0.0,0.0,2.795271158218384,0.21648463606834412,-0.052597526460886,2.326854705810547,-0.011989198625087738
806.02197265625,0.0,0.0,0.0,3.466857433319092,0.617371678352356,-0.3343367278575897,3.941849946975708,-0.34693583846092224
554.9299926757812,0.0,0.0,0.0,2.255246162414551,0.4973289668560028,-0.52845299243927,1.9817924499511719,-0.5171386003494263
208.04600524902344,0.0,0.0,0.0,2.0958731174468994,0.41663211584091187,-0.47012415528297424,2.4924707412719727,-0.5754361748695374
709.9459838867188,0.0,0.0,0.0,2.3539042472839355,0.8452398180961609,-0.6501933932304382,2.7585275173187256,-0.6477867364883423
966.969970703125,0.0,0.0,0.0,2.5535531044006348,0.3043454587459564,-0.17544911801815033,2.477539300918579,-0.1950409710407257
274.9739990234375,0.0,0.0,0.0,2.5439841747283936,0.04801817238330841,-0.003301982069388032,2.392998218536377,-0.02485590986907482
562.9819946289062,0.0,0.0,0.0,4.435957431793213,0.5413426756858826,-0.11849146336317062,4.5304274559021,-0.05208851769566536
499.51800537109375,0.0,0.0,0.0,2.4124929904937744,-0.23757249116897583,0.15831179916858673,2.327864408493042,0.18913277983665466
397.19000244140625,0.0,0.0,0.0,2.371127128601074,0.4144420623779297,-0.4675934612751007,2.7046566009521484,-0.4649028480052948
384.79400634765625,0.0,0.0,0.0,3.361300230026245,-0.6837539672851562,0.2606065273284912,3.797963857650757,0.2663353681564331
839.614013671875,0.0,0.0,0.0,1.4607988595962524,0.15286482870578766,-0.32471176981925964,1.698958396911621,-0.41457074880599976
986.2780151367188,0.0,0.0,0.0,3.3283302783966064,0.6263439059257507,-0.17088279128074646,3.1806743144989014,-0.07908989489078522
220.21800231933594,0.0,0.0,0.0,3.2335989475250244,0.6631259322166443,-0.346178263425827,3.5646862983703613,-0.32227158546447754
621.6500244140625,0.0,0.0,0.0,2.0024683475494385,0.09437893331050873,-0.08058129251003265,2.111660957336426,-0.0672469288110733
818.7860107421875,0.0,0.0,0.0,3.299316644668579,-0.2789454460144043,0.07804499566555023,3.7289247512817383,0.1240178644657135
903.5419921875,0.0,0.0,0.0,1.7857111692428589,-0.482054203748703,0.7354339361190796,1.928049087524414,0.7016844153404236
493.6419982910156,0.0,0.0,0.0,1.7210623025894165,-0.15339745581150055,0.29291486740112305,1.6635231971740723,0.33522748947143555
709.72998046875,0.0,0.0,0.0,2.2929444313049316,0.8812357783317566,-0.716925859451294,2.7064735889434814,-0.7199165225028992
937.1099853515625,0.0,0.0,0.0,1.8817024230957031,0.060341402888298035,-0.020546801388263702,1.6773135662078857,0.06550630182027817
660.7139892578125,0.0,0.0,0.0,2.038748264312744,-0.3021644353866577,0.3812927007675171,2.4224812984466553,0.44064831733703613
820.3060302734375,0.0,0.0,0.0,3.3365695476531982,-0.618504524230957,0.4463942348957062,3.438936471939087,0.4426211714744568
792.5139770507812,0.0,0.0,0.0,3.835458755493164,0.302611768245697,-0.0464140921831131,3.423549175262451,-0.06825663149356842
356.08599853515625,0.0,0.0,0.0,3.12713885307312,0.5212823748588562,-0.30550041794776917,3.6260082721710205,-0.39490631222724915
327.6579895019531,0.0,0.0,0.0,4.274659633636475,0.5326345562934875,-0.12324759364128113,4.7339911460876465,-0.16860255599021912
524.6259765625,0.0,0.0,0.0,3.008117198944092,0.4740374982357025,-0.15384480357170105,2.8764235973358154,-0.1786946803331375
597.1580200195312,0.0,0.0,0.0,4.396183967590332,-0.46134594082832336,0.15474091470241547,4.754912376403809,0.145372673869133
153.0500030517578,0.0,0.0,0.0,3.5721566677093506,0.6209015846252441,-0.24770601093769073,3.986964464187622,-0.2258407473564148
697.3099975585938,0.0,0.0,0.0,1.129600167274475,-0.016553327441215515,0.0858035683631897,1.5046461820602417,0.10029193758964539
844.8779907226562,0.0,0.0,0.0,3.8661396503448486,0.6213294863700867,-0.22022655606269836,4.473610877990723,-0.30777883529663086
986.177978515625,0.0,0.0,0.0,3.361297130584717,0.6711156368255615,-0.18096467852592468,3.0056440830230713,-0.05868344008922577
719.4420166015625,0.0,0.0,0.0,3.6818017959594727,0.34316912293434143,-0.13410867750644684,4.179749011993408,-0.15775343775749207
857.0260009765625,0.0,0.0,0.0,1.7380083799362183,-0.3916313946247101,0.5534244179725647,1.9102545976638794,0.5163221955299377
182.08599853515625,0.0,0.0,0.0,2.69413161277771,-0.5138821601867676,0.5561249852180481,3.1780130863189697,0.5136221647262573
747.2059936523438,0.0,0.0,0.0,3.9725871086120605,-0.32231512665748596,0.004747673869132996,3.916008234024048,-0.004521704278886318
998.1220092773438,0.0,0.0,0.0,2.3127734661102295,0.0013182924594730139,0.19818446040153503,2.5181219577789307,0.22165079414844513
500.385986328125,0.0,0.0,0.0,1.7599595785140991,-0.2849494218826294,0.42480260133743286,1.6132608652114868,0.36057308316230774
240.08599853515625,0.0,0.0,0.0,2.975766897201538,-0.19327592849731445,0.0662694200873375,2.8404183387756348,0.07112787663936615
488.70599365234375,0.0,0.0,0.0,3.5151095390319824,0.7360820174217224,-0.28965726494789124,3.710484743118286,-0.3319752514362335
328.3219909667969,0.0,0.0,0.0,4.390246868133545,0.3765876591205597,-0.08420444279909134,4.4779229164123535,0.0007662374409846961
546.2940063476562,0.0,0.0,0.0,3.177499532699585,-0.4216897785663605,0.1716127097606659,3.193816661834717,0.19728830456733704
762.3060302734375,0.0,0.0,0.0,2.8374862670898438,0.5379549264907837,-0.5017643570899963,3.1354317665100098,-0.5872130990028381
852.0059814453125,0.0,0.0,0.0,2.466561794281006,-0.08527694642543793,0.14813219010829926,2.905008554458618,0.11994604766368866
135.82200622558594,0.0,0.0,0.0,-0.0009589411783963442,0.0003147973620798439,-0.0018515265546739101,0.0,0.0
1015.2739868164062,0.0,0.0,0.0,3.7626953125,0.03109108842909336,-0.11239985376596451,3.305347442626953,-0.04171339422464371
154.37399291992188,0.0,0.0,0.0,3.0571229457855225,0.7820252180099487,-0.528178870677948,2.8487937450408936,-0.4901556074619293
734.0139770507812,0.0,0.0,0.0,3.652587890625,-0.5109541416168213,0.05455871298909187,3.4739456176757812,0.15099433064460754
743.2780151367188,0.0,0.0,0.0,4.501920223236084,-0.6400352120399475,0.1449338048696518,4.9206366539001465,0.12454614788293839
186.24200439453125,0.0,0.0,0.0,4.183886528015137,-0.31538644433021545,0.06962291151285172,4.01401424407959,0.10529841482639313
322.65399169921875,0.0,0.0,0.0,1.658931016921997,0.2774903476238251,-0.4497934877872467,1.8433880805969238,-0.463344007730484
885.1740112304688,0.0,0.0,0.0,3.857372283935547,0.3659862279891968,-0.10062279552221298,3.859804391860962,-0.11036898195743561
990.6060180664062,0.0,0.0,0.0,2.359947919845581,0.1499471664428711,-0.3337877094745636,2.6118533611297607,-0.2575650215148926
505.35400390625,0.0,0.0,0.0,3.3712425231933594,-0.42959415912628174,0.20745179057121277,3.5634164810180664,0.20987600088119507
400.6260070800781,0.0,0.0,0.0,3.6974380016326904,0.7709905505180359,-0.22729116678237915,4.1109795570373535,-0.210144504904747
578.1060180664062,0.0,0.0,0.0,2.284846067428589,0.6024076342582703,-0.513171374797821,2.6073715686798096,-0.51598060131073
783.4019775390625,0.0,0.0,0.0,3.199328899383545,0.4306769073009491,-0.2628171741962433,3.2889583110809326,-0.21523158252239227
983.0780029296875,0.0,0.0,0.0,2.517427444458008,0.7630736827850342,-0.6618553400039673,2.6525375843048096,-0.5878944396972656
252.8459930419922,0.0,0.0,0.0,4.0634331703186035,-0.8221827745437622,0.2450440526008606,4.386259078979492,0.2705004811286926
647.8179931640625,0.0,0.0,0.0,0.4089350700378418,-0.0019243549322709441,-0.013241547159850597,1.229142189025879,-0.01388798002153635
196.5780029296875,0.0,0.0,0.0,4.249623775482178,-0.5165573954582214,0.10995273292064667,4.92222785949707,0.08446662127971649
337.9779968261719,0.0,0.0,0.0,2.395165205001831,0.33100032806396484,-0.18240052461624146,2.462785243988037,-0.23076392710208893
954.4180297851562,0.0,0.0,0.0,4.292695045471191,0.1909736841917038,-0.026218801736831665,4.045217990875244,0.005532682407647371
872.9500122070312,0.0,0.0,0.0,4.0943684577941895,0.3029778003692627,-0.08178017288446426,4.275196552276611,-0.11640054732561111
592.2100219726562,0.0,0.0,0.0,3.188476085662842,0.31727418303489685,-0.24375635385513306,3.601314067840576,-0.3417866826057434
430.80999755859375,0.0,0.0,0.0,2.0333564281463623,-0.09054358303546906,-0.012107307091355324,2.045718193054199,-0.02161571942269802
468.7820129394531,0.0,0.0,0.0,4.162296772003174,-0.6842330694198608,0.41268396377563477,3.6548283100128174,0.4426455497741699
184.11000061035156,0.0,0.0,0.0,3.936044692993164,-0.5722439885139465,0.1648007035255432,4.1648454666137695,0.2042130082845688
796.3699951171875,0.0,0.0,0.0,2.9834325313568115,0.03612134978175163,0.0025156668853014708,3.121082067489624,-0.02145671471953392
343.79400634765625,0.0,0.0,0.0,2.7492270469665527,0.36681538820266724,-0.22234617173671722,3.250009059906006,-0.22450420260429382
701.6820068359375,0.0,0.0,0.0,2.825608491897583,0.43644556403160095,-0.32481732964515686,3.16160249710083,-0.3231692314147949
816.1420288085938,0.0,0.0,0.0,1.952535629272461,-0.13099680840969086,0.07771259546279907,2.1686553955078125,0.06860347092151642
170.64999389648438,0.0,0.0,0.0,1.7063573598861694,0.5057131052017212,-0.7171729207038879,1.8018821477890015,-0.6573273539543152
995.5419921875,0.0,0.0,0.0,3.3919498920440674,0.3408122956752777,-0.10432324558496475,2.65553879737854,-0.027852244675159454
546.4619750976562,0.0,0.0,0.0,3.099410057067871,-0.39131253957748413,0.14081506431102753,3.061408042907715,0.12006346136331558
730.6699829101562,0.0,0.0,0.0,3.9311420917510986,-0.31258970499038696,0.15616169571876526,4.17391300201416,0.2072993367910385
311.27801513671875,0.0,0.0,0.0,3.565532684326172,-0.026101121678948402,0.048301998525857925,3.150810956954956,0.01759239286184311
248.58200073242188,0.0,0.0,0.0,4.09243631362915,-0.6097288131713867,0.19396214187145233,4.588677406311035,0.145147904753685
993.3099975585938,0.0,0.0,0.0,3.471381187438965,0.5035938620567322,-0.23215413093566895,3.8807549476623535,-0.19878581166267395
795.6740112304688,0.0,0.0,0.0,2.8165342807769775,0.044238220900297165,-0.01328585296869278,2.971112012863159,-0.004202734678983688
1012.1220092773438,0.0,0.0,0.0,4.469710826873779,-0.5330578684806824,0.11846563965082169,4.650862693786621,0.07741217315196991
772.7979736328125,0.0,0.0,0.0,4.064802169799805,0.6502655744552612,-0.3888760507106781,4.194605827331543,-0.34505003690719604
956.9340209960938,0.0,0.0,0.0,2.8047873973846436,0.5094777941703796,-0.4216052293777466,2.853997230529785,-0.41635897755622864
297.114013671875,0.0,0.0,0.0,1.8140023946762085,0.43308478593826294,-0.584025502204895,1.9266271591186523,-0.5461083650588989
502.7659912109375,0.0,0.0,0.0,2.1204888820648193,-0.3181706666946411,0.46805182099342346,2.524536371231079,0.5320177674293518
260.27398681640625,0.0,0.0,0.0,4.006406784057617,0.027400370687246323,-0.00423263618722558,3.9830238819122314,-0.022739479318261147
773.9940185546875,0.0,0.0,0.0,4.0224690437316895,0.8915289640426636,-0.342210054397583,4.461031436920166,-0.3246871531009674
854.3980102539062,0.0,0.0,0.0,3.5117616653442383,-0.34310370683670044,0.1087646335363388,3.775987386703491,0.11976057291030884
203.26199340820312,0.0,0.0,0.0,4.584832191467285,0.03450813889503479,-0.04514280706644058,4.720438003540039,0.06600658595561981
698.0180053710938,0.0,0.0,0.0,1.7940226793289185,-0.10313090682029724,0.23195739090442657,2.0793330669403076,0.2285664677619934
573.9940185546875,0.0,0.0,0.0,4.473316192626953,0.271038293838501,-0.0971868634223938,4.8830695152282715,-0.06012631952762604
949.6820068359375,0.0,0.0,0.0,4.6568803787231445,-0.31031981110572815,0.059573668986558914,4.667159557342529,0.07266481965780258
870.2979736328125,0.0,0.0,0.0,3.650171995162964,0.8189916610717773,-0.3133464753627777,4.068102836608887,-0.24329718947410583
319.2860107421875,0.0,0.0,0.0,1.8685119152069092,0.248773992061615,-0.40935346484184265,1.8844338655471802,-0.32796838879585266
692.1820068359375,0.0,0.0,0.0,4.2632060050964355,-0.4363640546798706,0.06949315965175629,4.570974826812744,0.009681185707449913
832.2739868164062,0.0,0.0,0.0,4.301013469696045,0.17038476467132568,-0.005137197207659483,4.243703365325928,0.009184807538986206
334.1180114746094,0.0,0.0,0.0,1.8998072147369385,0.1882658302783966,-0.3202069401741028,1.9672411680221558,-0.3101993203163147
970.1339721679688,0.0,0.0,0.0,2.717761278152466,0.46040546894073486,-0.2570478618144989,3.181568145751953,-0.28926798701286316
543.3380126953125,0.0,0.0,0.0,3.775519847869873,-0.8719273805618286,0.387885719537735,3.972839832305908,0.350318968296051
135.26600646972656,0.0,0.0,0.0,-0.0020710621029138565,0.0007022793870419264,0.0007508575799874961,0.0,0.0
132.52200317382812,0.0,0.0,0.0,-0.0018951221136376262,0.0005733875441364944,-0.000383591977879405,0.0,0.0
747.7739868164062,0.0,0.0,0.0,3.881669521331787,-0.2072886973619461,0.036202117800712585,4.179188251495361,0.030862750485539436
260.58599853515625,0.0,0.0,0.0,4.0687785148620605,0.03255472704768181,-0.017410067841410637,4.445350170135498,-0.09231143444776535
588.5139770507812,0.0,0.0,0.0,1.8088027238845825,-0.4580140709877014,0.6070730686187744,1.9300041198730469,0.5763130784034729
802.0900268554688,0.0,0.0,0.0,4.028990268707275,0.735553503036499,-0.24201929569244385,3.7160351276397705,-0.38688838481903076
645.114013671875,0.0,0.0,0.0,3.5764427185058594,0.5759260654449463,-0.22878867387771606,4.280033588409424,-0.28238487243652344
594.5540161132812,0.0,0.0,0.0,4.0802998542785645,0.4312439262866974,-0.15052087604999542,4.463859558105469,-0.13436423242092133
812.1820068359375,0.0,0.0,0.0,4.137273788452148,0.09660875052213669,0.061544470489025116,4.034435272216797,0.08040935546159744
333.5780029296875,0.0,0.0,0.0,1.988047480583191,0.06414925307035446,-0.23487727344036102,1.6666080951690674,-0.23771896958351135
880.406005859375,0.0,0.0,0.0,2.011077880859375,0.38657674193382263,-0.5190553069114685,2.3165810108184814,-0.5592604279518127
525.166015625,0.0,0.0,0.0,2.8191792964935303,0.3908209204673767,-0.1486423909664154,2.501300811767578,-0.10020312666893005
720.8820190429688,0.0,0.0,0.0,4.114135265350342,0.2770429849624634,-0.16891278326511383,4.433400630950928,-0.12043300271034241
412.302001953125,0.0,0.0,0.0,2.7335617542266846,0.4726325273513794,-0.2641737461090088,2.8680272102355957,-0.2869870364665985
711.3060302734375,0.0,0.0,0.0,3.242058038711548,0.8559699654579163,-0.45677533745765686,4.001993179321289,-0.4593656361103058
466.70599365234375,0.0,0.0,0.0,3.573800802230835,-0.5982010364532471,0.28436869382858276,4.009908676147461,0.3181875944137573
271.3500061035156,0.0,0.0,0.0,3.5610859394073486,0.03476075083017349,0.01652097888290882,3.851428747177124,-0.1313072293996811
353.9020080566406,0.0,0.0,0.0,2.1649041175842285,0.3139447569847107,-0.4153045117855072,2.3743631839752197,-0.37913379073143005
334.010009765625,0.0,0.0,0.0,1.9157030582427979,0.17286373674869537,-0.36604249477386475,1.9118601083755493,-0.30155864357948303
745.3380126953125,0.0,0.0,0.0,4.47194242477417,-0.35345402359962463,0.13545803725719452,4.2068586349487305,0.14686374366283417
607.0859985351562,0.0,0.0,0.0,4.271703243255615,-0.6686339974403381,0.20867127180099487,4.7154998779296875,0.10688574612140656
380.1419982910156,0.0,0.0,0.0,3.0401594638824463,-0.059196799993515015,0.04771358519792557,2.765181064605713,0.06804703176021576
592.3380126953125,0.0,0.0,0.0,3.2323803901672363,0.33754923939704895,-0.2569834887981415,3.513343334197998,-0.2645367980003357
402.1860046386719,0.0,0.0,0.0,3.633596420288086,0.3538943827152252,-0.021026436239480972,3.5668370723724365,-0.01247895136475563
989.4660034179688,0.0,0.0,0.0,2.5416505336761475,-0.27909016609191895,0.22591017186641693,2.3219921588897705,0.17254363000392914
947.75,0.0,0.0,0.0,4.447887420654297,-0.6032066345214844,0.13837182521820068,4.969516754150391,0.12642137706279755
833.6820068359375,0.0,0.0,0.0,4.296632289886475,0.23943005502223969,-0.24360841512680054,4.006340980529785,-0.32652366161346436
422.4100036621094,0.0,0.0,0.0,3.7692954540252686,0.7469993829727173,-0.36707931756973267,4.298748016357422,-0.33328425884246826
938.1259765625,0.0,0.0,0.0,1.5088715553283691,-0.11782526224851608,0.3475276827812195,1.5969122648239136,0.32396697998046875
509.98199462890625,0.0,0.0,0.0,2.889755964279175,-0.4012446701526642,0.23110869526863098,2.5835931301116943,0.2596616744995117
831.1099853515625,0.0,0.0,0.0,3.925295352935791,0.28908050060272217,-0.14863091707229614,4.065658092498779,-0.0876176506280899
356.75,0.0,0.0,0.0,3.4333977699279785,0.5153358578681946,-0.24360541999340057,3.993389844894409,-0.25195109844207764
463.6820068359375,0.0,0.0,0.0,2.456663131713867,-0.4529002606868744,0.420053094625473,2.8636271953582764,0.4702674448490143
269.12200927734375,0.0,0.0,0.0,2.124528408050537,-0.4389286935329437,0.4603845179080963,2.5039026737213135,0.32786843180656433
489.01800537109375,0.0,0.0,0.0,3.465214490890503,0.670947253704071,-0.2994006872177124,3.602403402328491,-0.38424816727638245
925.3419799804688,0.0,0.0,0.0,3.3568520545959473,-0.672868549823761,0.2770962119102478,4.215029239654541,0.37148791551589966
884.677978515625,0.0,0.0,0.0,3.908618688583374,0.4761089086532593,-0.10488250106573105,4.002926349639893,-0.15632209181785583
719.0139770507812,0.0,0.0,0.0,3.431506633758545,0.33772018551826477,-0.12539316713809967,4.274980068206787,-0.21662944555282593
674.02197265625,0.0,0.0,0.0,2.6450998783111572,-0.8735002279281616,0.6289916634559631,2.987415075302124,0.7028497457504272
935.8619995117188,0.0,0.0,0.0,2.3990023136138916,0.14507941901683807,-0.009174395352602005,2.167273998260498,0.002011460019275546
1026.241943359375,0.0,0.0,0.0,3.8069405555725098,0.8501297831535339,-0.29445427656173706,4.135674476623535,-0.3393755555152893
312.2860107421875,0.0,0.0,0.0,2.9423201084136963,0.016542399302124977,-0.013676512986421585,2.7625198364257812,-0.04557472839951515
683.8259887695312,0.0,0.0,0.0,1.2303575277328491,-0.015467759221792221,0.08025414496660233,1.7824349403381348,0.07543355226516724
274.30999755859375,0.0,0.0,0.0,2.886706590652466,0.05653282627463341,-0.008823533542454243,2.9668588638305664,-0.05297045782208443
917.9539794921875,0.0,0.0,0.0,3.6858835220336914,-0.35559961199760437,0.2716110348701477,3.7554829120635986,0.22440533339977264
699.3140258789062,0.0,0.0,0.0,2.6103780269622803,-0.3563897907733917,0.32823312282562256,3.1849210262298584,0.3780084252357483
375.69000244140625,0.0,0.0,0.0,3.567476272583008,-0.3453507125377655,0.1832708716392517,3.769411087036133,0.1094047874212265
1009.9099731445312,0.0,0.0,0.0,3.981541156768799,-0.8712667226791382,0.33738523721694946,4.704052448272705,0.3863099217414856
939.5540161132812,0.0,0.0,0.0,1.6161611080169678,-0.2440839260816574,0.4399944841861725,1.8076828718185425,0.43863722681999207
741.7139892578125,0.0,0.0,0.0,4.075069904327393,-0.8311848044395447,0.2475409209728241,4.786787033081055,0.2865014970302582
804.9459838867188,0.0,0.0,0.0,3.046072483062744,0.6351964473724365,-0.2737416625022888,3.5068728923797607,-0.3255329132080078
434.3219909667969,0.0,0.0,0.0,3.296804428100586,0.26737505197525024,-0.12087550014257431,3.5065126419067383,-0.1460787057876587
167.9219970703125,0.0,0.0,0.0,1.9350571632385254,0.4869440793991089,-0.6043968796730042,2.312998056411743,-0.6475201845169067
330.489990234375,0.0,0.0,0.0,3.655447006225586,-0.008190165273845196,-0.009783384390175343,3.6883602142333984,-0.08697328716516495
850.25,0.0,0.0,0.0,2.1122379302978516,0.25531354546546936,-0.1745348572731018,1.9450392723083496,-0.22994346916675568
557.3699951171875,0.0,0.0,0.0,1.9609490633010864,0.4110364317893982,-0.5171219706535339,2.191932201385498,-0.5191945433616638
361.5459899902344,0.0,0.0,0.0,1.9710171222686768,-0.46384742856025696,0.5090691447257996,2.1703906059265137,0.5764515399932861
810.7620239257812,0.0,0.0,0.0,4.1589555740356445,0.5885477662086487,-0.28246137499809265,4.2726569175720215,-0.13788922131061554
469.75,0.0,0.0,0.0,3.682494640350342,-1.0965369939804077,0.4808167517185211,3.7778637409210205,0.5284980535507202
531.9140014648438,0.0,0.0,0.0,1.9209519624710083,0.4060273766517639,-0.3603208661079407,2.222184181213379,-0.40132319927215576
288.0740051269531,0.0,0.0,0.0,3.5364058017730713,-0.7393146753311157,0.6273267269134521,2.675671100616455,0.5910253524780273
643.4180297851562,0.0,0.0,0.0,2.5374386310577393,0.43958237767219543,-0.39564961194992065,3.1206514835357666,-0.40591326355934143
468.12200927734375,0.0,0.0,0.0,4.169602394104004,-0.46272966265678406,0.1769770085811615,4.379427909851074,0.26497340202331543
521.1820068359375,0.0,0.0,0.0,3.2329626083374023,0.892998218536377,-0.5131967663764954,3.7446038722991943,-0.3933420777320862
354.7980041503906,0.0,0.0,0.0,2.4554264545440674,0.4118306338787079,-0.43752309679985046,2.8304290771484375,-0.43498989939689636
740.4660034179688,0.0,0.0,0.0,3.897827386856079,-0.8502036333084106,0.3018704652786255,4.63981294631958,0.3215397000312805
387.72198486328125,0.0,0.0,0.0,3.32871150970459,-0.7816872596740723,0.3253709375858307,3.61411452293396,0.25074446201324463
177.0780029296875,0.0,0.0,0.0,3.236682176589966,-0.4168965220451355,0.1851550042629242,3.0672402381896973,0.14489686489105225
703.4459838867188,0.0,0.0,0.0,2.8364577293395996,0.38872358202934265,-0.24847452342510223,2.956105947494507,-0.26744794845581055
365.0140075683594,0.0,0.0,0.0,3.2179839611053467,-0.6707835793495178,0.350090354681015,3.591540813446045,0.30428969860076904
202.4459991455078,0.0,0.0,0.0,4.662743091583252,-0.02714703045785427,-0.03450656682252884,4.523746967315674,0.025358088314533234
198.00999450683594,0.0,0.0,0.0,4.572966575622559,-0.31252995133399963,0.024915870279073715,4.7933173179626465,-0.07074393332004547
265.77398681640625,0.0,0.0,0.0,1.4314919710159302,-0.16366218030452728,0.35210877656936646,1.4301507472991943,0.3524419963359833
727.9459838867188,0.0,0.0,0.0,2.9500157833099365,-0.13663625717163086,0.16436755657196045,3.2586395740509033,0.13551074266433716
877.7420043945312,0.0,0.0,0.0,1.4209699630737305,0.16330748796463013,-0.3946132957935333,1.5833028554916382,-0.38371410965919495
653.593994140625,0.0,0.0,0.0,2.4019360542297363,-0.4180665612220764,0.5260101556777954,1.9614182710647583,0.41662895679473877
670.218017578125,0.0,0.0,0.0,1.7836902141571045,-0.232535257935524,0.40737345814704895,1.8523991107940674,0.4132038652896881
615.8499755859375,0.0,0.0,0.0,1.3801300525665283,-0.13676351308822632,0.02703951485455036,0.0,0.0
1014.9660034179688,0.0,0.0,0.0,3.914818286895752,-0.02132239006459713,0.006284936331212521,3.8226211071014404,-0.019371429458260536
964.9099731445312,0.0,0.0,0.0,3.0146546363830566,0.7536128759384155,-0.3605981171131134,3.200244665145874,-0.37766045331954956
784.2780151367188,0.0,0.0,0.0,3.0875911712646484,0.4143809974193573,-0.2662414610385895,3.2266123294830322,-0.3310765326023102
1031.802001953125,0.0,0.0,0.0,2.0804386138916016,0.48724690079689026,-0.5953821539878845,2.4372851848602295,-0.6147809028625488
554.0859985351562,0.0,0.0,0.0,2.3831002712249756,0.45901307463645935,-0.4240942895412445,2.768998861312866,-0.49555090069770813
530.6740112304688,0.0,0.0,0.0,2.0291857719421387,0.27391213178634644,-0.31365084648132324,2.258394956588745,-0.30532410740852356
955.6060180664062,0.0,0.0,0.0,3.590099573135376,0.14097194373607635,-0.00519568519666791,3.285621404647827,-0.10577157139778137
587.7739868164062,0.0,0.0,0.0,1.9041882753372192,-0.5509318709373474,0.6269248723983765,2.0262362957000732,0.649421751499176
155.7899932861328,0.0,0.0,0.0,2.7042605876922607,0.7019477486610413,-0.5287310481071472,2.483081102371216,-0.5484429001808167
437.8819885253906,0.0,0.0,0.0,2.313786029815674,0.09075592458248138,-0.11506451666355133,2.1386661529541016,-0.10069973021745682
147.38600158691406,0.0,0.0,0.0,4.072432041168213,0.04353772848844528,0.011095731519162655,4.359312057495117,0.0009188538533635437
685.666015625,0.0,0.0,0.0,2.7377238273620605,-0.24514281749725342,0.18653538823127747,3.1259636878967285,0.22383229434490204
193.18600463867188,0.0,0.0,0.0,2.4241087436676025,-0.47163718938827515,0.4550590515136719,2.902871608734131,0.4768286943435669
792.6259765625,0.0,0.0,0.0,3.764129161834717,0.27946528792381287,-0.04620399698615074,3.3412725925445557,-0.014513108879327774
884.2659912109375,0.0,0.0,0.0,3.8918797969818115,0.5921229720115662,-0.17955678701400757,3.9635462760925293,-0.12779518961906433
919.3419799804688,0.0,0.0,0.0,3.6863324642181396,-0.42667922377586365,0.18071797490119934,3.5274062156677246,0.15600216388702393
617.3740234375,0.0,0.0,0.0,0.6739878058433533,0.013520830310881138,-0.07770369946956635,1.0589134693145752,-0.07408802211284637
202.90199279785156,0.0,0.0,0.0,4.586185455322266,0.011465371586382389,-0.029582099989056587,4.955262184143066,-0.0630580261349678
767.3740234375,0.0,0.0,0.0,3.325204610824585,0.274192214012146,-0.13873496651649475,3.6429667472839355,-0.06843530386686325
714.7780151367188,0.0,0.0,0.0,3.0744330883026123,-0.7238481044769287,0.41793450713157654,3.1396102905273438,0.36384525895118713
620.0819702148438,0.0,0.0,0.0,1.772743821144104,0.0695783793926239,-0.11216352134943008,1.8705917596817017,-0.09704730659723282
682.7420043945312,0.0,0.0,0.0,-0.006713340058922768,-0.000710311287548393,0.000838307838421315,0.0,0.0
217.7740020751953,0.0,0.0,0.0,2.001070022583008,0.3747476637363434,-0.543756902217865,2.364788293838501,-0.5594521760940552
309.0580139160156,0.0,0.0,0.0,4.226044178009033,-0.31216588616371155,0.06506002694368362,4.506180763244629,0.04296162724494934
244.04200744628906,0.0,0.0,0.0,2.2491602897644043,-0.39834168553352356,0.40599724650382996,2.639657735824585,0.4357932209968567
953.177978515625,0.0,0.0,0.0,4.617187976837158,0.3725404441356659,-0.09816080331802368,4.781186580657959,-0.046082280576229095
737.2659912109375,0.0,0.0,0.0,3.1752820014953613,-0.43842342495918274,0.22101399302482605,3.2907233238220215,0.23746150732040405
381.010009765625,0.0,0.0,0.0,2.711790084838867,-0.1956435889005661,0.17831993103027344,2.597886800765991,0.18259313702583313
569.27001953125,0.0,0.0,0.0,3.145369052886963,1.0292115211486816,-0.6363723278045654,3.149071216583252,-0.5882233381271362
820.9819946289062,0.0,0.0,0.0,3.2110023498535156,-0.7690953612327576,0.47015199065208435,3.734262466430664,0.4335450232028961
805.8140258789062,0.0,0.0,0.0,3.379666805267334,0.5921224355697632,-0.25050899386405945,4.024913787841797,-0.29880818724632263
610.0460205078125,0.0,0.0,0.0,4.676308631896973,-0.12662218511104584,-0.06811267137527466,5.087875843048096,0.0034335663076490164
929.2659912109375,0.0,0.0,0.0,3.540386199951172,0.5107296109199524,-0.34090355038642883,3.238574981689453,-0.3336387574672699
1005.2979736328125,0.0,0.0,0.0,3.8769447803497314,-0.8024314641952515,0.22210511565208435,4.177480697631836,0.2222546637058258
354.9020080566406,0.0,0.0,0.0,2.501742362976074,0.4151152968406677,-0.4404190182685852,2.8763701915740967,-0.47937139868736267
500.75799560546875,0.0,0.0,0.0,1.5942835807800293,-0.26246291399002075,0.40705522894859314,1.781511664390564,0.42095327377319336
825.6099853515625,0.0,0.0,0.0,2.397768259048462,0.5022121667861938,-0.48888304829597473,2.53825306892395,-0.48016121983528137
994.4819946289062,0.0,0.0,0.0,3.857353448867798,0.484764039516449,-0.14302361011505127,4.107862949371338,-0.08715797960758209
756.5339965820312,0.0,0.0,0.0,1.9896334409713745,0.08873122185468674,-0.09908892959356308,2.158703088760376,-0.11097761243581772
921.530029296875,0.0,0.0,0.0,2.9747653007507324,-0.34128278493881226,0.27035075426101685,2.579084873199463,0.27446088194847107
386.37799072265625,0.0,0.0,0.0,3.3862149715423584,-0.8462221026420593,0.5104944109916687,3.704035520553589,0.4098919630050659
620.8140258789062,0.0,0.0,0.0,1.8941354751586914,0.07975874096155167,-0.10910072177648544,1.9400233030319214,-0.07667648792266846
600.7780151367188,0.0,0.0,0.0,2.269666910171509,-0.6655451655387878,0.6073972582817078,2.198056697845459,0.6471062302589417
502.4100036621094,0.0,0.0,0.0,1.9653267860412598,-0.2906716763973236,0.4000582993030548,2.284083366394043,0.487875372171402
760.5419921875,0.0,0.0,0.0,2.6263275146484375,0.1565256416797638,-0.19409166276454926,2.9321749210357666,-0.18152113258838654
532.2540283203125,0.0,0.0,0.0,1.9799138307571411,0.41185733675956726,-0.4393302798271179,2.309115171432495,-0.5625444650650024
346.0820007324219,0.0,0.0,0.0,3.04714298248291,0.33812323212623596,-0.13091842830181122,2.7524197101593018,-0.05089833587408066
888.6820068359375,0.0,0.0,0.0,2.6983985900878906,-0.5335382223129272,0.3659667670726776,2.991184711456299,0.3720354437828064
544.6420288085938,0.0,0.0,0.0,3.5601866245269775,-0.8176350593566895,0.4424671232700348,3.903585433959961,0.3163224756717682
835.4340209960938,0.0,0.0,0.0,3.200206995010376,0.9691256284713745,-0.6083987355232239,3.7498199939727783,-0.5494946837425232
624.5859985351562,0.0,0.0,0.0,2.7016079425811768,0.22257788479328156,-0.16642563045024872,2.61563777923584,-0.17785628139972687
593.0180053710938,0.0,0.0,0.0,3.5437240600585938,0.4506637752056122,-0.26757699251174927,3.871807336807251,-0.2433210164308548
1008.2420043945312,0.0,0.0,0.0,4.00349235534668,-0.6828575134277344,0.2804768979549408,4.216628551483154,0.2894819378852844
275.2139892578125,0.0,0.0,0.0,2.483031988143921,0.028477469459176064,0.03704509139060974,2.3545374870300293,0.11881835013628006
231.8780059814453,0.0,0.0,0.0,1.5943496227264404,0.30872732400894165,-0.5632681250572205,1.7128362655639648,-0.5769647359848022
774.8460083007812,0.0,0.0,0.0,4.221466064453125,0.7253077030181885,-0.18746648728847504,4.472324371337891,-0.18750379979610443
919.8779907226562,0.0,0.0,0.0,3.644148111343384,-0.3877362608909607,0.16896118223667145,3.6253793239593506,0.1522892862558365
170.54600524902344,0.0,0.0,0.0,1.7408052682876587,0.5278858542442322,-0.7071549892425537,1.8374645709991455,-0.7023763656616211
296.7820129394531,0.0,0.0,0.0,1.7489677667617798,0.4359263777732849,-0.5755070447921753,1.9178141355514526,-0.6493446230888367
200.36599731445312,0.0,0.0,0.0,4.690469264984131,0.08241666853427887,0.012737645767629147,4.785344123840332,-0.04638569802045822
379.2900085449219,0.0,0.0,0.0,3.604203224182129,-0.08933531492948532,0.06545580178499222,3.0927486419677734,0.043425075709819794
895.6820068359375,0.0,0.0,0.0,2.38523006439209,-0.47656333446502686,0.5383756756782532,2.9376795291900635,0.5483450889587402
748.4459838867188,0.0,0.0,0.0,3.597064733505249,-0.031195105984807014,-0.09307055920362473,3.0303361415863037,-0.1236974373459816
325.34600830078125,0.0,0.0,0.0,3.238175630569458,0.5868682861328125,-0.4046615660190582,3.772087335586548,-0.30227425694465637
177.3300018310547,0.0,0.0,0.0,3.1983492374420166,-0.3829333782196045,0.1597597897052765,3.1647379398345947,0.15309080481529236
891.2979736328125,0.0,0.0,0.0,2.615070104598999,-0.4213530719280243,0.26948651671409607,2.037875175476074,0.28444552421569824
773.677978515625,0.0,0.0,0.0,4.007344722747803,0.8415110111236572,-0.36416295170783997,4.3995137214660645,-0.3755713105201721
840.1099853515625,0.0,0.0,0.0,1.5709439516067505,0.20385456085205078,-0.3707040250301361,1.7744879722595215,-0.37518033385276794
619.9500122070312,0.0,0.0,0.0,1.755833387374878,0.08685759454965591,-0.09473030269145966,1.8350976705551147,-0.10207381099462509
666.3060302734375,0.0,0.0,0.0,2.8064815998077393,-0.14919424057006836,0.013034684583544731,0.0,0.0
561.3660278320312,0.0,0.0,0.0,3.7992231845855713,0.7950215935707092,-0.3444763720035553,4.456056118011475,-0.24868838489055634
371.70599365234375,0.0,0.0,0.0,4.176235198974609,-0.14837431907653809,-0.003684710245579481,4.00995397567749,0.03384440019726753
819.8900146484375,0.0,0.0,0.0,3.520648956298828,-0.41651302576065063,0.32935506105422974,3.6588711738586426,0.3355913758277893
236.82200622558594,0.0,0.0,0.0,3.2038679122924805,-0.5260165929794312,0.2743331789970398,3.41076922416687,0.27913621068000793
749.9459838867188,0.0,0.0,0.0,2.608370304107666,0.22172066569328308,-0.1341417133808136,2.417902708053589,-0.17960569262504578
985.47802734375,0.0,0.0,0.0,3.263720989227295,0.6868113279342651,-0.32597440481185913,3.640618085861206,-0.3893902897834778
479.34600830078125,0.0,0.0,0.0,3.1822009086608887,0.32413530349731445,-0.1590776890516281,3.4971139430999756,-0.12465143203735352
676.9500122070312,0.0,0.0,0.0,2.0311484336853027,-0.6741732954978943,0.6484006643295288,2.4003984928131104,0.6100682616233826
213.1739959716797,0.0,0.0,0.0,3.977632999420166,0.36081865429878235,-0.04037608206272125,3.854198932647705,-0.04650111496448517
493.197998046875,0.0,0.0,0.0,1.9109939336776733,-0.05775071680545807,0.04071762040257454,1.852047085762024,0.11197758466005325
245.6179962158203,0.0,0.0,0.0,2.608222246170044,-0.7099046111106873,0.5739750862121582,3.052232265472412,0.6232680678367615
195.42999267578125,0.0,0.0,0.0,3.8356122970581055,-0.6509668231010437,0.21846714615821838,4.465120792388916,0.2328304499387741
369.85400390625,0.0,0.0,0.0,4.309118270874023,-0.5094041228294373,0.1163095086812973,4.668305397033691,0.1419019252061844
882.2420043945312,0.0,0.0,0.0,2.9789812564849854,0.6454289555549622,-0.3992665112018585,3.7700178623199463,-0.41722214221954346
182.21400451660156,0.0,0.0,0.0,2.7838127613067627,-0.5552839636802673,0.5003227591514587,3.2935991287231445,0.42145052552223206
156.8260040283203,0.0,0.0,0.0,2.260183095932007,0.7334412336349487,-0.6643101572990417,2.676755666732788,-0.6484885215759277
949.1300048828125,0.0,0.0,0.0,4.603860855102539,-0.4142543077468872,0.08627583086490631,4.971155166625977,0.0659976527094841
306.2860107421875,0.0,0.0,0.0,3.3818488121032715,-0.5061414241790771,0.23379068076610565,4.123928546905518,0.2817121148109436
713.2739868164062,0.0,0.0,0.0,3.7226154804229736,0.2880750000476837,0.2248259037733078,3.598637342453003,0.3164249360561371
789.5579833984375,0.0,0.0,0.0,4.105443000793457,0.7650190591812134,-0.3129802346229553,4.359239101409912,-0.24770572781562805
299.01800537109375,0.0,0.0,0.0,2.3688273429870605,0.5462765097618103,-0.6409023404121399,2.660353422164917,-0.6272979974746704
472.0140075683594,0.0,0.0,0.0,3.7994985580444336,-0.7271509766578674,0.2323025017976761,3.8900303840637207,0.21426711976528168
149.31399536132812,0.0,0.0,0.0,2.944035053253174,0.4081142246723175,-0.4473075568675995,2.5031914710998535,-0.39823266863822937
809.0780029296875,0.0,0.0,0.0,3.939011573791504,0.7874119281768799,-0.25016629695892334,4.452708721160889,-0.22935838997364044
139.48599243164062,0.0,0.0,0.0,2.97251033782959,0.29302921891212463,-0.23361188173294067,3.198108434677124,-0.1562550961971283
572.9180297851562,0.0,0.0,0.0,4.259003162384033,0.5451480150222778,-0.141551211476326,4.913559913635254,-0.09146829694509506
430.1419982910156,0.0,0.0,0.0,2.270042657852173,-0.11313989758491516,0.024766458198428154,2.163132905960083,0.030267274007201195
670.322021484375,0.0,0.0,0.0,1.7951792478561401,-0.24061088263988495,0.4210357069969177,2.031325101852417,0.4386420249938965
497.5459899902344,0.0,0.0,0.0,2.601860761642456,-0.3542029559612274,0.24846355617046356,2.828861713409424,0.32833728194236755
210.8820037841797,0.0,0.0,0.0,3.790532112121582,0.7133354544639587,-0.2443908303976059,4.4737982749938965,-0.2621224522590637
762.4140014648438,0.0,0.0,0.0,2.8318967819213867,0.5698128342628479,-0.48310044407844543,3.0056426525115967,-0.5718488693237305
536.2860107421875,0.0,0.0,0.0,3.795956611633301,0.6832739114761353,-0.2869507670402527,4.154737949371338,-0.32222214341163635
472.37799072265625,0.0,0.0,0.0,3.7074525356292725,-0.647391676902771,0.1942320466041565,3.610518217086792,0.16918055713176727
490.3139953613281,0.0,0.0,0.0,3.0675363540649414,0.42088043689727783,-0.27537834644317627,3.069972038269043,-0.23156730830669403
325.12200927734375,0.0,0.0,0.0,3.060863733291626,0.5605205297470093,-0.3425537943840027,3.7783596515655518,-0.38681671023368835
297.19000244140625,0.0,0.0,0.0,1.8060986995697021,0.43468916416168213,-0.541746199131012,2.0174338817596436,-0.6254053711891174
441.12200927734375,0.0,0.0,0.0,1.4425679445266724,-0.003214496187865734,-0.20159173011779785,1.5153493881225586,-0.2551348805427551
663.2139892578125,0.0,0.0,0.0,3.3688039779663086,-0.5882549285888672,0.3209115266799927,3.774919271469116,0.35338324308395386
489.9540100097656,0.0,0.0,0.0,3.1475820541381836,0.4781704246997833,-0.2683274447917938,3.528031349182129,-0.33176136016845703
185.98599243164062,0.0,0.0,0.0,4.265275955200195,-0.3351432979106903,0.05125761404633522,4.165598392486572,0.07447226345539093
710.72998046875,0.0,0.0,0.0,2.837536573410034,0.8012243509292603,-0.5651895403862,3.7376530170440674,-0.6251012682914734
321.6419982910156,0.0,0.0,0.0,1.5511806011199951,0.2541881501674652,-0.4540327191352844,1.7853754758834839,-0.5633969902992249
812.510009765625,0.0,0.0,0.0,4.059652805328369,-0.010345389135181904,0.09262488782405853,3.6541075706481934,0.05769917741417885
661.8499755859375,0.0,0.0,0.0,2.5521934032440186,-0.4505840241909027,0.38696175813674927,2.919072389602661,0.3833114206790924
555.9219970703125,0.0,0.0,0.0,1.73318612575531,0.4564613699913025,-0.6346863508224487,1.766191840171814,-0.4999896287918091
204.4219970703125,0.0,0.0,0.0,4.022593021392822,0.07947998493909836,-0.11522335559129715,3.239673614501953,-0.14266058802604675
530.7739868164062,0.0,0.0,0.0,2.05342698097229,0.2995901107788086,-0.2629937529563904,1.9675178527832031,-0.25365352630615234
156.1219940185547,0.0,0.0,0.0,2.4673516750335693,0.7205208539962769,-0.6058968901634216,2.3703951835632324,-0.5942210555076599
440.5740051269531,0.0,0.0,0.0,1.6192649602890015,-0.05517128109931946,-0.018023882061243057,1.4699985980987549,-0.014469966292381287
370.2860107421875,0.0,0.0,0.0,4.369071960449219,-0.43710172176361084,0.09923619776964188,4.610752582550049,0.10300501435995102
887.2059936523438,0.0,0.0,0.0,2.764268398284912,-0.2727709114551544,0.3850996792316437,2.730161666870117,0.3869439959526062
362.906005859375,0.0,0.0,0.0,2.062260150909424,-0.4567868411540985,0.49984559416770935,2.458948850631714,0.47674205899238586
869.47802734375,0.0,0.0,0.0,3.0719852447509766,0.8534145355224609,-0.45160043239593506,3.770427703857422,-0.45217856764793396
917.7459716796875,0.0,0.0,0.0,3.7239468097686768,-0.25956016778945923,0.3305411636829376,3.6834375858306885,0.28468143939971924
155.52200317382812,0.0,0.0,0.0,2.723273277282715,0.7458762526512146,-0.47615379095077515,2.8928353786468506,-0.4509163498878479
458.4739990234375,0.0,0.0,0.0,2.5664992332458496,-0.08317641913890839,0.06434018164873123,2.9539451599121094,0.03531113266944885
190.0540008544922,0.0,0.0,0.0,2.2371292114257812,-0.12498071044683456,0.2543833255767822,1.850339651107788,0.2561534345149994
507.89801025390625,0.0,0.0,0.0,3.7054355144500732,-0.165411114692688,0.03361991420388222,3.6658360958099365,0.022020423784852028
196.3699951171875,0.0,0.0,0.0,4.196899890899658,-0.5555930137634277,0.1382196545600891,4.332404613494873,0.08883857727050781
631.4500122070312,0.0,0.0,0.0,4.326571941375732,0.5617905259132385,-0.09216038137674332,4.535452842712402,-0.12697649002075195
679.3419799804688,0.0,0.0,0.0,1.8612648248672485,-0.54997718334198,0.720734715461731,2.222506046295166,0.7605903744697571
840.010009765625,0.0,0.0,0.0,1.5672335624694824,0.2025345414876938,-0.34641531109809875,1.5651544332504272,-0.3298521637916565
250.38600158691406,0.0,0.0,0.0,4.062453746795654,-0.7512980699539185,0.4714414179325104,4.045688629150391,0.42645686864852905
376.7460021972656,0.0,0.0,0.0,3.8676202297210693,-0.31242361664772034,0.09411914646625519,4.027406215667725,0.10815010219812393
484.51800537109375,0.0,0.0,0.0,3.2146315574645996,0.7687104344367981,-0.3415435552597046,3.2426693439483643,-0.28683796525001526
492.08599853515625,0.0,0.0,0.0,2.391148090362549,0.061319366097450256,-0.0020209867507219315,2.2298388481140137,-0.0027726981788873672
841.1220092773438,0.0,0.0,0.0,1.877493143081665,0.30031847953796387,-0.4308360517024994,2.1871635913848877,-0.48867008090019226
474.7099914550781,0.0,0.0,0.0,2.7439279556274414,-0.029090851545333862,-0.07693368196487427,2.429455041885376,-0.00619843602180481
249.69000244140625,0.0,0.0,0.0,4.388864994049072,-0.37739697098731995,0.14859196543693542,4.527764797210693,0.19578664004802704
943.7739868164062,0.0,0.0,0.0,3.106830596923828,-0.8571821451187134,0.49068495631217957,3.775956869125366,0.40882834792137146
938.3419799804688,0.0,0.0,0.0,1.5291188955307007,-0.15268166363239288,0.34087398648262024,1.530002236366272,0.3751794993877411
415.79400634765625,0.0,0.0,0.0,3.6004607677459717,0.8542426824569702,-0.3638973832130432,3.861830234527588,-0.2619718313217163
864.510009765625,0.0,0.0,0.0,3.621039867401123,-1.0825090408325195,0.46517103910446167,4.285318851470947,0.4409342110157013
561.469970703125,0.0,0.0,0.0,3.8325839042663574,0.8099240064620972,-0.3153805434703827,4.128087997436523,-0.20546157658100128
481.5459899902344,0.0,0.0,0.0,3.7223517894744873,0.7442845106124878,-0.3287893533706665,3.733401298522949,-0.40459710359573364
608.0859985351562,0.0,0.0,0.0,4.4757537841796875,-0.4264966547489166,0.10085956007242203,4.614288806915283,0.1241813600063324
882.8099975585938,0.0,0.0,0.0,3.3330867290496826,0.6603451371192932,-0.3033416271209717,3.9849495887756348,-0.33328598737716675
409.5220031738281,0.0,0.0,0.0,2.231691837310791,0.1887081116437912,-0.1424379050731659,2.375063896179199,-0.11435027420520782
346.1820068359375,0.0,0.0,0.0,2.983701229095459,0.32208964228630066,-0.1182851567864418,2.901732921600342,-0.1225740984082222
554.6259765625,0.0,0.0,0.0,2.453359603881836,0.4569898843765259,-0.4169042110443115,2.2680983543395996,-0.44706135988235474
442.6180114746094,0.0,0.0,0.0,1.664422869682312,0.19556036591529846,-0.4236515760421753,1.7560772895812988,-0.41054990887641907
564.9819946289062,0.0,0.0,0.0,4.618658542633057,0.08357997238636017,-0.04090649634599686,4.985524654388428,-0.010200334712862968
497.9540100097656,0.0,0.0,0.0,2.660832405090332,-0.3442143201828003,0.23050345480442047,2.8263258934020996,0.25287702679634094
736.8820190429688,0.0,0.0,0.0,3.1697824001312256,-0.4395482838153839,0.1895548552274704,3.0105559825897217,0.20151184499263763
434.6499938964844,0.0,0.0,0.0,3.295667886734009,0.2587742209434509,-0.16142475605010986,3.4296088218688965,-0.12225915491580963
250.1540069580078,0.0,0.0,0.0,4.192174434661865,-0.5872769355773926,0.38074347376823425,4.260644435882568,0.4499194324016571
508.3139953613281,0.0,0.0,0.0,3.6096713542938232,-0.20806880295276642,0.09788486361503601,3.5853936672210693,0.07899770140647888
448.6419982910156,0.0,0.0,0.0,3.847555160522461,0.31744566559791565,-0.07509298622608185,4.145031929016113,-0.07875822484493256
979.3779907226562,0.0,0.0,0.0,3.5349345207214355,0.6235164999961853,-0.35319939255714417,4.192530632019043,-0.42301705479621887
281.4419860839844,0.0,0.0,0.0,2.989410161972046,-0.5118421912193298,0.32840073108673096,3.4251582622528076,0.3424198031425476
132.67799377441406,0.0,0.0,0.0,-0.0008171260706149042,0.0006106140790507197,-0.0007198623497970402,0.0,0.0
136.29400634765625,0.0,0.0,0.0,-0.0009830339113250375,0.0007476888713426888,-0.0008633625693619251,0.0,0.0
746.5659790039062,0.0,0.0,0.0,4.122814655303955,-0.42997586727142334,0.09009098261594772,4.15142297744751,0.11217698454856873
926.7420043945312,0.0,0.0,0.0,3.9772496223449707,-0.5252971053123474,0.09760726988315582,4.385577201843262,0.06525462865829468
452.25799560546875,0.0,0.0,0.0,3.884617567062378,0.6530714631080627,-0.2349236160516739,3.910674571990967,-0.21315531432628632
908.4660034179688,0.0,0.0,0.0,3.057417631149292,0.5596582889556885,-0.3048487603664398,3.414482593536377,-0.29968729615211487
615.5859985351562,0.0,0.0,0.0,1.8517882823944092,-0.23826256394386292,0.10173505544662476,0.0,0.0
916.333984375,0.0,0.0,0.0,4.397731781005859,0.023824229836463928,-0.031870286911726,3.879854440689087,-0.09233655780553818
603.9819946289062,0.0,0.0,0.0,3.0486042499542236,-0.7503055334091187,0.522156298160553,3.4623970985412598,0.5232663750648499
1025.0780029296875,0.0,0.0,0.0,3.6373484134674072,0.9796391129493713,-0.48724138736724854,3.6424190998077393,-0.44581976532936096
761.9580078125,0.0,0.0,0.0,2.8731274604797363,0.46694809198379517,-0.4000844359397888,2.9159202575683594,-0.3537839651107788
282.75,0.0,0.0,0.0,3.460190773010254,-0.5290157198905945,0.19733069837093353,3.8622405529022217,0.29927775263786316
654.302001953125,0.0,0.0,0.0,1.9409810304641724,-0.46929657459259033,0.5390108227729797,2.143582582473755,0.544283926486969
269.9540100097656,0.0,0.0,0.0,2.755622625350952,-0.22345413267612457,-0.01667894795536995,3.410144567489624,0.030139781534671783
953.5460205078125,0.0,0.0,0.0,4.541234970092773,0.32221680879592896,-0.06546889990568161,4.448825359344482,-0.034489892423152924
422.1860046386719,0.0,0.0,0.0,3.684173345565796,0.7364657521247864,-0.35610124468803406,4.211400032043457,-0.37483805418014526
941.469970703125,0.0,0.0,0.0,2.276538848876953,-0.45815661549568176,0.4695727825164795,2.652580738067627,0.5248968005180359
744.9340209960938,0.0,0.0,0.0,4.615862846374512,-0.17668890953063965,0.08534406125545502,4.533784866333008,0.15371356904506683
390.8380126953125,0.0,0.0,0.0,3.1334002017974854,0.0022574467584490776,-0.065761998295784,3.550318479537964,-0.08576919883489609
221.69400024414062,0.0,0.0,0.0,3.8737950325012207,0.537011444568634,-0.2094517946243286,4.143801689147949,-0.14067625999450684
700.5819702148438,0.0,0.0,0.0,2.8939716815948486,-0.1400890052318573,-0.20742644369602203,2.8721487522125244,-0.2777979373931885
367.84600830078125,0.0,0.0,0.0,3.622441291809082,-0.8026580214500427,0.338374525308609,4.205788612365723,0.328813374042511
198.6739959716797,0.0,0.0,0.0,4.638103485107422,-0.1934524029493332,-0.03392692655324936,4.73926305770874,-0.09049160778522491
363.25,0.0,0.0,0.0,2.258514642715454,-0.49706873297691345,0.5230858325958252,2.7184953689575195,0.5524054765701294
638.3300170898438,0.0,0.0,0.0,2.3468174934387207,-0.05697120353579521,-0.009120404720306396,2.3108224868774414,0.017788415774703026
443.9939880371094,0.0,0.0,0.0,2.0153958797454834,0.31229764223098755,-0.33051469922065735,2.0889291763305664,-0.34514111280441284
396.96600341796875,0.0,0.0,0.0,2.2224485874176025,0.3668358027935028,-0.49900510907173157,2.801854133605957,-0.5547828078269958
264.0459899902344,0.0,0.0,0.0,1.4054406881332397,-0.04304846003651619,0.059773869812488556,1.258194088935852,0.05979981645941734
629.72998046875,0.0,0.0,0.0,3.889585494995117,0.830398440361023,-0.26744264364242554,4.235567092895508,-0.3951619565486908
138.58999633789062,0.0,0.0,0.0,2.6202404499053955,0.2225112020969391,-0.11119425296783447,3.148939609527588,-0.16096174716949463
808.8779907226562,0.0,0.0,0.0,3.8558101654052734,0.8457930684089661,-0.3337966203689575,4.513851165771484,-0.3022935688495636
455.85400390625,0.0,0.0,0.0,2.4768006801605225,-0.01275582518428564,-0.026124728843569756,2.333388566970825,-0.01390672754496336
431.6860046386719,0.0,0.0,0.0,2.1498959064483643,0.06716547906398773,-0.19165295362472534,2.435586929321289,-0.2236032634973526
705.5139770507812,0.0,0.0,0.0,1.8550331592559814,0.39962461590766907,-0.5783506631851196,1.9035203456878662,-0.5391191840171814
923.8099975585938,0.0,0.0,0.0,2.66467547416687,-0.5934587717056274,0.43857473134994507,2.9046664237976074,0.3746466338634491
686.469970703125,0.0,0.0,0.0,3.1210622787475586,-0.3086377680301666,0.16282600164413452,3.4016776084899902,0.1739240139722824
347.802001953125,0.0,0.0,0.0,2.4711809158325195,0.24125216901302338,-0.18766015768051147,2.79124116897583,-0.2630723714828491
490.0740051269531,0.0,0.0,0.0,3.1488635540008545,0.459148645401001,-0.2635093331336975,3.1024763584136963,-0.17765450477600098
272.4460144042969,0.0,0.0,0.0,3.632538080215454,0.10626872628927231,-0.0938749760389328,3.3296802043914795,-0.0784902274608612
418.2860107421875,0.0,0.0,0.0,3.713454008102417,0.4645226299762726,-0.0765361413359642,3.6855528354644775,-0.07390213012695312
571.8099975585938,0.0,0.0,0.0,3.87805438041687,0.7729595899581909,-0.2655335068702698,4.501874923706055,-0.17819102108478546
886.2979736328125,0.0,0.0,0.0,3.3763039112091064,0.1902851015329361,-0.07759122550487518,2.890533924102783,-0.010005039162933826
886.1259765625,0.0,0.0,0.0,3.4549782276153564,0.20656818151474,-0.03477327153086662,3.2698605060577393,-0.08428406715393066
524.6900024414062,0.0,0.0,0.0,2.998414993286133,0.45785021781921387,-0.2098795771598816,2.7272870540618896,-0.16604973375797272
967.9819946289062,0.0,0.0,0.0,2.1205408573150635,0.36009812355041504,-0.4078204035758972,2.202193021774292,-0.42187339067459106
944.7420043945312,0.0,0.0,0.0,3.7351019382476807,-0.8572744131088257,0.3703959584236145,4.301392555236816,0.26534318923950195
614.5180053710938,0.0,0.0,0.0,2.8006885051727295,-0.47546881437301636,0.26575639843940735,2.2224085330963135,0.14850760996341705
735.5139770507812,0.0,0.0,0.0,3.0376877784729004,-0.45941057801246643,0.17744094133377075,3.284942388534546,0.18965034186840057
489.5379943847656,0.0,0.0,0.0,3.309316396713257,0.5772676467895508,-0.2990051209926605,3.4311673641204834,-0.24375131726264954
345.9540100097656,0.0,0.0,0.0,3.027259588241577,0.3390268087387085,-0.13498811423778534,3.265072822570801,-0.13063102960586548
846.8939819335938,0.0,0.0,0.0,4.351898670196533,0.31093910336494446,-0.036570627242326736,4.506190776824951,-0.0504755973815918
283.6099853515625,0.0,0.0,0.0,3.771430730819702,-0.5076833963394165,0.16416530311107635,4.008991241455078,0.1483314037322998
373.80999755859375,0.0,0.0,0.0,3.2642927169799805,-0.07413748651742935,0.10347837954759598,3.4273290634155273,0.15433269739151
293.8580017089844,0.0,0.0,0.0,2.821502208709717,-0.17762605845928192,-0.15985174477100372,2.8744752407073975,-0.230426624417305
590.489990234375,0.0,0.0,0.0,2.44805908203125,-0.40146809816360474,0.16760610044002533,2.7587852478027344,0.03350486233830452
511.1499938964844,0.0,0.0,0.0,2.538616895675659,-0.5234221816062927,0.3748500943183899,2.977330446243286,0.43959739804267883
464.7380065917969,0.0,0.0,0.0,2.636732339859009,-0.5736923813819885,0.4628332555294037,2.9450175762176514,0.4947507083415985
907.3060302734375,0.0,0.0,0.0,2.44537615776062,0.41253721714019775,-0.4179457128047943,2.817981243133545,-0.4224918782711029
888.5460205078125,0.0,0.0,0.0,2.6623592376708984,-0.5383289456367493,0.3964706063270569,3.0179543495178223,0.39909690618515015
568.5540161132812,0.0,0.0,0.0,3.9924910068511963,0.6561280488967896,-0.4447961747646332,3.4062767028808594,-0.5656946301460266
322.0740051269531,0.0,0.0,0.0,1.5930900573730469,0.27570730447769165,-0.5280675292015076,1.5750014781951904,-0.4502244293689728
528.9180297851562,0.0,0.0,0.0,1.7007136344909668,0.19252902269363403,-0.17658880352973938,1.876672625541687,-0.20836588740348816
475.4100036621094,0.0,0.0,0.0,2.3099608421325684,0.07574697583913803,-0.12440444529056549,1.968405842781067,-0.18710358440876007
403.4219970703125,0.0,0.0,0.0,2.9600234031677246,0.15227971971035004,0.024465590715408325,2.6319849491119385,-0.005574463400989771
969.4099731445312,0.0,0.0,0.0,2.4620025157928467,0.4471317529678345,-0.288490891456604,2.54567289352417,-0.3238011300563812
645.7139892578125,0.0,0.0,0.0,3.115145206451416,0.39777177572250366,-0.03746940568089485,0.0,0.0
994.8140258789062,0.0,0.0,0.0,3.872772455215454,0.4259718358516693,-0.10392607748508453,3.8476107120513916,-0.07893648743629456
832.0460205078125,0.0,0.0,0.0,4.218526363372803,0.18169042468070984,-0.018157390877604485,4.52730655670166,-0.06051015853881836
574.718017578125,0.0,0.0,0.0,4.5408830642700195,0.19416074454784393,-0.017650175839662552,4.558015823364258,0.05082305148243904
992.2260131835938,0.0,0.0,0.0,2.8660154342651367,0.4318509101867676,-0.2843571603298187,3.414879083633423,-0.27988407015800476
509.17401123046875,0.0,0.0,0.0,3.3661234378814697,-0.3411986827850342,0.212697371840477,2.9940555095672607,0.1622142791748047
553.2540283203125,0.0,0.0,0.0,2.2694056034088135,0.5029738545417786,-0.5868641138076782,2.5743319988250732,-0.5731830596923828
416.9100036621094,0.0,0.0,0.0,3.823134183883667,0.7303363680839539,-0.2191687971353531,4.104783535003662,-0.1766756922006607
953.3460083007812,0.0,0.0,0.0,4.597300052642822,0.3515510559082031,-0.06513411551713943,4.599827766418457,-0.047993674874305725
494.7539978027344,0.0,0.0,0.0,1.8287383317947388,-0.27266594767570496,0.39227697253227234,2.1137611865997314,0.4539563059806824
1020.5700073242188,0.0,0.0,0.0,4.058277606964111,-0.09175965189933777,0.0182696171104908,4.465495586395264,0.04040180891752243
751.1939697265625,0.0,0.0,0.0,1.889215350151062,0.1991034895181656,-0.32481226325035095,1.6283692121505737,-0.348236083984375
830.2659912109375,0.0,0.0,0.0,3.6651384830474854,0.32216137647628784,-0.13217592239379883,3.859684705734253,-0.1459190994501114
473.1099853515625,0.0,0.0,0.0,3.5511815547943115,-0.45673248171806335,0.13803598284721375,3.2071046829223633,0.16094066202640533
429.35400390625,0.0,0.0,0.0,2.794354200363159,-0.17599622905254364,0.036366093903779984,2.4678478240966797,0.04825576767325401
556.3499755859375,0.0,0.0,0.0,1.7321357727050781,0.40619027614593506,-0.5673588514328003,1.8611482381820679,-0.5703669786453247
319.77398681640625,0.0,0.0,0.0,1.9394965171813965,0.26784762740135193,-0.3339189291000366,2.105067014694214,-0.33488738536834717
200.9219970703125,0.0,0.0,0.0,4.651399612426758,0.06875681132078171,0.02044466696679592,4.605340480804443,-0.002282561967149377
690.3099975585938,0.0,0.0,0.0,3.750375270843506,-0.6623232364654541,0.1949872225522995,4.144333362579346,0.20144875347614288
493.5220031738281,0.0,0.0,0.0,1.7406021356582642,-0.12227512896060944,0.2709766924381256,1.7192984819412231,0.2562789022922516
779.822021484375,0.0,0.0,0.0,2.1892991065979004,0.27385571599006653,-0.3230360448360443,2.350280523300171,-0.3854588270187378
519.2659912109375,0.0,0.0,0.0,4.419332504272461,0.24661079049110413,-0.40193676948547363,3.413799285888672,-0.5589225888252258
438.08599853515625,0.0,0.0,0.0,2.2550058364868164,0.08218667656183243,-0.09464582055807114,2.059965133666992,-0.08418650925159454
876.0579833984375,0.0,0.0,0.0,2.2747550010681152,0.07549528032541275,-0.10452703386545181,1.9277806282043457,-0.1028779074549675
472.72198486328125,0.0,0.0,0.0,3.63911509513855,-0.5611854791641235,0.18740077316761017,3.6893868446350098,0.13825254142284393
242.7740020751953,0.0,0.0,0.0,1.9400489330291748,-0.23343829810619354,0.3513740599155426,2.0573790073394775,0.32876989245414734
543.85400390625,0.0,0.0,0.0,3.7290284633636475,-0.8081403374671936,0.3229399025440216,3.868420124053955,0.3295951187610626
965.02197265625,0.0,0.0,0.0,2.967986822128296,0.7181031107902527,-0.3374531865119934,3.2785327434539795,-0.3584672808647156
626.3060302734375,0.0,0.0,0.0,3.0355629920959473,0.4108697474002838,-0.31637027859687805,3.588840961456299,-0.37667417526245117
623.1820068359375,0.0,0.0,0.0,2.335110902786255,0.1346013844013214,-0.11507507413625717,2.3796334266662598,-0.09424048662185669
235.3419952392578,0.0,0.0,0.0,2.4522809982299805,-0.33431577682495117,0.3801724314689636,2.8755128383636475,0.39680519700050354
644.1179809570312,0.0,0.0,0.0,2.99631929397583,0.5127225518226624,-0.36743563413619995,3.6125075817108154,-0.3826785981655121
466.80999755859375,0.0,0.0,0.0,3.602419853210449,-0.5940257906913757,0.28906235098838806,4.262608528137207,0.35182806849479675
191.58599853515625,0.0,0.0,0.0,1.7558062076568604,-0.29639607667922974,0.47731921076774597,1.9155694246292114,0.43120434880256653
318.7980041503906,0.0,0.0,0.0,1.7705614566802979,0.2402333766222,-0.3601130247116089,1.824367642402649,-0.33765941858291626
395.7139892578125,0.0,0.0,0.0,1.8111768960952759,0.32979515194892883,-0.4785369336605072,1.9374545812606812,-0.5151392817497253
909.0139770507812,0.0,0.0,0.0,3.315717935562134,0.5742011070251465,-0.29339200258255005,3.6798157691955566,-0.27057570219039917
585.469970703125,0.0,0.0,0.0,3.3266472816467285,-0.880061686038971,0.47450318932533264,3.2685375213623047,0.33132871985435486
1033.2779541015625,0.0,0.0,0.0,2.8296351432800293,0.6307623386383057,-0.4785428047180176,3.5654423236846924,-0.4961550533771515
459.0260009765625,0.0,0.0,0.0,2.8591578006744385,-0.1150171086192131,0.087846539914608,3.2864773273468018,0.010724573396146297
353.2460021972656,0.0,0.0,0.0,2.1948814392089844,0.22788068652153015,-0.28689509630203247,2.149688720703125,-0.3502052426338196
875.6259765625,0.0,0.0,0.0,2.743058443069458,0.06411834061145782,-0.04216219484806061,2.3657522201538086,-0.012225368991494179
1018.3300170898438,0.0,0.0,0.0,3.750852108001709,-0.21707405149936676,0.020186269655823708,3.940368890762329,0.07997315376996994
416.34600830078125,0.0,0.0,0.0,3.6846251487731934,0.8130638003349304,-0.32598650455474854,4.26433801651001,-0.24896149337291718
282.6619873046875,0.0,0.0,0.0,3.412184476852417,-0.5298979878425598,0.2601013481616974,3.967681646347046,0.13660484552383423
271.0299987792969,0.0,0.0,0.0,3.397568702697754,0.010700174607336521,-0.04802713915705681,3.8893587589263916,-0.09376256167888641
754.2340087890625,0.0,0.0,0.0,1.6565732955932617,0.12060423195362091,-0.20404212176799774,1.7729443311691284,-0.23722419142723083
899.4739990234375,0.0,0.0,0.0,2.3566393852233887,-1.0196760892868042,0.7022181749343872,2.6999502182006836,0.6316010355949402
998.4819946289062,0.0,0.0,0.0,2.3667778968811035,-0.07596026360988617,0.2357591986656189,2.4216630458831787,0.28166258335113525
595.9819946289062,0.0,0.0,0.0,4.326062202453613,-0.20228734612464905,0.14282603561878204,4.497657775878906,0.09463036805391312
329.1180114746094,0.0,0.0,0.0,4.199516296386719,0.22131644189357758,-0.019221758469939232,4.386391639709473,-0.011854926124215126
437.6419982910156,0.0,0.0,0.0,2.3549458980560303,0.11116953194141388,-0.12878753244876862,2.2534115314483643,-0.08837924152612686
663.7860107421875,0.0,0.0,0.0,3.5356040000915527,-0.5517460107803345,0.22384531795978546,3.819634199142456,0.2518444061279297
355.4100036621094,0.0,0.0,0.0,2.718226432800293,0.4596088230609894,-0.4039791524410248,3.1758482456207275,-0.36932241916656494
218.37399291992188,0.0,0.0,0.0,2.1694257259368896,0.4314878284931183,-0.4741869568824768,2.6053194999694824,-0.5475120544433594
812.7459716796875,0.0,0.0,0.0,3.9442052841186523,-0.10916565358638763,0.08522219955921173,3.6439077854156494,0.14244386553764343
857.6740112304688,0.0,0.0,0.0,1.9483546018600464,-0.4110220968723297,0.563552737236023,2.2411952018737793,0.538038969039917
196.47799682617188,0.0,0.0,0.0,4.193776607513428,-0.5408044457435608,0.13026107847690582,4.727967739105225,0.06774046272039413
526.77001953125,0.0,0.0,0.0,1.6915112733840942,0.17729637026786804,-0.08600888401269913,1.5240403413772583,-0.10809819400310516
984.8779907226562,0.0,0.0,0.0,3.0083813667297363,0.7190988063812256,-0.43820759654045105,3.734736680984497,-0.35415369272232056
765.9459838867188,0.0,0.0,0.0,2.6863253116607666,0.3128582835197449,-0.2116788625717163,2.9861032962799072,-0.17973756790161133
221.58999633789062,0.0,0.0,0.0,3.8548789024353027,0.5508700609207153,-0.12141474336385727,4.231602191925049,-0.2089824229478836
151.71800231933594,0.0,0.0,0.0,2.9920356273651123,0.6121658086776733,-0.40746134519577026,3.572100877761841,-0.4394952356815338
565.7100219726562,0.0,0.0,0.0,4.75123929977417,0.03920349106192589,-0.021227046847343445,4.796562671661377,0.010256366804242134
1007.1580200195312,0.0,0.0,0.0,4.004391193389893,-0.631502628326416,0.1583530753850937,4.256812572479248,0.29887571930885315
717.5339965820312,0.0,0.0,0.0,3.221958875656128,-0.04624270647764206,-0.1123759001493454,3.3156092166900635,-0.1686675101518631
216.8419952392578,0.0,0.0,0.0,1.7691344022750854,0.32874274253845215,-0.4181939959526062,1.9208860397338867,-0.4263284206390381
479.6499938964844,0.0,0.0,0.0,3.3011534214019775,0.34439516067504883,-0.14152920246124268,3.5702927112579346,-0.15488292276859283
337.6180114746094,0.0,0.0,0.0,2.4530341625213623,0.367294579744339,-0.2501441240310669,2.4328255653381348,-0.21815350651741028
842.197998046875,0.0,0.0,0.0,2.324216365814209,0.44873541593551636,-0.49334415793418884,2.611548662185669,-0.48963436484336853
453.5379943847656,0.0,0.0,0.0,3.6897807121276855,0.343607634305954,-0.10610256344079971,3.8265268802642822,-0.1565495878458023
489.4100036621094,0.0,0.0,0.0,3.32035231590271,0.6002576351165771,-0.26995858550071716,3.589726448059082,-0.39205867052078247
851.3660278320312,0.0,0.0,0.0,2.0641579627990723,0.08220884948968887,0.02942495048046112,2.290334939956665,0.03654542937874794
622.0540161132812,0.0,0.0,0.0,2.061272144317627,0.09835676848888397,-0.17268694937229156,2.1827776432037354,-0.10392928868532181
714.2139892578125,0.0,0.0,0.0,3.1696674823760986,-0.6447601318359375,0.5135070085525513,3.250441551208496,0.5219704508781433
1011.2420043945312,0.0,0.0,0.0,4.332040309906006,-0.7044217586517334,0.24414268136024475,4.812112808227539,0.11473459005355835
526.4340209960938,0.0,0.0,0.0,1.9678285121917725,0.20812003314495087,-0.1258498877286911,1.614585041999817,-0.09159412235021591
922.1300048828125,0.0,0.0,0.0,2.6892290115356445,-0.40616869926452637,0.22762370109558105,2.551530361175537,0.28120243549346924
369.3340148925781,0.0,0.0,0.0,4.218671798706055,-0.5522658228874207,0.1281149685382843,4.324983596801758,0.12796761095523834
829.8140258789062,0.0,0.0,0.0,3.532095432281494,0.35968291759490967,-0.11658310145139694,3.943213701248169,-0.12388118356466293
420.3940124511719,0.0,0.0,0.0,3.277358293533325,0.4181242287158966,-0.265045166015625,3.6537442207336426,-0.2321542501449585
508.5780029296875,0.0,0.0,0.0,3.5358855724334717,-0.22200965881347656,0.12802192568778992,3.3030214309692383,0.06183513253927231
136.06199645996094,0.0,0.0,0.0,-0.0009990236721932888,0.0008803685195744038,-0.0017971290508285165,0.0,0.0
363.489990234375,0.0,0.0,0.0,2.382127046585083,-0.5352111458778381,0.5247077941894531,3.016319990158081,0.5370495319366455
449.5140075683594,0.0,0.0,0.0,4.031369686126709,0.3214291036128998,-0.08920034766197205,4.414841175079346,-0.07396876066923141
178.61000061035156,0.0,0.0,0.0,2.8142356872558594,-0.16719657182693481,0.151702880859375,2.6883955001831055,0.21324403584003448
375.489990234375,0.0,0.0,0.0,3.5153965950012207,-0.35485342144966125,0.19348393380641937,3.678816556930542,0.1294768899679184
723.1060180664062,0.0,0.0,0.0,3.8958587646484375,0.08748124539852142,0.023214714601635933,3.5853123664855957,0.04300493001937866
517.35400390625,0.0,0.0,0.0,4.592068195343018,-0.3487253785133362,0.075111985206604,4.788115978240967,-0.005912824533879757
527.3900146484375,0.0,0.0,0.0,1.4249532222747803,0.14154444634914398,-0.1580687314271927,1.349174976348877,-0.11169615387916565
886.4340209960938,0.0,0.0,0.0,3.2990500926971436,0.16426552832126617,-0.0418696291744709,3.155040740966797,0.05615143105387688
562.614013671875,0.0,0.0,0.0,4.36113977432251,0.6125586032867432,-0.17098967730998993,4.775357723236084,-0.08711656928062439
825.3099975585938,0.0,0.0,0.0,2.44221830368042,0.48262131214141846,-0.4583272635936737,2.5604074001312256,-0.49849027395248413
763.5700073242188,0.0,0.0,0.0,2.7241873741149902,0.6131031513214111,-0.366401344537735,2.9564385414123535,-0.43128079175949097
498.8420104980469,0.0,0.0,0.0,2.5612382888793945,-0.309699147939682,0.23663434386253357,2.523037910461426,0.16351871192455292
519.0499877929688,0.0,0.0,0.0,4.627152442932129,0.04134049266576767,-0.2281690537929535,3.992661714553833,-0.27194011211395264
560.4500122070312,0.0,0.0,0.0,3.185924530029297,0.8341140747070312,-0.4994257390499115,4.070878982543945,-0.47443801164627075
478.5539855957031,0.0,0.0,0.0,2.844974994659424,0.2694495618343353,-0.19914616644382477,3.1125593185424805,-0.209867462515831
946.333984375,0.0,0.0,0.0,4.22959566116333,-0.8056745529174805,0.2514917552471161,4.728847503662109,0.19436843693256378
890.1300048828125,0.0,0.0,0.0,3.4950788021087646,-0.5839327573776245,0.2794855237007141,4.050171852111816,0.2123088240623474
378.3139953613281,0.0,0.0,0.0,3.8834688663482666,-0.09069909900426865,0.05775022134184837,3.5747830867767334,0.08737548440694809
436.01800537109375,0.0,0.0,0.0,3.0164523124694824,0.22361554205417633,-0.210355743765831,2.9060423374176025,-0.21761207282543182
762.614013671875,0.0,0.0,0.0,2.8020732402801514,0.6240706443786621,-0.5375657677650452,2.6851532459259033,-0.5048821568489075
305.27398681640625,0.0,0.0,0.0,2.831434726715088,-0.458150178194046,0.31541329622268677,3.3457207679748535,0.3505147099494934
374.2179870605469,0.0,0.0,0.0,3.2822749614715576,-0.17177535593509674,0.15984399616718292,3.331075429916382,0.1727989912033081
596.1019897460938,0.0,0.0,0.0,4.328512191772461,-0.2361447960138321,0.11946478486061096,4.380461692810059,0.17751266062259674
795.3060302734375,0.0,0.0,0.0,2.89867901802063,0.0499972403049469,-0.020097807049751282,2.8702573776245117,-0.027271388098597527
294.6300048828125,0.0,0.0,0.0,2.73530912399292,0.2559150457382202,-0.36729633808135986,2.803739309310913,-0.32865163683891296
457.9219970703125,0.0,0.0,0.0,2.3001272678375244,-0.04185478389263153,0.06209469586610794,2.6629953384399414,0.01614520698785782
341.20599365234375,0.0,0.0,0.0,1.6480947732925415,0.12100952118635178,-0.046947889029979706,1.5730408430099487,-0.06152757629752159
309.72198486328125,0.0,0.0,0.0,4.153372287750244,-0.14237652719020844,0.012242753989994526,4.051233768463135,0.0692153051495552
822.8740234375,0.0,0.0,0.0,3.600332498550415,-0.6182063817977905,0.14201320707798004,4.125988006591797,0.1950911581516266
174.98599243164062,0.0,0.0,0.0,2.8979556560516357,-0.47128725051879883,0.3194270133972168,3.356832265853882,0.3676873445510864
465.69000244140625,0.0,0.0,0.0,3.0488524436950684,-0.5944772958755493,0.37321317195892334,3.5035085678100586,0.3895788788795471
761.2659912109375,0.0,0.0,0.0,2.7163708209991455,0.2859649360179901,-0.3204973340034485,2.7764573097229004,-0.34025001525878906
216.04600524902344,0.0,0.0,0.0,1.9297246932983398,0.27808746695518494,-0.4590931832790375,1.8456413745880127,-0.38973596692085266
584.4739990234375,0.0,0.0,0.0,4.186419486999512,-0.5294480919837952,0.44764429330825806,3.719794511795044,0.5025745034217834
608.6820068359375,0.0,0.0,0.0,4.641129970550537,-0.33653897047042847,0.10490350425243378,4.855355262756348,0.018149500712752342
717.9459838867188,0.0,0.0,0.0,3.248379945755005,0.16582965850830078,-0.21635636687278748,3.411858558654785,-0.22880923748016357
249.02999877929688,0.0,0.0,0.0,4.278363227844238,-0.5269516110420227,0.13909631967544556,4.616232395172119,0.05925096198916435
842.6259765625,0.0,0.0,0.0,2.523200750350952,0.5288699269294739,-0.4672118127346039,3.0922024250030518,-0.5296571850776672
416.54998779296875,0.0,0.0,0.0,3.7234015464782715,0.7941268086433411,-0.2569372057914734,4.131063938140869,-0.18984262645244598
970.7860107421875,0.0,0.0,0.0,3.0203540325164795,0.4596860706806183,-0.18912233412265778,3.3296425342559814,-0.21016359329223633
969.510009765625,0.0,0.0,0.0,2.4886553287506104,0.4546755850315094,-0.2882132828235626,2.8233816623687744,-0.2988787293434143
673.5499877929688,0.0,0.0,0.0,2.81921124458313,-0.8417366743087769,0.6712989211082458,2.915699005126953,0.7041922211647034
400.2179870605469,0.0,0.0,0.0,3.6897270679473877,0.8055339455604553,-0.22280332446098328,3.744797468185425,-0.3019326329231262
516.781982421875,0.0,0.0,0.0,4.499851226806641,-0.37700286507606506,0.0258798748254776,4.738359451293945,0.09448167681694031
176.85800170898438,0.0,0.0,0.0,3.3047866821289062,-0.47332140803337097,0.18109843134880066,3.1716794967651367,0.10732802003622055
870.6019897460938,0.0,0.0,0.0,3.805576801300049,0.768882155418396,-0.3004472553730011,4.4303154945373535,-0.35514724254608154
1029.7340087890625,0.0,0.0,0.0,1.9720455408096313,0.5006229877471924,-0.4585393965244293,2.2521140575408936,-0.5271115303039551
159.20199584960938,0.0,0.0,0.0,1.869959831237793,0.6077613234519958,-0.6523868441581726,2.0394504070281982,-0.6807945370674133
692.6259765625,0.0,0.0,0.0,4.074268341064453,-0.5179421305656433,0.39885854721069336,4.04657506942749,0.30701950192451477
763.0059814453125,0.0,0.0,0.0,2.736848831176758,0.6817867159843445,-0.5929706692695618,2.6803436279296875,-0.41744834184646606
180.29400634765625,0.0,0.0,0.0,1.9590624570846558,-0.3339604139328003,0.4529065191745758,2.1664280891418457,0.4826207756996155
805.3779907226562,0.0,0.0,0.0,3.2069387435913086,0.6300634145736694,-0.28284522891044617,3.7785303592681885,-0.25876906514167786
1016.8259887695312,0.0,0.0,0.0,3.484391212463379,-0.04770253226161003,0.04909750819206238,3.588041305541992,0.08154822140932083
266.2179870605469,0.0,0.0,0.0,1.4798219203948975,-0.19539278745651245,0.37240853905677795,1.5736407041549683,0.35843271017074585
572.0260009765625,0.0,0.0,0.0,3.9808385372161865,0.727569043636322,-0.28043144941329956,4.586880683898926,-0.20881535112857819
540.7020263671875,0.0,0.0,0.0,4.354236125946045,-0.2775619626045227,0.1481619030237198,4.149621963500977,0.1772228330373764
304.13800048828125,0.0,0.0,0.0,2.244218587875366,-0.2708280384540558,0.3537759780883789,2.557872772216797,0.40514442324638367
247.7100067138672,0.0,0.0,0.0,3.673480749130249,-0.7480008602142334,0.2759193181991577,4.3435845375061035,0.25533443689346313
672.22998046875,0.0,0.0,0.0,2.565234422683716,-0.5178455114364624,0.4729085862636566,2.97131085395813,0.5281457304954529
326.906005859375,0.0,0.0,0.0,4.0425543785095215,0.6637279391288757,-0.23632146418094635,4.624797821044922,-0.23371779918670654
291.0060119628906,0.0,0.0,0.0,2.4214107990264893,-0.9112564921379089,0.8352004289627075,2.6338813304901123,0.7725057005882263
573.0540161132812,0.0,0.0,0.0,4.34196138381958,0.5114449858665466,-0.13213388621807098,4.7094197273254395,-0.06571273505687714
592.510009765625,0.0,0.0,0.0,3.295874834060669,0.3896629810333252,-0.3131607472896576,3.867331027984619,-0.31490975618362427
809.9459838867188,0.0,0.0,0.0,4.171367168426514,0.6756452322006226,-0.30446258187294006,4.46666955947876,-0.30398184061050415
239.71800231933594,0.0,0.0,0.0,3.164855718612671,-0.22808191180229187,0.060484327375888824,2.9678494930267334,0.11191128939390182
754.1339721679688,0.0,0.0,0.0,1.6274219751358032,0.11450573801994324,-0.2514099180698395,1.7656543254852295,-0.21610338985919952
334.8819885253906,0.0,0.0,0.0,2.024508476257324,0.2915782928466797,-0.3333311676979065,2.171236038208008,-0.3801121115684509
1016.1740112304688,0.0,0.0,0.0,3.480456829071045,0.026520492509007454,0.04341668635606766,3.3905060291290283,-0.033542945981025696
959.4819946289062,0.0,0.0,0.0,3.6334097385406494,0.5052173137664795,-0.23340484499931335,4.313164234161377,-0.23158429563045502
808.5380249023438,0.0,0.0,0.0,3.797058582305908,0.896806538105011,-0.353180855512619,4.714033603668213,-0.3569176197052002
973.9099731445312,0.0,0.0,0.0,3.7575531005859375,0.5417807698249817,-0.18319034576416016,3.9634180068969727,-0.19464905560016632
758.8380126953125,0.0,0.0,0.0,2.402268171310425,0.062303684651851654,-0.05552542954683304,2.5703470706939697,-0.08994317054748535
293.0740051269531,0.0,0.0,0.0,2.832700490951538,-0.6721243858337402,0.3147914409637451,3.175039768218994,0.24257880449295044
470.7860107421875,0.0,0.0,0.0,3.621501922607422,-0.9954849481582642,0.4033049941062927,3.9847891330718994,0.3741196393966675
711.2020263671875,0.0,0.0,0.0,3.153594732284546,0.8463653326034546,-0.5346812009811401,4.041585922241211,-0.5153390765190125
752.0819702148438,0.0,0.0,0.0,1.5297678709030151,0.19630752503871918,-0.4118371307849884,1.7595869302749634,-0.3534855246543884
629.3740234375,0.0,0.0,0.0,3.8271522521972656,0.8002379536628723,-0.27224257588386536,4.371953010559082,-0.3789993226528168
671.9140014648438,0.0,0.0,0.0,2.3721046447753906,-0.4635970890522003,0.44556108117103577,2.7964539527893066,0.4657706618309021
658.4819946289062,0.0,0.0,0.0,0.834907054901123,-0.027253899723291397,0.11068981885910034,1.1070184707641602,0.13275055587291718
304.3380126953125,0.0,0.0,0.0,2.349168062210083,-0.3237963318824768,0.3600855767726898,2.696749687194824,0.33508095145225525
511.8179931640625,0.0,0.0,0.0,2.754890203475952,-0.6129021048545837,0.34120631217956543,2.912742853164673,0.3440750241279602
526.2139892578125,0.0,0.0,0.0,2.184021472930908,0.24880558252334595,-0.11721153557300568,1.710124135017395,-0.08866376429796219
253.4219970703125,0.0,0.0,0.0,4.288110256195068,-0.7119426131248474,0.20116756856441498,4.584358215332031,0.10174880176782608
556.781982421875,0.0,0.0,0.0,1.822831153869629,0.4199157655239105,-0.5283186435699463,2.0931553840637207,-0.570770800113678
756.3060302734375,0.0,0.0,0.0,1.959315538406372,0.09704543650150299,-0.14348068833351135,2.066309690475464,-0.13173294067382812
917.2020263671875,0.0,0.0,0.0,3.9098434448242188,0.0423065721988678,0.11919055134057999,3.9454593658447266,0.18408679962158203
1032.7340087890625,0.0,0.0,0.0,2.5596096515655518,0.5759384632110596,-0.5235508680343628,2.991758346557617,-0.4811144173145294
265.87799072265625,0.0,0.0,0.0,1.4198243618011475,-0.17496144771575928,0.367416650056839,1.5075857639312744,0.37244942784309387
247.9219970703125,0.0,0.0,0.0,3.774373769760132,-0.7188956141471863,0.22239641845226288,4.457309246063232,0.21458618342876434
671.6019897460938,0.0,0.0,0.0,2.2238430976867676,-0.40352827310562134,0.45521649718284607,2.598317861557007,0.5098815560340881
310.6099853515625,0.0,0.0,0.0,3.7927422523498535,-0.049470242112874985,-0.029523227363824844,3.6845598220825195,0.03219554200768471
190.91799926757812,0.0,0.0,0.0,1.6740666627883911,-0.25746825337409973,0.4459691047668457,2.085610866546631,0.4848841726779938
586.9219970703125,0.0,0.0,0.0,2.649338960647583,-0.5571206212043762,0.45396101474761963,2.2810466289520264,0.5551472306251526
195.75799560546875,0.0,0.0,0.0,3.947173833847046,-0.6376815438270569,0.2247108668088913,4.283017635345459,0.16164325177669525
999.969970703125,0.0,0.0,0.0,2.273982048034668,-0.5530782341957092,0.6536899209022522,2.259791612625122,0.668224573135376
907.5380249023438,0.0,0.0,0.0,2.5790228843688965,0.4583142101764679,-0.44864511489868164,2.9784510135650635,-0.3938758075237274
771.9420166015625,0.0,0.0,0.0,4.345212936401367,0.0956527516245842,-0.11391612142324448,4.294264316558838,-0.19521799683570862
749.6740112304688,0.0,0.0,0.0,2.8196494579315186,0.23501738905906677,-0.14279000461101532,2.3519506454467773,-0.1432356983423233
916.97802734375,0.0,0.0,0.0,3.8845577239990234,0.10910111665725708,0.024392733350396156,4.041970252990723,0.2012862116098404
701.1859741210938,0.0,0.0,0.0,2.7986154556274414,0.2998020052909851,-0.3870069086551666,2.9888670444488525,-0.40863218903541565
1035.010009765625,0.0,0.0,0.0,3.7941739559173584,0.6546517014503479,-0.20661897957324982,4.126169204711914,-0.22308774292469025
738.010009765625,0.0,0.0,0.0,3.2548539638519287,-0.5005521178245544,0.23719628155231476,3.4611568450927734,0.30029764771461487
236.6219940185547,0.0,0.0,0.0,3.106391668319702,-0.5224003195762634,0.3126316964626312,3.67024564743042,0.27503037452697754
945.197998046875,0.0,0.0,0.0,3.964259624481201,-0.8311707377433777,0.3097025156021118,4.612091064453125,0.32106655836105347
946.4180297851562,0.0,0.0,0.0,4.241058349609375,-0.7912083864212036,0.22166654467582703,4.644769191741943,0.26387515664100647
240.5780029296875,0.0,0.0,0.0,2.6591310501098633,-0.14268097281455994,0.005678053013980389,2.512361526489258,0.03174637630581856
294.1860046386719,0.0,0.0,0.0,2.808675765991211,0.05473712086677551,-0.27572593092918396,2.5985207557678223,-0.28691092133522034
269.27398681640625,0.0,0.0,0.0,2.201075792312622,-0.4221390187740326,0.3097098767757416,2.519153118133545,0.18334253132343292
957.677978515625,0.0,0.0,0.0,2.8480336666107178,0.5698068141937256,-0.37432095408439636,3.3879873752593994,-0.4126518964767456
646.5139770507812,0.0,0.0,0.0,1.648780345916748,0.07187598198652267,0.041607972234487534,0.0,0.0
868.4420166015625,0.0,0.0,0.0,3.0155861377716064,0.9656237363815308,-0.6213085055351257,3.376453399658203,-0.6105703711509705
499.12200927734375,0.0,0.0,0.0,2.5082576274871826,-0.28920942544937134,0.19695377349853516,2.508488416671753,0.1557845026254654
580.4420166015625,0.0,0.0,0.0,3.691981315612793,0.6531671285629272,-0.12143272906541824,4.599643707275391,-0.1515103280544281
609.7059936523438,0.0,0.0,0.0,4.687083721160889,-0.19660359621047974,0.03337320312857628,4.786251544952393,0.06785005331039429
797.5059814453125,0.0,0.0,0.0,3.270380735397339,0.09385816007852554,-0.07194321602582932,3.624361515045166,-0.10671206563711166
356.2179870605469,0.0,0.0,0.0,3.194519281387329,0.5314005613327026,-0.36504241824150085,3.6408255100250244,-0.3034502863883972
744.7860107421875,0.0,0.0,0.0,4.641477584838867,-0.11310882121324539,0.06782587617635727,4.590856075286865,0.11249446123838425
531.4180297851562,0.0,0.0,0.0,2.0935654640197754,0.35081392526626587,-0.2704857289791107,2.188183307647705,-0.38099542260169983
142.01800537109375,0.0,0.0,0.0,2.617992401123047,0.1349540501832962,-0.03288658335804939,2.6098086833953857,-0.047972019761800766
947.4219970703125,0.0,0.0,0.0,4.421665668487549,-0.6111754179000854,0.19868028163909912,4.875162124633789,0.2194214016199112
154.0500030517578,0.0,0.0,0.0,3.3575236797332764,0.6850991249084473,-0.4908702075481415,3.1521456241607666,-0.5407255291938782
610.6500244140625,0.0,0.0,0.0,4.651002883911133,-0.00888534914702177,0.038104347884655,4.933663368225098,-0.02623208425939083
340.1780090332031,0.0,0.0,0.0,1.9821101427078247,0.14954981207847595,-0.08695431053638458,1.8655400276184082,-0.11411945521831512
132.91000366210938,0.0,0.0,0.0,-0.0011635018745437264,0.00039039028342813253,-0.0001700370921753347,0.0,0.0
370.57000732421875,0.0,0.0,0.0,4.406816005706787,-0.39056679606437683,0.09244809299707413,4.619112014770508,0.03725757822394371
853.3820190429688,0.0,0.0,0.0,3.144592046737671,-0.3334568440914154,0.1784859448671341,3.563182830810547,0.1774323433637619
352.1059875488281,0.0,0.0,0.0,2.581547260284424,0.23348121345043182,-0.14724017679691315,2.46998929977417,-0.08518423140048981
746.0139770507812,0.0,0.0,0.0,4.2768120765686035,-0.4159649908542633,0.11459630727767944,4.345742702484131,0.1140274628996849
686.14599609375,0.0,0.0,0.0,2.971891403198242,-0.30074942111968994,0.20490212738513947,3.3034751415252686,0.1925317496061325
857.593994140625,0.0,0.0,0.0,1.919511318206787,-0.409050315618515,0.5676213502883911,2.2465059757232666,0.596748411655426
343.69000244140625,0.0,0.0,0.0,2.725752115249634,0.3415435254573822,-0.21626818180084229,2.9835081100463867,-0.2474977821111679
451.4219970703125,0.0,0.0,0.0,3.904554605484009,0.6337245106697083,-0.3232809007167816,4.262611389160156,-0.35184529423713684
816.7940063476562,0.0,0.0,0.0,2.2510616779327393,-0.14575780928134918,0.13704684376716614,2.546919345855713,0.17843246459960938
622.6300048828125,0.0,0.0,0.0,2.108855962753296,0.12438011914491653,-0.09389720112085342,2.3186464309692383,-0.11383385211229324
639.1380004882812,0.0,0.0,0.0,2.0279204845428467,-0.019756192341446877,-0.03605009242892265,2.0320591926574707,0.04550179839134216
528.27001953125,0.0,0.0,0.0,1.5808193683624268,0.17155548930168152,-0.1506415754556656,1.724363088607788,-0.17652642726898193
599.8579711914062,0.0,0.0,0.0,3.7948224544525146,-0.34672144055366516,0.28594183921813965,2.8012053966522217,0.39355555176734924
227.1820068359375,0.0,0.0,0.0,1.5217400789260864,0.22044260799884796,-0.42645856738090515,1.6845370531082153,-0.43044066429138184
495.1099853515625,0.0,0.0,0.0,1.952221155166626,-0.3193994462490082,0.40871572494506836,2.2084896564483643,0.4155896008014679
812.2780151367188,0.0,0.0,0.0,4.109641075134277,0.07382688671350479,0.01724071614444256,3.949937343597412,0.05976521223783493
681.2059936523438,0.0,0.0,0.0,1.5421810150146484,-0.2586047053337097,0.023078903555870056,0.0,0.0
351.9540100097656,0.0,0.0,0.0,2.6593105792999268,0.22983480989933014,-0.1965242624282837,2.5431735515594482,-0.13839037716388702
678.9860229492188,0.0,0.0,0.0,1.778643012046814,-0.5655865669250488,0.818513035774231,2.1182477474212646,0.7705907821655273
805.72998046875,0.0,0.0,0.0,3.3290505409240723,0.6063768267631531,-0.23744122684001923,4.0900654792785645,-0.33863645792007446
139.59800720214844,0.0,0.0,0.0,2.9796180725097656,0.29724636673927307,-0.19126838445663452,3.0424153804779053,-0.12757717072963715
601.7260131835938,0.0,0.0,0.0,1.965346336364746,-0.5353675484657288,0.6102111339569092,2.289412260055542,0.5771167278289795
608.6259765625,0.0,0.0,0.0,4.63502311706543,-0.33649709820747375,0.09161598235368729,4.68235445022583,0.006978139281272888
688.5460205078125,0.0,0.0,0.0,3.1408424377441406,-0.6754631996154785,0.41925838589668274,3.320509195327759,0.39727336168289185
737.4660034179688,0.0,0.0,0.0,3.177385091781616,-0.4511825740337372,0.19202934205532074,3.3652617931365967,0.26240286231040955
300.9100036621094,0.0,0.0,0.0,1.9846361875534058,0.5487747192382812,-0.6196397542953491,2.1928772926330566,-0.6680387854576111
817.6099853515625,0.0,0.0,0.0,2.7251737117767334,-0.21493767201900482,0.1403222382068634,3.125699758529663,0.13459481298923492
428.4419860839844,0.0,0.0,0.0,3.255249500274658,-0.3651021420955658,0.11127221584320068,2.92974853515625,0.08634631335735321
635.2100219726562,0.0,0.0,0.0,4.092135906219482,0.5184621810913086,-0.14584015309810638,3.9194176197052,-0.09673666208982468
806.6859741210938,0.0,0.0,0.0,3.5141475200653076,0.7222903966903687,-0.33892279863357544,3.868500232696533,-0.40180933475494385
249.35400390625,0.0,0.0,0.0,4.355993270874023,-0.45915892720222473,0.09151190519332886,4.679155349731445,0.09836094826459885
302.8059997558594,0.0,0.0,0.0,1.7867612838745117,0.0877758041024208,0.07306929677724838,1.9711754322052002,0.14114230871200562
394.0979919433594,0.0,0.0,0.0,3.02001690864563,0.10907730460166931,-0.081358402967453,2.708158493041992,-0.15705899894237518
971.0780029296875,0.0,0.0,0.0,3.108625888824463,0.44824856519699097,-0.17737804353237152,3.253706693649292,-0.18700207769870758
502.2019958496094,0.0,0.0,0.0,1.8934894800186157,-0.2762752175331116,0.41013044118881226,2.11384916305542,0.4306594431400299
1006.5499877929688,0.0,0.0,0.0,3.8652822971343994,-0.653680682182312,0.1933399885892868,4.266063213348389,0.16562463343143463
929.5380249023438,0.0,0.0,0.0,3.444654703140259,0.5477501153945923,-0.31824180483818054,3.3233277797698975,-0.3627896308898926
721.0900268554688,0.0,0.0,0.0,4.133655071258545,0.25688183307647705,-0.011091381311416626,4.142083644866943,-0.011150206439197063
514.64599609375,0.0,0.0,0.0,3.9381370544433594,-0.38056686520576477,0.056699395179748535,4.50954008102417,0.07839294523000717
658.9459838867188,0.0,0.0,0.0,1.2746506929397583,-0.050447553396224976,0.20974090695381165,1.4941047430038452,0.18738365173339844
672.4140014648438,0.0,0.0,0.0,2.6563756465911865,-0.5546161532402039,0.43631359934806824,3.2725398540496826,0.45318862795829773
900.4660034179688,0.0,0.0,0.0,2.472794771194458,-0.776500940322876,0.6462201476097107,2.756277322769165,0.8015756011009216
595.0579833984375,0.0,0.0,0.0,4.207019805908203,0.3666105270385742,-0.05144619569182396,4.272555828094482,-0.00489945849403739
292.0780029296875,0.0,0.0,0.0,2.5188584327697754,-0.7974603772163391,0.6291221976280212,2.9140236377716064,0.602510392665863
486.42999267578125,0.0,0.0,0.0,3.6268818378448486,0.6032216548919678,-0.2538759410381317,3.8595705032348633,-0.18048548698425293
801.2979736328125,0.0,0.0,0.0,4.030684471130371,0.8701992630958557,-0.22405113279819489,4.47304630279541,-0.19487112760543823
674.9140014648438,0.0,0.0,0.0,2.9158661365509033,-0.8025354146957397,0.53107750415802,3.3666579723358154,0.4860602617263794
662.5419921875,0.0,0.0,0.0,2.9096839427948,-0.5271133184432983,0.3657730221748352,3.6173107624053955,0.4256516396999359
384.69000244140625,0.0,0.0,0.0,3.3389639854431152,-0.691788911819458,0.2817622721195221,3.8059115409851074,0.2562539577484131
554.2860107421875,0.0,0.0,0.0,2.4310617446899414,0.459355890750885,-0.47879716753959656,2.6068387031555176,-0.41238754987716675
677.1900024414062,0.0,0.0,0.0,2.082592010498047,-0.6308420896530151,0.6326673030853271,2.6008973121643066,0.6760086417198181
1023.6859741210938,0.0,0.0,0.0,4.499303817749023,0.028980432078242302,-0.1794637143611908,3.911043882369995,-0.36210960149765015
630.302001953125,0.0,0.0,0.0,4.051677227020264,0.79898601770401,-0.196538507938385,4.671141624450684,-0.15583869814872742
995.7780151367188,0.0,0.0,0.0,3.0576934814453125,0.3085078299045563,-0.08021135628223419,2.44621205329895,-0.08022232353687286
780.302001953125,0.0,0.0,0.0,2.2147316932678223,0.3150588274002075,-0.36774253845214844,2.4893696308135986,-0.4162454605102539
284.85400390625,0.0,0.0,0.0,4.158726692199707,-0.3076396882534027,0.029232563450932503,4.465354919433594,0.01998419314622879
614.2899780273438,0.0,0.0,0.0,3.103114366531372,-0.535862386226654,0.28517982363700867,2.4177355766296387,0.22852128744125366
934.14599609375,0.0,0.0,0.0,3.2591586112976074,0.3408263921737671,-0.1358538419008255,2.8649425506591797,-0.08284137398004532
846.2020263671875,0.0,0.0,0.0,4.2369465827941895,0.46817007660865784,-0.1236175000667572,4.349954128265381,-0.10273542255163193
632.7780151367188,0.0,0.0,0.0,4.561428546905518,0.30350086092948914,-0.0434475913643837,4.9007415771484375,-0.07058966159820557
885.989990234375,0.0,0.0,0.0,3.535205364227295,0.22640229761600494,-0.07412027567625046,3.308391571044922,0.006661946885287762
371.35400390625,0.0,0.0,0.0,4.296579837799072,-0.22710855305194855,0.016338977962732315,4.257399559020996,-0.03859075531363487
549.3740234375,0.0,0.0,0.0,2.8122057914733887,0.2954826056957245,-0.26686936616897583,3.164137840270996,-0.24451512098312378
516.2620239257812,0.0,0.0,0.0,4.473040580749512,-0.39657846093177795,0.056112464517354965,4.638747692108154,0.028602441772818565
627.2020263671875,0.0,0.0,0.0,3.1679487228393555,0.6828797459602356,-0.3864041864871979,3.3703553676605225,-0.47956383228302
259.2380065917969,0.0,0.0,0.0,4.099733829498291,0.014758185483515263,0.03449267894029617,4.032207489013672,-0.024227356538176537
986.9500122070312,0.0,0.0,0.0,3.1619720458984375,0.13195520639419556,0.18389779329299927,3.1042399406433105,0.20837745070457458
368.0580139160156,0.0,0.0,0.0,3.756100654602051,-0.7818467617034912,0.3246527910232544,4.45457124710083,0.30420273542404175
806.469970703125,0.0,0.0,0.0,3.550187349319458,0.690387487411499,-0.289234459400177,3.7871809005737305,-0.3640138506889343
550.573974609375,0.0,0.0,0.0,3.2514865398406982,0.3779832720756531,-0.20894066989421844,3.446390390396118,-0.1976298987865448
517.9140014648438,0.0,0.0,0.0,4.596977233886719,-0.29817795753479004,0.0014676760183647275,5.069492340087891,-0.018695872277021408
313.9540100097656,0.0,0.0,0.0,2.1145365238189697,0.014138058759272099,-0.008328944444656372,2.036623954772949,0.003121463116258383
348.7380065917969,0.0,0.0,0.0,2.761054277420044,0.4041329026222229,-0.2551356852054596,2.992250442504883,-0.22252580523490906
359.8059997558594,0.0,0.0,0.0,3.4871315956115723,0.16593791544437408,-0.09656785428524017,3.2097339630126953,-0.1168292760848999
228.75399780273438,0.0,0.0,0.0,1.7939741611480713,0.3161412477493286,-0.4113442003726959,2.0266687870025635,-0.48748502135276794
626.6539916992188,0.0,0.0,0.0,3.0896875858306885,0.510838508605957,-0.43539825081825256,3.277632236480713,-0.5315095782279968
830.14599609375,0.0,0.0,0.0,3.633192539215088,0.33210819959640503,-0.11295107007026672,3.992931842803955,-0.17939473688602448
312.7019958496094,0.0,0.0,0.0,2.7410898208618164,0.00522046722471714,-0.0029902413953095675,2.409299850463867,-0.00017961848061531782
625.4340209960938,0.0,0.0,0.0,2.8096206188201904,0.29715678095817566,-0.27074217796325684,3.207509994506836,-0.2966880798339844
778.2459716796875,0.0,0.0,0.0,2.9916880130767822,0.07589053362607956,-0.016148697584867477,2.8040730953216553,-0.02584649808704853
420.4939880371094,0.0,0.0,0.0,3.305730104446411,0.42705240845680237,-0.24557937681674957,3.804263114929199,-0.31964725255966187
597.2659912109375,0.0,0.0,0.0,4.424104690551758,-0.4603763222694397,0.15298232436180115,4.645483016967773,0.11897941678762436
654.7260131835938,0.0,0.0,0.0,2.0475831031799316,-0.46073615550994873,0.5577136874198914,2.2695815563201904,0.5958775281906128
698.1220092773438,0.0,0.0,0.0,1.8596605062484741,-0.12208883464336395,0.24732394516468048,2.1942007541656494,0.264592707157135
508.6780090332031,0.0,0.0,0.0,3.5080363750457764,-0.23131819069385529,0.12224727869033813,3.5601186752319336,0.15884582698345184
889.2459716796875,0.0,0.0,0.0,2.9877102375030518,-0.5591490268707275,0.351138174533844,3.6867969036102295,0.3442500829696655
244.61000061035156,0.0,0.0,0.0,2.4911556243896484,-0.5168469548225403,0.4991687834262848,2.8599021434783936,0.5271551609039307
382.00201416015625,0.0,0.0,0.0,2.6442131996154785,-0.32662004232406616,0.2662516236305237,2.535921573638916,0.34054240584373474
431.8940124511719,0.0,0.0,0.0,2.2447328567504883,0.10897453874349594,-0.18809780478477478,2.578705310821533,-0.21579395234584808
205.3419952392578,0.0,0.0,0.0,2.475255250930786,0.4713265597820282,-0.5603464841842651,1.8717206716537476,-0.47120988368988037
798.2139892578125,0.0,0.0,0.0,3.4925520420074463,0.2254793792963028,-0.13828380405902863,3.9279515743255615,-0.1918172538280487
1024.362060546875,0.0,0.0,0.0,4.0186872482299805,0.692511796951294,-0.4737474024295807,3.559365749359131,-0.5272893309593201
1010.5419921875,0.0,0.0,0.0,4.0238566398620605,-0.8929874300956726,0.252928763628006,4.486390590667725,0.353028267621994
785.47802734375,0.0,0.0,0.0,3.2795944213867188,0.41225630044937134,-0.23771101236343384,3.636608600616455,-0.14450660347938538
697.7459716796875,0.0,0.0,0.0,1.5785226821899414,-0.07020822167396545,0.18501392006874084,1.9601548910140991,0.1700415164232254
873.5339965820312,0.0,0.0,0.0,3.9689621925354004,0.25444817543029785,-0.054138097912073135,3.679743766784668,0.003981686197221279
411.8420104980469,0.0,0.0,0.0,2.701674222946167,0.40359264612197876,-0.21843352913856506,2.6513173580169678,-0.26555901765823364
350.9779968261719,0.0,0.0,0.0,2.796654462814331,0.3408808410167694,-0.17029686272144318,2.9119324684143066,-0.12211749702692032
164.24600219726562,0.0,0.0,0.0,1.6417275667190552,0.3479531407356262,-0.6859007477760315,1.8642951250076294,-0.6772251129150391
510.593994140625,0.0,0.0,0.0,2.611524820327759,-0.4906145930290222,0.37753796577453613,2.6531097888946533,0.4290485978126526
680.0139770507812,0.0,0.0,0.0,2.0575032234191895,-0.5517286062240601,0.6740793585777283,2.629610776901245,0.7342414855957031
263.35400390625,0.0,0.0,0.0,1.911628246307373,-0.03460579365491867,0.05741608515381813,1.4191033840179443,0.0116962268948555
669.302001953125,0.0,0.0,0.0,1.5265673398971558,-0.1267930418252945,0.327416330575943,1.7290998697280884,0.36658352613449097
315.9739990234375,0.0,0.0,0.0,1.3990386724472046,0.08427374064922333,-0.21713384985923767,1.4881197214126587,-0.2512807846069336
520.3740234375,0.0,0.0,0.0,3.119162082672119,0.9520754218101501,-0.5486403703689575,3.373108148574829,-0.4850129783153534
875.8099975585938,0.0,0.0,0.0,2.5506813526153564,0.0591793917119503,-0.026058681309223175,2.0078635215759277,-0.11530433595180511
939.6740112304688,0.0,0.0,0.0,1.6529957056045532,-0.2559826672077179,0.43516814708709717,1.8176108598709106,0.4335736036300659
238.18600463867188,0.0,0.0,0.0,3.474350690841675,-0.4588336646556854,0.1660015881061554,3.389869451522827,0.18518050014972687
411.95001220703125,0.0,0.0,0.0,2.6792213916778564,0.4171141982078552,-0.22114300727844238,2.8739752769470215,-0.30825555324554443
785.177978515625,0.0,0.0,0.0,3.1613290309906006,0.39964088797569275,-0.22803974151611328,3.568901300430298,-0.21823826432228088
331.3380126953125,0.0,0.0,0.0,3.2267849445343018,-0.021351346746087074,-0.024429671466350555,3.1212573051452637,0.05004386231303215
280.6499938964844,0.0,0.0,0.0,2.975008726119995,-0.4035305678844452,0.28332263231277466,3.081037998199463,0.33270496129989624
1015.4140014648438,0.0,0.0,0.0,3.6816389560699463,0.07608714699745178,-0.07999031990766525,3.541306257247925,-0.009044180624186993
882.1380004882812,0.0,0.0,0.0,2.9248549938201904,0.6454931497573853,-0.4581739008426666,3.4975903034210205,-0.38290590047836304
592.0059814453125,0.0,0.0,0.0,3.06429123878479,0.2591193616390228,-0.22864863276481628,3.6597254276275635,-0.3399289548397064
250.52200317382812,0.0,0.0,0.0,3.955620050430298,-0.8437846302986145,0.47639521956443787,4.0718793869018555,0.49679529666900635
635.4819946289062,0.0,0.0,0.0,3.9762794971466064,0.43103325366973877,-0.046026259660720825,3.6845779418945312,-0.04173451289534569
838.1939697265625,0.0,0.0,0.0,0.3817669153213501,0.016766386106610298,-0.05545564368367195,0.7667665481567383,-0.06946821510791779
583.4099731445312,0.0,0.0,0.0,4.583274841308594,-0.05676734820008278,0.023540344089269638,4.7584710121154785,0.06821500509977341
253.11000061035156,0.0,0.0,0.0,4.08975887298584,-0.7848313450813293,0.27071788907051086,4.724872589111328,0.25321391224861145
132.00999450683594,0.0,0.0,0.0,-0.0018384951399639249,0.00036471575731411576,-0.0003557200252544135,0.0,0.0
273.86199951171875,0.0,0.0,0.0,3.0636208057403564,0.09383685141801834,-0.007712566293776035,3.0678598880767822,-0.03331154212355614
598.781982421875,0.0,0.0,0.0,4.491217136383057,-0.3365066647529602,0.042946673929691315,3.94643235206604,0.13175705075263977
512.7739868164062,0.0,0.0,0.0,3.0482635498046875,-0.5532405972480774,0.27719300985336304,3.6406028270721436,0.30194953083992004
964.469970703125,0.0,0.0,0.0,3.1288375854492188,0.8470022082328796,-0.4241015911102295,3.2093889713287354,-0.3945921063423157
987.0659790039062,0.0,0.0,0.0,3.1403682231903076,0.05637573450803757,0.19705747067928314,3.0042805671691895,0.14796598255634308
750.6420288085938,0.0,0.0,0.0,2.2625880241394043,0.1715904176235199,-0.21439342200756073,1.8985047340393066,-0.15563853085041046
977.3460083007812,0.0,0.0,0.0,2.4484894275665283,0.7095738053321838,-0.5119242072105408,2.8124427795410156,-0.5126447677612305
382.1059875488281,0.0,0.0,0.0,2.635378122329712,-0.35417482256889343,0.31208643317222595,2.696120500564575,0.3262954354286194
439.906005859375,0.0,0.0,0.0,1.7634891271591187,-0.03536853939294815,-0.06236197426915169,1.685829520225525,-0.037456344813108444
723.75,0.0,0.0,0.0,3.5893337726593018,0.06726013123989105,-0.04788149148225784,3.121788263320923,-0.001132357050664723
385.4419860839844,0.0,0.0,0.0,3.575669527053833,-0.635621964931488,0.21039824187755585,3.9813642501831055,0.2028845101594925
868.2420043945312,0.0,0.0,0.0,3.237318754196167,0.9298676252365112,-0.662142813205719,2.800028085708618,-0.5146841406822205
379.0780029296875,0.0,0.0,0.0,3.703359603881836,-0.0891108438372612,0.04917416721582413,3.254669666290283,0.032161276787519455
730.7899780273438,0.0,0.0,0.0,3.9530205726623535,-0.34088134765625,0.1934376358985901,3.774081230163574,0.2182072401046753
957.5900268554688,0.0,0.0,0.0,2.8049509525299072,0.5636553764343262,-0.42721477150917053,3.318974256515503,-0.401961088180542
694.64599609375,0.0,0.0,0.0,2.6126339435577393,-0.8150351047515869,0.24443617463111877,0.0,0.0
735.6179809570312,0.0,0.0,0.0,3.0371928215026855,-0.4562208950519562,0.1847936064004898,2.9934751987457275,0.18196380138397217
824.281982421875,0.0,0.0,0.0,3.3133466243743896,-0.18501578271389008,-0.12170129269361496,2.812063455581665,-0.2489127665758133
1016.9219970703125,0.0,0.0,0.0,3.4830822944641113,-0.08037558943033218,0.040130406618118286,4.021206855773926,0.0524895079433918
523.43798828125,0.0,0.0,0.0,3.227724075317383,0.6698463559150696,-0.35872429609298706,3.166783094406128,-0.24152003228664398
720.75,0.0,0.0,0.0,4.070220470428467,0.29829296469688416,-0.09096735715866089,4.5198235511779785,-0.10188459604978561
904.5460205078125,0.0,0.0,0.0,1.7933359146118164,-0.4197149872779846,0.5522796511650085,2.090367555618286,0.45727452635765076
412.53399658203125,0.0,0.0,0.0,2.7538068294525146,0.49312636256217957,-0.3083896040916443,3.0728139877319336,-0.3339201807975769
746.2659912109375,0.0,0.0,0.0,4.221570014953613,-0.4368645250797272,0.12382891029119492,4.051106929779053,0.1151837483048439
936.8779907226562,0.0,0.0,0.0,1.9684829711914062,0.07434216141700745,-0.03623059391975403,1.7867414951324463,-0.013870292343199253
284.4419860839844,0.0,0.0,0.0,4.018449783325195,-0.39410874247550964,0.09145037829875946,4.642049312591553,0.10802092403173447
545.6259765625,0.0,0.0,0.0,3.242417335510254,-0.6388607025146484,0.24413809180259705,3.125399112701416,0.21009543538093567
487.89801025390625,0.0,0.0,0.0,3.679452896118164,0.7399806976318359,-0.329781711101532,3.877910852432251,-0.3969544470310211
897.8740234375,0.0,0.0,0.0,3.6963913440704346,-0.8475009202957153,0.49224066734313965,3.6862218379974365,0.45325055718421936
166.45399475097656,0.0,0.0,0.0,1.7757232189178467,0.4116133749485016,-0.6538249254226685,1.8508033752441406,-0.6013363599777222
389.1419982910156,0.0,0.0,0.0,3.2008769512176514,-0.38509994745254517,0.09258245676755905,3.2084758281707764,0.0776623860001564
942.93798828125,0.0,0.0,0.0,2.633298873901367,-0.7851662039756775,0.6185935139656067,3.178513288497925,0.6505379676818848
992.6859741210938,0.0,0.0,0.0,3.16548752784729,0.500577986240387,-0.2793424725532532,3.855682849884033,-0.21846257150173187
965.5780029296875,0.0,0.0,0.0,2.9420509338378906,0.5484404563903809,-0.2647095024585724,2.782733678817749,-0.24565044045448303
744.64599609375,0.0,0.0,0.0,4.7050981521606445,-0.12409460544586182,-0.039968520402908325,4.422835350036621,0.10328882932662964
149.5260009765625,0.0,0.0,0.0,2.686704397201538,0.4931933581829071,-0.48649922013282776,2.436140298843384,-0.4545177221298218
765.3460083007812,0.0,0.0,0.0,2.6743545532226562,0.36118826270103455,-0.25295037031173706,2.3670432567596436,-0.1532106250524521
332.9179992675781,0.0,0.0,0.0,2.225212335586548,-0.020459536463022232,0.011920545250177383,2.2834222316741943,0.006438659969717264
861.9940185546875,0.0,0.0,0.0,4.153161525726318,-0.5732739567756653,0.07205436378717422,4.363743782043457,0.11353407055139542
161.75399780273438,0.0,0.0,0.0,1.6929981708526611,0.3598184883594513,-0.6262816190719604,1.8826968669891357,-0.5449730157852173
402.75,0.0,0.0,0.0,3.2898404598236084,0.28376010060310364,-0.11807253211736679,3.138549327850342,-0.006920591462403536
729.406005859375,0.0,0.0,0.0,3.467834949493408,-0.20031505823135376,0.14388538897037506,3.843052387237549,0.12655165791511536
853.72998046875,0.0,0.0,0.0,3.260573625564575,-0.3325121998786926,0.1766057312488556,3.5495314598083496,0.1259845793247223
844.2260131835938,0.0,0.0,0.0,3.5519418716430664,0.6534558534622192,-0.2900238037109375,4.042412757873535,-0.30566278100013733
564.2219848632812,0.0,0.0,0.0,4.5488104820251465,0.140036940574646,0.00320276222191751,4.864540100097656,0.02181325852870941
293.62200927734375,0.0,0.0,0.0,2.84421443939209,-0.3396771252155304,-0.056125350296497345,2.805288791656494,-0.11668343096971512
511.7380065917969,0.0,0.0,0.0,2.7417426109313965,-0.6058328151702881,0.3664543628692627,2.866952419281006,0.3164222836494446
145.14199829101562,0.0,0.0,0.0,3.723487138748169,0.09709978103637695,-0.019269874319434166,4.110043525695801,-0.08886009454727173
932.02197265625,0.0,0.0,0.0,3.28950834274292,0.817866861820221,-0.3628397583961487,3.4969968795776367,-0.3360905349254608
285.8739929199219,0.0,0.0,0.0,4.305408477783203,-0.19536438584327698,0.07629475742578506,4.635645866394043,-0.05616018548607826
839.7459716796875,0.0,0.0,0.0,1.5088121891021729,0.1636473536491394,-0.3934514820575714,1.7101951837539673,-0.3680122494697571
180.67799377441406,0.0,0.0,0.0,2.051835298538208,-0.35768765211105347,0.4709526002407074,2.2634694576263428,0.4938514828681946
806.3699951171875,0.0,0.0,0.0,3.5375115871429443,0.6760278344154358,-0.3642897307872772,3.9940810203552246,-0.38384348154067993
761.3660278320312,0.0,0.0,0.0,2.7025957107543945,0.3035827577114105,-0.3541005551815033,3.014652967453003,-0.33432695269584656
1028.6300048828125,0.0,0.0,0.0,2.222881555557251,0.8610701560974121,-0.7265464663505554,2.157090902328491,-0.6592012047767639
642.5059814453125,0.0,0.0,0.0,2.141059398651123,0.2881532907485962,-0.3803631067276001,2.33015775680542,-0.37159016728401184
1034.238037109375,0.0,0.0,0.0,3.430546760559082,0.6600397825241089,-0.2893112599849701,4.181736946105957,-0.37197208404541016
282.4540100097656,0.0,0.0,0.0,3.311913013458252,-0.5295683145523071,0.26723963022232056,3.7392990589141846,0.24970926344394684
482.29400634765625,0.0,0.0,0.0,3.2485079765319824,1.1779870986938477,-0.7730218172073364,2.962909460067749,-0.6943470239639282
577.0900268554688,0.0,0.0,0.0,2.3779351711273193,0.8548738956451416,-0.6700907349586487,2.5526978969573975,-0.6164286732673645
902.0180053710938,0.0,0.0,0.0,1.8515899181365967,-0.5126424431800842,0.5936127305030823,2.0739850997924805,0.5703773498535156
856.9140014648438,0.0,0.0,0.0,1.7394559383392334,-0.4064740538597107,0.5584561228752136,1.8569787740707397,0.5576494932174683
427.5060119628906,0.0,0.0,0.0,4.042767524719238,-0.15118810534477234,0.2317226678133011,3.7020773887634277,0.26333171129226685
386.92999267578125,0.0,0.0,0.0,3.319453477859497,-0.8981751203536987,0.43384850025177,3.596679210662842,0.37394365668296814
177.99000549316406,0.0,0.0,0.0,3.0382633209228516,-0.26155486702919006,0.0934310257434845,2.801516056060791,-0.009476186707615852
381.3179931640625,0.0,0.0,0.0,2.6772501468658447,-0.23939761519432068,0.18948407471179962,2.6338014602661133,0.1922060251235962
914.47802734375,0.0,0.0,0.0,4.660966873168945,-0.24035516381263733,0.05149933695793152,4.963301181793213,0.03756957873702049
898.6820068359375,0.0,0.0,0.0,2.829411506652832,-1.1979751586914062,0.8244854211807251,2.803001880645752,0.7283554077148438
320.8819885253906,0.0,0.0,0.0,1.6468030214309692,0.2675762474536896,-0.5139694809913635,1.6770740747451782,-0.4978143274784088
889.8099975585938,0.0,0.0,0.0,3.3121371269226074,-0.5716035962104797,0.30644041299819946,3.9397406578063965,0.31211036443710327
1012.4420166015625,0.0,0.0,0.0,4.490583896636963,-0.43181154131889343,0.06319614499807358,4.788308620452881,0.1195620521903038
768.5700073242188,0.0,0.0,0.0,3.7241098880767822,0.2340545803308487,-0.07033710926771164,4.005765914916992,0.01181920524686575
803.7420043945312,0.0,0.0,0.0,2.7473325729370117,0.8239513635635376,-0.4100955128669739,3.1689984798431396,-0.3128417730331421
204.99000549316406,0.0,0.0,0.0,3.081975221633911,0.27611202001571655,-0.35628312826156616,2.2939071655273438,-0.4778304994106293
139.74200439453125,0.0,0.0,0.0,2.965329885482788,0.29950615763664246,-0.1532217562198639,3.0949156284332275,-0.134821817278862
648.2020263671875,0.0,0.0,0.0,1.1588833332061768,0.002260943641886115,0.005026403348892927,1.732112169265747,-0.05349164456129074
434.8819885253906,0.0,0.0,0.0,3.2933528423309326,0.23961429297924042,-0.14621131122112274,3.4744412899017334,-0.14437779784202576
849.0139770507812,0.0,0.0,0.0,2.551349639892578,0.5396261811256409,-0.3191884756088257,2.3515119552612305,-0.37115344405174255
210.53799438476562,0.0,0.0,0.0,3.6879982948303223,0.7574619650840759,-0.31781432032585144,4.061384201049805,-0.29962319135665894
474.60198974609375,0.0,0.0,0.0,2.7886366844177246,-0.05574820935726166,-0.06852317601442337,2.4304840564727783,-0.06765303760766983
562.1500244140625,0.0,0.0,0.0,4.178574085235596,0.6954323053359985,-0.2083248794078827,4.546121120452881,-0.1751411408185959
912.2260131835938,0.0,0.0,0.0,4.464799880981445,-0.009948909282684326,0.052753228694200516,4.809725284576416,0.028454897925257683
923.3140258789062,0.0,0.0,0.0,2.555079698562622,-0.5297598838806152,0.36608028411865234,2.9025847911834717,0.44234421849250793
661.9500122070312,0.0,0.0,0.0,2.5958316326141357,-0.4627673923969269,0.3914983868598938,3.069451332092285,0.4574400782585144
967.8579711914062,0.0,0.0,0.0,2.1515157222747803,0.34397849440574646,-0.3888223469257355,2.118401050567627,-0.3500191569328308
375.7900085449219,0.0,0.0,0.0,3.6054494380950928,-0.3675707280635834,0.22127455472946167,3.801548957824707,0.2523813843727112
386.1180114746094,0.0,0.0,0.0,3.4541704654693604,-0.764129638671875,0.4356193244457245,3.7598443031311035,0.5322949290275574
411.4020080566406,0.0,0.0,0.0,2.642056465148926,0.3604792058467865,-0.2676376402378082,2.9118690490722656,-0.2591207027435303
974.7420043945312,0.0,0.0,0.0,3.228900194168091,0.6287383437156677,-0.3862423896789551,3.5214855670928955,-0.45293745398521423
807.6060180664062,0.0,0.0,0.0,3.453965187072754,0.8339809775352478,-0.42485442757606506,3.9361650943756104,-0.4636557102203369
538.5579833984375,0.0,0.0,0.0,4.532848358154297,0.6331601142883301,-0.21110229194164276,4.659021377563477,-0.11417488008737564
272.6579895019531,0.0,0.0,0.0,3.529334545135498,0.1318947970867157,-0.10052107274532318,3.6960537433624268,-0.004337654449045658
336.99798583984375,0.0,0.0,0.0,2.466942548751831,0.4021885097026825,-0.15824081003665924,2.4469568729400635,-0.20124974846839905
797.197998046875,0.0,0.0,0.0,3.1907219886779785,0.07700056582689285,-0.022938858717679977,3.2740256786346436,-0.03091586008667946
856.0460205078125,0.0,0.0,0.0,1.8836562633514404,-0.5097982883453369,0.5551590919494629,1.8496792316436768,0.6015588045120239
917.3099975585938,0.0,0.0,0.0,3.8977975845336914,0.0030672182328999043,0.1698826402425766,3.585237979888916,0.22303228080272675
137.22999572753906,0.0,0.0,0.0,1.5602961778640747,0.03304712846875191,-0.07873498648405075,2.0000452995300293,-0.09255371987819672
446.2900085449219,0.0,0.0,0.0,3.1399319171905518,0.5314239859580994,-0.22448523342609406,3.443098545074463,-0.22842589020729065
593.3779907226562,0.0,0.0,0.0,3.6910648345947266,0.48322489857673645,-0.23881977796554565,4.160645484924316,-0.23474760353565216
893.8619995117188,0.0,0.0,0.0,1.6995388269424438,-0.3129294812679291,0.5357754826545715,1.828739047050476,0.47159937024116516
631.9140014648438,0.0,0.0,0.0,4.478170394897461,0.44358763098716736,-0.09895501285791397,4.836619853973389,-0.08545521646738052
467.5740051269531,0.0,0.0,0.0,3.9629523754119873,-0.5027645826339722,0.21426928043365479,4.327171802520752,0.2495039403438568
584.0139770507812,0.0,0.0,0.0,4.484053611755371,-0.14942201972007751,0.16205601394176483,4.142207622528076,0.2906261682510376
198.52200317382812,0.0,0.0,0.0,4.603464603424072,-0.24091306328773499,-0.005253099370747805,4.94716739654541,-0.029900096356868744
659.1900024414062,0.0,0.0,0.0,1.4141112565994263,-0.07405802607536316,0.2569589912891388,1.629258155822754,0.23140780627727509
781.6339721679688,0.0,0.0,0.0,2.7262632846832275,0.43862006068229675,-0.3533822298049927,3.327688217163086,-0.34381091594696045
299.2460021972656,0.0,0.0,0.0,2.3260397911071777,0.6261038184165955,-0.6399281620979309,2.63277530670166,-0.7248790264129639
794.6740112304688,0.0,0.0,0.0,2.866659164428711,0.03401927277445793,0.024181634187698364,2.880375385284424,-0.0031145275570452213
201.2740020751953,0.0,0.0,0.0,4.653080463409424,0.017498096451163292,-0.004422497469931841,4.676379680633545,-0.05938759073615074
863.177978515625,0.0,0.0,0.0,4.014782905578613,-0.7237549424171448,0.4885924160480499,3.797867774963379,0.5135253667831421
586.4539794921875,0.0,0.0,0.0,2.9359543323516846,-0.627790629863739,0.30777350068092346,3.0118062496185303,0.34290093183517456
281.697998046875,0.0,0.0,0.0,3.0925567150115967,-0.5483787059783936,0.33368995785713196,3.4052529335021973,0.34398186206817627
665.3820190429688,0.0,0.0,0.0,3.6263723373413086,-0.3472287654876709,0.10898228734731674,3.6724135875701904,0.05489004775881767
270.5740051269531,0.0,0.0,0.0,3.161196708679199,-0.057406794279813766,-0.07465551793575287,3.6663994789123535,-0.05468577519059181
539.3779907226562,0.0,0.0,0.0,4.659720420837402,0.4813433587551117,-0.1332903653383255,4.7304301261901855,-0.053090427070856094
985.1220092773438,0.0,0.0,0.0,3.168788194656372,0.6995365023612976,-0.35639655590057373,3.557912826538086,-0.3416021168231964
170.85400390625,0.0,0.0,0.0,1.6571661233901978,0.466467946767807,-0.6007710099220276,1.7282284498214722,-0.44969627261161804
1023.9019775390625,0.0,0.0,0.0,4.341062068939209,0.2662612795829773,-0.38045763969421387,4.206476211547852,-0.2967647314071655
614.1019897460938,0.0,0.0,0.0,3.3267605304718018,-0.5392462015151978,0.2954252362251282,2.8202855587005615,0.21681801974773407
245.9739990234375,0.0,0.0,0.0,2.703798770904541,-0.764365017414093,0.5535262823104858,3.3246822357177734,0.5753388404846191
571.6500244140625,0.0,0.0,0.0,3.812680959701538,0.7786825895309448,-0.3108862340450287,4.348277568817139,-0.26949387788772583
134.7100067138672,0.0,0.0,0.0,-0.0011197132989764214,0.0007505241082981229,-0.0011430596932768822,0.0,0.0
839.8820190429688,0.0,0.0,0.0,1.5509964227676392,0.1836594194173813,-0.3587760031223297,1.6382333040237427,-0.35452577471733093
960.8099975585938,0.0,0.0,0.0,4.107363224029541,0.38821569085121155,-0.12457757443189621,4.657099723815918,-0.09728541225194931
308.1860046386719,0.0,0.0,0.0,4.137155055999756,-0.390713632106781,0.10406006127595901,4.388599395751953,0.05330587550997734
156.25399780273438,0.0,0.0,0.0,2.362156391143799,0.7136533260345459,-0.6362134218215942,2.464982748031616,-0.7677791118621826
464.1180114746094,0.0,0.0,0.0,2.502631664276123,-0.4983517825603485,0.4461332857608795,2.9370956420898438,0.5039017200469971
684.8460083007812,0.0,0.0,0.0,2.238288640975952,-0.1350797563791275,0.17331871390342712,2.784106969833374,0.17928515374660492
919.97802734375,0.0,0.0,0.0,3.6464221477508545,-0.38611820340156555,0.23594839870929718,3.72624135017395,0.2117077112197876
712.9459838867188,0.0,0.0,0.0,3.8203141689300537,0.616970956325531,-0.02999200113117695,3.9348580837249756,0.09373975545167923
800.2739868164062,0.0,0.0,0.0,3.9443018436431885,0.8906446695327759,-0.35456132888793945,4.543919563293457,-0.40146884322166443
395.27398681640625,0.0,0.0,0.0,2.1108665466308594,0.3151553273200989,-0.4483576714992523,1.8933603763580322,-0.4967259466648102
960.6019897460938,0.0,0.0,0.0,4.066092014312744,0.3945472538471222,-0.12198242545127869,4.24585485458374,-0.040969084948301315
222.28599548339844,0.0,0.0,0.0,3.9120261669158936,0.4703384339809418,-0.12750941514968872,4.301416873931885,-0.1569286435842514
323.8139953613281,0.0,0.0,0.0,2.2565817832946777,0.3746521770954132,-0.4595867097377777,2.7837579250335693,-0.5690140128135681
616.7459716796875,0.0,0.0,0.0,-0.06666483730077744,-0.00011106862802989781,-0.00142064003739506,0.0,0.0
1027.3740234375,0.0,0.0,0.0,4.094213962554932,0.7384420037269592,-0.3101637363433838,3.5928311347961426,-0.3061864972114563
294.9419860839844,0.0,0.0,0.0,2.7250282764434814,0.3412356674671173,-0.29692837595939636,2.6242382526397705,-0.31763139367103577
409.17401123046875,0.0,0.0,0.0,2.1475231647491455,0.1708313226699829,-0.08420774340629578,2.125227451324463,-0.11094263941049576
394.4339904785156,0.0,0.0,0.0,2.709606647491455,0.14504294097423553,-0.2730543315410614,2.46549129486084,-0.35411348938941956
310.7099914550781,0.0,0.0,0.0,3.7656121253967285,-0.02751777321100235,0.005266475956887007,3.796823501586914,0.05872108042240143
254.08599853515625,0.0,0.0,0.0,4.528675556182861,-0.5462473630905151,0.13724976778030396,4.498405933380127,0.12856043875217438
475.197998046875,0.0,0.0,0.0,2.466672897338867,0.04019824042916298,-0.08269427716732025,2.261836290359497,-0.06981460005044937
670.4340209960938,0.0,0.0,0.0,1.8140112161636353,-0.25133180618286133,0.42981967329978943,1.9567224979400635,0.40333878993988037
627.7139892578125,0.0,0.0,0.0,3.3831241130828857,0.7525058388710022,-0.41742178797721863,4.200597286224365,-0.5168471932411194
307.8819885253906,0.0,0.0,0.0,4.076838970184326,-0.4574712812900543,0.07182006537914276,4.079713344573975,0.07974018901586533
457.7860107421875,0.0,0.0,0.0,2.237962245941162,-0.0325353741645813,0.06206010654568672,2.4968104362487793,0.04987094923853874
860.9459838867188,0.0,0.0,0.0,3.823870897293091,-0.6548992991447449,0.25130558013916016,4.265848636627197,0.34270361065864563
191.79800415039062,0.0,0.0,0.0,1.8024259805679321,-0.29908499121665955,0.38962408900260925,2.0088298320770264,0.4705716073513031
138.7220001220703,0.0,0.0,0.0,2.710475206375122,0.20876504480838776,-0.13730831444263458,3.0764403343200684,-0.18499092757701874
469.8500061035156,0.0,0.0,0.0,3.6376543045043945,-1.0847551822662354,0.514298677444458,3.8315024375915527,0.5100931525230408
174.3179931640625,0.0,0.0,0.0,2.6056652069091797,-0.40436896681785583,0.37542396783828735,2.9458911418914795,0.3504561483860016
411.08599853515625,0.0,0.0,0.0,2.591341495513916,0.31255486607551575,-0.1763826459646225,2.8017542362213135,-0.22920875251293182
707.6019897460938,0.0,0.0,0.0,2.5911941528320312,0.5814272165298462,-0.4750960171222687,3.099581241607666,-0.5508661270141602
671.7780151367188,0.0,0.0,0.0,2.33115553855896,-0.4470130503177643,0.48583707213401794,2.761970281600952,0.469103068113327
155.8939971923828,0.0,0.0,0.0,2.6550986766815186,0.698213517665863,-0.5598509311676025,2.5449490547180176,-0.6689470410346985
573.8579711914062,0.0,0.0,0.0,4.473387241363525,0.28153806924819946,-0.05662822723388672,4.478096008300781,-0.07596974819898605
846.7940063476562,0.0,0.0,0.0,4.346704483032227,0.3265802264213562,-0.05130375549197197,4.607633113861084,-0.04447581619024277
710.6300048828125,0.0,0.0,0.0,2.77549409866333,0.7778531908988953,-0.576472282409668,3.5492217540740967,-0.604011595249176
605.614013671875,0.0,0.0,0.0,3.5820822715759277,-0.8806661367416382,0.37180259823799133,4.306644439697266,0.44831639528274536
1019.5419921875,0.0,0.0,0.0,3.9709560871124268,-0.17002369463443756,0.024092460051178932,4.307328701019287,0.02171381190419197
999.197998046875,0.0,0.0,0.0,2.4746017456054688,-0.29764875769615173,0.4464908242225647,2.411895751953125,0.4236382842063904
483.8179931640625,0.0,0.0,0.0,2.9372830390930176,0.8574212193489075,-0.3255564272403717,3.359144449234009,-0.3726758658885956
661.4340209960938,0.0,0.0,0.0,2.33191180229187,-0.40169569849967957,0.38776543736457825,2.7971105575561523,0.4048774540424347
496.1579895019531,0.0,0.0,0.0,2.2827634811401367,-0.3707506060600281,0.37475693225860596,2.5205764770507812,0.3126373887062073
541.72998046875,0.0,0.0,0.0,4.101429462432861,-0.7291883826255798,0.4314010441303253,4.103706359863281,0.36276009678840637
738.885986328125,0.0,0.0,0.0,3.5053927898406982,-0.6502554416656494,0.28587645292282104,3.801635503768921,0.34403377771377563
983.6179809570312,0.0,0.0,0.0,2.5158469676971436,0.7127715349197388,-0.5394243597984314,2.8556973934173584,-0.5630403757095337
991.030029296875,0.0,0.0,0.0,2.43315052986145,0.28424984216690063,-0.32666411995887756,2.6866581439971924,-0.2891834080219269
401.5379943847656,0.0,0.0,0.0,3.7862141132354736,0.517221212387085,-0.06774202734231949,3.978440523147583,-0.12332580238580704
255.70599365234375,0.0,0.0,0.0,4.647680759429932,-0.13466180860996246,-0.011416280642151833,4.804790496826172,0.09537820518016815
809.6300048828125,0.0,0.0,0.0,4.114282608032227,0.655062198638916,-0.27091172337532043,4.204801082611084,-0.21174748241901398
677.0900268554688,0.0,0.0,0.0,2.0625452995300293,-0.6365466713905334,0.6361246109008789,2.4011130332946777,0.6771841645240784
735.989990234375,0.0,0.0,0.0,3.0396924018859863,-0.4325462281703949,0.09670715034008026,3.0931196212768555,0.20824380218982697
586.0499877929688,0.0,0.0,0.0,3.0907962322235107,-0.742915689945221,0.35384103655815125,3.1926441192626953,0.310560405254364
299.7619934082031,0.0,0.0,0.0,2.1591908931732178,0.6799463033676147,-0.7211716771125793,2.164238691329956,-0.688456118106842
223.0540008544922,0.0,0.0,0.0,3.8583245277404785,0.35772478580474854,-0.0733363926410675,3.6312782764434814,-0.01069546490907669
394.6419982910156,0.0,0.0,0.0,2.575542449951172,0.2211298942565918,-0.4047714173793793,2.177398681640625,-0.31988897919654846
458.2380065917969,0.0,0.0,0.0,2.471275568008423,-0.06314066797494888,0.04833328351378441,2.7963759899139404,0.031287968158721924
1027.7659912109375,0.0,0.0,0.0,3.649693250656128,0.8056662678718567,-0.45928725600242615,2.803809881210327,-0.5317214727401733
490.5780029296875,0.0,0.0,0.0,2.970681667327881,0.4002574682235718,-0.27362266182899475,2.8812358379364014,-0.24919843673706055
230.3260040283203,0.0,0.0,0.0,1.6398532390594482,0.29784801602363586,-0.5181305408477783,1.8545199632644653,-0.5930986404418945
208.4980010986328,0.0,0.0,0.0,2.3384194374084473,0.46302708983421326,-0.5766497254371643,2.855621814727783,-0.6490954160690308
463.3139953613281,0.0,0.0,0.0,2.4784469604492188,-0.4151778519153595,0.3948349952697754,2.564889430999756,0.357442706823349
368.8179931640625,0.0,0.0,0.0,4.08709192276001,-0.6935502886772156,0.18440917134284973,4.346738815307617,0.10255865752696991
581.030029296875,0.0,0.0,0.0,4.0206146240234375,0.4163171052932739,-0.05581606924533844,4.435328006744385,0.005854140035808086
863.510009765625,0.0,0.0,0.0,3.789517879486084,-0.9189819693565369,0.4670039713382721,3.9962611198425293,0.5606060028076172
481.3819885253906,0.0,0.0,0.0,3.738240957260132,0.7006049752235413,-0.29476889967918396,4.01078462600708,-0.32701778411865234
422.7179870605469,0.0,0.0,0.0,3.9013452529907227,0.7392949461936951,-0.31909018754959106,4.115519046783447,-0.2712591886520386
731.8179931640625,0.0,0.0,0.0,4.1256256103515625,-0.5804186463356018,0.28505653142929077,4.302272319793701,0.24281981587409973
342.2820129394531,0.0,0.0,0.0,1.930664300918579,0.17194746434688568,-0.16874468326568604,2.3504509925842285,-0.21803079545497894
813.6740112304688,0.0,0.0,0.0,3.2882933616638184,-0.45280635356903076,0.3003888428211212,3.20047926902771,0.27627378702163696
562.7100219726562,0.0,0.0,0.0,4.400393486022949,0.6017599701881409,-0.14214776456356049,4.371899604797363,-0.07367612421512604
473.74200439453125,0.0,0.0,0.0,3.2792458534240723,-0.2694636881351471,0.0012001122813671827,3.0362067222595215,0.06252503395080566
329.4779968261719,0.0,0.0,0.0,4.09338903427124,0.13456693291664124,0.03442051634192467,3.948014974594116,0.022715717554092407
756.1060180664062,0.0,0.0,0.0,1.9360491037368774,0.11022710055112839,-0.11158961057662964,1.9405030012130737,-0.12133747339248657
1024.1300048828125,0.0,0.0,0.0,4.1939215660095215,0.5053219199180603,-0.38526955246925354,4.041125297546387,-0.4511244595050812
590.1820068359375,0.0,0.0,0.0,2.2454123497009277,-0.4789313077926636,0.3813047707080841,2.7170207500457764,0.32116779685020447
967.14599609375,0.0,0.0,0.0,2.4690299034118652,0.2842969298362732,-0.22557441890239716,2.3414440155029297,-0.27671676874160767
573.1580200195312,0.0,0.0,0.0,4.380274772644043,0.4827840328216553,-0.07375626266002655,4.6379570960998535,-0.07265093922615051
1031.697998046875,0.0,0.0,0.0,2.0428707599639893,0.48288795351982117,-0.5472405552864075,2.3458666801452637,-0.519445538520813
393.6300048828125,0.0,0.0,0.0,3.2900757789611816,0.16978442668914795,-0.13088975846767426,3.1274640560150146,-0.09735199809074402
283.0780029296875,0.0,0.0,0.0,3.5997116565704346,-0.5364809036254883,0.2289368212223053,3.7739224433898926,0.19223114848136902
708.75,0.0,0.0,0.0,2.73301362991333,0.8527840375900269,-0.7970041036605835,2.790497064590454,-0.7991939783096313
906.3980102539062,0.0,0.0,0.0,2.126115083694458,0.2352100908756256,-0.3728014826774597,2.214175224304199,-0.29230251908302307
670.0859985351562,0.0,0.0,0.0,1.7375741004943848,-0.2158990204334259,0.40752527117729187,1.9035335779190063,0.3726540803909302
1005.4979858398438,0.0,0.0,0.0,3.870847702026367,-0.7893402576446533,0.1950441151857376,4.020837306976318,0.14264515042304993
733.6580200195312,0.0,0.0,0.0,3.8048019409179688,-0.5948885083198547,0.11477062106132507,3.7898342609405518,0.11059697717428207
385.5459899902344,0.0,0.0,0.0,3.597108840942383,-0.6238248348236084,0.2173430621623993,3.908701181411743,0.29721948504447937
795.1019897460938,0.0,0.0,0.0,2.859689950942993,0.025651413947343826,-0.032167378813028336,3.1725664138793945,-0.04069948568940163
867.1380004882812,0.0,0.0,0.0,4.299577236175537,-0.3747624456882477,-0.15298151969909668,3.7334768772125244,-0.3833792209625244
432.12200927734375,0.0,0.0,0.0,2.360325813293457,0.13584205508232117,-0.1976165622472763,2.6371383666992188,-0.17907728254795074
475.74200439453125,0.0,0.0,0.0,2.1294076442718506,0.1558772474527359,-0.25624412298202515,2.2417871952056885,-0.2444087266921997
310.0780029296875,0.0,0.0,0.0,4.00071907043457,-0.1002519354224205,0.003032080829143524,4.083846569061279,0.019505038857460022
279.7900085449219,0.0,0.0,0.0,3.2196409702301025,-0.4173422157764435,0.19474384188652039,2.973940849304199,0.12301809340715408
398.5539855957031,0.0,0.0,0.0,3.0319628715515137,0.6376417279243469,-0.4364319145679474,3.6396758556365967,-0.4913654029369354
924.9459838867188,0.0,0.0,0.0,3.164600372314453,-0.655003011226654,0.30704009532928467,3.776735544204712,0.3518308401107788
618.5139770507812,0.0,0.0,0.0,1.5218595266342163,0.03943386301398277,-0.11090902239084244,1.5183629989624023,-0.07566818594932556
291.22198486328125,0.0,0.0,0.0,2.365178108215332,-0.9142394065856934,0.7614651322364807,2.5724856853485107,0.751731276512146
538.781982421875,0.0,0.0,0.0,4.546019077301025,0.5952216982841492,-0.13380461931228638,4.85057258605957,-0.12361399829387665
838.9819946289062,0.0,0.0,0.0,1.12873375415802,0.0687534436583519,-0.1990288347005844,1.4176595211029053,-0.27823513746261597
980.8499755859375,0.0,0.0,0.0,3.7532198429107666,0.5579067468643188,-0.17197537422180176,3.5085251331329346,-0.22731532156467438
910.9099731445312,0.0,0.0,0.0,4.203962326049805,-0.010148449800908566,0.04242056980729103,4.453564643859863,0.07016732543706894
145.82200622558594,0.0,0.0,0.0,3.9295430183410645,0.068458192050457,-0.010563182644546032,4.204141616821289,-0.04008624702692032
445.1180114746094,0.0,0.0,0.0,2.49467134475708,0.4226215183734894,-0.3088279962539673,2.7517080307006836,-0.35924625396728516
954.6740112304688,0.0,0.0,0.0,4.140473365783691,0.1585351675748825,0.03993864730000496,3.865206480026245,-0.0740852802991867
269.8219909667969,0.0,0.0,0.0,2.682677745819092,-0.27288302779197693,0.0687631294131279,2.9501774311065674,-0.06000404804944992
709.6300048828125,0.0,0.0,0.0,2.301351308822632,0.8841729760169983,-0.7466790676116943,2.6134109497070312,-0.7581658959388733
275.6659851074219,0.0,0.0,0.0,2.3787364959716797,-0.09902583062648773,0.2302587926387787,2.308683395385742,0.2665776014328003
585.9180297851562,0.0,0.0,0.0,3.12423038482666,-0.7951958179473877,0.4361787736415863,3.135737895965576,0.3751894533634186
147.73800659179688,0.0,0.0,0.0,4.048291206359863,0.005568175110965967,0.0117333447560668,4.0590691566467285,0.019046351313591003
310.406005859375,0.0,0.0,0.0,3.8936710357666016,-0.06484174728393555,0.057698432356119156,3.6921534538269043,0.035190243273973465
480.25,0.0,0.0,0.0,3.525373935699463,0.42404213547706604,-0.17224529385566711,3.874004364013672,-0.23750382661819458
533.7739868164062,0.0,0.0,0.0,2.3530142307281494,0.5258238315582275,-0.464680016040802,2.6973443031311035,-0.41005939245224
713.6300048828125,0.0,0.0,0.0,3.5675055980682373,-0.16584698855876923,0.4073129892349243,3.2635886669158936,0.5153025984764099
506.9739990234375,0.0,0.0,0.0,3.771571397781372,-0.2055305689573288,0.0817934051156044,3.6734676361083984,0.10185794532299042
932.1220092773438,0.0,0.0,0.0,3.2933685779571533,0.7762985229492188,-0.3407977819442749,3.378040075302124,-0.3952676057815552
248.02200317382812,0.0,0.0,0.0,3.8363800048828125,-0.6871384382247925,0.18779408931732178,4.5148162841796875,0.2657068967819214
710.8419799804688,0.0,0.0,0.0,2.941878080368042,0.8126068115234375,-0.5625215768814087,3.6311769485473633,-0.5518139004707336
284.1099853515625,0.0,0.0,0.0,3.9390292167663574,-0.4298117458820343,0.11307300627231598,4.313869476318359,0.12128270417451859
248.8260040283203,0.0,0.0,0.0,4.180149078369141,-0.566805362701416,0.10840629041194916,5.019004821777344,0.2073390930891037
577.6420288085938,0.0,0.0,0.0,2.2088255882263184,0.6956005096435547,-0.6274809837341309,2.4079158306121826,-0.5845567584037781
683.27001953125,0.0,0.0,0.0,0.17741934955120087,-0.00449218787252903,-0.019058875739574432,0.7480865120887756,0.014564304612576962
640.64599609375,0.0,0.0,0.0,1.6684969663619995,0.01645513065159321,-0.09410576522350311,1.6735440492630005,-0.08609092235565186
185.78199768066406,0.0,0.0,0.0,4.285143852233887,-0.3741622567176819,0.08712678402662277,4.142384052276611,0.015949750319123268
603.3179931640625,0.0,0.0,0.0,2.6592915058135986,-0.6234391331672668,0.4786980450153351,3.459146499633789,0.5112026929855347
236.7259979248047,0.0,0.0,0.0,3.1630795001983643,-0.5291940569877625,0.29962366819381714,3.4836480617523193,0.23599879443645477
366.19000244140625,0.0,0.0,0.0,3.0788414478302,-0.8875307440757751,0.5513551831245422,3.217541217803955,0.5469511151313782
178.093994140625,0.0,0.0,0.0,2.9814252853393555,-0.2313106209039688,0.06307455897331238,3.014894962310791,0.11072805523872375
759.2059936523438,0.0,0.0,0.0,2.4799647331237793,0.07878948003053665,-0.11149699240922928,2.605694532394409,-0.13014888763427734
925.85400390625,0.0,0.0,0.0,3.6451077461242676,-0.6831527352333069,0.23973499238491058,4.04828405380249,0.20827555656433105
787.0859985351562,0.0,0.0,0.0,3.669783353805542,0.4396834969520569,-0.24997954070568085,3.7995107173919678,-0.24692349135875702
680.9459838867188,0.0,0.0,0.0,2.0231239795684814,-0.4667300283908844,0.12352883815765381,0.0,0.0
203.8300018310547,0.0,0.0,0.0,4.518575668334961,-0.016594519838690758,-0.0012267593992874026,4.476381778717041,-0.0030861864797770977
388.7980041503906,0.0,0.0,0.0,3.295620918273926,-0.4771778881549835,0.1556820422410965,3.2978737354278564,0.13881033658981323
417.4540100097656,0.0,0.0,0.0,3.855884075164795,0.6436502933502197,-0.21462790668010712,3.942112445831299,-0.13027560710906982
338.95001220703125,0.0,0.0,0.0,2.222597360610962,0.22629360854625702,-0.16672474145889282,2.3301546573638916,-0.14012157917022705
133.8820037841797,0.0,0.0,0.0,-0.0021786082070320845,1.2066301678714808e-05,0.00107465754263103,0.0,0.0
339.9460144042969,0.0,0.0,0.0,1.9841467142105103,0.16201606392860413,-0.17024444043636322,2.000009775161743,-0.041369225829839706
497.1059875488281,0.0,0.0,0.0,2.5218558311462402,-0.38710838556289673,0.32341933250427246,2.743633985519409,0.36219775676727295
567.7379760742188,0.0,0.0,0.0,4.610874176025391,0.0492718406021595,-0.025728877633810043,4.453005790710449,-0.12775419652462006
891.9420166015625,0.0,0.0,0.0,1.923694133758545,-0.37727320194244385,0.45071154832839966,1.6642593145370483,0.39503371715545654
993.4459838867188,0.0,0.0,0.0,3.536719799041748,0.5017638206481934,-0.18098317086696625,3.9344825744628906,-0.201616108417511
362.2460021972656,0.0,0.0,0.0,1.8954534530639648,-0.4398278295993805,0.4787037968635559,2.0582845211029053,0.4907161593437195
352.5459899902344,0.0,0.0,0.0,2.4331867694854736,0.17646682262420654,-0.07886888831853867,2.269928216934204,-0.11059506982564926
965.2459716796875,0.0,0.0,0.0,2.9505951404571533,0.6601300835609436,-0.3041914403438568,2.91549015045166,-0.23998381197452545
172.28199768066406,0.0,0.0,0.0,1.6806163787841797,-0.07597259432077408,0.21415644884109497,1.900846004486084,0.2667428255081177
155.6580047607422,0.0,0.0,0.0,2.7226030826568604,0.7140861749649048,-0.4191630184650421,2.851029396057129,-0.512519359588623
437.72601318359375,0.0,0.0,0.0,2.328659772872925,0.09243069589138031,-0.12005706876516342,2.32094669342041,-0.15037792921066284
746.677978515625,0.0,0.0,0.0,4.111355781555176,-0.4141085743904114,0.06716984510421753,4.023169994354248,0.07940888404846191
291.6619873046875,0.0,0.0,0.0,2.386659622192383,-0.8550442457199097,0.667792022228241,2.8010547161102295,0.6925138235092163
877.4340209960938,0.0,0.0,0.0,1.4073927402496338,0.15325236320495605,-0.3182660937309265,1.4925090074539185,-0.3463849425315857
154.97799682617188,0.0,0.0,0.0,2.711409330368042,0.8267091512680054,-0.5076399445533752,3.0033795833587646,-0.5279123783111572
185.01800537109375,0.0,0.0,0.0,4.203192234039307,-0.5116539597511292,0.13952839374542236,4.285130023956299,0.0935913473367691
299.1419982910156,0.0,0.0,0.0,2.378297805786133,0.5970131754875183,-0.6403411030769348,2.4412403106689453,-0.6307007074356079
747.4459838867188,0.0,0.0,0.0,3.9080770015716553,-0.26582205295562744,0.02722124382853508,3.8791451454162598,0.011483031325042248
684.1019897460938,0.0,0.0,0.0,1.593078374862671,-0.03326871246099472,0.07908745855093002,2.060133457183838,0.12121685594320297
655.5180053710938,0.0,0.0,0.0,2.2799251079559326,-0.5034965872764587,0.500710129737854,2.488176107406616,0.4669972062110901
607.8460083007812,0.0,0.0,0.0,4.440537452697754,-0.45620909333229065,0.1051047295331955,4.585033893585205,0.10014208406209946
205.85400390625,0.0,0.0,0.0,1.846258282661438,0.4698595106601715,-0.5215936303138733,1.8748469352722168,-0.5749576091766357
303.69000244140625,0.0,0.0,0.0,2.0372087955474854,-0.17813298106193542,0.2513599693775177,2.343407154083252,0.34034574031829834
293.5459899902344,0.0,0.0,0.0,2.844543933868408,-0.4112086892127991,-0.0269894078373909,2.8061845302581787,-0.10080921649932861
1021.0499877929688,0.0,0.0,0.0,4.181975364685059,-0.06528893858194351,-0.029858563095331192,4.432896137237549,0.030638227239251137
921.7420043945312,0.0,0.0,0.0,2.8712456226348877,-0.39266684651374817,0.27517780661582947,2.5793306827545166,0.33218714594841003
859.4340209960938,0.0,0.0,0.0,2.8577609062194824,-0.6539360880851746,0.5027199983596802,3.4688339233398438,0.4626465439796448
567.9860229492188,0.0,0.0,0.0,4.516411304473877,0.13805915415287018,-0.13370510935783386,4.272436141967773,-0.2585162818431854
526.9819946289062,0.0,0.0,0.0,1.5756319761276245,0.1610107719898224,-0.14060842990875244,1.4676594734191895,-0.14945967495441437
171.58200073242188,0.0,0.0,0.0,1.665478229522705,0.19208937883377075,-0.042776212096214294,1.649074673652649,0.07848525047302246
563.1859741210938,0.0,0.0,0.0,4.426646709442139,0.4618837535381317,0.007139143999665976,4.899236679077148,-0.03545020520687103
660.406005859375,0.0,0.0,0.0,1.8900296688079834,-0.25196516513824463,0.4097118377685547,2.126455545425415,0.3656666576862335
898.5460205078125,0.0,0.0,0.0,2.9868998527526855,-1.1637080907821655,0.8340927958488464,2.9578568935394287,0.7561773657798767
257.6419982910156,0.0,0.0,0.0,4.574162483215332,0.04716947674751282,-0.026220232248306274,4.306030750274658,-0.02245711162686348
622.4819946289062,0.0,0.0,0.0,2.1032612323760986,0.12296634167432785,-0.09109098464250565,2.2327067852020264,-0.08877120912075043
230.6300048828125,0.0,0.0,0.0,1.6455273628234863,0.32676807045936584,-0.4812467098236084,1.6213750839233398,-0.4671754240989685
370.00201416015625,0.0,0.0,0.0,4.344244956970215,-0.47430649399757385,0.1065957099199295,4.624355792999268,0.08038624376058578
460.3500061035156,0.0,0.0,0.0,3.28305983543396,-0.10118275880813599,-0.012614739127457142,3.674487829208374,0.038437068462371826
425.3179931640625,0.0,0.0,0.0,4.305314540863037,0.6446747779846191,-0.23354031145572662,4.617313861846924,-0.10061673074960709
620.9500122070312,0.0,0.0,0.0,1.9245110750198364,0.08842939138412476,-0.1265014111995697,1.9298244714736938,-0.07892007380723953
145.35400390625,0.0,0.0,0.0,3.771378517150879,0.1000588983297348,0.008263367228209972,4.014947414398193,-0.04194595292210579
387.0740051269531,0.0,0.0,0.0,3.29040789604187,-0.8907877802848816,0.40728759765625,3.566760301589966,0.3919822573661804
644.3699951171875,0.0,0.0,0.0,3.1431431770324707,0.5451012849807739,-0.2900613844394684,3.9191718101501465,-0.2728005051612854
407.9540100097656,0.0,0.0,0.0,1.854036808013916,0.12508955597877502,-0.16732442378997803,2.018357276916504,-0.09009478241205215
584.27001953125,0.0,0.0,0.0,4.347107887268066,-0.31392961740493774,0.30385029315948486,4.040336608886719,0.4449225962162018
736.6380004882812,0.0,0.0,0.0,3.115351438522339,-0.40452849864959717,0.15550097823143005,3.3079988956451416,0.20457147061824799
473.3219909667969,0.0,0.0,0.0,3.499743700027466,-0.41918110847473145,0.09054479748010635,3.2704172134399414,0.12097322940826416
499.01800537109375,0.0,0.0,0.0,2.5124454498291016,-0.2964971959590912,0.19398687779903412,2.693527936935425,0.1939934343099594
501.5140075683594,0.0,0.0,0.0,1.6649165153503418,-0.24091801047325134,0.46318963170051575,1.8968086242675781,0.4595233201980591
664.9539794921875,0.0,0.0,0.0,3.69010066986084,-0.38889554142951965,0.13661275804042816,3.7190752029418945,0.14157134294509888
320.2179870605469,0.0,0.0,0.0,1.9582597017288208,0.2531464099884033,-0.3560265004634857,1.8117716312408447,-0.33451470732688904
400.98199462890625,0.0,0.0,0.0,3.754460573196411,0.6514208912849426,-0.18122568726539612,3.8442635536193848,-0.14865811169147491
825.7459716796875,0.0,0.0,0.0,2.384070634841919,0.5006994605064392,-0.46609020233154297,2.6919682025909424,-0.4597528278827667
372.70599365234375,0.0,0.0,0.0,3.6687557697296143,-0.02157735824584961,-0.011504239402711391,3.4274520874023438,0.04542756453156471
579.5139770507812,0.0,0.0,0.0,3.160918712615967,0.7324526906013489,-0.43431514501571655,3.8508777618408203,-0.3912560045719147
934.677978515625,0.0,0.0,0.0,2.9591033458709717,0.25605443120002747,-0.06510478258132935,2.6980628967285156,-0.04591142386198044
877.8740234375,0.0,0.0,0.0,1.4519935846328735,0.17701208591461182,-0.34409448504447937,1.5198923349380493,-0.37695345282554626
771.8099975585938,0.0,0.0,0.0,4.3519062995910645,0.055624477565288544,-0.029977569356560707,4.359674453735352,-0.19481903314590454
692.9500122070312,0.0,0.0,0.0,3.810354471206665,-0.7467347979545593,0.49673759937286377,3.034386396408081,0.6468614935874939
684.5020141601562,0.0,0.0,0.0,2.0033795833587646,-0.08984140306711197,0.13355007767677307,2.3884105682373047,0.1472003012895584
254.3300018310547,0.0,0.0,0.0,4.555601119995117,-0.5120476484298706,0.1280478984117508,4.5128984451293945,0.07333468645811081
235.79400634765625,0.0,0.0,0.0,2.66152024269104,-0.3947329819202423,0.3054588735103607,3.1202597618103027,0.3685573935508728
627.302001953125,0.0,0.0,0.0,3.1872482299804688,0.6946786642074585,-0.4649260938167572,3.7518203258514404,-0.4341898262500763
798.0139770507812,0.0,0.0,0.0,3.4060258865356445,0.18603435158729553,-0.10885973274707794,3.7100863456726074,-0.12689989805221558
631.3499755859375,0.0,0.0,0.0,4.304523944854736,0.5858309268951416,-0.14246869087219238,4.71552038192749,-0.12595109641551971
514.4500122070312,0.0,0.0,0.0,3.89007568359375,-0.42181745171546936,0.113947294652462,4.2656073570251465,0.06691710650920868
585.2739868164062,0.0,0.0,0.0,3.482112169265747,-0.8976441621780396,0.4371952712535858,3.4253158569335938,0.4431290328502655
173.0500030517578,0.0,0.0,0.0,1.9802215099334717,-0.2346072942018509,0.37826308608055115,2.328444242477417,0.4436815083026886
193.63800048828125,0.0,0.0,0.0,2.669968843460083,-0.530879020690918,0.4713526964187622,3.3107056617736816,0.46484047174453735
281.5459899902344,0.0,0.0,0.0,3.0281858444213867,-0.5316707491874695,0.3364691436290741,3.541217088699341,0.36244022846221924
404.8219909667969,0.0,0.0,0.0,2.254178047180176,0.07082070410251617,0.04835295304656029,2.2271833419799805,0.0012604390503838658
1014.8660278320312,0.0,0.0,0.0,3.9610931873321533,-0.02002808265388012,0.022408926859498024,3.8208861351013184,0.0014826204860582948
281.906005859375,0.0,0.0,0.0,3.113186836242676,-0.5577431321144104,0.33673983812332153,3.536795139312744,0.30681970715522766
780.3820190429688,0.0,0.0,0.0,2.2312278747558594,0.32388660311698914,-0.3827703893184662,2.5009865760803223,-0.40313106775283813
813.010009765625,0.0,0.0,0.0,3.799051523208618,-0.2230212688446045,0.16095192730426788,3.3046090602874756,0.18906080722808838
713.7459716796875,0.0,0.0,0.0,3.482896327972412,-0.295316219329834,0.469797283411026,3.2490711212158203,0.45640331506729126
391.80999755859375,0.0,0.0,0.0,3.3637397289276123,0.2034727782011032,-0.16008836030960083,3.4374656677246094,-0.20757488906383514
982.22998046875,0.0,0.0,0.0,2.7251973152160645,0.813053548336029,-0.6508485078811646,2.735642194747925,-0.5831191539764404
1010.3660278320312,0.0,0.0,0.0,3.9655098915100098,-0.9189175963401794,0.3048655092716217,4.793214797973633,0.32260000705718994
217.2100067138672,0.0,0.0,0.0,1.7634587287902832,0.31641897559165955,-0.44168785214424133,2.078021764755249,-0.5093439817428589
170.42599487304688,0.0,0.0,0.0,1.7792670726776123,0.5521451830863953,-0.7127570509910583,1.8880001306533813,-0.6788156032562256
256.8139953613281,0.0,0.0,0.0,4.7428083419799805,-0.04759667068719864,-0.0013097329065203667,4.627888202667236,0.02105143666267395
299.6579895019531,0.0,0.0,0.0,2.1588401794433594,0.6803039312362671,-0.685229480266571,2.5077409744262695,-0.7731270790100098
215.1739959716797,0.0,0.0,0.0,2.8932061195373535,0.0784594714641571,-0.02446858212351799,2.4732048511505127,-0.03400150686502457
647.0139770507812,0.0,0.0,0.0,0.7029717564582825,0.01858528144657612,0.011677651666104794,0.0,0.0
596.9140014648438,0.0,0.0,0.0,4.353302478790283,-0.4396134316921234,0.139146089553833,4.612220764160156,0.1492455005645752
1034.697998046875,0.0,0.0,0.0,3.6764109134674072,0.6791554689407349,-0.28797799348831177,4.160347938537598,-0.2503058612346649
1011.5540161132812,0.0,0.0,0.0,4.426675796508789,-0.6741129159927368,0.20522387325763702,4.749847888946533,0.10340026766061783
371.4580078125,0.0,0.0,0.0,4.278037071228027,-0.20457705855369568,-0.017442069947719574,4.216515064239502,0.04417843744158745
517.0540161132812,0.0,0.0,0.0,4.548862457275391,-0.37261101603507996,0.03596103936433792,5.028102397918701,0.009684017859399319
591.85400390625,0.0,0.0,0.0,3.010108709335327,0.22021807730197906,-0.25452879071235657,3.2720158100128174,-0.3029857277870178
449.3819885253906,0.0,0.0,0.0,4.018764495849609,0.3315374553203583,-0.06978567689657211,4.3423357009887695,-0.08505714684724808
166.8780059814453,0.0,0.0,0.0,1.776504635810852,0.43861666321754456,-0.6902318596839905,1.9957833290100098,-0.7358707189559937
946.97802734375,0.0,0.0,0.0,4.314610958099365,-0.6587188839912415,0.18974456191062927,4.7448248863220215,0.2313881665468216
585.3660278320312,0.0,0.0,0.0,3.4088916778564453,-0.8895693421363831,0.4711206555366516,3.378451108932495,0.46304944157600403
848.1859741210938,0.0,0.0,0.0,3.2998170852661133,0.6454238891601562,-0.40120768547058105,2.8520617485046387,-0.2656232416629791
501.2980041503906,0.0,0.0,0.0,1.5843268632888794,-0.23551037907600403,0.42704206705093384,1.964988350868225,0.45824134349823
316.5379943847656,0.0,0.0,0.0,1.4044286012649536,0.12530550360679626,-0.29040494561195374,1.5691113471984863,-0.28072217106819153
807.0579833984375,0.0,0.0,0.0,3.523698568344116,0.7758910059928894,-0.40491539239883423,3.7823972702026367,-0.3934939503669739
318.91400146484375,0.0,0.0,0.0,1.7707675695419312,0.24517804384231567,-0.3257600963115692,2.075944662094116,-0.3494558036327362
714.64599609375,0.0,0.0,0.0,3.1000494956970215,-0.7320942878723145,0.4504779875278473,3.2740767002105713,0.4132985770702362
497.30999755859375,0.0,0.0,0.0,2.545288562774658,-0.3571678698062897,0.2827167809009552,2.882284641265869,0.25897327065467834
787.7899780273438,0.0,0.0,0.0,3.697533369064331,0.5881600975990295,-0.2736723721027374,4.044442653656006,-0.3440863788127899
360.8500061035156,0.0,0.0,0.0,2.6310932636260986,-0.2420775592327118,0.4434722363948822,1.9539992809295654,0.33425986766815186
767.2780151367188,0.0,0.0,0.0,3.301578998565674,0.28193801641464233,-0.13167625665664673,3.354327440261841,-0.09248632937669754
540.6019897460938,0.0,0.0,0.0,4.418186664581299,-0.2624491751194,0.07114019989967346,4.129721641540527,0.13436351716518402
450.6499938964844,0.0,0.0,0.0,3.9887442588806152,0.44500675797462463,-0.20169557631015778,4.334068775177002,-0.24317826330661774
724.0900268554688,0.0,0.0,0.0,3.390408992767334,0.06886876374483109,0.05162210017442703,3.144893169403076,-0.04617099463939667
982.4340209960938,0.0,0.0,0.0,2.5905632972717285,0.8007895350456238,-0.5816538333892822,2.8128607273101807,-0.7059743404388428
818.2020263671875,0.0,0.0,0.0,3.0957813262939453,-0.25587984919548035,0.1360854059457779,3.4575486183166504,0.16380614042282104
180.44200134277344,0.0,0.0,0.0,1.9805270433425903,-0.3339257836341858,0.4522070586681366,2.339113712310791,0.5467703938484192
716.0819702148438,0.0,0.0,0.0,3.1536991596221924,-0.5512224435806274,0.278198778629303,3.240170955657959,0.3072677254676819
909.114013671875,0.0,0.0,0.0,3.377852439880371,0.5769491195678711,-0.3227141797542572,3.744983673095703,-0.15772899985313416
1008.7979736328125,0.0,0.0,0.0,4.020951271057129,-0.7426483631134033,0.2493247389793396,4.2498250007629395,0.332241028547287
712.0900268554688,0.0,0.0,0.0,3.6550521850585938,0.8401021957397461,-0.3454352915287018,4.088103771209717,-0.28271806240081787
195.32200622558594,0.0,0.0,0.0,3.777177572250366,-0.6509014964103699,0.2543518841266632,4.399792671203613,0.19674351811408997
555.469970703125,0.0,0.0,0.0,1.9159752130508423,0.4941847324371338,-0.6306969523429871,2.00614070892334,-0.6979337334632874
895.22998046875,0.0,0.0,0.0,2.1274592876434326,-0.4071178734302521,0.5503043532371521,2.5167181491851807,0.5776568055152893
699.5579833984375,0.0,0.0,0.0,2.7776269912719727,-0.40858933329582214,0.33348098397254944,3.211061716079712,0.348937064409256
437.5379943847656,0.0,0.0,0.0,2.4008564949035645,0.10696403682231903,-0.18759337067604065,2.2043509483337402,-0.107089564204216
1006.0419921875,0.0,0.0,0.0,3.825885057449341,-0.6900006532669067,0.15722890198230743,4.272978782653809,0.20945726335048676
661.1859741210938,0.0,0.0,0.0,2.195225715637207,-0.3672580122947693,0.4209413528442383,2.556178569793701,0.4088327884674072
606.114013671875,0.0,0.0,0.0,3.7814598083496094,-0.8195726871490479,0.3152575194835663,4.684246063232422,0.3503704071044922
377.7179870605469,0.0,0.0,0.0,3.891697645187378,-0.1408032774925232,0.030574176460504532,3.885441303253174,0.09526776522397995
145.64599609375,0.0,0.0,0.0,3.8807733058929443,0.08548936247825623,-0.016517620533704758,4.1265692710876465,-0.032781489193439484
414.62200927734375,0.0,0.0,0.0,3.4112741947174072,0.8041192293167114,-0.3423934876918793,3.840650796890259,-0.3430190682411194
273.24200439453125,0.0,0.0,0.0,3.357325553894043,0.11747804284095764,-0.05002876743674278,3.038668155670166,-0.10535099357366562
516.0780029296875,0.0,0.0,0.0,4.408694267272949,-0.37890657782554626,0.10463983565568924,4.916445255279541,0.044280488044023514
262.385986328125,0.0,0.0,0.0,3.4558732509613037,-0.012147304601967335,0.06935829669237137,2.667675018310547,0.05234610289335251
939.9459838867188,0.0,0.0,0.0,1.7369924783706665,-0.2859954535961151,0.4435880780220032,1.8834385871887207,0.4712273180484772
676.573974609375,0.0,0.0,0.0,1.9372467994689941,-0.7504029273986816,0.69181889295578,2.357625722885132,0.7150227427482605
725.0139770507812,0.0,0.0,0.0,2.8826887607574463,0.10488863289356232,-0.02808133140206337,2.6334991455078125,-0.014412550255656242
601.4539794921875,0.0,0.0,0.0,1.9524390697479248,-0.5591896772384644,0.6523405313491821,2.259540319442749,0.6902722716331482
342.4219970703125,0.0,0.0,0.0,1.9999682903289795,0.18100373446941376,-0.22886531054973602,2.3326711654663086,-0.20297202467918396
396.1300048828125,0.0,0.0,0.0,1.864701271057129,0.3246322572231293,-0.4613059163093567,2.1502058506011963,-0.4700855612754822
226.92599487304688,0.0,0.0,0.0,1.530259609222412,0.20313680171966553,-0.43529704213142395,1.6133270263671875,-0.4035608470439911
463.80999755859375,0.0,0.0,0.0,2.4870400428771973,-0.47065025568008423,0.451794296503067,2.621696710586548,0.4794231057167053
362.6059875488281,0.0,0.0,0.0,1.9579545259475708,-0.42755067348480225,0.4890998303890228,2.2244510650634766,0.5207613110542297
517.5900268554688,0.0,0.0,0.0,4.618381500244141,-0.3311243951320648,0.007499180268496275,4.812843322753906,0.006182254757732153
984.5020141601562,0.0,0.0,0.0,2.8346946239471436,0.6960222125053406,-0.49215370416641235,3.495992660522461,-0.6475470066070557
371.2460021972656,0.0,0.0,0.0,4.333099842071533,-0.24296224117279053,0.02130415290594101,4.197151184082031,0.027391934767365456
194.42999267578125,0.0,0.0,0.0,3.2305703163146973,-0.6232733726501465,0.3788151741027832,3.7859649658203125,0.3622141182422638
256.1180114746094,0.0,0.0,0.0,4.6755757331848145,-0.09308695793151855,0.011411571875214577,5.06826639175415,-0.053939130157232285
226.3179931640625,0.0,0.0,0.0,1.5737438201904297,0.14355707168579102,-0.3415454924106598,1.538187861442566,-0.3197256326675415
587.989990234375,0.0,0.0,0.0,1.809670090675354,-0.5065125226974487,0.5643072128295898,1.8118492364883423,0.5607704520225525
301.4700012207031,0.0,0.0,0.0,1.7839431762695312,0.487999826669693,-0.6330171823501587,1.8953757286071777,-0.6694737076759338
533.7059936523438,0.0,0.0,0.0,2.348815679550171,0.5138482451438904,-0.5039322972297668,2.658815383911133,-0.5249025821685791
642.6060180664062,0.0,0.0,0.0,2.196763515472412,0.31022974848747253,-0.4244903028011322,2.6260130405426025,-0.42106544971466064
238.58599853515625,0.0,0.0,0.0,3.4255309104919434,-0.39350107312202454,0.11303505301475525,3.4796407222747803,0.08873976022005081
341.3139953613281,0.0,0.0,0.0,1.6299078464508057,0.10963792353868484,-0.08946400135755539,1.5021381378173828,-0.08276621252298355
521.0780029296875,0.0,0.0,0.0,3.2560360431671143,0.892336905002594,-0.5083402395248413,3.360915184020996,-0.4953356981277466
788.5700073242188,0.0,0.0,0.0,3.8524534702301025,0.721813976764679,-0.3552497327327728,4.023026466369629,-0.3188924193382263
221.9459991455078,0.0,0.0,0.0,3.8946917057037354,0.5105688571929932,-0.17547832429409027,4.022551536560059,-0.1284896582365036
477.7380065917969,0.0,0.0,0.0,2.435575008392334,0.26709020137786865,-0.23432762920856476,2.6529619693756104,-0.2061576545238495
369.5220031738281,0.0,0.0,0.0,4.250617027282715,-0.5098143219947815,0.1936691850423813,4.7345709800720215,0.15082596242427826
736.4099731445312,0.0,0.0,0.0,3.0581583976745605,-0.427499383687973,0.13083185255527496,3.334117889404297,0.13071663677692413
709.3419799804688,0.0,0.0,0.0,2.3593688011169434,0.958992063999176,-0.7588943243026733,2.584334135055542,-0.7966490983963013
402.5419921875,0.0,0.0,0.0,3.4523353576660156,0.2743378281593323,-0.07733304798603058,3.0189287662506104,-0.08889272809028625
851.1259765625,0.0,0.0,0.0,2.020843267440796,0.1498425304889679,-0.10071404278278351,2.335977077484131,-0.019921932369470596
749.27001953125,0.0,0.0,0.0,3.1013426780700684,0.2168322205543518,-0.2015455812215805,2.90029239654541,-0.20042522251605988
653.1300048828125,0.0,0.0,0.0,2.9726734161376953,-0.11250905692577362,0.3152753710746765,2.285705327987671,0.4502156674861908
532.0700073242188,0.0,0.0,0.0,1.9554169178009033,0.41026732325553894,-0.3917354643344879,2.258240222930908,-0.38198500871658325
959.9500122070312,0.0,0.0,0.0,3.851982355117798,0.4607836604118347,-0.16106322407722473,4.419168472290039,-0.19541898369789124
264.2539978027344,0.0,0.0,0.0,1.3353053331375122,-0.04213084280490875,0.07448001205921173,1.3373140096664429,0.09947322309017181
578.8499755859375,0.0,0.0,0.0,2.8082690238952637,0.6695370078086853,-0.5355314016342163,3.3638644218444824,-0.5349320769309998
920.8419799804688,0.0,0.0,0.0,3.269057512283325,-0.31794843077659607,0.14279121160507202,3.088801860809326,0.16534560918807983
632.27001953125,0.0,0.0,0.0,4.554022789001465,0.38570502400398254,-0.06155744940042496,4.825905799865723,-0.023890212178230286
258.2900085449219,0.0,0.0,0.0,4.411419868469238,0.03341440111398697,0.021061642095446587,4.204250812530518,-0.045555610209703445
971.7379760742188,0.0,0.0,0.0,3.366603374481201,0.44016000628471375,-0.15266644954681396,3.5293712615966797,-0.10201645642518997
132.3179931640625,0.0,0.0,0.0,-0.0010252599604427814,0.0008785477839410305,-0.0019743996672332287,0.0,0.0
324.0260009765625,0.0,0.0,0.0,2.384889602661133,0.43039682507514954,-0.4601457715034485,2.848701000213623,-0.435372918844223
844.3099975585938,0.0,0.0,0.0,3.5776216983795166,0.6444891691207886,-0.29350513219833374,4.2226715087890625,-0.32144439220428467
688.1500244140625,0.0,0.0,0.0,3.129798412322998,-0.60097736120224,0.420785129070282,3.4560799598693848,0.44796428084373474
678.302001953125,0.0,0.0,0.0,1.8977071046829224,-0.6726415753364563,0.8488091230392456,2.175522804260254,0.7980967164039612
515.1220092773438,0.0,0.0,0.0,4.11247444152832,-0.34010279178619385,0.0857597216963768,4.703787326812744,0.06667142361402512
405.77398681640625,0.0,0.0,0.0,1.8483901023864746,0.10938004404306412,-0.13682317733764648,1.8091238737106323,-0.11077085882425308
775.9459838867188,0.0,0.0,0.0,4.204805850982666,0.3385028839111328,-0.0888667032122612,3.979438066482544,-0.05395030975341797
581.9180297851562,0.0,0.0,0.0,4.376857280731201,0.15190370380878448,-0.0056111509911715984,4.537966728210449,-0.05686013028025627
360.0140075683594,0.0,0.0,0.0,3.415865421295166,0.1510639637708664,-0.03489254042506218,3.4746079444885254,0.028857247903943062
609.7780151367188,0.0,0.0,0.0,4.6941304206848145,-0.18353436887264252,0.03370417281985283,4.51554536819458,-0.03915612772107124
173.1540069580078,0.0,0.0,0.0,2.0307528972625732,-0.26425355672836304,0.40337491035461426,2.1224067211151123,0.34399911761283875
493.7539978027344,0.0,0.0,0.0,1.6730268001556396,-0.1798163652420044,0.3389860987663269,1.753267526626587,0.36732712388038635
1027.1820068359375,0.0,0.0,0.0,4.164270877838135,0.7319648265838623,-0.20417216420173645,4.28856897354126,-0.2631723880767822
513.35400390625,0.0,0.0,0.0,3.3393123149871826,-0.5684666037559509,0.243156298995018,3.84832763671875,0.20370426774024963
429.6940002441406,0.0,0.0,0.0,2.573577642440796,-0.1423969268798828,0.05537509173154831,2.4004368782043457,0.08727147430181503
1017.4420166015625,0.0,0.0,0.0,3.609666585922241,-0.14239633083343506,0.04682954400777817,3.8169589042663574,0.13630719482898712
781.0859985351562,0.0,0.0,0.0,2.41232967376709,0.37863656878471375,-0.38914236426353455,2.8570775985717773,-0.4192469120025635
219.64199829101562,0.0,0.0,0.0,2.9043822288513184,0.6250272393226624,-0.4227454662322998,3.5327446460723877,-0.47256091237068176
529.1539916992188,0.0,0.0,0.0,1.7397029399871826,0.2187664657831192,-0.27973729372024536,1.771535873413086,-0.21841569244861603
236.9219970703125,0.0,0.0,0.0,3.2256455421447754,-0.5270127058029175,0.2618342936038971,3.5625288486480713,0.24074888229370117
891.0540161132812,0.0,0.0,0.0,2.9150960445404053,-0.4679262340068817,0.2211645543575287,2.389970302581787,0.22540034353733063
167.7220001220703,0.0,0.0,0.0,1.827460527420044,0.46921223402023315,-0.6242440342903137,2.3865880966186523,-0.7400368452072144
993.885986328125,0.0,0.0,0.0,3.7009823322296143,0.47577208280563354,-0.12811194360256195,4.153475284576416,-0.22123977541923523
275.5140075683594,0.0,0.0,0.0,2.404975652694702,-0.049140814691782,0.16402217745780945,2.424595355987549,0.24959354102611542
637.3740234375,0.0,0.0,0.0,2.82082200050354,-0.15230493247509003,0.03656941279768944,2.648207187652588,0.05936339870095253
615.4019775390625,0.0,0.0,0.0,2.0937092304229736,-0.2737787365913391,0.26356571912765503,2.029728651046753,0.27002957463264465
482.8580017089844,0.0,0.0,0.0,2.742206335067749,1.2344343662261963,-0.6468485593795776,3.1815378665924072,-0.6076247096061707
460.1700134277344,0.0,0.0,0.0,3.3042473793029785,-0.12159547954797745,0.01629866473376751,3.1908884048461914,0.0011968379840254784
968.2020263671875,0.0,0.0,0.0,2.1076836585998535,0.36956003308296204,-0.3391628861427307,2.2433907985687256,-0.366353839635849
757.2659912109375,0.0,0.0,0.0,2.1418490409851074,0.07807090878486633,-0.14725324511528015,2.0999882221221924,-0.08283588290214539
471.6659851074219,0.0,0.0,0.0,3.765171766281128,-0.8035179972648621,0.31334343552589417,4.19118070602417,0.33830752968788147
415.4259948730469,0.0,0.0,0.0,3.5020852088928223,0.8392072916030884,-0.36976298689842224,4.104894161224365,-0.40605783462524414
696.302001953125,0.0,0.0,0.0,-0.03816114366054535,-0.0073519363068044186,0.0026089870370924473,0.0,0.0
652.7459716796875,0.0,0.0,0.0,3.3504273891448975,0.14592689275741577,0.04702235013246536,2.8882272243499756,0.20081129670143127
214.6540069580078,0.0,0.0,0.0,3.187493085861206,0.12496749311685562,0.025474587455391884,2.877622365951538,-0.04437365010380745
616.3140258789062,0.0,0.0,0.0,0.5393866896629333,-0.03653346374630928,0.023736868053674698,0.0,0.0
791.177978515625,0.0,0.0,0.0,4.275298595428467,0.5349164605140686,-0.11409377306699753,4.447322845458984,-0.15642620623111725
1019.3619995117188,0.0,0.0,0.0,3.902768611907959,-0.17527036368846893,0.049627866595983505,4.468692302703857,0.038729824125766754
817.2940063476562,0.0,0.0,0.0,2.545682191848755,-0.16805587708950043,0.1219036653637886,3.0421574115753174,0.13454194366931915
568.3660278320312,0.0,0.0,0.0,4.219030380249023,0.4555507302284241,-0.4265200197696686,3.4208896160125732,-0.5159396529197693
373.4700012207031,0.0,0.0,0.0,3.3090662956237793,-0.019903011620044708,0.03700409457087517,3.2683186531066895,0.07784003019332886
879.5419921875,0.0,0.0,0.0,1.70956289768219,0.3041550815105438,-0.5345311164855957,1.8758641481399536,-0.5423492193222046
811.2940063476562,0.0,0.0,0.0,4.12321662902832,0.48022380471229553,-0.11342347413301468,4.346073627471924,-0.06519507616758347
340.0740051269531,0.0,0.0,0.0,1.9651939868927002,0.15982693433761597,-0.052047617733478546,2.1181509494781494,-0.10635703057050705
864.1099853515625,0.0,0.0,0.0,3.5633339881896973,-1.0649914741516113,0.5437700152397156,4.19954776763916,0.45513206720352173
858.8820190429688,0.0,0.0,0.0,2.546170949935913,-0.5539970397949219,0.5093051791191101,2.8848416805267334,0.5547226667404175
577.4420166015625,0.0,0.0,0.0,2.2037711143493652,0.7423190474510193,-0.6392956972122192,2.5290839672088623,-0.6198689341545105
690.114013671875,0.0,0.0,0.0,3.6750853061676025,-0.7015023231506348,0.22447000443935394,4.202504634857178,0.19172760844230652
1003.2780151367188,0.0,0.0,0.0,3.4559078216552734,-0.7564626932144165,0.27869606018066406,4.092470169067383,0.24954134225845337
706.3419799804688,0.0,0.0,0.0,2.0856449604034424,0.41716983914375305,-0.5563140511512756,2.394601345062256,-0.5206716060638428
480.1180114746094,0.0,0.0,0.0,3.5188944339752197,0.42509955167770386,-0.15166965126991272,3.654844284057617,-0.18727149069309235
273.6180114746094,0.0,0.0,0.0,3.1971540451049805,0.10361084342002869,-0.076323002576828,2.7182488441467285,-0.023066362366080284
192.75399780273438,0.0,0.0,0.0,2.205387830734253,-0.41158726811408997,0.48494037985801697,2.5010769367218018,0.4918259084224701
640.5499877929688,0.0,0.0,0.0,1.6659425497055054,0.0022555880714207888,-0.06014705076813698,1.714540719985962,-0.10448972880840302
451.906005859375,0.0,0.0,0.0,3.9283130168914795,0.6698474287986755,-0.2794836163520813,4.162954807281494,-0.3085474371910095
146.26600646972656,0.0,0.0,0.0,3.991621732711792,0.08325827866792679,-0.01701299473643303,4.421192169189453,-0.07628334313631058
619.35400390625,0.0,0.0,0.0,1.6514731645584106,0.05591721832752228,-0.09416443854570389,1.5835251808166504,-0.08578523248434067
139.03799438476562,0.0,0.0,0.0,2.8340678215026855,0.23132456839084625,-0.1528404951095581,3.1168136596679688,-0.1744779497385025
258.0899963378906,0.0,0.0,0.0,4.480133056640625,0.04003206640481949,0.0042373137548565865,4.579363822937012,-0.04739310219883919
482.6419982910156,0.0,0.0,0.0,2.8698811531066895,1.2893457412719727,-0.7268484234809875,2.833451747894287,-0.5485997796058655
517.4580078125,0.0,0.0,0.0,4.602140426635742,-0.33758893609046936,-0.0042978934943675995,4.8539958000183105,0.04479688033461571
353.0379943847656,0.0,0.0,0.0,2.243163824081421,0.19726231694221497,-0.26508259773254395,2.2190792560577393,-0.24784661829471588
1016.073974609375,0.0,0.0,0.0,3.4992544651031494,0.033433813601732254,0.009763391688466072,3.6004631519317627,0.005033873487263918
1024.2099609375,0.0,0.0,0.0,4.132286071777344,0.5673537850379944,-0.38737088441848755,3.823948621749878,-0.48947873711586
441.64599609375,0.0,0.0,0.0,1.5026438236236572,0.08020733296871185,-0.32394859194755554,1.569493293762207,-0.340824693441391
831.010009765625,0.0,0.0,0.0,3.888620376586914,0.30846190452575684,-0.08077484369277954,4.248790264129639,-0.09675297886133194
534.5819702148438,0.0,0.0,0.0,2.7964863777160645,0.5776228308677673,-0.45698902010917664,3.734870195388794,-0.5209137797355652
374.593994140625,0.0,0.0,0.0,3.3095781803131104,-0.2425188273191452,0.18479543924331665,3.7774996757507324,0.1911771595478058
280.53399658203125,0.0,0.0,0.0,3.0130128860473633,-0.3842742443084717,0.27521491050720215,2.8781206607818604,0.26829636096954346
850.9140014648438,0.0,0.0,0.0,1.9750152826309204,0.2008817046880722,-0.1849297434091568,2.2402329444885254,-0.08796598762273788
218.59800720214844,0.0,0.0,0.0,2.301497220993042,0.4643557071685791,-0.5028473734855652,2.7617528438568115,-0.5004454255104065
648.7100219726562,0.0,0.0,0.0,1.8623088598251343,0.03624303266406059,-0.06735529750585556,2.3606069087982178,-0.07380808889865875
358.10198974609375,0.0,0.0,0.0,3.857003927230835,0.42103004455566406,-0.12258623540401459,4.038690090179443,-0.06700190901756287
264.3580017089844,0.0,0.0,0.0,1.3212192058563232,-0.05654580891132355,0.0966474860906601,1.2761799097061157,0.11711987853050232
1025.5460205078125,0.0,0.0,0.0,3.611334800720215,0.9723992347717285,-0.41785091161727905,4.300868034362793,-0.5211411118507385
553.4500122070312,0.0,0.0,0.0,2.3071701526641846,0.5134135484695435,-0.5392146110534668,2.5373642444610596,-0.49847212433815
733.1539916992188,0.0,0.0,0.0,3.948342800140381,-0.7066041827201843,0.2638266384601593,3.8137552738189697,0.10099601745605469
1025.43798828125,0.0,0.0,0.0,3.616501808166504,0.9717615246772766,-0.4734521210193634,3.969320297241211,-0.4487857222557068
844.0980224609375,0.0,0.0,0.0,3.4808449745178223,0.6522804498672485,-0.2797585725784302,3.906820297241211,-0.3084350526332855
256.6860046386719,0.0,0.0,0.0,4.743617534637451,-0.04369255527853966,0.04295981675386429,4.885829925537109,-0.01768340915441513
220.32200622558594,0.0,0.0,0.0,3.2651424407958984,0.661288321018219,-0.3137297034263611,3.8676209449768066,-0.3416193127632141
827.666015625,0.0,0.0,0.0,2.714845657348633,0.42367473244667053,-0.2955203056335449,2.7986676692962646,-0.2423696666955948
540.2659912109375,0.0,0.0,0.0,4.462018013000488,-0.12611517310142517,0.14111249148845673,4.488921165466309,0.06376498192548752
430.6059875488281,0.0,0.0,0.0,2.0532870292663574,-0.0947708711028099,0.020469442009925842,2.134829044342041,0.007103394251316786
989.02197265625,0.0,0.0,0.0,2.7723262310028076,-0.2508699297904968,0.209548220038414,2.415095806121826,0.17716264724731445
166.03399658203125,0.0,0.0,0.0,1.7522865533828735,0.3817724585533142,-0.5760958790779114,1.8685845136642456,-0.5872225761413574
930.0180053710938,0.0,0.0,0.0,3.473919153213501,0.6235308051109314,-0.37723374366760254,3.591245174407959,-0.45514485239982605
855.6740112304688,0.0,0.0,0.0,2.250615358352661,-0.5546997785568237,0.5577995777130127,1.9903806447982788,0.5332359075546265
424.63800048828125,0.0,0.0,0.0,4.229455471038818,0.6485764980316162,-0.2536470293998718,4.565826892852783,-0.19534285366535187
289.3819885253906,0.0,0.0,0.0,2.4213624000549316,-0.8034722805023193,0.6312031745910645,2.783921003341675,0.5706936717033386
442.8500061035156,0.0,0.0,0.0,1.7156469821929932,0.23528464138507843,-0.4233488440513611,1.8538557291030884,-0.42842715978622437
930.2100219726562,0.0,0.0,0.0,3.498866081237793,0.6691408753395081,-0.4215424656867981,3.9402568340301514,-0.4968058168888092
793.666015625,0.0,0.0,0.0,3.1962459087371826,0.05635084584355354,-0.004435550421476364,3.1552610397338867,-0.014671577140688896
598.1539916992188,0.0,0.0,0.0,4.522496223449707,-0.39035764336586,0.12543781101703644,4.378732681274414,0.0945156142115593
758.27001953125,0.0,0.0,0.0,2.267268180847168,0.0618162639439106,-0.10133843123912811,2.5743701457977295,-0.07792815566062927
308.0820007324219,0.0,0.0,0.0,4.118309497833252,-0.40738117694854736,0.09878085553646088,4.462716579437256,0.14063267409801483
730.1259765625,0.0,0.0,0.0,3.767756700515747,-0.24328406155109406,0.1637452244758606,3.5634195804595947,0.11055754870176315
582.85400390625,0.0,0.0,0.0,4.502061367034912,-0.028960617259144783,0.0640900656580925,4.784522533416748,0.062041398137807846
496.0740051269531,0.0,0.0,0.0,2.25472092628479,-0.36979666352272034,0.35168197751045227,2.576651096343994,0.4031776189804077
532.9140014648438,0.0,0.0,0.0,2.1934142112731934,0.4615532159805298,-0.4230973720550537,2.411314010620117,-0.43636783957481384
749.1380004882812,0.0,0.0,0.0,3.1896679401397705,0.1847015619277954,-0.18746449053287506,2.904968500137329,-0.17947816848754883
273.010009765625,0.0,0.0,0.0,3.4451045989990234,0.13499441742897034,-0.06295963376760483,3.4184696674346924,0.008897466585040092
870.8140258789062,0.0,0.0,0.0,3.878049612045288,0.7567895650863647,-0.29257601499557495,4.247011184692383,-0.1853388100862503
154.58999633789062,0.0,0.0,0.0,2.828956127166748,0.813279390335083,-0.6609873175621033,2.7714028358459473,-0.63530433177948
769.4660034179688,0.0,0.0,0.0,4.025788307189941,0.18376916646957397,0.007136875297874212,4.244500637054443,0.007042940706014633
727.2780151367188,0.0,0.0,0.0,2.7006916999816895,-0.06241173669695854,0.1862264722585678,2.8671481609344482,0.17307107150554657
204.64999389648438,0.0,0.0,0.0,3.688007354736328,0.13579203188419342,-0.14377149939537048,2.731490135192871,-0.2322787195444107
747.9340209960938,0.0,0.0,0.0,3.8261876106262207,-0.18397961556911469,0.05186498910188675,3.341496467590332,-0.07063422352075577
307.77801513671875,0.0,0.0,0.0,4.0517988204956055,-0.4729157090187073,0.12804915010929108,4.435410499572754,0.11721809953451157
643.3099975585938,0.0,0.0,0.0,2.5122172832489014,0.4211307168006897,-0.40146344900131226,2.918057680130005,-0.44026827812194824
292.1820068359375,0.0,0.0,0.0,2.5417094230651855,-0.7781655788421631,0.6091737747192383,2.9778389930725098,0.6740280389785767
199.4219970703125,0.0,0.0,0.0,4.664468765258789,0.04931928217411041,-0.06958707422018051,4.807032108306885,-0.019803836941719055
451.3340148925781,0.0,0.0,0.0,3.8982903957366943,0.6108988523483276,-0.29807597398757935,4.368103981018066,-0.304749995470047
189.62600708007812,0.0,0.0,0.0,2.5778298377990723,-0.04573424160480499,0.03276979923248291,2.417571544647217,0.04764466732740402
276.5260009765625,0.0,0.0,0.0,2.332094430923462,-0.30929818749427795,0.3526001274585724,2.5714380741119385,0.3425596356391907
994.030029296875,0.0,0.0,0.0,3.76369047164917,0.48232197761535645,-0.1960139274597168,4.07935094833374,-0.18317081034183502
817.8900146484375,0.0,0.0,0.0,2.876641273498535,-0.22734791040420532,0.14178507030010223,3.41759991645813,0.17843301594257355
523.3380126953125,0.0,0.0,0.0,3.24454402923584,0.6607993245124817,-0.34504327178001404,3.300398111343384,-0.36808937788009644
471.1059875488281,0.0,0.0,0.0,3.679013252258301,-0.9197866320610046,0.3438737094402313,3.850846529006958,0.3246650695800781
1007.4619750976562,0.0,0.0,0.0,3.9847776889801025,-0.6610428094863892,0.1898375004529953,4.33567476272583,0.24481149017810822
175.9499969482422,0.0,0.0,0.0,3.225349187850952,-0.5036640763282776,0.24431784451007843,3.3936245441436768,0.2858765125274658
189.35400390625,0.0,0.0,0.0,2.7798514366149902,-0.049599792808294296,-0.044754039496183395,2.4640634059906006,-0.00735651096329093
645.0139770507812,0.0,0.0,0.0,3.5146164894104004,0.5626611113548279,-0.28574270009994507,3.8989930152893066,-0.22034558653831482
533.9219970703125,0.0,0.0,0.0,2.3981244564056396,0.5236101746559143,-0.42567726969718933,2.9204890727996826,-0.4116208851337433
146.9219970703125,0.0,0.0,0.0,4.085691928863525,0.07616082578897476,9.567641245666891e-05,4.199406147003174,0.03969085216522217
580.197998046875,0.0,0.0,0.0,3.573295831680298,0.7185174226760864,-0.2871699631214142,4.2513909339904785,-0.17514173686504364
974.3699951171875,0.0,0.0,0.0,3.548586845397949,0.575814425945282,-0.2559831738471985,3.5324809551239014,-0.2126602679491043
542.2739868164062,0.0,0.0,0.0,3.988307476043701,-0.9397983551025391,0.4346051812171936,4.100992202758789,0.41142216324806213
374.1180114746094,0.0,0.0,0.0,3.2894604206085205,-0.14873406291007996,0.17806139588356018,3.0910496711730957,0.14515599608421326
465.58599853515625,0.0,0.0,0.0,2.9925687313079834,-0.5918454527854919,0.3748914301395416,3.6546895503997803,0.3824925124645233
850.8140258789062,0.0,0.0,0.0,2.00925350189209,0.20370878279209137,-0.2604962885379791,2.067516803741455,-0.12403932213783264
515.7860107421875,0.0,0.0,0.0,4.313165664672852,-0.3543953001499176,0.02885357104241848,4.476429462432861,0.11315179616212845
566.8380126953125,0.0,0.0,0.0,4.665253162384033,0.052498381584882736,-0.010461337864398956,5.077757358551025,0.008879207074642181
961.77001953125,0.0,0.0,0.0,4.304749011993408,0.2456286996603012,-0.0560401976108551,4.725526332855225,-0.07613027095794678
446.1860046386719,0.0,0.0,0.0,3.082448720932007,0.5278292894363403,-0.23010900616645813,3.3853514194488525,-0.28181368112564087
939.2379760742188,0.0,0.0,0.0,1.5388541221618652,-0.20395034551620483,0.4215455949306488,1.683885931968689,0.4492217004299164
972.7420043945312,0.0,0.0,0.0,3.6547746658325195,0.4482002854347229,-0.13900279998779297,3.971104860305786,-0.15454848110675812
892.5659790039062,0.0,0.0,0.0,1.6211055517196655,-0.3012863099575043,0.5246943235397339,1.7547858953475952,0.5516207218170166
962.0780029296875,0.0,0.0,0.0,4.384491443634033,0.1843932420015335,-0.042910389602184296,4.563943862915039,-0.10624703764915466
365.84600830078125,0.0,0.0,0.0,3.19547438621521,-0.8248780965805054,0.5032976269721985,3.2276804447174072,0.6059939861297607
522.3660278320312,0.0,0.0,0.0,3.342888593673706,0.7705253958702087,-0.3248857855796814,3.537874698638916,-0.3686077296733856
404.04998779296875,0.0,0.0,0.0,2.6000421047210693,0.09854042530059814,-0.0059721642173826694,2.489448308944702,0.055656544864177704
244.35800170898438,0.0,0.0,0.0,2.426731824874878,-0.4509918987751007,0.44446754455566406,2.904745101928711,0.5599068403244019
973.4420166015625,0.0,0.0,0.0,3.726696729660034,0.47984442114830017,-0.18164373934268951,4.060349464416504,-0.26279303431510925
409.8900146484375,0.0,0.0,0.0,2.331869125366211,0.22176891565322876,-0.13842913508415222,2.555760145187378,-0.15629097819328308
847.6380004882812,0.0,0.0,0.0,3.999246597290039,0.4295651614665985,-0.34303274750709534,3.276228666305542,-0.26265496015548706
380.01800537109375,0.0,0.0,0.0,3.110443353652954,-0.050679683685302734,0.060701075941324234,2.917266845703125,0.03418868035078049
547.2780151367188,0.0,0.0,0.0,2.7828969955444336,-0.20478661358356476,0.0985584482550621,2.7076823711395264,0.10129182785749435
1011.4459838867188,0.0,0.0,0.0,4.3935160636901855,-0.6685388684272766,0.2149486541748047,4.909071445465088,0.18909260630607605
499.6260070800781,0.0,0.0,0.0,2.3651821613311768,-0.22963076829910278,0.165740504860878,2.132864475250244,0.2096821367740631
385.75799560546875,0.0,0.0,0.0,3.5807504653930664,-0.6222960352897644,0.29565832018852234,3.7429792881011963,0.42827460169792175
1008.8779907226562,0.0,0.0,0.0,3.990474224090576,-0.7539327144622803,0.26731085777282715,4.255850791931152,0.307283878326416
552.7860107421875,0.0,0.0,0.0,2.333475351333618,0.4809991121292114,-0.5409664511680603,2.2831473350524902,-0.5938704013824463
280.85400390625,0.0,0.0,0.0,2.9593141078948975,-0.4334573745727539,0.31683844327926636,2.939399003982544,0.31508490443229675
267.5060119628906,0.0,0.0,0.0,1.6062226295471191,-0.2739050090312958,0.47254157066345215,1.6578902006149292,0.4902605414390564
265.510009765625,0.0,0.0,0.0,1.370310664176941,-0.12988299131393433,0.30433979630470276,1.497843861579895,0.3091530501842499
551.573974609375,0.0,0.0,0.0,3.193136692047119,0.24145740270614624,-0.21766133606433868,3.02767014503479,-0.36709749698638916
789.7860107421875,0.0,0.0,0.0,4.140242576599121,0.752112627029419,-0.21203352510929108,4.525716304779053,-0.24058154225349426
941.5380249023438,0.0,0.0,0.0,2.30566668510437,-0.4573206901550293,0.48516738414764404,2.866678237915039,0.5550836324691772
629.0180053710938,0.0,0.0,0.0,3.7536542415618896,0.8252738118171692,-0.29155904054641724,4.208056449890137,-0.35069698095321655
192.1540069580078,0.0,0.0,0.0,1.9030226469039917,-0.3324919044971466,0.4512060880661011,2.1343953609466553,0.4484710693359375
482.2340087890625,0.0,0.0,0.0,3.3140816688537598,1.1464029550552368,-0.7281808853149414,2.95601749420166,-0.6854480504989624
269.7300109863281,0.0,0.0,0.0,2.581695079803467,-0.28540176153182983,0.0880492702126503,3.3740413188934326,0.07517588883638382
446.9259948730469,0.0,0.0,0.0,3.3696913719177246,0.5039421916007996,-0.1587299406528473,3.9955828189849854,-0.25201016664505005
555.2739868164062,0.0,0.0,0.0,2.048837184906006,0.5122358202934265,-0.6695733070373535,1.9609196186065674,-0.5890278220176697
951.4420166015625,0.0,0.0,0.0,4.629520416259766,0.10881775617599487,-0.0021941226441413164,5.06205415725708,-0.12445329874753952
844.97802734375,0.0,0.0,0.0,3.908043146133423,0.6316649913787842,-0.20458391308784485,4.245824337005615,-0.16884878277778625
625.197998046875,0.0,0.0,0.0,2.7840487957000732,0.27319857478141785,-0.20442092418670654,2.858172655105591,-0.2544872760772705
213.28199768066406,0.0,0.0,0.0,3.9419407844543457,0.33245396614074707,-0.03095131553709507,3.7924282550811768,-0.019791308790445328
605.9819946289062,0.0,0.0,0.0,3.7015271186828613,-0.8301007747650146,0.379844605922699,4.470098972320557,0.32356593012809753
268.9339904785156,0.0,0.0,0.0,2.033453941345215,-0.4229391813278198,0.5088028907775879,2.495265007019043,0.4520290195941925
753.5499877929688,0.0,0.0,0.0,1.5244020223617554,0.13254830241203308,-0.300108402967453,1.6667579412460327,-0.23684322834014893
836.3820190429688,0.0,0.0,0.0,3.3702797889709473,0.8202695846557617,-0.20154604315757751,0.0,0.0
477.1820068359375,0.0,0.0,0.0,2.2296996116638184,0.2286376655101776,-0.21412459015846252,2.47713041305542,-0.27277159690856934
822.614013671875,0.0,0.0,0.0,3.576673746109009,-0.7108654379844666,0.24908366799354553,4.221162796020508,0.2647373378276825
826.010009765625,0.0,0.0,0.0,2.4391469955444336,0.5039229989051819,-0.4763065278530121,2.6418874263763428,-0.3699331283569336
290.197998046875,0.0,0.0,0.0,2.734283447265625,-0.6996434926986694,0.5231912732124329,3.163986921310425,0.702246367931366
338.2139892578125,0.0,0.0,0.0,2.3441708087921143,0.3047224283218384,-0.19321084022521973,2.4150803089141846,-0.19224068522453308
787.5380249023438,0.0,0.0,0.0,3.707815647125244,0.5239757895469666,-0.3132210969924927,3.864442825317383,-0.2955510914325714
901.9099731445312,0.0,0.0,0.0,1.8297876119613647,-0.5490697622299194,0.5930439829826355,2.1697866916656494,0.6364235281944275
701.3900146484375,0.0,0.0,0.0,2.8209187984466553,0.38051584362983704,-0.4334278106689453,2.960127592086792,-0.3320384919643402
693.9819946289062,0.0,0.0,0.0,2.537240505218506,-1.053879737854004,0.7271462678909302,2.9580185413360596,0.592178463935852
779.1259765625,0.0,0.0,0.0,2.493962287902832,0.07936105132102966,-0.1181584820151329,2.363726854324341,-0.2270008772611618
226.67799377441406,0.0,0.0,0.0,1.530306100845337,0.18003788590431213,-0.3919193744659424,1.676675796508789,-0.4041314721107483
478.0899963378906,0.0,0.0,0.0,2.562098741531372,0.2721896767616272,-0.16537052392959595,2.9018378257751465,-0.14393004775047302
889.4459838867188,0.0,0.0,0.0,3.1004135608673096,-0.5546152591705322,0.32773590087890625,3.669022560119629,0.3799760043621063
988.5419921875,0.0,0.0,0.0,2.8992252349853516,-0.26355913281440735,0.1797890067100525,2.8847053050994873,0.16410717368125916
573.7420043945312,0.0,0.0,0.0,4.489783763885498,0.31139135360717773,-0.02569672465324402,4.4283647537231445,-0.056781888008117676
855.1740112304688,0.0,0.0,0.0,2.8862268924713135,-0.45356687903404236,0.3981787860393524,2.2369251251220703,0.4425898790359497
260.4779968261719,0.0,0.0,0.0,4.052058219909668,0.02894406020641327,0.005932222120463848,4.182681083679199,0.008953199721872807
575.7139892578125,0.0,0.0,0.0,4.294478416442871,0.08126631379127502,-0.15245625376701355,3.992072105407715,-0.27126622200012207
315.77398681640625,0.0,0.0,0.0,1.4710416793823242,0.04897511377930641,-0.19669686257839203,1.407914161682129,-0.2154277116060257
814.14599609375,0.0,0.0,0.0,2.8956387042999268,-0.518133282661438,0.2909072935581207,2.7165558338165283,0.18787881731987
346.510009765625,0.0,0.0,0.0,2.9078691005706787,0.3165982663631439,-0.11224392801523209,2.846632957458496,-0.06167454645037651
205.7899932861328,0.0,0.0,0.0,1.910199522972107,0.48935043811798096,-0.5580030679702759,1.7366793155670166,-0.47502270340919495
614.8419799804688,0.0,0.0,0.0,2.4693357944488525,-0.3909446895122528,0.2506832182407379,2.197739362716675,0.16471979022026062
853.4739990234375,0.0,0.0,0.0,3.1767404079437256,-0.32819342613220215,0.17576932907104492,3.3268771171569824,0.12385442852973938
163.08999633789062,0.0,0.0,0.0,1.7673200368881226,0.3853638172149658,-0.6519771814346313,1.9862943887710571,-0.7166240811347961
773.8099975585938,0.0,0.0,0.0,4.013031959533691,0.8651111721992493,-0.38968566060066223,4.442548751831055,-0.34504660964012146
744.0139770507812,0.0,0.0,0.0,4.656439304351807,-0.3384683430194855,-0.07722801715135574,5.139102458953857,-0.114382304251194
404.1820068359375,0.0,0.0,0.0,2.5431134700775146,0.09518137574195862,0.05947668477892876,2.3804874420166016,0.013070463202893734
878.0859985351562,0.0,0.0,0.0,1.470517873764038,0.1942894607782364,-0.4335756301879883,1.6072725057601929,-0.43550994992256165
254.8419952392578,0.0,0.0,0.0,4.601728439331055,-0.3796677589416504,0.027805419638752937,4.70457649230957,0.07382675260305405
392.2900085449219,0.0,0.0,0.0,3.3895881175994873,0.2461356818675995,-0.17593742907047272,3.7010316848754883,-0.13622233271598816
990.2139892578125,0.0,0.0,0.0,2.2492096424102783,-0.022257786244153976,-0.19325704872608185,2.594496488571167,-0.2528240382671356
224.9980010986328,0.0,0.0,0.0,2.93678879737854,0.07319904118776321,-0.003636992070823908,2.8224737644195557,0.024779560044407845
581.3740234375,0.0,0.0,0.0,4.194296360015869,0.2966126799583435,-0.013148480094969273,4.579465866088867,-0.015037892386317253
1026.7340087890625,0.0,0.0,0.0,4.04221773147583,0.7564224004745483,-0.2871526777744293,4.647402286529541,-0.27651384472846985
501.19000244140625,0.0,0.0,0.0,1.5728487968444824,-0.2287459671497345,0.4171113669872284,1.706423282623291,0.4251934289932251
672.3300170898438,0.0,0.0,0.0,2.6216561794281006,-0.5319076180458069,0.48310738801956177,3.124786138534546,0.4444104731082916
711.5139770507812,0.0,0.0,0.0,3.372102737426758,0.8626269698143005,-0.4556165039539337,3.968487501144409,-0.3356066942214966
278.8179931640625,0.0,0.0,0.0,3.162776231765747,-0.45552679896354675,0.23095352947711945,3.364363193511963,0.3019320070743561
276.8380126953125,0.0,0.0,0.0,2.435349941253662,-0.3505760431289673,0.3613612949848175,2.636030435562134,0.38860517740249634
137.61000061035156,0.0,0.0,0.0,1.949370265007019,0.0712975338101387,-0.13560068607330322,2.3448853492736816,-0.13852088153362274
539.47802734375,0.0,0.0,0.0,4.6590118408203125,0.4342972934246063,-0.0698094367980957,4.554858207702637,0.010255737230181694
385.2380065917969,0.0,0.0,0.0,3.4959304332733154,-0.6475486159324646,0.2094820737838745,4.152072906494141,0.24676041305065155
446.5740051269531,0.0,0.0,0.0,3.257143259048462,0.5374894142150879,-0.24335727095603943,3.728559970855713,-0.17846232652664185
360.1180114746094,0.0,0.0,0.0,3.396730661392212,0.1404864639043808,-0.07778075337409973,2.989360809326172,0.09519600123167038
835.1900024414062,0.0,0.0,0.0,3.134403944015503,0.9727826118469238,-0.5238198637962341,3.6809144020080566,-0.564875066280365
671.0139770507812,0.0,0.0,0.0,1.9886571168899536,-0.31582292914390564,0.4155980050563812,2.221928596496582,0.5117943286895752
747.5499877929688,0.0,0.0,0.0,3.8785715103149414,-0.25141477584838867,0.0071311998181045055,3.9396042823791504,6.570397772520664e-07
1031.322021484375,0.0,0.0,0.0,1.9575691223144531,0.4925731122493744,-0.557571530342102,2.0977940559387207,-0.49162909388542175
850.677978515625,0.0,0.0,0.0,2.050252676010132,0.20866511762142181,-0.229882150888443,1.9491416215896606,-0.1963321566581726
460.85400390625,0.0,0.0,0.0,3.3239588737487793,-0.11590108275413513,0.03761937469244003,3.2296316623687744,0.049127139151096344
597.6019897460938,0.0,0.0,0.0,4.469503402709961,-0.45038071274757385,0.11895996332168579,4.44317102432251,0.10546174645423889
336.8580017089844,0.0,0.0,0.0,2.4314706325531006,0.42412737011909485,-0.21825268864631653,2.6669631004333496,-0.27093222737312317
585.781982421875,0.0,0.0,0.0,3.17638897895813,-0.8233933448791504,0.3957527279853821,3.1705210208892822,0.3356595039367676
957.2459716796875,0.0,0.0,0.0,2.7223315238952637,0.541037380695343,-0.40847259759902954,3.0329062938690186,-0.4592422544956207
288.72601318359375,0.0,0.0,0.0,2.540430784225464,-1.0020477771759033,0.7930893898010254,2.741856336593628,0.6856522560119629
935.510009765625,0.0,0.0,0.0,2.5185182094573975,0.17497767508029938,-0.05109943076968193,2.0923731327056885,-0.02890382893383503
403.51800537109375,0.0,0.0,0.0,2.9292099475860596,0.1370990127325058,0.010057106614112854,2.6459994316101074,0.022949960082769394
491.6419982910156,0.0,0.0,0.0,2.649613618850708,0.1802738606929779,-0.07758382707834244,2.6651012897491455,-0.06793825328350067
836.177978515625,0.0,0.0,0.0,3.4283008575439453,0.8821786046028137,-0.35210201144218445,3.871914863586426,-0.43550413846969604
351.1780090332031,0.0,0.0,0.0,2.7666165828704834,0.3028525412082672,-0.11986017972230911,2.900273084640503,-0.15610690414905548
283.406005859375,0.0,0.0,0.0,3.711054801940918,-0.5108703970909119,0.19488011300563812,4.1248555183410645,0.2232615053653717
651.5180053710938,0.0,0.0,0.0,3.5339455604553223,0.202787846326828,-0.09941185265779495,3.7354345321655273,-0.06236334145069122
584.573974609375,0.0,0.0,0.0,4.079237937927246,-0.624928891658783,0.4742910861968994,3.747974157333374,0.48920875787734985
306.1780090332031,0.0,0.0,0.0,3.341953754425049,-0.5011935830116272,0.2339060753583908,3.6923060417175293,0.22412510216236115
1000.3060302734375,0.0,0.0,0.0,2.1686582565307617,-0.6009106040000916,0.5549693703651428,2.0496208667755127,0.4644952714443207
945.3740234375,0.0,0.0,0.0,4.021148204803467,-0.8356594443321228,0.3061791658401489,4.190845489501953,0.26415976881980896
613.9500122070312,0.0,0.0,0.0,3.552371025085449,-0.5164745450019836,0.3545064926147461,2.7165215015411377,0.25465643405914307
660.5059814453125,0.0,0.0,0.0,1.9362292289733887,-0.2730647325515747,0.3761926591396332,2.223389148712158,0.3604554235935211
988.9140014648438,0.0,0.0,0.0,2.8033902645111084,-0.2454574704170227,0.19639559090137482,2.684953212738037,0.15131591260433197
396.406005859375,0.0,0.0,0.0,1.968069076538086,0.3191930651664734,-0.5001436471939087,2.2191591262817383,-0.5018172264099121
675.02197265625,0.0,0.0,0.0,2.9299604892730713,-0.8063265681266785,0.5035942196846008,2.908303737640381,0.5494692325592041
633.7780151367188,0.0,0.0,0.0,4.417747497558594,0.3626808524131775,-0.11237525194883347,4.91881799697876,-0.1508355438709259
938.677978515625,0.0,0.0,0.0,1.4761338233947754,-0.17241288721561432,0.36143505573272705,1.515190601348877,0.34704652428627014
987.197998046875,0.0,0.0,0.0,3.0993857383728027,-0.002812376245856285,0.21610215306282043,2.950929641723633,0.18375644087791443
345.1659851074219,0.0,0.0,0.0,3.124464750289917,0.41910818219184875,-0.23659630119800568,3.067845582962036,-0.13563187420368195
639.2219848632812,0.0,0.0,0.0,2.0041067600250244,-0.022525276988744736,0.07136302441358566,1.9047149419784546,-0.01899348385632038
234.5260009765625,0.0,0.0,0.0,2.106015682220459,-0.12236708402633667,0.243673637509346,2.466216802597046,0.2855265140533447
459.2179870605469,0.0,0.0,0.0,2.953655481338501,-0.11732833832502365,0.06778988987207413,3.1469686031341553,0.05686303228139877
631.25,0.0,0.0,0.0,4.275901794433594,0.6157981157302856,-0.16145960986614227,4.741290092468262,-0.08760697394609451
767.9500122070312,0.0,0.0,0.0,3.569269895553589,0.24353785812854767,-0.0668327808380127,3.7162864208221436,-0.031237727031111717
399.6780090332031,0.0,0.0,0.0,3.473905563354492,0.8139515519142151,-0.3767080008983612,3.9506068229675293,-0.3437882363796234
946.6859741210938,0.0,0.0,0.0,4.305537700653076,-0.7466633319854736,0.19950535893440247,4.827687740325928,0.15568991005420685
950.6740112304688,0.0,0.0,0.0,4.660592555999756,-0.09894203394651413,-0.05448538810014725,4.359424114227295,-0.05313417315483093
592.43798828125,0.0,0.0,0.0,3.269853353500366,0.37054553627967834,-0.2907092273235321,3.6277318000793457,-0.33947238326072693
587.3699951171875,0.0,0.0,0.0,2.2290890216827393,-0.5906545519828796,0.611319899559021,2.098292589187622,0.6468149423599243
736.5419921875,0.0,0.0,0.0,3.0863680839538574,-0.401900976896286,0.1274246871471405,3.35855770111084,0.18357957899570465
163.32200622558594,0.0,0.0,0.0,1.6985663175582886,0.3987824618816376,-0.6872376799583435,1.7367429733276367,-0.6167536973953247
261.6780090332031,0.0,0.0,0.0,4.015721321105957,-0.030188988894224167,0.0028721201233565807,4.042583465576172,-0.039548661559820175
948.8779907226562,0.0,0.0,0.0,4.527669906616211,-0.47315362095832825,0.06705713272094727,4.984533309936523,0.06720846146345139
921.8740234375,0.0,0.0,0.0,2.808145046234131,-0.4066164195537567,0.3240056037902832,2.5622920989990234,0.18972733616828918
805.1500244140625,0.0,0.0,0.0,3.1256017684936523,0.6121441721916199,-0.292361319065094,3.76478910446167,-0.4356641173362732
170.29400634765625,0.0,0.0,0.0,1.840129017829895,0.5623733401298523,-0.7544062733650208,1.9238005876541138,-0.6550801396369934
398.1059875488281,0.0,0.0,0.0,2.8341238498687744,0.5879436135292053,-0.43962857127189636,3.2393007278442383,-0.4674879014492035
189.29400634765625,0.0,0.0,0.0,2.8050851821899414,-0.054428428411483765,-0.02719293348491192,2.657336950302124,-0.07940315455198288
469.62200927734375,0.0,0.0,0.0,3.724799156188965,-1.094743251800537,0.5124228596687317,3.847740650177002,0.43212172389030457
451.5459899902344,0.0,0.0,0.0,3.892590045928955,0.6522287726402283,-0.30176281929016113,4.323535442352295,-0.272396981716156
961.85400390625,0.0,0.0,0.0,4.336558818817139,0.2172594517469406,-0.03886524587869644,4.455083847045898,-0.013340066187083721
426.1180114746094,0.0,0.0,0.0,4.302111625671387,0.5727882385253906,-0.13540960848331451,4.257069110870361,-0.1384558528661728
307.9779968261719,0.0,0.0,0.0,4.058577060699463,-0.41943952441215515,0.08558189868927002,4.6639018058776855,0.10958317667245865
716.3779907226562,0.0,0.0,0.0,3.116269826889038,-0.4907829761505127,0.16225245594978333,3.0812909603118896,0.22906193137168884
866.2780151367188,0.0,0.0,0.0,4.2458038330078125,-0.7351927757263184,0.1907176673412323,4.32288932800293,0.09274294227361679
521.8380126953125,0.0,0.0,0.0,3.3399155139923096,0.8584442734718323,-0.42728739976882935,3.6104555130004883,-0.4514468312263489
491.1820068359375,0.0,0.0,0.0,2.7677431106567383,0.30307331681251526,-0.15543042123317719,2.9074599742889404,-0.10864148288965225
216.9499969482422,0.0,0.0,0.0,1.7879784107208252,0.3212912678718567,-0.4612087607383728,1.8923053741455078,-0.4766448140144348
790.0339965820312,0.0,0.0,0.0,4.248223781585693,0.7264971733093262,-0.24270212650299072,4.411904811859131,-0.20068028569221497
240.8419952392578,0.0,0.0,0.0,2.521014928817749,-0.1143709346652031,0.041090648621320724,2.3395888805389404,0.0039818682707846165
436.3819885253906,0.0,0.0,0.0,2.9107253551483154,0.23749776184558868,-0.20820365846157074,2.759000778198242,-0.1495809704065323
528.0499877929688,0.0,0.0,0.0,1.5247925519943237,0.15720266103744507,-0.18556810915470123,1.7135626077651978,-0.19206298887729645
482.114013671875,0.0,0.0,0.0,3.4372689723968506,1.0466420650482178,-0.7039430737495422,3.3088362216949463,-0.7030783295631409
795.8300170898438,0.0,0.0,0.0,2.840912342071533,0.04289502277970314,-0.006150197237730026,3.0942492485046387,-0.009157991036772728
1030.365966796875,0.0,0.0,0.0,1.9396636486053467,0.4524872303009033,-0.5785226821899414,1.9819518327713013,-0.5241906642913818
496.4179992675781,0.0,0.0,0.0,2.3629467487335205,-0.37916815280914307,0.31292924284935,2.6401731967926025,0.3412272036075592
173.7259979248047,0.0,0.0,0.0,2.2516720294952393,-0.3340657353401184,0.36059847474098206,2.889439821243286,0.41733941435813904
550.3740234375,0.0,0.0,0.0,3.2230064868927,0.37673231959342957,-0.1880154311656952,3.5158636569976807,-0.21457290649414062
366.9460144042969,0.0,0.0,0.0,3.190417528152466,-0.8349595665931702,0.46408507227897644,3.534780979156494,0.39488449692726135
494.6700134277344,0.0,0.0,0.0,1.7877947092056274,-0.2723405063152313,0.3645603358745575,2.127383232116699,0.41524961590766907
903.2100219726562,0.0,0.0,0.0,1.8293261528015137,-0.5006718635559082,0.6616540551185608,1.9541685581207275,0.6694396138191223
756.6179809570312,0.0,0.0,0.0,2.0050950050354004,0.07881435751914978,-0.1228903979063034,2.1711666584014893,-0.11201878637075424
537.9140014648438,0.0,0.0,0.0,4.349508762359619,0.6677604913711548,-0.27251675724983215,4.670337677001953,-0.2518792450428009
938.27001953125,0.0,0.0,0.0,1.5234588384628296,-0.14489410817623138,0.32296979427337646,1.6290466785430908,0.3505973815917969
1003.7739868164062,0.0,0.0,0.0,3.718827247619629,-0.8181610107421875,0.29701459407806396,3.9996325969696045,0.3204633593559265
906.2739868164062,0.0,0.0,0.0,2.0916924476623535,0.20028910040855408,-0.33779972791671753,2.1679859161376953,-0.2792431116104126
147.17799377441406,0.0,0.0,0.0,4.076744556427002,0.05749664455652237,-0.018457887694239616,4.168581485748291,0.004801613278687
766.27001953125,0.0,0.0,0.0,2.8376941680908203,0.32215574383735657,-0.18450166285037994,3.163008451461792,-0.13639840483665466
245.85800170898438,0.0,0.0,0.0,2.6823041439056396,-0.74558025598526,0.6099130511283875,3.062889575958252,0.5461685657501221
290.54998779296875,0.0,0.0,0.0,2.7322309017181396,-0.7760815024375916,0.7011440992355347,2.716430187225342,0.8321189284324646
569.02197265625,0.0,0.0,0.0,3.4195780754089355,0.9952712059020996,-0.6056041717529297,3.188126564025879,-0.5417520999908447
495.2099914550781,0.0,0.0,0.0,1.9841630458831787,-0.3275841772556305,0.4115305244922638,2.1549782752990723,0.37158894538879395
225.5500030517578,0.0,0.0,0.0,2.3190724849700928,0.07462260872125626,-0.09298434108495712,1.996718406677246,-0.1304737776517868
187.7779998779297,0.0,0.0,0.0,3.660616874694824,-0.14412569999694824,0.019799750298261642,3.561429023742676,0.012827862985432148
760.0900268554688,0.0,0.0,0.0,2.685485363006592,0.14012062549591064,-0.1345033198595047,2.4812557697296143,-0.08037273585796356
888.2219848632812,0.0,0.0,0.0,2.582754135131836,-0.5186865925788879,0.45285680890083313,2.9553418159484863,0.3936823010444641
918.7420043945312,0.0,0.0,0.0,3.7135653495788574,-0.4793112277984619,0.24590381979942322,3.7410097122192383,0.2197076380252838
944.9660034179688,0.0,0.0,0.0,3.8173718452453613,-0.834087073802948,0.3337137997150421,4.579273223876953,0.32625865936279297
377.0459899902344,0.0,0.0,0.0,3.8827767372131348,-0.25907012820243835,0.07615707069635391,4.165058612823486,0.05105278640985489
1015.4739990234375,0.0,0.0,0.0,3.629883289337158,0.06660062074661255,-0.07858603447675705,3.5000739097595215,-0.01846599392592907
595.718017578125,0.0,0.0,0.0,4.270411014556885,-0.028822822496294975,0.17220591008663177,4.494754791259766,0.23790839314460754
788.822021484375,0.0,0.0,0.0,3.9221103191375732,0.7415162920951843,-0.29307639598846436,4.008817672729492,-0.2417747527360916
193.0500030517578,0.0,0.0,0.0,2.3378138542175293,-0.45078811049461365,0.43866831064224243,2.8883233070373535,0.5113370418548584
375.35400390625,0.0,0.0,0.0,3.499321699142456,-0.33533957600593567,0.16615672409534454,3.7355425357818604,0.20675286650657654
812.8779907226562,0.0,0.0,0.0,3.873516798019409,-0.16889843344688416,0.13640910387039185,3.421400785446167,0.1686749905347824
262.0260009765625,0.0,0.0,0.0,3.9556384086608887,-0.012888298369944096,0.020575232803821564,3.0610790252685547,-0.025496480986475945
358.9620056152344,0.0,0.0,0.0,3.778026580810547,0.30431121587753296,-0.0408957414329052,4.039011001586914,-0.04445337504148483
886.7420043945312,0.0,0.0,0.0,3.115333080291748,0.025831080973148346,0.19426080584526062,2.9123053550720215,0.2341824173927307
520.7059936523438,0.0,0.0,0.0,3.1403822898864746,0.9182090163230896,-0.5241460800170898,3.6998329162597656,-0.502016007900238
667.2979736328125,0.0,0.0,0.0,0.995574414730072,-0.012689192779362202,0.022656966000795364,0.0,0.0
782.5780029296875,0.0,0.0,0.0,3.064974308013916,0.4679097831249237,-0.3199428617954254,3.2265219688415527,-0.24747081100940704
862.333984375,0.0,0.0,0.0,4.266779899597168,-0.46903926134109497,0.11745902895927429,4.66847038269043,0.07165156304836273
213.88600158691406,0.0,0.0,0.0,3.598278045654297,0.24022607505321503,-0.02053946815431118,3.330035448074341,-0.05630035698413849
802.9819946289062,0.0,0.0,0.0,3.0229623317718506,1.0322564840316772,-0.5056337714195251,3.0203542709350586,-0.47574636340141296
899.030029296875,0.0,0.0,0.0,2.464503765106201,-1.2009638547897339,0.82503741979599,2.7508180141448975,0.7233497500419617
553.9819946289062,0.0,0.0,0.0,2.3736512660980225,0.4703037440776825,-0.425565630197525,2.557163715362549,-0.41321372985839844
358.302001953125,0.0,0.0,0.0,3.889153003692627,0.3707057535648346,-0.09455323964357376,4.280089378356934,-0.0925016775727272
452.8500061035156,0.0,0.0,0.0,3.8348326683044434,0.49436619877815247,-0.1268405020236969,3.7027041912078857,-0.05818875506520271
809.281982421875,0.0,0.0,0.0,3.967710494995117,0.7142775058746338,-0.22754867374897003,4.614203929901123,-0.2882610559463501
265.9779968261719,0.0,0.0,0.0,1.431071400642395,-0.17837512493133545,0.3902859389781952,1.5170890092849731,0.3712799549102783
470.5459899902344,0.0,0.0,0.0,3.602142333984375,-1.0277161598205566,0.42433521151542664,3.9691169261932373,0.44858497381210327
243.68600463867188,0.0,0.0,0.0,2.120419502258301,-0.3650181293487549,0.4672355055809021,2.4387056827545166,0.45845505595207214
842.8099975585938,0.0,0.0,0.0,2.6251351833343506,0.54638671875,-0.4263954758644104,3.1342809200286865,-0.44042065739631653
138.3939971923828,0.0,0.0,0.0,2.5407872200012207,0.19478708505630493,-0.18173488974571228,2.7608566284179688,-0.1466280221939087
925.2420043945312,0.0,0.0,0.0,3.3150863647460938,-0.6616742610931396,0.32674115896224976,3.896749496459961,0.27068158984184265
169.3939971923828,0.0,0.0,0.0,2.156066417694092,0.5797621607780457,-0.700270414352417,2.447999954223633,-0.7288036942481995
931.8300170898438,0.0,0.0,0.0,3.3129940032958984,0.8418052792549133,-0.46158531308174133,3.273315668106079,-0.3695499300956726
633.114013671875,0.0,0.0,0.0,4.559317588806152,0.3094443082809448,-0.11408058553934097,4.930627346038818,-0.1840556412935257
291.1099853515625,0.0,0.0,0.0,2.3897414207458496,-0.9175735116004944,0.8242922425270081,2.615952968597412,0.6935981512069702
445.8699951171875,0.0,0.0,0.0,2.893923282623291,0.5012487769126892,-0.34395894408226013,3.5896596908569336,-0.3360876142978668
188.64599609375,0.0,0.0,0.0,3.07055401802063,-0.10541187971830368,0.00816630944609642,2.822998046875,0.004787473473697901
163.52999877929688,0.0,0.0,0.0,1.6452381610870361,0.3863244652748108,-0.6157411336898804,1.6717076301574707,-0.622581422328949
183.79400634765625,0.0,0.0,0.0,3.803405523300171,-0.6542893052101135,0.22921805083751678,4.133228778839111,0.2532954812049866
928.5460205078125,0.0,0.0,0.0,3.810337543487549,0.31162580847740173,-0.39597034454345703,3.8656301498413086,-0.36148402094841003
479.1419982910156,0.0,0.0,0.0,3.0677642822265625,0.3303641974925995,-0.20003736019134521,3.484323263168335,-0.18061909079551697
640.4459838867188,0.0,0.0,0.0,1.6652389764785767,-0.004720614291727543,-0.016859835013747215,1.7678521871566772,-0.08826274424791336
975.0700073242188,0.0,0.0,0.0,3.054081916809082,0.7190375328063965,-0.4354444146156311,3.1709001064300537,-0.3997044265270233
502.0979919433594,0.0,0.0,0.0,1.863783836364746,-0.2683448791503906,0.40664467215538025,2.049818515777588,0.44246092438697815
394.9460144042969,0.0,0.0,0.0,2.306213140487671,0.279037207365036,-0.3318076729774475,2.0396275520324707,-0.2704724669456482
365.2860107421875,0.0,0.0,0.0,3.314967632293701,-0.660477876663208,0.38786596059799194,3.608959674835205,0.5437527894973755
342.77801513671875,0.0,0.0,0.0,2.2445178031921387,0.22416776418685913,-0.231126606464386,2.6276793479919434,-0.2109844833612442
524.7899780273438,0.0,0.0,0.0,2.958981990814209,0.43657204508781433,-0.16638489067554474,2.9283130168914795,-0.13734322786331177
738.1220092773438,0.0,0.0,0.0,3.2637903690338135,-0.5101215243339539,0.2728332579135895,3.3641514778137207,0.26125016808509827
266.85400390625,0.0,0.0,0.0,1.5131584405899048,-0.24583615362644196,0.4056367576122284,1.5991754531860352,0.4375981390476227
625.6339721679688,0.0,0.0,0.0,2.884880542755127,0.32448530197143555,-0.26817288994789124,2.9147086143493652,-0.27102789282798767
872.0579833984375,0.0,0.0,0.0,4.107370853424072,0.5453364253044128,-0.15612712502479553,4.1846842765808105,-0.1102309301495552
874.7420043945312,0.0,0.0,0.0,3.255289316177368,0.1126490905880928,-0.021121064200997353,2.9172840118408203,0.02503673918545246
1030.0179443359375,0.0,0.0,0.0,2.044705390930176,0.471985399723053,-0.5024285912513733,2.1713781356811523,-0.5667427182197571
500.5140075683594,0.0,0.0,0.0,1.6929619312286377,-0.28075405955314636,0.40644437074661255,1.6458170413970947,0.4007774591445923
889.5499877929688,0.0,0.0,0.0,3.1619441509246826,-0.5619366765022278,0.3346111476421356,3.748785972595215,0.32413938641548157
195.14599609375,0.0,0.0,0.0,3.6855719089508057,-0.6551704406738281,0.2903035581111908,4.187376976013184,0.22896063327789307
198.7779998779297,0.0,0.0,0.0,4.640495777130127,-0.1409681886434555,-0.06531085073947906,4.969703197479248,-0.11412462592124939
787.9140014648438,0.0,0.0,0.0,3.6537516117095947,0.5909634232521057,-0.3314273953437805,4.089450359344482,-0.3472912609577179
630.9180297851562,0.0,0.0,0.0,4.166422367095947,0.6365396976470947,-0.17429937422275543,4.750242710113525,-0.1784781962633133
804.5460205078125,0.0,0.0,0.0,2.971595525741577,0.678909420967102,-0.27491268515586853,3.632636785507202,-0.3810630142688751
589.3380126953125,0.0,0.0,0.0,1.899915337562561,-0.4152788519859314,0.4966675043106079,2.0624380111694336,0.5684995651245117
530.5700073242188,0.0,0.0,0.0,1.998373031616211,0.2609799802303314,-0.2702186405658722,2.2086427211761475,-0.25259941816329956
559.4539794921875,0.0,0.0,0.0,2.5709879398345947,0.773009717464447,-0.6078256964683533,3.20932674407959,-0.6055506467819214
996.677978515625,0.0,0.0,0.0,2.286278247833252,0.2234887033700943,-0.03402707725763321,2.252634048461914,0.0008092084899544716
215.8300018310547,0.0,0.0,0.0,2.130854368209839,0.2167956829071045,-0.3628244996070862,1.9026720523834229,-0.3824983239173889
166.58599853515625,0.0,0.0,0.0,1.7536368370056152,0.42689990997314453,-0.6141057014465332,2.0005264282226562,-0.7709368467330933
889.14599609375,0.0,0.0,0.0,2.9266560077667236,-0.5540744662284851,0.3512793779373169,3.507943868637085,0.3535522222518921
937.5419921875,0.0,0.0,0.0,1.6697511672973633,-0.010231483727693558,0.13779866695404053,1.5717607736587524,0.2133224606513977
646.4340209960938,0.0,0.0,0.0,1.7976605892181396,0.10423187911510468,-0.004817396402359009,0.0,0.0
583.9140014648438,0.0,0.0,0.0,4.553895473480225,-0.09625337272882462,0.08702889084815979,4.241154193878174,0.2651022672653198
633.010009765625,0.0,0.0,0.0,4.5770111083984375,0.30283451080322266,-0.10659926384687424,4.382508277893066,-0.03209841623902321
218.8459930419922,0.0,0.0,0.0,2.428955554962158,0.5145911574363708,-0.4881322979927063,2.8433241844177246,-0.5179418325424194
882.9459838867188,0.0,0.0,0.0,3.3884055614471436,0.6670472621917725,-0.31561383605003357,4.119173049926758,-0.30310410261154175
131.50999450683594,0.0,0.0,0.0,-0.0010521203512325883,0.0004285935137886554,-0.003161852713674307,0.0,0.0
678.7100219726562,0.0,0.0,0.0,1.7664263248443604,-0.6008853912353516,0.7832294702529907,1.9827548265457153,0.7037409543991089
645.9819946289062,0.0,0.0,0.0,2.6213810443878174,0.2580196261405945,-0.013455349951982498,0.0,0.0
634.1740112304688,0.0,0.0,0.0,4.452354431152344,0.39582499861717224,-0.1033380776643753,4.405397415161133,-0.14663495123386383
647.469970703125,0.0,0.0,0.0,-0.08772793412208557,0.0054525514133274555,-0.003586299018934369,0.0,0.0
165.71400451660156,0.0,0.0,0.0,1.7883894443511963,0.3589257597923279,-0.5492205619812012,1.870126724243164,-0.6347506046295166
336.0780029296875,0.0,0.0,0.0,2.414167642593384,0.41981640458106995,-0.3991975784301758,2.455739974975586,-0.30354565382003784
889.677978515625,0.0,0.0,0.0,3.2403438091278076,-0.577847957611084,0.3009880483150482,3.8859453201293945,0.3319343626499176
985.7459716796875,0.0,0.0,0.0,3.346270799636841,0.7346212863922119,-0.38903290033340454,3.491825580596924,-0.327914834022522
973.1300048828125,0.0,0.0,0.0,3.7109146118164062,0.46516335010528564,-0.16632691025733948,3.8744969367980957,-0.14331386983394623
849.8140258789062,0.0,0.0,0.0,2.2044546604156494,0.3566427230834961,-0.2553803324699402,2.1078927516937256,-0.2243048995733261
783.8140258789062,0.0,0.0,0.0,3.1459763050079346,0.39538970589637756,-0.29291871190071106,3.2028191089630127,-0.2151891142129898
394.2019958496094,0.0,0.0,0.0,2.9378066062927246,0.11452776193618774,-0.16779978573322296,2.389220952987671,-0.17034877836704254
284.9620056152344,0.0,0.0,0.0,4.181797027587891,-0.27328917384147644,0.048960402607917786,4.740870952606201,0.08797233551740646
757.010009765625,0.0,0.0,0.0,2.0409417152404785,0.07338408380746841,-0.11626183241605759,2.2956104278564453,-0.1008966863155365
660.97802734375,0.0,0.0,0.0,2.1210522651672363,-0.3447887897491455,0.38246795535087585,2.512552261352539,0.4708828032016754
168.16200256347656,0.0,0.0,0.0,2.0414164066314697,0.5033136010169983,-0.6646603941917419,2.3273444175720215,-0.5216138362884521
268.0539855957031,0.0,0.0,0.0,1.6982808113098145,-0.3255994915962219,0.4771183729171753,1.9945656061172485,0.49766239523887634
1007.3619995117188,0.0,0.0,0.0,4.0022430419921875,-0.6523019075393677,0.20733122527599335,4.060722827911377,0.2085382640361786
149.98599243164062,0.0,0.0,0.0,2.3872287273406982,0.5502511858940125,-0.523291289806366,2.5129621028900146,-0.5442494750022888
495.6180114746094,0.0,0.0,0.0,2.067349910736084,-0.3552522659301758,0.3629893660545349,2.5958268642425537,0.48971274495124817
909.9420166015625,0.0,0.0,0.0,3.797424077987671,0.3066444396972656,-0.022807566449046135,4.3728556632995605,0.029335396364331245
663.64599609375,0.0,0.0,0.0,3.5170137882232666,-0.5693920850753784,0.23861582577228546,3.798703908920288,0.2362041175365448
440.3699951171875,0.0,0.0,0.0,1.6345258951187134,-0.049877047538757324,-0.01761786825954914,1.6390141248703003,-0.027405500411987305
712.8499755859375,0.0,0.0,0.0,3.8658642768859863,0.6918472051620483,-0.15903683006763458,3.6503751277923584,0.07283399254083633
653.8179931640625,0.0,0.0,0.0,2.1488044261932373,-0.4547750949859619,0.526796281337738,2.1433968544006348,0.5971070528030396
685.0900268554688,0.0,0.0,0.0,2.408414602279663,-0.16465863585472107,0.2131645828485489,2.738901138305664,0.1978379786014557
665.9500122070312,0.0,0.0,0.0,3.532219171524048,-0.22938212752342224,0.03317715600132942,0.0,0.0
525.2659912109375,0.0,0.0,0.0,2.7550816535949707,0.35336101055145264,-0.12925733625888824,2.463900566101074,-0.13206379115581512
193.42599487304688,0.0,0.0,0.0,2.5460329055786133,-0.49731162190437317,0.44274410605430603,3.0266244411468506,0.47329822182655334
848.3820190429688,0.0,0.0,0.0,3.0694665908813477,0.6501906514167786,-0.309192955493927,2.734351873397827,-0.45802897214889526
720.9860229492188,0.0,0.0,0.0,4.114525318145752,0.27417007088661194,-0.11833196878433228,4.003713130950928,0.024303343147039413
167.08999633789062,0.0,0.0,0.0,1.7827268838882446,0.46104541420936584,-0.6451976895332336,1.9816182851791382,-0.644237220287323
756.885986328125,0.0,0.0,0.0,2.0401201248168945,0.07715729624032974,-0.09516466408967972,2.259289026260376,-0.112547367811203
796.5900268554688,0.0,0.0,0.0,3.04525089263916,0.03519103676080704,-0.01976107992231846,3.4095818996429443,-0.04635625705122948
823.5339965820312,0.0,0.0,0.0,3.706907033920288,-0.45473387837409973,0.13885332643985748,3.6571614742279053,0.11536254733800888
861.8779907226562,0.0,0.0,0.0,4.112873077392578,-0.640332043170929,0.13170507550239563,4.359129428863525,0.059277378022670746
804.2139892578125,0.0,0.0,0.0,2.9182329177856445,0.7205818891525269,-0.38788551092147827,3.0379152297973633,-0.3015948534011841
153.74200439453125,0.0,0.0,0.0,3.575472831726074,0.5629270076751709,-0.3643905818462372,3.2836501598358154,-0.39603015780448914
613.6259765625,0.0,0.0,0.0,3.9401488304138184,-0.39696842432022095,0.26843568682670593,3.266862392425537,0.3134289085865021
461.20599365234375,0.0,0.0,0.0,3.2046186923980713,-0.12236811965703964,0.0466921292245388,3.2914845943450928,0.046421077102422714
252.28599548339844,0.0,0.0,0.0,3.8855786323547363,-0.9551954865455627,0.34428656101226807,4.709380626678467,0.32831066846847534
782.3699951171875,0.0,0.0,0.0,2.9395854473114014,0.47433194518089294,-0.3074639141559601,3.385685920715332,-0.2864648699760437
207.47799682617188,0.0,0.0,0.0,1.8900933265686035,0.39055120944976807,-0.55897456407547,2.2318851947784424,-0.5377620458602905
757.666015625,0.0,0.0,0.0,2.1968555450439453,0.07150828093290329,-0.09914496541023254,2.2703492641448975,-0.09960976243019104
486.0899963378906,0.0,0.0,0.0,3.6349949836730957,0.5944784879684448,-0.15299463272094727,3.6460161209106445,-0.12178712338209152
773.5819702148438,0.0,0.0,0.0,3.99014949798584,0.8286168575286865,-0.3689223527908325,4.3594889640808105,-0.3401055634021759
866.0859985351562,0.0,0.0,0.0,4.138883113861084,-0.7918726801872253,0.1880483627319336,4.641183853149414,0.19503310322761536
721.6339721679688,0.0,0.0,0.0,4.184630870819092,0.16814099252223969,-0.052324868738651276,4.393762111663818,0.02576754428446293
531.6500244140625,0.0,0.0,0.0,1.9923099279403687,0.3696971535682678,-0.4269668757915497,1.985061764717102,-0.47604042291641235
883.8099975585938,0.0,0.0,0.0,3.839465856552124,0.6413241624832153,-0.2294446974992752,4.415716648101807,-0.2277551293373108
238.45399475097656,0.0,0.0,0.0,3.434619426727295,-0.41056206822395325,0.1205894947052002,3.4681310653686523,0.1406213939189911
690.9819946289062,0.0,0.0,0.0,4.02177619934082,-0.6124752163887024,0.17991803586483002,4.3404765129089355,0.17578299343585968
551.0180053710938,0.0,0.0,0.0,3.272228240966797,0.2915676534175873,-0.11289254575967789,3.4880211353302,-0.19542983174324036
328.4700012207031,0.0,0.0,0.0,4.3873138427734375,0.34168437123298645,-0.051227398216724396,4.242550849914551,-0.02006535790860653
413.6780090332031,0.0,0.0,0.0,3.184873342514038,0.7309083938598633,-0.4334670603275299,3.4637889862060547,-0.42171818017959595
152.32200622558594,0.0,0.0,0.0,3.3105404376983643,0.6420591473579407,-0.3107176423072815,3.849158763885498,-0.35208073258399963
704.3660278320312,0.0,0.0,0.0,2.22031569480896,0.4640602767467499,-0.5434920787811279,2.157689332962036,-0.5476289987564087
182.32200622558594,0.0,0.0,0.0,2.8518502712249756,-0.5772928595542908,0.43882986903190613,3.577826738357544,0.4685155153274536
202.69400024414062,0.0,0.0,0.0,4.602736949920654,-0.02407936379313469,-0.061727795749902725,4.647874355316162,-0.035066939890384674
436.6260070800781,0.0,0.0,0.0,2.7866134643554688,0.21314693987369537,-0.159991055727005,2.6005003452301025,-0.14633521437644958
663.5540161132812,0.0,0.0,0.0,3.495643138885498,-0.5925210118293762,0.22279280424118042,3.8432445526123047,0.28273797035217285
644.469970703125,0.0,0.0,0.0,3.2348644733428955,0.5317234992980957,-0.2881524860858917,3.693082571029663,-0.3799389898777008
233.19000244140625,0.0,0.0,0.0,1.8290600776672363,0.33713284134864807,-0.3894726037979126,2.0751280784606934,-0.12934069335460663
599.4819946289062,0.0,0.0,0.0,4.231070041656494,-0.24044457077980042,0.04316253960132599,3.718369245529175,0.17520087957382202
935.2020263671875,0.0,0.0,0.0,2.672900676727295,0.201872318983078,-0.011072712950408459,2.4564707279205322,-0.08164467662572861
445.6300048828125,0.0,0.0,0.0,2.708038091659546,0.47235432267189026,-0.2999804615974426,3.403165340423584,-0.37319672107696533
219.98599243164062,0.0,0.0,0.0,3.101430892944336,0.6420235633850098,-0.3407672643661499,3.7342379093170166,-0.39228585362434387
682.885986328125,0.0,0.0,0.0,-0.004153489600867033,0.0003424367750994861,0.0012726119020953774,0.0,0.0
547.9140014648438,0.0,0.0,0.0,2.4721827507019043,-0.0979292020201683,0.03327905386686325,2.568695068359375,-0.05940515547990799
550.7860107421875,0.0,0.0,0.0,3.2700047492980957,0.35798054933547974,-0.12814335525035858,3.4598124027252197,-0.10101641714572906
796.677978515625,0.0,0.0,0.0,3.070871114730835,0.02809661626815796,-0.0353163480758667,3.115206480026245,-0.058562859892845154
343.1860046386719,0.0,0.0,0.0,2.452590227127075,0.2795783281326294,-0.21423110365867615,2.6939120292663574,-0.23273463547229767
862.6420288085938,0.0,0.0,0.0,4.307244777679443,-0.42414847016334534,0.19102871417999268,4.421390533447266,0.38016602396965027
673.0460205078125,0.0,0.0,0.0,2.9641902446746826,-0.6525759696960449,0.5268187522888184,3.170119524002075,0.6550650000572205
1022.9299926757812,0.0,0.0,0.0,4.488053798675537,-0.04584082216024399,0.02701970934867859,4.376814842224121,0.05492241680622101
551.9180297851562,0.0,0.0,0.0,2.8874824047088623,0.3636792004108429,-0.45581355690956116,2.5379087924957275,-0.5099979639053345
132.11399841308594,0.0,0.0,0.0,-0.0016978150233626366,0.00033665852970443666,0.0006141092162579298,0.0,0.0
1019.7780151367188,0.0,0.0,0.0,4.007263660430908,-0.16251029074192047,0.0421513170003891,4.300625801086426,0.02671629935503006
527.1820068359375,0.0,0.0,0.0,1.5093398094177246,0.14869454503059387,-0.15962070226669312,1.3457249402999878,-0.13184210658073425
786.9860229492188,0.0,0.0,0.0,3.678244113922119,0.409130722284317,-0.23952236771583557,3.9003164768218994,-0.30488690733909607
1018.4340209960938,0.0,0.0,0.0,3.7557718753814697,-0.2091866284608841,0.05808783695101738,4.019176006317139,0.06941588222980499
585.1619873046875,0.0,0.0,0.0,3.583073377609253,-0.9061260223388672,0.4373875856399536,3.452026128768921,0.4434467554092407
274.77398681640625,0.0,0.0,0.0,2.7413692474365234,0.074231818318367,-0.06076301261782646,2.282994270324707,-0.05187540128827095
890.5700073242188,0.0,0.0,0.0,3.51078462600708,-0.5842705965042114,0.25237777829170227,3.040247917175293,0.20560646057128906
675.52197265625,0.0,0.0,0.0,2.4920129776000977,-0.89739590883255,0.7603498697280884,2.4167330265045166,0.8259155750274658
277.0740051269531,0.0,0.0,0.0,2.484327793121338,-0.3900987505912781,0.3536035716533661,2.8702681064605713,0.4097430109977722
706.5780029296875,0.0,0.0,0.0,2.191117525100708,0.4547332525253296,-0.5367521047592163,2.4734458923339844,-0.5841661691665649
848.5059814453125,0.0,0.0,0.0,2.958219051361084,0.64248126745224,-0.37815266847610474,2.524897336959839,-0.3170880675315857
145.74600219726562,0.0,0.0,0.0,3.9120609760284424,0.07137008011341095,0.02973177470266819,4.263467311859131,-0.019499436020851135
445.25,0.0,0.0,0.0,2.554586887359619,0.4352840483188629,-0.3520059585571289,2.7930033206939697,-0.3311319351196289
201.7779998779297,0.0,0.0,0.0,4.683172225952148,-0.0032577624078840017,0.043431125581264496,4.615431785583496,0.01886422373354435
708.406005859375,0.0,0.0,0.0,2.936192274093628,0.6760289669036865,-0.5977376103401184,3.0644900798797607,-0.6971843242645264
882.322021484375,0.0,0.0,0.0,3.04045033454895,0.6465166211128235,-0.3957424461841583,3.6233327388763428,-0.4589778482913971
217.91000366210938,0.0,0.0,0.0,2.042186975479126,0.39427950978279114,-0.5231321454048157,2.2228312492370605,-0.51128089427948
368.3739929199219,0.0,0.0,0.0,3.9250431060791016,-0.7449904680252075,0.22563552856445312,4.361361980438232,0.17405422031879425
945.5339965820312,0.0,0.0,0.0,4.035793304443359,-0.8267481923103333,0.30289050936698914,4.370794296264648,0.2890649437904358
439.4419860839844,0.0,0.0,0.0,1.8942246437072754,-0.02353668212890625,-0.052296023815870285,1.7149540185928345,-0.04511485621333122
496.6860046386719,0.0,0.0,0.0,2.466747760772705,-0.37075862288475037,0.32767921686172485,2.8221640586853027,0.3176199197769165
802.7420043945312,0.0,0.0,0.0,3.196624755859375,1.0449435710906982,-0.555498480796814,3.159717559814453,-0.46367737650871277
244.25399780273438,0.0,0.0,0.0,2.369354009628296,-0.42382025718688965,0.4168197214603424,2.758535146713257,0.4608689546585083
278.6099853515625,0.0,0.0,0.0,3.0714545249938965,-0.4635232090950012,0.21923550963401794,3.5322036743164062,0.3060450553894043
943.4979858398438,0.0,0.0,0.0,2.864868640899658,-0.8185088634490967,0.5591757297515869,3.794874668121338,0.6145020127296448
842.4979858398438,0.0,0.0,0.0,2.4794678688049316,0.507943868637085,-0.4558424651622772,2.7393009662628174,-0.47229474782943726
689.1220092773438,0.0,0.0,0.0,3.2323529720306396,-0.7019474506378174,0.4093606770038605,3.6606945991516113,0.3732632100582123
762.1060180664062,0.0,0.0,0.0,2.8578996658325195,0.4690897464752197,-0.40176206827163696,2.93353533744812,-0.48614418506622314
732.6060180664062,0.0,0.0,0.0,4.075998306274414,-0.7438446879386902,0.26791197061538696,3.8521318435668945,0.24884577095508575
346.7460021972656,0.0,0.0,0.0,2.811099052429199,0.2902764081954956,-0.07515862584114075,2.730328321456909,-0.1254216730594635
659.5139770507812,0.0,0.0,0.0,1.5342072248458862,-0.12520642578601837,0.2444901317358017,1.7466371059417725,0.2854154109954834
971.3179931640625,0.0,0.0,0.0,3.192302703857422,0.42213544249534607,-0.1765219271183014,3.593984365463257,-0.20263028144836426
450.0740051269531,0.0,0.0,0.0,4.054380893707275,0.3734298646450043,-0.06087908521294594,4.334290504455566,-0.21300877630710602
915.3980102539062,0.0,0.0,0.0,4.633156776428223,-0.1831459403038025,0.021191628649830818,4.6705217361450195,-0.05609927698969841
610.4500122070312,0.0,0.0,0.0,4.709810256958008,-0.022145751863718033,-0.013198873959481716,4.69718074798584,0.009954158216714859
386.010009765625,0.0,0.0,0.0,3.500574827194214,-0.7117348909378052,0.44299742579460144,3.5207040309906006,0.49167385697364807
578.2899780273438,0.0,0.0,0.0,2.3894922733306885,0.6043423414230347,-0.5009860396385193,3.2734713554382324,-0.5951146483421326
624.1019897460938,0.0,0.0,0.0,2.547872543334961,0.17310430109500885,-0.13089628517627716,2.741037130355835,-0.1741253286600113
919.47802734375,0.0,0.0,0.0,3.6685781478881836,-0.4232766032218933,0.20614469051361084,3.420999050140381,0.1630406379699707
714.93798828125,0.0,0.0,0.0,3.0779640674591064,-0.7009037733078003,0.3878526985645294,3.1255619525909424,0.37078559398651123
904.9099731445312,0.0,0.0,0.0,1.815895915031433,-0.33090248703956604,0.2721129059791565,1.9788868427276611,0.09905007481575012
528.6019897460938,0.0,0.0,0.0,1.6736193895339966,0.1728557050228119,-0.2065310776233673,1.7403439283370972,-0.1676437258720398
413.7900085449219,0.0,0.0,0.0,3.1900599002838135,0.7505517601966858,-0.3938126266002655,3.597727060317993,-0.3704790472984314
828.5460205078125,0.0,0.0,0.0,2.9655990600585938,0.35973772406578064,-0.24789217114448547,3.3139359951019287,-0.16866399347782135
697.4219970703125,0.0,0.0,0.0,1.2690091133117676,-0.033796828240156174,0.08721175044775009,1.8032721281051636,0.11720971018075943
345.75,0.0,0.0,0.0,3.034597158432007,0.3441818356513977,-0.0688188374042511,3.1690375804901123,-0.2121713012456894
841.677978515625,0.0,0.0,0.0,2.0644657611846924,0.36408156156539917,-0.4922020733356476,2.2892327308654785,-0.4603862762451172
763.2659912109375,0.0,0.0,0.0,2.704162120819092,0.6769152283668518,-0.44638338685035706,2.7693774700164795,-0.40288034081459045
417.6619873046875,0.0,0.0,0.0,3.824596881866455,0.6072903871536255,-0.18408650159835815,4.01329231262207,-0.11478006094694138
731.6259765625,0.0,0.0,0.0,4.09696102142334,-0.5443716645240784,0.23672372102737427,4.132439136505127,0.2222820222377777
555.1699829101562,0.0,0.0,0.0,2.0576651096343994,0.4990265369415283,-0.5839223265647888,2.261706590652466,-0.712398111820221
617.27001953125,0.0,0.0,0.0,0.49724411964416504,0.010253428481519222,-0.07609748095273972,0.9338926672935486,-0.05927029624581337
406.9540100097656,0.0,0.0,0.0,1.7385128736495972,0.13694922626018524,-0.13670645654201508,1.9226521253585815,-0.09028542786836624
702.7540283203125,0.0,0.0,0.0,2.8902997970581055,0.43045303225517273,-0.2384876161813736,3.029559373855591,-0.27865278720855713
241.1739959716797,0.0,0.0,0.0,2.379000425338745,-0.08049366623163223,0.003033504355698824,2.254829168319702,-0.021019188687205315
139.2779998779297,0.0,0.0,0.0,2.913921594619751,0.2708747982978821,-0.18085333704948425,3.0792007446289062,-0.18799789249897003
137.82200622558594,0.0,0.0,0.0,2.1340155601501465,0.11172476410865784,-0.17691190540790558,2.529336452484131,-0.15773190557956696
925.47802734375,0.0,0.0,0.0,3.4563519954681396,-0.6752359867095947,0.29947760701179504,3.9340813159942627,0.2951204478740692
491.3900146484375,0.0,0.0,0.0,2.7165114879608154,0.2524753510951996,-0.09107229113578796,2.542191982269287,-0.028419703245162964
579.2139892578125,0.0,0.0,0.0,3.0168097019195557,0.7173053026199341,-0.46250930428504944,3.494385004043579,-0.41391095519065857
483.27801513671875,0.0,0.0,0.0,2.7779250144958496,1.0649241209030151,-0.5231893658638,3.160447597503662,-0.4417858123779297
612.322021484375,0.0,0.0,0.0,4.7719950675964355,0.09642995893955231,0.006220350973308086,4.640900611877441,0.034175626933574677
259.13800048828125,0.0,0.0,0.0,4.12642240524292,0.027879886329174042,-0.02322152815759182,3.964887857437134,0.03216729313135147
981.6099853515625,0.0,0.0,0.0,3.4075655937194824,0.566808819770813,-0.41213366389274597,2.83144474029541,-0.5950880646705627
803.8779907226562,0.0,0.0,0.0,2.7733983993530273,0.7768639326095581,-0.3467912971973419,2.940500259399414,-0.33437293767929077
186.1300048828125,0.0,0.0,0.0,4.243170261383057,-0.3257416784763336,0.06455518305301666,3.8286540508270264,0.02104472741484642
930.5180053710938,0.0,0.0,0.0,3.5202486515045166,0.7090499401092529,-0.3560236394405365,3.562105178833008,-0.5108688473701477
956.8179931640625,0.0,0.0,0.0,2.8108787536621094,0.49813753366470337,-0.3899683356285095,3.04036808013916,-0.4480840861797333
453.9620056152344,0.0,0.0,0.0,3.580580472946167,0.27321261167526245,-0.0676693469285965,3.5133185386657715,-0.11983218044042587
931.906005859375,0.0,0.0,0.0,3.310840129852295,0.8288496732711792,-0.43132349848747253,3.499875545501709,-0.3130546808242798
849.9459838867188,0.0,0.0,0.0,2.1650450229644775,0.31557685136795044,-0.24293506145477295,2.266324996948242,-0.2210015505552292
985.3779907226562,0.0,0.0,0.0,3.2501254081726074,0.6958560347557068,-0.38914918899536133,3.5463802814483643,-0.3839164972305298
672.6619873046875,0.0,0.0,0.0,2.78686785697937,-0.5786288380622864,0.38758277893066406,3.368032693862915,0.43720561265945435
569.6179809570312,0.0,0.0,0.0,2.946542501449585,0.9915304780006409,-0.5492548942565918,3.437819004058838,-0.5738314390182495
641.0180053710938,0.0,0.0,0.0,1.6838167905807495,0.07059737294912338,-0.1417839527130127,1.914398193359375,-0.23412896692752838
518.7020263671875,0.0,0.0,0.0,4.687376976013184,-0.1151283010840416,-0.0723925456404686,4.652139186859131,-0.13230399787425995
258.50201416015625,0.0,0.0,0.0,4.328995704650879,0.02262207679450512,-0.0007385190692730248,3.824287176132202,-0.034316711127758026
942.1099853515625,0.0,0.0,0.0,2.600478410720825,-0.5916187167167664,0.556251049041748,2.7681660652160645,0.618564248085022
344.2539978027344,0.0,0.0,0.0,2.9258108139038086,0.4086076319217682,-0.2632811367511749,3.5813262462615967,-0.2566360533237457
458.1180114746094,0.0,0.0,0.0,2.408773422241211,-0.06038185581564903,0.03759164735674858,2.7479450702667236,0.03142716363072395
837.6019897460938,0.0,0.0,0.0,1.1211341619491577,0.06178005412220955,-0.005395499989390373,0.0,0.0
1018.9140014648438,0.0,0.0,0.0,3.775688886642456,-0.23284870386123657,0.013580741360783577,4.069896221160889,0.08746834844350815
715.2459716796875,0.0,0.0,0.0,3.097334146499634,-0.6658526062965393,0.3591136038303375,3.220109701156616,0.2877599596977234
239.14999389648438,0.0,0.0,0.0,3.3516836166381836,-0.31054598093032837,0.12941083312034607,3.1380693912506104,0.09291435778141022
509.75,0.0,0.0,0.0,2.986948251724243,-0.39617449045181274,0.18331292271614075,2.75055193901062,0.23210260272026062
936.302001953125,0.0,0.0,0.0,2.1945741176605225,0.11226949095726013,-0.08079253882169724,1.969326138496399,-0.058502379804849625
413.8900146484375,0.0,0.0,0.0,3.2043473720550537,0.7445389032363892,-0.37723225355148315,3.589829921722412,-0.4183729290962219
756.2059936523438,0.0,0.0,0.0,1.9405409097671509,0.10139437019824982,-0.1456461250782013,2.0446228981018066,-0.12729205191135406
337.406005859375,0.0,0.0,0.0,2.4618782997131348,0.36560139060020447,-0.23691871762275696,2.592172861099243,-0.24791015684604645
345.2659912109375,0.0,0.0,0.0,3.098402500152588,0.42082932591438293,-0.13686886429786682,3.200678586959839,-0.16308394074440002
469.489990234375,0.0,0.0,0.0,3.763695001602173,-1.0482549667358398,0.5515230894088745,4.003240585327148,0.4082017242908478
1000.75,0.0,0.0,0.0,2.0699329376220703,-0.5457549691200256,0.4769875705242157,2.4228086471557617,0.5447145104408264
267.3940124511719,0.0,0.0,0.0,1.5825746059417725,-0.27046138048171997,0.45731890201568604,1.6881886720657349,0.4519660472869873
655.3060302734375,0.0,0.0,0.0,2.1838622093200684,-0.48826807737350464,0.49252036213874817,2.6438515186309814,0.5170600414276123
940.4420166015625,0.0,0.0,0.0,1.8955718278884888,-0.33227187395095825,0.4654533863067627,2.119676113128662,0.47133511304855347
498.5379943847656,0.0,0.0,0.0,2.5666375160217285,-0.3259105086326599,0.22140221297740936,2.698955774307251,0.25029727816581726
1028.0460205078125,0.0,0.0,0.0,3.1559767723083496,0.8948670029640198,-0.6270250082015991,2.6184098720550537,-0.6166278123855591
299.34600830078125,0.0,0.0,0.0,2.311990737915039,0.6335312128067017,-0.727445662021637,2.3930130004882812,-0.7021498680114746
172.0260009765625,0.0,0.0,0.0,1.6613941192626953,0.007462049834430218,0.12882108986377716,1.8076562881469727,0.2142849862575531
836.0819702148438,0.0,0.0,0.0,3.3774657249450684,0.8913891315460205,-0.4203615188598633,4.026162624359131,-0.3834458291530609
630.1019897460938,0.0,0.0,0.0,3.9930055141448975,0.8321856260299683,-0.28697067499160767,4.598537921905518,-0.21658605337142944
648.1019897460938,0.0,0.0,0.0,0.9821524024009705,-0.008593570441007614,-0.050451986491680145,1.5568588972091675,-0.038282640278339386
722.1259765625,0.0,0.0,0.0,4.196675777435303,0.13027432560920715,0.0054152607917785645,3.9115359783172607,0.026501452550292015
625.718017578125,0.0,0.0,0.0,2.8776111602783203,0.33532482385635376,-0.2651413679122925,3.0793819427490234,-0.20941995084285736
726.5020141601562,0.0,0.0,0.0,2.4053330421447754,0.006227685138583183,0.10870856046676636,2.4983890056610107,0.10169478505849838
811.6060180664062,0.0,0.0,0.0,4.153841018676758,0.3574194610118866,-0.029557133093476295,4.42617130279541,0.02123943157494068
1025.802001953125,0.0,0.0,0.0,3.672344923019409,0.9791170954704285,-0.412761390209198,4.0795369148254395,-0.3607364296913147
456.41400146484375,0.0,0.0,0.0,2.2426085472106934,-0.018234217539429665,-0.028215935453772545,2.1989457607269287,-0.01849324069917202
721.4219970703125,0.0,0.0,0.0,4.180703639984131,0.17758381366729736,-0.051451291888952255,4.184884071350098,-0.03130042925477028
881.5460205078125,0.0,0.0,0.0,2.579561471939087,0.5646412372589111,-0.5173537135124207,3.0835680961608887,-0.5253406167030334
459.6059875488281,0.0,0.0,0.0,3.0978832244873047,-0.1400994211435318,0.020365148782730103,3.4674205780029297,0.03930700197815895
229.02200317382812,0.0,0.0,0.0,1.8050223588943481,0.3070306181907654,-0.4445907771587372,2.0224435329437256,-0.38583138585090637
989.8099975585938,0.0,0.0,0.0,2.3597776889801025,-0.20238398015499115,0.06450352817773819,2.462775707244873,-0.027541063725948334
874.6380004882812,0.0,0.0,0.0,3.328584671020508,0.11260756105184555,-0.010449275374412537,2.9837706089019775,-0.04421156272292137
567.0540161132812,0.0,0.0,0.0,4.682519912719727,0.05324322357773781,-0.01829393021762371,4.915550231933594,-0.02497570961713791
656.72998046875,0.0,0.0,0.0,1.745853304862976,-0.2973574101924896,0.04963618144392967,0.0,0.0
630.7059936523438,0.0,0.0,0.0,4.1064372062683105,0.6948748230934143,-0.17607027292251587,4.705834865570068,-0.23729771375656128
641.8140258789062,0.0,0.0,0.0,1.8981953859329224,0.19974923133850098,-0.2984086871147156,2.141636848449707,-0.3660956621170044
344.989990234375,0.0,0.0,0.0,3.072678565979004,0.41510626673698425,-0.18680702149868011,3.4391658306121826,-0.21616928279399872
274.510009765625,0.0,0.0,0.0,2.8592517375946045,0.05052989348769188,-0.05480477958917618,2.8535544872283936,-0.048865292221307755
687.9219970703125,0.0,0.0,0.0,3.143566131591797,-0.5482383370399475,0.4040394127368927,3.296815872192383,0.43322277069091797
248.1739959716797,0.0,0.0,0.0,3.9315185546875,-0.6583806872367859,0.25299158692359924,4.687501907348633,0.3608284294605255
374.9419860839844,0.0,0.0,0.0,3.404956102371216,-0.2890421450138092,0.1933324933052063,3.55734920501709,0.14896419644355774
846.302001953125,0.0,0.0,0.0,4.22816276550293,0.449226438999176,-0.03010338731110096,4.4233551025390625,0.00937479268759489
592.9140014648438,0.0,0.0,0.0,3.510317325592041,0.4555208683013916,-0.2538394629955292,3.9027938842773438,-0.2751767635345459
465.2659912109375,0.0,0.0,0.0,2.8261520862579346,-0.5775770545005798,0.40045231580734253,3.3469009399414062,0.4318735599517822
835.322021484375,0.0,0.0,0.0,3.1707944869995117,0.9598478078842163,-0.5394235253334045,3.7167065143585205,-0.6325808167457581
166.17799377441406,0.0,0.0,0.0,1.733475685119629,0.38625526428222656,-0.6095412373542786,1.9630632400512695,-0.672730028629303
208.6020050048828,0.0,0.0,0.0,2.399651527404785,0.4800489842891693,-0.5408493280410767,2.819117546081543,-0.555363655090332
581.1220092773438,0.0,0.0,0.0,4.082714557647705,0.38677385449409485,-0.030810128897428513,4.571378231048584,-0.0055649373680353165
547.0579833984375,0.0,0.0,0.0,2.925081729888916,-0.23846463859081268,0.12313828617334366,2.632883310317993,0.09376181662082672
782.8140258789062,0.0,0.0,0.0,3.15328049659729,0.47778499126434326,-0.26614150404930115,3.470465660095215,-0.22673450410366058
839.281982421875,0.0,0.0,0.0,1.335074782371521,0.10458291321992874,-0.3346230685710907,1.5966346263885498,-0.2932431101799011
347.1180114746094,0.0,0.0,0.0,2.670050859451294,0.25654923915863037,-0.11087143421173096,2.441586971282959,-0.08744454383850098
199.5540008544922,0.0,0.0,0.0,4.670468330383301,0.06597848236560822,-0.04348523169755936,4.941315174102783,0.02049814723432064
780.989990234375,0.0,0.0,0.0,2.3871817588806152,0.3721603751182556,-0.40553346276283264,2.937161445617676,-0.3889920711517334
894.5139770507812,0.0,0.0,0.0,1.867493748664856,-0.33532384037971497,0.517521858215332,2.1892805099487305,0.5932694673538208
499.7619934082031,0.0,0.0,0.0,2.283160924911499,-0.2284647673368454,0.1908692568540573,1.9123741388320923,0.2261277139186859
137.08999633789062,0.0,0.0,0.0,1.3825453519821167,0.0297380443662405,-0.03334633260965347,1.8868491649627686,-0.07590841501951218
615.1019897460938,0.0,0.0,0.0,2.288583755493164,-0.3298136591911316,0.20319488644599915,2.082771062850952,0.1903819590806961
948.0780029296875,0.0,0.0,0.0,4.450801849365234,-0.5498263835906982,0.1611943393945694,4.995161533355713,0.18198992311954498
852.1179809570312,0.0,0.0,0.0,2.5446572303771973,-0.11184611171483994,0.149809330701828,2.993586778640747,0.1856459081172943
469.0260009765625,0.0,0.0,0.0,3.9500951766967773,-0.8378393054008484,0.5110241174697876,3.96403169631958,0.5200040936470032
535.4340209960938,0.0,0.0,0.0,3.3358047008514404,0.6339767575263977,-0.3224247694015503,4.0797038078308105,-0.489797443151474
904.43798828125,0.0,0.0,0.0,1.7555675506591797,-0.44333288073539734,0.5950742363929749,2.0973219871520996,0.5384093523025513
308.64599609375,0.0,0.0,0.0,4.22503137588501,-0.317608505487442,0.0838233157992363,4.467124938964844,0.14567439258098602
328.697998046875,0.0,0.0,0.0,4.3300299644470215,0.3063611090183258,-0.05505919083952904,4.263193607330322,0.01706249825656414
645.218017578125,0.0,0.0,0.0,3.6268227100372314,0.57273930311203,-0.24456250667572021,4.21937370300293,-0.24286289513111115
535.2139892578125,0.0,0.0,0.0,3.1861581802368164,0.6105464100837708,-0.3593311011791229,4.151712894439697,-0.468185693025589
325.4620056152344,0.0,0.0,0.0,3.3018083572387695,0.5958216190338135,-0.3336865305900574,3.8880326747894287,-0.3526673913002014
211.08999633789062,0.0,0.0,0.0,3.890714168548584,0.6702430844306946,-0.18692579865455627,4.211917400360107,-0.2401077300310135
542.8259887695312,0.0,0.0,0.0,3.8389956951141357,-0.961502194404602,0.3778282701969147,4.0685834884643555,0.3265078365802765
471.20599365234375,0.0,0.0,0.0,3.687609910964966,-0.8857220411300659,0.31695204973220825,4.128606796264648,0.3512691259384155
687.781982421875,0.0,0.0,0.0,3.199627161026001,-0.49131715297698975,0.4159412086009979,3.301313638687134,0.4103337228298187
606.5139770507812,0.0,0.0,0.0,3.969142198562622,-0.7729847431182861,0.28421640396118164,4.4603681564331055,0.18183211982250214
1029.9339599609375,0.0,0.0,0.0,2.0273027420043945,0.463081419467926,-0.5626156330108643,2.2970073223114014,-0.488598108291626
718.9219970703125,0.0,0.0,0.0,3.4139392375946045,0.3592745363712311,-0.11914972960948944,3.6309664249420166,-0.21101276576519012
730.5700073242188,0.0,0.0,0.0,3.8522777557373047,-0.30415841937065125,0.16639703512191772,4.423254013061523,0.14475782215595245
357.2980041503906,0.0,0.0,0.0,3.7050228118896484,0.5044903755187988,-0.16439375281333923,4.136748313903809,-0.22288745641708374
144.79800415039062,0.0,0.0,0.0,3.6481471061706543,0.10787536203861237,-0.07218044251203537,3.8696553707122803,-0.014881875365972519
717.2020263671875,0.0,0.0,0.0,3.141469717025757,-0.21304261684417725,-0.007961037568747997,3.3208670616149902,-0.12021273374557495
312.593994140625,0.0,0.0,0.0,2.7834510803222656,0.012145320884883404,0.058071885257959366,2.6558854579925537,0.006878117565065622
341.6300048828125,0.0,0.0,0.0,1.555708646774292,0.11601785570383072,-0.0793721154332161,1.8258371353149414,-0.11255323886871338
688.7860107421875,0.0,0.0,0.0,3.1429691314697266,-0.6723940372467041,0.34057775139808655,3.3111324310302734,0.4555072486400604
578.1859741210938,0.0,0.0,0.0,2.3069112300872803,0.6035829186439514,-0.49938470125198364,3.105930805206299,-0.6486892700195312
875.72998046875,0.0,0.0,0.0,2.6387252807617188,0.06166146323084831,-0.028913699090480804,2.2690887451171875,-0.039311088621616364
164.45399475097656,0.0,0.0,0.0,1.6782530546188354,0.36394163966178894,-0.6680795550346375,1.8354097604751587,-0.5785636901855469
989.5380249023438,0.0,0.0,0.0,2.495272397994995,-0.27104273438453674,0.20030055940151215,2.1181800365448,0.07303888350725174
539.1300048828125,0.0,0.0,0.0,4.6082940101623535,0.5163475871086121,-0.10537683963775635,4.816452503204346,-0.0652880072593689
326.6499938964844,0.0,0.0,0.0,3.9172749519348145,0.6671361923217773,-0.28997674584388733,4.40040922164917,-0.2498052567243576
806.5700073242188,0.0,0.0,0.0,3.5341598987579346,0.7026105523109436,-0.3356333076953888,3.7812612056732178,-0.3488135039806366
781.5380249023438,0.0,0.0,0.0,2.6833391189575195,0.43808725476264954,-0.3399064242839813,3.128920555114746,-0.40680721402168274
1020.7139892578125,0.0,0.0,0.0,4.097246170043945,-0.08423378318548203,0.0219272393733263,4.564800262451172,0.022049926221370697
233.4459991455078,0.0,0.0,0.0,1.8838146924972534,0.2544865012168884,-0.06802963465452194,1.92351233959198,0.008649726398289204
328.1180114746094,0.0,0.0,0.0,4.383913516998291,0.4201657772064209,-0.06466959416866302,4.507889270782471,-0.09516233950853348
147.49000549316406,0.0,0.0,0.0,4.084146976470947,0.033462412655353546,0.002667355351150036,4.024427890777588,-0.01767551898956299
144.1300048828125,0.0,0.0,0.0,3.3302831649780273,0.1239180639386177,-0.01719454489648342,3.596245050430298,-0.058148372918367386
537.6019897460938,0.0,0.0,0.0,4.26823091506958,0.6218529343605042,-0.25471433997154236,4.800561428070068,-0.27681925892829895
171.41000366210938,0.0,0.0,0.0,1.6788886785507202,0.25200754404067993,-0.24545134603977203,1.8706824779510498,-0.20122653245925903
470.6499938964844,0.0,0.0,0.0,3.6141669750213623,-1.0211858749389648,0.43411585688591003,3.9569010734558105,0.42895612120628357
172.697998046875,0.0,0.0,0.0,1.8382220268249512,-0.16333547234535217,0.3334576487541199,2.0803062915802,0.31186214089393616
879.2100219726562,0.0,0.0,0.0,1.650219440460205,0.27227726578712463,-0.47611716389656067,1.9526708126068115,-0.5243624448776245
821.2780151367188,0.0,0.0,0.0,3.341721296310425,-0.7558048963546753,0.40159282088279724,3.706523895263672,0.34167546033859253
766.9539794921875,0.0,0.0,0.0,3.1294023990631104,0.2769394516944885,-0.09985284507274628,3.5635719299316406,-0.13431316614151
859.8779907226562,0.0,0.0,0.0,3.1415748596191406,-0.6744053959846497,0.40957313776016235,3.8229360580444336,0.4719701111316681
414.9700012207031,0.0,0.0,0.0,3.4871666431427,0.8072687387466431,-0.3919369578361511,3.992133378982544,-0.38957834243774414
140.56199645996094,0.0,0.0,0.0,2.9291775226593018,0.260276734828949,-0.15072104334831238,2.9961328506469727,-0.09909871965646744
840.4180297851562,0.0,0.0,0.0,1.655314564704895,0.2209203541278839,-0.3870180547237396,1.8406091928482056,-0.3893399238586426
304.03399658203125,0.0,0.0,0.0,2.1849634647369385,-0.25165870785713196,0.34555935859680176,2.6285183429718018,0.37303969264030457
394.84600830078125,0.0,0.0,0.0,2.3796231746673584,0.2785804569721222,-0.3607574701309204,2.105877161026001,-0.29426655173301697
515.3699951171875,0.0,0.0,0.0,4.195625305175781,-0.3599892854690552,0.08992434293031693,4.517004489898682,0.032235391438007355
550.9580078125,0.0,0.0,0.0,3.2637579441070557,0.3166894316673279,-0.11510870605707169,3.5258257389068604,-0.11280244588851929
538.2780151367188,0.0,0.0,0.0,4.469776153564453,0.665682852268219,-0.2577001452445984,4.7166571617126465,-0.1458367109298706
587.1220092773438,0.0,0.0,0.0,2.457197666168213,-0.5755273103713989,0.5672967433929443,2.08917498588562,0.5464568138122559
384.1419982910156,0.0,0.0,0.0,3.147329568862915,-0.6883427500724792,0.3463415205478668,3.7328615188598633,0.37933361530303955
763.6699829101562,0.0,0.0,0.0,2.7400646209716797,0.6043240427970886,-0.4489632844924927,2.8109450340270996,-0.40537622570991516
1024.8780517578125,0.0,0.0,0.0,3.7255146503448486,0.9547920227050781,-0.46706530451774597,3.8512187004089355,-0.4936574101448059
159.77000427246094,0.0,0.0,0.0,1.7537574768066406,0.4505334198474884,-0.5326681733131409,2.0680501461029053,-0.6311898231506348
247.14599609375,0.0,0.0,0.0,3.354802370071411,-0.7738535404205322,0.375760018825531,4.163995742797852,0.4179447293281555
1025.906005859375,0.0,0.0,0.0,3.687652111053467,0.9568895697593689,-0.35447436571121216,4.17299222946167,-0.3176363408565521
201.38600158691406,0.0,0.0,0.0,4.643233776092529,0.019124817103147507,0.030672632157802582,4.815558433532715,0.018047619611024857
913.47802734375,0.0,0.0,0.0,4.609901428222656,-0.10943835228681564,0.09685134887695312,4.596583366394043,0.06695947796106339
433.0580139160156,0.0,0.0,0.0,2.8471195697784424,0.21184566617012024,-0.20140039920806885,3.1914029121398926,-0.17786401510238647
939.406005859375,0.0,0.0,0.0,1.560446858406067,-0.22532358765602112,0.4304509162902832,1.841007947921753,0.45329371094703674
539.25,0.0,0.0,0.0,4.632786273956299,0.4981543719768524,-0.12001572549343109,4.876568794250488,-0.05539314076304436
652.3300170898438,0.0,0.0,0.0,3.4887807369232178,0.17667141556739807,-0.05630526319146156,3.415518045425415,-0.04858463257551193
559.9099731445312,0.0,0.0,0.0,2.804020881652832,0.7716807126998901,-0.5198603868484497,3.57423734664917,-0.6344066858291626
984.302001953125,0.0,0.0,0.0,2.735697031021118,0.6985574960708618,-0.470668226480484,3.2309157848358154,-0.5162386298179626
309.6099853515625,0.0,0.0,0.0,4.170766353607178,-0.18124285340309143,-0.000322297535603866,4.268083095550537,0.007053367327898741
382.20599365234375,0.0,0.0,0.0,2.657528877258301,-0.368633896112442,0.3208906352519989,2.7153093814849854,0.33939430117607117
293.1780090332031,0.0,0.0,0.0,2.868299722671509,-0.625063419342041,0.25367066264152527,3.0880937576293945,0.2146129310131073
910.677978515625,0.0,0.0,0.0,4.091707229614258,0.040248118340969086,0.07318517565727234,4.657909870147705,0.08855429291725159
773.469970703125,0.0,0.0,0.0,3.980849266052246,0.8229431509971619,-0.3051721751689911,4.336108684539795,-0.3228166401386261
683.1220092773438,0.0,0.0,0.0,-0.0016155041521415114,-0.0009201564243994653,-0.002323324093595147,0.4446656107902527,0.004190243314951658
514.3779907226562,0.0,0.0,0.0,3.8577520847320557,-0.42551177740097046,0.10758360475301743,4.424377918243408,0.16537581384181976
845.72998046875,0.0,0.0,0.0,4.1846137046813965,0.5401467680931091,-0.12757910788059235,4.632126808166504,-0.1440480500459671
738.6380004882812,0.0,0.0,0.0,3.3984158039093018,-0.5992456078529358,0.2869753837585449,3.943354606628418,0.29012060165405273
183.08999633789062,0.0,0.0,0.0,3.3528363704681396,-0.6812630295753479,0.35247278213500977,3.9371209144592285,0.29185226559638977
926.3779907226562,0.0,0.0,0.0,3.8365323543548584,-0.6253600716590881,0.15529440343379974,4.483454704284668,0.08572518080472946
197.62600708007812,0.0,0.0,0.0,4.514794826507568,-0.34580332040786743,0.0559411384165287,4.9499030113220215,0.06984228640794754
549.1699829101562,0.0,0.0,0.0,2.7250497341156006,0.24924851953983307,-0.2040271908044815,3.160674810409546,-0.2445572018623352
404.92999267578125,0.0,0.0,0.0,2.228602886199951,0.06148073077201843,0.00829785130918026,2.142751693725586,-0.0042212363332509995
674.2739868164062,0.0,0.0,0.0,2.6526808738708496,-0.8789353370666504,0.6687972545623779,3.05835223197937,0.5882623195648193
1004.3779907226562,0.0,0.0,0.0,3.8548245429992676,-0.8575838208198547,0.28368160128593445,4.257894515991211,0.24120968580245972
753.4500122070312,0.0,0.0,0.0,1.528556227684021,0.13492052257061005,-0.26188239455223083,1.5435482263565063,-0.23183146119117737
266.0899963378906,0.0,0.0,0.0,1.4513365030288696,-0.18490064144134521,0.38784074783325195,1.5179877281188965,0.3422701358795166
613.06201171875,0.0,0.0,0.0,4.637742042541504,-0.0071328491903841496,0.12403158098459244,3.845360040664673,0.20215603709220886
859.6339721679688,0.0,0.0,0.0,2.9946110248565674,-0.6577032208442688,0.4380964934825897,3.566199779510498,0.4088776707649231
1019.9099731445312,0.0,0.0,0.0,3.992166519165039,-0.17180876433849335,0.04160701856017113,4.132514476776123,0.010810671374201775
426.7619934082031,0.0,0.0,0.0,4.221505641937256,0.3489524722099304,-0.021257732063531876,3.979172945022583,0.10406377911567688
912.4500122070312,0.0,0.0,0.0,4.509151458740234,-0.021883761510252953,-0.00907437689602375,4.875638008117676,-0.050018031150102615
890.2659912109375,0.0,0.0,0.0,3.570798873901367,-0.5792677402496338,0.23679521679878235,3.9080841541290283,0.3260323107242584
767.6259765625,0.0,0.0,0.0,3.418307065963745,0.25860509276390076,-0.08854633569717407,3.69433331489563,-0.07691963016986847
656.4940185546875,0.0,0.0,0.0,2.1942222118377686,-0.47266289591789246,0.1612708419561386,0.0,0.0
643.0900268554688,0.0,0.0,0.0,2.4718289375305176,0.399071604013443,-0.3587329089641571,2.684521198272705,-0.37286436557769775
646.1939697265625,0.0,0.0,0.0,2.2375848293304443,0.1659902185201645,-0.0012929103104397655,0.0,0.0
480.92999267578125,0.0,0.0,0.0,3.7458152770996094,0.5951254367828369,-0.26854684948921204,3.85479998588562,-0.256622314453125
399.4580078125,0.0,0.0,0.0,3.4043374061584473,0.7999358773231506,-0.3919149935245514,3.7636191844940186,-0.4065825641155243
950.5380249023438,0.0,0.0,0.0,4.667056083679199,-0.15775352716445923,-0.012866077944636345,4.7180657386779785,-0.12559838593006134
280.2539978027344,0.0,0.0,0.0,3.068129301071167,-0.3704262971878052,0.17543846368789673,3.0601816177368164,0.19855298101902008
323.4779968261719,0.0,0.0,0.0,1.9849528074264526,0.31736624240875244,-0.400966078042984,2.402094602584839,-0.4499407410621643
465.4939880371094,0.0,0.0,0.0,2.9429354667663574,-0.5725283622741699,0.41998839378356934,3.576960563659668,0.4372822046279907
243.37399291992188,0.0,0.0,0.0,2.0382988452911377,-0.32308319211006165,0.4041835367679596,2.271988868713379,0.4177255928516388
851.6699829101562,0.0,0.0,0.0,2.2559914588928223,0.008363265544176102,0.08633767068386078,2.7154436111450195,0.1323569267988205
688.4500122070312,0.0,0.0,0.0,3.1475749015808105,-0.6575192809104919,0.4385097324848175,3.2504348754882812,0.39476510882377625
261.22601318359375,0.0,0.0,0.0,4.094732284545898,0.019054502248764038,0.016732048243284225,4.191178798675537,0.055853549391031265
533.6019897460938,0.0,0.0,0.0,2.3576107025146484,0.5073451399803162,-0.43737396597862244,2.524420976638794,-0.3820224404335022
617.8140258789062,0.0,0.0,0.0,1.1511433124542236,0.025507226586341858,-0.11162856966257095,1.4629449844360352,-0.0847822055220604
512.6740112304688,0.0,0.0,0.0,3.032742738723755,-0.5689663290977478,0.27821388840675354,3.362938642501831,0.27240321040153503
860.8140258789062,0.0,0.0,0.0,3.697380304336548,-0.6575003266334534,0.26509520411491394,4.568366527557373,0.3009019196033478
695.1220092773438,0.0,0.0,0.0,1.6352871656417847,-0.3175313174724579,0.009345958940684795,0.0,0.0
393.1860046386719,0.0,0.0,0.0,3.32259202003479,0.19693788886070251,-0.09414805471897125,3.2463152408599854,-0.07138912379741669
969.0540161132812,0.0,0.0,0.0,2.344089984893799,0.45254600048065186,-0.3559724986553192,2.423590898513794,-0.3121965229511261
566.72998046875,0.0,0.0,0.0,4.672550201416016,0.02931182272732258,0.006456460803747177,4.625894069671631,-0.07393267750740051
991.5419921875,0.0,0.0,0.0,2.6211440563201904,0.3548552691936493,-0.2891334295272827,2.774073839187622,-0.32117438316345215
807.510009765625,0.0,0.0,0.0,3.446550130844116,0.8242576718330383,-0.40337854623794556,3.783625841140747,-0.4523465037345886
258.3940124511719,0.0,0.0,0.0,4.380316257476807,0.030225969851017,0.007965902797877789,4.335132598876953,0.03951246291399002
821.72998046875,0.0,0.0,0.0,3.4629054069519043,-0.7617985606193542,0.37045976519584656,3.910166025161743,0.3752383291721344
983.7420043945312,0.0,0.0,0.0,2.536656141281128,0.6878265142440796,-0.558188796043396,2.992893695831299,-0.6910975575447083
468.885986328125,0.0,0.0,0.0,4.070653915405273,-0.7613657712936401,0.4690766930580139,3.9262471199035645,0.505286693572998
1010.2260131835938,0.0,0.0,0.0,3.9802541732788086,-0.9217060804367065,0.36149072647094727,4.334099769592285,0.30123546719551086
694.7459716796875,0.0,0.0,0.0,2.374537467956543,-0.7184783816337585,0.196712926030159,0.0,0.0
1021.469970703125,0.0,0.0,0.0,4.282073974609375,-0.02112327329814434,-0.032928772270679474,4.777203559875488,-0.04520116746425629
409.04998779296875,0.0,0.0,0.0,2.126779317855835,0.17653058469295502,-0.08049452304840088,2.2088184356689453,-0.08463654667139053
783.5020141601562,0.0,0.0,0.0,3.196842908859253,0.42344850301742554,-0.1960247904062271,3.402634382247925,-0.20309510827064514
849.4099731445312,0.0,0.0,0.0,2.3451151847839355,0.43966469168663025,-0.28414031863212585,2.322450876235962,-0.2775956392288208
676.6820068359375,0.0,0.0,0.0,1.9694825410842896,-0.7049751877784729,0.7234350442886353,2.3293166160583496,0.7203770279884338
247.00999450683594,0.0,0.0,0.0,3.2808752059936523,-0.7905105948448181,0.39250433444976807,3.8650310039520264,0.33702072501182556
231.6739959716797,0.0,0.0,0.0,1.5899392366409302,0.3055444359779358,-0.5768393278121948,1.7657660245895386,-0.5902405381202698
652.1939697265625,0.0,0.0,0.0,3.4914376735687256,0.1879022717475891,-0.07641835510730743,3.5303866863250732,-0.04719267785549164
251.68600463867188,0.0,0.0,0.0,3.754824638366699,-1.0440016984939575,0.44838303327560425,4.324529647827148,0.4338916838169098
1014.302001953125,0.0,0.0,0.0,4.144839286804199,-0.12371540814638138,0.007222007028758526,3.902308225631714,-0.043375127017498016
880.97802734375,0.0,0.0,0.0,2.253995895385742,0.4863944351673126,-0.5192981362342834,2.70780611038208,-0.5119836330413818
474.8500061035156,0.0,0.0,0.0,2.6416358947753906,-0.001882269512861967,-0.040935441851615906,2.5934717655181885,-0.09378908574581146
255.04600524902344,0.0,0.0,0.0,4.597326278686523,-0.3035980761051178,-0.019641192629933357,4.7094316482543945,0.036826491355895996
1021.2420043945312,0.0,0.0,0.0,4.225610256195068,-0.03931296616792679,-0.029932383447885513,4.18637228012085,-0.06960930675268173
912.5419921875,0.0,0.0,0.0,4.533613204956055,-0.024424519389867783,0.04678421840071678,4.6980462074279785,0.04990391805768013
446.0820007324219,0.0,0.0,0.0,3.0417640209198,0.5307986736297607,-0.27218782901763916,3.5028181076049805,-0.27166929841041565
326.75799560546875,0.0,0.0,0.0,3.9584672451019287,0.6614609956741333,-0.24479351937770844,4.536219120025635,-0.18698750436306
819.0139770507812,0.0,0.0,0.0,3.4045333862304688,-0.2675851583480835,0.09977070242166519,3.9600539207458496,0.09292632341384888
559.0499877929688,0.0,0.0,0.0,2.4240121841430664,0.7322500944137573,-0.6915556192398071,2.7463490962982178,-0.6436536312103271
394.5140075683594,0.0,0.0,0.0,2.6286351680755615,0.16871388256549835,-0.31580767035484314,2.6668972969055176,-0.33457323908805847
659.9500122070312,0.0,0.0,0.0,1.7327359914779663,-0.18457801640033722,0.35118091106414795,1.985133171081543,0.3182380497455597
373.9100036621094,0.0,0.0,0.0,3.270238161087036,-0.09272859245538712,0.14297214150428772,3.36647891998291,0.14658913016319275
1026.9420166015625,0.0,0.0,0.0,4.120577812194824,0.748831033706665,-0.28828665614128113,4.717215538024902,-0.24721740186214447
222.9219970703125,0.0,0.0,0.0,3.8821887969970703,0.3686756491661072,-0.11149973422288895,3.84631085395813,-0.11446893215179443
626.0819702148438,0.0,0.0,0.0,2.970720052719116,0.3818678557872772,-0.29817038774490356,3.28889799118042,-0.3037235736846924
410.95001220703125,0.0,0.0,0.0,2.5859785079956055,0.2979740500450134,-0.17726962268352509,2.535611152648926,-0.18769682943820953
443.75,0.0,0.0,0.0,1.9660241603851318,0.3043193519115448,-0.43104806542396545,2.1656243801116943,-0.3860149681568146
250.25399780273438,0.0,0.0,0.0,4.151961326599121,-0.6515350341796875,0.39374059438705444,3.998516082763672,0.5054928660392761
304.5140075683594,0.0,0.0,0.0,2.436522960662842,-0.34705260396003723,0.3354741930961609,2.7860963344573975,0.3151182532310486
133.99000549316406,0.0,0.0,0.0,-0.001174441073089838,0.00023690749367233366,-0.00033747381530702114,0.0,0.0
942.5419921875,0.0,0.0,0.0,2.5419161319732666,-0.7116914987564087,0.6323413848876953,2.8994603157043457,0.648790180683136
928.8140258789062,0.0,0.0,0.0,3.692674160003662,0.44648024439811707,-0.3208007216453552,3.5510058403015137,-0.3098185062408447
701.47802734375,0.0,0.0,0.0,2.8429114818573,0.4052475094795227,-0.3746488094329834,2.991605520248413,-0.3583885431289673
440.1099853515625,0.0,0.0,0.0,1.7070684432983398,-0.03561662137508392,-0.03327946364879608,1.670807957649231,-0.010208426043391228
908.27001953125,0.0,0.0,0.0,2.9826228618621826,0.5592994093894958,-0.34060657024383545,3.1400086879730225,-0.32987403869628906
712.43798828125,0.0,0.0,0.0,3.7780213356018066,0.7979861497879028,-0.27394646406173706,4.408480167388916,-0.259194016456604
571.1740112304688,0.0,0.0,0.0,3.5792593955993652,0.7940503358840942,-0.31315943598747253,4.146195411682129,-0.3394722640514374
564.3179931640625,0.0,0.0,0.0,4.555846214294434,0.1183183342218399,-0.000860397529322654,4.589575290679932,-0.034192170947790146
417.75,0.0,0.0,0.0,3.8248462677001953,0.5897377133369446,-0.14831185340881348,3.8265933990478516,-0.09601889550685883
617.6820068359375,0.0,0.0,0.0,1.0470153093338013,0.014036591164767742,-0.10167984664440155,1.2584919929504395,-0.09953354299068451
960.2020263671875,0.0,0.0,0.0,3.992793560028076,0.4407508671283722,-0.1423003226518631,4.622395992279053,-0.1412767618894577
727.6259765625,0.0,0.0,0.0,2.8179774284362793,-0.09772703796625137,0.17607811093330383,3.0972750186920166,0.1737465262413025
643.885986328125,0.0,0.0,0.0,2.8588178157806396,0.49171432852745056,-0.3553863763809204,3.4390411376953125,-0.41065680980682373
287.27398681640625,0.0,0.0,0.0,4.490529537200928,-0.11145605891942978,0.072329580783844,4.099249839782715,0.20397742092609406
665.281982421875,0.0,0.0,0.0,3.6005868911743164,-0.3420700430870056,0.11219397187232971,3.915158748626709,0.08595041930675507
426.5580139160156,0.0,0.0,0.0,4.244229316711426,0.4520846903324127,-0.04866398498415947,4.0107550621032715,0.022271187976002693
197.18600463867188,0.0,0.0,0.0,4.435848236083984,-0.43473881483078003,0.10774919390678406,4.783459186553955,0.06434156000614166
847.8980102539062,0.0,0.0,0.0,3.734781503677368,0.5614914894104004,-0.3715352416038513,3.2249245643615723,-0.3459303081035614
272.54998779296875,0.0,0.0,0.0,3.581583261489868,0.11287600547075272,-0.09337876737117767,3.4115169048309326,-0.13854333758354187
576.4140014648438,0.0,0.0,0.0,3.2803709506988525,0.6632506251335144,-0.5731074213981628,2.4870898723602295,-0.6524627804756165
779.4580078125,0.0,0.0,0.0,2.3158297538757324,0.1788259893655777,-0.2839183807373047,2.3260176181793213,-0.26807448267936707
495.3219909667969,0.0,0.0,0.0,1.9987444877624512,-0.33995068073272705,0.37482479214668274,2.3762614727020264,0.4801848232746124
1002.4660034179688,0.0,0.0,0.0,3.0110857486724854,-0.65228271484375,0.4121946096420288,3.8260045051574707,0.4279654324054718
347.0140075683594,0.0,0.0,0.0,2.7155673503875732,0.2742172181606293,-0.12260708957910538,2.4999337196350098,-0.10047180950641632
440.6820068359375,0.0,0.0,0.0,1.5805648565292358,-0.04466698691248894,-0.06637364625930786,1.4963717460632324,-0.07312913239002228
841.010009765625,0.0,0.0,0.0,1.8475717306137085,0.2861141562461853,-0.42434489727020264,2.075526475906372,-0.42613017559051514
134.3419952392578,0.0,0.0,0.0,-0.000873977376613766,0.00014884107804391533,-0.0018230132991448045,0.0,0.0
319.6419982910156,0.0,0.0,0.0,1.8864161968231201,0.2611597776412964,-0.3160807490348816,2.1982522010803223,-0.36118173599243164
260.12200927734375,0.0,0.0,0.0,4.003083229064941,0.011201252229511738,-0.004562634974718094,4.072348117828369,-0.04948023334145546
277.2820129394531,0.0,0.0,0.0,2.566023826599121,-0.39810922741889954,0.3320690989494324,2.8156917095184326,0.356469988822937
488.34600830078125,0.0,0.0,0.0,3.6080398559570312,0.7706475257873535,-0.34672412276268005,3.5019030570983887,-0.3320285379886627
878.614013671875,0.0,0.0,0.0,1.5604008436203003,0.2348015457391739,-0.4207303822040558,1.5958952903747559,-0.4490099251270294
748.9219970703125,0.0,0.0,0.0,3.2899301052093506,0.13620319962501526,-0.1911485642194748,3.1786396503448486,-0.1855492740869522
971.4099731445312,0.0,0.0,0.0,3.2405714988708496,0.4304733872413635,-0.18987970054149628,3.667006254196167,-0.15909619629383087
293.4419860839844,0.0,0.0,0.0,2.839381456375122,-0.48501721024513245,0.04321379214525223,2.9714133739471436,-0.02136475406587124
727.8099975585938,0.0,0.0,0.0,2.887380599975586,-0.11880156397819519,0.1612006425857544,3.2253994941711426,0.16569380462169647
451.1300048828125,0.0,0.0,0.0,3.9136946201324463,0.57853102684021,-0.24388109147548676,4.200759410858154,-0.32632943987846375
237.82200622558594,0.0,0.0,0.0,3.4255053997039795,-0.4950692653656006,0.27959346771240234,3.365936756134033,0.14003930985927582
981.3980102539062,0.0,0.0,0.0,3.5928595066070557,0.494182825088501,-0.30020469427108765,3.337433338165283,-0.3232889771461487
853.1699829101562,0.0,0.0,0.0,3.0053622722625732,-0.30390626192092896,0.19241094589233398,3.6046395301818848,0.2144959717988968
581.573974609375,0.0,0.0,0.0,4.288095951080322,0.2400720715522766,0.01889602467417717,4.722071647644043,0.07227689772844315
855.06201171875,0.0,0.0,0.0,3.0401806831359863,-0.4239673614501953,0.3331778347492218,2.4870214462280273,0.39961305260658264
577.8499755859375,0.0,0.0,0.0,2.212231397628784,0.6484578847885132,-0.5689586997032166,2.5340898036956787,-0.5193148851394653
973.22998046875,0.0,0.0,0.0,3.713411808013916,0.4795932173728943,-0.1538882702589035,3.8778350353240967,-0.2133188247680664
271.1300048828125,0.0,0.0,0.0,3.4640111923217773,0.014631377533078194,-0.06806404888629913,3.665825128555298,-0.05209294334053993
140.1219940185547,0.0,0.0,0.0,3.012669801712036,0.2829130291938782,-0.0908108651638031,3.2338454723358154,-0.135630264878273
192.9739990234375,0.0,0.0,0.0,2.294957399368286,-0.4354768693447113,0.48876386880874634,2.7528834342956543,0.4577041268348694
311.7460021972656,0.0,0.0,0.0,3.236402988433838,-0.00398999685421586,-0.017222726717591286,2.912376642227173,-0.01446654461324215
149.4219970703125,0.0,0.0,0.0,2.7932374477386475,0.45978954434394836,-0.46934542059898376,2.524404764175415,-0.4790651202201843
543.5419921875,0.0,0.0,0.0,3.730480194091797,-0.8528104424476624,0.3309163451194763,4.194936752319336,0.34171128273010254
807.8900146484375,0.0,0.0,0.0,3.528623342514038,0.8539347648620605,-0.4404941499233246,4.22499942779541,-0.4785621464252472
725.4660034179688,0.0,0.0,0.0,2.637251138687134,0.12457554042339325,-0.03374664857983589,2.3459768295288086,-0.02595738135278225
928.1300048828125,0.0,0.0,0.0,4.008265018463135,-0.051865216344594955,-0.2757861018180847,4.063552379608154,-0.31246304512023926
279.0260009765625,0.0,0.0,0.0,3.1870768070220947,-0.4561149477958679,0.25246384739875793,3.190396547317505,0.23737113177776337
426.4540100097656,0.0,0.0,0.0,4.261500358581543,0.4951847791671753,-0.0410824790596962,4.173530578613281,-0.03582877293229103
151.0500030517578,0.0,0.0,0.0,2.6328368186950684,0.5777599215507507,-0.49026063084602356,2.9532880783081055,-0.44125014543533325
851.5700073242188,0.0,0.0,0.0,2.1850969791412354,0.03389742597937584,0.07291992008686066,2.5865108966827393,0.09430059790611267
619.1539916992188,0.0,0.0,0.0,1.5905687808990479,0.04759153351187706,-0.07351462543010712,1.7595311403274536,-0.10243623703718185
148.0540008544922,0.0,0.0,0.0,3.9940216541290283,0.005254377610981464,0.024721922352910042,3.762258291244507,-0.019572576507925987
198.88600158691406,0.0,0.0,0.0,4.662435531616211,-0.09623990952968597,-0.07221297174692154,4.629970550537109,-0.05282856523990631
527.9140014648438,0.0,0.0,0.0,1.482977032661438,0.15055367350578308,-0.14251689612865448,1.6100813150405884,-0.19852842390537262
271.4460144042969,0.0,0.0,0.0,3.5919442176818848,0.03807266801595688,-0.021797887980937958,4.150437355041504,-0.04350685700774193
636.302001953125,0.0,0.0,0.0,3.6963236331939697,0.008835635147988796,0.1224723681807518,3.5397000312805176,0.11636500060558319
216.2779998779297,0.0,0.0,0.0,1.8706398010253906,0.3033207356929779,-0.4413747489452362,1.9715228080749512,-0.45471522212028503
842.2979736328125,0.0,0.0,0.0,2.363079309463501,0.4644649624824524,-0.44598284363746643,2.93605375289917,-0.55653315782547
296.4100036621094,0.0,0.0,0.0,1.836549162864685,0.48067960143089294,-0.5937848091125488,1.8263391256332397,-0.615155816078186
461.75,0.0,0.0,0.0,3.0743930339813232,-0.13632656633853912,0.024889109656214714,2.9513816833496094,0.10971209406852722
403.74200439453125,0.0,0.0,0.0,2.778867483139038,0.10478252172470093,0.028534509241580963,2.616421937942505,-0.009254248812794685
531.3179931640625,0.0,0.0,0.0,2.085651397705078,0.32724976539611816,-0.2844049036502838,2.081264019012451,-0.27159562706947327
905.02197265625,0.0,0.0,0.0,1.79518723487854,-0.2919343113899231,0.19657613337039948,1.9170125722885132,0.03864849731326103
977.8300170898438,0.0,0.0,0.0,2.601414918899536,0.6216723918914795,-0.4376508295536041,2.952458381652832,-0.3998984098434448
801.0499877929688,0.0,0.0,0.0,4.010310649871826,0.8935559988021851,-0.27015170454978943,4.283557415008545,-0.30901652574539185
963.0540161132812,0.0,0.0,0.0,4.026985168457031,0.5767284035682678,-0.4928473234176636,3.6112442016601562,-0.4816794991493225
319.8739929199219,0.0,0.0,0.0,1.9551923274993896,0.26152265071868896,-0.3427639603614807,2.062407970428467,-0.26447078585624695
233.77000427246094,0.0,0.0,0.0,1.9580512046813965,0.13417840003967285,0.05175197497010231,1.9233579635620117,0.10677735507488251
1031.2259521484375,0.0,0.0,0.0,1.9309399127960205,0.492961049079895,-0.5409692525863647,2.277913808822632,-0.6006695628166199
379.54998779296875,0.0,0.0,0.0,3.45613956451416,-0.08989068865776062,0.009145987220108509,3.1999571323394775,0.00951374415308237
158.2220001220703,0.0,0.0,0.0,2.416426181793213,0.716957151889801,-0.6556724905967712,2.3852667808532715,-0.6818296313285828
223.53399658203125,0.0,0.0,0.0,3.6911821365356445,0.2220725417137146,-0.01042565144598484,3.595524311065674,-0.06980607658624649
284.75,0.0,0.0,0.0,4.129856586456299,-0.32378798723220825,0.06538072228431702,4.429960250854492,0.045025017112493515
800.6820068359375,0.0,0.0,0.0,4.066612243652344,0.9784073829650879,-0.33125147223472595,4.082724094390869,-0.21638423204421997
928.22998046875,0.0,0.0,0.0,3.9864251613616943,0.04069148376584053,-0.323441743850708,3.720001220703125,-0.32900527119636536
331.4460144042969,0.0,0.0,0.0,3.185676336288452,-0.006950864102691412,-0.0005916105001233518,2.738642692565918,0.07923981547355652
689.6740112304688,0.0,0.0,0.0,3.503890037536621,-0.7313451766967773,0.3086707592010498,3.8778135776519775,0.3818647563457489
478.2860107421875,0.0,0.0,0.0,2.6649672985076904,0.25303375720977783,-0.17800602316856384,3.1540770530700684,-0.18325914442539215
341.41400146484375,0.0,0.0,0.0,1.6216671466827393,0.11676426976919174,-0.06665702909231186,1.5196211338043213,-0.05293016880750656
855.573974609375,0.0,0.0,0.0,2.3699488639831543,-0.5374503135681152,0.5237627029418945,2.0603601932525635,0.5338530540466309
472.62200927734375,0.0,0.0,0.0,3.653784990310669,-0.5738880634307861,0.19044166803359985,3.6861801147460938,0.1360926479101181
758.1179809570312,0.0,0.0,0.0,2.2709622383117676,0.07244885712862015,-0.09743848443031311,2.3283252716064453,-0.10759354382753372
335.75,0.0,0.0,0.0,2.2948343753814697,0.37070462107658386,-0.3359934985637665,2.5763540267944336,-0.3348202705383301
806.9739990234375,0.0,0.0,0.0,3.5163896083831787,0.7754722237586975,-0.39745503664016724,3.9826886653900146,-0.4259757697582245
534.0540161132812,0.0,0.0,0.0,2.441434621810913,0.527477502822876,-0.36219778656959534,3.135793447494507,-0.45542141795158386
198.31399536132812,0.0,0.0,0.0,4.56779146194458,-0.27602338790893555,0.05044259876012802,4.942996025085449,0.006906713824719191
701.8099975585938,0.0,0.0,0.0,2.8279342651367188,0.45942890644073486,-0.3334122896194458,2.9274356365203857,-0.26913711428642273
813.9580078125,0.0,0.0,0.0,3.0967020988464355,-0.5105944275856018,0.25577646493911743,2.6921379566192627,0.2776571214199066
250.96600341796875,0.0,0.0,0.0,3.7547245025634766,-0.986001193523407,0.4992322027683258,4.080753326416016,0.4620162546634674
536.0819702148438,0.0,0.0,0.0,3.7181174755096436,0.6858384609222412,-0.29710522294044495,4.295365333557129,-0.2697628438472748
636.1019897460938,0.0,0.0,0.0,3.761462450027466,0.12146037071943283,0.12065549939870834,3.606745719909668,0.09184203296899796
825.8820190429688,0.0,0.0,0.0,2.4048240184783936,0.4981863796710968,-0.4828842580318451,2.7108099460601807,-0.47695690393447876
303.35400390625,0.0,0.0,0.0,1.8931461572647095,-0.095853291451931,0.2671055793762207,2.1499335765838623,0.26645374298095703
175.8419952392578,0.0,0.0,0.0,3.206932783126831,-0.49860310554504395,0.27662473917007446,3.5675837993621826,0.2403033971786499
462.95001220703125,0.0,0.0,0.0,2.559971570968628,-0.3522716164588928,0.3557601571083069,2.5470685958862305,0.36200761795043945
327.32598876953125,0.0,0.0,0.0,4.239144802093506,0.602761447429657,-0.16696275770664215,4.416510581970215,-0.13273875415325165
676.3740234375,0.0,0.0,0.0,1.9699501991271973,-0.8174872398376465,0.7744335532188416,2.200437068939209,0.79775470495224
716.4860229492188,0.0,0.0,0.0,3.094233751296997,-0.4655657708644867,0.23901791870594025,3.0572924613952637,0.22657634317874908
952.97802734375,0.0,0.0,0.0,4.614688396453857,0.36374834179878235,-0.16701246798038483,4.899646282196045,-0.09577268362045288
791.7459716796875,0.0,0.0,0.0,4.130266189575195,0.43525850772857666,-0.08491406589746475,4.105532646179199,-0.07256823033094406
228.55799865722656,0.0,0.0,0.0,1.7550181150436401,0.3041691482067108,-0.5384161472320557,1.9878259897232056,-0.45162785053253174
448.2980041503906,0.0,0.0,0.0,3.7859537601470947,0.3541344106197357,-0.058118630200624466,4.183413982391357,-0.05309952422976494
719.1220092773438,0.0,0.0,0.0,3.483873128890991,0.32513734698295593,-0.1661473512649536,3.8770759105682373,-0.2151414006948471
446.9939880371094,0.0,0.0,0.0,3.4070959091186523,0.49622565507888794,-0.18461290001869202,3.7094790935516357,-0.14038394391536713
1013.5780029296875,0.0,0.0,0.0,4.406585216522217,-0.2581598460674286,0.013183202594518661,4.305095195770264,-0.01772211119532585
1034.802001953125,0.0,0.0,0.0,3.7193474769592285,0.6706912517547607,-0.31150180101394653,4.234421730041504,-0.26871371269226074
221.03399658203125,0.0,0.0,0.0,3.6729884147644043,0.6194652318954468,-0.3023827075958252,4.10889196395874,-0.22267913818359375
544.3380126953125,0.0,0.0,0.0,3.6156139373779297,-0.7881599068641663,0.3639025092124939,3.909165859222412,0.42553460597991943
949.8300170898438,0.0,0.0,0.0,4.616248607635498,-0.3209957480430603,0.08151407539844513,4.745743751525879,0.004351447802037001
743.5460205078125,0.0,0.0,0.0,4.582996845245361,-0.5952274203300476,0.05800291523337364,4.708796501159668,0.01534180622547865
481.0220031738281,0.0,0.0,0.0,3.763723373413086,0.6276291012763977,-0.2907905876636505,3.827113628387451,-0.3327696919441223
961.0380249023438,0.0,0.0,0.0,4.184691429138184,0.3771142065525055,-0.10607960820198059,4.606326103210449,-0.05453263968229294
203.92599487304688,0.0,0.0,0.0,4.491029739379883,-0.012332255952060223,0.009883390739560127,4.129151344299316,-0.08137615770101547
185.4219970703125,0.0,0.0,0.0,4.256546974182129,-0.4408552944660187,0.08246985822916031,4.62803316116333,0.06676992028951645
739.6380004882812,0.0,0.0,0.0,3.7199180126190186,-0.7612912654876709,0.2852743864059448,4.306539058685303,0.37466973066329956
724.2979736328125,0.0,0.0,0.0,3.2942395210266113,0.07143102586269379,-0.005368387792259455,2.92614483833313,0.00037732330383732915
302.0140075683594,0.0,0.0,0.0,1.6867763996124268,0.4313737452030182,-0.5586864948272705,1.8531780242919922,-0.4249897301197052
972.2780151367188,0.0,0.0,0.0,3.5212643146514893,0.42161810398101807,-0.16272851824760437,3.823073148727417,-0.1114920973777771
758.9459838867188,0.0,0.0,0.0,2.428321123123169,0.065420001745224,-0.06341936439275742,2.5723063945770264,-0.0871942937374115
651.2020263671875,0.0,0.0,0.0,3.4419894218444824,0.1954602599143982,-0.10931318998336792,3.6008517742156982,-0.07926303893327713
435.60198974609375,0.0,0.0,0.0,3.1189568042755127,0.2283805012702942,-0.19941987097263336,3.061439275741577,-0.18781231343746185
932.9099731445312,0.0,0.0,0.0,3.274357318878174,0.595734179019928,-0.1992897391319275,3.3762919902801514,-0.2020886093378067
721.5380249023438,0.0,0.0,0.0,4.174324035644531,0.1711656004190445,-0.07900135964155197,4.44341516494751,-0.00505249435082078
463.9100036621094,0.0,0.0,0.0,2.489525079727173,-0.4850170612335205,0.4252606928348541,2.66314959526062,0.41089552640914917
521.5059814453125,0.0,0.0,0.0,3.3471643924713135,0.8921458721160889,-0.41934365034103394,3.25724196434021,-0.39305102825164795
424.3580017089844,0.0,0.0,0.0,4.17344856262207,0.658808171749115,-0.22505539655685425,4.750316619873047,-0.2325822114944458
393.0899963378906,0.0,0.0,0.0,3.3241193294525146,0.21239612996578217,-0.10924866795539856,3.411140203475952,-0.03082229197025299
842.72998046875,0.0,0.0,0.0,2.5677692890167236,0.5381554365158081,-0.4530775249004364,3.1753087043762207,-0.4733298122882843
789.64599609375,0.0,0.0,0.0,4.112239837646484,0.7740306258201599,-0.25994282960891724,4.401858329772949,-0.21393191814422607
244.68600463867188,0.0,0.0,0.0,2.504472255706787,-0.5321655869483948,0.5067881941795349,2.6067891120910645,0.5829043388366699
945.8779907226562,0.0,0.0,0.0,4.206396579742432,-0.8172823786735535,0.26413699984550476,4.282321929931641,0.21089500188827515
218.4499969482422,0.0,0.0,0.0,2.2098355293273926,0.446726530790329,-0.5080057382583618,2.7431390285491943,-0.5075216889381409
550.2739868164062,0.0,0.0,0.0,3.1853060722351074,0.39196324348449707,-0.1895046979188919,3.620314121246338,-0.15054373443126678
295.3580017089844,0.0,0.0,0.0,2.5795860290527344,0.4136272668838501,-0.38896992802619934,2.3954920768737793,-0.4468346834182739
986.0819702148438,0.0,0.0,0.0,3.412034749984741,0.7030717134475708,-0.18749204277992249,3.1437222957611084,-0.2030692845582962
514.5499877929688,0.0,0.0,0.0,3.9077816009521484,-0.3991610109806061,0.071334607899189,4.382265090942383,0.048059046268463135
668.3740234375,0.0,0.0,0.0,0.9493345022201538,-0.022088058292865753,0.16467158496379852,1.2444521188735962,0.18960925936698914
342.906005859375,0.0,0.0,0.0,2.321166515350342,0.24310332536697388,-0.2127818614244461,2.5506527423858643,-0.21601760387420654
858.2020263671875,0.0,0.0,0.0,2.1339569091796875,-0.4481968581676483,0.5162184834480286,2.446992874145508,0.5237011909484863
564.5139770507812,0.0,0.0,0.0,4.557069301605225,0.11108674854040146,-0.009756013751029968,4.825194358825684,-0.023178065195679665
700.1539916992188,0.0,0.0,0.0,2.993931770324707,-0.41292011737823486,0.0933029055595398,2.928075075149536,-0.014629020355641842
601.3499755859375,0.0,0.0,0.0,1.924780011177063,-0.56083083152771,0.6514765620231628,2.285609245300293,0.6880624294281006
991.9099731445312,0.0,0.0,0.0,2.698993444442749,0.39489519596099854,-0.29272881150245667,3.105041742324829,-0.24473971128463745
758.6019897460938,0.0,0.0,0.0,2.3048806190490723,0.05854291841387749,-0.08737410604953766,2.5075597763061523,-0.08554639667272568
976.1099853515625,0.0,0.0,0.0,2.669370412826538,0.8496838212013245,-0.6191378235816956,2.8287672996520996,-0.549433171749115
816.8779907226562,0.0,0.0,0.0,2.2787117958068848,-0.15358656644821167,0.17777180671691895,2.6824071407318115,0.1154155433177948
263.14599609375,0.0,0.0,0.0,2.2275521755218506,-0.026088910177350044,-0.013417153619229794,1.5034505128860474,0.031146913766860962
800.822021484375,0.0,0.0,0.0,4.03203010559082,0.9587504267692566,-0.2625509202480316,4.0459513664245605,-0.22191624343395233
893.7420043945312,0.0,0.0,0.0,1.6865408420562744,-0.2962586581707001,0.5855726003646851,1.8057525157928467,0.5221237540245056
532.781982421875,0.0,0.0,0.0,2.17814564704895,0.45873183012008667,-0.437497615814209,2.5405609607696533,-0.3971501886844635
985.8460083007812,0.0,0.0,0.0,3.3686153888702393,0.7619580626487732,-0.3056792616844177,3.5664963722229004,-0.25992465019226074
988.2420043945312,0.0,0.0,0.0,2.9719200134277344,-0.24698005616664886,0.21588411927223206,2.790727376937866,0.18057559430599213
1029.4820556640625,0.0,0.0,0.0,1.9723650217056274,0.5606538653373718,-0.5677551031112671,1.9864643812179565,-0.42680495977401733
675.2139892578125,0.0,0.0,0.0,2.8100545406341553,-0.8312584757804871,0.6583994626998901,2.764799118041992,0.7247832417488098
875.3779907226562,0.0,0.0,0.0,2.894619941711426,0.062482692301273346,-0.06060079485177994,2.633363723754883,-0.016941074281930923
904.8140258789062,0.0,0.0,0.0,1.8508212566375732,-0.37427183985710144,0.40654438734054565,2.0136866569519043,0.26495566964149475
425.5459899902344,0.0,0.0,0.0,4.356937408447266,0.6199475526809692,-0.15441404283046722,4.412548065185547,-0.24211831390857697
798.9459838867188,0.0,0.0,0.0,3.6355600357055664,0.40876755118370056,-0.23677605390548706,3.9224092960357666,-0.33768874406814575
351.3139953613281,0.0,0.0,0.0,2.743879795074463,0.2837841212749481,-0.11424244195222855,2.8820440769195557,-0.11897560954093933
271.6780090332031,0.0,0.0,0.0,3.6572279930114746,0.05263890326023102,-0.051489122211933136,3.7834978103637695,-0.13528327643871307
860.2780151367188,0.0,0.0,0.0,3.3558082580566406,-0.6891041398048401,0.33662936091423035,3.99027681350708,0.2774868905544281
962.47802734375,0.0,0.0,0.0,4.429341793060303,0.1543673574924469,-0.03915523737668991,4.395199775695801,-0.20909950137138367
351.7300109863281,0.0,0.0,0.0,2.6974079608917236,0.23780718445777893,-0.16689185798168182,2.8027126789093018,-0.13676531612873077
421.4219970703125,0.0,0.0,0.0,3.3356316089630127,0.5548847317695618,-0.3995394706726074,3.946418285369873,-0.4078349769115448
840.3099975585938,0.0,0.0,0.0,1.6117619276046753,0.21506939828395844,-0.399577796459198,1.8791364431381226,-0.4133223295211792
460.95001220703125,0.0,0.0,0.0,3.291764974594116,-0.11281820386648178,0.04888392239809036,3.1096372604370117,0.023371800780296326
514.1500244140625,0.0,0.0,0.0,3.7609243392944336,-0.45578527450561523,0.11756490170955658,4.274794101715088,0.05998898297548294
432.01800537109375,0.0,0.0,0.0,2.312373638153076,0.11864832043647766,-0.22703856229782104,2.4376633167266846,-0.19298207759857178
869.6259765625,0.0,0.0,0.0,3.190502166748047,0.8363482356071472,-0.405271053314209,3.947911024093628,-0.4582107365131378
214.4219970703125,0.0,0.0,0.0,3.3585777282714844,0.1801529973745346,-0.023439625278115273,2.971355438232422,0.06941286474466324
288.6260070800781,0.0,0.0,0.0,2.688554048538208,-0.9877784848213196,0.789657711982727,2.352741003036499,0.6751947999000549
398.30999755859375,0.0,0.0,0.0,2.9059946537017822,0.5905833840370178,-0.4379104673862457,3.16864275932312,-0.4387497901916504
401.0820007324219,0.0,0.0,0.0,3.7505273818969727,0.6399533748626709,-0.15957745909690857,3.8542349338531494,-0.09956101328134537
741.8499755859375,0.0,0.0,0.0,4.120193958282471,-0.8254203796386719,0.2527039051055908,4.729127407073975,0.1848749965429306
320.4419860839844,0.0,0.0,0.0,1.8518143892288208,0.2581036686897278,-0.3610237240791321,1.6197662353515625,-0.3703843653202057
837.4019775390625,0.0,0.0,0.0,1.4793118238449097,0.11131028085947037,-0.0005362840020097792,0.0,0.0
990.9019775390625,0.0,0.0,0.0,2.413278341293335,0.2504666745662689,-0.30429717898368835,2.503929615020752,-0.26734593510627747
266.5459899902344,0.0,0.0,0.0,1.533727765083313,-0.22722893953323364,0.4411786198616028,1.5829635858535767,0.4042782187461853
654.6060180664062,0.0,0.0,0.0,1.9961655139923096,-0.45125338435173035,0.5259102582931519,2.335697889328003,0.6183366179466248
391.4700012207031,0.0,0.0,0.0,3.3340561389923096,0.13323412835597992,-0.15498626232147217,3.4797024726867676,-0.1435234546661377
862.5419921875,0.0,0.0,0.0,4.330514907836914,-0.430141806602478,0.08042941242456436,4.20748233795166,0.22513766586780548
454.0780029296875,0.0,0.0,0.0,3.5489540100097656,0.25515490770339966,-0.1058688685297966,3.4944300651550293,-0.04255609214305878
876.9860229492188,0.0,0.0,0.0,1.504459023475647,0.13458925485610962,-0.24341054260730743,1.4683393239974976,-0.26583051681518555
998.8380126953125,0.0,0.0,0.0,2.455085039138794,-0.1791662722826004,0.38144171237945557,2.681901216506958,0.38716182112693787
702.1019897460938,0.0,0.0,0.0,2.828336715698242,0.44081637263298035,-0.3073352873325348,3.027442216873169,-0.3242134153842926
520.1500244140625,0.0,0.0,0.0,3.2250313758850098,0.9814788103103638,-0.6215804219245911,3.2814841270446777,-0.4573943316936493
906.8779907226562,0.0,0.0,0.0,2.228578805923462,0.3211420476436615,-0.3725605010986328,2.5458157062530518,-0.39859119057655334
524.2059936523438,0.0,0.0,0.0,3.0173797607421875,0.5581246018409729,-0.2568468451499939,2.979943037033081,-0.17707954347133636
921.0579833984375,0.0,0.0,0.0,3.2125673294067383,-0.3047522306442261,0.14447090029716492,2.8101038932800293,0.1503467857837677
381.1260070800781,0.0,0.0,0.0,2.6909236907958984,-0.21385084092617035,0.19468818604946136,2.5415241718292236,0.13663212954998016
697.6420288085938,0.0,0.0,0.0,1.4921627044677734,-0.05679963529109955,0.15254926681518555,1.915664553642273,0.16906367242336273
543.9819946289062,0.0,0.0,0.0,3.7011334896087646,-0.8037148118019104,0.3141203820705414,3.835761308670044,0.3768410086631775
647.1179809570312,0.0,0.0,0.0,0.4917818009853363,0.001196470228023827,-0.009219422936439514,0.0,0.0
213.8260040283203,0.0,0.0,0.0,3.6399593353271484,0.2528676390647888,-0.024285579100251198,3.5844316482543945,-0.08677556365728378
507.2380065917969,0.0,0.0,0.0,3.7377960681915283,-0.19946575164794922,0.05285368114709854,3.504575729370117,0.013943728059530258
867.5540161132812,0.0,0.0,0.0,3.923569440841675,0.2689983546733856,-0.5093018412590027,3.705000638961792,-0.4434237778186798
589.9819946289062,0.0,0.0,0.0,2.1658787727355957,-0.47958385944366455,0.49486082792282104,2.359463691711426,0.3933769166469574
600.9180297851562,0.0,0.0,0.0,2.1175878047943115,-0.638567328453064,0.6359828114509583,2.089993715286255,0.6659018993377686
241.85800170898438,0.0,0.0,0.0,2.064774513244629,-0.08729778230190277,0.1760380119085312,1.7394388914108276,0.2190426141023636
304.91400146484375,0.0,0.0,0.0,2.616900682449341,-0.4128040671348572,0.3789173662662506,3.184239625930786,0.3977268934249878
944.2780151367188,0.0,0.0,0.0,3.4947211742401123,-0.8560178875923157,0.3759647309780121,4.018911838531494,0.454901784658432
729.2020263671875,0.0,0.0,0.0,3.357698917388916,-0.1966135948896408,0.1748695820569992,3.601012945175171,0.06163560226559639
1002.1380004882812,0.0,0.0,0.0,2.804784059524536,-0.6046323776245117,0.42508482933044434,3.3408591747283936,0.42766299843788147
224.66200256347656,0.0,0.0,0.0,3.131448745727539,0.09720024466514587,-0.01961226761341095,2.9072060585021973,-0.027278300374746323
750.7459716796875,0.0,0.0,0.0,2.1768312454223633,0.16769523918628693,-0.19279402494430542,1.8330124616622925,-0.22055333852767944
567.27001953125,0.0,0.0,0.0,4.6790571212768555,0.0664825364947319,0.012878552079200745,4.815162658691406,0.03193582221865654
298.5740051269531,0.0,0.0,0.0,2.1511683464050293,0.47113037109375,-0.5447354316711426,2.6304869651794434,-0.6031326055526733
528.7020263671875,0.0,0.0,0.0,1.675635814666748,0.1864689141511917,-0.1628980040550232,1.6956778764724731,-0.2112741321325302
738.989990234375,0.0,0.0,0.0,3.553619384765625,-0.6700363755226135,0.2891351580619812,4.095285892486572,0.2590208351612091
523.0859985351562,0.0,0.0,0.0,3.298708200454712,0.6882842183113098,-0.3411066234111786,3.204014778137207,-0.3521917462348938
552.6019897460938,0.0,0.0,0.0,2.3641393184661865,0.483936607837677,-0.5834786295890808,2.297074794769287,-0.5282453298568726
996.8779907226562,0.0,0.0,0.0,2.2689616680145264,0.19787535071372986,0.027917606756091118,2.086390972137451,-0.03151983022689819
852.9539794921875,0.0,0.0,0.0,2.8949666023254395,-0.26205191016197205,0.19748464226722717,3.3391811847686768,0.2082999348640442
480.4580078125,0.0,0.0,0.0,3.6110167503356934,0.4618879556655884,-0.21307168900966644,3.9022045135498047,-0.277741014957428
379.8900146484375,0.0,0.0,0.0,3.221951961517334,-0.05168838053941727,0.03417492285370827,2.697500705718994,0.01459558866918087
685.2979736328125,0.0,0.0,0.0,2.5273003578186035,-0.20645613968372345,0.22249215841293335,2.9554314613342285,0.2057332694530487
476.8699951171875,0.0,0.0,0.0,2.1241445541381836,0.22612488269805908,-0.20924296975135803,2.205333709716797,-0.20814163982868195
453.8500061035156,0.0,0.0,0.0,3.5843138694763184,0.3142555058002472,-0.10271373391151428,3.7249841690063477,-0.03782353550195694
184.7779998779297,0.0,0.0,0.0,4.153899669647217,-0.5638538599014282,0.15224377810955048,4.137785911560059,0.08684074878692627
639.4180297851562,0.0,0.0,0.0,1.9562056064605713,-0.0027376713696867228,-0.01644931547343731,1.7686128616333008,0.029259588569402695
825.2459716796875,0.0,0.0,0.0,2.471128463745117,0.46936509013175964,-0.4910062253475189,2.6131083965301514,-0.47048360109329224
819.7540283203125,0.0,0.0,0.0,3.5696661472320557,-0.35011255741119385,0.2795603275299072,3.53440260887146,0.37006521224975586
415.0820007324219,0.0,0.0,0.0,3.511678695678711,0.8217296600341797,-0.3994298577308655,4.07712459564209,-0.30447569489479065
683.3740234375,0.0,0.0,0.0,0.3742978572845459,-0.007773355580866337,-0.01232830062508583,1.0840232372283936,0.0220342930406332
185.28599548339844,0.0,0.0,0.0,4.2456512451171875,-0.47360777854919434,0.09602205455303192,4.3977370262146,0.04725942015647888
189.08599853515625,0.0,0.0,0.0,2.879929304122925,-0.0617804117500782,-0.03508318215608597,2.9009530544281006,-0.007306287530809641
501.8739929199219,0.0,0.0,0.0,1.7571675777435303,-0.26435545086860657,0.38884562253952026,2.0805912017822266,0.4464293122291565
665.8140258789062,0.0,0.0,0.0,3.5689094066619873,-0.2557182312011719,0.05993307754397392,0.0,0.0
364.2300109863281,0.0,0.0,0.0,2.7534420490264893,-0.5886558890342712,0.46211904287338257,3.308133840560913,0.430746853351593
1012.2420043945312,0.0,0.0,0.0,4.475762844085693,-0.4978800117969513,0.08589576184749603,4.769227027893066,0.042230941355228424
683.4739990234375,0.0,0.0,0.0,0.601157009601593,-0.005891572218388319,0.05026835948228836,1.222444772720337,0.032664667814970016
799.677978515625,0.0,0.0,0.0,3.7933058738708496,0.7330426573753357,-0.38447925448417664,4.1530303955078125,-0.37896955013275146
200.12600708007812,0.0,0.0,0.0,4.70101261138916,0.10857290774583817,-0.047603897750377655,4.807709217071533,0.01926311105489731
365.2179870605469,0.0,0.0,0.0,3.2871205806732178,-0.6594914197921753,0.3574969172477722,3.798922538757324,0.4328022599220276
606.7139892578125,0.0,0.0,0.0,4.048434257507324,-0.7368677258491516,0.20727238059043884,4.649209499359131,0.20073503255844116
321.50201416015625,0.0,0.0,0.0,1.5415985584259033,0.27589520812034607,-0.48240017890930176,1.6942211389541626,-0.4637722671031952
584.781982421875,0.0,0.0,0.0,3.9050278663635254,-0.8046648502349854,0.475484162569046,3.6233556270599365,0.493584543466568
255.6060028076172,0.0,0.0,0.0,4.621369361877441,-0.16748882830142975,-0.003897234331816435,4.937607765197754,-0.021938929334282875
879.6740112304688,0.0,0.0,0.0,1.728610873222351,0.31177160143852234,-0.4590940475463867,2.0182032585144043,-0.495712548494339
616.8820190429688,0.0,0.0,0.0,-0.04678135737776756,0.0002839290536940098,-0.0006382475839927793,0.0,0.0
388.8900146484375,0.0,0.0,0.0,3.295893907546997,-0.45281296968460083,0.1715359091758728,3.0719454288482666,0.05246974527835846
850.4500122070312,0.0,0.0,0.0,2.035890817642212,0.2387603223323822,-0.21823477745056152,2.3398780822753906,-0.21998544037342072
200.25,0.0,0.0,0.0,4.695528507232666,0.10309271514415741,-0.017086099833250046,4.76915168762207,0.010023760609328747
364.69000244140625,0.0,0.0,0.0,3.087571620941162,-0.6730481386184692,0.38960176706314087,3.5855400562286377,0.32455864548683167
406.6260070800781,0.0,0.0,0.0,1.7758703231811523,0.13540826737880707,-0.05973946675658226,1.686966061592102,-0.08162059634923935
241.69400024414062,0.0,0.0,0.0,2.167465925216675,-0.04727868735790253,0.09385500103235245,2.084106683731079,0.1304815113544464
852.8140258789062,0.0,0.0,0.0,2.822392702102661,-0.2424168586730957,0.17862850427627563,3.316549062728882,0.1745930314064026
881.2020263671875,0.0,0.0,0.0,2.3698699474334717,0.5142038464546204,-0.5306763052940369,2.7987029552459717,-0.5310416221618652
132.42599487304688,0.0,0.0,0.0,-0.0019025149522349238,0.000910988834220916,0.0008740204502828419,0.0,0.0
594.4140014648438,0.0,0.0,0.0,4.049113750457764,0.4545046389102936,-0.14909900724887848,4.291089057922363,-0.13113880157470703
384.24200439453125,0.0,0.0,0.0,3.1891028881073,-0.6994571685791016,0.31289738416671753,3.6934025287628174,0.36098137497901917
1006.8099975585938,0.0,0.0,0.0,3.8941333293914795,-0.6507564187049866,0.1631430834531784,4.28346586227417,0.19990043342113495
421.6419982910156,0.0,0.0,0.0,3.437310218811035,0.6066495180130005,-0.4167363941669464,3.7130260467529297,-0.34510135650634766
866.1900024414062,0.0,0.0,0.0,4.190091609954834,-0.7664955854415894,0.1899407058954239,4.616176605224609,0.22869907319545746
585.6019897460938,0.0,0.0,0.0,3.248274564743042,-0.8645144104957581,0.45484447479248047,3.414092540740967,0.5185717940330505
329.6940002441406,0.0,0.0,0.0,4.049491882324219,0.06390484422445297,0.055613595992326736,3.889281749725342,0.029126543551683426
615.7100219726562,0.0,0.0,0.0,1.6267430782318115,-0.17941613495349884,0.050600796937942505,0.0,0.0
848.8779907226562,0.0,0.0,0.0,2.642159938812256,0.5899527072906494,-0.3511699140071869,2.6447641849517822,-0.3890116810798645
555.0499877929688,0.0,0.0,0.0,2.152087450027466,0.5115473866462708,-0.5689465403556824,2.001614570617676,-0.5477104783058167
941.27001953125,0.0,0.0,0.0,2.1669628620147705,-0.4349419176578522,0.48491963744163513,2.641838312149048,0.49792858958244324
905.47802734375,0.0,0.0,0.0,1.8781641721725464,-0.09773312509059906,-0.0854034423828125,2.0690295696258545,-0.16467030346393585
195.8820037841797,0.0,0.0,0.0,3.9783966541290283,-0.6212394833564758,0.2093244194984436,4.78776216506958,0.06732317805290222
413.1059875488281,0.0,0.0,0.0,2.8886373043060303,0.5979293584823608,-0.3465633988380432,3.3399240970611572,-0.4411895275115967
977.0260009765625,0.0,0.0,0.0,2.439429998397827,0.7527470588684082,-0.557390034198761,2.7742819786071777,-0.6144428849220276
144.55799865722656,0.0,0.0,0.0,3.5371737480163574,0.1066715195775032,-0.04560617357492447,3.9612045288085938,-0.026375310495495796
683.6859741210938,0.0,0.0,0.0,1.0181288719177246,-0.018950065597891808,0.021191932260990143,1.4854363203048706,0.05076540261507034
283.82598876953125,0.0,0.0,0.0,3.8345084190368652,-0.4771762788295746,0.14361296594142914,4.2585062980651855,0.14609400928020477
489.15399169921875,0.0,0.0,0.0,3.424543857574463,0.6529162526130676,-0.33488547801971436,3.5890462398529053,-0.3208235502243042
247.3459930419922,0.0,0.0,0.0,3.4928383827209473,-0.7761757969856262,0.34377485513687134,3.9085476398468018,0.31188032031059265
178.50999450683594,0.0,0.0,0.0,2.8619799613952637,-0.17361144721508026,0.0647699311375618,2.6883955001831055,0.21324403584003448
611.27001953125,0.0,0.0,0.0,4.672540664672852,0.08940614759922028,-0.031789232045412064,4.872539043426514,0.01836972124874592
797.8779907226562,0.0,0.0,0.0,3.3729443550109863,0.17236146330833435,-0.13245612382888794,3.6872105598449707,-0.15073634684085846
696.2020263671875,0.0,0.0,0.0,-0.05712593346834183,-0.006043736822903156,-0.0032788736280053854,0.0,0.0
770.2659912109375,0.0,0.0,0.0,4.1234660148620605,0.07008422911167145,0.0025403546169400215,4.273806095123291,0.025705361738801003
623.8179931640625,0.0,0.0,0.0,2.444337844848633,0.143096461892128,-0.12067622691392899,2.714327573776245,-0.14112305641174316
340.4580078125,0.0,0.0,0.0,1.8361278772354126,0.15111510455608368,-0.08626233786344528,1.8345023393630981,-0.06998968124389648
824.177978515625,0.0,0.0,0.0,3.449979305267334,-0.2523570954799652,-0.0580768845975399,2.6391167640686035,-0.15220914781093597
926.6099853515625,0.0,0.0,0.0,3.9457995891571045,-0.5511109828948975,0.10822106897830963,4.26995849609375,0.07381362468004227
210.08599853515625,0.0,0.0,0.0,3.467454433441162,0.718713641166687,-0.39817509055137634,4.025419235229492,-0.40193018317222595
208.7220001220703,0.0,0.0,0.0,2.447413206100464,0.5102877616882324,-0.5323172211647034,2.8578567504882812,-0.48447152972221375
336.2019958496094,0.0,0.0,0.0,2.39493465423584,0.43536707758903503,-0.3089577257633209,2.488262414932251,-0.323593407869339
607.6420288085938,0.0,0.0,0.0,4.39854621887207,-0.5053772330284119,0.13268139958381653,4.767712593078613,0.14939405024051666
449.72601318359375,0.0,0.0,0.0,4.051659107208252,0.34579363465309143,-0.13445459306240082,4.512156963348389,-0.10119722038507462
776.2860107421875,0.0,0.0,0.0,4.168698787689209,0.2658185362815857,-0.004163225181400776,3.994021415710449,-0.01914147287607193
275.9620056152344,0.0,0.0,0.0,2.315373420715332,-0.19721196591854095,0.27183541655540466,2.480523109436035,0.34806060791015625
419.85400390625,0.0,0.0,0.0,3.304929733276367,0.38522493839263916,-0.19074510037899017,3.6697511672973633,-0.20032057166099548
549.6019897460938,0.0,0.0,0.0,2.9114561080932617,0.332899808883667,-0.2481447160243988,3.3662049770355225,-0.24706429243087769
194.3419952392578,0.0,0.0,0.0,3.1599411964416504,-0.6117940545082092,0.4138583838939667,3.8820128440856934,0.3757150173187256
432.885986328125,0.0,0.0,0.0,2.719226598739624,0.20018993318080902,-0.15891072154045105,3.2242469787597656,-0.19646279513835907
674.7780151367188,0.0,0.0,0.0,2.834024667739868,-0.7924377918243408,0.49159830808639526,3.392345905303955,0.4965425729751587
462.302001953125,0.0,0.0,0.0,2.898745536804199,-0.18180114030838013,0.1449016034603119,2.7437405586242676,0.19346430897712708
989.7059936523438,0.0,0.0,0.0,2.382286787033081,-0.23161616921424866,0.10401199758052826,2.2289257049560547,0.0815066248178482
475.302001953125,0.0,0.0,0.0,2.3968896865844727,0.041709575802087784,-0.07872319966554642,2.1324098110198975,-0.14194069802761078
325.77801513671875,0.0,0.0,0.0,3.5134034156799316,0.6314932107925415,-0.36382272839546204,4.015905857086182,-0.3120867609977722
1028.822021484375,0.0,0.0,0.0,2.0758371353149414,0.7926633954048157,-0.6978614330291748,2.0452117919921875,-0.5647823810577393
831.8140258789062,0.0,0.0,0.0,4.12030029296875,0.21773262321949005,-0.04387880489230156,4.576963424682617,-0.006839055102318525
1011.3419799804688,0.0,0.0,0.0,4.361429691314697,-0.6834970712661743,0.14757472276687622,4.958208084106445,0.2610866129398346
229.38600158691406,0.0,0.0,0.0,1.8141952753067017,0.3034757375717163,-0.37706565856933594,1.8291035890579224,-0.36658960580825806
923.1820068359375,0.0,0.0,0.0,2.569269895553589,-0.5328850150108337,0.3801082372665405,2.43915057182312,0.3637087941169739
577.9819946289062,0.0,0.0,0.0,2.243964433670044,0.6281421184539795,-0.5307039618492126,2.681736469268799,-0.5977895259857178
152.52999877929688,0.0,0.0,0.0,3.4236505031585693,0.6522006392478943,-0.30243900418281555,3.822484016418457,-0.3135412037372589
862.7459716796875,0.0,0.0,0.0,4.295190334320068,-0.44909098744392395,0.24629196524620056,4.187970161437988,0.3266924023628235
517.1740112304688,0.0,0.0,0.0,4.592554092407227,-0.35176390409469604,0.008925201371312141,4.567199230194092,0.04234294965863228
260.7139892578125,0.0,0.0,0.0,4.104358196258545,0.041642531752586365,-0.033618710935115814,3.969539165496826,-0.024327239021658897
159.54600524902344,0.0,0.0,0.0,1.7803692817687988,0.5040870308876038,-0.6308630108833313,1.9779409170150757,-0.5916988849639893
420.19000244140625,0.0,0.0,0.0,3.2584540843963623,0.4040820300579071,-0.17210428416728973,3.484825372695923,-0.20017072558403015
422.8299865722656,0.0,0.0,0.0,3.9102933406829834,0.7304758429527283,-0.3286511301994324,4.242673397064209,-0.31500837206840515
715.6300048828125,0.0,0.0,0.0,3.0784645080566406,-0.5730789303779602,0.31756097078323364,3.27803897857666,0.3781103491783142
715.14599609375,0.0,0.0,0.0,3.072843313217163,-0.6596888899803162,0.38934582471847534,3.4896774291992188,0.3726181089878082
355.75799560546875,0.0,0.0,0.0,2.9025707244873047,0.5098488926887512,-0.3400196433067322,3.6845970153808594,-0.40079420804977417
772.2739868164062,0.0,0.0,0.0,4.217461585998535,0.2740994095802307,-0.22358019649982452,4.1896586418151855,-0.31580960750579834
157.2779998779297,0.0,0.0,0.0,2.338135242462158,0.6791149973869324,-0.5680804252624512,2.7797763347625732,-0.6339571475982666
151.50599670410156,0.0,0.0,0.0,2.8486104011535645,0.5824999809265137,-0.43302443623542786,3.3130977153778076,-0.43945199251174927
884.469970703125,0.0,0.0,0.0,3.9046735763549805,0.5289761424064636,-0.14458346366882324,4.116438865661621,-0.17320874333381653
929.3660278320312,0.0,0.0,0.0,3.4788577556610107,0.5298064947128296,-0.3397252559661865,3.78964900970459,-0.3380991518497467
502.5140075683594,0.0,0.0,0.0,2.0346052646636963,-0.30202335119247437,0.3986835479736328,2.239694356918335,0.41847413778305054
509.07000732421875,0.0,0.0,0.0,3.4187939167022705,-0.310417503118515,0.18027141690254211,3.139896869659424,0.25513485074043274
296.6499938964844,0.0,0.0,0.0,1.7935378551483154,0.45974862575531006,-0.6053593158721924,1.808154821395874,-0.5465927124023438
971.5139770507812,0.0,0.0,0.0,3.285224437713623,0.44139888882637024,-0.15400950610637665,3.7479641437530518,-0.19452908635139465
542.3740234375,0.0,0.0,0.0,3.93880558013916,-0.9597026109695435,0.4384561777114868,3.9531867504119873,0.33887746930122375
447.5820007324219,0.0,0.0,0.0,3.587128162384033,0.43197596073150635,-0.14867794513702393,4.148451328277588,-0.10913243144750595
311.0740051269531,0.0,0.0,0.0,3.6462345123291016,-0.026367871090769768,0.02557089738547802,3.5160744190216064,0.038803406059741974
834.9019775390625,0.0,0.0,0.0,3.2120213508605957,0.9678040146827698,-0.5418072938919067,3.3969690799713135,-0.5625674724578857
323.9179992675781,0.0,0.0,0.0,2.3288748264312744,0.40982678532600403,-0.48072296380996704,2.6911768913269043,-0.4298073351383209
752.64599609375,0.0,0.0,0.0,1.5123220682144165,0.1558922827243805,-0.33154401183128357,1.649095058441162,-0.3605208992958069
442.13800048828125,0.0,0.0,0.0,1.5589218139648438,0.15555249154567719,-0.398163378238678,1.7422878742218018,-0.4047309458255768
639.7979736328125,0.0,0.0,0.0,1.8314051628112793,-0.018506929278373718,0.05454758554697037,1.883244514465332,-0.011451564729213715
943.2579956054688,0.0,0.0,0.0,2.758742570877075,-0.8137183785438538,0.5609842538833618,3.2817697525024414,0.6031491160392761
1027.6619873046875,0.0,0.0,0.0,3.8167009353637695,0.7770190238952637,-0.395037442445755,3.0209059715270996,-0.46269097924232483
390.35400390625,0.0,0.0,0.0,3.034691095352173,-0.059570904821157455,-0.025567926466464996,3.3732035160064697,-0.049118772149086
265.406005859375,0.0,0.0,0.0,1.3576990365982056,-0.12083403021097183,0.2611837685108185,1.3564618825912476,0.25920289754867554
865.22998046875,0.0,0.0,0.0,3.8477818965911865,-0.9685289263725281,0.32256245613098145,4.125576972961426,0.29740527272224426
375.91400146484375,0.0,0.0,0.0,3.6234896183013916,-0.37628108263015747,0.199810191988945,3.960421085357666,0.1766359806060791
611.7459716796875,0.0,0.0,0.0,4.696834564208984,0.08310752362012863,-0.001266034902073443,5.087783336639404,-0.0011770904529839754
678.4019775390625,0.0,0.0,0.0,1.8767672777175903,-0.6633762717247009,0.8285114169120789,1.9338139295578003,0.7272846698760986
850.0460205078125,0.0,0.0,0.0,2.1564724445343018,0.2990763783454895,-0.22720448672771454,2.0756144523620605,-0.19882798194885254
915.8779907226562,0.0,0.0,0.0,4.605373859405518,-0.08554404973983765,-0.021426260471343994,4.250532150268555,-0.014769930392503738
453.04998779296875,0.0,0.0,0.0,3.7535080909729004,0.4131872355937958,-0.09524430334568024,3.7185099124908447,-0.1755252182483673
572.3699951171875,0.0,0.0,0.0,4.081799030303955,0.688369870185852,-0.23861746490001678,4.255483150482178,-0.07526897639036179
395.12200927734375,0.0,0.0,0.0,2.206705331802368,0.28744998574256897,-0.4032968580722809,1.9700766801834106,-0.4424160122871399
801.9940185546875,0.0,0.0,0.0,4.1150898933410645,0.7339781522750854,-0.18444901704788208,4.051743984222412,-0.2939532995223999
664.8140258789062,0.0,0.0,0.0,3.7224419116973877,-0.4033915400505066,0.13185565173625946,3.7127015590667725,0.15021628141403198
397.8219909667969,0.0,0.0,0.0,2.7152633666992188,0.5217934846878052,-0.4480897784233093,3.0119855403900146,-0.496187299489975
258.6860046386719,0.0,0.0,0.0,4.204281806945801,0.019657963886857033,0.009924191050231457,4.06654691696167,-0.010756947100162506
795.9580078125,0.0,0.0,0.0,2.8822691440582275,0.038407497107982635,-0.023093147203326225,2.987574815750122,0.01517515443265438
313.0740051269531,0.0,0.0,0.0,2.4938273429870605,0.0198883805423975,0.009278773330152035,1.9935925006866455,-0.0016291235806420445
708.8820190429688,0.0,0.0,0.0,2.6357765197753906,0.9187031388282776,-0.8091520071029663,2.673072099685669,-0.7172271013259888
200.04600524902344,0.0,0.0,0.0,4.702345848083496,0.11131718754768372,-0.042692217975854874,4.70599365234375,-0.01937120221555233
962.302001953125,0.0,0.0,0.0,4.422721862792969,0.15348568558692932,-0.05911188945174217,4.599088668823242,-0.029402203857898712
658.6820068359375,0.0,0.0,0.0,1.0487301349639893,-0.037078533321619034,0.11239815503358841,1.420277714729309,0.15599676966667175
842.9739990234375,0.0,0.0,0.0,2.723097562789917,0.5553812980651855,-0.4272639751434326,3.1703715324401855,-0.4454861283302307
532.1699829101562,0.0,0.0,0.0,1.9712903499603271,0.40309450030326843,-0.3924240469932556,2.207124710083008,-0.4468473792076111
332.37799072265625,0.0,0.0,0.0,2.473839044570923,-0.042714107781648636,0.016737867146730423,2.138981580734253,-0.039988745003938675
523.7100219726562,0.0,0.0,0.0,3.146602153778076,0.6117981672286987,-0.27976784110069275,3.280344247817993,-0.3871777355670929
366.6419982910156,0.0,0.0,0.0,3.1225595474243164,-0.8732568025588989,0.4862745702266693,3.6625494956970215,0.4369824528694153
823.7420043945312,0.0,0.0,0.0,3.6677660942077637,-0.41443559527397156,0.11489394307136536,3.6078474521636963,0.060854338109493256
987.9459838867188,0.0,0.0,0.0,3.0311672687530518,-0.22412338852882385,0.1915777623653412,3.0226404666900635,0.2044258415699005
247.82200622558594,0.0,0.0,0.0,3.716383934020996,-0.7318493723869324,0.25862735509872437,4.364567756652832,0.19876320660114288
961.2420043945312,0.0,0.0,0.0,4.2418107986450195,0.3574773967266083,-0.05064575746655464,4.322378635406494,-0.11683224141597748
855.4660034179688,0.0,0.0,0.0,2.484550952911377,-0.5298395752906799,0.4665951728820801,2.1860780715942383,0.508525550365448
839.1820068359375,0.0,0.0,0.0,1.282080888748169,0.08864471316337585,-0.2304927259683609,1.4721719026565552,-0.29003313183784485
637.9420166015625,0.0,0.0,0.0,2.5281498432159424,-0.11331454664468765,0.06616024672985077,2.49748158454895,0.01539064571261406
686.3699951171875,0.0,0.0,0.0,3.0598063468933105,-0.317842960357666,0.19117718935012817,3.5206799507141113,0.18370755016803741
687.64599609375,0.0,0.0,0.0,3.229349374771118,-0.4272509217262268,0.35855552554130554,3.137805700302124,0.43158793449401855
205.4459991455078,0.0,0.0,0.0,2.288248062133789,0.48813626170158386,-0.5378349423408508,1.955797553062439,-0.5162535309791565
1020.114013671875,0.0,0.0,0.0,4.003021240234375,-0.14771056175231934,0.0018565024947747588,4.189371585845947,-0.02637408673763275
211.75799560546875,0.0,0.0,0.0,4.175446510314941,0.6037099957466125,-0.11786039173603058,4.1973700523376465,-0.17995190620422363
249.9340057373047,0.0,0.0,0.0,4.351222991943359,-0.43233251571655273,0.26224881410598755,3.9700324535369873,0.34749191999435425
531.1380004882812,0.0,0.0,0.0,2.040956497192383,0.330852210521698,-0.2848302125930786,2.314177989959717,-0.2568172216415405
644.6740112304688,0.0,0.0,0.0,3.305608034133911,0.5600940585136414,-0.29763635993003845,3.929356575012207,-0.3126690685749054
831.9459838867188,0.0,0.0,0.0,4.179128170013428,0.20785246789455414,0.011203113943338394,4.519308567047119,-0.04299260303378105
450.5379943847656,0.0,0.0,0.0,4.014226913452148,0.41939279437065125,-0.18263565003871918,4.252381801605225,-0.23129893839359283
251.59800720214844,0.0,0.0,0.0,3.739079713821411,-1.0436875820159912,0.4593943655490875,4.471713542938232,0.4185184836387634
555.7020263671875,0.0,0.0,0.0,1.7946033477783203,0.478921115398407,-0.6719905138015747,1.8051048517227173,-0.6145162582397461
995.9180297851562,0.0,0.0,0.0,2.932563543319702,0.29145675897598267,-0.06370609998703003,2.4710793495178223,-0.09321003407239914
609.0499877929688,0.0,0.0,0.0,4.6606831550598145,-0.2678118646144867,0.04250551387667656,4.678630828857422,-0.059469666332006454
1015.0780029296875,0.0,0.0,0.0,3.8711256980895996,-0.018733888864517212,-0.03498441353440285,3.7360780239105225,-0.1889878362417221
626.7139892578125,0.0,0.0,0.0,3.0854220390319824,0.5395584106445312,-0.4430931806564331,3.6628153324127197,-0.5100367665290833
805.0460205078125,0.0,0.0,0.0,3.06994366645813,0.6164219975471497,-0.280028760433197,3.692913055419922,-0.27672427892684937
875.302001953125,0.0,0.0,0.0,2.9265449047088623,0.04875263199210167,-0.007272777613252401,2.6228368282318115,-0.028820056468248367
740.1220092773438,0.0,0.0,0.0,3.801868200302124,-0.8319889903068542,0.31797993183135986,4.352965831756592,0.2814994156360626
967.6099853515625,0.0,0.0,0.0,2.251234531402588,0.31891292333602905,-0.35164791345596313,2.0718514919281006,-0.3506881594657898
674.6019897460938,0.0,0.0,0.0,2.732381820678711,-0.8203218579292297,0.5195180773735046,3.231276750564575,0.5470002889633179
164.3459930419922,0.0,0.0,0.0,1.657281756401062,0.36259403824806213,-0.6574501395225525,1.877776861190796,-0.6356949210166931
793.7540283203125,0.0,0.0,0.0,3.1762468814849854,0.06253325194120407,-0.026572706177830696,2.929166078567505,-0.05381787568330765
215.9340057373047,0.0,0.0,0.0,2.0420656204223633,0.24644087255001068,-0.40114670991897583,1.723597764968872,-0.36725133657455444
423.72198486328125,0.0,0.0,0.0,4.024111747741699,0.7101514935493469,-0.2878638803958893,4.156317710876465,-0.3121591806411743
950.8140258789062,0.0,0.0,0.0,4.637775421142578,-0.03313375264406204,-0.07472924143075943,4.79398775100708,-0.005645022727549076
428.3139953613281,0.0,0.0,0.0,3.3742876052856445,-0.3985821604728699,0.16587230563163757,2.9860832691192627,0.06125027686357498
444.91400146484375,0.0,0.0,0.0,2.419105291366577,0.4074861705303192,-0.34171542525291443,2.7001233100891113,-0.3533906936645508
532.3499755859375,0.0,0.0,0.0,1.999731421470642,0.41324228048324585,-0.4769754111766815,2.3996188640594482,-0.4511858820915222
551.166015625,0.0,0.0,0.0,3.2807042598724365,0.2596375048160553,-0.13934040069580078,3.3951001167297363,-0.13568580150604248
916.030029296875,0.0,0.0,0.0,4.53112268447876,-0.05455392599105835,-0.02281084656715393,4.373591423034668,-0.03381866216659546
337.1820068359375,0.0,0.0,0.0,2.4761240482330322,0.36604222655296326,-0.1940445452928543,2.5076544284820557,-0.23289169371128082
178.71400451660156,0.0,0.0,0.0,2.7423126697540283,-0.1905498504638672,0.20694950222969055,2.462942361831665,0.23208071291446686
915.6099853515625,0.0,0.0,0.0,4.638095378875732,-0.13319475948810577,-0.0008229431114159524,4.570966720581055,-0.00016322343435604125
283.7139892578125,0.0,0.0,0.0,3.79732346534729,-0.49392932653427124,0.14770911633968353,4.248040676116943,0.16337500512599945
652.0900268554688,0.0,0.0,0.0,3.523738384246826,0.1903177797794342,-0.0701708272099495,3.3823323249816895,-0.0684368833899498
226.00999450683594,0.0,0.0,0.0,1.7550283670425415,0.11348667740821838,-0.24016965925693512,1.461463212966919,-0.20521517097949982
461.41400146484375,0.0,0.0,0.0,3.170610189437866,-0.1310833841562271,0.02000758983194828,3.0583879947662354,0.06765137612819672
675.718017578125,0.0,0.0,0.0,2.311391830444336,-0.9163818359375,0.8201303482055664,2.428792715072632,0.7675194144248962
376.84600830078125,0.0,0.0,0.0,3.876465320587158,-0.30775368213653564,0.07258925586938858,3.9389259815216064,0.0637575015425682
194.80599975585938,0.0,0.0,0.0,3.473219156265259,-0.657175600528717,0.3164173364639282,4.257006645202637,0.347127765417099
802.1900024414062,0.0,0.0,0.0,3.9803285598754883,0.759032666683197,-0.3116925060749054,3.5302326679229736,-0.4550715386867523
764.2659912109375,0.0,0.0,0.0,2.6645290851593018,0.49914613366127014,-0.36695635318756104,2.660728931427002,-0.29072681069374084
268.15399169921875,0.0,0.0,0.0,1.7468334436416626,-0.31805703043937683,0.48271644115448,2.1533966064453125,0.6029276251792908
775.3499755859375,0.0,0.0,0.0,4.237865924835205,0.5630314946174622,-0.06009718030691147,4.484552383422852,-0.062855564057827
203.50999450683594,0.0,0.0,0.0,4.574942588806152,3.1816533009987324e-05,0.0021609675604850054,4.644052982330322,0.016775527969002724
547.6500244140625,0.0,0.0,0.0,2.604332447052002,-0.15164950489997864,0.05845015496015549,2.400444269180298,0.06299728155136108
281.2340087890625,0.0,0.0,0.0,2.9691989421844482,-0.48931393027305603,0.32657575607299805,3.2168197631835938,0.3736354410648346
667.6420288085938,0.0,0.0,0.0,0.31040945649147034,-0.003758711041882634,-0.027183976024389267,0.3963615894317627,0.026778455823659897
1022.6380004882812,0.0,0.0,0.0,4.454222679138184,-0.05256982892751694,-0.0006122682825662196,5.003502368927002,-0.07969179004430771
344.6419982910156,0.0,0.0,0.0,3.0476930141448975,0.44812119007110596,-0.20627309381961823,3.2097952365875244,-0.15955285727977753
552.3980102539062,0.0,0.0,0.0,2.482787847518921,0.47359320521354675,-0.5053694844245911,2.4341859817504883,-0.5514349341392517
322.1780090332031,0.0,0.0,0.0,1.564826250076294,0.2797307074069977,-0.48153701424598694,1.6923705339431763,-0.5434003472328186
336.64599609375,0.0,0.0,0.0,2.4195098876953125,0.44887617230415344,-0.25361090898513794,2.3902766704559326,-0.24247512221336365
751.7139892578125,0.0,0.0,0.0,1.5752149820327759,0.20217250287532806,-0.40148451924324036,1.6792532205581665,-0.3624401092529297
203.1580047607422,0.0,0.0,0.0,4.615626811981201,0.040186770260334015,-0.017464125528931618,4.408161163330078,-0.02877851203083992
950.0180053710938,0.0,0.0,0.0,4.597342014312744,-0.3062147796154022,0.06961872428655624,4.991832733154297,-0.011704718694090843
586.781982421875,0.0,0.0,0.0,2.7516884803771973,-0.5715904831886292,0.39767149090766907,2.565237283706665,0.43609529733657837
899.5700073242188,0.0,0.0,0.0,2.354860782623291,-0.9824545979499817,0.6701515316963196,2.816927909851074,0.6642125248908997
770.7379760742188,0.0,0.0,0.0,4.241872310638428,0.08316520601511002,0.03126033768057823,4.452488899230957,-0.01863720268011093
603.5180053710938,0.0,0.0,0.0,2.8401591777801514,-0.6496518850326538,0.49403688311576843,3.304391622543335,0.49839216470718384
563.8460083007812,0.0,0.0,0.0,4.563969612121582,0.1800163984298706,0.02820706181228161,4.560473442077637,-0.046653032302856445
210.2220001220703,0.0,0.0,0.0,3.5198638439178467,0.7298744320869446,-0.34404218196868896,4.135468482971191,-0.4128715395927429
975.4860229492188,0.0,0.0,0.0,2.856920003890991,0.7518025040626526,-0.4600616991519928,3.2043824195861816,-0.6368216872215271
162.66200256347656,0.0,0.0,0.0,1.8274937868118286,0.377994179725647,-0.5754770636558533,1.9258636236190796,-0.6117242574691772
239.50599670410156,0.0,0.0,0.0,3.225174903869629,-0.26917803287506104,0.0715285912156105,2.972616672515869,0.0877518504858017
254.2259979248047,0.0,0.0,0.0,4.533791542053223,-0.5303968191146851,0.13270683586597443,4.905054092407227,0.10308162122964859
373.2179870605469,0.0,0.0,0.0,3.4139366149902344,-0.0128707904368639,0.06817803531885147,3.123534917831421,0.031563371419906616
660.8619995117188,0.0,0.0,0.0,2.1004741191864014,-0.32357195019721985,0.42391306161880493,2.3268985748291016,0.40085193514823914
922.8460083007812,0.0,0.0,0.0,2.569362163543701,-0.4749165177345276,0.36505937576293945,2.620635747909546,0.45455384254455566
613.6859741210938,0.0,0.0,0.0,3.85931134223938,-0.4109075665473938,0.30472996830940247,3.3510284423828125,0.27145886421203613
723.3060302734375,0.0,0.0,0.0,3.801330327987671,0.06255700439214706,0.02780403196811676,3.5939619541168213,0.039374008774757385
914.7540283203125,0.0,0.0,0.0,4.676248073577881,-0.21509812772274017,0.06610811501741409,4.477461814880371,0.07307042926549911
926.9539794921875,0.0,0.0,0.0,4.022237777709961,-0.48125073313713074,0.0992080494761467,4.370242118835449,0.04044480249285698
498.74200439453125,0.0,0.0,0.0,2.5701239109039307,-0.32414036989212036,0.2025224268436432,2.5634713172912598,0.2507163882255554
290.906005859375,0.0,0.0,0.0,2.5236284732818604,-0.8905948996543884,0.8451823592185974,2.4357144832611084,0.8115511536598206
329.79400634765625,0.0,0.0,0.0,3.98164701461792,0.04549576714634895,0.03668763116002083,3.557370901107788,0.044746700674295425
951.5900268554688,0.0,0.0,0.0,4.663865089416504,0.1196216344833374,-0.04637639597058296,4.979126930236816,-0.04258742183446884
551.7899780273438,0.0,0.0,0.0,3.0164265632629395,0.31609877943992615,-0.379599004983902,2.459764242172241,-0.4190821349620819
679.64599609375,0.0,0.0,0.0,1.9306527376174927,-0.5537531971931458,0.6804943680763245,2.2406363487243652,0.6205125451087952
867.677978515625,0.0,0.0,0.0,3.846357822418213,0.430208295583725,-0.5020556449890137,3.280268907546997,-0.5409576892852783
816.5059814453125,0.0,0.0,0.0,2.0852572917938232,-0.1216869056224823,0.08231541514396667,2.527730703353882,0.13370651006698608
225.3419952392578,0.0,0.0,0.0,2.6211206912994385,0.060748178511857986,-0.05124429240822792,2.159822940826416,-0.08450215309858322
974.6259765625,0.0,0.0,0.0,3.3200392723083496,0.5874229073524475,-0.333050936460495,3.148332118988037,-0.4510045349597931
138.02200317382812,0.0,0.0,0.0,2.2695837020874023,0.14216062426567078,-0.1770876944065094,2.7124054431915283,-0.16551923751831055
830.8820190429688,0.0,0.0,0.0,3.8403961658477783,0.3054594099521637,-0.10917707532644272,4.174088478088379,-0.09259406477212906
503.82598876953125,0.0,0.0,0.0,2.6460089683532715,-0.4438629746437073,0.41609349846839905,3.212385892868042,0.4441181719303131
794.0180053710938,0.0,0.0,0.0,3.066166639328003,0.06880705058574677,-0.050527460873126984,2.817812919616699,0.028430631384253502
528.166015625,0.0,0.0,0.0,1.5697410106658936,0.1675269454717636,-0.1756976842880249,1.656701683998108,-0.16401444375514984
788.030029296875,0.0,0.0,0.0,3.6991560459136963,0.6290181279182434,-0.3106591999530792,3.796082019805908,-0.31530171632766724
150.2779998779297,0.0,0.0,0.0,2.382373094558716,0.5579932332038879,-0.5428659319877625,2.813263416290283,-0.5685491561889648
510.1860046386719,0.0,0.0,0.0,2.8260550498962402,-0.43344923853874207,0.27626094222068787,2.5699141025543213,0.2751751244068146
989.1220092773438,0.0,0.0,0.0,2.7231099605560303,-0.255840003490448,0.183414489030838,2.509504795074463,0.27730903029441833
673.3499755859375,0.0,0.0,0.0,2.9265644550323486,-0.7809015512466431,0.6504977345466614,2.8283209800720215,0.6593876481056213
448.84600830078125,0.0,0.0,0.0,3.865262269973755,0.3046250641345978,-0.05416234955191612,4.074214935302734,-0.09303151816129684
180.52200317382812,0.0,0.0,0.0,2.0207135677337646,-0.3474362790584564,0.5058931708335876,2.141291379928589,0.43276384472846985
384.3420104980469,0.0,0.0,0.0,3.2203407287597656,-0.6862276196479797,0.3530956208705902,3.8051810264587402,0.3495916426181793
154.50999450683594,0.0,0.0,0.0,2.9071991443634033,0.799226701259613,-0.5915926694869995,2.828773260116577,-0.6646517515182495
491.29400634765625,0.0,0.0,0.0,2.7073707580566406,0.27338656783103943,-0.12820088863372803,2.7034292221069336,-0.07933199405670166
563.718017578125,0.0,0.0,0.0,4.564192771911621,0.23284901678562164,0.029333651065826416,4.58322286605835,0.009196869097650051
597.9180297851562,0.0,0.0,0.0,4.476629734039307,-0.4119787812232971,0.11361905932426453,4.749917030334473,0.0999373272061348
281.302001953125,0.0,0.0,0.0,2.975865602493286,-0.49392253160476685,0.35361093282699585,3.2753190994262695,0.35400980710983276
143.21400451660156,0.0,0.0,0.0,2.9433670043945312,0.09016606211662292,-0.010497058741748333,3.2499239444732666,-0.0181400366127491
256.3179931640625,0.0,0.0,0.0,4.727898120880127,-0.07836834341287613,-0.007823294959962368,4.8473944664001465,0.013814190402626991
638.4180297851562,0.0,0.0,0.0,2.3090007305145264,-0.059271421283483505,0.004548727069050074,2.2990357875823975,0.06140819936990738
216.1739959716797,0.0,0.0,0.0,1.8655041456222534,0.289182186126709,-0.42376279830932617,2.048476219177246,-0.46612581610679626
208.25799560546875,0.0,0.0,0.0,2.1950623989105225,0.43194353580474854,-0.4962415397167206,2.6308436393737793,-0.5492229461669922
280.1180114746094,0.0,0.0,0.0,3.0955026149749756,-0.3859926760196686,0.14073920249938965,3.0208380222320557,0.19606025516986847
630.5059814453125,0.0,0.0,0.0,4.09547233581543,0.7484563589096069,-0.21500138938426971,4.380474090576172,-0.19435633718967438
425.77801513671875,0.0,0.0,0.0,4.3575615882873535,0.6037091612815857,-0.19388234615325928,4.445321559906006,-0.17535337805747986
292.9259948730469,0.0,0.0,0.0,2.7898848056793213,-0.7244935035705566,0.45234009623527527,3.158177137374878,0.3102854788303375
907.1300048828125,0.0,0.0,0.0,2.3170485496520996,0.37328916788101196,-0.3599402606487274,2.8746891021728516,-0.4356998801231384
181.6540069580078,0.0,0.0,0.0,2.442418336868286,-0.4219277799129486,0.4822705388069153,2.8711376190185547,0.4911113977432251
428.0740051269531,0.0,0.0,0.0,3.622258424758911,-0.3976579010486603,0.18834757804870605,3.1058061122894287,0.11891338229179382
486.51800537109375,0.0,0.0,0.0,3.658101797103882,0.6103693842887878,-0.23500950634479523,4.074917316436768,-0.2783193588256836
658.0499877929688,0.0,0.0,0.0,0.0485527329146862,-0.003003795398399234,0.04036499932408333,0.6311423778533936,0.056393273174762726
512.1220092773438,0.0,0.0,0.0,2.8070876598358154,-0.5884130001068115,0.32376977801322937,3.1637797355651855,0.3142428696155548
168.67799377441406,0.0,0.0,0.0,2.1979117393493652,0.5426497459411621,-0.5826040506362915,2.5298943519592285,-0.6487407684326172
498.1619873046875,0.0,0.0,0.0,2.6756246089935303,-0.33807188272476196,0.29276522994041443,2.702256202697754,0.21456819772720337
781.4099731445312,0.0,0.0,0.0,2.6252572536468506,0.4212833642959595,-0.37050381302833557,3.1080315113067627,-0.36540117859840393
995.2219848632812,0.0,0.0,0.0,3.751967668533325,0.38061973452568054,-0.08976143598556519,3.2639272212982178,-0.11040481179952621
668.5819702148438,0.0,0.0,0.0,1.1355427503585815,-0.03973454236984253,0.22633260488510132,1.3966848850250244,0.24859179556369781
938.9099731445312,0.0,0.0,0.0,1.4817490577697754,-0.1826259046792984,0.36878353357315063,1.669457197189331,0.4085858166217804
741.6099853515625,0.0,0.0,0.0,4.068375110626221,-0.840047299861908,0.25437280535697937,4.439872741699219,0.23971027135849
190.52200317382812,0.0,0.0,0.0,1.8156511783599854,-0.23861846327781677,0.3672245144844055,1.5573457479476929,0.33025968074798584
238.9459991455078,0.0,0.0,0.0,3.3508143424987793,-0.32173383235931396,0.13984546065330505,3.605945587158203,0.14667171239852905
970.6259765625,0.0,0.0,0.0,2.9612975120544434,0.47112518548965454,-0.22261984646320343,3.15267014503479,-0.214941143989563
287.5820007324219,0.0,0.0,0.0,4.279742240905762,-0.26384636759757996,0.27368226647377014,3.513723134994507,0.34694209694862366
397.6860046386719,0.0,0.0,0.0,2.627756357192993,0.5039974451065063,-0.49921178817749023,3.0546376705169678,-0.491859495639801
904.25,0.0,0.0,0.0,1.7540119886398315,-0.45122620463371277,0.7092398405075073,1.907987356185913,0.6455709338188171
1019.22998046875,0.0,0.0,0.0,3.8425493240356445,-0.18057546019554138,0.03946515545248985,4.2774810791015625,0.008395067416131496
777.2100219726562,0.0,0.0,0.0,3.6321794986724854,0.16822539269924164,-0.07078409940004349,3.570727586746216,-0.02796771191060543
618.1820068359375,0.0,0.0,0.0,1.3641648292541504,0.04237282648682594,-0.038113705813884735,1.5604747533798218,-0.08248785883188248
227.64599609375,0.0,0.0,0.0,1.592134714126587,0.24801616370677948,-0.4374059736728668,1.6951984167099,-0.4804867208003998
338.64599609375,0.0,0.0,0.0,2.2687478065490723,0.25282761454582214,-0.13027262687683105,2.320173501968384,-0.12132149189710617
790.43798828125,0.0,0.0,0.0,4.2660722732543945,0.6831416487693787,-0.16630993783473969,4.613094806671143,-0.18182355165481567
694.4140014648438,0.0,0.0,0.0,2.6354360580444336,-0.9356095790863037,0.6162164211273193,3.053112268447876,0.5067430734634399
1000.6060180664062,0.0,0.0,0.0,2.0748512744903564,-0.5566728711128235,0.5547676682472229,2.1963415145874023,0.44118887186050415
796.27001953125,0.0,0.0,0.0,2.9276299476623535,0.03585469350218773,-0.0450698658823967,3.2820122241973877,0.028498074039816856
561.2620239257812,0.0,0.0,0.0,3.7553226947784424,0.8308863639831543,-0.3008172810077667,4.401498794555664,-0.30023983120918274
994.3380126953125,0.0,0.0,0.0,3.830796957015991,0.491831511259079,-0.15277917683124542,4.043499946594238,-0.06835660338401794
765.7020263671875,0.0,0.0,0.0,2.643036365509033,0.3328838050365448,-0.22243037819862366,2.7456493377685547,-0.18075887858867645
944.2059936523438,0.0,0.0,0.0,3.4394941329956055,-0.8639464974403381,0.39017584919929504,4.21867561340332,0.3847752809524536
467.04998779296875,0.0,0.0,0.0,3.7212488651275635,-0.5853444933891296,0.23295418918132782,4.35629415512085,0.26735249161720276
401.3900146484375,0.0,0.0,0.0,3.7815704345703125,0.5420737266540527,-0.12660343945026398,3.93692946434021,-0.07750288397073746
946.7459716796875,0.0,0.0,0.0,4.315950870513916,-0.7336533665657043,0.16542237997055054,4.633481025695801,0.18248839676380157
148.30999755859375,0.0,0.0,0.0,3.911264181137085,0.02044527418911457,-0.03906450420618057,3.7823355197906494,0.018022136762738228
693.302001953125,0.0,0.0,0.0,3.225572109222412,-1.0236527919769287,0.6746264696121216,2.9034276008605957,0.662172794342041
440.010009765625,0.0,0.0,0.0,1.7370260953903198,-0.03709222748875618,-0.06101342290639877,1.6630879640579224,-0.03281658887863159
759.4180297851562,0.0,0.0,0.0,2.589653253555298,0.08276024460792542,-0.09511058777570724,2.7972657680511475,-0.10755664855241776
241.56199645996094,0.0,0.0,0.0,2.21560001373291,-0.055941347032785416,0.015152277424931526,2.100543737411499,0.06647396087646484
560.0180053710938,0.0,0.0,0.0,2.8686020374298096,0.7832008004188538,-0.4886649250984192,3.6058349609375,-0.4878968894481659
337.77801513671875,0.0,0.0,0.0,2.432637929916382,0.3480337858200073,-0.1987318992614746,2.411978244781494,-0.2016112506389618
233.8699951171875,0.0,0.0,0.0,1.955963373184204,0.09254567325115204,0.12334813177585602,2.0508270263671875,0.1617990881204605
612.6500244140625,0.0,0.0,0.0,4.754509925842285,0.08640918135643005,-0.012341182678937912,4.8845534324646,0.0742773562669754
822.4019775390625,0.0,0.0,0.0,3.6037991046905518,-0.7223698496818542,0.31123682856559753,3.7221386432647705,0.3485974371433258
763.4660034179688,0.0,0.0,0.0,2.70304799079895,0.6397919654846191,-0.404390424489975,3.0121052265167236,-0.39989617466926575
599.27001953125,0.0,0.0,0.0,4.319486618041992,-0.2702418565750122,0.04121125489473343,4.236451148986816,0.04863405227661133
675.3140258789062,0.0,0.0,0.0,2.701751232147217,-0.85480797290802,0.7115134596824646,2.5264956951141357,0.7351848483085632
356.4419860839844,0.0,0.0,0.0,3.2931244373321533,0.5363729596138,-0.3282099664211273,3.7232532501220703,-0.28269293904304504
852.3499755859375,0.0,0.0,0.0,2.6513073444366455,-0.15862472355365753,0.18214726448059082,3.1235251426696777,0.191900834441185
990.7459716796875,0.0,0.0,0.0,2.4070589542388916,0.2060548961162567,-0.24499724805355072,2.512956380844116,-0.2797882854938507
569.1220092773438,0.0,0.0,0.0,3.2945058345794678,1.0301846265792847,-0.5683601498603821,3.1508629322052,-0.5953269004821777
815.5700073242188,0.0,0.0,0.0,2.1256020069122314,-0.2165534347295761,0.031616419553756714,2.0316379070281982,0.04647929221391678
851.4660034179688,0.0,0.0,0.0,2.099337100982666,0.07257261872291565,0.04342859610915184,2.541959524154663,0.08189119398593903
183.5540008544922,0.0,0.0,0.0,3.6655116081237793,-0.685653567314148,0.2728331387042999,4.28244686126709,0.2468901425600052
610.5499877929688,0.0,0.0,0.0,4.6950764656066895,-0.01831177994608879,-0.004122708924114704,4.445322036743164,0.005447765346616507
691.6339721679688,0.0,0.0,0.0,4.176486015319824,-0.498333215713501,0.10633465647697449,4.410935401916504,0.11494530737400055
340.27801513671875,0.0,0.0,0.0,1.944464921951294,0.14599378407001495,-0.10860485583543777,1.7808398008346558,-0.09168655425310135
252.1820068359375,0.0,0.0,0.0,3.8381547927856445,-0.9771552681922913,0.37671777606010437,4.245652198791504,0.2657471299171448
157.06199645996094,0.0,0.0,0.0,2.2835965156555176,0.6911469101905823,-0.5782625675201416,2.6717185974121094,-0.6642821431159973
937.2659912109375,0.0,0.0,0.0,1.819722056388855,0.05227091908454895,0.08795206248760223,1.7082139253616333,0.09296534955501556
863.3779907226562,0.0,0.0,0.0,3.890620470046997,-0.8491358160972595,0.4682425260543823,3.7258589267730713,0.4703920781612396
1034.550048828125,0.0,0.0,0.0,3.6095023155212402,0.6835275888442993,-0.3150438368320465,4.169414043426514,-0.2586383521556854
966.1099853515625,0.0,0.0,0.0,2.769986629486084,0.45363649725914,-0.23780548572540283,2.6894783973693848,-0.13179057836532593
306.7300109863281,0.0,0.0,0.0,3.659214496612549,-0.4898228943347931,0.2380221039056778,3.999659538269043,0.2506595551967621
603.4099731445312,0.0,0.0,0.0,2.7426319122314453,-0.6436123847961426,0.4554895758628845,3.405958890914917,0.5921344757080078
155.31399536132812,0.0,0.0,0.0,2.6861889362335205,0.7719786763191223,-0.5058823227882385,3.184514284133911,-0.5638712644577026
530.3699951171875,0.0,0.0,0.0,1.967685341835022,0.24973516166210175,-0.22720491886138916,2.0328774452209473,-0.2191324084997177
197.29400634765625,0.0,0.0,0.0,4.46466064453125,-0.4283364415168762,0.09818817675113678,4.605257511138916,-0.0057483757846057415
765.4660034179688,0.0,0.0,0.0,2.631899833679199,0.3620643615722656,-0.1790137141942978,2.704493761062622,-0.1841476708650589
596.6820068359375,0.0,0.0,0.0,4.350832462310791,-0.419066846370697,0.18628308176994324,4.428040027618408,0.13816514611244202
1005.7139892578125,0.0,0.0,0.0,3.8333301544189453,-0.7435545921325684,0.17106543481349945,4.103749752044678,0.1684529036283493
580.0900268554688,0.0,0.0,0.0,3.5287256240844727,0.7228540182113647,-0.27292004227638245,3.753007411956787,-0.22931994497776031
757.8820190429688,0.0,0.0,0.0,2.200429916381836,0.07706473022699356,-0.10299075394868851,2.499079465866089,-0.12328674644231796
338.2860107421875,0.0,0.0,0.0,2.329146146774292,0.2955717146396637,-0.1884153038263321,2.222954511642456,-0.11784662306308746
419.1780090332031,0.0,0.0,0.0,3.30220890045166,0.37502044439315796,-0.15196006000041962,3.6019604206085205,-0.1587672084569931
650.5139770507812,0.0,0.0,0.0,3.180222511291504,0.17410162091255188,-0.1551380157470703,3.4529190063476562,-0.07587206363677979
359.4179992675781,0.0,0.0,0.0,3.646859645843506,0.2004956156015396,-0.07767681032419205,3.437081813812256,-0.0224201250821352
698.27001953125,0.0,0.0,0.0,1.9512032270431519,-0.1615789532661438,0.253178209066391,2.382810115814209,0.26552465558052063
171.0260009765625,0.0,0.0,0.0,1.6307200193405151,0.4057513177394867,-0.4900457561016083,1.8793240785598755,-0.3742094933986664
549.9140014648438,0.0,0.0,0.0,3.0677430629730225,0.37026482820510864,-0.21271993219852448,3.288872003555298,-0.19111423194408417
252.96600341796875,0.0,0.0,0.0,4.078871726989746,-0.7981908917427063,0.28971314430236816,4.2906880378723145,0.26740291714668274
568.0900268554688,0.0,0.0,0.0,4.4644341468811035,0.20597456395626068,-0.1924513578414917,4.141231536865234,-0.2589491307735443
361.6860046386719,0.0,0.0,0.0,1.9629000425338745,-0.4649440348148346,0.5057197213172913,2.2227165699005127,0.602859377861023
311.1780090332031,0.0,0.0,0.0,3.613821506500244,-0.03395422175526619,0.03291657194495201,3.441635847091675,-0.03500160574913025
742.0460205078125,0.0,0.0,0.0,4.157761573791504,-0.8098194003105164,0.21766382455825806,4.865550994873047,0.2823418378829956
776.3779907226562,0.0,0.0,0.0,4.139499187469482,0.24752739071846008,-0.08263038843870163,3.6526453495025635,-0.0066037895157933235
474.3900146484375,0.0,0.0,0.0,2.9697012901306152,-0.12677311897277832,-0.04917645826935768,2.5323593616485596,-0.10204382985830307
302.5979919433594,0.0,0.0,0.0,1.7194918394088745,0.18488183617591858,0.03588997945189476,2.0876007080078125,0.06485133618116379
636.4019775390625,0.0,0.0,0.0,3.6301653385162354,-0.03644271939992905,0.1292639821767807,3.067613124847412,0.09209952503442764
230.75799560546875,0.0,0.0,0.0,1.6041780710220337,0.3094319999217987,-0.452021986246109,1.7268704175949097,-0.5122243165969849
598.5579833984375,0.0,0.0,0.0,4.4788384437561035,-0.3778843283653259,0.09957396984100342,4.472300052642822,0.0662967786192894
477.8739929199219,0.0,0.0,0.0,2.480637311935425,0.2575725018978119,-0.1899634152650833,2.745877981185913,-0.1751548945903778
245.1739959716797,0.0,0.0,0.0,2.5392563343048096,-0.6284063458442688,0.5565274357795715,2.768242359161377,0.5514041781425476
339.6059875488281,0.0,0.0,0.0,2.0684053897857666,0.17745383083820343,-0.10862383991479874,1.9995540380477905,-0.09653214365243912
396.2460021972656,0.0,0.0,0.0,1.9203710556030273,0.3209090828895569,-0.5089871287345886,2.027343511581421,-0.38366103172302246
174.7779998779297,0.0,0.0,0.0,2.802539825439453,-0.45814892649650574,0.320523738861084,3.2432570457458496,0.34864702820777893
248.49400329589844,0.0,0.0,0.0,4.072072982788086,-0.6403859257698059,0.19179877638816833,4.642561912536621,0.21978768706321716
181.03399658203125,0.0,0.0,0.0,2.150087833404541,-0.3951762914657593,0.46940886974334717,2.540696859359741,0.5256357789039612
297.32598876953125,0.0,0.0,0.0,1.7957123517990112,0.421892911195755,-0.5563818216323853,1.9545769691467285,-0.5270869135856628
629.6259765625,0.0,0.0,0.0,3.844534397125244,0.8338095545768738,-0.3202483057975769,4.573663234710693,-0.27262404561042786
934.3419799804688,0.0,0.0,0.0,3.1596100330352783,0.3220573663711548,-0.09049717336893082,2.660548210144043,-0.031591083854436874
195.56199645996094,0.0,0.0,0.0,3.9170525074005127,-0.6297435760498047,0.22409304976463318,4.061014652252197,0.21509258449077606
668.8140258789062,0.0,0.0,0.0,1.3024173974990845,-0.06647446751594543,0.25129276514053345,1.516780138015747,0.2905784845352173
294.0899963378906,0.0,0.0,0.0,2.8199503421783447,-0.016485832631587982,-0.2723020613193512,3.0021934509277344,-0.2350608855485916
397.4219970703125,0.0,0.0,0.0,2.497785806655884,0.4533309042453766,-0.5019799470901489,2.874103546142578,-0.4797934591770172
228.4219970703125,0.0,0.0,0.0,1.704223394393921,0.29648908972740173,-0.5491248965263367,1.9950617551803589,-0.5460332036018372
911.5700073242188,0.0,0.0,0.0,4.3277459144592285,-0.015624371357262135,0.04563150182366371,4.497824192047119,0.08067691326141357
964.697998046875,0.0,0.0,0.0,3.0938186645507812,0.7904342412948608,-0.47720539569854736,2.9384918212890625,-0.2930765748023987
970.2340087890625,0.0,0.0,0.0,2.7683370113372803,0.47608232498168945,-0.2909843623638153,3.053946018218994,-0.26770153641700745
802.4099731445312,0.0,0.0,0.0,3.7276298999786377,0.8831978440284729,-0.5683062672615051,3.1211256980895996,-0.5264033079147339
590.8380126953125,0.0,0.0,0.0,2.6355643272399902,-0.26757553219795227,-0.019002659246325493,2.850625991821289,-0.1351996660232544
998.0540161132812,0.0,0.0,0.0,2.2980377674102783,0.019224686548113823,0.14673031866550446,2.495514154434204,0.20400561392307281
508.1860046386719,0.0,0.0,0.0,3.639430522918701,-0.17691728472709656,0.10916578769683838,3.2754786014556885,0.06649153679609299
192.64999389648438,0.0,0.0,0.0,2.146045684814453,-0.39610975980758667,0.5161893367767334,2.593646287918091,0.5030369758605957
494.57000732421875,0.0,0.0,0.0,1.7528667449951172,-0.25768154859542847,0.3717168867588043,2.0386788845062256,0.3873346745967865
972.197998046875,0.0,0.0,0.0,3.520258903503418,0.42503878474235535,-0.1994665265083313,3.631782054901123,-0.1710103303194046
166.9499969482422,0.0,0.0,0.0,1.7829532623291016,0.4459921717643738,-0.7369588613510132,1.9879847764968872,-0.7309837341308594
228.88600158691406,0.0,0.0,0.0,1.8162260055541992,0.30947208404541016,-0.4591312110424042,1.969093680381775,-0.43060415983200073
880.2780151367188,0.0,0.0,0.0,1.9645075798034668,0.3686920404434204,-0.5194207429885864,2.2382543087005615,-0.5030816793441772
947.510009765625,0.0,0.0,0.0,4.4269232749938965,-0.6161302328109741,0.20358428359031677,4.946644306182861,0.13442042469978333
347.6820068359375,0.0,0.0,0.0,2.4616165161132812,0.2302783727645874,-0.16210272908210754,2.655977964401245,-0.16999100148677826
454.1780090332031,0.0,0.0,0.0,3.510993242263794,0.2308368682861328,-0.07318920642137527,3.3699164390563965,-0.08414261043071747
938.0540161132812,0.0,0.0,0.0,1.5067020654678345,-0.10891516506671906,0.3256731927394867,1.6347836256027222,0.3579397201538086
627.614013671875,0.0,0.0,0.0,3.332749128341675,0.7334503531455994,-0.35471877455711365,3.982419013977051,-0.43197101354599
331.2340087890625,0.0,0.0,0.0,3.2939655780792236,-0.017498208209872246,-0.023100217804312706,2.9814627170562744,-0.01953546144068241
695.6300048828125,0.0,0.0,0.0,0.6520442962646484,-0.06398234516382217,-0.03568122908473015,0.0,0.0
136.64199829101562,0.0,0.0,0.0,0.501849353313446,0.008127419278025627,-0.01624290458858013,1.212561845779419,-0.038597673177719116
246.6020050048828,0.0,0.0,0.0,3.0617473125457764,-0.777845025062561,0.45573562383651733,3.6608798503875732,0.4685370922088623
924.677978515625,0.0,0.0,0.0,3.055817127227783,-0.6776679754257202,0.3296489417552948,3.5369644165039062,0.30626726150512695
519.3779907226562,0.0,0.0,0.0,4.2423014640808105,0.3974069356918335,-0.5396684408187866,3.5352964401245117,-0.3993866741657257
172.8419952392578,0.0,0.0,0.0,1.859568476676941,-0.1947316974401474,0.30877548456192017,2.3158106803894043,0.37993523478507996
253.7779998779297,0.0,0.0,0.0,4.362363815307617,-0.6237822771072388,0.18879875540733337,4.937558650970459,0.06354542076587677
204.28599548339844,0.0,0.0,0.0,4.220763683319092,0.041457198560237885,-0.07073906064033508,3.515378713607788,-0.09977374970912933
278.7179870605469,0.0,0.0,0.0,3.1282994747161865,-0.4549326002597809,0.2565140128135681,3.4786312580108643,0.24363963305950165
938.5780029296875,0.0,0.0,0.0,1.4982491731643677,-0.17441095411777496,0.39121758937835693,1.4756431579589844,0.3259095549583435
824.8900146484375,0.0,0.0,0.0,2.6836259365081787,0.3169264495372772,-0.4692663550376892,2.4651858806610107,-0.4292152225971222
374.3500061035156,0.0,0.0,0.0,3.264069080352783,-0.202964648604393,0.1558542549610138,3.5555551052093506,0.17834648489952087
411.2980041503906,0.0,0.0,0.0,2.6569459438323975,0.3512437641620636,-0.2429019957780838,2.769740104675293,-0.20582367479801178
725.8179931640625,0.0,0.0,0.0,2.4743168354034424,0.10520436614751816,-0.005602604243904352,2.3176019191741943,0.11058993637561798
996.010009765625,0.0,0.0,0.0,2.830171585083008,0.27910274267196655,-0.09624972194433212,2.3655223846435547,-0.14987756311893463
485.2019958496094,0.0,0.0,0.0,3.4046401977539062,0.68833327293396,-0.26085230708122253,3.8311305046081543,-0.30038973689079285
952.8499755859375,0.0,0.0,0.0,4.621025085449219,0.35471129417419434,-0.1381971538066864,4.763559341430664,-0.16197919845581055
218.1179962158203,0.0,0.0,0.0,2.1037044525146484,0.4115198254585266,-0.4876343309879303,2.5529863834381104,-0.4945933222770691
191.94200134277344,0.0,0.0,0.0,1.836007833480835,-0.3214157819747925,0.460449755191803,2.07283353805542,0.48670074343681335
510.7019958496094,0.0,0.0,0.0,2.596454620361328,-0.5008706450462341,0.38493844866752625,2.544978618621826,0.3266148865222931
456.0899963378906,0.0,0.0,0.0,2.3734304904937744,-0.02174648828804493,0.01065729558467865,2.159503936767578,-0.02132963202893734
234.6739959716797,0.0,0.0,0.0,2.1797733306884766,-0.17482082545757294,0.2806718647480011,2.242990493774414,0.2850287854671478
675.8939819335938,0.0,0.0,0.0,2.1956002712249756,-0.9005742073059082,0.8406811952590942,2.1813576221466064,0.8394668698310852
950.1500244140625,0.0,0.0,0.0,4.6085920333862305,-0.2792557179927826,0.006740786600857973,5.126898288726807,0.0028455236461013556
494.1099853515625,0.0,0.0,0.0,1.6746474504470825,-0.2340453416109085,0.33027830719947815,1.818182349205017,0.3313176929950714
372.3580017089844,0.0,0.0,0.0,3.9230546951293945,-0.06442687660455704,0.006818077061325312,3.456374406814575,-0.03913430497050285
734.8140258789062,0.0,0.0,0.0,3.2738969326019287,-0.4573504626750946,0.15383481979370117,2.972196340560913,0.23774583637714386
244.85000610351562,0.0,0.0,0.0,2.5265390872955322,-0.5542272925376892,0.5218636393547058,2.7152068614959717,0.5914496183395386
304.2380065917969,0.0,0.0,0.0,2.295635938644409,-0.2999923527240753,0.4025954306125641,2.7044293880462646,0.3634708523750305
367.6419982910156,0.0,0.0,0.0,3.47981333732605,-0.8208327293395996,0.38898035883903503,4.240212917327881,0.30675482749938965
144.48199462890625,0.0,0.0,0.0,3.4727721214294434,0.1156894862651825,-0.0013715659733861685,4.126308917999268,-0.03909461572766304
323.37799072265625,0.0,0.0,0.0,1.9382688999176025,0.29810798168182373,-0.4075523316860199,2.2752461433410645,-0.46574535965919495
245.51400756835938,0.0,0.0,0.0,2.58156418800354,-0.6991666555404663,0.5772329568862915,3.0635228157043457,0.615231990814209
381.6579895019531,0.0,0.0,0.0,2.6777162551879883,-0.28045400977134705,0.18573777377605438,2.4835989475250244,0.19629469513893127
993.1060180664062,0.0,0.0,0.0,3.3793458938598633,0.49383577704429626,-0.2262430340051651,3.810425281524658,-0.21059738099575043
256.01800537109375,0.0,0.0,0.0,4.663569927215576,-0.11395414173603058,0.013549751602113247,4.91790246963501,0.0007139486842788756
624.7100219726562,0.0,0.0,0.0,2.6839191913604736,0.23273345828056335,-0.18231165409088135,2.9367003440856934,-0.15068411827087402
518.9180297851562,0.0,0.0,0.0,4.671967029571533,-0.05097416788339615,-0.12693513929843903,4.281565189361572,-0.2888363003730774
942.8099975585938,0.0,0.0,0.0,2.6108057498931885,-0.7531848549842834,0.6334840655326843,3.119701862335205,0.6260191202163696
975.7540283203125,0.0,0.0,0.0,2.860759973526001,0.7988859415054321,-0.5350225567817688,3.0114479064941406,-0.5867404341697693
672.9219970703125,0.0,0.0,0.0,2.9026052951812744,-0.5977299809455872,0.4710387885570526,3.493929147720337,0.6203910112380981
794.9420166015625,0.0,0.0,0.0,2.858232021331787,0.03161709010601044,0.0013804045738652349,2.763352155685425,-0.052313968539237976
433.75799560546875,0.0,0.0,0.0,3.2538228034973145,0.25708675384521484,-0.1778205782175064,3.268969774246216,-0.13247117400169373
848.0900268554688,0.0,0.0,0.0,3.429067850112915,0.627979040145874,-0.41601356863975525,2.9198148250579834,-0.35291531682014465
212.58599853515625,0.0,0.0,0.0,4.122675895690918,0.45650744438171387,-0.12568971514701843,4.24403715133667,-0.16481207311153412
519.166015625,0.0,0.0,0.0,4.537610054016113,0.13940484821796417,-0.2596021592617035,3.745697259902954,-0.4486100375652313
485.4100036621094,0.0,0.0,0.0,3.488682270050049,0.6940890550613403,-0.21109093725681305,3.9327473640441895,-0.12415508925914764
960.4019775390625,0.0,0.0,0.0,4.019759178161621,0.4165702760219574,-0.09441962838172913,4.393808364868164,-0.13273075222969055
138.17799377441406,0.0,0.0,0.0,2.3800761699676514,0.16473320126533508,-0.20428939163684845,2.758843183517456,-0.17302146553993225
546.781982421875,0.0,0.0,0.0,2.970219612121582,-0.31386885046958923,0.11716485768556595,2.862212896347046,0.09661208838224411
284.67401123046875,0.0,0.0,0.0,4.101158618927002,-0.3428637683391571,0.0497073195874691,4.556621074676514,0.083757184445858
750.3060302734375,0.0,0.0,0.0,2.401262044906616,0.18270865082740784,-0.19198857247829437,2.280498743057251,-0.1888117641210556
444.80999755859375,0.0,0.0,0.0,2.3858892917633057,0.3913230001926422,-0.3499956429004669,2.5427184104919434,-0.29293131828308105
574.8460083007812,0.0,0.0,0.0,4.52537202835083,0.1586153656244278,0.0637410581111908,4.39883279800415,0.06640194356441498
314.6180114746094,0.0,0.0,0.0,1.8443056344985962,-0.0014609170611947775,-0.011649332009255886,1.7712355852127075,-0.00929054245352745
164.14199829101562,0.0,0.0,0.0,1.6157431602478027,0.3407711684703827,-0.6086013913154602,1.8763171434402466,-0.6775434613227844
365.39801025390625,0.0,0.0,0.0,3.350410223007202,-0.6920275688171387,0.4497336745262146,3.318246841430664,0.47955968976020813
754.0339965820312,0.0,0.0,0.0,1.5798622369766235,0.11922013014554977,-0.25088322162628174,1.8241345882415771,-0.22153660655021667
964.27001953125,0.0,0.0,0.0,3.190207004547119,0.8859027624130249,-0.45833471417427063,3.135866165161133,-0.45981255173683167
393.75,0.0,0.0,0.0,3.233776569366455,0.17536000907421112,-0.09790419787168503,2.9557228088378906,-0.028609681874513626
353.3900146484375,0.0,0.0,0.0,2.16776967048645,0.24553433060646057,-0.34897735714912415,2.3280413150787354,-0.36533161997795105
520.6179809570312,0.0,0.0,0.0,3.1083669662475586,0.9259854555130005,-0.5745534300804138,3.67252779006958,-0.5157861709594727
692.4019775390625,0.0,0.0,0.0,4.234266757965088,-0.401309072971344,0.16519203782081604,4.059647560119629,0.27658042311668396
748.5780029296875,0.0,0.0,0.0,3.4539904594421387,0.014446104876697063,-0.13942693173885345,3.644230604171753,-0.11265593022108078
483.5260009765625,0.0,0.0,0.0,2.8394453525543213,0.9639025330543518,-0.47304394841194153,3.4440364837646484,-0.36645153164863586
341.1059875488281,0.0,0.0,0.0,1.6879059076309204,0.11522676050662994,-0.07599998265504837,1.577380657196045,-0.06754949688911438
327.802001953125,0.0,0.0,0.0,4.32297420501709,0.5218068361282349,-0.13483020663261414,4.557169437408447,-0.0034728404134511948
319.9739990234375,0.0,0.0,0.0,1.9576282501220703,0.2673909366130829,-0.253737211227417,2.0350613594055176,-0.2961694896221161
204.86199951171875,0.0,0.0,0.0,3.31311297416687,0.22210074961185455,-0.2244420051574707,2.563424587249756,-0.33197319507598877
457.3380126953125,0.0,0.0,0.0,2.024402379989624,-0.005654540844261646,0.004534057807177305,2.316099166870117,0.010104790329933167
525.3619995117188,0.0,0.0,0.0,2.692572832107544,0.33889442682266235,-0.13470254838466644,2.4561827182769775,-0.12810984253883362
549.781982421875,0.0,0.0,0.0,3.007230520248413,0.35638970136642456,-0.26324087381362915,3.3133504390716553,-0.22592942416667938
158.86199951171875,0.0,0.0,0.0,1.9868106842041016,0.6688012480735779,-0.674901008605957,2.033599615097046,-0.6653892993927002
803.197998046875,0.0,0.0,0.0,2.8839619159698486,0.9736634492874146,-0.4548964500427246,2.979198694229126,-0.4461509585380554
161.85400390625,0.0,0.0,0.0,1.6969218254089355,0.36758390069007874,-0.5483905076980591,2.009730577468872,-0.6457433104515076
318.5979919433594,0.0,0.0,0.0,1.761881947517395,0.2324392944574356,-0.3716573715209961,1.8785027265548706,-0.34066879749298096
686.7420043945312,0.0,0.0,0.0,3.1761107444763184,-0.3290044069290161,0.20794372260570526,3.600578784942627,0.18521402776241302
421.95001220703125,0.0,0.0,0.0,3.56192946434021,0.6909706592559814,-0.3690832257270813,4.174658298492432,-0.40921640396118164
804.6859741210938,0.0,0.0,0.0,3.0451276302337646,0.6610918641090393,-0.31215083599090576,3.2148759365081787,-0.2597292363643646
400.46600341796875,0.0,0.0,0.0,3.656388521194458,0.7987092137336731,-0.30632859468460083,4.0965752601623535,-0.21409331262111664
448.95001220703125,0.0,0.0,0.0,3.8706748485565186,0.299089252948761,-0.0864405408501625,4.718273639678955,-0.11805079132318497
739.5540161132812,0.0,0.0,0.0,3.681347131729126,-0.7541609406471252,0.2906191945075989,4.286776065826416,0.352888286113739
535.7739868164062,0.0,0.0,0.0,3.5108413696289062,0.6620204448699951,-0.3429337441921234,4.480971336364746,-0.47345855832099915
834.75,0.0,0.0,0.0,3.292184591293335,0.9521096348762512,-0.5481478571891785,3.376516580581665,-0.5875878930091858
634.4819946289062,0.0,0.0,0.0,4.318934440612793,0.46525630354881287,-0.2117256224155426,4.4849090576171875,-0.24805983901023865
655.43798828125,0.0,0.0,0.0,2.241806983947754,-0.49701419472694397,0.48282942175865173,2.5631465911865234,0.5276663303375244
872.14599609375,0.0,0.0,0.0,4.107333183288574,0.5129771828651428,-0.10748092830181122,4.226117134094238,-0.08885365724563599
869.02197265625,0.0,0.0,0.0,2.8931937217712402,0.8880720734596252,-0.5568464994430542,3.5480000972747803,-0.6104545593261719
234.11000061035156,0.0,0.0,0.0,1.9704376459121704,0.00872680451720953,0.2098497450351715,2.1495723724365234,0.2673232853412628
946.8460083007812,0.0,0.0,0.0,4.322282314300537,-0.6910196542739868,0.14728112518787384,4.648013114929199,0.20431597530841827
310.27801513671875,0.0,0.0,0.0,3.9546656608581543,-0.06115397810935974,0.008373895660042763,3.771956205368042,0.09172194451093674
165.36599731445312,0.0,0.0,0.0,1.6906561851501465,0.3391444683074951,-0.5426795482635498,1.905585765838623,-0.5659669041633606
586.3660278320312,0.0,0.0,0.0,2.9567766189575195,-0.6524311304092407,0.32262131571769714,2.9870307445526123,0.2904074490070343
867.2100219726562,0.0,0.0,0.0,4.247058868408203,-0.2846846282482147,-0.25407981872558594,3.8467838764190674,-0.30063557624816895
171.8260040283203,0.0,0.0,0.0,1.658822774887085,0.07834791392087936,0.09554187208414078,1.6684162616729736,0.12056419253349304
691.1900024414062,0.0,0.0,0.0,4.0414719581604,-0.5806716084480286,0.1622532457113266,4.23976469039917,0.08456927537918091
177.4340057373047,0.0,0.0,0.0,3.1764719486236572,-0.3620221018791199,0.16358022391796112,3.274535894393921,0.13045421242713928
209.51400756835938,0.0,0.0,0.0,2.942673921585083,0.6363720893859863,-0.4644341468811035,3.7291157245635986,-0.42585232853889465
447.45001220703125,0.0,0.0,0.0,3.574939012527466,0.44787997007369995,-0.21630758047103882,3.83020281791687,-0.14953932166099548
201.88999938964844,0.0,0.0,0.0,4.659729957580566,-0.029467539861798286,0.02319657988846302,4.511246204376221,0.03453115373849869
574.6300048828125,0.0,0.0,0.0,4.5469136238098145,0.2136078029870987,-0.01493279542773962,4.405820846557617,0.004859881941229105
822.9860229492188,0.0,0.0,0.0,3.5990054607391357,-0.5742327570915222,0.20298601686954498,3.964350700378418,0.1669989675283432
729.7899780273438,0.0,0.0,0.0,3.647555112838745,-0.20651163160800934,0.10924658179283142,3.8033080101013184,0.1121017262339592
366.5379943847656,0.0,0.0,0.0,3.090607166290283,-0.8796396255493164,0.4868127107620239,3.638521194458008,0.5228111743927002
162.2220001220703,0.0,0.0,0.0,1.7738267183303833,0.3568953573703766,-0.5330018401145935,1.8880099058151245,-0.4985610842704773
221.14199829101562,0.0,0.0,0.0,3.7103335857391357,0.6184592843055725,-0.21904349327087402,4.338730335235596,-0.17639122903347015
192.8699951171875,0.0,0.0,0.0,2.2392542362213135,-0.418226420879364,0.4553194046020508,2.7006142139434814,0.5435465574264526
642.9819946289062,0.0,0.0,0.0,2.398056745529175,0.3755924701690674,-0.4141894578933716,2.6813597679138184,-0.38749778270721436
852.4459838867188,0.0,0.0,0.0,2.690783977508545,-0.18802139163017273,0.2010975033044815,2.9783031940460205,0.20689290761947632
588.3460083007812,0.0,0.0,0.0,1.784985899925232,-0.46323245763778687,0.5317943096160889,2.008359432220459,0.6322137713432312
369.4219970703125,0.0,0.0,0.0,4.224620819091797,-0.5262183547019958,0.1179925724864006,4.6312055587768555,0.25180476903915405
877.0859985351562,0.0,0.0,0.0,1.457865834236145,0.14143815636634827,-0.29566311836242676,1.504193663597107,-0.35959240794181824
350.3139953613281,0.0,0.0,0.0,2.8636367321014404,0.3833189904689789,-0.21298366785049438,3.2171714305877686,-0.2165357768535614
660.2020263671875,0.0,0.0,0.0,1.825706958770752,-0.23089392483234406,0.358452171087265,2.077653646469116,0.4028814435005188
673.8259887695312,0.0,0.0,0.0,2.6933107376098633,-0.8944069147109985,0.6406258344650269,2.9989981651306152,0.6569533348083496
904.3460083007812,0.0,0.0,0.0,1.7486766576766968,-0.44519519805908203,0.6706678867340088,1.9745075702667236,0.5806612372398376
717.8460083007812,0.0,0.0,0.0,3.238180160522461,0.11259632557630539,-0.16478146612644196,3.3578553199768066,-0.19979798793792725
720.1019897460938,0.0,0.0,0.0,3.8296360969543457,0.2855594754219055,-0.1347464621067047,4.21906852722168,-0.1478700488805771
1013.9619750976562,0.0,0.0,0.0,4.3130974769592285,-0.14410275220870972,0.0017663484904915094,4.041006565093994,0.020665524527430534
965.1339721679688,0.0,0.0,0.0,2.9849853515625,0.6873209476470947,-0.34710174798965454,2.789705753326416,-0.3010704517364502
590.6300048828125,0.0,0.0,0.0,2.532231092453003,-0.3461377024650574,0.03905231133103371,2.844019651412964,-0.04186791554093361
984.0579833984375,0.0,0.0,0.0,2.6587705612182617,0.7232692837715149,-0.5209634900093079,2.95422625541687,-0.5349589586257935
412.74200439453125,0.0,0.0,0.0,2.823033094406128,0.5239233374595642,-0.3157396614551544,3.1123688220977783,-0.3940414786338806
1033.1739501953125,0.0,0.0,0.0,2.744363307952881,0.6217523813247681,-0.49885717034339905,3.449953079223633,-0.5423319339752197
624.5020141601562,0.0,0.0,0.0,2.6974945068359375,0.1963661164045334,-0.17067070305347443,2.7702693939208984,-0.20554713904857635
1013.1259765625,0.0,0.0,0.0,4.519101619720459,-0.3358663022518158,0.08641091734170914,4.3746562004089355,0.009280574508011341
482.9739990234375,0.0,0.0,0.0,2.7290687561035156,1.1918226480484009,-0.5752512216567993,3.1597952842712402,-0.5392701029777527
799.8099975585938,0.0,0.0,0.0,3.8316268920898438,0.7876409888267517,-0.3707505464553833,4.048618793487549,-0.32536113262176514
891.5020141601562,0.0,0.0,0.0,2.356659412384033,-0.4017602205276489,0.3784904181957245,2.0015485286712646,0.4062899351119995
1010.1259765625,0.0,0.0,0.0,3.992192029953003,-0.8961846232414246,0.3699154853820801,4.564141273498535,0.3616297245025635
983.8579711914062,0.0,0.0,0.0,2.5771758556365967,0.7157644629478455,-0.5654950141906738,3.0339882373809814,-0.5972504615783691
389.35400390625,0.0,0.0,0.0,3.144958257675171,-0.3311525583267212,0.075440913438797,3.109927177429199,0.04276863485574722
289.64599609375,0.0,0.0,0.0,2.470935106277466,-0.7412018179893494,0.5725927352905273,3.0904886722564697,0.6755096316337585
1010.0180053710938,0.0,0.0,0.0,3.987600088119507,-0.8964033722877502,0.3177352547645569,4.346385478973389,0.38142457604408264
896.3660278320312,0.0,0.0,0.0,2.771617889404297,-0.5847166776657104,0.47600483894348145,3.543224334716797,0.5131644606590271
248.7220001220703,0.0,0.0,0.0,4.147953033447266,-0.5943768620491028,0.1393505483865738,4.5379204750061035,0.10311364382505417
489.2900085449219,0.0,0.0,0.0,3.382530450820923,0.6353099346160889,-0.320270836353302,3.3622522354125977,-0.22658498585224152
735.3060302734375,0.0,0.0,0.0,3.06988787651062,-0.47380530834198,0.1830974817276001,2.969132423400879,0.15708041191101074
878.3779907226562,0.0,0.0,0.0,1.5345802307128906,0.21074937283992767,-0.4631681740283966,1.6133005619049072,-0.45811522006988525
903.8099975585938,0.0,0.0,0.0,1.7532711029052734,-0.4757595956325531,0.7334719896316528,1.994931936264038,0.6885073781013489
160.58200073242188,0.0,0.0,0.0,1.7469385862350464,0.40570300817489624,-0.5866059064865112,1.98439359664917,-0.5990352034568787
1023.1339721679688,0.0,0.0,0.0,4.452187538146973,-0.05242982879281044,0.015083473175764084,4.624610424041748,-0.028593435883522034
163.42999267578125,0.0,0.0,0.0,1.65684175491333,0.3973493278026581,-0.6330585479736328,1.8107435703277588,-0.6163702607154846
918.197998046875,0.0,0.0,0.0,3.6746702194213867,-0.40869835019111633,0.30398741364479065,3.4842143058776855,0.3094554841518402
476.41400146484375,0.0,0.0,0.0,1.9962835311889648,0.2064601331949234,-0.19463729858398438,2.157824754714966,-0.23579522967338562
962.1900024414062,0.0,0.0,0.0,4.395391941070557,0.17791733145713806,-0.06638993322849274,4.536872863769531,-0.020031826570630074
870.6859741210938,0.0,0.0,0.0,3.851085662841797,0.7590636610984802,-0.3065028488636017,4.165186405181885,-0.2588527202606201
292.406005859375,0.0,0.0,0.0,2.579150438308716,-0.7779675722122192,0.536522626876831,2.895634889602661,0.4669009745121002
748.781982421875,0.0,0.0,0.0,3.3962204456329346,0.0852503776550293,-0.1904618889093399,3.1825735569000244,-0.1670122593641281
377.6180114746094,0.0,0.0,0.0,3.9033143520355225,-0.15354791283607483,0.017695577815175056,3.7512435913085938,0.052848994731903076
386.85400390625,0.0,0.0,0.0,3.3259036540985107,-0.8983433246612549,0.4558488130569458,3.6521589756011963,0.44284743070602417
568.6539916992188,0.0,0.0,0.0,3.869899034500122,0.751081109046936,-0.5368942618370056,3.3830888271331787,-0.5678415298461914
536.1859741210938,0.0,0.0,0.0,3.765169382095337,0.6742303371429443,-0.26885542273521423,4.3333845138549805,-0.332192599773407
763.3660278320312,0.0,0.0,0.0,2.687749147415161,0.6530662178993225,-0.4575441777706146,2.955192804336548,-0.44538626074790955
454.9179992675781,0.0,0.0,0.0,3.0573270320892334,0.09939048439264297,-0.050745781511068344,2.666884422302246,-0.025599820539355278
427.9219970703125,0.0,0.0,0.0,3.693981647491455,-0.36942753195762634,0.2003455013036728,3.5926623344421387,0.15621359646320343
964.1699829101562,0.0,0.0,0.0,3.1843392848968506,0.9159243106842041,-0.4746786653995514,3.4629628658294678,-0.3978147506713867
957.1339721679688,0.0,0.0,0.0,2.7400076389312744,0.5361417531967163,-0.43521353602409363,2.9944937229156494,-0.3730138838291168
1024.4659423828125,0.0,0.0,0.0,3.893785238265991,0.7746747732162476,-0.5285406112670898,3.7506613731384277,-0.5256518125534058
495.9700012207031,0.0,0.0,0.0,2.2098278999328613,-0.3750288486480713,0.3661138415336609,2.607663631439209,0.386862576007843
253.52200317382812,0.0,0.0,0.0,4.303973197937012,-0.6766955256462097,0.16761407256126404,4.748079776763916,0.09955946356058121
434.2179870605469,0.0,0.0,0.0,3.3074567317962646,0.26865509152412415,-0.16493840515613556,3.1998918056488037,-0.13748426735401154
278.27801513671875,0.0,0.0,0.0,3.023167371749878,-0.4821069836616516,0.3076675236225128,3.2173585891723633,0.3231920599937439
687.3419799804688,0.0,0.0,0.0,3.22133731842041,-0.3297360837459564,0.27746859192848206,3.262432098388672,0.327095627784729
728.0819702148438,0.0,0.0,0.0,3.0186469554901123,-0.13036665320396423,0.14808860421180725,3.2670295238494873,0.14757470786571503
1021.8579711914062,0.0,0.0,0.0,4.348648548126221,0.003969333600252867,-0.011387599632143974,4.815475940704346,0.08585937321186066
969.614013671875,0.0,0.0,0.0,2.494729995727539,0.45831209421157837,-0.30780643224716187,2.796567916870117,-0.26812055706977844
184.31399536132812,0.0,0.0,0.0,4.016855239868164,-0.542161762714386,0.2571668028831482,4.412869930267334,0.17073334753513336
210.3260040283203,0.0,0.0,0.0,3.581233024597168,0.7341411709785461,-0.32856035232543945,4.070350646972656,-0.37277117371559143
614.6420288085938,0.0,0.0,0.0,2.6575732231140137,-0.44242191314697266,0.22824184596538544,2.184739112854004,0.2295382022857666
1009.1339721679688,0.0,0.0,0.0,3.9574177265167236,-0.789627194404602,0.29534780979156494,4.481025695800781,0.3322368264198303
501.7460021972656,0.0,0.0,0.0,1.7458809614181519,-0.26558974385261536,0.49455153942108154,1.8676953315734863,0.4012545347213745
913.1859741210938,0.0,0.0,0.0,4.60799503326416,-0.01083818543702364,0.052435968071222305,4.416946887969971,0.08571424335241318
566.3099975585938,0.0,0.0,0.0,4.6687331199646,0.07903123646974564,-0.0018456981051713228,4.702516555786133,-0.005244130734354258
503.3500061035156,0.0,0.0,0.0,2.382734775543213,-0.38434165716171265,0.417898565530777,2.882096290588379,0.4403524100780487
629.822021484375,0.0,0.0,0.0,3.9139034748077393,0.8191737532615662,-0.35489460825920105,4.500467300415039,-0.3231767416000366
777.8140258789062,0.0,0.0,0.0,3.30592679977417,0.11836303770542145,-0.010171202011406422,2.9529402256011963,-0.00017090288747567683
181.42599487304688,0.0,0.0,0.0,2.326704502105713,-0.4205293357372284,0.4809796214103699,2.675222396850586,0.4918837249279022
700.0540161132812,0.0,0.0,0.0,3.0105440616607666,-0.44124990701675415,0.1665836125612259,2.9663119316101074,0.007435649633407593
260.3739929199219,0.0,0.0,0.0,4.005677223205566,0.05318665876984596,-0.0020183941815048456,4.404331207275391,0.039480600506067276
1012.8099975585938,0.0,0.0,0.0,4.5030741691589355,-0.36493054032325745,0.06268516927957535,4.478116512298584,0.10713810473680496
576.1220092773438,0.0,0.0,0.0,3.782122850418091,0.41932806372642517,-0.4039989709854126,3.0413405895233154,-0.39680713415145874
231.32200622558594,0.0,0.0,0.0,1.5921318531036377,0.29399073123931885,-0.5535293817520142,1.6988400220870972,-0.511216402053833
843.4340209960938,0.0,0.0,0.0,3.006976842880249,0.5951429605484009,-0.3789932429790497,3.7593228816986084,-0.38803592324256897
899.6740112304688,0.0,0.0,0.0,2.368643045425415,-0.9428609609603882,0.656079888343811,2.920501232147217,0.5858621597290039
895.56201171875,0.0,0.0,0.0,2.3113226890563965,-0.4503960609436035,0.5016900300979614,2.8093490600585938,0.6100907921791077
828.8179931640625,0.0,0.0,0.0,3.0743963718414307,0.3768751323223114,-0.22113732993602753,3.3022186756134033,-0.20184804499149323
197.50599670410156,0.0,0.0,0.0,4.487728118896484,-0.3804204761981964,0.04492613673210144,4.537071704864502,0.040012285113334656
300.5260009765625,0.0,0.0,0.0,2.0373761653900146,0.6249803900718689,-0.6138062477111816,2.2232847213745117,-0.5315666198730469
986.3779907226562,0.0,0.0,0.0,3.2602949142456055,0.5764472484588623,-0.08220455050468445,3.2648487091064453,0.00826754979789257
885.2979736328125,0.0,0.0,0.0,3.82025408744812,0.33530163764953613,-0.14266429841518402,3.570526361465454,-0.05491967499256134
316.98199462890625,0.0,0.0,0.0,1.4627082347869873,0.1600259691476822,-0.304531991481781,1.6091482639312744,-0.2996043860912323
764.010009765625,0.0,0.0,0.0,2.7075893878936768,0.5401409864425659,-0.3206024765968323,2.6499521732330322,-0.30863550305366516
1002.7100219726562,0.0,0.0,0.0,3.194200038909912,-0.6994099617004395,0.3753677308559418,3.8299484252929688,0.3728168308734894
831.3140258789062,0.0,0.0,0.0,3.983607530593872,0.28569597005844116,-0.10228411853313446,4.175770282745361,-0.044953711330890656
909.3419799804688,0.0,0.0,0.0,3.450490951538086,0.5453506708145142,-0.09607765823602676,4.121937274932861,-0.11920186877250671
695.9500122070312,0.0,0.0,0.0,0.014323096722364426,-0.030178353190422058,0.009592918679118156,0.0,0.0
260.8139953613281,0.0,0.0,0.0,4.083617210388184,0.04485972225666046,-0.01043118629604578,4.284450531005859,0.04352772980928421
772.4500122070312,0.0,0.0,0.0,4.144416809082031,0.3995372951030731,-0.33383241295814514,4.138864040374756,-0.38412508368492126
804.1300048828125,0.0,0.0,0.0,2.8753411769866943,0.7290751934051514,-0.3798413574695587,3.5374326705932617,-0.39078137278556824
306.8299865722656,0.0,0.0,0.0,3.6941304206848145,-0.5093151926994324,0.20975913107395172,4.205399036407471,0.2290828675031662
898.2659912109375,0.0,0.0,0.0,3.402254819869995,-1.0267033576965332,0.6631101965904236,3.0675759315490723,0.6913483738899231
487.41400146484375,0.0,0.0,0.0,3.7249038219451904,0.6814293265342712,-0.3005790710449219,4.179869174957275,-0.36579644680023193
743.0780029296875,0.0,0.0,0.0,4.430069923400879,-0.6670520305633545,0.14413389563560486,4.939895153045654,0.1031234860420227
732.3779907226562,0.0,0.0,0.0,4.115546703338623,-0.6944030523300171,0.24602606892585754,3.9958815574645996,0.2658460736274719
732.5020141601562,0.0,0.0,0.0,4.082417964935303,-0.7271249294281006,0.28755736351013184,4.126037120819092,0.21098728477954865
447.7179870605469,0.0,0.0,0.0,3.659749984741211,0.40078458189964294,-0.07750795781612396,4.028967380523682,-0.13765765726566315
172.38600158691406,0.0,0.0,0.0,1.7246851921081543,-0.09268911182880402,0.23423489928245544,2.074453830718994,0.22702878713607788
641.9500122070312,0.0,0.0,0.0,1.9411795139312744,0.22112254798412323,-0.32621073722839355,2.301037311553955,-0.3968046009540558
509.2900085449219,0.0,0.0,0.0,3.2985599040985107,-0.369286447763443,0.19207438826560974,2.9204609394073486,0.11352002620697021
617.9500122070312,0.0,0.0,0.0,1.2585980892181396,0.03818204998970032,-0.07560281455516815,1.459030032157898,-0.07917926460504532
1028.302001953125,0.0,0.0,0.0,2.7050745487213135,0.9223107099533081,-0.6443689465522766,2.202578544616699,-0.574174165725708
498.2659912109375,0.0,0.0,0.0,2.65254807472229,-0.3422560691833496,0.22486209869384766,2.767040967941284,0.26442819833755493
143.91000366210938,0.0,0.0,0.0,3.2462925910949707,0.11659310758113861,-0.11712577939033508,3.6309597492218018,-0.02858714386820793
515.6019897460938,0.0,0.0,0.0,4.266433238983154,-0.3696898818016052,0.04708771035075188,4.467031955718994,0.02896711230278015
457.2380065917969,0.0,0.0,0.0,2.003329277038574,-0.005918354727327824,-0.027504220604896545,2.180201530456543,0.009264957159757614
576.52197265625,0.0,0.0,0.0,3.070157289505005,0.7400757670402527,-0.6228234171867371,2.4319753646850586,-0.6526467800140381
349.75799560546875,0.0,0.0,0.0,2.9685869216918945,0.42284613847732544,-0.24895480275154114,3.045124053955078,-0.20689243078231812
514.9860229492188,0.0,0.0,0.0,4.062331676483154,-0.33772775530815125,0.052626628428697586,4.370297431945801,0.0810035690665245
499.8739929199219,0.0,0.0,0.0,2.162698745727539,-0.23121924698352814,0.2556779086589813,2.0192596912384033,0.2464924454689026
389.2460021972656,0.0,0.0,0.0,3.1796514987945557,-0.3567845821380615,0.08058004081249237,3.0829155445098877,0.07856065034866333
1028.4019775390625,0.0,0.0,0.0,2.529364824295044,0.9218111634254456,-0.681186854839325,2.148730516433716,-0.6147237420082092
847.2940063476562,0.0,0.0,0.0,4.291317462921143,0.26426202058792114,-0.07486671209335327,3.9202640056610107,-0.26443392038345337
198.11000061035156,0.0,0.0,0.0,4.5721211433410645,-0.2868736982345581,0.020132478326559067,4.514144420623779,-0.01973138190805912
839.0780029296875,0.0,0.0,0.0,1.2077330350875854,0.0833330973982811,-0.23695389926433563,1.480189323425293,-0.2640465795993805
1034.446044921875,0.0,0.0,0.0,3.5702872276306152,0.6712254285812378,-0.3240046501159668,4.1035943031311035,-0.330289751291275
732.8660278320312,0.0,0.0,0.0,4.0482001304626465,-0.7343813180923462,0.22512570023536682,3.840085506439209,0.24757017195224762
713.0780029296875,0.0,0.0,0.0,3.8077778816223145,0.5053897500038147,0.02623721770942211,3.771024465560913,0.2132859230041504
870.3980102539062,0.0,0.0,0.0,3.6953744888305664,0.786780834197998,-0.2745293974876404,4.322360992431641,-0.2836241126060486
730.010009765625,0.0,0.0,0.0,3.728425979614258,-0.23884902894496918,0.13793200254440308,3.962740421295166,0.12794286012649536
800.0419921875,0.0,0.0,0.0,3.8611185550689697,0.8479433655738831,-0.3522539734840393,4.194146156311035,-0.3120418190956116
481.1260070800781,0.0,0.0,0.0,3.757816791534424,0.6608269214630127,-0.30205705761909485,3.9819774627685547,-0.2796440124511719
885.8779907226562,0.0,0.0,0.0,3.590696334838867,0.24473853409290314,-0.09749766439199448,3.3523108959198,-0.0952271968126297
262.7860107421875,0.0,0.0,0.0,2.8156771659851074,-0.05687792971730232,0.03506555035710335,2.192155599594116,-0.048761036247015
664.2739868164062,0.0,0.0,0.0,3.664126396179199,-0.5132151246070862,0.16791020333766937,4.083121299743652,0.15234290063381195
285.5379943847656,0.0,0.0,0.0,4.304224491119385,-0.19939550757408142,0.013231590390205383,4.323906898498535,0.03308892622590065
746.1220092773438,0.0,0.0,0.0,4.260619163513184,-0.42561060190200806,0.08703054487705231,4.200399875640869,0.1384703367948532
220.14199829101562,0.0,0.0,0.0,3.1926538944244385,0.6464217305183411,-0.4016041159629822,3.7176930904388428,-0.36045536398887634
966.0180053710938,0.0,0.0,0.0,2.811368465423584,0.47009971737861633,-0.27888840436935425,2.617961883544922,-0.20385150611400604
986.4860229492188,0.0,0.0,0.0,3.2357022762298584,0.5071591138839722,-0.032738976180553436,3.2046091556549072,0.16293366253376007
894.4019775390625,0.0,0.0,0.0,1.8260865211486816,-0.3344680666923523,0.5193045735359192,2.0722672939300537,0.4783287048339844
465.3500061035156,0.0,0.0,0.0,2.8695449829101562,-0.5707578063011169,0.42923057079315186,3.3964593410491943,0.4182729423046112
702.6099853515625,0.0,0.0,0.0,2.858182191848755,0.43687278032302856,-0.30365806818008423,3.23114275932312,-0.2588003873825073
190.7899932861328,0.0,0.0,0.0,1.6856471300125122,-0.249130517244339,0.41304826736450195,1.8230929374694824,0.4078848361968994
390.25799560546875,0.0,0.0,0.0,2.998399257659912,-0.07074951380491257,-0.016757162287831306,3.3861312866210938,-0.02895808033645153
655.6380004882812,0.0,0.0,0.0,2.3014771938323975,-0.5103054046630859,0.4702342748641968,2.908804178237915,0.5449932217597961
778.4459838867188,0.0,0.0,0.0,2.8654918670654297,0.07850736379623413,-0.0273640938103199,2.912017583847046,-0.025470376014709473
341.8739929199219,0.0,0.0,0.0,1.6960818767547607,0.1193954348564148,-0.19709178805351257,1.9465080499649048,-0.1477295458316803
1023.2340087890625,0.0,0.0,0.0,4.457968711853027,-0.04678787663578987,0.011177734471857548,4.634203910827637,-0.012817160226404667
791.6179809570312,0.0,0.0,0.0,4.193348407745361,0.47200390696525574,-0.09417660534381866,3.901236057281494,-0.057973600924015045
727.4860229492188,0.0,0.0,0.0,2.7812609672546387,-0.09132655709981918,0.1699059158563614,2.9498345851898193,0.14819344878196716
303.5899963378906,0.0,0.0,0.0,1.9979296922683716,-0.16476650536060333,0.3058041036128998,2.2472691535949707,0.23401495814323425
398.8940124511719,0.0,0.0,0.0,3.207054376602173,0.7153459787368774,-0.44734522700309753,3.6546742916107178,-0.4192390441894531
215.3780059814453,0.0,0.0,0.0,2.720182180404663,0.08469253033399582,-0.08668667078018188,2.2500836849212646,-0.1298540234565735
287.37799072265625,0.0,0.0,0.0,4.428425312042236,-0.14098495244979858,0.11823874711990356,4.264004230499268,0.24409744143486023
274.4100036621094,0.0,0.0,0.0,2.8755643367767334,0.04701852425932884,-0.04822922870516777,2.8049988746643066,-0.11382025480270386
964.0460205078125,0.0,0.0,0.0,3.2284858226776123,0.9188713431358337,-0.5384499430656433,3.3317184448242188,-0.446030855178833
604.2100219726562,0.0,0.0,0.0,3.063764810562134,-0.8119259476661682,0.5124865770339966,3.6566195487976074,0.6457960605621338
559.5499877929688,0.0,0.0,0.0,2.634244680404663,0.7782078981399536,-0.6270192861557007,3.188155174255371,-0.6053929924964905
297.85400390625,0.0,0.0,0.0,1.8988350629806519,0.4102420508861542,-0.5217331647872925,2.27557635307312,-0.574301540851593
376.6419982910156,0.0,0.0,0.0,3.8455326557159424,-0.33574485778808594,0.09539661556482315,4.160109519958496,0.08603787422180176
286.9339904785156,0.0,0.0,0.0,4.4813690185546875,-0.11495912820100784,0.011930640786886215,4.500814437866211,0.08802807331085205
508.8139953613281,0.0,0.0,0.0,3.51636004447937,-0.26834967732429504,0.17063811421394348,3.1891701221466064,0.12348540872335434
455.6419982910156,0.0,0.0,0.0,2.5693063735961914,0.007651446852833033,0.005830125417560339,2.4656498432159424,-0.03924165666103363
971.614013671875,0.0,0.0,0.0,3.3329713344573975,0.43015730381011963,-0.17388010025024414,3.5284438133239746,-0.19115252792835236
487.2820129394531,0.0,0.0,0.0,3.7246556282043457,0.6786849498748779,-0.2643066346645355,4.005865097045898,-0.33679094910621643
830.4660034179688,0.0,0.0,0.0,3.701268434524536,0.3083902597427368,-0.1319366842508316,3.983769655227661,-0.10425812751054764
591.4819946289062,0.0,0.0,0.0,2.8966519832611084,0.06785448640584946,-0.28970304131507874,3.185816526412964,-0.2615790069103241
851.0260009765625,0.0,0.0,0.0,2.0005624294281006,0.18740789592266083,-0.09697275608778,2.154510974884033,-0.04244137555360794
165.58999633789062,0.0,0.0,0.0,1.7476332187652588,0.3396162688732147,-0.5137889385223389,2.077192544937134,-0.5705381631851196
727.0700073242188,0.0,0.0,0.0,2.6096699237823486,-0.06658158451318741,0.14777304232120514,2.875321388244629,0.14838075637817383
459.93798828125,0.0,0.0,0.0,3.274226427078247,-0.13222914934158325,-0.03297954797744751,3.4396934509277344,0.0164813082665205
351.5220031738281,0.0,0.0,0.0,2.716954469680786,0.24889597296714783,-0.10905507951974869,2.826990842819214,-0.14215561747550964
927.4099731445312,0.0,0.0,0.0,4.090713977813721,-0.42537009716033936,0.061008520424366,4.59255838394165,0.057645030319690704
987.5419921875,0.0,0.0,0.0,3.034430742263794,-0.1548316329717636,0.21049383282661438,2.7378008365631104,0.16866032779216766
1004.4739990234375,0.0,0.0,0.0,3.8420679569244385,-0.8583105802536011,0.2621467411518097,4.1540069580078125,0.24362312257289886
378.8179931640625,0.0,0.0,0.0,3.815077066421509,-0.09135377407073975,0.046297941356897354,3.4577765464782715,0.0596335306763649
628.0900268554688,0.0,0.0,0.0,3.5674381256103516,0.8110905885696411,-0.3658766746520996,3.928764820098877,-0.4149177372455597
816.3099975585938,0.0,0.0,0.0,1.9878629446029663,-0.12307712435722351,0.07796798646450043,2.4251906871795654,0.09843482822179794
687.0180053710938,0.0,0.0,0.0,3.2198712825775146,-0.34241217374801636,0.13136552274227142,3.5988399982452393,0.13925226032733917
690.614013671875,0.0,0.0,0.0,3.891993284225464,-0.6522447466850281,0.21247276663780212,4.270962715148926,0.19559262692928314
653.6820068359375,0.0,0.0,0.0,2.2851402759552,-0.4375569820404053,0.4944173991680145,2.1832475662231445,0.48948726058006287
826.47802734375,0.0,0.0,0.0,2.510098457336426,0.48934945464134216,-0.40814268589019775,2.6410303115844727,-0.3972867429256439
626.8499755859375,0.0,0.0,0.0,3.124314069747925,0.5973031520843506,-0.44003915786743164,3.3521931171417236,-0.45476996898651123
300.6499938964844,0.0,0.0,0.0,2.0270602703094482,0.5844614505767822,-0.5548901557922363,2.163445472717285,-0.5767973065376282
168.38999938964844,0.0,0.0,0.0,2.1214256286621094,0.5292129516601562,-0.5794640779495239,2.3965227603912354,-0.5694491267204285
412.96600341796875,0.0,0.0,0.0,2.84486985206604,0.5767695307731628,-0.34659868478775024,3.277946949005127,-0.3780609667301178
702.2020263671875,0.0,0.0,0.0,2.8290300369262695,0.45040786266326904,-0.3008946478366852,2.9107580184936523,-0.3018007278442383
1009.5380249023438,0.0,0.0,0.0,3.941671371459961,-0.8272870182991028,0.29282262921333313,4.462975025177002,0.28465619683265686
637.8099975585938,0.0,0.0,0.0,2.6049444675445557,-0.12931913137435913,0.06719409674406052,2.4432389736175537,0.04468525946140289
175.4459991455078,0.0,0.0,0.0,3.062772035598755,-0.49060773849487305,0.2906566858291626,3.835787773132324,0.33954715728759766
140.91000366210938,0.0,0.0,0.0,2.872252941131592,0.22203555703163147,-0.07170301675796509,2.935053586959839,-0.11614073812961578
363.8380126953125,0.0,0.0,0.0,2.5692615509033203,-0.5589187145233154,0.39476439356803894,3.1200296878814697,0.49826133251190186
886.5339965820312,0.0,0.0,0.0,3.2417287826538086,0.15240567922592163,0.033201828598976135,2.9040653705596924,0.11181572079658508
233.08999633789062,0.0,0.0,0.0,1.7964227199554443,0.3511936068534851,-0.39908021688461304,2.0502357482910156,-0.39873969554901123
774.43798828125,0.0,0.0,0.0,4.10161018371582,0.8331705927848816,-0.24321714043617249,4.592861175537109,-0.23390981554985046
758.030029296875,0.0,0.0,0.0,2.263028144836426,0.07097707688808441,-0.12814676761627197,2.2848684787750244,-0.04816290736198425
160.3780059814453,0.0,0.0,0.0,1.7824417352676392,0.396315336227417,-0.6090177893638611,2.003774642944336,-0.6205476522445679
940.0659790039062,0.0,0.0,0.0,1.7614521980285645,-0.29840928316116333,0.4602719247341156,2.070350170135498,0.4973106384277344
614.4180297851562,0.0,0.0,0.0,2.912086009979248,-0.5076232552528381,0.24923205375671387,2.4770021438598633,0.2634371519088745
308.4419860839844,0.0,0.0,0.0,4.184273719787598,-0.35310691595077515,0.054746974259614944,4.432162284851074,0.07049644738435745
897.2100219726562,0.0,0.0,0.0,3.4013257026672363,-0.7523481845855713,0.39353638887405396,4.183050155639648,0.40734001994132996
323.7139892578125,0.0,0.0,0.0,2.1899611949920654,0.34469494223594666,-0.4633975028991699,2.6211397647857666,-0.534570574760437
824.7420043945312,0.0,0.0,0.0,2.8264074325561523,0.22489851713180542,-0.3856537342071533,2.4783616065979004,-0.48542529344558716
617.469970703125,0.0,0.0,0.0,0.8152377009391785,0.017310289666056633,-0.07787198573350906,1.1232147216796875,-0.060541510581970215
640.2459716796875,0.0,0.0,0.0,1.7271428108215332,-0.010813167318701744,-0.008054775185883045,1.654441475868225,0.02155439741909504
815.6699829101562,0.0,0.0,0.0,2.0798680782318115,-0.20800404250621796,0.04066576808691025,2.0600380897521973,0.07423460483551025
960.5020141601562,0.0,0.0,0.0,4.045340538024902,0.39670369029045105,-0.09619148075580597,4.224343776702881,-0.04392814263701439
649.9500122070312,0.0,0.0,0.0,2.8222334384918213,0.147848442196846,-0.13587839901447296,3.232020616531372,-0.12435085326433182
475.10198974609375,0.0,0.0,0.0,2.5062415599823,0.03478831797838211,-0.07601287215948105,2.4018516540527344,-0.06713952124118805
892.2420043945312,0.0,0.0,0.0,1.7057883739471436,-0.34461456537246704,0.4666178822517395,1.9995837211608887,0.5429659485816956
821.4019775390625,0.0,0.0,0.0,3.358933210372925,-0.7539311647415161,0.37763500213623047,4.050800800323486,0.38020896911621094
691.8579711914062,0.0,0.0,0.0,4.279054641723633,-0.47477030754089355,0.1062856912612915,4.190249919891357,0.0892140343785286
899.1259765625,0.0,0.0,0.0,2.4075751304626465,-1.1700867414474487,0.7969663739204407,2.785456895828247,0.6873098015785217
165.50999450683594,0.0,0.0,0.0,1.7203097343444824,0.33909478783607483,-0.5175254940986633,1.952008843421936,-0.47758159041404724
682.3380126953125,0.0,0.0,0.0,-0.03931374102830887,-0.0004502595402300358,-0.001475454424507916,0.0,0.0
868.14599609375,0.0,0.0,0.0,3.2952675819396973,0.8820830583572388,-0.622344970703125,3.378166913986206,-0.7226711511611938
544.43798828125,0.0,0.0,0.0,3.5960536003112793,-0.7872514128684998,0.37244534492492676,3.9284517765045166,0.3739277720451355
789.3140258789062,0.0,0.0,0.0,4.013798713684082,0.7565678954124451,-0.27968570590019226,4.370102882385254,-0.30005601048469543
907.4459838867188,0.0,0.0,0.0,2.5141632556915283,0.43824946880340576,-0.3981638550758362,3.0486862659454346,-0.44808992743492126
228.66600036621094,0.0,0.0,0.0,1.786544919013977,0.3210497498512268,-0.4381987750530243,1.8992927074432373,-0.3932020664215088
826.2459716796875,0.0,0.0,0.0,2.4763410091400146,0.49038541316986084,-0.5006575584411621,2.768730401992798,-0.45154494047164917
598.4500122070312,0.0,0.0,0.0,4.50111722946167,-0.385112464427948,0.1044253334403038,4.44169807434082,0.08104106783866882
364.0220031738281,0.0,0.0,0.0,2.6677355766296387,-0.5620850324630737,0.4291209280490875,2.9882819652557373,0.4420783519744873
1030.489990234375,0.0,0.0,0.0,1.9171699285507202,0.45121297240257263,-0.5546665787696838,1.9772069454193115,-0.5887162089347839
926.4819946289062,0.0,0.0,0.0,3.877408266067505,-0.5933753252029419,0.11818980425596237,4.485682964324951,0.1203058660030365
201.99400329589844,0.0,0.0,0.0,4.631923675537109,-0.037117473781108856,0.0020595623645931482,4.786387920379639,-0.017162397503852844
167.30599975585938,0.0,0.0,0.0,1.7855645418167114,0.48320749402046204,-0.6974058151245117,1.952637791633606,-0.5360468626022339
716.1820068359375,0.0,0.0,0.0,3.13909649848938,-0.533723771572113,0.29371941089630127,3.265855550765991,0.182914137840271
423.406005859375,0.0,0.0,0.0,4.032922744750977,0.7177732586860657,-0.3303568661212921,4.060544490814209,-0.27585211396217346
871.72998046875,0.0,0.0,0.0,4.087988376617432,0.6380038857460022,-0.15340957045555115,4.137646675109863,-0.1522035002708435
1021.3740234375,0.0,0.0,0.0,4.226139068603516,-0.02719034254550934,-0.059858325868844986,4.600439071655273,-0.008630680851638317
702.3060302734375,0.0,0.0,0.0,2.8212497234344482,0.44630709290504456,-0.2906705141067505,3.0997564792633057,-0.2958625853061676
177.78199768066406,0.0,0.0,0.0,3.128373146057129,-0.2962605655193329,0.09879453480243683,2.9486844539642334,0.0562361478805542
182.8780059814453,0.0,0.0,0.0,3.1892261505126953,-0.6604485511779785,0.38228413462638855,3.7794277667999268,0.3804144561290741
644.7420043945312,0.0,0.0,0.0,3.3508872985839844,0.5557006597518921,-0.30750149488449097,3.9183671474456787,-0.2660119831562042
300.7980041503906,0.0,0.0,0.0,2.0034422874450684,0.5514519214630127,-0.553051233291626,2.1298084259033203,-0.6376070380210876
1015.8579711914062,0.0,0.0,0.0,3.4793813228607178,0.05939292535185814,-0.007152565289288759,3.8558502197265625,0.00443810923025012
403.95001220703125,0.0,0.0,0.0,2.667125940322876,0.09878262132406235,-0.019851716235280037,2.31937575340271,-0.003109108190983534
834.4019775390625,0.0,0.0,0.0,3.5316834449768066,0.8411064147949219,-0.5609279870986938,3.2095391750335693,-0.5383490920066833
349.10198974609375,0.0,0.0,0.0,2.83363676071167,0.4056020677089691,-0.22754023969173431,3.1016910076141357,-0.24530062079429626
677.72998046875,0.0,0.0,0.0,2.129687547683716,-0.6374952793121338,0.7641050219535828,2.3593101501464844,0.7118940949440002
914.9580078125,0.0,0.0,0.0,4.630804538726807,-0.22509805858135223,0.07216554880142212,4.9035234451293945,0.016536599025130272
271.5740051269531,0.0,0.0,0.0,3.678961753845215,0.05086906626820564,-0.0446370430290699,3.5480666160583496,0.015651877969503403
723.4140014648438,0.0,0.0,0.0,3.754406213760376,0.03857382759451866,0.010869519785046577,3.6769826412200928,-0.011118460446596146
410.67401123046875,0.0,0.0,0.0,2.440958023071289,0.26059961318969727,-0.14753568172454834,2.5615570545196533,-0.13170039653778076
435.35400390625,0.0,0.0,0.0,3.167553424835205,0.2263326793909073,-0.16080044209957123,3.172070264816284,-0.1306130290031433
880.8779907226562,0.0,0.0,0.0,2.2088429927825928,0.48253655433654785,-0.5641873478889465,2.5585665702819824,-0.5015835165977478
722.9539794921875,0.0,0.0,0.0,3.94736385345459,0.07628501206636429,-0.005813295487314463,3.8533942699432373,-0.01108850073069334
587.6740112304688,0.0,0.0,0.0,1.9788966178894043,-0.5757540464401245,0.6018158793449402,1.8060970306396484,0.5365932583808899
435.1419982910156,0.0,0.0,0.0,3.2516441345214844,0.23749899864196777,-0.09509233385324478,2.8940539360046387,-0.16149824857711792
726.9459838867188,0.0,0.0,0.0,2.566274881362915,-0.04142843931913376,0.14584340155124664,2.8199844360351562,0.1282484531402588
1027.5260009765625,0.0,0.0,0.0,3.9477460384368896,0.7596965432167053,-0.3593139350414276,3.725846767425537,-0.3967287838459015
271.77801513671875,0.0,0.0,0.0,3.6620447635650635,0.06539471447467804,-0.1083880290389061,3.989954948425293,-0.05726170167326927
887.3740234375,0.0,0.0,0.0,2.66517972946167,-0.35990339517593384,0.43350884318351746,2.628498077392578,0.3766506314277649
411.5379943847656,0.0,0.0,0.0,2.6855430603027344,0.3751681447029114,-0.2499559223651886,2.6617913246154785,-0.19584128260612488
720.2020263671875,0.0,0.0,0.0,3.8700366020202637,0.2886938154697418,-0.14001737534999847,4.229159355163574,-0.18837450444698334
169.95399475097656,0.0,0.0,0.0,1.9574196338653564,0.5950859189033508,-0.7273471355438232,2.0992963314056396,-0.7189072370529175
860.177978515625,0.0,0.0,0.0,3.3175950050354004,-0.692808210849762,0.38280242681503296,4.081042766571045,0.38235700130462646
606.3419799804688,0.0,0.0,0.0,3.9134480953216553,-0.7982093691825867,0.31127434968948364,4.419137001037598,0.2683711647987366
266.65399169921875,0.0,0.0,0.0,1.5308557748794556,-0.23299434781074524,0.4038044214248657,1.5022461414337158,0.3966151773929596
573.4860229492188,0.0,0.0,0.0,4.487410068511963,0.3920039236545563,-0.0782712921500206,4.321953296661377,-0.019875383004546165
1012.9180297851562,0.0,0.0,0.0,4.481350421905518,-0.33964917063713074,0.0728461742401123,4.9825544357299805,0.08984939754009247
237.61399841308594,0.0,0.0,0.0,3.373852252960205,-0.49734193086624146,0.20207947492599487,3.6058077812194824,0.23807421326637268
289.1820068359375,0.0,0.0,0.0,2.3827781677246094,-0.8575177788734436,0.5906847715377808,2.9684009552001953,0.7512255311012268
798.4500122070312,0.0,0.0,0.0,3.5840699672698975,0.2783931791782379,-0.18405039608478546,3.6872384548187256,-0.15735624730587006
630.2020263671875,0.0,0.0,0.0,4.025994300842285,0.8135724067687988,-0.2769612669944763,4.587687969207764,-0.2671939432621002
703.3579711914062,0.0,0.0,0.0,2.8389365673065186,0.3807032108306885,-0.22950422763824463,2.930529832839966,-0.20776429772377014
811.0980224609375,0.0,0.0,0.0,4.154387474060059,0.5343285799026489,-0.1448405236005783,4.141408443450928,-0.11689770221710205
488.6059875488281,0.0,0.0,0.0,3.5256223678588867,0.7515297532081604,-0.3436959683895111,3.8190083503723145,-0.2865605056285858
242.88600158691406,0.0,0.0,0.0,1.950464129447937,-0.24044431746006012,0.3491000235080719,2.062023401260376,0.35898762941360474
235.08200073242188,0.0,0.0,0.0,2.3322434425354004,-0.2767845094203949,0.38420426845550537,2.6167447566986084,0.35100045800209045
1016.5139770507812,0.0,0.0,0.0,3.4368233680725098,-0.014476880431175232,0.07494603842496872,4.023476600646973,0.017375143244862556
876.5339965820312,0.0,0.0,0.0,1.8316742181777954,0.11018203943967819,-0.15616053342819214,1.5500822067260742,-0.16440105438232422
937.030029296875,0.0,0.0,0.0,1.9005534648895264,0.06396090239286423,-0.033524930477142334,1.8854498863220215,-0.0016184343257918954
495.4179992675781,0.0,0.0,0.0,2.024857521057129,-0.34537070989608765,0.41501086950302124,2.3108208179473877,0.4195048213005066
772.9140014648438,0.0,0.0,0.0,4.0531439781188965,0.7011099457740784,-0.30841222405433655,4.190304756164551,-0.4399073123931885
925.6099853515625,0.0,0.0,0.0,3.518075942993164,-0.69044029712677,0.28814589977264404,4.270969390869141,0.29114747047424316
541.1740112304688,0.0,0.0,0.0,4.246930122375488,-0.4573482275009155,0.15969295799732208,4.13811731338501,0.2596699893474579
360.9779968261719,0.0,0.0,0.0,2.4303982257843018,-0.3097915053367615,0.41899222135543823,1.9988561868667603,0.425109326839447
737.5659790039062,0.0,0.0,0.0,3.18691349029541,-0.4425152838230133,0.2155533730983734,3.464137315750122,0.25189009308815
429.91400146484375,0.0,0.0,0.0,2.433725118637085,-0.13617905974388123,0.04981735721230507,2.1145575046539307,-0.0059528895653784275
768.2059936523438,0.0,0.0,0.0,3.6262691020965576,0.23006059229373932,-0.04407195374369621,3.7018024921417236,-0.05991823598742485
931.6859741210938,0.0,0.0,0.0,3.289212942123413,0.8392698764801025,-0.45859554409980774,3.6775219440460205,-0.47592875361442566
941.9299926757812,0.0,0.0,0.0,2.564098596572876,-0.5363034009933472,0.5220834016799927,2.9279532432556152,0.5402624607086182
148.64999389648438,0.0,0.0,0.0,3.748288631439209,0.022687740623950958,-0.07085784524679184,3.323535919189453,-0.17180916666984558
528.469970703125,0.0,0.0,0.0,1.617335557937622,0.17201928794384003,-0.12692539393901825,1.8649730682373047,-0.20428535342216492
813.4219970703125,0.0,0.0,0.0,3.4315414428710938,-0.373455286026001,0.21260225772857666,3.139035224914551,0.26502543687820435
566.0819702148438,0.0,0.0,0.0,4.704011917114258,0.08509744703769684,-0.02426201105117798,4.8246235847473145,-0.00818529725074768
776.6539916992188,0.0,0.0,0.0,3.991180419921875,0.20953737199306488,-0.00407820800319314,3.724882125854492,0.06622442603111267
1027.0780029296875,0.0,0.0,0.0,4.180566787719727,0.7381457686424255,-0.24413174390792847,4.15828275680542,-0.2504807710647583
440.802001953125,0.0,0.0,0.0,1.5411659479141235,-0.04596329852938652,-0.07492362707853317,1.4249227046966553,-0.11452833563089371
911.02197265625,0.0,0.0,0.0,4.226150989532471,-0.036730289459228516,0.04368583485484123,4.544998645782471,-0.012682253494858742
284.2980041503906,0.0,0.0,0.0,4.001920700073242,-0.40255066752433777,0.12919050455093384,4.321897506713867,0.0625419095158577
618.6420288085938,0.0,0.0,0.0,1.5289747714996338,0.03798345848917961,-0.07536047697067261,1.627876877784729,-0.07067058235406876
880.7420043945312,0.0,0.0,0.0,2.1376354694366455,0.4496246874332428,-0.5592617988586426,2.591125249862671,-0.6125932931900024
401.6419982910156,0.0,0.0,0.0,3.7979836463928223,0.49632400274276733,-0.07067887485027313,3.769533395767212,-0.1144021674990654
891.6740112304688,0.0,0.0,0.0,2.108647584915161,-0.4059993624687195,0.41922926902770996,2.095316171646118,0.4416863024234772
849.3099975585938,0.0,0.0,0.0,2.3769242763519287,0.47390028834342957,-0.30458077788352966,2.226851224899292,-0.239595428109169
907.9140014648438,0.0,0.0,0.0,2.794862747192383,0.5209653973579407,-0.3667074143886566,3.1166107654571533,-0.43989071249961853
630.6060180664062,0.0,0.0,0.0,4.090022087097168,0.73513263463974,-0.16664592921733856,4.408700942993164,-0.13272888958454132
234.7740020751953,0.0,0.0,0.0,2.1860673427581787,-0.18091845512390137,0.29180940985679626,2.4498324394226074,0.38906097412109375
495.7460021972656,0.0,0.0,0.0,2.134824275970459,-0.3594582676887512,0.4353851079940796,2.433389902114868,0.3938143253326416
446.8219909667969,0.0,0.0,0.0,3.3470003604888916,0.5225532650947571,-0.18960051238536835,3.5772905349731445,-0.16709348559379578
1008.1179809570312,0.0,0.0,0.0,4.006758689880371,-0.6608242988586426,0.22792425751686096,4.459401607513428,0.2995677888393402
1031.93798828125,0.0,0.0,0.0,2.121960163116455,0.492828369140625,-0.5360198020935059,2.414144992828369,-0.5876361131668091
556.64599609375,0.0,0.0,0.0,1.797408103942871,0.4249153137207031,-0.5779683589935303,2.020420789718628,-0.5674622654914856
836.2780151367188,0.0,0.0,0.0,3.4527029991149902,0.8705977201461792,-0.41147580742836,0.0,0.0
682.6539916992188,0.0,0.0,0.0,-0.009521066211163998,-0.00011915623326785862,0.0006039772997610271,0.0,0.0
689.8820190429688,0.0,0.0,0.0,3.592184543609619,-0.7343571186065674,0.2580886483192444,3.9323511123657227,0.2514002025127411
716.8179931640625,0.0,0.0,0.0,3.0379748344421387,-0.3975479304790497,0.09010353684425354,3.2101311683654785,0.017575794830918312
1033.5260009765625,0.0,0.0,0.0,3.0316176414489746,0.6734582185745239,-0.4416041970252991,3.7775280475616455,-0.48322662711143494
654.989990234375,0.0,0.0,0.0,2.0889716148376465,-0.4865659475326538,0.5233705639839172,2.2729973793029785,0.471268892288208
857.9459838867188,0.0,0.0,0.0,2.0332489013671875,-0.43243223428726196,0.5750757455825806,2.3523542881011963,0.5646849870681763
428.19000244140625,0.0,0.0,0.0,3.5084424018859863,-0.395862340927124,0.1529974490404129,2.8157098293304443,0.07372651994228363
324.5899963378906,0.0,0.0,0.0,2.7072057723999023,0.5183051824569702,-0.4055696427822113,3.198403835296631,-0.42937836050987244
828.114013671875,0.0,0.0,0.0,2.8141019344329834,0.3841315805912018,-0.2545369863510132,3.0070688724517822,-0.18616695702075958
279.4779968261719,0.0,0.0,0.0,3.218604564666748,-0.4299902021884918,0.179229274392128,3.320462703704834,0.1567230224609375
347.3500061035156,0.0,0.0,0.0,2.5997977256774902,0.2499377280473709,-0.08654716610908508,2.2768356800079346,-0.08913861960172653
323.1180114746094,0.0,0.0,0.0,1.8419522047042847,0.29392585158348083,-0.43115055561065674,2.0374083518981934,-0.4037478268146515
699.9099731445312,0.0,0.0,0.0,2.979386806488037,-0.4686718285083771,0.2784726023674011,3.3214383125305176,0.11360751837491989
300.4179992675781,0.0,0.0,0.0,2.041757345199585,0.6344931125640869,-0.7029585242271423,2.1985979080200195,-0.5950743556022644
771.4660034179688,0.0,0.0,0.0,4.271754264831543,0.048413582146167755,-0.0035482081584632397,4.8292741775512695,0.014795429073274136
829.926025390625,0.0,0.0,0.0,3.570909023284912,0.3418863117694855,-0.15153264999389648,3.977205276489258,-0.1320951282978058
164.9459991455078,0.0,0.0,0.0,1.679618239402771,0.34915292263031006,-0.5514479279518127,1.8070985078811646,-0.5174821019172668
703.7780151367188,0.0,0.0,0.0,2.7567696571350098,0.3726259171962738,-0.2954263985157013,2.3268494606018066,-0.3146778345108032
795.5419921875,0.0,0.0,0.0,2.8329315185546875,0.04566891863942146,-0.026123972609639168,2.7622156143188477,-0.04056549072265625
789.2059936523438,0.0,0.0,0.0,3.994757890701294,0.7594597935676575,-0.28361251950263977,4.5503458976745605,-0.29400867223739624
714.1179809570312,0.0,0.0,0.0,3.229945182800293,-0.5936232805252075,0.549327552318573,3.2246620655059814,0.5182964205741882
806.1220092773438,0.0,0.0,0.0,3.4817888736724854,0.632925808429718,-0.33187079429626465,3.888718366622925,-0.3430503308773041
147.8780059814453,0.0,0.0,0.0,4.026661396026611,0.01006524357944727,0.03559763729572296,3.9806087017059326,-0.021495992317795753
512.8499755859375,0.0,0.0,0.0,3.0870931148529053,-0.5637205243110657,0.2718776762485504,3.953512668609619,0.28836536407470703
321.74200439453125,0.0,0.0,0.0,1.5786219835281372,0.2702447175979614,-0.5618391633033752,1.6056348085403442,-0.42506611347198486
579.718017578125,0.0,0.0,0.0,3.2689027786254883,0.7293136715888977,-0.37104037404060364,3.887845039367676,-0.3827333450317383
956.7059936523438,0.0,0.0,0.0,2.8594377040863037,0.47572311758995056,-0.3919387757778168,3.0016379356384277,-0.41014859080314636
185.53399658203125,0.0,0.0,0.0,4.281607627868652,-0.4079004228115082,0.06938767433166504,4.434574127197266,0.1301349550485611
672.5460205078125,0.0,0.0,0.0,2.737471103668213,-0.5543477535247803,0.43322405219078064,3.1559627056121826,0.4120125472545624
232.76199340820312,0.0,0.0,0.0,1.7043966054916382,0.34217458963394165,-0.5819286108016968,2.028759241104126,-0.6346860527992249
558.7020263671875,0.0,0.0,0.0,2.3637218475341797,0.6782272458076477,-0.6704685688018799,2.730067729949951,-0.6855745315551758
803.1019897460938,0.0,0.0,0.0,2.935030698776245,1.002087116241455,-0.5049428939819336,3.0193121433258057,-0.42785975337028503
442.489990234375,0.0,0.0,0.0,1.6411186456680298,0.18225160241127014,-0.39843130111694336,1.781890869140625,-0.40631118416786194
602.3140258789062,0.0,0.0,0.0,2.160897731781006,-0.5097445249557495,0.5375179052352905,2.7089338302612305,0.6572542190551758
611.3699951171875,0.0,0.0,0.0,4.685187339782715,0.0880284309387207,-0.009296463802456856,4.755670547485352,-0.06193537265062332
958.43798828125,0.0,0.0,0.0,3.196028232574463,0.5711049437522888,-0.29796916246414185,3.6124022006988525,-0.3278849422931671
143.75399780273438,0.0,0.0,0.0,3.174363136291504,0.10618653893470764,-0.07615360617637634,3.5659589767456055,-0.06525030732154846
856.3779907226562,0.0,0.0,0.0,1.7179231643676758,-0.45467299222946167,0.583705723285675,1.9572327136993408,0.6318041086196899
501.9460144042969,0.0,0.0,0.0,1.7955974340438843,-0.2646893858909607,0.3917917311191559,2.122704267501831,0.46496546268463135
653.27001953125,0.0,0.0,0.0,2.7864696979522705,-0.22435122728347778,0.4449290335178375,2.3837954998016357,0.4311956465244293
989.3660278320312,0.0,0.0,0.0,2.594722270965576,-0.26790446043014526,0.27025482058525085,2.3821239471435547,0.1843479573726654
385.1099853515625,0.0,0.0,0.0,3.4678263664245605,-0.6702106595039368,0.29721927642822266,3.8118152618408203,0.16082288324832916
835.093994140625,0.0,0.0,0.0,3.145747184753418,0.9677762985229492,-0.5168464183807373,3.6782901287078857,-0.5862365365028381
438.6419982910156,0.0,0.0,0.0,2.036973714828491,0.020447220653295517,-0.050622109323740005,2.0136795043945312,-0.06125084310770035
694.8820190429688,0.0,0.0,0.0,2.0974996089935303,-0.5493624806404114,0.07991448789834976,0.0,0.0
471.4179992675781,0.0,0.0,0.0,3.738546133041382,-0.840968132019043,0.2852625250816345,3.9703598022460938,0.3822053074836731
615.302001953125,0.0,0.0,0.0,2.1464879512786865,-0.2835785448551178,0.19296503067016602,1.9157812595367432,0.20440730452537537
314.8139953613281,0.0,0.0,0.0,1.790733814239502,0.016415851190686226,0.01688171736896038,1.6343104839324951,-0.0044416082091629505
378.72198486328125,0.0,0.0,0.0,3.8486876487731934,-0.08906436711549759,0.045081160962581635,3.6404178142547607,0.009549878537654877
879.8099975585938,0.0,0.0,0.0,1.77324640750885,0.3288302719593048,-0.4878394901752472,2.1281280517578125,-0.5235198736190796
551.6900024414062,0.0,0.0,0.0,3.1146867275238037,0.2846872806549072,-0.3386840224266052,3.023894786834717,-0.3612171411514282
188.85400390625,0.0,0.0,0.0,2.9846630096435547,-0.08150187879800797,-0.037592675536870956,2.7739098072052,0.024273257702589035
784.4940185546875,0.0,0.0,0.0,3.0796477794647217,0.4301425516605377,-0.2697194218635559,3.2817277908325195,-0.2388569414615631
871.2739868164062,0.0,0.0,0.0,3.999293565750122,0.7105180025100708,-0.21494777500629425,4.181130886077881,-0.1871863305568695
877.2059936523438,0.0,0.0,0.0,1.4398560523986816,0.14333243668079376,-0.34588924050331116,1.4413726329803467,-0.345425546169281
486.8580017089844,0.0,0.0,0.0,3.688265562057495,0.6607723236083984,-0.24397405982017517,4.1994242668151855,-0.3499009609222412
978.8140258789062,0.0,0.0,0.0,3.1535439491271973,0.6299734711647034,-0.39546263217926025,3.6732914447784424,-0.42544010281562805
179.05799865722656,0.0,0.0,0.0,2.3827762603759766,-0.27263304591178894,0.37707799673080444,2.176619291305542,0.39358940720558167
410.3900146484375,0.0,0.0,0.0,2.4330694675445557,0.25099441409111023,-0.07773301005363464,2.4270875453948975,-0.1485852301120758
556.0540161132812,0.0,0.0,0.0,1.7165238857269287,0.42769622802734375,-0.554514467716217,1.9992687702178955,-0.682114839553833
173.61399841308594,0.0,0.0,0.0,2.1901328563690186,-0.3168642222881317,0.36345696449279785,2.5594000816345215,0.38665062189102173
1020.2739868164062,0.0,0.0,0.0,3.996659994125366,-0.1121458187699318,-0.020305458456277847,4.305454730987549,0.009171855635941029
893.9500122070312,0.0,0.0,0.0,1.7010023593902588,-0.30552294850349426,0.4840886890888214,1.8510377407073975,0.5584016442298889
881.0780029296875,0.0,0.0,0.0,2.3090596199035645,0.49696701765060425,-0.46608835458755493,2.704875946044922,-0.5524891018867493
1033.6619873046875,0.0,0.0,0.0,3.126525640487671,0.6853063702583313,-0.44011610746383667,3.6808226108551025,-0.4057408273220062
200.50999450683594,0.0,0.0,0.0,4.689498424530029,0.07818786054849625,-0.03421751782298088,4.897119522094727,-0.013007904402911663
228.00999450683594,0.0,0.0,0.0,1.6538151502609253,0.2688235342502594,-0.5067384839057922,1.761351466178894,-0.4766519367694855
1000.4019775390625,0.0,0.0,0.0,2.11104679107666,-0.5824001431465149,0.5106841325759888,2.237586736679077,0.5470647811889648
713.8820190429688,0.0,0.0,0.0,3.384807586669922,-0.4318438470363617,0.4692433178424835,3.1381399631500244,0.48710715770721436
810.8820190429688,0.0,0.0,0.0,4.138688564300537,0.5717522501945496,-0.2018231749534607,4.465577602386475,-0.1493150293827057
761.4660034179688,0.0,0.0,0.0,2.7286081314086914,0.33690401911735535,-0.36138176918029785,3.0666427612304688,-0.4389297664165497
958.0419921875,0.0,0.0,0.0,3.0041286945343018,0.5889745950698853,-0.38173216581344604,3.6281824111938477,-0.3887213170528412
425.2179870605469,0.0,0.0,0.0,4.299907684326172,0.6508536338806152,-0.22945450246334076,4.519960403442383,-0.21671459078788757
794.6019897460938,0.0,0.0,0.0,2.8853001594543457,0.05324280634522438,-0.002023512963205576,2.766763925552368,0.054327912628650665
607.9819946289062,0.0,0.0,0.0,4.443963527679443,-0.4391390085220337,0.1062646359205246,4.821218967437744,0.09901373833417892
820.4340209960938,0.0,0.0,0.0,3.280714988708496,-0.6702966690063477,0.4304102659225464,3.4556422233581543,0.4402456283569336
367.95001220703125,0.0,0.0,0.0,3.678844451904297,-0.7809687256813049,0.32164376974105835,4.505769729614258,0.2998073995113373
704.4500122070312,0.0,0.0,0.0,2.1631271839141846,0.47002896666526794,-0.5552048087120056,1.9333696365356445,-0.5052352547645569
552.9140014648438,0.0,0.0,0.0,2.2943108081817627,0.47872501611709595,-0.6095321178436279,2.4007644653320312,-0.5937427878379822
860.0819702148438,0.0,0.0,0.0,3.28334641456604,-0.6880466938018799,0.40182065963745117,3.7416648864746094,0.4051928222179413
669.6060180664062,0.0,0.0,0.0,1.6006416082382202,-0.1576184183359146,0.34455734491348267,1.7330254316329956,0.3880399465560913
541.9180297851562,0.0,0.0,0.0,4.035384654998779,-0.8006759881973267,0.40338563919067383,4.417524814605713,0.4001412093639374
509.6419982910156,0.0,0.0,0.0,3.1096582412719727,-0.40510842204093933,0.21045760810375214,2.465217113494873,0.1676764339208603
702.8460083007812,0.0,0.0,0.0,2.899045467376709,0.4092172682285309,-0.24741075932979584,3.071553945541382,-0.3194299042224884
643.7420043945312,0.0,0.0,0.0,2.7611920833587646,0.47825297713279724,-0.38193684816360474,3.301788091659546,-0.35488978028297424
269.3900146484375,0.0,0.0,0.0,2.2620012760162354,-0.3950555920600891,0.22328707575798035,2.7407169342041016,0.18233513832092285
378.5260009765625,0.0,0.0,0.0,3.876744508743286,-0.08221669495105743,0.0627146065235138,3.7849018573760986,0.045699700713157654
681.1019897460938,0.0,0.0,0.0,1.7321383953094482,-0.3293807804584503,0.04751965403556824,0.0,0.0
254.697998046875,0.0,0.0,0.0,4.583077907562256,-0.41666507720947266,0.07879387587308884,4.573993682861328,-0.06990978866815567
959.3660278320312,0.0,0.0,0.0,3.6002330780029297,0.519528865814209,-0.20769436657428741,3.9820404052734375,-0.2585921287536621
892.6820068359375,0.0,0.0,0.0,1.6090573072433472,-0.3176111578941345,0.5320214033126831,1.862344741821289,0.5621534585952759
746.3660278320312,0.0,0.0,0.0,4.173776149749756,-0.4314863979816437,0.1331217736005783,4.042884826660156,0.09916690737009048
728.3779907226562,0.0,0.0,0.0,3.1395697593688965,-0.13798336684703827,0.14882171154022217,3.266125202178955,0.18640419840812683
605.4219970703125,0.0,0.0,0.0,3.4803969860076904,-0.9023422002792358,0.3974812924861908,4.272797107696533,0.4571037292480469
809.72998046875,0.0,0.0,0.0,4.107518672943115,0.6614311337471008,-0.29285427927970886,4.670931816101074,-0.3165428340435028
802.5579833984375,0.0,0.0,0.0,3.456739664077759,0.9794699549674988,-0.5740242004394531,2.7254538536071777,-0.4740029275417328
1011.0180053710938,0.0,0.0,0.0,4.220412254333496,-0.757161557674408,0.21946018934249878,5.008142948150635,0.18941615521907806
554.72998046875,0.0,0.0,0.0,2.4090189933776855,0.4680541753768921,-0.49142736196517944,2.2101094722747803,-0.5251061916351318
413.1860046386719,0.0,0.0,0.0,2.915677547454834,0.6036825776100159,-0.36814451217651367,3.5667388439178467,-0.513343870639801
455.29400634765625,0.0,0.0,0.0,2.7695531845092773,0.053133342415094376,-0.015217475593090057,2.484102725982666,0.030304690822958946
460.6260070800781,0.0,0.0,0.0,3.2692666053771973,-0.09957698732614517,0.014517431147396564,3.7647292613983154,0.07703621685504913
567.3740234375,0.0,0.0,0.0,4.678322792053223,0.06228459253907204,0.03605460003018379,4.692120552062988,-0.05946218967437744
190.42599487304688,0.0,0.0,0.0,1.86113440990448,-0.224595308303833,0.34794721007347107,1.730603575706482,0.34593936800956726
825.510009765625,0.0,0.0,0.0,2.399526357650757,0.5007731914520264,-0.4673025906085968,2.7177603244781494,-0.5243300795555115
231.21800231933594,0.0,0.0,0.0,1.5934853553771973,0.2979872226715088,-0.5945141315460205,1.7073695659637451,-0.5445112586021423
951.0339965820312,0.0,0.0,0.0,4.626882076263428,0.022386979311704636,-0.026334388181567192,4.949243545532227,-0.09717109054327011
745.0339965820312,0.0,0.0,0.0,4.588571071624756,-0.20646129548549652,0.12009238451719284,4.36834716796875,0.15070201456546783
518.1220092773438,0.0,0.0,0.0,4.6192708015441895,-0.2651912569999695,-0.023763621225953102,4.8236823081970215,-0.06856044381856918
749.8259887695312,0.0,0.0,0.0,2.6798782348632812,0.23176918923854828,-0.15275411307811737,2.6316308975219727,-0.1442963182926178
607.43798828125,0.0,0.0,0.0,4.385411262512207,-0.5569778680801392,0.09894375503063202,4.367164134979248,0.08852934837341309
646.7420043945312,0.0,0.0,0.0,1.2269682884216309,0.04106920212507248,0.005776326172053814,0.0,0.0
458.7179870605469,0.0,0.0,0.0,2.7045700550079346,-0.10575246065855026,0.05078151077032089,3.024082899093628,0.037101298570632935
265.093994140625,0.0,0.0,0.0,1.2778910398483276,-0.090336874127388,0.21391351521015167,1.4652879238128662,0.23099195957183838
868.677978515625,0.0,0.0,0.0,2.9485106468200684,0.9509257674217224,-0.6062273979187012,2.976001262664795,-0.515852153301239
792.43798828125,0.0,0.0,0.0,3.8728959560394287,0.3175146281719208,-0.06540213525295258,3.5328755378723145,-0.05128473788499832
625.8779907226562,0.0,0.0,0.0,2.9088571071624756,0.35928472876548767,-0.259874165058136,3.1413145065307617,-0.26821157336235046
193.28599548339844,0.0,0.0,0.0,2.467562437057495,-0.47490376234054565,0.45823562145233154,2.902871608734131,0.4768286943435669
974.8460083007812,0.0,0.0,0.0,3.209045648574829,0.6690363883972168,-0.40612152218818665,3.187307834625244,-0.4895761013031006
203.35800170898438,0.0,0.0,0.0,4.580466270446777,0.028252841904759407,0.012191255576908588,4.695410251617432,-0.029833776876330376
940.9099731445312,0.0,0.0,0.0,1.9997222423553467,-0.36698728799819946,0.4404224455356598,2.3005616664886475,0.4955174922943115
449.30999755859375,0.0,0.0,0.0,4.005632400512695,0.32406026124954224,-0.057843077927827835,4.4354658126831055,-0.07133642584085464
782.1619873046875,0.0,0.0,0.0,2.9329044818878174,0.48297688364982605,-0.31218352913856506,3.088815212249756,-0.3061569333076477
197.86199951171875,0.0,0.0,0.0,4.5660529136657715,-0.3455164134502411,0.09751998633146286,4.673708438873291,-0.03852960467338562
534.4860229492188,0.0,0.0,0.0,2.753638982772827,0.5500158071517944,-0.378067284822464,3.367480516433716,-0.6044242978096008
509.3940124511719,0.0,0.0,0.0,3.2743451595306396,-0.3865984082221985,0.17117081582546234,2.912912607192993,0.2441255748271942
989.2659912109375,0.0,0.0,0.0,2.6345770359039307,-0.26252901554107666,0.26841995120048523,2.5319650173187256,0.24617356061935425
1022.7739868164062,0.0,0.0,0.0,4.50174617767334,-0.0346740297973156,-0.04016368091106415,4.392886638641357,0.0024195790756493807
855.9500122070312,0.0,0.0,0.0,1.9778977632522583,-0.5265958905220032,0.5964678525924683,1.7640632390975952,0.48982322216033936
673.9180297851562,0.0,0.0,0.0,2.6676318645477295,-0.8794686198234558,0.5942723751068115,2.9181246757507324,0.6196703314781189
390.7380065917969,0.0,0.0,0.0,3.090907335281372,-0.006203955039381981,-0.06622426211833954,3.420003652572632,-0.06271994113922119
470.30999755859375,0.0,0.0,0.0,3.5658602714538574,-1.0626519918441772,0.45065101981163025,4.155337810516357,0.4184451103210449
391.3179931640625,0.0,0.0,0.0,3.2859373092651367,0.09158280491828918,-0.14784349501132965,3.6634392738342285,-0.1653020977973938
697.2020263671875,0.0,0.0,0.0,0.9618702530860901,-0.03212687373161316,0.009975098073482513,1.570379614830017,0.07958617061376572
734.6740112304688,0.0,0.0,0.0,3.309908151626587,-0.4406849443912506,0.1511330008506775,3.2976841926574707,0.1529972404241562
403.302001953125,0.0,0.0,0.0,2.9753737449645996,0.18595454096794128,-0.008428526110947132,2.8931238651275635,0.058852870017290115
360.77398681640625,0.0,0.0,0.0,2.741445779800415,-0.19500970840454102,0.3823028802871704,2.158280372619629,0.39899343252182007
230.18600463867188,0.0,0.0,0.0,1.6484246253967285,0.2913830876350403,-0.5229147672653198,1.812549352645874,-0.5275766253471375
384.4419860839844,0.0,0.0,0.0,3.265349864959717,-0.6987552046775818,0.2983971834182739,3.590142250061035,0.36175402998924255
696.4019775390625,0.0,0.0,0.0,-0.023383300751447678,-0.00033345428528264165,-0.0013902225764468312,0.0,0.0
881.302001953125,0.0,0.0,0.0,2.4194183349609375,0.5365831851959229,-0.5028340220451355,2.8870346546173096,-0.5488250851631165
415.5539855957031,0.0,0.0,0.0,3.517038106918335,0.8442050814628601,-0.38171622157096863,4.0772175788879395,-0.31885895133018494
142.14199829101562,0.0,0.0,0.0,2.5975394248962402,0.11584168672561646,-0.05205222964286804,2.7152793407440186,-0.09942285716533661
514.8499755859375,0.0,0.0,0.0,4.00301456451416,-0.35604754090309143,0.052718404680490494,4.502153396606445,0.017484473064541817
551.27001953125,0.0,0.0,0.0,3.267913341522217,0.2470839023590088,-0.12753403186798096,3.625652551651001,-0.158028706908226
1033.0780029296875,0.0,0.0,0.0,2.706563711166382,0.6181707382202148,-0.48166507482528687,3.103837490081787,-0.4640713930130005
351.8699951171875,0.0,0.0,0.0,2.6833996772766113,0.22682315111160278,-0.09560663253068924,2.653937816619873,-0.17248846590518951
957.4739990234375,0.0,0.0,0.0,2.758064031600952,0.5501086711883545,-0.42785942554473877,3.228351354598999,-0.49703243374824524
1008.6699829101562,0.0,0.0,0.0,4.033647537231445,-0.7269263863563538,0.23129194974899292,4.106515407562256,0.3003828823566437
1031.550048828125,0.0,0.0,0.0,1.9865219593048096,0.4764765501022339,-0.5792888402938843,2.4134469032287598,-0.6314359307289124
998.7620239257812,0.0,0.0,0.0,2.449963331222534,-0.1444682776927948,0.34797218441963196,2.5402588844299316,0.3764515519142151
512.0180053710938,0.0,0.0,0.0,2.7838406562805176,-0.5919197201728821,0.3322465717792511,3.1232807636260986,0.3477660119533539
931.1300048828125,0.0,0.0,0.0,3.4332401752471924,0.8310924768447876,-0.5086818337440491,3.4019103050231934,-0.38061994314193726
426.010009765625,0.0,0.0,0.0,4.311939239501953,0.5774461627006531,-0.17015628516674042,4.493057727813721,-0.15372367203235626
912.010009765625,0.0,0.0,0.0,4.4531965255737305,-0.006896955892443657,0.03226907178759575,4.602594375610352,-0.004436287563294172
968.47802734375,0.0,0.0,0.0,2.1538822650909424,0.39932161569595337,-0.42945775389671326,2.234173059463501,-0.3457781672477722
1017.114013671875,0.0,0.0,0.0,3.5416009426116943,-0.10383601486682892,0.07493050396442413,3.9183666706085205,0.12116282433271408
134.4499969482422,0.0,0.0,0.0,-0.0021732388995587826,8.228608930949122e-05,0.00107229792047292,0.0,0.0
608.177978515625,0.0,0.0,0.0,4.475800037384033,-0.4285934567451477,0.11403051763772964,5.295960903167725,0.08126259595155716
488.9219970703125,0.0,0.0,0.0,3.482692003250122,0.6913946270942688,-0.29361435770988464,3.690078020095825,-0.3521626889705658
472.9739990234375,0.0,0.0,0.0,3.600938081741333,-0.4941663444042206,0.1341971755027771,3.576319932937622,0.0998506247997284
226.57400512695312,0.0,0.0,0.0,1.5037825107574463,0.17175279557704926,-0.3803774416446686,1.7170546054840088,-0.38352546095848083
818.614013671875,0.0,0.0,0.0,3.2580695152282715,-0.2720758020877838,0.12478110939264297,3.5161349773406982,0.0861336886882782
521.3820190429688,0.0,0.0,0.0,3.3073160648345947,0.8901162147521973,-0.45855745673179626,3.710824728012085,-0.4624435603618622
858.4099731445312,0.0,0.0,0.0,2.2373039722442627,-0.46542245149612427,0.5118333101272583,2.732550859451294,0.5898299813270569
710.177978515625,0.0,0.0,0.0,2.483001708984375,0.8035516738891602,-0.5794829726219177,2.9766225814819336,-0.5534047484397888
163.00999450683594,0.0,0.0,0.0,1.7678108215332031,0.38053154945373535,-0.6684667468070984,1.9488633871078491,-0.6745595932006836
250.71800231933594,0.0,0.0,0.0,3.8790109157562256,-0.918453574180603,0.46807560324668884,3.8949522972106934,0.4676651954650879
209.1540069580078,0.0,0.0,0.0,2.6632401943206787,0.5624323487281799,-0.44768649339675903,3.246912717819214,-0.5660939812660217
536.7059936523438,0.0,0.0,0.0,3.9227864742279053,0.6860820651054382,-0.2945011258125305,4.602808952331543,-0.20057740807533264
505.0740051269531,0.0,0.0,0.0,3.3544671535491943,-0.48054036498069763,0.19620540738105774,3.505385160446167,0.22049379348754883
134.81399536132812,0.0,0.0,0.0,-0.001017001224681735,0.0005542272119782865,-0.002215543296188116,0.0,0.0
910.5419921875,0.0,0.0,0.0,4.038738250732422,0.07139618694782257,0.088884636759758,4.421977996826172,0.06199941784143448
620.72998046875,0.0,0.0,0.0,1.87177574634552,0.09313031286001205,-0.08144122362136841,1.997840166091919,-0.09340528398752213
769.75,0.0,0.0,0.0,4.106021404266357,0.1507197767496109,-0.018866095691919327,4.463009357452393,0.03163348510861397
971.9539794921875,0.0,0.0,0.0,3.4067487716674805,0.42832162976264954,-0.12275651097297668,3.9727089405059814,-0.16282828152179718
145.24600219726562,0.0,0.0,0.0,3.754634380340576,0.09520682692527771,-0.08511403948068619,4.007700443267822,-0.03062056005001068
529.8259887695312,0.0,0.0,0.0,1.8112001419067383,0.21717078983783722,-0.22417281568050385,1.969491958618164,-0.18695271015167236
892.14599609375,0.0,0.0,0.0,1.7535547018051147,-0.3564766049385071,0.46312153339385986,1.6879116296768188,0.4631684720516205
843.2780151367188,0.0,0.0,0.0,2.8956329822540283,0.5906270742416382,-0.3830483853816986,3.645700454711914,-0.4144083857536316
184.00999450683594,0.0,0.0,0.0,3.8795249462127686,-0.5920015573501587,0.18545380234718323,4.303974628448486,0.23140265047550201
983.281982421875,0.0,0.0,0.0,2.4670984745025635,0.7386825084686279,-0.594261884689331,2.8197054862976074,-0.5746576189994812
266.2860107421875,0.0,0.0,0.0,1.4855291843414307,-0.2086135894060135,0.36598581075668335,1.627148151397705,0.41548770666122437
403.0979919433594,0.0,0.0,0.0,3.0718483924865723,0.22580978274345398,-0.0016703193541616201,2.6806209087371826,0.018552199006080627
588.218017578125,0.0,0.0,0.0,1.7761610746383667,-0.4678325057029724,0.5822664499282837,1.9098213911056519,0.49109742045402527
322.91400146484375,0.0,0.0,0.0,1.734688639640808,0.2898677885532379,-0.4389183223247528,2.0535638332366943,-0.41188085079193115
237.02200317382812,0.0,0.0,0.0,3.249422311782837,-0.5141777992248535,0.2631947994232178,3.3858513832092285,0.19666574895381927
832.677978515625,0.0,0.0,0.0,4.316372394561768,0.1244603842496872,-0.04221194609999657,4.294987678527832,-0.054856959730386734
265.6419982910156,0.0,0.0,0.0,1.3974894285202026,-0.13715879619121552,0.3259887099266052,1.5678865909576416,0.3650479018688202
489.75,0.0,0.0,0.0,3.2261126041412354,0.5198569893836975,-0.2948509156703949,3.4267208576202393,-0.2729586958885193
341.9779968261719,0.0,0.0,0.0,1.7468616962432861,0.1258692592382431,-0.17307832837104797,2.0157909393310547,-0.16064883768558502
866.4099731445312,0.0,0.0,0.0,4.278106689453125,-0.7204973101615906,0.1789608746767044,4.566577911376953,0.10345657169818878
741.9500122070312,0.0,0.0,0.0,4.148100852966309,-0.8187370896339417,0.20620886981487274,4.567989826202393,0.22023311257362366
910.1420288085938,0.0,0.0,0.0,3.90366530418396,0.23624657094478607,0.07074804604053497,4.3099284172058105,0.06758652627468109
191.14199829101562,0.0,0.0,0.0,1.7355594635009766,-0.27128756046295166,0.4532516300678253,1.8699661493301392,0.42887821793556213
548.9140014648438,0.0,0.0,0.0,2.639605760574341,0.20151574909687042,-0.2019292265176773,2.963658571243286,-0.24067184329032898
912.1099853515625,0.0,0.0,0.0,4.453134059906006,-0.018395202234387398,0.008505894802510738,4.6621551513671875,0.1263943463563919
852.2139892578125,0.0,0.0,0.0,2.605201005935669,-0.1311396360397339,0.15314391255378723,2.8031022548675537,0.20850467681884766
788.469970703125,0.0,0.0,0.0,3.8121161460876465,0.714309573173523,-0.32539841532707214,4.295156002044678,-0.3369189500808716
336.3059997558594,0.0,0.0,0.0,2.389963388442993,0.4424087405204773,-0.3039233088493347,2.558871030807495,-0.3006109297275543
400.77801513671875,0.0,0.0,0.0,3.7297475337982178,0.7164466977119446,-0.18592965602874756,3.7784788608551025,-0.15966124832630157
160.99000549316406,0.0,0.0,0.0,1.700285792350769,0.3870548605918884,-0.6024349331855774,1.9045041799545288,-0.6046802997589111
202.5540008544922,0.0,0.0,0.0,4.634491920471191,-0.01702979952096939,0.0021146810613572598,4.5715413093566895,0.02010202966630459
367.5220031738281,0.0,0.0,0.0,3.4210422039031982,-0.8252897262573242,0.4073239862918854,4.295690059661865,0.4403759837150574
557.27001953125,0.0,0.0,0.0,1.9136625528335571,0.41895535588264465,-0.5241377353668213,2.2740535736083984,-0.5234683752059937
504.3819885253906,0.0,0.0,0.0,2.970470666885376,-0.5106797814369202,0.3411153256893158,3.525369644165039,0.3051343560218811
480.60198974609375,0.0,0.0,0.0,3.6590890884399414,0.5004749894142151,-0.23452219367027283,3.929633855819702,-0.29161399602890015
628.2940063476562,0.0,0.0,0.0,3.614285707473755,0.8218466639518738,-0.3756069540977478,3.97354793548584,-0.3312159478664398
689.7420043945312,0.0,0.0,0.0,3.5247793197631836,-0.7434791922569275,0.325161874294281,4.105593204498291,0.3130846321582794
699.426025390625,0.0,0.0,0.0,2.6993870735168457,-0.38328438997268677,0.35995104908943176,3.1650936603546143,0.2710764408111572
477.6180114746094,0.0,0.0,0.0,2.3406436443328857,0.26025012135505676,-0.2749224603176117,2.7176320552825928,-0.2148563414812088
821.8099975585938,0.0,0.0,0.0,3.4762277603149414,-0.7511979341506958,0.3670038878917694,4.060053825378418,0.35384881496429443
315.0740051269531,0.0,0.0,0.0,1.6773006916046143,0.008383679203689098,-0.0033966952469199896,1.6228442192077637,-0.012912156991660595
216.58999633789062,0.0,0.0,0.0,1.7782044410705566,0.32825958728790283,-0.48713749647140503,1.8509169816970825,-0.4462963044643402
983.3820190429688,0.0,0.0,0.0,2.4830946922302246,0.721358597278595,-0.5808426141738892,2.7234199047088623,-0.595838189125061
654.2020263671875,0.0,0.0,0.0,1.9593133926391602,-0.4648224413394928,0.5520209074020386,2.063020706176758,0.5819397568702698
485.2860107421875,0.0,0.0,0.0,3.4344537258148193,0.6873465776443481,-0.27089858055114746,3.912785768508911,-0.25855523347854614
196.95799255371094,0.0,0.0,0.0,4.372199058532715,-0.4858323633670807,0.10385735332965851,4.601556301116943,-0.01603534258902073
565.0900268554688,0.0,0.0,0.0,4.650006294250488,0.09845128655433655,-0.04411318898200989,4.96097993850708,-0.09726633131504059
450.8819885253906,0.0,0.0,0.0,3.9745841026306152,0.5026070475578308,-0.26339849829673767,4.127026557922363,-0.28587254881858826
896.1220092773438,0.0,0.0,0.0,2.6408498287200928,-0.5589876770973206,0.48182412981987,3.0576090812683105,0.4524356722831726
575.1019897460938,0.0,0.0,0.0,4.493680000305176,0.08193885535001755,0.0007607715670019388,4.264618873596191,0.06250620633363724
668.0180053710938,0.0,0.0,0.0,0.4893718361854553,0.0073925163596868515,0.0511089526116848,0.9812911748886108,0.12100473046302795
833.02197265625,0.0,0.0,0.0,4.350808620452881,0.13270847499370575,-0.03229127079248428,4.931252956390381,-0.06102599576115608
587.27001953125,0.0,0.0,0.0,2.3036086559295654,-0.599496603012085,0.5943623781204224,2.1694536209106445,0.5908546447753906
259.6579895019531,0.0,0.0,0.0,4.039390563964844,-0.0008735920418985188,0.011075250804424286,4.062463760375977,-0.011776602827012539
751.5339965820312,0.0,0.0,0.0,1.6745781898498535,0.19877655804157257,-0.3957287073135376,1.5331342220306396,-0.3850332200527191
1017.3460083007812,0.0,0.0,0.0,3.5813140869140625,-0.13928668200969696,0.07699230313301086,3.9653232097625732,0.01138908788561821
1004.8419799804688,0.0,0.0,0.0,3.8775269985198975,-0.8291699886322021,0.22135905921459198,4.0191969871521,0.24425290524959564
574.9819946289062,0.0,0.0,0.0,4.502269268035889,0.11327581107616425,0.04555331543087959,4.491265773773193,-0.020800776779651642
732.7260131835938,0.0,0.0,0.0,4.063783645629883,-0.7487603425979614,0.249724343419075,4.053025245666504,0.2039841264486313
151.1540069580078,0.0,0.0,0.0,2.666358232498169,0.568370521068573,-0.4814111292362213,3.094719886779785,-0.44863539934158325
678.614013671875,0.0,0.0,0.0,1.787230134010315,-0.6242479085922241,0.7976240515708923,1.9710826873779297,0.7745856642723083
157.6179962158203,0.0,0.0,0.0,2.4217982292175293,0.6766286492347717,-0.6236337423324585,2.9829533100128174,-0.6019282937049866
235.18600463867188,0.0,0.0,0.0,2.3814890384674072,-0.30739739537239075,0.3715551197528839,2.737994432449341,0.3796554207801819
207.9459991455078,0.0,0.0,0.0,2.0482680797576904,0.4053216278553009,-0.4950110614299774,2.4695184230804443,-0.5352120399475098
716.9459838867188,0.0,0.0,0.0,3.0594642162323,-0.32997927069664,0.03381114453077316,3.443986415863037,-0.021910373121500015
307.12200927734375,0.0,0.0,0.0,3.83035945892334,-0.5095000267028809,0.1977054327726364,4.5561065673828125,0.18537282943725586
588.85400390625,0.0,0.0,0.0,1.8122354745864868,-0.4180903434753418,0.4976164400577545,1.878670334815979,0.5128819942474365
418.5060119628906,0.0,0.0,0.0,3.5556654930114746,0.4097827672958374,-0.08897939324378967,3.199256658554077,-0.08162209391593933
359.5740051269531,0.0,0.0,0.0,3.5937349796295166,0.17586080729961395,-0.02406686171889305,3.72308611869812,-0.006707039196044207
286.41400146484375,0.0,0.0,0.0,4.407519817352295,-0.1488286554813385,0.01863524504005909,4.918770790100098,0.030740223824977875
435.91400146484375,0.0,0.0,0.0,3.0328357219696045,0.219377338886261,-0.1830158680677414,2.964419364929199,-0.22510503232479095
617.1380004882812,0.0,0.0,0.0,0.22184725105762482,-0.0012333195190876722,-0.02440647967159748,0.7617371082305908,-0.06491392850875854
650.9500122070312,0.0,0.0,0.0,3.346529245376587,0.19498395919799805,-0.08802556246519089,3.6526248455047607,-0.11089414358139038
826.6259765625,0.0,0.0,0.0,2.513413190841675,0.48320484161376953,-0.40464577078819275,2.837367057800293,-0.37144196033477783
431.22198486328125,0.0,0.0,0.0,2.0258634090423584,-0.041966572403907776,-0.10436917096376419,2.155705451965332,-0.1949225813150406
634.6820068359375,0.0,0.0,0.0,4.247410774230957,0.5179380774497986,-0.17722561955451965,4.3491106033325195,-0.195170059800148
854.0419921875,0.0,0.0,0.0,3.399052619934082,-0.3418302834033966,0.18081553280353546,3.902772903442383,0.16078896820545197
285.0899963378906,0.0,0.0,0.0,4.24690580368042,-0.258489727973938,0.060390010476112366,4.343486785888672,0.05807855352759361
692.2860107421875,0.0,0.0,0.0,4.28516960144043,-0.4087497591972351,0.04769322648644447,3.8497061729431152,0.28819990158081055
229.51400756835938,0.0,0.0,0.0,1.7958956956863403,0.28504863381385803,-0.3460109233856201,1.7253838777542114,-0.36624059081077576
686.6740112304688,0.0,0.0,0.0,3.167587995529175,-0.32108649611473083,0.16735495626926422,3.3411974906921387,0.19153575599193573
623.1019897460938,0.0,0.0,0.0,2.2996413707733154,0.12482554465532303,-0.13264885544776917,2.5280661582946777,-0.10077104717493057
786.5139770507812,0.0,0.0,0.0,3.5787203311920166,0.3752116560935974,-0.2025212049484253,3.7414679527282715,-0.17727556824684143
966.3140258789062,0.0,0.0,0.0,2.722334861755371,0.39404600858688354,-0.20622518658638,2.9096717834472656,-0.27149975299835205
303.489990234375,0.0,0.0,0.0,1.9429289102554321,-0.12896791100502014,0.2618710696697235,2.2374167442321777,0.3184705078601837
703.64599609375,0.0,0.0,0.0,2.809767723083496,0.36452195048332214,-0.24911101162433624,2.6232833862304688,-0.25414466857910156
586.25,0.0,0.0,0.0,3.0440187454223633,-0.6887888312339783,0.3501392900943756,2.698793888092041,0.2642305791378021
792.2139892578125,0.0,0.0,0.0,3.961073160171509,0.3516542613506317,-0.07411140948534012,3.674290180206299,-0.09667655825614929
831.5499877929688,0.0,0.0,0.0,4.026292324066162,0.25584807991981506,-0.06202571466565132,4.3426337242126465,-0.04649612307548523
486.74200439453125,0.0,0.0,0.0,3.6789755821228027,0.6480674743652344,-0.26929038763046265,3.9849061965942383,-0.2904765009880066
232.2220001220703,0.0,0.0,0.0,1.606546401977539,0.30868610739707947,-0.522024929523468,1.8944048881530762,-0.6266117095947266
878.8820190429688,0.0,0.0,0.0,1.5682625770568848,0.24703000485897064,-0.47237905859947205,1.8336589336395264,-0.4852356016635895
930.1099853515625,0.0,0.0,0.0,3.5084855556488037,0.6257970929145813,-0.4183121919631958,3.5192184448242188,-0.45294347405433655
836.8140258789062,0.0,0.0,0.0,2.512497901916504,0.4363597333431244,-0.018808642402291298,0.0,0.0
216.3820037841797,0.0,0.0,0.0,1.8621326684951782,0.32116106152534485,-0.49775421619415283,1.8087528944015503,-0.4287070333957672
459.8340148925781,0.0,0.0,0.0,3.232287883758545,-0.12886397540569305,0.032376598566770554,3.6032612323760986,-0.01435610931366682
529.9140014648438,0.0,0.0,0.0,1.8279005289077759,0.21656851470470428,-0.2141258716583252,2.128526449203491,-0.2227524369955063
144.01400756835938,0.0,0.0,0.0,3.289231300354004,0.11660843342542648,-0.0563775971531868,3.590610980987549,0.029832899570465088
380.7619934082031,0.0,0.0,0.0,2.718632221221924,-0.15716390311717987,0.186270609498024,2.765669107437134,0.14903797209262848
478.79400634765625,0.0,0.0,0.0,2.900455951690674,0.2825629711151123,-0.18359243869781494,3.3106627464294434,-0.1533832848072052
220.9219970703125,0.0,0.0,0.0,3.607694387435913,0.6233566403388977,-0.31401264667510986,4.186494827270508,-0.28843995928764343
629.27001953125,0.0,0.0,0.0,3.8318533897399902,0.8055550456047058,-0.2500404417514801,4.118537425994873,-0.3423891067504883
648.47802734375,0.0,0.0,0.0,1.5807185173034668,0.0076882364228367805,-0.040339745581150055,2.077094316482544,-0.08882088959217072
317.0780029296875,0.0,0.0,0.0,1.4862686395645142,0.16411608457565308,-0.30697494745254517,1.6282939910888672,-0.3404791057109833
996.2100219726562,0.0,0.0,0.0,2.6618309020996094,0.2760096490383148,-0.11293565481901169,2.4777097702026367,-0.15107709169387817
587.5700073242188,0.0,0.0,0.0,2.077244758605957,-0.5866789221763611,0.6100822687149048,1.9267328977584839,0.578532338142395
804.4500122070312,0.0,0.0,0.0,2.9335882663726807,0.697868824005127,-0.26950177550315857,3.4687790870666504,-0.35129591822624207
560.781982421875,0.0,0.0,0.0,3.4513814449310303,0.8565345406532288,-0.40530580282211304,4.190587997436523,-0.31466683745384216
356.2820129394531,0.0,0.0,0.0,3.2219038009643555,0.531295657157898,-0.33083564043045044,3.743699550628662,-0.2986162304878235
464.5899963378906,0.0,0.0,0.0,2.614189386367798,-0.5552771091461182,0.48379531502723694,2.906586170196533,0.46965470910072327
392.3940124511719,0.0,0.0,0.0,3.408205986022949,0.26269805431365967,-0.14508570730686188,3.3007020950317383,-0.13875964283943176
367.74200439453125,0.0,0.0,0.0,3.558128833770752,-0.8176188468933105,0.3703869581222534,4.243562698364258,0.3109959661960602
769.666015625,0.0,0.0,0.0,4.071732044219971,0.1613263189792633,0.005305866710841656,4.651953220367432,-0.015905657783150673
990.1099853515625,0.0,0.0,0.0,2.258725166320801,-0.07722559571266174,-0.134165957570076,2.256075143814087,-0.1906149685382843
992.1300048828125,0.0,0.0,0.0,2.8076109886169434,0.414676696062088,-0.2950854003429413,3.3304669857025146,-0.2671590745449066
408.6180114746094,0.0,0.0,0.0,1.9954328536987305,0.15552036464214325,-0.13689027726650238,2.078651189804077,-0.08518129587173462
882.5540161132812,0.0,0.0,0.0,3.1850802898406982,0.6552061438560486,-0.3488006293773651,3.9992430210113525,-0.4162701964378357
399.1059875488281,0.0,0.0,0.0,3.2832162380218506,0.7641028165817261,-0.438213050365448,3.783933639526367,-0.32123130559921265
441.4339904785156,0.0,0.0,0.0,1.4816994667053223,0.056877683848142624,-0.38705652952194214,1.5077784061431885,-0.3265988230705261
392.87799072265625,0.0,0.0,0.0,3.3734664916992188,0.24878697097301483,-0.09937279671430588,3.284506320953369,-0.11491557955741882
350.41400146484375,0.0,0.0,0.0,2.868964910507202,0.3792709410190582,-0.16328272223472595,3.0014007091522217,-0.2162867933511734
276.197998046875,0.0,0.0,0.0,2.3072361946105957,-0.24953946471214294,0.3266834616661072,2.4082982540130615,0.310140460729599
404.30999755859375,0.0,0.0,0.0,2.482684373855591,0.08453332632780075,0.04550011828541756,2.333948850631714,0.004127062391489744
400.5660095214844,0.0,0.0,0.0,3.688688039779663,0.7923126816749573,-0.2736354172229767,3.9179298877716064,-0.1048441231250763
377.8179931640625,0.0,0.0,0.0,3.897066354751587,-0.1244034394621849,0.05533928796648979,3.9474802017211914,-0.0017429976724088192
279.3739929199219,0.0,0.0,0.0,3.2110342979431152,-0.4387408196926117,0.2098996937274933,3.362056016921997,0.1986881047487259
784.0499877929688,0.0,0.0,0.0,3.106461763381958,0.42129188776016235,-0.278632253408432,3.3283791542053223,-0.2895868122577667
453.6419982910156,0.0,0.0,0.0,3.6784918308258057,0.343709260225296,-0.12983211874961853,3.4268996715545654,-0.06086266040802002
210.00999450683594,0.0,0.0,0.0,3.3955278396606445,0.7093948125839233,-0.41212403774261475,4.2019734382629395,-0.4437558650970459
298.77801513671875,0.0,0.0,0.0,2.2693417072296143,0.5017748475074768,-0.5387449860572815,2.6400837898254395,-0.6098681092262268
221.23800659179688,0.0,0.0,0.0,3.7690935134887695,0.6070284843444824,-0.17696090042591095,4.155993461608887,-0.20432038605213165
513.4539794921875,0.0,0.0,0.0,3.3735244274139404,-0.5621311664581299,0.20657525956630707,3.961662769317627,0.19144472479820251
229.58999633789062,0.0,0.0,0.0,1.7798340320587158,0.29321685433387756,-0.3677694797515869,1.894196629524231,-0.4734792411327362
719.8179931640625,0.0,0.0,0.0,3.7870430946350098,0.3031231462955475,-0.0883842408657074,3.969548225402832,-0.1219063326716423
812.0780029296875,0.0,0.0,0.0,4.196846008300781,0.14501355588436127,0.06649454683065414,3.886237621307373,-0.011941655538976192
162.76199340820312,0.0,0.0,0.0,1.812734842300415,0.3773413896560669,-0.6166819334030151,1.9641237258911133,-0.552105188369751
933.8060302734375,0.0,0.0,0.0,3.2842867374420166,0.4051224887371063,-0.1671987920999527,3.22473406791687,-0.05925048887729645
625.5339965820312,0.0,0.0,0.0,2.871509552001953,0.31510794162750244,-0.2361917495727539,2.8976950645446777,-0.27996206283569336
738.3419799804688,0.0,0.0,0.0,3.297914981842041,-0.5381366014480591,0.26442787051200867,3.9696922302246094,0.2850116193294525
545.7860107421875,0.0,0.0,0.0,3.1711058616638184,-0.5800594091415405,0.21855783462524414,3.304851531982422,0.16872482001781464
375.0419921875,0.0,0.0,0.0,3.4201180934906006,-0.29776838421821594,0.1730901002883911,3.7299013137817383,0.21530504524707794
249.78599548339844,0.0,0.0,0.0,4.381687164306641,-0.3862747848033905,0.14114052057266235,4.367799758911133,0.26485323905944824
545.9219970703125,0.0,0.0,0.0,3.171135902404785,-0.5238391160964966,0.19165726006031036,3.3458218574523926,0.20157264173030853
324.1659851074219,0.0,0.0,0.0,2.4711899757385254,0.4505026638507843,-0.4414566457271576,2.9316229820251465,-0.48269250988960266
251.8179931640625,0.0,0.0,0.0,3.802064895629883,-1.0376830101013184,0.4031890332698822,4.056264877319336,0.3762001693248749
874.97802734375,0.0,0.0,0.0,3.106109619140625,0.08578567951917648,-0.04996540769934654,2.807793617248535,0.025357479229569435
993.6699829101562,0.0,0.0,0.0,3.606407403945923,0.4918670058250427,-0.18681657314300537,4.001515865325928,-0.14302580058574677
800.47802734375,0.0,0.0,0.0,4.029417991638184,0.9455916881561279,-0.36742761731147766,4.572837829589844,-0.3374074101448059
487.60198974609375,0.0,0.0,0.0,3.7024242877960205,0.716982901096344,-0.3557193875312805,3.9926626682281494,-0.3849388360977173
575.177978515625,0.0,0.0,0.0,4.464787006378174,0.06478934735059738,0.04851178824901581,4.528558254241943,-0.009563102386891842
234.35000610351562,0.0,0.0,0.0,2.0261666774749756,-0.07908011227846146,0.26459813117980957,2.2171630859375,0.2855280339717865
808.43798828125,0.0,0.0,0.0,3.7690067291259766,0.9091058373451233,-0.35396283864974976,4.345365047454834,-0.3957866430282593
681.7219848632812,0.0,0.0,0.0,0.574502170085907,-0.05539752542972565,0.0005278062890283763,0.0,0.0
583.6500244140625,0.0,0.0,0.0,4.578283309936523,-0.06861750781536102,0.03664141148328781,4.966628551483154,0.014829697087407112
997.677978515625,0.0,0.0,0.0,2.2720539569854736,0.09053575247526169,0.06349541991949081,2.3614659309387207,0.18309913575649261
150.49000549316406,0.0,0.0,0.0,2.4454851150512695,0.5717099905014038,-0.5056850910186768,2.8445074558258057,-0.545254111289978
813.5499877929688,0.0,0.0,0.0,3.3355822563171387,-0.4170015752315521,0.24235957860946655,3.2686312198638916,0.2701684236526489
972.4140014648438,0.0,0.0,0.0,3.584500312805176,0.43596401810646057,-0.11461248993873596,3.9104955196380615,-0.17379626631736755
564.4180297851562,0.0,0.0,0.0,4.555313587188721,0.1171923503279686,-0.011824056506156921,4.987597942352295,0.08023576438426971
856.27001953125,0.0,0.0,0.0,1.764872670173645,-0.4697377383708954,0.5934438109397888,1.7839726209640503,0.5631349682807922
688.3460083007812,0.0,0.0,0.0,3.142198324203491,-0.6417226791381836,0.40187302231788635,3.4260528087615967,0.4824104309082031
666.6060180664062,0.0,0.0,0.0,2.267068862915039,-0.08002009242773056,0.0005990906502120197,0.0,0.0
506.64599609375,0.0,0.0,0.0,3.7561521530151367,-0.22900284826755524,0.08961084485054016,3.8236336708068848,0.08427108079195023
201.1540069580078,0.0,0.0,0.0,4.628638744354248,0.02516402304172516,0.02037796750664711,4.9660210609436035,-0.07820931822061539
538.4539794921875,0.0,0.0,0.0,4.515289306640625,0.6375008821487427,-0.2138843685388565,4.831636428833008,-0.20347096025943756
537.4660034179688,0.0,0.0,0.0,4.193809986114502,0.6133739948272705,-0.20778769254684448,4.795929908752441,-0.288160115480423
613.8099975585938,0.0,0.0,0.0,3.7129483222961426,-0.47106775641441345,0.29889872670173645,3.0985748767852783,0.36833879351615906
383.35400390625,0.0,0.0,0.0,2.873473644256592,-0.5939874053001404,0.3895845413208008,3.0772390365600586,0.40520307421684265
399.906005859375,0.0,0.0,0.0,3.594177722930908,0.8376659750938416,-0.34035345911979675,3.9898030757904053,-0.3001493513584137
357.6340026855469,0.0,0.0,0.0,3.7877237796783447,0.4758637845516205,-0.1664952039718628,4.246156215667725,-0.19369207322597504
873.7459716796875,0.0,0.0,0.0,3.8674850463867188,0.22167301177978516,-0.07498057931661606,3.4814133644104004,0.03820366412401199
563.4860229492188,0.0,0.0,0.0,4.518396377563477,0.335054874420166,-0.0052162837237119675,4.808957099914551,-0.04997871816158295
153.3820037841797,0.0,0.0,0.0,3.6779823303222656,0.5536085367202759,-0.19994989037513733,3.692586660385132,-0.16952195763587952
371.9100036621094,0.0,0.0,0.0,4.109862327575684,-0.13887415826320648,0.03041704185307026,3.6847777366638184,-0.02032957412302494
348.0419921875,0.0,0.0,0.0,2.548018217086792,0.2855382561683655,-0.29544389247894287,2.6502890586853027,-0.29245394468307495
251.49000549316406,0.0,0.0,0.0,3.7260472774505615,-1.0581538677215576,0.47579020261764526,4.24847412109375,0.45838019251823425
1031.4580078125,0.0,0.0,0.0,1.9659889936447144,0.4799458682537079,-0.4934615194797516,2.224712371826172,-0.5875327587127686
558.9219970703125,0.0,0.0,0.0,2.3947913646698,0.7166428565979004,-0.712632417678833,2.9873595237731934,-0.7566096186637878
445.72198486328125,0.0,0.0,0.0,2.788407325744629,0.475111186504364,-0.337594598531723,3.1484622955322266,-0.27040165662765503
693.489990234375,0.0,0.0,0.0,2.957132577896118,-1.083778738975525,0.7276610136032104,2.644784927368164,0.6504221558570862
730.3699951171875,0.0,0.0,0.0,3.7937097549438477,-0.27395838499069214,0.1542157679796219,3.7465901374816895,0.17452260851860046
563.281982421875,0.0,0.0,0.0,4.4463791847229,0.41550320386886597,-0.003689464647322893,4.9596943855285645,-0.04600841924548149
386.7179870605469,0.0,0.0,0.0,3.3325743675231934,-0.8998703360557556,0.45739516615867615,3.7524185180664062,0.3877389430999756
436.9739990234375,0.0,0.0,0.0,2.6329236030578613,0.17234908044338226,-0.19775661826133728,2.16477108001709,-0.09024221450090408
319.0140075683594,0.0,0.0,0.0,1.8011115789413452,0.23440758883953094,-0.35885098576545715,2.0479965209960938,-0.30667057633399963
675.989990234375,0.0,0.0,0.0,2.101759910583496,-0.9047818183898926,0.8879935145378113,2.139822244644165,0.6726952195167542
620.3820190429688,0.0,0.0,0.0,1.7911431789398193,0.06929592043161392,-0.05625098943710327,1.973586082458496,-0.10579530149698257
320.5459899902344,0.0,0.0,0.0,1.7674407958984375,0.2587846517562866,-0.39680132269859314,1.7103407382965088,-0.3968106806278229
135.38999938964844,0.0,0.0,0.0,-0.0011545454617589712,0.0008714908035472035,-0.00317117921076715,0.0,0.0
588.9860229492188,0.0,0.0,0.0,1.7946696281433105,-0.4188324809074402,0.5147260427474976,2.1583797931671143,0.4887903332710266
406.010009765625,0.0,0.0,0.0,1.7903231382369995,0.13885928690433502,-0.1089494526386261,1.6188225746154785,-0.09228534251451492
943.6099853515625,0.0,0.0,0.0,2.946988344192505,-0.8262996077537537,0.5566355586051941,4.029058933258057,0.5140920877456665
351.0780029296875,0.0,0.0,0.0,2.787578821182251,0.3309444189071655,-0.1438060849905014,2.8085227012634277,-0.09657176584005356
778.14599609375,0.0,0.0,0.0,3.0708656311035156,0.08519569039344788,-0.00028173343162052333,2.792877674102783,-0.026680869981646538
886.8740234375,0.0,0.0,0.0,3.0499563217163086,-0.06631993502378464,0.24307014048099518,2.5643956661224365,0.3239920437335968
723.2059936523438,0.0,0.0,0.0,3.8442142009735107,0.06592241674661636,0.017713239416480064,3.6985342502593994,0.0238758847117424
186.58599853515625,0.0,0.0,0.0,4.1015825271606445,-0.26988640427589417,0.024205083027482033,3.9209296703338623,0.027369659394025803
142.74200439453125,0.0,0.0,0.0,2.7076005935668945,0.11329957842826843,-0.03498557582497597,3.1547062397003174,-0.0739707499742508
925.9819946289062,0.0,0.0,0.0,3.6731507778167725,-0.6715543270111084,0.2330688238143921,4.316638946533203,0.18779247999191284
367.4100036621094,0.0,0.0,0.0,3.3898520469665527,-0.8250200152397156,0.42616739869117737,3.6794772148132324,0.4030795097351074
502.64599609375,0.0,0.0,0.0,2.0770180225372314,-0.313341349363327,0.4825266897678375,2.3666930198669434,0.44204092025756836
233.54600524902344,0.0,0.0,0.0,1.890722632408142,0.21799416840076447,-0.06022043526172638,2.0799663066864014,0.050864048302173615
871.6300048828125,0.0,0.0,0.0,4.041687965393066,0.6436727046966553,-0.19425258040428162,4.528104782104492,-0.12656956911087036
146.82200622558594,0.0,0.0,0.0,4.098821640014648,0.09575352817773819,0.008925087749958038,4.096950531005859,0.02303333394229412
201.6739959716797,0.0,0.0,0.0,4.667929172515869,0.017685046419501305,0.0132125373929739,4.976387977600098,0.06359163671731949
879.3460083007812,0.0,0.0,0.0,1.7018966674804688,0.27355995774269104,-0.4880087375640869,1.7133991718292236,-0.46044567227363586
649.7100219726562,0.0,0.0,0.0,2.6442711353302,0.13180141150951385,-0.13798613846302032,3.1617817878723145,-0.11996922641992569
492.5379943847656,0.0,0.0,0.0,2.155623197555542,0.0018677819753065705,0.013489127159118652,1.910815715789795,-0.012029565870761871
689.27001953125,0.0,0.0,0.0,3.281019449234009,-0.7294589281082153,0.3727422058582306,3.914170265197754,0.399128794670105
901.6820068359375,0.0,0.0,0.0,1.841681718826294,-0.6063589453697205,0.7285034656524658,2.0543715953826904,0.62021803855896
704.9500122070312,0.0,0.0,0.0,1.8618035316467285,0.4300646483898163,-0.5773465037345886,1.974679708480835,-0.5115582346916199
590.0819702148438,0.0,0.0,0.0,2.1781299114227295,-0.480431467294693,0.4750015437602997,2.6827147006988525,0.40110212564468384
410.53399658203125,0.0,0.0,0.0,2.4326658248901367,0.2533435821533203,-0.12303100526332855,2.5190141201019287,-0.15266135334968567
149.9219970703125,0.0,0.0,0.0,2.4288899898529053,0.5528677105903625,-0.5299397706985474,2.472250461578369,-0.5854970216751099
822.302001953125,0.0,0.0,0.0,3.6070804595947266,-0.7385687232017517,0.2966991066932678,3.8329851627349854,0.2586405873298645
189.19000244140625,0.0,0.0,0.0,2.852003812789917,-0.07089357823133469,0.035998325794935226,2.688915729522705,0.04959891736507416
764.1220092773438,0.0,0.0,0.0,2.704364538192749,0.5151784420013428,-0.3294418156147003,2.635653495788574,-0.3640575408935547
437.3900146484375,0.0,0.0,0.0,2.4402573108673096,0.11977902054786682,-0.13335667550563812,2.3039090633392334,-0.16315235197544098
647.9459838867188,0.0,0.0,0.0,0.6945475339889526,0.0010211222106590867,-0.04620477929711342,1.3454585075378418,-0.05467493459582329
801.197998046875,0.0,0.0,0.0,4.0182366371154785,0.885129451751709,-0.24991880357265472,4.219754695892334,-0.19265374541282654
557.1539916992188,0.0,0.0,0.0,1.884942650794983,0.40491005778312683,-0.5377019643783569,2.1119589805603027,-0.5968664288520813
158.9499969482422,0.0,0.0,0.0,1.933082103729248,0.6506378650665283,-0.6731807589530945,2.0649232864379883,-0.7161669135093689
976.2659912109375,0.0,0.0,0.0,2.6007094383239746,0.8272031545639038,-0.5729676485061646,2.863779067993164,-0.7334290146827698
220.6540069580078,0.0,0.0,0.0,3.411454916000366,0.6597030162811279,-0.26895764470100403,4.05782413482666,-0.30266276001930237
158.64199829101562,0.0,0.0,0.0,2.059039354324341,0.7111036777496338,-0.7550883293151855,2.4098761081695557,-0.7651883363723755
175.5540008544922,0.0,0.0,0.0,3.1543877124786377,-0.5032767057418823,0.31555962562561035,3.3234474658966064,0.2811329960823059
706.010009765625,0.0,0.0,0.0,1.9293389320373535,0.40343987941741943,-0.4831172525882721,2.182404041290283,-0.49853116273880005
693.6099853515625,0.0,0.0,0.0,2.7715811729431152,-1.1253594160079956,0.8022863864898682,2.8930139541625977,0.6185798048973083
527.5180053710938,0.0,0.0,0.0,1.39725923538208,0.14150989055633545,-0.1884375959634781,1.409991979598999,-0.16256871819496155
352.7980041503906,0.0,0.0,0.0,2.3452372550964355,0.16642074286937714,-0.1926996260881424,2.290842294692993,-0.2284618318080902
215.0260009765625,0.0,0.0,0.0,2.95654559135437,0.08325913548469543,-0.01966456137597561,2.7569336891174316,-0.018657682463526726
685.197998046875,0.0,0.0,0.0,2.478125810623169,-0.18435586988925934,0.18931791186332703,2.934199571609497,0.211686909198761
354.4580078125,0.0,0.0,0.0,2.2834222316741943,0.3726412355899811,-0.429215669631958,2.731041669845581,-0.4389539361000061
175.30599975585938,0.0,0.0,0.0,3.021216869354248,-0.48933783173561096,0.29518985748291016,3.3597018718719482,0.2642420828342438
769.5659790039062,0.0,0.0,0.0,4.04317045211792,0.15799382328987122,-0.015035669319331646,4.481750965118408,-0.02984795905649662
225.1020050048828,0.0,0.0,0.0,2.8909425735473633,0.058936573565006256,-0.0031377801205962896,2.292168617248535,-0.04381130635738373
471.27801513671875,0.0,0.0,0.0,3.713061571121216,-0.8706300854682922,0.3017762005329132,4.042285442352295,0.20796772837638855
781.1859741210938,0.0,0.0,0.0,2.497371196746826,0.3880701959133148,-0.34162405133247375,3.1044416427612305,-0.41484373807907104
669.4019775390625,0.0,0.0,0.0,1.5666593313217163,-0.15041732788085938,0.3403196632862091,1.6414321660995483,0.3200182318687439
765.1380004882812,0.0,0.0,0.0,2.7056539058685303,0.37227725982666016,-0.2336287796497345,2.7437708377838135,-0.19991488754749298
730.27001953125,0.0,0.0,0.0,3.747871160507202,-0.24934576451778412,0.1269393414258957,4.291787147521973,0.14973104000091553
814.3460083007812,0.0,0.0,0.0,2.7398605346679688,-0.493801474571228,0.2689402103424072,2.6432175636291504,0.2359946072101593
664.3740234375,0.0,0.0,0.0,3.6997249126434326,-0.4839145243167877,0.15738224983215332,4.114119052886963,0.16979584097862244
914.385986328125,0.0,0.0,0.0,4.69592809677124,-0.2502373158931732,0.08299130201339722,4.49899959564209,0.015507010743021965
992.02197265625,0.0,0.0,0.0,2.7531416416168213,0.40872684121131897,-0.2496599406003952,3.1498379707336426,-0.343400239944458
368.9179992675781,0.0,0.0,0.0,4.1022162437438965,-0.6582908630371094,0.15856297314167023,4.371174335479736,0.10311882197856903
700.2780151367188,0.0,0.0,0.0,2.9594383239746094,-0.33917832374572754,0.04846229776740074,3.145944833755493,-0.10214761644601822
489.8500061035156,0.0,0.0,0.0,3.2031972408294678,0.5008445978164673,-0.2316044420003891,3.0661683082580566,-0.28445103764533997
359.1059875488281,0.0,0.0,0.0,3.776191234588623,0.2575590908527374,-0.07388287037611008,3.5653586387634277,-0.0742267370223999
433.1579895019531,0.0,0.0,0.0,2.8976495265960693,0.21719183027744293,-0.14351168274879456,3.4227895736694336,-0.18271565437316895
801.6259765625,0.0,0.0,0.0,4.097680568695068,0.8024210929870605,-0.15489071607589722,4.412492752075195,-0.15650823712348938
997.22998046875,0.0,0.0,0.0,2.1827054023742676,0.13464006781578064,0.052032504230737686,2.4375624656677246,0.07678636908531189
239.6219940185547,0.0,0.0,0.0,3.182673692703247,-0.24488651752471924,0.07556360960006714,3.0108888149261475,0.04511233791708946
903.010009765625,0.0,0.0,0.0,1.9050498008728027,-0.4984859824180603,0.7044402956962585,1.9234793186187744,0.6334801912307739
536.9219970703125,0.0,0.0,0.0,4.033183574676514,0.6849874258041382,-0.24786636233329773,4.3924241065979,-0.2526313066482544
681.6179809570312,0.0,0.0,0.0,0.7760546803474426,-0.08627480268478394,-0.032202254980802536,0.0,0.0
569.4819946289062,0.0,0.0,0.0,3.015260934829712,1.019106388092041,-0.5810897350311279,3.399824380874634,-0.6093792915344238
386.489990234375,0.0,0.0,0.0,3.36396861076355,-0.8703258633613586,0.4607454240322113,3.804203748703003,0.5376642942428589
753.7780151367188,0.0,0.0,0.0,1.5470869541168213,0.11084198951721191,-0.23607642948627472,1.5909502506256104,-0.2434973567724228
995.02197265625,0.0,0.0,0.0,3.8691084384918213,0.40438780188560486,-0.09747014194726944,3.446500301361084,-0.08501213788986206
291.4580078125,0.0,0.0,0.0,2.317894697189331,-0.8698201775550842,0.7693951725959778,2.9964230060577393,0.8068442344665527
866.5139770507812,0.0,0.0,0.0,4.291730880737305,-0.7048213481903076,0.15172620117664337,4.743099212646484,0.1411638855934143
777.4459838867188,0.0,0.0,0.0,3.516115427017212,0.1632305085659027,-0.021513434126973152,3.112313985824585,-0.013535790145397186
711.1019897460938,0.0,0.0,0.0,3.07554292678833,0.8376527428627014,-0.4792916774749756,3.7958152294158936,-0.5728323459625244
898.8140258789062,0.0,0.0,0.0,2.680349349975586,-1.227430820465088,0.8462461829185486,2.76973295211792,0.7257446050643921
613.3460083007812,0.0,0.0,0.0,4.349972248077393,-0.21239162981510162,0.285607248544693,3.5107932090759277,0.25780218839645386
519.9420166015625,0.0,0.0,0.0,3.4381167888641357,0.9287015795707703,-0.6434352397918701,3.050597906112671,-0.5631992220878601
206.00999450683594,0.0,0.0,0.0,1.7786470651626587,0.4439571499824524,-0.5874115228652954,1.8719590902328491,-0.577512800693512
957.3499755859375,0.0,0.0,0.0,2.728299617767334,0.5418286323547363,-0.4198468029499054,3.1631078720092773,-0.42310458421707153
260.9179992675781,0.0,0.0,0.0,4.088525295257568,0.04196571558713913,0.017898334190249443,4.015212059020996,-0.04568013921380043
818.4140014648438,0.0,0.0,0.0,3.1898934841156006,-0.2779545187950134,0.13073699176311493,3.4580190181732178,0.07979199290275574
575.8499755859375,0.0,0.0,0.0,4.144739627838135,0.1620377153158188,-0.2176169753074646,3.2288687229156494,-0.39559707045555115
756.75,0.0,0.0,0.0,2.038778781890869,0.079337477684021,-0.09797917306423187,2.097458839416504,-0.09779927134513855
548.72998046875,0.0,0.0,0.0,2.5816028118133545,0.1406453251838684,-0.20393167436122894,2.8448262214660645,-0.19100630283355713
246.78599548339844,0.0,0.0,0.0,3.156125783920288,-0.7911706566810608,0.44185230135917664,3.8440308570861816,0.4282786548137665
668.4459838867188,0.0,0.0,0.0,1.0210390090942383,-0.02725873701274395,0.17939263582229614,1.3388983011245728,0.2390187382698059
874.5380249023438,0.0,0.0,0.0,3.397444725036621,0.12447649240493774,-0.046042051166296005,3.0491652488708496,0.011764250695705414
902.2659912109375,0.0,0.0,0.0,1.90422523021698,-0.4829917848110199,0.6355003714561462,2.168365716934204,0.5545968413352966
360.3219909667969,0.0,0.0,0.0,3.2583799362182617,0.09651042520999908,-0.002937371376901865,2.6339328289031982,0.1063956543803215
451.80999755859375,0.0,0.0,0.0,3.902412176132202,0.6707272529602051,-0.2903638780117035,4.375251770019531,-0.2684929370880127
180.17799377441406,0.0,0.0,0.0,1.8909533023834229,-0.33490702509880066,0.44996657967567444,2.279757261276245,0.5046458840370178
160.91000366210938,0.0,0.0,0.0,1.7087918519973755,0.3911159634590149,-0.5765843391418457,1.9572864770889282,-0.6655324697494507
211.85400390625,0.0,0.0,0.0,4.166791915893555,0.5883280038833618,-0.12525507807731628,4.000040531158447,-0.15565630793571472
953.8140258789062,0.0,0.0,0.0,4.4757399559021,0.2999778687953949,-0.03991848602890968,4.423260688781738,-0.009366974234580994
799.4580078125,0.0,0.0,0.0,3.7194325923919678,0.6235338449478149,-0.32742834091186523,4.232686519622803,-0.3970872759819031
601.2579956054688,0.0,0.0,0.0,1.9412375688552856,-0.5876303911209106,0.6063870787620544,2.1218488216400146,0.712839663028717
485.04998779296875,0.0,0.0,0.0,3.3473122119903564,0.7162595987319946,-0.2848769426345825,3.798194169998169,-0.2538159191608429
876.4340209960938,0.0,0.0,0.0,1.9145574569702148,0.0929131731390953,-0.17660342156887054,1.5416569709777832,-0.14456959068775177
905.9500122070312,0.0,0.0,0.0,1.9829694032669067,0.10272424668073654,-0.1813449114561081,2.0734634399414062,-0.2724374830722809
838.4340209960938,0.0,0.0,0.0,0.6811976432800293,0.011781919747591019,-0.13545536994934082,1.018035888671875,-0.13207407295703888
643.5540161132812,0.0,0.0,0.0,2.631352424621582,0.46370211243629456,-0.387685090303421,3.2024548053741455,-0.44953495264053345
785.6300048828125,0.0,0.0,0.0,3.360199451446533,0.41413819789886475,-0.23109936714172363,3.536287784576416,-0.20025065541267395
232.4340057373047,0.0,0.0,0.0,1.6375541687011719,0.32567259669303894,-0.5304194092750549,1.8143998384475708,-0.5657212734222412
510.802001953125,0.0,0.0,0.0,2.5811569690704346,-0.5152600407600403,0.35191357135772705,2.4517171382904053,0.34874287247657776
502.906005859375,0.0,0.0,0.0,2.177281618118286,-0.3404659032821655,0.42560967803001404,2.3791098594665527,0.41632741689682007
820.8820190429688,0.0,0.0,0.0,3.225524663925171,-0.7474104762077332,0.45340052247047424,3.495645046234131,0.45942407846450806
776.7420043945312,0.0,0.0,0.0,3.9312357902526855,0.1701790690422058,0.053772229701280594,3.8052501678466797,-0.08020610362291336
881.8779907226562,0.0,0.0,0.0,2.771608591079712,0.6257127523422241,-0.45302528142929077,3.328131675720215,-0.4706882834434509
847.1900024414062,0.0,0.0,0.0,4.3371686935424805,0.2670590877532959,-0.0010298147099092603,3.921126365661621,-0.058183226734399796
737.6699829101562,0.0,0.0,0.0,3.2057576179504395,-0.4480208456516266,0.2449600249528885,3.4913439750671387,0.2807376980781555
480.802001953125,0.0,0.0,0.0,3.7198596000671387,0.5634419322013855,-0.26157423853874207,3.919079542160034,-0.2691534757614136
440.885986328125,0.0,0.0,0.0,1.5001835823059082,-0.03218625485897064,-0.11483686417341232,1.412575602531433,-0.15227225422859192
955.52197265625,0.0,0.0,0.0,3.6198792457580566,0.15678967535495758,0.020516909658908844,3.557483673095703,-0.0048044887371361256
998.6099853515625,0.0,0.0,0.0,2.418503999710083,-0.09874346107244492,0.27930769324302673,2.6108803749084473,0.35891544818878174
392.2179870605469,0.0,0.0,0.0,3.3953065872192383,0.2380683571100235,-0.1658308207988739,3.5628843307495117,-0.14933957159519196
433.35400390625,0.0,0.0,0.0,3.023200035095215,0.22482892870903015,-0.22896094620227814,3.4230473041534424,-0.20751667022705078
315.84600830078125,0.0,0.0,0.0,1.4515020847320557,0.0646078884601593,-0.22593647241592407,1.334161639213562,-0.2149653136730194
308.8500061035156,0.0,0.0,0.0,4.226986408233643,-0.3136044144630432,0.14940297603607178,4.302988529205322,0.10895373672246933
561.6019897460938,0.0,0.0,0.0,3.8520736694335938,0.7817167639732361,-0.22620435059070587,4.5362443923950195,-0.27807727456092834
532.5859985351562,0.0,0.0,0.0,2.0600409507751465,0.4338440001010895,-0.42312315106391907,2.560241460800171,-0.454353392124176
857.1179809570312,0.0,0.0,0.0,1.7385835647583008,-0.3871903419494629,0.5430415272712708,2.0031588077545166,0.591203510761261
602.8660278320312,0.0,0.0,0.0,2.409404993057251,-0.5767439007759094,0.5241823792457581,2.892080307006836,0.5784044861793518
350.77398681640625,0.0,0.0,0.0,2.8607776165008545,0.35747969150543213,-0.1854349821805954,3.188660144805908,-0.20386850833892822
980.614013671875,0.0,0.0,0.0,3.7389235496520996,0.6267319917678833,-0.25593939423561096,3.9099843502044678,-0.18704868853092194
859.0859985351562,0.0,0.0,0.0,2.6220932006835938,-0.5782163143157959,0.5361840128898621,3.458578109741211,0.5217527747154236
202.79400634765625,0.0,0.0,0.0,4.587725639343262,-0.010629642754793167,-0.02623138763010502,4.783138751983643,-0.018650753423571587
169.74600219726562,0.0,0.0,0.0,2.053807020187378,0.6050533056259155,-0.6283360719680786,2.0821750164031982,-0.7632736563682556
527.7780151367188,0.0,0.0,0.0,1.4438979625701904,0.1539735049009323,-0.19094738364219666,1.5067553520202637,-0.15983210504055023
314.41400146484375,0.0,0.0,0.0,1.922532081604004,0.007641351781785488,-0.01928403601050377,1.8823215961456299,-0.00739740626886487
201.06199645996094,0.0,0.0,0.0,4.617758274078369,0.03257879242300987,0.020298076793551445,4.906576156616211,0.004326199181377888
398.65399169921875,0.0,0.0,0.0,3.09973406791687,0.6511110663414001,-0.4589431583881378,3.4086239337921143,-0.45052650570869446
957.8099975585938,0.0,0.0,0.0,2.890214204788208,0.5613344311714172,-0.43918195366859436,3.5767531394958496,-0.4433613419532776
140.01400756835938,0.0,0.0,0.0,2.994722843170166,0.2774868309497833,-0.1321556568145752,3.2916860580444336,-0.11039754748344421
733.781982421875,0.0,0.0,0.0,3.77262282371521,-0.5623339414596558,0.09731252491474152,3.4553544521331787,0.053305912762880325
1015.6060180664062,0.0,0.0,0.0,3.5778861045837402,0.06832778453826904,-0.013125384226441383,3.4827911853790283,-0.03375120088458061
398.7900085449219,0.0,0.0,0.0,3.1369237899780273,0.6903581023216248,-0.4670059084892273,3.740185499191284,-0.4903804063796997
887.0819702148438,0.0,0.0,0.0,2.8605430126190186,-0.2151273638010025,0.3299580216407776,2.5653462409973145,0.34321504831314087
856.4860229492188,0.0,0.0,0.0,1.71075439453125,-0.43794015049934387,0.6284105181694031,1.8436360359191895,0.544317901134491
626.2059936523438,0.0,0.0,0.0,3.0163705348968506,0.4060015082359314,-0.29309341311454773,3.289910316467285,-0.3401039242744446
442.7539978027344,0.0,0.0,0.0,1.687151551246643,0.21219079196453094,-0.4364078640937805,1.867205262184143,-0.44387713074684143
238.8419952392578,0.0,0.0,0.0,3.374276638031006,-0.33109384775161743,0.10183927416801453,3.3300421237945557,0.177621990442276
485.6180114746094,0.0,0.0,0.0,3.508737564086914,0.6549849510192871,-0.1692962497472763,3.753234386444092,-0.16712315380573273
1029.6300048828125,0.0,0.0,0.0,1.9543719291687012,0.5272048115730286,-0.45295941829681396,2.251782178878784,-0.5259860157966614
467.4700012207031,0.0,0.0,0.0,3.9130680561065674,-0.506598174571991,0.16581951081752777,4.493101596832275,0.23202809691429138
325.8819885253906,0.0,0.0,0.0,3.5547616481781006,0.6388236880302429,-0.34841275215148926,3.884249687194824,-0.3104062080383301
369.77801513671875,0.0,0.0,0.0,4.310185432434082,-0.5160300135612488,0.1413402557373047,4.4832234382629395,0.10297958552837372
940.3460083007812,0.0,0.0,0.0,1.8473069667816162,-0.3238309919834137,0.4247061312198639,2.2400031089782715,0.5361300706863403
660.302001953125,0.0,0.0,0.0,1.8614647388458252,-0.2343008667230606,0.41069358587265015,2.0507471561431885,0.3864072263240814
665.4819946289062,0.0,0.0,0.0,3.6213221549987793,-0.3127373456954956,0.07301000505685806,3.647240161895752,0.07066131383180618
978.5700073242188,0.0,0.0,0.0,3.0217435359954834,0.6225295662879944,-0.4129767417907715,3.5169730186462402,-0.439233660697937
169.86599731445312,0.0,0.0,0.0,1.9818086624145508,0.6056517362594604,-0.7382962107658386,2.1445810794830322,-0.7220460772514343
166.2779998779297,0.0,0.0,0.0,1.7517198324203491,0.3921529948711395,-0.697986364364624,1.9966720342636108,-0.6979150176048279
713.3779907226562,0.0,0.0,0.0,3.674020528793335,0.1584661304950714,0.2791396975517273,3.6132216453552246,0.46728572249412537
872.3619995117188,0.0,0.0,0.0,4.125878810882568,0.44838279485702515,-0.09460339695215225,4.1621623039245605,-0.08381297439336777
291.9540100097656,0.0,0.0,0.0,2.5015785694122314,-0.7918077707290649,0.6444473266601562,2.819040298461914,0.630889356136322
247.4499969482422,0.0,0.0,0.0,3.5215442180633545,-0.7586427927017212,0.307305246591568,4.3295063972473145,0.4076975882053375
794.4739990234375,0.0,0.0,0.0,2.9543871879577637,0.05068344995379448,-0.04068326950073242,2.645484447479248,-0.013026639819145203
539.9140014648438,0.0,0.0,0.0,4.6074748039245605,0.14192919433116913,0.08024938404560089,4.1608123779296875,0.21386873722076416
595.25,0.0,0.0,0.0,4.193639755249023,0.28882473707199097,0.023487530648708344,4.532679557800293,0.07050417363643646
350.2099914550781,0.0,0.0,0.0,2.8807880878448486,0.38873982429504395,-0.17192715406417847,2.959383964538574,-0.23637212812900543
392.6419982910156,0.0,0.0,0.0,3.4101645946502686,0.2725805342197418,-0.14029498398303986,3.349613904953003,-0.07833652198314667
767.5059814453125,0.0,0.0,0.0,3.3495771884918213,0.2833186984062195,-0.05598634481430054,3.7161171436309814,-0.09280554205179214
978.3419799804688,0.0,0.0,0.0,2.8660008907318115,0.5979334712028503,-0.42845141887664795,3.630110502243042,-0.499779611825943
907.6900024414062,0.0,0.0,0.0,2.657271146774292,0.4804345667362213,-0.4011267423629761,3.0920944213867188,-0.39779675006866455
798.8140258789062,0.0,0.0,0.0,3.6484534740448,0.38573718070983887,-0.19558396935462952,3.615156412124634,-0.2680183947086334
618.9099731445312,0.0,0.0,0.0,1.539884090423584,0.045593585819005966,-0.08761239796876907,1.674831748008728,-0.06895647943019867
538.6500244140625,0.0,0.0,0.0,4.53321647644043,0.6273227334022522,-0.18518680334091187,4.754289627075195,-0.08450006693601608
898.3660278320312,0.0,0.0,0.0,3.266381025314331,-1.084749698638916,0.7072128653526306,2.904463529586792,0.7048437595367432
638.5180053710938,0.0,0.0,0.0,2.2821028232574463,-0.036156971007585526,0.0629228726029396,2.186506986618042,0.053991612046957016
600.4180297851562,0.0,0.0,0.0,2.8199551105499268,-0.6305438876152039,0.5884658694267273,2.1892242431640625,0.5587972402572632
920.7540283203125,0.0,0.0,0.0,3.3125650882720947,-0.3397931754589081,0.10290032625198364,3.0625274181365967,0.12257303297519684
332.27801513671875,0.0,0.0,0.0,2.5470359325408936,-0.05995555594563484,0.0013103887904435396,2.307360887527466,0.015122879296541214
206.7740020751953,0.0,0.0,0.0,1.7240933179855347,0.38100677728652954,-0.5359917283058167,2.1350812911987305,-0.5670681595802307
657.9219970703125,0.0,0.0,0.0,-0.04569283127784729,0.00012177210737718269,-0.001662236056290567,0.41689589619636536,0.03310646861791611
324.4779968261719,0.0,0.0,0.0,2.6452341079711914,0.4982822835445404,-0.4365105628967285,3.1150832176208496,-0.5059849619865417
534.3619995117188,0.0,0.0,0.0,2.657914638519287,0.5450825691223145,-0.4446883797645569,3.459934711456299,-0.43301963806152344
596.8179931640625,0.0,0.0,0.0,4.350762844085693,-0.4357077181339264,0.158122256398201,4.576467514038086,0.1134476587176323
340.3580017089844,0.0,0.0,0.0,1.9006396532058716,0.1428864598274231,-0.11318964511156082,1.6888982057571411,-0.09287036210298538
769.3660278320312,0.0,0.0,0.0,3.9927752017974854,0.18329651653766632,-0.028645392507314682,4.388885021209717,-0.04194780811667442
449.9700012207031,0.0,0.0,0.0,4.077145576477051,0.37424254417419434,-0.12835074961185455,4.294960975646973,-0.08955374360084534
534.97802734375,0.0,0.0,0.0,3.0357906818389893,0.585408627986908,-0.39118045568466187,3.8552982807159424,-0.3953929543495178
678.8499755859375,0.0,0.0,0.0,1.7609491348266602,-0.5883025527000427,0.7644893527030945,2.055715799331665,0.8420516848564148
1004.073974609375,0.0,0.0,0.0,3.8302481174468994,-0.8234841227531433,0.30610188841819763,4.026462554931641,0.2990129888057709
732.1019897460938,0.0,0.0,0.0,4.117749214172363,-0.6600296497344971,0.28273969888687134,3.865267753601074,0.262258380651474
567.6099853515625,0.0,0.0,0.0,4.6365861892700195,0.04807828366756439,0.00843040645122528,4.427770137786865,-0.014479205943644047
944.47802734375,0.0,0.0,0.0,3.591015100479126,-0.8597391843795776,0.4132964015007019,4.186732769012451,0.3867610991001129
740.677978515625,0.0,0.0,0.0,3.9576354026794434,-0.8581469655036926,0.2938401401042938,4.1775288581848145,0.29025936126708984
297.4259948730469,0.0,0.0,0.0,1.8021342754364014,0.4183385372161865,-0.5668894052505493,2.1392946243286133,-0.6219269037246704
819.989990234375,0.0,0.0,0.0,3.4999401569366455,-0.47732609510421753,0.3381865918636322,3.4937942028045654,0.4460573196411133
779.6019897460938,0.0,0.0,0.0,2.2655179500579834,0.21716506779193878,-0.30148833990097046,2.2414095401763916,-0.30832886695861816
548.1220092773438,0.0,0.0,0.0,2.4590702056884766,-0.05185583978891373,-0.011459125205874443,2.7231833934783936,-0.13163475692272186
742.3499755859375,0.0,0.0,0.0,4.226828575134277,-0.759341835975647,0.21163614094257355,4.925238609313965,0.19810685515403748
548.4819946289062,0.0,0.0,0.0,2.523427963256836,0.06967899948358536,-0.1841486394405365,2.758166790008545,-0.21375314891338348
956.177978515625,0.0,0.0,0.0,3.115046262741089,0.2992958426475525,-0.29298704862594604,3.0445594787597656,-0.35482701659202576
865.0859985351562,0.0,0.0,0.0,3.807434558868408,-1.0107817649841309,0.33795323967933655,4.348637104034424,0.3458669185638428
535.5380249023438,0.0,0.0,0.0,3.3932995796203613,0.6470521688461304,-0.3861951231956482,3.810530662536621,-0.3196466863155365
947.8499755859375,0.0,0.0,0.0,4.461645126342773,-0.5750925540924072,0.13962925970554352,5.174777984619141,0.1799735277891159
931.22998046875,0.0,0.0,0.0,3.375500202178955,0.8389161229133606,-0.4181191027164459,3.432225465774536,-0.5379210710525513
443.5459899902344,0.0,0.0,0.0,1.9214699268341064,0.29815545678138733,-0.46288272738456726,2.022205352783203,-0.38801833987236023
1022.5180053710938,0.0,0.0,0.0,4.440951824188232,-0.03207794576883316,0.004558744374662638,4.6714372634887695,0.001971774734556675
139.17799377441406,0.0,0.0,0.0,2.883357286453247,0.24644121527671814,-0.22020533680915833,3.1966891288757324,-0.1999041885137558
882.0180053710938,0.0,0.0,0.0,2.86909818649292,0.6309489011764526,-0.4604271948337555,3.414389133453369,-0.46539169549942017
206.21400451660156,0.0,0.0,0.0,1.7211699485778809,0.4142521619796753,-0.540966272354126,1.969687581062317,-0.6116421222686768
961.3820190429688,0.0,0.0,0.0,4.235049247741699,0.30659303069114685,-0.05199011042714119,4.577384948730469,-0.036284539848566055
582.4860229492188,0.0,0.0,0.0,4.516310691833496,0.04065188765525818,0.01966227777302265,4.603477478027344,0.020106276497244835
188.08200073242188,0.0,0.0,0.0,3.5064949989318848,-0.1413854956626892,0.03671550005674362,3.1872737407684326,0.007282183971256018
264.75,0.0,0.0,0.0,1.2616522312164307,-0.05868910998106003,0.17670570313930511,1.356910228729248,0.17823761701583862
276.3179931640625,0.0,0.0,0.0,2.304677724838257,-0.2720475196838379,0.3459656834602356,2.449333906173706,0.30656298995018005
305.7179870605469,0.0,0.0,0.0,3.1087050437927246,-0.5115172266960144,0.3259088099002838,3.7677574157714844,0.3326530456542969
157.72999572753906,0.0,0.0,0.0,2.483858585357666,0.6870194673538208,-0.5671114325523376,3.124206304550171,-0.6943073272705078
516.9299926757812,0.0,0.0,0.0,4.531640529632568,-0.3658873438835144,0.039788372814655304,4.8098673820495605,0.014721839688718319
149.7779998779297,0.0,0.0,0.0,2.488673686981201,0.5374455451965332,-0.5276904106140137,2.6849539279937744,-0.5266098380088806
210.42999267578125,0.0,0.0,0.0,3.6329641342163086,0.7522113919258118,-0.34384286403656006,4.2159295082092285,-0.3201943337917328
844.6380004882812,0.0,0.0,0.0,3.7372665405273438,0.64248126745224,-0.2622666358947754,4.370725631713867,-0.19460223615169525
407.20599365234375,0.0,0.0,0.0,1.7942034006118774,0.13262277841567993,-0.10336069762706757,1.8963005542755127,-0.1333882361650467
239.0500030517578,0.0,0.0,0.0,3.3615915775299072,-0.31359216570854187,0.13381516933441162,3.3194644451141357,0.10021257400512695
327.1499938964844,0.0,0.0,0.0,4.145302772521973,0.6354939341545105,-0.19474264979362488,4.7365803718566895,-0.13064081966876984
187.11000061035156,0.0,0.0,0.0,3.9569661617279053,-0.18906572461128235,-0.0009418303379788995,3.682008743286133,-0.01955762878060341
290.2980041503906,0.0,0.0,0.0,2.7668700218200684,-0.7172114253044128,0.5609450936317444,3.0392231941223145,0.698009192943573
1010.6740112304688,0.0,0.0,0.0,4.05662727355957,-0.8702895641326904,0.27841290831565857,4.7033843994140625,0.25146934390068054
874.197998046875,0.0,0.0,0.0,3.607633113861084,0.16298945248126984,-0.07879026979207993,3.2373993396759033,-0.015567436814308167
675.1380004882812,0.0,0.0,0.0,2.896169900894165,-0.8114379644393921,0.5930312275886536,2.495044708251953,0.7196075916290283
816.0139770507812,0.0,0.0,0.0,1.9624449014663696,-0.1409759521484375,0.06435589492321014,2.0362484455108643,0.056009139865636826
394.74200439453125,0.0,0.0,0.0,2.468496322631836,0.25204506516456604,-0.34719327092170715,2.230905532836914,-0.307624489068985
407.8500061035156,0.0,0.0,0.0,1.8405234813690186,0.13295696675777435,-0.11812619119882584,1.8331657648086548,-0.14416642487049103
515.9099731445312,0.0,0.0,0.0,4.340960502624512,-0.36019769310951233,0.06822894513607025,4.827180862426758,0.0936991423368454
982.9739990234375,0.0,0.0,0.0,2.5306854248046875,0.7600666284561157,-0.6429543495178223,2.6997830867767334,-0.6361762881278992
735.7899780273438,0.0,0.0,0.0,3.019674062728882,-0.44119909405708313,0.16690774261951447,3.146709442138672,0.21900740265846252
896.6740112304688,0.0,0.0,0.0,3.0326590538024902,-0.6468886733055115,0.4535016119480133,3.5783536434173584,0.47396665811538696
759.7459716796875,0.0,0.0,0.0,2.7164037227630615,0.11521818488836288,-0.13368533551692963,2.618173122406006,-0.0936901792883873
511.2980041503906,0.0,0.0,0.0,2.595343828201294,-0.551959216594696,0.3985050618648529,2.7790651321411133,0.42710429430007935
484.9460144042969,0.0,0.0,0.0,3.3156890869140625,0.7196946740150452,-0.2896198630332947,3.724562644958496,-0.27575933933258057
159.42599487304688,0.0,0.0,0.0,1.813295602798462,0.536370038986206,-0.6425607204437256,1.9014374017715454,-0.6077533960342407
1010.4660034179688,0.0,0.0,0.0,3.9995758533477783,-0.919100284576416,0.294190376996994,4.634430885314941,0.22926171123981476
374.0140075683594,0.0,0.0,0.0,3.2707087993621826,-0.11043423414230347,0.14743264019489288,3.52847957611084,0.1677769273519516
618.781982421875,0.0,0.0,0.0,1.555821180343628,0.042041730135679245,-0.049036670476198196,1.6068278551101685,-0.06667953729629517
295.2460021972656,0.0,0.0,0.0,2.6222047805786133,0.39330488443374634,-0.3556576073169708,2.581005573272705,-0.4170091152191162
1016.4099731445312,0.0,0.0,0.0,3.442230701446533,0.0023889022413641214,0.025399865582585335,3.8634393215179443,0.07111342251300812
303.8900146484375,0.0,0.0,0.0,2.1161491870880127,-0.22025728225708008,0.30907341837882996,2.4521725177764893,0.35818880796432495
945.2979736328125,0.0,0.0,0.0,4.0049028396606445,-0.8375087380409241,0.31130602955818176,4.434875011444092,0.34714722633361816
441.9620056152344,0.0,0.0,0.0,1.5331165790557861,0.13566413521766663,-0.3530203402042389,1.6426160335540771,-0.3908502161502838
787.3099975585938,0.0,0.0,0.0,3.6919283866882324,0.4728482663631439,-0.2281881719827652,3.880086898803711,-0.305568128824234
160.48199462890625,0.0,0.0,0.0,1.7753909826278687,0.3956594467163086,-0.6250621676445007,1.8565305471420288,-0.6129342317581177
984.197998046875,0.0,0.0,0.0,2.6911420822143555,0.7112125158309937,-0.49662768840789795,3.071099281311035,-0.43777212500572205
712.6380004882812,0.0,0.0,0.0,3.861950159072876,0.7642394304275513,-0.24513861536979675,4.200552463531494,-0.16208554804325104
294.2860107421875,0.0,0.0,0.0,2.8248751163482666,0.1100987121462822,-0.25637707114219666,2.995619535446167,-0.1707133650779724
366.302001953125,0.0,0.0,0.0,3.0394527912139893,-0.88416588306427,0.5254601240158081,3.557368040084839,0.5325998067855835
637.72998046875,0.0,0.0,0.0,2.665531873703003,-0.13051258027553558,0.06990619003772736,2.3427085876464844,0.04794615879654884
890.6820068359375,0.0,0.0,0.0,3.3932952880859375,-0.564361035823822,0.21474163234233856,2.8771159648895264,0.18123570084571838
707.02197265625,0.0,0.0,0.0,2.392580032348633,0.5195648074150085,-0.5272157192230225,2.719656229019165,-0.500190019607544
231.7779998779297,0.0,0.0,0.0,1.6042200326919556,0.3108702003955841,-0.5472792983055115,1.627394437789917,-0.5159332752227783
148.54600524902344,0.0,0.0,0.0,3.8112475872039795,0.029575008898973465,0.02263072319328785,3.532879590988159,-0.08224790543317795
602.5339965820312,0.0,0.0,0.0,2.2734146118164062,-0.5457273721694946,0.6087939739227295,2.6288349628448486,0.5532169342041016
895.4340209960938,0.0,0.0,0.0,2.2325220108032227,-0.43665561079978943,0.5321436524391174,2.7028000354766846,0.5630897283554077
898.010009765625,0.0,0.0,0.0,3.675137758255005,-0.9179835319519043,0.520227313041687,3.4205098152160645,0.5950865745544434
718.4500122070312,0.0,0.0,0.0,3.3144848346710205,0.3292247951030731,-0.20522795617580414,3.678251028060913,-0.19723741710186005
518.3699951171875,0.0,0.0,0.0,4.640740394592285,-0.17935419082641602,-0.05907077714800835,4.837347030639648,-0.01497435662895441
872.8140258789062,0.0,0.0,0.0,4.1020636558532715,0.32878267765045166,-0.05614754557609558,4.348564147949219,-0.13136598467826843
193.87399291992188,0.0,0.0,0.0,2.8424668312072754,-0.5561741590499878,0.3908831775188446,3.2519004344940186,0.42194443941116333
419.5379943847656,0.0,0.0,0.0,3.294478178024292,0.38001149892807007,-0.15614992380142212,3.4550435543060303,-0.19206954538822174
577.7059936523438,0.0,0.0,0.0,2.205036163330078,0.6774636507034302,-0.5928401350975037,2.513944149017334,-0.5822964906692505
721.2940063476562,0.0,0.0,0.0,4.15882682800293,0.18528737127780914,-0.042603157460689545,4.336428165435791,-0.04563593864440918
722.6060180664062,0.0,0.0,0.0,4.034070014953613,0.06208525225520134,-0.01462781522423029,3.8173487186431885,-0.054888684302568436
792.9860229492188,0.0,0.0,0.0,3.5304691791534424,0.18145552277565002,-0.01178345549851656,3.362661838531494,0.024626880884170532
915.0540161132812,0.0,0.0,0.0,4.650169849395752,-0.22960291802883148,0.07152912020683289,4.609194755554199,0.04120940342545509
814.6820068359375,0.0,0.0,0.0,2.518331527709961,-0.4372946321964264,0.19415846467018127,2.26711106300354,0.11829360574483871
651.989990234375,0.0,0.0,0.0,3.500889539718628,0.1943189650774002,-0.06793954968452454,3.3739945888519287,-0.06611104309558868
231.42599487304688,0.0,0.0,0.0,1.589667797088623,0.3001064658164978,-0.5244685411453247,1.6231706142425537,-0.5431846380233765
403.6419982910156,0.0,0.0,0.0,2.8519999980926514,0.1272110641002655,0.04832586273550987,2.4714488983154297,0.01881713978946209
729.1019897460938,0.0,0.0,0.0,3.3253488540649414,-0.18798039853572845,0.15994587540626526,3.561879873275757,0.15127937495708466
832.1740112304688,0.0,0.0,0.0,4.2583537101745605,0.16675560176372528,-0.06260910630226135,4.677464485168457,-0.005088823847472668
268.65399169921875,0.0,0.0,0.0,1.9261810779571533,-0.3824487626552582,0.5238577723503113,2.2619059085845947,0.6010722517967224
550.1580200195312,0.0,0.0,0.0,3.1590280532836914,0.38200825452804565,-0.24867308139801025,3.378441572189331,-0.250255286693573
196.8459930419922,0.0,0.0,0.0,4.353571891784668,-0.49580058455467224,0.12381280213594437,4.615029335021973,0.06673760712146759
179.9739990234375,0.0,0.0,0.0,1.870747685432434,-0.34195712208747864,0.44657060503959656,1.9943411350250244,0.4256337583065033
282.32598876953125,0.0,0.0,0.0,3.266808032989502,-0.5407170653343201,0.25486627221107483,3.6590349674224854,0.3085298538208008
888.3499755859375,0.0,0.0,0.0,2.6217565536499023,-0.5264791250228882,0.41678622364997864,2.9032018184661865,0.41667839884757996
724.43798828125,0.0,0.0,0.0,3.236424446105957,0.06235611066222191,0.007311203517019749,2.950212240219116,-0.05738558620214462
622.1740112304688,0.0,0.0,0.0,2.0845141410827637,0.10882474482059479,-0.1574280560016632,2.0913336277008057,-0.12191589176654816
240.21400451660156,0.0,0.0,0.0,2.920680522918701,-0.18654277920722961,0.04085233062505722,2.7376034259796143,0.0038541473913937807
442.24200439453125,0.0,0.0,0.0,1.595036268234253,0.16207028925418854,-0.36646080017089844,1.6290929317474365,-0.3816334009170532
194.08999633789062,0.0,0.0,0.0,2.9854989051818848,-0.5658519864082336,0.39497503638267517,3.4139609336853027,0.36497175693511963
171.17799377441406,0.0,0.0,0.0,1.6564725637435913,0.3457863926887512,-0.3898264169692993,1.7773367166519165,-0.25625020265579224
967.7379760742188,0.0,0.0,0.0,2.1891112327575684,0.33243077993392944,-0.3605442941188812,2.157505512237549,-0.3926439583301544
696.1019897460938,0.0,0.0,0.0,-0.0749913826584816,-0.022179555147886276,0.004203668795526028,0.0,0.0
1019.4619750976562,0.0,0.0,0.0,3.950232982635498,-0.1865607649087906,0.017828548327088356,4.292476177215576,-0.01213551964610815
233.3419952392578,0.0,0.0,0.0,1.8803170919418335,0.3003683388233185,-0.2205946296453476,1.8471530675888062,0.0009514263947494328
657.4140014648438,0.0,0.0,0.0,0.4413641095161438,-0.05314934253692627,-0.02006169967353344,0.0,0.0
535.9860229492188,0.0,0.0,0.0,3.6623265743255615,0.696571409702301,-0.32633256912231445,4.342986583709717,-0.3084475100040436
939.114013671875,0.0,0.0,0.0,1.5272330045700073,-0.2071402370929718,0.3882395029067993,1.577605128288269,0.4140234887599945
566.6259765625,0.0,0.0,0.0,4.667599678039551,0.05171564593911171,0.01634163223206997,4.79425048828125,-0.008745306171476841
982.6060180664062,0.0,0.0,0.0,2.552096128463745,0.7935861945152283,-0.6859630346298218,2.718632698059082,-0.6392282247543335
668.6859741210938,0.0,0.0,0.0,1.2130136489868164,-0.055189620703458786,0.23328904807567596,1.5412051677703857,0.2582634687423706
152.08999633789062,0.0,0.0,0.0,3.2003941535949707,0.646769106388092,-0.37372705340385437,3.6973118782043457,-0.3604257106781006
172.9459991455078,0.0,0.0,0.0,1.9223554134368896,-0.2117908000946045,0.33139896392822266,2.2697396278381348,0.4200150668621063
599.1300048828125,0.0,0.0,0.0,4.345020294189453,-0.2894798517227173,0.052707184106111526,4.228720188140869,0.010413670912384987
829.1420288085938,0.0,0.0,0.0,3.222290515899658,0.38622912764549255,-0.22177959978580475,3.621380090713501,-0.23687821626663208
1011.1099853515625,0.0,0.0,0.0,4.277409076690674,-0.7265757918357849,0.13856002688407898,4.8443403244018555,0.2558489739894867
214.76199340820312,0.0,0.0,0.0,3.1137521266937256,0.13203108310699463,-0.026980983093380928,2.8314876556396484,0.02388324774801731
349.302001953125,0.0,0.0,0.0,2.928605079650879,0.4232446551322937,-0.3163738250732422,3.337986469268799,-0.28139129281044006
890.0180053710938,0.0,0.0,0.0,3.4351813793182373,-0.5797985792160034,0.29339107871055603,4.054096698760986,0.2869545519351959
509.8659973144531,0.0,0.0,0.0,2.928650140762329,-0.40778791904449463,0.21985718607902527,2.8115007877349854,0.24441301822662354
223.98599243164062,0.0,0.0,0.0,3.5371053218841553,0.16391204297542572,-0.07903411239385605,3.225151538848877,0.0033457849640399218
375.1499938964844,0.0,0.0,0.0,3.4471547603607178,-0.31409937143325806,0.19965460896492004,3.8310468196868896,0.20021554827690125
188.74600219726562,0.0,0.0,0.0,3.0026471614837646,-0.07888434082269669,0.005262949503958225,3.019196033477783,-0.035701360553503036
302.35400390625,0.0,0.0,0.0,1.6919498443603516,0.29189249873161316,-0.24563346803188324,1.79543936252594,-0.046795375645160675
450.4219970703125,0.0,0.0,0.0,4.0404863357543945,0.38926076889038086,-0.14490477740764618,4.144819259643555,-0.24292849004268646
462.85400390625,0.0,0.0,0.0,2.559023141860962,-0.3327890634536743,0.3019029200077057,2.7347004413604736,0.3969269096851349
442.0379943847656,0.0,0.0,0.0,1.5508406162261963,0.1361762434244156,-0.40006688237190247,1.6246631145477295,-0.4095153212547302
859.77001953125,0.0,0.0,0.0,3.0745480060577393,-0.6618624925613403,0.4127946197986603,3.6973319053649902,0.4713568389415741
815.75,0.0,0.0,0.0,2.054696798324585,-0.18618598580360413,0.09258788824081421,2.0572211742401123,0.050576966255903244
250.64599609375,0.0,0.0,0.0,3.9097089767456055,-0.8895407915115356,0.4434986710548401,4.0424604415893555,0.5308986902236938
410.010009765625,0.0,0.0,0.0,2.3765313625335693,0.23294122517108917,-0.11822354793548584,2.4736382961273193,-0.1274360567331314
217.52200317382812,0.0,0.0,0.0,1.9098339080810547,0.35276874899864197,-0.4451455771923065,2.168189287185669,-0.499228835105896
956.5380249023438,0.0,0.0,0.0,2.939368724822998,0.4292616844177246,-0.35218480229377747,3.015615701675415,-0.44714298844337463
682.5419921875,0.0,0.0,0.0,-0.015603248029947281,6.93891997798346e-05,0.0002337148762308061,0.0,0.0
823.8779907226562,0.0,0.0,0.0,3.63203763961792,-0.3778807520866394,0.06062357872724533,3.559619188308716,0.10380972921848297
355.30999755859375,0.0,0.0,0.0,2.653548240661621,0.45402759313583374,-0.3503270447254181,3.2603139877319336,-0.36817094683647156
819.1420288085938,0.0,0.0,0.0,3.4663000106811523,-0.2737337052822113,0.08218217641115189,3.9065091609954834,0.11116689443588257
590.7340087890625,0.0,0.0,0.0,2.5902392864227295,-0.31116726994514465,0.0041040112264454365,2.7425479888916016,-0.05920848995447159
224.8939971923828,0.0,0.0,0.0,2.975764036178589,0.07659849524497986,-0.028020065277814865,2.9901463985443115,-0.043332330882549286
223.88600158691406,0.0,0.0,0.0,3.5962748527526855,0.1877453625202179,-0.025890788063406944,3.216078281402588,0.0048506478779017925
981.8779907226562,0.0,0.0,0.0,3.0777313709259033,0.7199488878250122,-0.6711477637290955,2.83343768119812,-0.5502986907958984
968.1019897460938,0.0,0.0,0.0,2.113966703414917,0.3659939765930176,-0.4424651265144348,2.196364641189575,-0.35966575145721436
506.4179992675781,0.0,0.0,0.0,3.725022315979004,-0.2545565962791443,0.08402102440595627,3.651242971420288,0.07496468722820282
330.15399169921875,0.0,0.0,0.0,3.7544164657592773,0.0004923791857436299,-0.0048821778036653996,3.608342409133911,-0.02492734044790268
378.1780090332031,0.0,0.0,0.0,3.885080575942993,-0.09560420364141464,0.03866167366504669,3.7179155349731445,0.04682723805308342
510.4939880371094,0.0,0.0,0.0,2.633862257003784,-0.46192893385887146,0.3451789915561676,2.563377618789673,0.3733515739440918
650.4140014648438,0.0,0.0,0.0,3.0921595096588135,0.1723381131887436,-0.13517890870571136,3.7125656604766846,-0.1682291030883789
663.0139770507812,0.0,0.0,0.0,3.2831099033355713,-0.5750014781951904,0.30852553248405457,3.6422321796417236,0.3186355531215668
422.6180114746094,0.0,0.0,0.0,3.8618996143341064,0.7525997757911682,-0.3098483383655548,4.211576461791992,-0.274366557598114
593.8579711914062,0.0,0.0,0.0,3.8379104137420654,0.4634426236152649,-0.19930821657180786,4.293304443359375,-0.21508164703845978
1011.781982421875,0.0,0.0,0.0,4.430840492248535,-0.6060762405395508,0.1336342841386795,5.036830425262451,0.18415501713752747
918.8820190429688,0.0,0.0,0.0,3.7114531993865967,-0.4604136645793915,0.2381170243024826,3.5404579639434814,0.16497233510017395
548.3740234375,0.0,0.0,0.0,2.502124071121216,0.025169184431433678,-0.12336563318967819,2.72200345993042,-0.16030503809452057
356.9540100097656,0.0,0.0,0.0,3.566762924194336,0.503973662853241,-0.24156132340431213,4.1354522705078125,-0.2777555584907532
548.2739868164062,0.0,0.0,0.0,2.4912407398223877,0.011035558767616749,-0.11674962192773819,2.6777477264404297,-0.14905177056789398
665.093994140625,0.0,0.0,0.0,3.6556692123413086,-0.36702314019203186,0.15334753692150116,3.5913710594177246,0.1228584349155426
484.10198974609375,0.0,0.0,0.0,3.005223274230957,0.8047763109207153,-0.3762258291244507,3.5973715782165527,-0.4045994281768799
1015.7420043945312,0.0,0.0,0.0,3.5329172611236572,0.07140523195266724,-0.04775284603238106,3.4159178733825684,0.04027589038014412
900.010009765625,0.0,0.0,0.0,2.461029529571533,-0.8192855715751648,0.5481613874435425,3.0819623470306396,0.5909699201583862
929.8140258789062,0.0,0.0,0.0,3.4097821712493896,0.5847131013870239,-0.4230375587940216,3.6560275554656982,-0.36589279770851135
339.406005859375,0.0,0.0,0.0,2.1054253578186035,0.19119961559772491,-0.09355475753545761,1.924026608467102,-0.08622806519269943
599.3740234375,0.0,0.0,0.0,4.295962810516357,-0.2521717846393585,0.0389091819524765,3.899286985397339,0.04596499726176262
387.5260009765625,0.0,0.0,0.0,3.3049075603485107,-0.8174652457237244,0.3054637610912323,3.683138132095337,0.26112809777259827
141.61399841308594,0.0,0.0,0.0,2.698925256729126,0.16335095465183258,-0.07347869873046875,2.741666316986084,-0.040089841932058334
829.6259765625,0.0,0.0,0.0,3.4686949253082275,0.3909352421760559,-0.15685582160949707,3.7079150676727295,-0.12582479417324066
313.27801513671875,0.0,0.0,0.0,2.306486129760742,0.007027966435998678,-0.038447558879852295,2.1115612983703613,-0.010531007312238216
928.3300170898438,0.0,0.0,0.0,3.9561901092529297,0.1401015818119049,-0.33045831322669983,3.810279130935669,-0.29985710978507996
133.13400268554688,0.0,0.0,0.0,-0.0010151370661333203,0.0009046061313711107,-0.0020104222930967808,0.0,0.0
512.27001953125,0.0,0.0,0.0,2.8507144451141357,-0.5802743434906006,0.27994585037231445,3.2416419982910156,0.324128657579422
726.7579956054688,0.0,0.0,0.0,2.4854447841644287,-0.01568700559437275,0.14061006903648376,2.817976951599121,0.1568363457918167
301.12200927734375,0.0,0.0,0.0,1.9301384687423706,0.5297071933746338,-0.6237753033638,1.9327585697174072,-0.6400604248046875
1026.1099853515625,0.0,0.0,0.0,3.742969512939453,0.8770712018013,-0.30967652797698975,4.404644012451172,-0.3177865147590637
814.4459838867188,0.0,0.0,0.0,2.6820898056030273,-0.4960889518260956,0.25318461656570435,2.453246831893921,0.1821773201227188
389.0220031738281,0.0,0.0,0.0,3.2346742153167725,-0.42846620082855225,0.09182679653167725,3.257693290710449,0.12776882946491241
607.5139770507812,0.0,0.0,0.0,4.3856587409973145,-0.5274515748023987,0.11636184900999069,4.797364234924316,0.12964896857738495
637.6300048828125,0.0,0.0,0.0,2.7204408645629883,-0.12938103079795837,0.07187905162572861,2.4914162158966064,0.07898000627756119
660.1019897460938,0.0,0.0,0.0,1.7896572351455688,-0.20460812747478485,0.33863726258277893,2.015733242034912,0.37459227442741394
628.6380004882812,0.0,0.0,0.0,3.7264411449432373,0.8224303722381592,-0.3475078344345093,4.174760818481445,-0.32178354263305664
868.9140014648438,0.0,0.0,0.0,2.869995594024658,0.9198212623596191,-0.5355984568595886,3.3041343688964844,-0.5895369648933411
256.2179870605469,0.0,0.0,0.0,4.7036824226379395,-0.0840868353843689,0.0009610695415176451,5.167640209197998,-0.031769756227731705
355.6180114746094,0.0,0.0,0.0,2.8341751098632812,0.49175187945365906,-0.43441036343574524,3.3979427814483643,-0.30254027247428894
317.6499938964844,0.0,0.0,0.0,1.570267677307129,0.18505166471004486,-0.35483407974243164,1.663273811340332,-0.3268805742263794
990.4140014648438,0.0,0.0,0.0,2.305380344390869,0.07163617759943008,-0.19122529029846191,2.4960243701934814,-0.29155340790748596
389.80999755859375,0.0,0.0,0.0,2.9775664806365967,-0.19278769195079803,-0.009623962454497814,2.874016284942627,-0.08371154218912125
464.48199462890625,0.0,0.0,0.0,2.586193799972534,-0.5513046383857727,0.4793643653392792,2.9742794036865234,0.5178857445716858
684.9860229492188,0.0,0.0,0.0,2.3476333618164062,-0.15223991870880127,0.17874911427497864,2.7156994342803955,0.20195068418979645
650.8499755859375,0.0,0.0,0.0,3.3189587593078613,0.1825343370437622,-0.14433087408542633,3.581411361694336,-0.11236103624105453
421.51800537109375,0.0,0.0,0.0,3.3713464736938477,0.5728198885917664,-0.4017774164676666,3.976330518722534,-0.4361557364463806
859.3060302734375,0.0,0.0,0.0,2.7976157665252686,-0.6268192529678345,0.5196624398231506,3.662492513656616,0.5920012593269348
634.8099975585938,0.0,0.0,0.0,4.218196392059326,0.544070303440094,-0.17417822778224945,4.181919097900391,-0.1516537070274353
585.0579833984375,0.0,0.0,0.0,3.6667001247406006,-0.9045565128326416,0.4635981023311615,3.52107834815979,0.4659499526023865
731.27001953125,0.0,0.0,0.0,4.067337989807129,-0.43508851528167725,0.22059284150600433,4.405010223388672,0.23612384498119354
496.9540100097656,0.0,0.0,0.0,2.5114009380340576,-0.3819487988948822,0.2974773049354553,2.722280263900757,0.36013126373291016
312.0539855957031,0.0,0.0,0.0,3.0323824882507324,0.01493883691728115,-0.061853211373090744,2.874772548675537,0.05039951577782631
288.9779968261719,0.0,0.0,0.0,2.3525502681732178,-0.9277878999710083,0.709721565246582,2.6131296157836914,0.7152807116508484
909.2100219726562,0.0,0.0,0.0,3.4095618724823,0.5725166201591492,-0.23564749956130981,3.730470657348633,-0.05257824435830116
927.5339965820312,0.0,0.0,0.0,4.116897106170654,-0.40130743384361267,0.06418619304895401,4.13838529586792,0.06323608011007309
1023.781982421875,0.0,0.0,0.0,4.469505786895752,0.12919458746910095,-0.24840621650218964,3.7862966060638428,-0.4047609567642212
391.0140075683594,0.0,0.0,0.0,3.2169790267944336,0.016038263216614723,-0.06394930183887482,3.4669947624206543,-0.14046375453472137
334.24200439453125,0.0,0.0,0.0,1.8962949514389038,0.20239150524139404,-0.32797810435295105,2.077101707458496,-0.3775506019592285
692.0900268554688,0.0,0.0,0.0,4.232569217681885,-0.44214770197868347,0.09470720589160919,4.744142055511475,0.07966765016317368
313.1780090332031,0.0,0.0,0.0,2.370708703994751,0.019248003140091896,0.007796252146363258,2.16040301322937,0.017468689009547234
343.1099853515625,0.0,0.0,0.0,2.412764310836792,0.2610583007335663,-0.23042206466197968,2.9428789615631104,-0.26661455631256104
473.1820068359375,0.0,0.0,0.0,3.5124387741088867,-0.43834516406059265,0.1275542825460434,3.495810031890869,0.09745236486196518
661.302001953125,0.0,0.0,0.0,2.2667014598846436,-0.37932732701301575,0.41882678866386414,2.771000862121582,0.4147303104400635
455.197998046875,0.0,0.0,0.0,2.8623204231262207,0.06950812041759491,-0.02867513708770275,2.5171396732330322,-0.0010842977790161967
983.9580078125,0.0,0.0,0.0,2.6156647205352783,0.7064922451972961,-0.5895333290100098,3.095818042755127,-0.4811568558216095
783.1019897460938,0.0,0.0,0.0,3.195054292678833,0.45456382632255554,-0.2545948028564453,3.392894744873047,-0.2337845116853714
656.0180053710938,0.0,0.0,0.0,2.4817895889282227,-0.5451928377151489,0.4706772267818451,2.8796751499176025,0.5063637495040894
188.2220001220703,0.0,0.0,0.0,3.4280929565429688,-0.12536703050136566,0.02090318873524666,2.980354070663452,0.018111925572156906
327.91400146484375,0.0,0.0,0.0,4.341291904449463,0.4858730137348175,-0.10003254562616348,4.586272239685059,-0.02950744330883026
1002.3460083007812,0.0,0.0,0.0,2.9408321380615234,-0.6403678059577942,0.4196298122406006,3.4416043758392334,0.42275381088256836
656.8140258789062,0.0,0.0,0.0,1.5912517309188843,-0.23894113302230835,0.01523533184081316,0.0,0.0
833.9459838867188,0.0,0.0,0.0,4.097880840301514,0.47175413370132446,-0.46318238973617554,3.3916783332824707,-0.5514230132102966
228.21400451660156,0.0,0.0,0.0,1.6502070426940918,0.28777217864990234,-0.473091721534729,1.8985669612884521,-0.5449415445327759
620.1859741210938,0.0,0.0,0.0,1.8015646934509277,0.07773499190807343,-0.09725908190011978,1.8439948558807373,-0.06734147667884827
513.781982421875,0.0,0.0,0.0,3.520357370376587,-0.512974202632904,0.14679591357707977,4.130311965942383,0.11469786614179611
459.6820068359375,0.0,0.0,0.0,3.1436426639556885,-0.1298764944076538,0.04458501189947128,3.4086363315582275,0.0647866278886795
570.5419921875,0.0,0.0,0.0,3.223423480987549,0.8664947152137756,-0.473151296377182,3.9191477298736572,-0.5205897688865662
605.5139770507812,0.0,0.0,0.0,3.531567335128784,-0.8932266235351562,0.42713356018066406,4.102452754974365,0.4031265079975128
628.5380249023438,0.0,0.0,0.0,3.693204879760742,0.8328312635421753,-0.3219659924507141,4.15269660949707,-0.33942338824272156
1031.0179443359375,0.0,0.0,0.0,1.9238029718399048,0.49829015135765076,-0.5884143114089966,2.120065927505493,-0.5761262774467468
591.177978515625,0.0,0.0,0.0,2.799628734588623,-0.09008883684873581,-0.23589728772640228,3.036146640777588,-0.27806296944618225
927.6099853515625,0.0,0.0,0.0,4.124139785766602,-0.40264958143234253,0.03360310569405556,4.175360679626465,-0.1300329864025116
275.77398681640625,0.0,0.0,0.0,2.341761589050293,-0.13754571974277496,0.2668824791908264,2.282789945602417,0.2818204462528229
684.302001953125,0.0,0.0,0.0,1.8066824674606323,-0.04808611422777176,0.1333513706922531,2.2087833881378174,0.13541767001152039
301.3139953613281,0.0,0.0,0.0,1.825103521347046,0.5053786635398865,-0.6317011713981628,1.986693024635315,-0.6874053478240967
1007.2260131835938,0.0,0.0,0.0,4.010527610778809,-0.636642575263977,0.21582071483135223,4.158451557159424,0.16973386704921722
748.3660278320312,0.0,0.0,0.0,3.6324052810668945,-0.06602899730205536,-0.08876752108335495,3.4988629817962646,-0.10092855244874954
1013.85400390625,0.0,0.0,0.0,4.364511489868164,-0.18386107683181763,-0.015561179257929325,4.052040100097656,-0.007615424692630768
184.6820068359375,0.0,0.0,0.0,4.137143135070801,-0.572433352470398,0.19948382675647736,4.455064296722412,0.15146084129810333
180.88999938964844,0.0,0.0,0.0,2.114335298538208,-0.38850417733192444,0.46065178513526917,2.3792262077331543,0.517612874507904
1014.0659790039062,0.0,0.0,0.0,4.245357990264893,-0.1317232847213745,0.03772074356675148,4.287224769592285,0.07078009098768234
462.5379943847656,0.0,0.0,0.0,2.7082231044769287,-0.27619197964668274,0.28722766041755676,2.6862969398498535,0.3067990839481354
800.197998046875,0.0,0.0,0.0,3.8993630409240723,0.8809875845909119,-0.3279144763946533,4.506011009216309,-0.3094814121723175
854.4979858398438,0.0,0.0,0.0,3.5083913803100586,-0.34517768025398254,0.10379645973443985,3.2650506496429443,0.15774594247341156
242.98599243164062,0.0,0.0,0.0,1.9576245546340942,-0.26510241627693176,0.3592943251132965,2.1067562103271484,0.39948785305023193
295.8580017089844,0.0,0.0,0.0,2.126296281814575,0.49713343381881714,-0.5671800374984741,2.2336413860321045,-0.6302615404129028
768.93798828125,0.0,0.0,0.0,3.889528512954712,0.20527341961860657,-0.0052033294923603535,4.288471698760986,-0.02365737035870552
699.114013671875,0.0,0.0,0.0,2.472245216369629,-0.31591764092445374,0.31937628984451294,2.9159562587738037,0.34913718700408936
257.0740051269531,0.0,0.0,0.0,4.70296573638916,-0.0187457874417305,-0.04448136314749718,4.5657124519348145,0.03104316256940365
1024.9739990234375,0.0,0.0,0.0,3.6833834648132324,0.9646042585372925,-0.4660346806049347,3.8031539916992188,-0.5159173607826233
478.6820068359375,0.0,0.0,0.0,2.8882246017456055,0.27956900000572205,-0.2141023874282837,3.028289556503296,-0.1707659363746643
835.5380249023438,0.0,0.0,0.0,3.231755495071411,0.9685959815979004,-0.5389693975448608,3.70222806930542,-0.49163490533828735
133.7779998779297,0.0,0.0,0.0,-0.0018254895694553852,0.0008891302277334034,0.0006727207801304758,0.0,0.0
150.68600463867188,0.0,0.0,0.0,2.4608547687530518,0.5557124614715576,-0.5000943541526794,3.0612776279449463,-0.5014379024505615
365.6419982910156,0.0,0.0,0.0,3.2756030559539795,-0.7734805941581726,0.5039650797843933,3.3132548332214355,0.6303218603134155
606.64599609375,0.0,0.0,0.0,4.014609336853027,-0.7508241534233093,0.20023073256015778,4.697129726409912,0.17409901320934296
817.1019897460938,0.0,0.0,0.0,2.40086030960083,-0.16565334796905518,0.16682487726211548,2.8707714080810547,0.10153558850288391
243.8419952392578,0.0,0.0,0.0,2.1783828735351562,-0.3766309916973114,0.45075833797454834,2.5063018798828125,0.4663871228694916
717.7100219726562,0.0,0.0,0.0,3.222097396850586,0.040591049939394,-0.17706699669361115,3.482208013534546,-0.21992377936840057
500.2860107421875,0.0,0.0,0.0,1.8239768743515015,-0.2764401137828827,0.4594896137714386,1.7413241863250732,0.44036370515823364
382.30999755859375,0.0,0.0,0.0,2.672170400619507,-0.39367273449897766,0.31438252329826355,2.8558509349823,0.3242869973182678
963.9500122070312,0.0,0.0,0.0,3.2924768924713135,0.9215815663337708,-0.5170233249664307,3.296038866043091,-0.538261353969574
229.69400024414062,0.0,0.0,0.0,1.7549049854278564,0.2877604067325592,-0.4151104688644409,1.864298939704895,-0.4835635721683502
307.34600830078125,0.0,0.0,0.0,3.953864097595215,-0.5035186409950256,0.19522877037525177,4.306742191314697,0.22059252858161926
940.2459716796875,0.0,0.0,0.0,1.8314619064331055,-0.31078511476516724,0.4998212456703186,1.997259497642517,0.41382116079330444
498.37799072265625,0.0,0.0,0.0,2.6419918537139893,-0.3390079140663147,0.24847079813480377,2.691443920135498,0.25734829902648926
219.51400756835938,0.0,0.0,0.0,2.8469948768615723,0.6088191270828247,-0.47480079531669617,3.3034257888793945,-0.41795629262924194
802.8779907226562,0.0,0.0,0.0,3.093233585357666,1.0418294668197632,-0.5194575190544128,3.2065188884735107,-0.5185366272926331
958.3419799804688,0.0,0.0,0.0,3.164278745651245,0.5816209316253662,-0.32141774892807007,3.6077921390533447,-0.3100261986255646
389.9460144042969,0.0,0.0,0.0,2.943117141723633,-0.15625035762786865,-0.05009111016988754,3.06415057182312,-0.07547207921743393
689.5700073242188,0.0,0.0,0.0,3.4418814182281494,-0.7394899129867554,0.36453360319137573,4.0633625984191895,0.3010333478450775
981.093994140625,0.0,0.0,0.0,3.6819748878479004,0.508489727973938,-0.2618253827095032,3.613611936569214,-0.2629257142543793
406.4859924316406,0.0,0.0,0.0,1.7385741472244263,0.13755452632904053,-0.08862937986850739,1.8970211744308472,-0.11528631299734116
319.1619873046875,0.0,0.0,0.0,1.8486833572387695,0.25044694542884827,-0.31666767597198486,2.097822904586792,-0.38699832558631897
655.1900024414062,0.0,0.0,0.0,2.135902166366577,-0.4942474067211151,0.48066332936286926,2.459916114807129,0.4699322283267975
705.6539916992188,0.0,0.0,0.0,1.8443586826324463,0.39266085624694824,-0.5710856318473816,2.154836893081665,-0.5429191589355469
390.4700012207031,0.0,0.0,0.0,3.0747897624969482,-0.04383943974971771,-0.03225858509540558,3.222010374069214,-0.030995141714811325
267.08599853515625,0.0,0.0,0.0,1.506492257118225,-0.25378644466400146,0.42977216839790344,1.7162070274353027,0.4662468135356903
385.3380126953125,0.0,0.0,0.0,3.5462610721588135,-0.646102786064148,0.23386511206626892,3.9631834030151367,0.20654065907001495
269.5140075683594,0.0,0.0,0.0,2.363405704498291,-0.34638381004333496,0.14868804812431335,3.097172498703003,0.16302837431430817
749.4660034179688,0.0,0.0,0.0,2.9750730991363525,0.24415887892246246,-0.1898888647556305,2.582944393157959,-0.14836129546165466
726.8499755859375,0.0,0.0,0.0,2.5339908599853516,-0.024438723921775818,0.1374293863773346,2.7097904682159424,0.16499951481819153
924.4099731445312,0.0,0.0,0.0,2.9530022144317627,-0.660431444644928,0.3931911289691925,3.2146618366241455,0.3807080090045929
272.34600830078125,0.0,0.0,0.0,3.6514108180999756,0.11289573460817337,-0.04357976093888283,3.6294422149658203,-0.08556158095598221
848.7420043945312,0.0,0.0,0.0,2.7348227500915527,0.617268979549408,-0.4021192789077759,2.665321111679077,-0.3643037974834442
687.4500122070312,0.0,0.0,0.0,3.216204881668091,-0.3492692708969116,0.3077363967895508,3.35494065284729,0.30539628863334656
365.95001220703125,0.0,0.0,0.0,3.135857343673706,-0.8447071313858032,0.5610086917877197,3.602987766265869,0.6051831841468811
565.5380249023438,0.0,0.0,0.0,4.721174716949463,0.06829482316970825,0.0453856997191906,4.813889503479004,-0.13634732365608215
807.302001953125,0.0,0.0,0.0,3.475522518157959,0.8033204078674316,-0.3810975253582001,3.6753997802734375,-0.442273885011673
745.7420043945312,0.0,0.0,0.0,4.289837837219238,-0.41727787256240845,0.1056068018078804,4.603771209716797,0.1256943941116333
973.3779907226562,0.0,0.0,0.0,3.7144839763641357,0.4756503105163574,-0.1945415884256363,3.9912633895874023,-0.1739274114370346
443.30999755859375,0.0,0.0,0.0,1.8324530124664307,0.25507232546806335,-0.37644970417022705,1.9688142538070679,-0.419609397649765
992.4619750976562,0.0,0.0,0.0,3.0200107097625732,0.460798978805542,-0.29403552412986755,3.5584211349487305,-0.2498452216386795
485.5140075683594,0.0,0.0,0.0,3.5111329555511475,0.6728293895721436,-0.18419019877910614,3.7436106204986572,-0.21991664171218872
770.666015625,0.0,0.0,0.0,4.223394393920898,0.08875049650669098,-0.009313477203249931,4.605113983154297,0.07373011857271194
589.5419921875,0.0,0.0,0.0,1.9553135633468628,-0.4260285496711731,0.5546106696128845,2.2566168308258057,0.5794806480407715
264.4540100097656,0.0,0.0,0.0,1.2990295886993408,-0.062195535749197006,0.11651996523141861,1.2447946071624756,0.10590573400259018
450.3179931640625,0.0,0.0,0.0,4.046451568603516,0.3887440264225006,-0.1383419781923294,4.2989301681518555,-0.19449064135551453
311.84600830078125,0.0,0.0,0.0,3.196488857269287,-0.0025326635222882032,-0.07258487492799759,2.6914656162261963,0.0048181237652897835
809.3779907226562,0.0,0.0,0.0,4.02656364440918,0.6911814212799072,-0.23266249895095825,4.491212844848633,-0.23847649991512299
987.2739868164062,0.0,0.0,0.0,3.073573112487793,-0.05032556876540184,0.19777053594589233,3.0105605125427246,0.14418812096118927
226.42999267578125,0.0,0.0,0.0,1.5437066555023193,0.15893808007240295,-0.36055752635002136,1.510957956314087,-0.36463579535484314
707.8179931640625,0.0,0.0,0.0,2.749680280685425,0.6077408790588379,-0.40354424715042114,3.154287338256836,-0.41759830713272095
494.4219970703125,0.0,0.0,0.0,1.7124286890029907,-0.25638723373413086,0.36201605200767517,2.014643669128418,0.3893388509750366
532.697998046875,0.0,0.0,0.0,2.1399025917053223,0.4459385871887207,-0.4413042962551117,2.4171664714813232,-0.47894951701164246
911.2420043945312,0.0,0.0,0.0,4.25801944732666,-0.03085303120315075,0.021422235295176506,4.599152088165283,-0.024630308151245117
436.51800537109375,0.0,0.0,0.0,2.8588974475860596,0.21933044493198395,-0.1702357679605484,2.5068981647491455,-0.13548800349235535
616.43798828125,0.0,0.0,0.0,0.2862590253353119,-0.012153548188507557,-0.025288093835115433,0.0,0.0
229.98199462890625,0.0,0.0,0.0,1.716159462928772,0.2954694330692291,-0.4443797469139099,1.6292989253997803,-0.39561527967453003
976.3619995117188,0.0,0.0,0.0,2.5769968032836914,0.8272632360458374,-0.6958401203155518,2.922785520553589,-0.693239688873291
295.14599609375,0.0,0.0,0.0,2.661789894104004,0.3787629306316376,-0.37733161449432373,2.503242015838623,-0.39623862504959106
764.9299926757812,0.0,0.0,0.0,2.712114095687866,0.397003173828125,-0.2318965196609497,2.870842456817627,-0.24211761355400085
707.1380004882812,0.0,0.0,0.0,2.427773952484131,0.5296238660812378,-0.5187088847160339,2.841012954711914,-0.525120198726654
493.302001953125,0.0,0.0,0.0,1.841866135597229,-0.06367886066436768,0.15123216807842255,1.592259168624878,0.19651103019714355
208.3939971923828,0.0,0.0,0.0,2.270034074783325,0.4403769075870514,-0.5028043985366821,2.6752729415893555,-0.5403343439102173
479.54998779296875,0.0,0.0,0.0,3.2538938522338867,0.3375166058540344,-0.14909860491752625,3.551269769668579,-0.1186554878950119
391.2179870605469,0.0,0.0,0.0,3.264209032058716,0.06794477999210358,-0.12440867722034454,3.408655881881714,-0.15945081412792206
907.22998046875,0.0,0.0,0.0,2.394115686416626,0.39776983857154846,-0.44163352251052856,2.808600425720215,-0.3810940682888031
733.5460205078125,0.0,0.0,0.0,3.8488829135894775,-0.6245143413543701,0.11808077245950699,3.6086959838867188,0.16243375837802887
850.5460205078125,0.0,0.0,0.0,2.064394950866699,0.22906476259231567,-0.19898255169391632,2.060711145401001,-0.19790731370449066
705.1019897460938,0.0,0.0,0.0,1.835693597793579,0.40549182891845703,-0.5147482752799988,1.9556597471237183,-0.5046269297599792
255.1580047607422,0.0,0.0,0.0,4.59981632232666,-0.26087746024131775,0.024853166192770004,4.811751365661621,0.06506006419658661
659.0819702148438,0.0,0.0,0.0,1.3373103141784668,-0.07215534895658493,0.1637764275074005,1.6443818807601929,0.23215849697589874
1030.7779541015625,0.0,0.0,0.0,1.915191888809204,0.46873587369918823,-0.6520549654960632,2.1133205890655518,-0.699022114276886
797.75,0.0,0.0,0.0,3.356436014175415,0.13774901628494263,-0.09666991233825684,3.499410629272461,-0.14359556138515472
559.6500244140625,0.0,0.0,0.0,2.681633710861206,0.7723889350891113,-0.5609005093574524,3.1549746990203857,-0.5795794129371643
978.47802734375,0.0,0.0,0.0,2.9688918590545654,0.6161710619926453,-0.45165640115737915,3.5623886585235596,-0.4198271930217743
921.3779907226562,0.0,0.0,0.0,3.055546522140503,-0.32215484976768494,0.21199697256088257,2.630096673965454,0.2697928249835968
624.2020263671875,0.0,0.0,0.0,2.5964863300323486,0.17586685717105865,-0.2150513082742691,3.0658700466156006,-0.1695675402879715
265.1780090332031,0.0,0.0,0.0,1.3155237436294556,-0.0895271822810173,0.23096856474876404,1.38978111743927,0.27927345037460327
480.3659973144531,0.0,0.0,0.0,3.56915020942688,0.44199317693710327,-0.19946427643299103,3.898265838623047,-0.23795169591903687
763.1099853515625,0.0,0.0,0.0,2.726055860519409,0.685926079750061,-0.5088316202163696,2.9312729835510254,-0.47752389311790466
199.8419952392578,0.0,0.0,0.0,4.705826282501221,0.09332864731550217,-0.032717932015657425,4.746326923370361,-0.05875825881958008
864.3140258789062,0.0,0.0,0.0,3.5959832668304443,-1.0724413394927979,0.48464179039001465,4.1078267097473145,0.5020998120307922
642.2020263671875,0.0,0.0,0.0,1.9878175258636475,0.25172358751296997,-0.35687896609306335,2.228710412979126,-0.3645506799221039
678.4819946289062,0.0,0.0,0.0,1.8293691873550415,-0.6517874598503113,0.7886135578155518,1.9680144786834717,0.739774763584137
443.8500061035156,0.0,0.0,0.0,2.0020978450775146,0.3108862638473511,-0.32637807726860046,2.0531938076019287,-0.3114578425884247
877.6420288085938,0.0,0.0,0.0,1.413848638534546,0.16391804814338684,-0.34349337220191956,1.5202423334121704,-0.38094860315322876
141.7259979248047,0.0,0.0,0.0,2.685986042022705,0.15803618729114532,-0.03345997631549835,2.8001441955566406,-0.07780783623456955
770.8779907226562,0.0,0.0,0.0,4.251001358032227,0.08488526195287704,-0.010574057698249817,4.64930534362793,0.04042090103030205
899.2379760742188,0.0,0.0,0.0,2.3811914920806885,-1.1294025182724,0.7606562376022339,2.7897348403930664,0.6079044342041016
780.1019897460938,0.0,0.0,0.0,2.2081239223480225,0.3025352954864502,-0.37488678097724915,2.4150614738464355,-0.431833952665329
464.2539978027344,0.0,0.0,0.0,2.5389344692230225,-0.5110391974449158,0.4625946879386902,2.835622787475586,0.5180019736289978
607.77001953125,0.0,0.0,0.0,4.436131000518799,-0.4844803214073181,0.12641388177871704,4.616697311401367,0.06426113098859787
845.8140258789062,0.0,0.0,0.0,4.198611736297607,0.5332483649253845,-0.10236340761184692,4.615318298339844,-0.1221349760890007
553.5819702148438,0.0,0.0,0.0,2.3207473754882812,0.5203339457511902,-0.4640209972858429,2.545088529586792,-0.522528886795044
223.1580047607422,0.0,0.0,0.0,3.8016254901885986,0.33150044083595276,-0.05245725065469742,3.76465106010437,-0.04960591718554497
979.7459716796875,0.0,0.0,0.0,3.69242525100708,0.6938074827194214,-0.3644421398639679,4.219822406768799,-0.3495488166809082
206.33799743652344,0.0,0.0,0.0,1.7289118766784668,0.3992530107498169,-0.5811709761619568,1.9726767539978027,-0.5679924488067627
878.1820068359375,0.0,0.0,0.0,1.4858739376068115,0.19863183796405792,-0.43723344802856445,1.6061550378799438,-0.40281254053115845
906.0540161132812,0.0,0.0,0.0,1.9958775043487549,0.12462762743234634,-0.26876237988471985,2.254021167755127,-0.3273930847644806
883.0540161132812,0.0,0.0,0.0,3.4595508575439453,0.6535881161689758,-0.3112630844116211,4.005763053894043,-0.3222825229167938
395.9179992675781,0.0,0.0,0.0,1.8195756673812866,0.31967034935951233,-0.5536621809005737,1.954927682876587,-0.4842328429222107
141.49000549316406,0.0,0.0,0.0,2.743715763092041,0.15844671428203583,-0.041033968329429626,2.6881141662597656,-0.09333141893148422
751.4340209960938,0.0,0.0,0.0,1.713740348815918,0.2038598358631134,-0.36030101776123047,1.6644247770309448,-0.3647750914096832
499.2619934082031,0.0,0.0,0.0,2.488567590713501,-0.26747193932533264,0.1647115796804428,2.583664894104004,0.1684797704219818
826.8099975585938,0.0,0.0,0.0,2.5590739250183105,0.4736308753490448,-0.37124451994895935,3.051532030105591,-0.3814026415348053
664.469970703125,0.0,0.0,0.0,3.731243133544922,-0.46568575501441956,0.1423000991344452,4.1136474609375,0.11160837113857269
512.989990234375,0.0,0.0,0.0,3.200056552886963,-0.5530419945716858,0.2852006256580353,3.7005951404571533,0.2537972331047058
395.4779968261719,0.0,0.0,0.0,1.9492839574813843,0.324830025434494,-0.4969123899936676,1.722459316253662,-0.45346251130104065
786.1900024414062,0.0,0.0,0.0,3.4622392654418945,0.3648114800453186,-0.16780468821525574,3.673712730407715,-0.20161579549312592
959.6099853515625,0.0,0.0,0.0,3.6937174797058105,0.4888904094696045,-0.1916087120771408,3.9476277828216553,-0.18829217553138733
215.49000549316406,0.0,0.0,0.0,2.590803623199463,0.11942616105079651,-0.14169032871723175,1.8756663799285889,-0.24284715950489044
390.58599853515625,0.0,0.0,0.0,3.0836331844329834,-0.025994502007961273,-0.05212610214948654,3.139674425125122,-0.07244303822517395
740.35400390625,0.0,0.0,0.0,3.8574845790863037,-0.845703661441803,0.3007834553718567,4.50251579284668,0.3328552544116974
658.2459716796875,0.0,0.0,0.0,0.44136250019073486,-0.01468694768846035,0.08359961956739426,0.995171308517456,0.100576251745224
376.302001953125,0.0,0.0,0.0,3.7216930389404297,-0.3659779727458954,0.1396799236536026,4.167235374450684,0.1670149713754654
157.41000366210938,0.0,0.0,0.0,2.376542329788208,0.6742807030677795,-0.5817204713821411,2.7337520122528076,-0.6379883289337158
473.39801025390625,0.0,0.0,0.0,3.4808599948883057,-0.38882216811180115,0.11989907175302505,3.3104333877563477,-0.016280129551887512
257.3900146484375,0.0,0.0,0.0,4.6450958251953125,0.014596017077565193,-0.0473722405731678,4.536893844604492,-0.002851200057193637
1007.573974609375,0.0,0.0,0.0,4.004416465759277,-0.6635310053825378,0.18479980528354645,4.5292158126831055,0.23388922214508057
789.1060180664062,0.0,0.0,0.0,3.9723892211914062,0.7332353591918945,-0.3035911023616791,4.43254280090332,-0.3344981074333191
719.6019897460938,0.0,0.0,0.0,3.724642753601074,0.3345460593700409,-0.1429283618927002,4.070590972900391,-0.1306489259004593
612.7780151367188,0.0,0.0,0.0,4.7587409019470215,0.06636477261781693,0.037253230810165405,4.317688941955566,0.09370041638612747
524.0900268554688,0.0,0.0,0.0,3.023597478866577,0.5690115690231323,-0.2511741518974304,2.98232102394104,-0.2119695097208023
527.6259765625,0.0,0.0,0.0,1.398074984550476,0.15458810329437256,-0.16530095040798187,1.5333465337753296,-0.19428306818008423
1016.6380004882812,0.0,0.0,0.0,3.495330572128296,-0.04458734765648842,0.02436617761850357,3.5835416316986084,0.04544902965426445
429.7820129394531,0.0,0.0,0.0,2.535071611404419,-0.14153966307640076,0.07503154128789902,2.146143674850464,0.014641888439655304
560.9140014648438,0.0,0.0,0.0,3.5423800945281982,0.8520421385765076,-0.3804938495159149,4.345446586608887,-0.3429776430130005
359.19000244140625,0.0,0.0,0.0,3.7240474224090576,0.23273609578609467,-0.023705070838332176,3.4679031372070312,-0.0724058747291565
635.0819702148438,0.0,0.0,0.0,4.141397476196289,0.5372967720031738,-0.175034761428833,4.16565465927124,-0.12674778699874878
909.8619995117188,0.0,0.0,0.0,3.7618393898010254,0.32521238923072815,-0.02263280749320984,4.1724934577941895,-0.05775696784257889
623.52197265625,0.0,0.0,0.0,2.3805904388427734,0.14282208681106567,-0.10068865865468979,2.2826426029205322,-0.11741305887699127
584.6859741210938,0.0,0.0,0.0,3.9727513790130615,-0.7263317108154297,0.4984515309333801,3.7682278156280518,0.42850038409233093
452.6180114746094,0.0,0.0,0.0,3.7956035137176514,0.566672146320343,-0.1433635801076889,4.049250602722168,-0.1198636069893837
569.3740234375,0.0,0.0,0.0,3.0702009201049805,1.0342751741409302,-0.6394150257110596,3.277351140975952,-0.6416345834732056
986.85400390625,0.0,0.0,0.0,3.1784281730651855,0.2026645690202713,0.1848786622285843,3.0803215503692627,0.152992844581604
851.2659912109375,0.0,0.0,0.0,2.0599372386932373,0.13425718247890472,-0.0035062767565250397,2.13911771774292,0.06615924090147018
474.08599853515625,0.0,0.0,0.0,3.0781919956207275,-0.17264562845230103,0.004930631257593632,2.7106804847717285,0.027457205578684807
237.48599243164062,0.0,0.0,0.0,3.331332206726074,-0.5209202766418457,0.27199387550354004,3.5490379333496094,0.18504168093204498
578.4819946289062,0.0,0.0,0.0,2.5735743045806885,0.6201425790786743,-0.5168793201446533,3.0242714881896973,-0.5630550384521484
604.7100219726562,0.0,0.0,0.0,3.2172610759735107,-0.9183279275894165,0.5478058457374573,3.777312755584717,0.5052632689476013
777.9420166015625,0.0,0.0,0.0,3.22261905670166,0.09880586713552475,-0.010942590422928333,3.0062661170959473,-0.012499884702265263
137.91799926757812,0.0,0.0,0.0,2.207986354827881,0.12712278962135315,-0.17087329924106598,2.506751775741577,-0.170698881149292
522.2739868164062,0.0,0.0,0.0,3.319291830062866,0.7820253968238831,-0.34169718623161316,3.6521575450897217,-0.3390267491340637
455.0740051269531,0.0,0.0,0.0,2.936750888824463,0.07827141880989075,-0.03877100721001625,2.774562358856201,-0.08917230367660522
134.55799865722656,0.0,0.0,0.0,-0.0009602588834241033,0.0005828868015669286,-0.001955566229298711,0.0,0.0
290.7619934082031,0.0,0.0,0.0,2.6063106060028076,-0.8619307279586792,0.7818061113357544,2.8714914321899414,0.8077658414840698
797.3820190429688,0.0,0.0,0.0,3.196028232574463,0.08480774611234665,-0.06146480143070221,3.5457944869995117,-0.12418095767498016
245.41000366210938,0.0,0.0,0.0,2.5636112689971924,-0.6777474880218506,0.6200125813484192,2.941261053085327,0.6457871198654175
870.06201171875,0.0,0.0,0.0,3.4853785037994385,0.8187787532806396,-0.374228835105896,4.054539203643799,-0.387542724609375
620.52197265625,0.0,0.0,0.0,1.845914363861084,0.08085447549819946,-0.14692920446395874,1.7860822677612305,-0.05692621320486069
901.4860229492188,0.0,0.0,0.0,1.8321691751480103,-0.6595065593719482,0.6881940960884094,2.2763147354125977,0.7978063821792603
541.781982421875,0.0,0.0,0.0,4.080504417419434,-0.745481014251709,0.343327134847641,4.253755569458008,0.4563002586364746
873.6339721679688,0.0,0.0,0.0,3.929023027420044,0.23386061191558838,-0.02618977054953575,3.6060805320739746,-0.032226286828517914
477.3179931640625,0.0,0.0,0.0,2.273008108139038,0.24635262787342072,-0.27877750992774963,2.3508434295654297,-0.16800731420516968
393.385986328125,0.0,0.0,0.0,3.2895922660827637,0.15649661421775818,-0.09961432218551636,3.3745036125183105,-0.11681686341762543
604.6420288085938,0.0,0.0,0.0,3.188735008239746,-0.9084188938140869,0.532648503780365,3.799185276031494,0.5629605650901794
430.0379943847656,0.0,0.0,0.0,2.336071729660034,-0.12467572838068008,0.0076292227022349834,2.0977110862731934,0.03719837963581085
521.3140258789062,0.0,0.0,0.0,3.282819986343384,0.9134430289268494,-0.45565271377563477,3.737370729446411,-0.45000436902046204
747.3179931640625,0.0,0.0,0.0,3.937737464904785,-0.2912299931049347,0.003190015908330679,3.833460807800293,0.05448951944708824
608.9180297851562,0.0,0.0,0.0,4.665570259094238,-0.3037373125553131,0.027873028069734573,4.687999725341797,0.01363543700426817
724.52197265625,0.0,0.0,0.0,3.182598114013672,0.07058468461036682,-0.04628468677401543,2.909341812133789,-0.021625952795147896
242.21400451660156,0.0,0.0,0.0,1.9528659582138062,-0.1562599092721939,0.3193036913871765,1.895249366760254,0.31854578852653503
506.30999755859375,0.0,0.0,0.0,3.671414613723755,-0.24739043414592743,0.08408414572477341,3.8971517086029053,0.0838240310549736
490.9259948730469,0.0,0.0,0.0,2.8563380241394043,0.34881579875946045,-0.18314224481582642,2.744230270385742,-0.21037167310714722
596.2059936523438,0.0,0.0,0.0,4.325283050537109,-0.2670942544937134,0.13375705480575562,4.380288600921631,0.17043599486351013
423.1780090332031,0.0,0.0,0.0,3.9769208431243896,0.7164759039878845,-0.2897281050682068,4.12306547164917,-0.26390931010246277
268.2980041503906,0.0,0.0,0.0,1.816629409790039,-0.34109050035476685,0.5208249688148499,2.019951581954956,0.5628570318222046
444.2699890136719,0.0,0.0,0.0,2.133898973464966,0.33225172758102417,-0.4373280107975006,2.4170689582824707,-0.4462839663028717
972.885986328125,0.0,0.0,0.0,3.6960179805755615,0.45491841435432434,-0.13369329273700714,3.821591854095459,-0.16941432654857635
957.030029296875,0.0,0.0,0.0,2.7831475734710693,0.5337721705436707,-0.38354188203811646,2.743802070617676,-0.46503695845603943
717.4340209960938,0.0,0.0,0.0,3.1977884769439697,-0.09207752346992493,-0.09104664623737335,3.356353998184204,-0.10617132484912872
577.3419799804688,0.0,0.0,0.0,2.251281499862671,0.7793643474578857,-0.6232380867004395,2.2764291763305664,-0.6157076954841614
846.5139770507812,0.0,0.0,0.0,4.273138523101807,0.3726593852043152,-0.028131915256381035,4.784017086029053,-0.07037081569433212
785.2780151367188,0.0,0.0,0.0,3.1949892044067383,0.41116923093795776,-0.25569799542427063,3.6450793743133545,-0.21632374823093414
695.0180053710938,0.0,0.0,0.0,1.8326843976974487,-0.4121900796890259,0.02465699054300785,0.0,0.0
533.3740234375,0.0,0.0,0.0,2.254063606262207,0.48549777269363403,-0.42804646492004395,2.831554889678955,-0.5250636339187622
781.7739868164062,0.0,0.0,0.0,2.807967185974121,0.44605711102485657,-0.3476032018661499,3.3156681060791016,-0.376222163438797
557.7020263671875,0.0,0.0,0.0,2.078514575958252,0.4357689321041107,-0.5227491855621338,2.4940695762634277,-0.6690258383750916
907.030029296875,0.0,0.0,0.0,2.2657082080841064,0.34550994634628296,-0.4039496183395386,2.706226110458374,-0.41809386014938354
165.82200622558594,0.0,0.0,0.0,1.8105034828186035,0.36097651720046997,-0.6113471984863281,1.9167587757110596,-0.530831515789032
475.6419982910156,0.0,0.0,0.0,2.166494607925415,0.12379822134971619,-0.2997658848762512,2.004802942276001,-0.2115110605955124
625.2979736328125,0.0,0.0,0.0,2.8025476932525635,0.2774045169353485,-0.24018952250480652,2.921135425567627,-0.26481881737709045
869.27001953125,0.0,0.0,0.0,2.989328145980835,0.87760329246521,-0.5425927639007568,3.7367031574249268,-0.5233052968978882
243.58999633789062,0.0,0.0,0.0,2.0915157794952393,-0.3477354049682617,0.43674081563949585,2.3790111541748047,0.46992170810699463
930.8779907226562,0.0,0.0,0.0,3.484435558319092,0.7714956998825073,-0.4370175302028656,3.68673038482666,-0.49600958824157715
744.3460083007812,0.0,0.0,0.0,4.694949626922607,-0.16858157515525818,-0.08825588971376419,4.981960773468018,-0.0039625768549740314
458.0459899902344,0.0,0.0,0.0,2.371337890625,-0.07118605077266693,0.04211931675672531,2.7429094314575195,0.014937068335711956
570.7780151367188,0.0,0.0,0.0,3.33003830909729,0.85553377866745,-0.4370538592338562,4.13813591003418,-0.37171757221221924
1027.946044921875,0.0,0.0,0.0,3.323004722595215,0.8785932064056396,-0.557482123374939,2.6880991458892822,-0.5624385476112366
977.1259765625,0.0,0.0,0.0,2.4475882053375244,0.7275731563568115,-0.594996988773346,2.9140594005584717,-0.6282339096069336
500.95001220703125,0.0,0.0,0.0,1.6176646947860718,-0.24453066289424896,0.42762482166290283,1.7538477182388306,0.4528551697731018
418.6099853515625,0.0,0.0,0.0,3.4686880111694336,0.4031488001346588,-0.11050597578287125,3.346341609954834,-0.11350264400243759
401.8420104980469,0.0,0.0,0.0,3.7541911602020264,0.46011030673980713,-0.048735830932855606,3.659738779067993,-0.009031502529978752
584.3699951171875,0.0,0.0,0.0,4.2761077880859375,-0.41146984696388245,0.37534886598587036,3.9420266151428223,0.4316788911819458
431.1099853515625,0.0,0.0,0.0,2.0155837535858154,-0.04191599413752556,-0.06665530055761337,2.1971895694732666,-0.16409222781658173
374.8380126953125,0.0,0.0,0.0,3.3718156814575195,-0.27892133593559265,0.17330104112625122,3.7515218257904053,0.23825447261333466
786.8740234375,0.0,0.0,0.0,3.667445659637451,0.3925081193447113,-0.21375806629657745,3.6444551944732666,-0.26912224292755127
580.6539916992188,0.0,0.0,0.0,3.8452024459838867,0.5707634687423706,-0.1310471147298813,4.191605091094971,-0.02804442308843136
465.7820129394531,0.0,0.0,0.0,3.0993082523345947,-0.5867816805839539,0.3718198835849762,3.616370439529419,0.3638240396976471
885.6019897460938,0.0,0.0,0.0,3.7309951782226562,0.28270193934440613,-0.07155340164899826,3.6551289558410645,-0.07032857835292816
936.6539916992188,0.0,0.0,0.0,2.017331838607788,0.09754505753517151,-0.02368534915149212,1.9449554681777954,0.00538141094148159
305.1180114746094,0.0,0.0,0.0,2.7372400760650635,-0.45825880765914917,0.36959075927734375,3.250033140182495,0.3071494996547699
203.02999877929688,0.0,0.0,0.0,4.606264114379883,0.031394392251968384,-0.026314884424209595,4.795295238494873,-0.006266264710575342
442.3500061035156,0.0,0.0,0.0,1.617593765258789,0.1766362190246582,-0.4364621043205261,1.7613286972045898,-0.3947886824607849
837.0540161132812,0.0,0.0,0.0,2.091334104537964,0.271946519613266,-0.0007005129009485245,0.0,0.0
711.6179809570312,0.0,0.0,0.0,3.4392166137695312,0.8664413094520569,-0.4169786870479584,3.8457629680633545,-0.37915489077568054
468.6780090332031,0.0,0.0,0.0,4.221069812774658,-0.6221878528594971,0.36454784870147705,3.9286046028137207,0.4040468633174896
187.6739959716797,0.0,0.0,0.0,3.696032762527466,-0.1362610012292862,0.036336202174425125,3.5322203636169434,0.028178995475172997
796.1699829101562,0.0,0.0,0.0,2.88346791267395,0.043947089463472366,-0.02601953037083149,3.18939471244812,-0.017841991037130356
956.3140258789062,0.0,0.0,0.0,3.0626962184906006,0.34385257959365845,-0.364923894405365,2.9998908042907715,-0.3302114009857178
343.4219970703125,0.0,0.0,0.0,2.5887789726257324,0.30907127261161804,-0.2353518009185791,2.9027609825134277,-0.19794054329395294
944.406005859375,0.0,0.0,0.0,3.5646984577178955,-0.8527761101722717,0.36814573407173157,4.392821311950684,0.43817952275276184
410.75,0.0,0.0,0.0,2.454899787902832,0.2606968283653259,-0.19000795483589172,2.7622148990631104,-0.1738898605108261
873.0579833984375,0.0,0.0,0.0,4.1089582443237305,0.31126824021339417,-0.09337668120861053,3.931697130203247,-0.0859898179769516
412.41400146484375,0.0,0.0,0.0,2.7309954166412354,0.4800916016101837,-0.29922711849212646,3.0365874767303467,-0.2824055552482605
153.82200622558594,0.0,0.0,0.0,3.519625425338745,0.5896008610725403,-0.3973894715309143,3.298382043838501,-0.4555830657482147
805.9180297851562,0.0,0.0,0.0,3.441316604614258,0.5971289277076721,-0.26465603709220886,3.815688133239746,-0.4218463599681854
530.9860229492188,0.0,0.0,0.0,2.043187379837036,0.32579362392425537,-0.23250019550323486,2.1140663623809814,-0.2900324761867523
887.2780151367188,0.0,0.0,0.0,2.730104684829712,-0.3095397353172302,0.41100800037384033,2.7509255409240723,0.39249569177627563
270.0580139160156,0.0,0.0,0.0,2.8399999141693115,-0.18498030304908752,-0.0055501642636954784,3.2154622077941895,-0.07839027047157288
256.5820007324219,0.0,0.0,0.0,4.739282131195068,-0.05074135959148407,0.024017425253987312,4.851774215698242,0.02827206812798977
1023.35400390625,0.0,0.0,0.0,4.465248107910156,-0.05202239379286766,-0.00504208542406559,4.886410713195801,-0.09773886203765869
420.7019958496094,0.0,0.0,0.0,3.331047296524048,0.4543136954307556,-0.3059007525444031,3.309744119644165,-0.25826340913772583
823.1179809570312,0.0,0.0,0.0,3.6547350883483887,-0.5379301309585571,0.16109098494052887,3.987454414367676,0.15271304547786713
636.7059936523438,0.0,0.0,0.0,3.353032350540161,-0.12019944936037064,0.13350363075733185,2.9310359954833984,0.12825357913970947
597.7860107421875,0.0,0.0,0.0,4.465885162353516,-0.43635356426239014,0.08103214204311371,4.462271213531494,0.20600982010364532
444.406005859375,0.0,0.0,0.0,2.189579725265503,0.3594959080219269,-0.3791758716106415,2.3548099994659424,-0.33348414301872253
519.6060180664062,0.0,0.0,0.0,3.89239239692688,0.6779642105102539,-0.582073450088501,3.028123617172241,-0.6034128665924072
271.8819885253906,0.0,0.0,0.0,3.6923234462738037,0.07849892228841782,-0.0888962671160698,3.8725571632385254,-0.03960247337818146
690.718017578125,0.0,0.0,0.0,3.943376302719116,-0.6432524919509888,0.19051684439182281,4.411129951477051,0.151344895362854
402.39801025390625,0.0,0.0,0.0,3.5318603515625,0.28872182965278625,-0.02600974217057228,3.179246425628662,-0.09666672348976135
367.2019958496094,0.0,0.0,0.0,3.281165361404419,-0.805949330329895,0.4472501575946808,4.121583938598633,0.47981318831443787
460.48199462890625,0.0,0.0,0.0,3.3241899013519287,-0.10357634723186493,0.021604573354125023,3.2270641326904297,0.022963950410485268
163.21400451660156,0.0,0.0,0.0,1.7524864673614502,0.39913418889045715,-0.6482502222061157,1.7592524290084839,-0.6412728428840637
745.2340087890625,0.0,0.0,0.0,4.501029014587402,-0.3023006021976471,0.15612851083278656,4.47548770904541,0.1210705041885376
540.3619995117188,0.0,0.0,0.0,4.45583963394165,-0.1929730623960495,0.09638942033052444,4.402439117431641,0.11315812170505524
993.5419921875,0.0,0.0,0.0,3.5732274055480957,0.5073723196983337,-0.14650948345661163,3.865074634552002,-0.22020050883293152
708.2020263671875,0.0,0.0,0.0,2.9360270500183105,0.6241382360458374,-0.4029991626739502,3.201888084411621,-0.5780733227729797
243.23800659179688,0.0,0.0,0.0,1.9969063997268677,-0.2956818640232086,0.4267030656337738,2.2243781089782715,0.4121834635734558
464.9419860839844,0.0,0.0,0.0,2.6630420684814453,-0.5834019184112549,0.42692831158638,3.083061933517456,0.4318014979362488
974.27001953125,0.0,0.0,0.0,3.5938174724578857,0.5778347253799438,-0.2321752905845642,3.52915620803833,-0.2510485053062439
406.7460021972656,0.0,0.0,0.0,1.7527776956558228,0.1354432851076126,-0.09872601926326752,1.9198216199874878,-0.13012942671775818
985.010009765625,0.0,0.0,0.0,3.0919930934906006,0.716689944267273,-0.35158997774124146,3.6526827812194824,-0.43157216906547546
437.1820068359375,0.0,0.0,0.0,2.5042481422424316,0.14289738237857819,-0.140050008893013,2.318128824234009,-0.1174066886305809
263.80999755859375,0.0,0.0,0.0,1.4948973655700684,-0.025551898404955864,0.04671897366642952,1.3893296718597412,0.056914910674095154
279.6860046386719,0.0,0.0,0.0,3.246490716934204,-0.4252720773220062,0.17163491249084473,3.107161045074463,0.2022736370563507
669.8660278320312,0.0,0.0,0.0,1.6404684782028198,-0.19192950427532196,0.3783717751502991,1.8585084676742554,0.41855376958847046
723.989990234375,0.0,0.0,0.0,3.4249916076660156,0.07323834300041199,0.004678779747337103,3.0874035358428955,-0.020659534260630608
680.469970703125,0.0,0.0,0.0,2.3404994010925293,-0.6099892258644104,0.585686445236206,2.837179183959961,0.6138041019439697
921.2979736328125,0.0,0.0,0.0,3.0652918815612793,-0.3013859689235687,0.19932718575000763,2.9496822357177734,0.2018529176712036
556.1500244140625,0.0,0.0,0.0,1.7297669649124146,0.4186757206916809,-0.6180652379989624,1.895564079284668,-0.5887800455093384
1032.845947265625,0.0,0.0,0.0,2.6141371726989746,0.5899673104286194,-0.4918150305747986,3.144258499145508,-0.6062914729118347
665.6259765625,0.0,0.0,0.0,3.601823091506958,-0.2756953239440918,0.06768496334552765,3.4657883644104004,0.04082149267196655
858.0540161132812,0.0,0.0,0.0,2.067941904067993,-0.4534916281700134,0.5713142156600952,2.435892105102539,0.5823305249214172
928.030029296875,0.0,0.0,0.0,4.037484645843506,-0.1550096720457077,-0.29260069131851196,3.7288577556610107,-0.21552973985671997
528.3660278320312,0.0,0.0,0.0,1.5987284183502197,0.17367251217365265,-0.14273448288440704,1.7470083236694336,-0.165847510099411
817.7420043945312,0.0,0.0,0.0,2.791142225265503,-0.211444690823555,0.13859955966472626,3.299503803253174,0.13184498250484467
677.9619750976562,0.0,0.0,0.0,2.044964075088501,-0.6584063172340393,0.7890505790710449,1.9710125923156738,0.7823525071144104
242.11000061035156,0.0,0.0,0.0,1.9725478887557983,-0.13318315148353577,0.2658780813217163,1.914720892906189,0.29800331592559814
543.2100219726562,0.0,0.0,0.0,3.8167362213134766,-0.8754746913909912,0.3182034194469452,3.8060741424560547,0.40814536809921265
261.3340148925781,0.0,0.0,0.0,4.103899955749512,0.013512760400772095,0.04926973208785057,3.8843865394592285,0.06272944808006287
185.6739959716797,0.0,0.0,0.0,4.2964677810668945,-0.38381049036979675,0.08193514496088028,4.369398593902588,0.09799928963184357
688.0540161132812,0.0,0.0,0.0,3.138888359069824,-0.5805879831314087,0.4188162088394165,3.2684619426727295,0.4677252769470215
147.6020050048828,0.0,0.0,0.0,4.056960582733154,0.03838546574115753,0.022306839004158974,4.104783058166504,-0.00927070900797844
452.72198486328125,0.0,0.0,0.0,3.8006789684295654,0.540309727191925,-0.1202964335680008,4.252443313598633,-0.13061168789863586
1025.18603515625,0.0,0.0,0.0,3.6237120628356934,0.9747259020805359,-0.4209297299385071,4.160440921783447,-0.5134246945381165
454.4580078125,0.0,0.0,0.0,3.3682689666748047,0.18201035261154175,-0.056028079241514206,3.1661508083343506,-0.05938969925045967
753.114013671875,0.0,0.0,0.0,1.5409300327301025,0.1488231122493744,-0.36084815859794617,1.5128090381622314,-0.26251301169395447
734.6019897460938,0.0,0.0,0.0,3.3431363105773926,-0.4445050060749054,0.12853336334228516,3.1549675464630127,0.10317162424325943
547.1500244140625,0.0,0.0,0.0,2.8640987873077393,-0.23675833642482758,0.08782030642032623,2.691279649734497,0.06783726811408997
167.19000244140625,0.0,0.0,0.0,1.789664387702942,0.4683533310890198,-0.7421771883964539,1.9774478673934937,-0.7382436394691467
639.6500244140625,0.0,0.0,0.0,1.8643555641174316,-0.006410752888768911,0.061103470623493195,1.8128105401992798,0.008634781464934349
321.91400146484375,0.0,0.0,0.0,1.5720692873001099,0.26153838634490967,-0.4919717311859131,1.7341604232788086,-0.507323682308197
355.885986328125,0.0,0.0,0.0,3.0158987045288086,0.5204051733016968,-0.35022228956222534,3.4164786338806152,-0.2962169349193573
264.6619873046875,0.0,0.0,0.0,1.2654407024383545,-0.06848080456256866,0.2091682404279709,1.2892625331878662,0.14557228982448578
385.65399169921875,0.0,0.0,0.0,3.605497121810913,-0.6116970777511597,0.25046971440315247,3.6804285049438477,0.363493949174881
312.35400390625,0.0,0.0,0.0,2.9094274044036865,0.018059907481074333,-0.011984515003859997,2.552885055541992,0.025089461356401443
769.2659912109375,0.0,0.0,0.0,3.964855194091797,0.19286112487316132,-0.03723420202732086,4.2691216468811035,0.013924161903560162
338.08599853515625,0.0,0.0,0.0,2.3958847522735596,0.3184722065925598,-0.21461598575115204,2.1733245849609375,-0.15014059841632843
686.8820190429688,0.0,0.0,0.0,3.2242860794067383,-0.34240347146987915,0.1914890706539154,3.6881039142608643,0.14177802205085754
996.5460205078125,0.0,0.0,0.0,2.4091618061065674,0.25565430521965027,-0.03137142211198807,2.016836404800415,0.004317149985581636
463.45001220703125,0.0,0.0,0.0,2.4494833946228027,-0.41977035999298096,0.39792415499687195,2.6065847873687744,0.455051451921463
499.98199462890625,0.0,0.0,0.0,2.0945701599121094,-0.2354825884103775,0.253775030374527,2.091514825820923,0.3816516101360321
798.5460205078125,0.0,0.0,0.0,3.587343215942383,0.29842016100883484,-0.17369447648525238,3.820786714553833,-0.2648606598377228
322.5260009765625,0.0,0.0,0.0,1.6072994470596313,0.27832382917404175,-0.46488213539123535,1.8918466567993164,-0.5056789517402649
305.8179931640625,0.0,0.0,0.0,3.1732256412506104,-0.5192481279373169,0.3198680579662323,3.698352098464966,0.2862832546234131
529.6300048828125,0.0,0.0,0.0,1.7802704572677612,0.2208898514509201,-0.17841728031635284,1.9604122638702393,-0.23362423479557037
387.6180114746094,0.0,0.0,0.0,3.3066251277923584,-0.7968059182167053,0.2946232855319977,3.710794448852539,0.36599764227867126
672.114013671875,0.0,0.0,0.0,2.484067678451538,-0.486851304769516,0.4642837643623352,3.099701404571533,0.5028511881828308
333.6780090332031,0.0,0.0,0.0,1.9200201034545898,0.10270427912473679,-0.24981625378131866,1.9915305376052856,-0.2888878285884857
626.406005859375,0.0,0.0,0.0,3.050694704055786,0.4535786211490631,-0.32982808351516724,3.1685233116149902,-0.329129159450531
558.6019897460938,0.0,0.0,0.0,2.3448398113250732,0.6439536213874817,-0.7221100330352783,2.739745616912842,-0.7936754822731018
351.6260070800781,0.0,0.0,0.0,2.704543352127075,0.23432211577892303,-0.13926391303539276,2.812561511993408,-0.12290596961975098
641.6259765625,0.0,0.0,0.0,1.821295976638794,0.15657302737236023,-0.2782553732395172,2.068243980407715,-0.31012439727783203
136.95399475097656,0.0,0.0,0.0,1.15998375415802,0.020453011617064476,0.0011506808223202825,1.7285841703414917,-0.057937346398830414
526.0859985351562,0.0,0.0,0.0,2.3010408878326416,0.2662900984287262,-0.1595025211572647,1.9060347080230713,-0.086122527718544
543.7139892578125,0.0,0.0,0.0,3.735722780227661,-0.8318278789520264,0.31524142622947693,4.013267993927002,0.3470081686973572
561.7020263671875,0.0,0.0,0.0,3.9030961990356445,0.7623404264450073,-0.24283713102340698,4.415264129638672,-0.2071903795003891
580.5419921875,0.0,0.0,0.0,3.776787042617798,0.6076328754425049,-0.1924930065870285,4.290452480316162,-0.1010313481092453
408.1780090332031,0.0,0.0,0.0,1.8957090377807617,0.14460882544517517,-0.12019505351781845,1.946482539176941,-0.11959002912044525
966.5419921875,0.0,0.0,0.0,2.7073237895965576,0.36372455954551697,-0.16421620547771454,2.7686781883239746,-0.2366999089717865
557.030029296875,0.0,0.0,0.0,1.88849937915802,0.41705796122550964,-0.5325188636779785,2.006836175918579,-0.5075581669807434
962.97802734375,0.0,0.0,0.0,4.080939292907715,0.48568323254585266,-0.42911937832832336,3.8484556674957275,-0.548178493976593
775.6300048828125,0.0,0.0,0.0,4.239406108856201,0.45672357082366943,-0.02748112380504608,4.188133239746094,-0.0041341884061694145
471.51800537109375,0.0,0.0,0.0,3.755908966064453,-0.8016980290412903,0.29660454392433167,3.976121187210083,0.3117200434207916
517.6820068359375,0.0,0.0,0.0,4.59712028503418,-0.31225401163101196,0.023123985156416893,4.7138495445251465,0.0653264969587326
246.88600158691406,0.0,0.0,0.0,3.1925370693206787,-0.7934313416481018,0.41757646203041077,3.9630696773529053,0.3738052248954773
975.885986328125,0.0,0.0,0.0,2.80711030960083,0.8116052150726318,-0.5885245203971863,2.9252617359161377,-0.6165622472763062
741.406005859375,0.0,0.0,0.0,4.015689849853516,-0.832942008972168,0.23955433070659637,4.445828437805176,0.2031923085451126
362.4700012207031,0.0,0.0,0.0,1.9191656112670898,-0.42810720205307007,0.4905376732349396,2.2006266117095947,0.49395376443862915
733.4539794921875,0.0,0.0,0.0,3.8591301441192627,-0.6498196125030518,0.15095090866088867,3.946831703186035,0.09855359047651291
291.56201171875,0.0,0.0,0.0,2.362759828567505,-0.864288330078125,0.7571638226509094,2.79272198677063,0.6486303210258484
940.5380249023438,0.0,0.0,0.0,1.9279221296310425,-0.3526301980018616,0.46394529938697815,2.2204582691192627,0.5107953548431396
841.2659912109375,0.0,0.0,0.0,1.920608639717102,0.3123529553413391,-0.4239685535430908,2.1937615871429443,-0.487842857837677
823.6060180664062,0.0,0.0,0.0,3.6958365440368652,-0.44976556301116943,0.12478028237819672,3.789269208908081,0.14011013507843018
642.302001953125,0.0,0.0,0.0,2.024918794631958,0.2643515467643738,-0.31310373544692993,2.4298460483551025,-0.3851434290409088
653.4739990234375,0.0,0.0,0.0,2.5366296768188477,-0.3529067039489746,0.5297262072563171,2.2553775310516357,0.5484026074409485
370.42999267578125,0.0,0.0,0.0,4.371003150939941,-0.41473522782325745,0.08749847114086151,4.72448205947876,0.07799460738897324
960.0540161132812,0.0,0.0,0.0,3.8985297679901123,0.4341418743133545,-0.17500856518745422,4.594893932342529,-0.17650650441646576
837.7459716796875,0.0,0.0,0.0,0.8544400334358215,0.04597141593694687,-0.015605276450514793,0.0,0.0
700.9500122070312,0.0,0.0,0.0,2.849095106124878,0.15028919279575348,-0.35993024706840515,3.072599172592163,-0.35503512620925903
542.4459838867188,0.0,0.0,0.0,3.9025073051452637,-0.9557405114173889,0.3932724893093109,4.3077545166015625,0.35288363695144653
423.2460021972656,0.0,0.0,0.0,3.9766464233398438,0.7049822807312012,-0.31933629512786865,4.489746570587158,-0.3620920479297638
914.2780151367188,0.0,0.0,0.0,4.7012739181518555,-0.22968848049640656,0.12525442242622375,4.459197044372559,0.04238780215382576
562.4500122070312,0.0,0.0,0.0,4.304629802703857,0.6579861044883728,-0.12212178111076355,4.706364154815674,-0.15463805198669434
176.18600463867188,0.0,0.0,0.0,3.267129898071289,-0.49553394317626953,0.2793041467666626,3.6043457984924316,0.20519627630710602
546.3660278320312,0.0,0.0,0.0,3.1578311920166016,-0.40937742590904236,0.19827859103679657,2.9523046016693115,0.09428344666957855
208.1580047607422,0.0,0.0,0.0,2.149580717086792,0.42802491784095764,-0.49951034784317017,2.497755765914917,-0.446773886680603
931.030029296875,0.0,0.0,0.0,3.4823222160339355,0.8209157586097717,-0.4707980155944824,3.3052282333374023,-0.4788966774940491
367.10198974609375,0.0,0.0,0.0,3.2224531173706055,-0.8140904307365417,0.4416274130344391,3.7635016441345215,0.48914822936058044
779.677978515625,0.0,0.0,0.0,2.2320518493652344,0.2418774962425232,-0.3246222138404846,2.2386057376861572,-0.31090638041496277
423.96600341796875,0.0,0.0,0.0,4.050502300262451,0.7152830958366394,-0.25733232498168945,4.435018539428711,-0.30411526560783386
890.8259887695312,0.0,0.0,0.0,3.2172815799713135,-0.5253012776374817,0.1970972865819931,2.6598734855651855,0.2136077880859375
913.3779907226562,0.0,0.0,0.0,4.567174911499023,-0.059905312955379486,0.07283623516559601,4.548832893371582,0.13138920068740845
1020.9660034179688,0.0,0.0,0.0,4.178271293640137,-0.08745279163122177,0.027937868610024452,4.3902435302734375,-0.042406708002090454
1002.0380249023438,0.0,0.0,0.0,2.7630088329315186,-0.5794640183448792,0.42606306076049805,2.9945948123931885,0.46871185302734375
1003.47802734375,0.0,0.0,0.0,3.603705406188965,-0.7668876647949219,0.3078739047050476,4.454221248626709,0.36638128757476807
1035.1099853515625,0.0,0.0,0.0,3.867764949798584,0.6440191268920898,-0.2836357057094574,4.36037015914917,-0.22039178013801575
337.510009765625,0.0,0.0,0.0,2.4563326835632324,0.3668288290500641,-0.2725100517272949,2.5683562755584717,-0.2458380162715912
148.85800170898438,0.0,0.0,0.0,3.5780415534973145,0.10490703582763672,-0.20636773109436035,3.2541749477386475,-0.2827080190181732
159.91000366210938,0.0,0.0,0.0,1.7705662250518799,0.4295283555984497,-0.5634524822235107,2.0039899349212646,-0.5417024493217468
408.2659912109375,0.0,0.0,0.0,1.9072914123535156,0.14261414110660553,-0.15327028930187225,2.105304718017578,-0.155411496758461
653.9500122070312,0.0,0.0,0.0,2.089182138442993,-0.47411444783210754,0.5721520781517029,1.9628204107284546,0.4919273555278778
789.4180297851562,0.0,0.0,0.0,4.057170391082764,0.7594360709190369,-0.26924780011177063,4.587067604064941,-0.3255104124546051
574.3740234375,0.0,0.0,0.0,4.519187927246094,0.23910216987133026,-0.008011231198906898,5.005113124847412,-0.008678196929395199
144.3780059814453,0.0,0.0,0.0,3.419334888458252,0.12091275304555893,0.005811101291328669,3.751671314239502,-0.012448842637240887
164.00599670410156,0.0,0.0,0.0,1.5958583354949951,0.3464047908782959,-0.5987364649772644,1.7186719179153442,-0.5987492799758911
704.0139770507812,0.0,0.0,0.0,2.542097806930542,0.40970075130462646,-0.4226256310939789,2.315943717956543,-0.5091580748558044
259.7860107421875,0.0,0.0,0.0,4.031191349029541,0.001440856489352882,-0.0029385467059910297,4.075929641723633,-0.06269986182451248
813.3179931640625,0.0,0.0,0.0,3.5230712890625,-0.3464547395706177,0.2214721143245697,3.0124948024749756,0.18450091779232025
184.41799926757812,0.0,0.0,0.0,4.060789585113525,-0.571262538433075,0.22812211513519287,4.484243392944336,0.19883176684379578
763.7459716796875,0.0,0.0,0.0,2.7238054275512695,0.5933637619018555,-0.35481011867523193,2.6133720874786377,-0.3120241165161133
453.19000244140625,0.0,0.0,0.0,3.7160189151763916,0.3780798614025116,-0.1688898354768753,4.109714508056641,-0.2255229651927948
243.4739990234375,0.0,0.0,0.0,2.0688793659210205,-0.3267906904220581,0.42535436153411865,2.2571160793304443,0.45132213830947876
137.69000244140625,0.0,0.0,0.0,2.0254087448120117,0.08402440696954727,-0.16066613793373108,2.5160634517669678,-0.16338269412517548
194.91000366210938,0.0,0.0,0.0,3.535682201385498,-0.6619887948036194,0.313567578792572,4.257006645202637,0.347127765417099
481.2539978027344,0.0,0.0,0.0,3.7654929161071777,0.6861714720726013,-0.27433642745018005,3.709728956222534,-0.3300984799861908
344.74200439453125,0.0,0.0,0.0,3.0596470832824707,0.4381375312805176,-0.19732391834259033,3.1924750804901123,-0.14971132576465607
301.0539855957031,0.0,0.0,0.0,1.9613584280014038,0.5443884134292603,-0.6658720970153809,1.9592161178588867,-0.5611012578010559
918.302001953125,0.0,0.0,0.0,3.639213800430298,-0.4278954863548279,0.30320602655410767,3.6949574947357178,0.3123989701271057
173.35400390625,0.0,0.0,0.0,2.0648608207702637,-0.2961552143096924,0.35398271679878235,2.417766571044922,0.4040183424949646
690.4219970703125,0.0,0.0,0.0,3.7870595455169678,-0.6551599502563477,0.19960345327854156,4.342958927154541,0.30148032307624817
788.2659912109375,0.0,0.0,0.0,3.735334634780884,0.652176558971405,-0.345096617937088,4.367897033691406,-0.44386711716651917
286.19000244140625,0.0,0.0,0.0,4.349492073059082,-0.17918546497821808,0.03685798496007919,4.619385719299316,-0.009805940091609955
294.5299987792969,0.0,0.0,0.0,2.773616075515747,0.21018370985984802,-0.30489400029182434,2.651552677154541,-0.34217140078544617
864.6099853515625,0.0,0.0,0.0,3.637563705444336,-1.0619275569915771,0.4429706931114197,4.3053297996521,0.4120274782180786
609.6019897460938,0.0,0.0,0.0,4.6870832443237305,-0.20734359323978424,0.030459048226475716,4.733726501464844,0.0005023872363381088
239.86599731445312,0.0,0.0,0.0,3.1031858921051025,-0.2109161615371704,0.08161088824272156,2.996305227279663,0.08877599239349365
459.4700012207031,0.0,0.0,0.0,3.0397021770477295,-0.14278772473335266,0.05075358599424362,3.408550977706909,0.008168170228600502
237.3939971923828,0.0,0.0,0.0,3.326171875,-0.5189327001571655,0.26417332887649536,3.5490379333496094,0.18504168093204498
930.43798828125,0.0,0.0,0.0,3.5063083171844482,0.7129539251327515,-0.37128782272338867,3.9994213581085205,-0.40814435482025146
177.88600158691406,0.0,0.0,0.0,3.0862438678741455,-0.2795403301715851,0.07944674789905548,2.9095568656921387,0.054823826998472214
533.02197265625,0.0,0.0,0.0,2.1990416049957275,0.4800852835178375,-0.3886187970638275,2.4785866737365723,-0.36836177110671997
639.02197265625,0.0,0.0,0.0,2.0598864555358887,-0.01634668931365013,0.012919679284095764,2.0757029056549072,0.018585924059152603
943.3460083007812,0.0,0.0,0.0,2.7891769409179688,-0.8162724375724792,0.5764945149421692,3.4149813652038574,0.6007080078125
970.8460083007812,0.0,0.0,0.0,3.0446298122406006,0.4591681957244873,-0.18905875086784363,3.3417279720306396,-0.20914490520954132
1019.1300048828125,0.0,0.0,0.0,3.795257329940796,-0.20358406007289886,0.04582687467336655,4.311155319213867,0.03800792619585991
452.0379943847656,0.0,0.0,0.0,3.9430747032165527,0.657806932926178,-0.2781529426574707,4.222432613372803,-0.24694913625717163
207.8419952392578,0.0,0.0,0.0,2.0272164344787598,0.40098896622657776,-0.5248563289642334,2.206812620162964,-0.4815443754196167
263.70599365234375,0.0,0.0,0.0,1.5434156656265259,-0.027074143290519714,0.050432030111551285,1.3863048553466797,0.013238570652902126
568.4500122070312,0.0,0.0,0.0,4.079163074493408,0.5544339418411255,-0.47833701968193054,4.003127098083496,-0.4845231771469116
702.47802734375,0.0,0.0,0.0,2.845552444458008,0.43402594327926636,-0.2928491532802582,2.996251344680786,-0.3022659420967102
970.97802734375,0.0,0.0,0.0,3.0778889656066895,0.4408319592475891,-0.21573151648044586,3.415792226791382,-0.2162228673696518
376.51800537109375,0.0,0.0,0.0,3.8337528705596924,-0.3588152825832367,0.10265561193227768,3.7830629348754883,0.07387565821409225
477.4219970703125,0.0,0.0,0.0,2.2988998889923096,0.2584052085876465,-0.2179311066865921,2.306736469268799,-0.1738126426935196
877.5380249023438,0.0,0.0,0.0,1.4112004041671753,0.1644250452518463,-0.33393266797065735,1.5136568546295166,-0.35912615060806274
557.781982421875,0.0,0.0,0.0,2.115811824798584,0.4536777436733246,-0.5324356555938721,2.572248697280884,-0.6166102290153503
571.5540161132812,0.0,0.0,0.0,3.750962734222412,0.7716994285583496,-0.34151288866996765,4.461489200592041,-0.33329474925994873
666.1019897460938,0.0,0.0,0.0,3.1772921085357666,-0.1951761692762375,0.037716954946517944,0.0,0.0
602.6380004882812,0.0,0.0,0.0,2.3169479370117188,-0.5505496859550476,0.5664139986038208,2.7763233184814453,0.5666412711143494
422.0539855957031,0.0,0.0,0.0,3.611774206161499,0.6981533169746399,-0.3925763964653015,4.309924602508545,-0.36329349875450134
383.5820007324219,0.0,0.0,0.0,2.9080681800842285,-0.6367099285125732,0.39011627435684204,3.2201433181762695,0.3512260317802429
157.8820037841797,0.0,0.0,0.0,2.569434881210327,0.7019320726394653,-0.5956289172172546,2.6742069721221924,-0.5756589770317078
494.3139953613281,0.0,0.0,0.0,1.695397138595581,-0.24054042994976044,0.3618331849575043,1.8851289749145508,0.36924153566360474
420.08599853515625,0.0,0.0,0.0,3.282677173614502,0.4088858366012573,-0.1659286469221115,3.4007456302642822,-0.1841348111629486
635.3820190429688,0.0,0.0,0.0,4.007320404052734,0.48208093643188477,-0.09370379149913788,3.7286670207977295,-0.016592351719737053
174.53399658203125,0.0,0.0,0.0,2.7215096950531006,-0.44600772857666016,0.3720215857028961,2.865666627883911,0.3170318603515625
736.7459716796875,0.0,0.0,0.0,3.1334543228149414,-0.4121949076652527,0.1650259643793106,3.381484031677246,0.2424810528755188
145.9219970703125,0.0,0.0,0.0,3.9528329372406006,0.056616321206092834,0.018979765474796295,4.168349266052246,-0.03893224149942398
1011.677978515625,0.0,0.0,0.0,4.437432289123535,-0.643648624420166,0.149260476231575,4.721329212188721,0.020622974261641502
136.8820037841797,0.0,0.0,0.0,1.026618242263794,0.013856003060936928,-0.05330996587872505,1.6166279315948486,-0.03515330329537392
397.5780029296875,0.0,0.0,0.0,2.5779964923858643,0.48842114210128784,-0.4485411047935486,2.86448073387146,-0.44355541467666626
1018.8099975585938,0.0,0.0,0.0,3.766258716583252,-0.24397295713424683,0.04526425153017044,4.097637176513672,0.02022123895585537
177.6739959716797,0.0,0.0,0.0,3.151324510574341,-0.3258844017982483,0.10085234045982361,3.1607701778411865,0.06014065071940422
1009.3099975585938,0.0,0.0,0.0,3.964087963104248,-0.8068487048149109,0.32771238684654236,4.274190425872803,0.3048466742038727
155.38999938964844,0.0,0.0,0.0,2.6894168853759766,0.7557992339134216,-0.5562435388565063,3.020508050918579,-0.472121000289917
554.385986328125,0.0,0.0,0.0,2.437918186187744,0.4620025157928467,-0.3714292347431183,2.7083475589752197,-0.42994463443756104
857.4580078125,0.0,0.0,0.0,1.856131911277771,-0.39063748717308044,0.5895391702651978,2.170668125152588,0.6206502914428711
391.9100036621094,0.0,0.0,0.0,3.3548972606658936,0.21731217205524445,-0.1714368611574173,3.475504159927368,-0.20497991144657135
690.2139892578125,0.0,0.0,0.0,3.710028886795044,-0.6910832524299622,0.19770723581314087,4.031249523162842,0.2458360642194748
467.77398681640625,0.0,0.0,0.0,4.032346248626709,-0.487868070602417,0.2001701146364212,4.328670978546143,0.16232386231422424
744.114013671875,0.0,0.0,0.0,4.672035217285156,-0.2804048955440521,-0.07319581508636475,5.42127799987793,-0.09094036370515823
876.6019897460938,0.0,0.0,0.0,1.773253083229065,0.0991935208439827,-0.19269198179244995,1.4223802089691162,-0.24153560400009155
376.0419921875,0.0,0.0,0.0,3.64353346824646,-0.38642483949661255,0.18930049240589142,3.900986909866333,0.13325580954551697
295.4540100097656,0.0,0.0,0.0,2.528001070022583,0.4356009364128113,-0.43215134739875793,2.242696523666382,-0.4752965271472931
733.3579711914062,0.0,0.0,0.0,3.8958678245544434,-0.6861855387687683,0.12741634249687195,3.7094643115997314,0.16607068479061127
305.4779968261719,0.0,0.0,0.0,2.950869083404541,-0.4903809726238251,0.3396340608596802,3.520296573638916,0.35247746109962463
373.3139953613281,0.0,0.0,0.0,3.3582427501678467,-0.007824309170246124,0.023641634732484818,3.30682635307312,0.049581777304410934
307.67401123046875,0.0,0.0,0.0,4.0223164558410645,-0.4938744306564331,0.13557061553001404,4.410332679748535,0.12901538610458374
427.406005859375,0.0,0.0,0.0,4.075451850891113,-0.09341870993375778,0.18236063420772552,3.9316952228546143,0.16365037858486176
518.0180053710938,0.0,0.0,0.0,4.599668979644775,-0.2828340530395508,-0.006125087384134531,4.692620754241943,-0.06959722191095352
219.85400390625,0.0,0.0,0.0,3.0344228744506836,0.6342698335647583,-0.3517882823944092,3.5420777797698975,-0.39680349826812744
371.6059875488281,0.0,0.0,0.0,4.238681793212891,-0.1559116393327713,0.006577827036380768,3.8632633686065674,0.01065052393823862
875.9459838867188,0.0,0.0,0.0,2.4045815467834473,0.0613887682557106,-0.08787870407104492,1.8854762315750122,-0.07015129923820496
550.4739990234375,0.0,0.0,0.0,3.2433021068573,0.3855656683444977,-0.1822662353515625,3.476580858230591,-0.24470455944538116
802.2940063476562,0.0,0.0,0.0,3.884019136428833,0.7953402996063232,-0.4046889543533325,2.96304988861084,-0.5501562356948853
483.20599365234375,0.0,0.0,0.0,2.725861072540283,1.095597743988037,-0.5245524644851685,3.3069114685058594,-0.4881521165370941
992.3619995117188,0.0,0.0,0.0,2.9580531120300293,0.4448302686214447,-0.2712775468826294,3.42992901802063,-0.3579034209251404
235.5780029296875,0.0,0.0,0.0,2.56677508354187,-0.3752371072769165,0.3189657926559448,3.051842212677002,0.39349865913391113
685.5380249023438,0.0,0.0,0.0,2.6463162899017334,-0.238227978348732,0.16548682749271393,3.2780537605285645,0.24145299196243286
253.88600158691406,0.0,0.0,0.0,4.419483661651611,-0.5860214233398438,0.1383560299873352,5.046207427978516,0.13292095065116882
759.5139770507812,0.0,0.0,0.0,2.6215829849243164,0.09779005497694016,-0.07410910725593567,2.8937549591064453,-0.1294308751821518
762.75,0.0,0.0,0.0,2.7292473316192627,0.6374225616455078,-0.5352299213409424,2.9246466159820557,-0.6128413677215576
642.8460083007812,0.0,0.0,0.0,2.3150954246520996,0.35301148891448975,-0.4415658414363861,2.7952747344970703,-0.44398266077041626
592.6500244140625,0.0,0.0,0.0,3.3659136295318604,0.4294848144054413,-0.28472140431404114,3.923290491104126,-0.2686975598335266
964.5380249023438,0.0,0.0,0.0,3.1120028495788574,0.8181965351104736,-0.4096345901489258,3.190516710281372,-0.4178883731365204
408.510009765625,0.0,0.0,0.0,1.9618784189224243,0.15584567189216614,-0.10093770921230316,2.125347852706909,-0.13897916674613953
317.2980041503906,0.0,0.0,0.0,1.4998341798782349,0.164494127035141,-0.3092575967311859,1.6737587451934814,-0.3742871582508087
677.4819946289062,0.0,0.0,0.0,2.2231311798095703,-0.6145521402359009,0.662634015083313,2.3249406814575195,0.7104703783988953
545.302001953125,0.0,0.0,0.0,3.4042935371398926,-0.7321722507476807,0.30242785811424255,3.4531607627868652,0.32222431898117065
407.7179870605469,0.0,0.0,0.0,1.8444626331329346,0.11942703276872635,-0.07841436564922333,1.8014299869537354,-0.07731080800294876
513.9219970703125,0.0,0.0,0.0,3.625598192214966,-0.4867345690727234,0.14295117557048798,4.3074564933776855,0.1006227359175682
150.58999633789062,0.0,0.0,0.0,2.462507963180542,0.5603979229927063,-0.49707433581352234,2.578470230102539,-0.47373658418655396
1008.4420166015625,0.0,0.0,0.0,3.9975969791412354,-0.717616617679596,0.23739275336265564,4.500339508056641,0.23207950592041016
553.0499877929688,0.0,0.0,0.0,2.273332357406616,0.48809483647346497,-0.6108804941177368,2.3650290966033936,-0.5133218765258789
603.8499755859375,0.0,0.0,0.0,3.01557993888855,-0.7283065319061279,0.4726916551589966,3.41037654876709,0.5555718541145325
250.04600524902344,0.0,0.0,0.0,4.267134666442871,-0.4973170757293701,0.34514814615249634,4.11118221282959,0.41972583532333374
966.6740112304688,0.0,0.0,0.0,2.6931674480438232,0.360602468252182,-0.2000969648361206,2.525919198989868,-0.17089511454105377
955.8460083007812,0.0,0.0,0.0,3.393221855163574,0.16528135538101196,-0.18400004506111145,3.281558036804199,-0.134126678109169
183.19000244140625,0.0,0.0,0.0,3.4347517490386963,-0.6858800053596497,0.34711945056915283,4.252821445465088,0.36903053522109985
408.4100036621094,0.0,0.0,0.0,1.9582926034927368,0.1573200672864914,-0.12262842804193497,2.1333835124969482,-0.07999488711357117
380.4460144042969,0.0,0.0,0.0,2.8865339756011963,-0.08082817494869232,0.13273490965366364,2.6093831062316895,0.12283679842948914
161.6540069580078,0.0,0.0,0.0,1.7110207080841064,0.369357705116272,-0.5320764780044556,1.7961230278015137,-0.6159690618515015
1030.7060546875,0.0,0.0,0.0,1.8924996852874756,0.4591127634048462,-0.6150595545768738,2.2741219997406006,-0.6880792379379272
313.593994140625,0.0,0.0,0.0,2.205904722213745,0.012025230564177036,-0.008115689270198345,2.3921334743499756,0.0057574366219341755
696.5059814453125,0.0,0.0,0.0,-0.014059950597584248,-0.0007742007728666067,-0.001450996845960617,0.0,0.0
671.3460083007812,0.0,0.0,0.0,2.106231451034546,-0.37087488174438477,0.49247148633003235,2.4420034885406494,0.5186576843261719
246.28199768066406,0.0,0.0,0.0,2.8879287242889404,-0.7574632167816162,0.49444302916526794,3.4037797451019287,0.5389672517776489
1018.5499877929688,0.0,0.0,0.0,3.7604987621307373,-0.21269594132900238,0.07471279054880142,4.022790431976318,0.03729807958006859
158.08999633789062,0.0,0.0,0.0,2.473651885986328,0.7311913371086121,-0.6300302147865295,2.4379892349243164,-0.6674000024795532
246.49000549316406,0.0,0.0,0.0,2.9827890396118164,-0.7757349014282227,0.5246137976646423,3.7563836574554443,0.5163849592208862
227.0780029296875,0.0,0.0,0.0,1.525661826133728,0.20683829486370087,-0.39287427067756653,1.5631760358810425,-0.4170757830142975
635.72998046875,0.0,0.0,0.0,3.839726209640503,0.33240368962287903,0.014037546701729298,4.076340198516846,0.09111503511667252
439.5419921875,0.0,0.0,0.0,1.8586736917495728,-0.023450346663594246,-0.08983801305294037,1.5524195432662964,-0.0054716127924621105
1009.6740112304688,0.0,0.0,0.0,3.9572129249572754,-0.8259919881820679,0.33295899629592896,4.646170139312744,0.3575425446033478
912.6740112304688,0.0,0.0,0.0,4.551589488983154,-0.004378026816993952,-0.00809670053422451,4.623056888580322,0.04634379595518112
435.802001953125,0.0,0.0,0.0,3.06306529045105,0.22264353930950165,-0.16218911111354828,2.9879019260406494,-0.15099075436592102
610.781982421875,0.0,0.0,0.0,4.674920558929443,0.00551127502694726,0.01974041946232319,4.856197834014893,-0.07862800359725952
1013.3419799804688,0.0,0.0,0.0,4.463613986968994,-0.30717843770980835,0.06714975833892822,4.594971179962158,-0.05069473013281822
446.6820068359375,0.0,0.0,0.0,3.3179526329040527,0.540392279624939,-0.18336540460586548,3.5162546634674072,-0.18172670900821686
232.97799682617188,0.0,0.0,0.0,1.7661293745040894,0.3585352599620819,-0.45395487546920776,1.9282350540161133,-0.45425528287887573
703.5460205078125,0.0,0.0,0.0,2.836331844329834,0.37461772561073303,-0.26156237721443176,2.8034987449645996,-0.2912444472312927
769.8820190429688,0.0,0.0,0.0,4.128750801086426,0.12498383969068527,0.041927043348550797,4.334896564483643,0.07644996047019958
866.6179809570312,0.0,0.0,0.0,4.323172092437744,-0.6802835464477539,0.148976132273674,4.927793502807617,0.15180175006389618
326.54998779296875,0.0,0.0,0.0,3.8617515563964844,0.6751574277877808,-0.2742266356945038,4.420454502105713,-0.20155836641788483
866.8820190429688,0.0,0.0,0.0,4.356204032897949,-0.611412763595581,0.06248524785041809,4.1867570877075195,-0.08552652597427368
361.2099914550781,0.0,0.0,0.0,2.200709104537964,-0.40384402871131897,0.511813223361969,2.0962607860565186,0.5129055380821228
270.2619934082031,0.0,0.0,0.0,2.965019941329956,-0.12663984298706055,-0.027538705617189407,3.6972579956054688,-0.0038226034957915545
974.9539794921875,0.0,0.0,0.0,3.179048538208008,0.6999853849411011,-0.4481949210166931,2.7549233436584473,-0.36595791578292847
650.3099975585938,0.0,0.0,0.0,3.025649309158325,0.1605483889579773,-0.11957480013370514,3.615739107131958,-0.14063525199890137
640.0700073242188,0.0,0.0,0.0,1.8096709251403809,0.001488169888034463,-0.004339807201176882,1.6377499103546143,0.03285038843750954
548.06201171875,0.0,0.0,0.0,2.465445041656494,-0.07809215784072876,-0.03361166641116142,2.5988426208496094,-0.10033018887042999
377.9339904785156,0.0,0.0,0.0,3.9046502113342285,-0.13340939581394196,0.05127675086259842,3.7665090560913086,0.01105298101902008
358.4100036621094,0.0,0.0,0.0,3.9165265560150146,0.36035898327827454,-0.10743612796068192,3.9945247173309326,-0.1284829080104828
645.426025390625,0.0,0.0,0.0,3.725879192352295,0.55938321352005,-0.14880968630313873,0.0,0.0
997.030029296875,0.0,0.0,0.0,2.22467303276062,0.1746184229850769,0.0003161167842335999,2.1011130809783936,0.03438737615942955
365.1180114746094,0.0,0.0,0.0,3.2608182430267334,-0.6664634943008423,0.314255028963089,3.8898208141326904,0.3734835386276245
324.6860046386719,0.0,0.0,0.0,2.760529041290283,0.5260207056999207,-0.3906748592853546,3.459965944290161,-0.46067488193511963
728.9580078125,0.0,0.0,0.0,3.2581777572631836,-0.19296592473983765,0.15196344256401062,3.5958666801452637,0.16877800226211548
398.4339904785156,0.0,0.0,0.0,2.9554271697998047,0.6135430932044983,-0.40541449189186096,3.6568312644958496,-0.527190625667572
335.64599609375,0.0,0.0,0.0,2.249691963195801,0.363852858543396,-0.3620882034301758,2.5379679203033447,-0.3077305853366852
476.6619873046875,0.0,0.0,0.0,2.037515878677368,0.2077435404062271,-0.19088691473007202,2.2110607624053955,-0.24437859654426575
736.2020263671875,0.0,0.0,0.0,3.0283584594726562,-0.42723479866981506,0.19832336902618408,3.2118587493896484,0.13683384656906128
561.9140014648438,0.0,0.0,0.0,4.0401835441589355,0.7358942031860352,-0.22543266415596008,4.4751787185668945,-0.1788894236087799
744.2139892578125,0.0,0.0,0.0,4.696078300476074,-0.2311444878578186,-0.0689367726445198,4.70531702041626,-0.10781032592058182
872.47802734375,0.0,0.0,0.0,4.119917392730713,0.4328436553478241,-0.07355226576328278,4.106791019439697,-0.04603986069560051
737.3660278320312,0.0,0.0,0.0,3.178406238555908,-0.4496789872646332,0.18657878041267395,3.3414227962493896,0.1608351767063141
570.9219970703125,0.0,0.0,0.0,3.4232518672943115,0.8341953754425049,-0.3813643455505371,3.9904627799987793,-0.36786654591560364
571.35400390625,0.0,0.0,0.0,3.6551969051361084,0.7834322452545166,-0.31106317043304443,4.309530735015869,-0.24824200570583344
154.83399963378906,0.0,0.0,0.0,2.68790864944458,0.8474249243736267,-0.5880021452903748,3.1282474994659424,-0.5324202179908752
613.2459716796875,0.0,0.0,0.0,4.466365337371826,-0.10670547187328339,0.21261931955814362,3.7345950603485107,0.28335025906562805
403.84600830078125,0.0,0.0,0.0,2.715407609939575,0.10022438317537308,-0.0030122981406748295,2.5357303619384766,-0.013111256994307041
997.5380249023438,0.0,0.0,0.0,2.2455010414123535,0.09903053939342499,0.07218174636363983,2.3711488246917725,0.08480174839496613
542.02197265625,0.0,0.0,0.0,4.025801658630371,-0.8499882221221924,0.40988340973854065,4.161934852600098,0.46761736273765564
763.8779907226562,0.0,0.0,0.0,2.6756434440612793,0.5605976581573486,-0.33950191736221313,2.9282875061035156,-0.30255886912345886
898.9180297851562,0.0,0.0,0.0,2.573723077774048,-1.222190022468567,0.8628405928611755,2.669274091720581,0.7068325281143188
666.2020263671875,0.0,0.0,0.0,2.994194746017456,-0.16480819880962372,0.013060618191957474,0.0,0.0
760.7459716796875,0.0,0.0,0.0,2.6619997024536133,0.19161923229694366,-0.19100652635097504,3.007042169570923,-0.24098514020442963
275.4419860839844,0.0,0.0,0.0,2.4248838424682617,-0.021189749240875244,0.12140950560569763,2.339763641357422,0.1456303596496582
507.6780090332031,0.0,0.0,0.0,3.6695516109466553,-0.18668663501739502,0.06378533691167831,3.9650328159332275,-0.0026620388962328434
425.6499938964844,0.0,0.0,0.0,4.354979991912842,0.6182925701141357,-0.20445619523525238,4.518036365509033,-0.14437027275562286
360.4219970703125,0.0,0.0,0.0,3.1496851444244385,0.05811375379562378,0.11020536720752716,2.805338144302368,0.1690884679555893
196.093994140625,0.0,0.0,0.0,4.135654449462891,-0.5915554165840149,0.13562804460525513,4.637369155883789,0.15698635578155518
166.7220001220703,0.0,0.0,0.0,1.7513160705566406,0.43497562408447266,-0.6773977279663086,1.9966107606887817,-0.6512539386749268
709.218017578125,0.0,0.0,0.0,2.4261536598205566,0.9615291357040405,-0.7892275452613831,2.4464406967163086,-0.6757892966270447
334.98199462890625,0.0,0.0,0.0,2.0523383617401123,0.2927388846874237,-0.4066881239414215,2.250230073928833,-0.3877299726009369
211.3419952392578,0.0,0.0,0.0,3.9890224933624268,0.6430679559707642,-0.18335099518299103,4.961893081665039,-0.29972323775291443
848.3099975585938,0.0,0.0,0.0,3.1428701877593994,0.6706545352935791,-0.35635268688201904,2.866232395172119,-0.3840412199497223
822.510009765625,0.0,0.0,0.0,3.5869996547698975,-0.7147676944732666,0.31313806772232056,4.111532211303711,0.18153958022594452
482.75,0.0,0.0,0.0,2.7754933834075928,1.2549083232879639,-0.6572502255439758,3.0772178173065186,-0.6165863275527954
949.4619750976562,0.0,0.0,0.0,4.648397922515869,-0.3734012544155121,0.04267463460564613,4.937952041625977,0.007986333221197128
537.0540161132812,0.0,0.0,0.0,4.063016414642334,0.6796291470527649,-0.2599986791610718,4.58951473236084,-0.26808878779411316
438.406005859375,0.0,0.0,0.0,2.145468235015869,0.04524939879775047,-0.08661827445030212,1.9973326921463013,-0.04352489486336708
605.8499755859375,0.0,0.0,0.0,3.690843343734741,-0.858549952507019,0.3219395875930786,3.9906866550445557,0.34677252173423767
770.0139770507812,0.0,0.0,0.0,4.134457111358643,0.12119197100400925,0.03718826547265053,4.319209575653076,0.017013030126690865
609.4660034179688,0.0,0.0,0.0,4.69691276550293,-0.22506509721279144,0.06714151799678802,4.7559733390808105,0.03217478096485138
764.4660034179688,0.0,0.0,0.0,2.6663284301757812,0.4744189381599426,-0.3243086636066437,2.753920555114746,-0.28546345233917236
706.4539794921875,0.0,0.0,0.0,2.1308932304382324,0.43162891268730164,-0.5349923372268677,2.5269081592559814,-0.5579086542129517
259.5140075683594,0.0,0.0,0.0,4.023497104644775,0.0046607451513409615,0.025978827849030495,4.289189338684082,0.0304952934384346
393.3179931640625,0.0,0.0,0.0,3.2974979877471924,0.17739929258823395,-0.04008523374795914,3.49314546585083,-0.1614048182964325
903.9420166015625,0.0,0.0,0.0,1.7541669607162476,-0.46799972653388977,0.7015203833580017,1.8899883031845093,0.6588154435157776
353.6059875488281,0.0,0.0,0.0,2.142073154449463,0.2786751687526703,-0.3974447548389435,2.274799108505249,-0.41521501541137695
755.3660278320312,0.0,0.0,0.0,1.9040721654891968,0.12163914740085602,-0.2056862711906433,2.0612399578094482,-0.1750926524400711
549.0540161132812,0.0,0.0,0.0,2.6784379482269287,0.2168334722518921,-0.23025940358638763,3.1066505908966064,-0.2658826410770416
535.3300170898438,0.0,0.0,0.0,3.273951530456543,0.6205958724021912,-0.4194950461387634,3.908916473388672,-0.3188898265361786
911.1380004882812,0.0,0.0,0.0,4.244478702545166,-0.02712138369679451,0.021411774680018425,4.461971759796143,0.03372783586382866
941.1420288085938,0.0,0.0,0.0,2.1022026538848877,-0.4068472385406494,0.5283954739570618,2.5031392574310303,0.5083252787590027
583.5499877929688,0.0,0.0,0.0,4.5793328285217285,-0.05799759924411774,0.09523333609104156,4.674937725067139,0.03426743671298027
759.3060302734375,0.0,0.0,0.0,2.5157878398895264,0.07748282700777054,-0.11114048212766647,2.8546228408813477,-0.07637088000774384
428.57000732421875,0.0,0.0,0.0,3.179286241531372,-0.3392818570137024,0.0927567332983017,2.6560463905334473,0.033363036811351776
520.9860229492188,0.0,0.0,0.0,3.218623638153076,0.9002646207809448,-0.4629690647125244,3.7337539196014404,-0.547044038772583
288.8380126953125,0.0,0.0,0.0,2.4399571418762207,-0.9768384099006653,0.7308350801467896,2.5450797080993652,0.6748596429824829
426.6579895019531,0.0,0.0,0.0,4.214600563049316,0.39731889963150024,-0.024787679314613342,4.352073669433594,0.014207777567207813
929.9340209960938,0.0,0.0,0.0,3.4308037757873535,0.6078585386276245,-0.39504867792129517,3.9796392917633057,-0.4696267247200012
390.9419860839844,0.0,0.0,0.0,3.1893551349639893,0.009650896303355694,-0.07634645700454712,3.457167863845825,-0.08268372714519501
782.27001953125,0.0,0.0,0.0,2.9317874908447266,0.47891807556152344,-0.329073429107666,3.1465797424316406,-0.26787427067756653
522.0499877929688,0.0,0.0,0.0,3.3600425720214844,0.8444194793701172,-0.38119518756866455,3.3493521213531494,-0.33332863450050354
609.9180297851562,0.0,0.0,0.0,4.677665710449219,-0.16218744218349457,0.008656928315758705,4.967265605926514,-0.12191228568553925
543.43798828125,0.0,0.0,0.0,3.748842239379883,-0.8661372065544128,0.3531873822212219,3.9577133655548096,0.3072097897529602
655.0859985351562,0.0,0.0,0.0,2.1263468265533447,-0.4971340596675873,0.4976980686187744,2.453155994415283,0.5051838159561157
270.1619873046875,0.0,0.0,0.0,2.890273094177246,-0.16631975769996643,-0.05264025926589966,3.4392309188842773,0.004578191787004471
684.4019775390625,0.0,0.0,0.0,1.9060159921646118,-0.06242099404335022,0.12055850774049759,2.313340663909912,0.1613292545080185
760.4340209960938,0.0,0.0,0.0,2.6424031257629395,0.15382051467895508,-0.1864233762025833,2.6300346851348877,-0.17118532955646515
292.6099853515625,0.0,0.0,0.0,2.659942626953125,-0.7349744439125061,0.5343379378318787,3.1476688385009766,0.589057445526123
163.67799377441406,0.0,0.0,0.0,1.6071759462356567,0.3781296908855438,-0.6385561227798462,1.9359471797943115,-0.6519416570663452
828.6740112304688,0.0,0.0,0.0,3.0243988037109375,0.3658619225025177,-0.20134040713310242,3.526202917098999,-0.24768096208572388
150.12600708007812,0.0,0.0,0.0,2.3446757793426514,0.5573470592498779,-0.5617609024047852,2.7448415756225586,-0.5856835246086121
849.2100219726562,0.0,0.0,0.0,2.4240126609802246,0.5017444491386414,-0.39865103363990784,2.479348659515381,-0.32600510120391846
560.1500244140625,0.0,0.0,0.0,2.9604671001434326,0.794055163860321,-0.5179568529129028,3.7391059398651123,-0.5193689465522766
707.6740112304688,0.0,0.0,0.0,2.6352381706237793,0.594050943851471,-0.48158448934555054,3.2636020183563232,-0.41686883568763733
456.85400390625,0.0,0.0,0.0,2.057621717453003,-0.0035966341383755207,-0.053106773644685745,2.113903522491455,-0.0172535702586174
399.77398681640625,0.0,0.0,0.0,3.5184450149536133,0.818084180355072,-0.3638576865196228,4.146247863769531,-0.38519614934921265
325.2699890136719,0.0,0.0,0.0,3.177528142929077,0.5780856609344482,-0.38473308086395264,3.7855091094970703,-0.4145027697086334
961.1699829101562,0.0,0.0,0.0,4.218613147735596,0.3667430281639099,-0.06256362795829773,4.760604381561279,-0.08484021574258804
555.3740234375,0.0,0.0,0.0,1.9914838075637817,0.5031164288520813,-0.6334883570671082,1.8674218654632568,-0.5929142832756042
680.6859741210938,0.0,0.0,0.0,2.4791247844696045,-0.6225601434707642,0.5382763147354126,0.0,0.0
857.8140258789062,0.0,0.0,0.0,1.9954217672348022,-0.4241770803928375,0.5585132241249084,2.296313762664795,0.5789991021156311
981.7420043945312,0.0,0.0,0.0,3.232071876525879,0.639799177646637,-0.5856766104698181,2.8524491786956787,-0.5360239148139954
367.302001953125,0.0,0.0,0.0,3.350722551345825,-0.8148835897445679,0.451036661863327,3.9446091651916504,0.4055301249027252
901.5460205078125,0.0,0.0,0.0,1.852095603942871,-0.6381986737251282,0.725856602191925,2.085331678390503,0.7350623607635498
295.58599853515625,0.0,0.0,0.0,2.4069740772247314,0.44438984990119934,-0.5122890472412109,2.0630459785461426,-0.4771219789981842
605.0819702148438,0.0,0.0,0.0,3.33001446723938,-0.9392597079277039,0.4765011668205261,3.6859428882598877,0.49339890480041504
712.197998046875,0.0,0.0,0.0,3.656702756881714,0.8368088006973267,-0.31394070386886597,4.200942039489746,-0.23873375356197357
998.3779907226562,0.0,0.0,0.0,2.367830276489258,-0.04776016250252724,0.25395694375038147,2.586522340774536,0.25603801012039185
270.6780090332031,0.0,0.0,0.0,3.2296440601348877,-0.031488873064517975,-0.0894106924533844,3.6425256729125977,-0.05787837877869606
878.5139770507812,0.0,0.0,0.0,1.5619118213653564,0.22677631676197052,-0.5020678639411926,1.6883208751678467,-0.4371649920940399
218.70599365234375,0.0,0.0,0.0,2.3450663089752197,0.48080939054489136,-0.45460930466651917,2.8763086795806885,-0.5599913597106934
445.5140075683594,0.0,0.0,0.0,2.6628429889678955,0.45948526263237,-0.29376932978630066,3.115520715713501,-0.37075477838516235
934.5700073242188,0.0,0.0,0.0,3.0168721675872803,0.2777358889579773,-0.031054876744747162,2.707561731338501,-0.05864029377698898
237.9739990234375,0.0,0.0,0.0,3.4225380420684814,-0.49543076753616333,0.19497549533843994,3.6970953941345215,0.11672373861074448
316.19000244140625,0.0,0.0,0.0,1.431566596031189,0.10266514122486115,-0.21047960221767426,1.4371341466903687,-0.2624989449977875
828.2459716796875,0.0,0.0,0.0,2.845637559890747,0.3735690414905548,-0.23930901288986206,3.07991099357605,-0.24597051739692688
145.01800537109375,0.0,0.0,0.0,3.6883270740509033,0.1069517582654953,-0.01956486888229847,3.974896192550659,-0.03264087066054344
728.47802734375,0.0,0.0,0.0,3.154585838317871,-0.15328697860240936,0.14859332144260406,3.175178289413452,0.16675670444965363
467.12200927734375,0.0,0.0,0.0,3.7587532997131348,-0.5720658898353577,0.22159616649150848,4.109280586242676,0.18822921812534332
821.9500122070312,0.0,0.0,0.0,3.530303478240967,-0.7539852261543274,0.363018661737442,3.9441630840301514,0.34422916173934937
318.22198486328125,0.0,0.0,0.0,1.6738049983978271,0.21966542303562164,-0.3832634687423706,1.7482080459594727,-0.34789928793907166
834.0540161132812,0.0,0.0,0.0,3.9531564712524414,0.593838095664978,-0.5038655996322632,3.286278486251831,-0.4855119287967682
176.0540008544922,0.0,0.0,0.0,3.224088191986084,-0.5030990839004517,0.2701825201511383,3.73148512840271,0.29625868797302246
362.70599365234375,0.0,0.0,0.0,1.9906290769577026,-0.4380464553833008,0.5199576616287231,2.3642499446868896,0.5843079090118408
719.9459838867188,0.0,0.0,0.0,3.8057548999786377,0.28707224130630493,-0.0844612792134285,4.0691094398498535,-0.11045173555612564
392.5379943847656,0.0,0.0,0.0,3.415734052658081,0.27727052569389343,-0.14682237803936005,3.5135841369628906,-0.17259475588798523
500.1820068359375,0.0,0.0,0.0,1.9238656759262085,-0.26393088698387146,0.4471591114997864,1.6978864669799805,0.37889355421066284
973.5419921875,0.0,0.0,0.0,3.745579719543457,0.49506866931915283,-0.1855984628200531,3.843796491622925,-0.18216504156589508
632.1220092773438,0.0,0.0,0.0,4.526599884033203,0.3966495990753174,-0.08458056300878525,4.817248821258545,-0.05698118731379509
264.56201171875,0.0,0.0,0.0,1.2762529850006104,-0.052894823253154755,0.1588142067193985,1.2818880081176758,0.1670708805322647
712.5380249023438,0.0,0.0,0.0,3.838046073913574,0.7811734676361084,-0.2948722839355469,4.153933525085449,-0.17549645900726318
424.07000732421875,0.0,0.0,0.0,4.080511569976807,0.7113084197044373,-0.24778196215629578,4.546587944030762,-0.1688273549079895
423.8219909667969,0.0,0.0,0.0,4.030198574066162,0.7257751822471619,-0.2997570335865021,4.437687397003174,-0.27542930841445923
676.27001953125,0.0,0.0,0.0,1.978513240814209,-0.8400000929832458,0.8153703212738037,2.292830467224121,0.7581443190574646
662.885986328125,0.0,0.0,0.0,3.179583787918091,-0.5792480111122131,0.3602834939956665,3.9269421100616455,0.28199800848960876
605.3140258789062,0.0,0.0,0.0,3.411289691925049,-0.9271320104598999,0.4390116035938263,4.025778293609619,0.3935289680957794
835.6060180664062,0.0,0.0,0.0,3.246206760406494,0.9773988723754883,-0.49913111329078674,3.830625295639038,-0.4847293794155121
622.72998046875,0.0,0.0,0.0,2.144235610961914,0.11271066218614578,-0.0929950475692749,2.2048017978668213,-0.09146225452423096
473.6419982910156,0.0,0.0,0.0,3.3666727542877197,-0.3238980174064636,0.004492287524044514,2.877506971359253,-0.009410233236849308
564.6179809570312,0.0,0.0,0.0,4.574471950531006,0.09702078253030777,-0.027693675830960274,4.739392280578613,-0.0711347758769989
980.3140258789062,0.0,0.0,0.0,3.7339766025543213,0.7039265036582947,-0.2893335819244385,3.901505470275879,-0.25267595052719116
472.8739929199219,0.0,0.0,0.0,3.6359434127807617,-0.5299270749092102,0.1482490748167038,3.440650701522827,0.1158900111913681
295.9700012207031,0.0,0.0,0.0,2.098795175552368,0.5058107972145081,-0.5871703028678894,2.0695855617523193,-0.6575285792350769
303.25799560546875,0.0,0.0,0.0,1.8611773252487183,-0.07414744794368744,0.20999950170516968,2.120607614517212,0.3050704002380371
706.2659912109375,0.0,0.0,0.0,2.039452314376831,0.4099040627479553,-0.5237727165222168,2.4454686641693115,-0.5859088897705078
536.4819946289062,0.0,0.0,0.0,3.820286273956299,0.6889147758483887,-0.2952329218387604,4.312062740325928,-0.31007182598114014
925.7420043945312,0.0,0.0,0.0,3.5878655910491943,-0.6859782338142395,0.2874380350112915,4.191683769226074,0.19111673533916473
968.8820190429688,0.0,0.0,0.0,2.2704434394836426,0.4491612911224365,-0.36453309655189514,2.72035551071167,-0.3583758473396301
715.3820190429688,0.0,0.0,0.0,3.082602024078369,-0.6238712668418884,0.3171164393424988,3.385427474975586,0.29529085755348206
553.718017578125,0.0,0.0,0.0,2.3479084968566895,0.5036465525627136,-0.4442938268184662,2.464742660522461,-0.4088568389415741
282.9580078125,0.0,0.0,0.0,3.547821044921875,-0.5280279517173767,0.24820414185523987,4.094152927398682,0.2526746094226837
150.8419952392578,0.0,0.0,0.0,2.550452709197998,0.5659172534942627,-0.4700576961040497,2.794922351837158,-0.4966161549091339
337.0780029296875,0.0,0.0,0.0,2.4616496562957764,0.3888944387435913,-0.1991129219532013,2.534742832183838,-0.24005679786205292
778.3460083007812,0.0,0.0,0.0,2.9302926063537598,0.06846539676189423,-0.025387782603502274,2.6967616081237793,-0.023930419236421585
683.9539794921875,0.0,0.0,0.0,1.4075572490692139,-0.018924083560705185,0.10418139398097992,1.9248113632202148,0.09375561773777008
348.35400390625,0.0,0.0,0.0,2.621696949005127,0.35484710335731506,-0.2723780572414398,2.89072847366333,-0.30337774753570557
815.0180053710938,0.0,0.0,0.0,2.3115921020507812,-0.34100112318992615,0.11295534670352936,2.2574634552001953,0.12770900130271912
413.5780029296875,0.0,0.0,0.0,3.132673740386963,0.7082401514053345,-0.41566386818885803,3.7839739322662354,-0.49529922008514404
649.302001953125,0.0,0.0,0.0,2.3934147357940674,0.08463933318853378,-0.11132518947124481,2.8664612770080566,-0.13701941072940826
792.114013671875,0.0,0.0,0.0,4.007767677307129,0.36109524965286255,-0.07342025637626648,3.7056806087493896,-0.07061881572008133
864.989990234375,0.0,0.0,0.0,3.7802019119262695,-1.0310814380645752,0.3718917965888977,4.126260280609131,0.26808303594589233
1017.2100219726562,0.0,0.0,0.0,3.549675703048706,-0.1294182986021042,0.07892657071352005,3.9054856300354004,0.0448574535548687
947.6259765625,0.0,0.0,0.0,4.436182022094727,-0.6118810176849365,0.1702376902103424,4.9013671875,0.11735767126083374
351.3900146484375,0.0,0.0,0.0,2.7347142696380615,0.27640774846076965,-0.0888364389538765,2.7324817180633545,-0.09338866919279099
301.22601318359375,0.0,0.0,0.0,1.8730556964874268,0.5191742777824402,-0.6559593677520752,1.8760641813278198,-0.610364556312561
884.3660278320312,0.0,0.0,0.0,3.874504566192627,0.5619027018547058,-0.1528446227312088,4.324314594268799,-0.15739989280700684
854.6820068359375,0.0,0.0,0.0,3.431303024291992,-0.352529376745224,0.1569591760635376,3.1180427074432373,0.25245121121406555
537.7860107421875,0.0,0.0,0.0,4.341696262359619,0.6420164108276367,-0.258891224861145,4.743610382080078,-0.2564440667629242
330.3940124511719,0.0,0.0,0.0,3.683072566986084,-0.01524866558611393,0.0307714082300663,3.4397220611572266,0.007920916192233562
701.281982421875,0.0,0.0,0.0,2.81386661529541,0.338577002286911,-0.38055309653282166,3.1872870922088623,-0.4197598099708557
1030.58203125,0.0,0.0,0.0,1.8984127044677734,0.445442795753479,-0.5761597752571106,1.8745909929275513,-0.5176656246185303
335.3340148925781,0.0,0.0,0.0,2.2100257873535156,0.3386431634426117,-0.4128463566303253,2.314354658126831,-0.3583448529243469
276.7340087890625,0.0,0.0,0.0,2.3967692852020264,-0.339390367269516,0.36235710978507996,2.719999074935913,0.383209228515625
296.1059875488281,0.0,0.0,0.0,2.017127513885498,0.506872296333313,-0.5453893542289734,1.8687635660171509,-0.5213956236839294
464.010009765625,0.0,0.0,0.0,2.5034420490264893,-0.49068790674209595,0.428631454706192,2.659796714782715,0.42254433035850525
906.6060180664062,0.0,0.0,0.0,2.159292221069336,0.26491084694862366,-0.32767921686172485,2.465336799621582,-0.3663311302661896
686.0139770507812,0.0,0.0,0.0,2.9219894409179688,-0.2761036157608032,0.20535798370838165,3.252288341522217,0.21988233923912048
860.3779907226562,0.0,0.0,0.0,3.437882900238037,-0.6802461743354797,0.3268573582172394,4.107365131378174,0.37407511472702026
484.84600830078125,0.0,0.0,0.0,3.291560411453247,0.7275345325469971,-0.24580854177474976,3.6556878089904785,-0.29758042097091675
899.9099731445312,0.0,0.0,0.0,2.407313346862793,-0.8528849482536316,0.6126176714897156,3.032492160797119,0.6193335652351379
896.9099731445312,0.0,0.0,0.0,3.1936278343200684,-0.685657799243927,0.45858147740364075,3.706590414047241,0.4632817804813385
911.4660034179688,0.0,0.0,0.0,4.323469638824463,-0.00633007800206542,0.031097065657377243,4.417341232299805,0.0541386716067791
425.1099853515625,0.0,0.0,0.0,4.266478538513184,0.6464523673057556,-0.22616669535636902,4.765316009521484,-0.260943740606308
919.6060180664062,0.0,0.0,0.0,3.6934711933135986,-0.4083620011806488,0.1738148033618927,3.5506815910339355,0.17210444808006287
981.530029296875,0.0,0.0,0.0,3.4849400520324707,0.5442773699760437,-0.40011560916900635,3.0079448223114014,-0.4779146611690521
584.926025390625,0.0,0.0,0.0,3.776829481124878,-0.877799928188324,0.4946533739566803,3.6361606121063232,0.43520379066467285
682.0900268554688,0.0,0.0,0.0,-0.07570764422416687,-0.014185541309416294,-0.0005188059876672924,0.0,0.0
566.52197265625,0.0,0.0,0.0,4.665590763092041,0.07423018664121628,-0.005302944220602512,4.77321195602417,0.054630547761917114
902.3660278320312,0.0,0.0,0.0,1.9216935634613037,-0.48138219118118286,0.560854971408844,2.372582197189331,0.6453291773796082
920.0780029296875,0.0,0.0,0.0,3.6590938568115234,-0.37226319313049316,0.17866383492946625,3.312563419342041,0.22535014152526855
347.48199462890625,0.0,0.0,0.0,2.506661891937256,0.22462186217308044,-0.10636555403470993,2.4605355262756348,-0.14418017864227295
1022.4140014648438,0.0,0.0,0.0,4.445041179656982,-0.047934673726558685,-0.0008337340550497174,4.69141149520874,0.03517111390829086
345.614013671875,0.0,0.0,0.0,3.067718982696533,0.37310922145843506,-0.13423700630664825,3.2026500701904297,-0.03281760960817337
1003.177978515625,0.0,0.0,0.0,3.418907642364502,-0.7613387107849121,0.32349687814712524,4.298550128936768,0.4184330403804779
357.84600830078125,0.0,0.0,0.0,3.820559501647949,0.46185389161109924,-0.1779509335756302,4.138502597808838,-0.12930501997470856
149.6739959716797,0.0,0.0,0.0,2.5560061931610107,0.5304601192474365,-0.5102869272232056,2.4249587059020996,-0.5009252429008484
672.0139770507812,0.0,0.0,0.0,2.422661781311035,-0.4639858901500702,0.48215293884277344,2.9174013137817383,0.49247726798057556
718.5499877929688,0.0,0.0,0.0,3.3414599895477295,0.34983208775520325,-0.20242846012115479,3.4868783950805664,-0.2108960598707199
298.8819885253906,0.0,0.0,0.0,2.317598581314087,0.5228164792060852,-0.5389654040336609,2.6788218021392822,-0.6080167889595032
594.7780151367188,0.0,0.0,0.0,4.188323497772217,0.4174521863460541,-0.06927143037319183,4.298605918884277,-0.0707043781876564
311.49798583984375,0.0,0.0,0.0,3.3854751586914062,-0.026423603296279907,0.004439836833626032,2.9413328170776367,-0.03541398048400879
222.04600524902344,0.0,0.0,0.0,3.884260416030884,0.4953102767467499,-0.1513756364583969,4.155943870544434,-0.15121452510356903
287.0459899902344,0.0,0.0,0.0,4.472841262817383,-0.09768952429294586,0.014625958167016506,4.621327877044678,0.0456976555287838
619.6220092773438,0.0,0.0,0.0,1.6780704259872437,0.06154932081699371,-0.11539027839899063,1.8713645935058594,-0.08881648629903793
723.614013671875,0.0,0.0,0.0,3.6854798793792725,0.052190326154232025,-0.035550229251384735,3.271331548690796,-0.027820728719234467
1003.0659790039062,0.0,0.0,0.0,3.407752275466919,-0.7552435994148254,0.3673367500305176,3.6839873790740967,0.30287599563598633
395.8179931640625,0.0,0.0,0.0,1.8161507844924927,0.32551369071006775,-0.5054439902305603,1.913084864616394,-0.5082331895828247
537.7020263671875,0.0,0.0,0.0,4.313729763031006,0.6372487545013428,-0.2778974175453186,4.799824237823486,-0.24632373452186584
512.3699951171875,0.0,0.0,0.0,2.874870777130127,-0.5654456615447998,0.2911413311958313,3.513731002807617,0.2983510196208954
828.4500122070312,0.0,0.0,0.0,2.9065988063812256,0.3606022894382477,-0.23078736662864685,3.446376085281372,-0.34016677737236023
508.45001220703125,0.0,0.0,0.0,3.5893714427948,-0.20868439972400665,0.10756764560937881,3.2193727493286133,0.08569665998220444
206.91000366210938,0.0,0.0,0.0,1.7850868701934814,0.37122589349746704,-0.514793872833252,1.8976047039031982,-0.5043447017669678
384.0379943847656,0.0,0.0,0.0,3.114478349685669,-0.6792861819267273,0.34550097584724426,3.518986940383911,0.37561148405075073
382.6180114746094,0.0,0.0,0.0,2.699923276901245,-0.45243731141090393,0.31091544032096863,2.891343593597412,0.35953280329704285
190.16200256347656,0.0,0.0,0.0,2.1336255073547363,-0.16372369229793549,0.28063446283340454,1.8654491901397705,0.3199724555015564
953.9219970703125,0.0,0.0,0.0,4.4512529373168945,0.28721779584884644,-0.04396919161081314,4.607002258300781,0.0003939041926059872
688.9140014648438,0.0,0.0,0.0,3.1616945266723633,-0.6745900511741638,0.39189353585243225,3.6493003368377686,0.4400465190410614
864.2459716796875,0.0,0.0,0.0,3.5829410552978516,-1.082495093345642,0.4975310266017914,4.026791572570801,0.47170859575271606
516.7059936523438,0.0,0.0,0.0,4.496640682220459,-0.385009765625,0.045576032251119614,4.654300689697266,0.021854950115084648
344.86199951171875,0.0,0.0,0.0,3.0609121322631836,0.4208884835243225,-0.17207063734531403,3.144634962081909,-0.1587347686290741
759.9860229492188,0.0,0.0,0.0,2.7049684524536133,0.13532590866088867,-0.14124278724193573,2.6932947635650635,-0.13236942887306213
175.68600463867188,0.0,0.0,0.0,3.189552068710327,-0.506546139717102,0.28001073002815247,3.3080406188964844,0.24347615242004395
539.6300048828125,0.0,0.0,0.0,4.651663303375244,0.34644487500190735,0.009283781982958317,4.530284881591797,0.14283543825149536
251.2779998779297,0.0,0.0,0.0,3.7370388507843018,-1.0378632545471191,0.45328786969184875,4.223753452301025,0.5323190689086914
575.989990234375,0.0,0.0,0.0,3.9714620113372803,0.2823958098888397,-0.3393231928348541,3.3680431842803955,-0.40695422887802124
1026.6300048828125,0.0,0.0,0.0,4.00056791305542,0.7699827551841736,-0.3138377368450165,4.482151031494141,-0.315152645111084
213.38600158691406,0.0,0.0,0.0,3.8937933444976807,0.3113371431827545,-0.053030937910079956,3.6027956008911133,-0.07510945200920105
954.2139892578125,0.0,0.0,0.0,4.373271465301514,0.23081839084625244,0.006140400189906359,4.227543354034424,-0.07310546934604645
782.469970703125,0.0,0.0,0.0,2.9889166355133057,0.4630488157272339,-0.25812777876853943,3.564790964126587,-0.3376765251159668
808.2020263671875,0.0,0.0,0.0,3.6673226356506348,0.9000073671340942,-0.45002251863479614,4.535389423370361,-0.4857062101364136
833.469970703125,0.0,0.0,0.0,4.462252616882324,0.11505014449357986,-0.06513617932796478,4.012706756591797,-0.32418644428253174
285.19000244140625,0.0,0.0,0.0,4.242654323577881,-0.25440865755081177,0.040183719247579575,4.70950984954834,0.07702358812093735
977.4660034179688,0.0,0.0,0.0,2.4504127502441406,0.6783353686332703,-0.4751659631729126,2.9460039138793945,-0.5927302837371826
495.5539855957031,0.0,0.0,0.0,2.058086395263672,-0.3520296812057495,0.3722057640552521,2.274578809738159,0.3536902666091919
297.6340026855469,0.0,0.0,0.0,1.8417021036148071,0.4192267656326294,-0.5739198327064514,2.091848373413086,-0.547571063041687
181.28599548339844,0.0,0.0,0.0,2.270193576812744,-0.4090748429298401,0.5166711807250977,2.6153404712677,0.5101612210273743
793.5659790039062,0.0,0.0,0.0,3.276273012161255,0.05582509934902191,-0.010339069180190563,2.8453519344329834,-0.033106785267591476
733.9180297851562,0.0,0.0,0.0,3.7095744609832764,-0.5422497391700745,0.10608591884374619,3.469247817993164,-0.0028318287804722786
625.0859985351562,0.0,0.0,0.0,2.803734064102173,0.2651432752609253,-0.21112847328186035,2.7518320083618164,-0.1889328807592392
976.6859741210938,0.0,0.0,0.0,2.491206169128418,0.8377596139907837,-0.6299542784690857,2.6905441284179688,-0.5578628182411194
427.8340148925781,0.0,0.0,0.0,3.7653744220733643,-0.35149630904197693,0.20534874498844147,3.152588129043579,0.17970143258571625
654.4019775390625,0.0,0.0,0.0,1.9481085538864136,-0.4531533420085907,0.5117177963256836,2.121995449066162,0.5132635235786438
506.5459899902344,0.0,0.0,0.0,3.742199420928955,-0.24234099686145782,0.07537438720464706,3.7840094566345215,0.10129772871732712
361.1059875488281,0.0,0.0,0.0,2.281841516494751,-0.3738721013069153,0.4816212058067322,2.038766860961914,0.4861908257007599
202.3459930419922,0.0,0.0,0.0,4.653860092163086,-0.024167276918888092,-0.03472618758678436,4.7915263175964355,0.0005034190253354609
631.1500244140625,0.0,0.0,0.0,4.2550787925720215,0.6204834580421448,-0.1942722648382187,4.595103740692139,-0.13365349173545837
599.9860229492188,0.0,0.0,0.0,3.577418327331543,-0.4232507348060608,0.40859684348106384,2.787511110305786,0.35744819045066833
504.07000732421875,0.0,0.0,0.0,2.783707857131958,-0.4958277940750122,0.42040175199508667,3.267845392227173,0.3908297121524811
955.9819946289062,0.0,0.0,0.0,3.3091726303100586,0.21093644201755524,-0.2057933211326599,3.1371939182281494,-0.28153684735298157
603.7139892578125,0.0,0.0,0.0,2.933737277984619,-0.6943188905715942,0.4699125289916992,3.5821335315704346,0.5261890888214111
885.7459716796875,0.0,0.0,0.0,3.675930976867676,0.2554413080215454,-0.07575131207704544,3.3142712116241455,-0.09119091928005219
140.32200622558594,0.0,0.0,0.0,3.024465799331665,0.2689957022666931,-0.12926669418811798,2.872131586074829,-0.11344242095947266
521.6300048828125,0.0,0.0,0.0,3.329150438308716,0.8825975656509399,-0.43964141607284546,3.680506944656372,-0.4057270586490631
902.6859741210938,0.0,0.0,0.0,1.9566789865493774,-0.46889176964759827,0.6309404969215393,2.1461169719696045,0.6779733896255493
195.6699981689453,0.0,0.0,0.0,3.916827917098999,-0.6309751868247986,0.22788265347480774,4.3626179695129395,0.18977013230323792
785.4099731445312,0.0,0.0,0.0,3.250351667404175,0.3997742831707001,-0.23122833669185638,3.6608314514160156,-0.21380163729190826
481.75,0.0,0.0,0.0,3.7077794075012207,0.7878502011299133,-0.38542068004608154,3.679539918899536,-0.5865779519081116
982.85400390625,0.0,0.0,0.0,2.499627113342285,0.7646657228469849,-0.645642101764679,2.9406015872955322,-0.6754841804504395
146.71400451660156,0.0,0.0,0.0,4.083017826080322,0.08933340758085251,-0.03120739758014679,4.163496971130371,0.01084192469716072
706.677978515625,0.0,0.0,0.0,2.213787317276001,0.46926799416542053,-0.5148261785507202,2.4242632389068604,-0.46661341190338135
705.8939819335938,0.0,0.0,0.0,1.9019991159439087,0.3962273597717285,-0.5534225106239319,2.219247341156006,-0.5268710851669312
922.2340087890625,0.0,0.0,0.0,2.6514835357666016,-0.4088761508464813,0.27889570593833923,2.5640172958374023,0.30364835262298584
771.1099853515625,0.0,0.0,0.0,4.266955375671387,0.06779071688652039,0.03211415931582451,4.527544021606445,0.03264491632580757
187.4219970703125,0.0,0.0,0.0,3.84588623046875,-0.15073345601558685,0.022555343806743622,3.4266726970672607,0.02735910564661026
386.58599853515625,0.0,0.0,0.0,3.3589935302734375,-0.8875998258590698,0.48400816321372986,3.774662494659424,0.41263547539711
207.5780029296875,0.0,0.0,0.0,1.9383984804153442,0.3888936936855316,-0.5400744676589966,2.0721025466918945,-0.4819026589393616
894.197998046875,0.0,0.0,0.0,1.7584975957870483,-0.3212825357913971,0.522602915763855,2.033277750015259,0.5870445370674133
749.6019897460938,0.0,0.0,0.0,2.851390838623047,0.24079342186450958,-0.12361495196819305,2.7374231815338135,-0.10574008524417877
754.7459716796875,0.0,0.0,0.0,1.7831753492355347,0.12207742035388947,-0.22608771920204163,1.6939607858657837,-0.22890613973140717
908.1300048828125,0.0,0.0,0.0,2.8915350437164307,0.5418649911880493,-0.3610861897468567,3.495053291320801,-0.3737248480319977
956.4420166015625,0.0,0.0,0.0,3.0014288425445557,0.3982614576816559,-0.31709665060043335,2.879246950149536,-0.3814186155796051
263.4580078125,0.0,0.0,0.0,1.7625465393066406,-0.03148826211690903,0.044133324176073074,1.4454387426376343,0.050109222531318665
742.4860229492188,0.0,0.0,0.0,4.277058124542236,-0.7662094831466675,0.20960181951522827,4.53778076171875,0.16566209495067596
650.7459716796875,0.0,0.0,0.0,3.2911603450775146,0.1850465089082718,-0.09739848226308823,3.483058452606201,-0.11067920178174973
707.3619995117188,0.0,0.0,0.0,2.5179522037506104,0.5629526376724243,-0.4974518120288849,2.8095316886901855,-0.4912782609462738
497.4219970703125,0.0,0.0,0.0,2.5769028663635254,-0.36597952246665955,0.31189456582069397,2.783843517303467,0.31839627027511597
635.281982421875,0.0,0.0,0.0,4.050641059875488,0.5027393698692322,-0.12588977813720703,4.070513725280762,-0.048277147114276886
347.2139892578125,0.0,0.0,0.0,2.6435165405273438,0.251537948846817,-0.10400900989770889,2.702507972717285,-0.1276663839817047
168.92599487304688,0.0,0.0,0.0,2.227006435394287,0.57362300157547,-0.6173505187034607,2.310922622680664,-0.5734153985977173
507.3380126953125,0.0,0.0,0.0,3.7323620319366455,-0.19066844880580902,0.024668071419000626,3.6352314949035645,0.04226037114858627
941.3699951171875,0.0,0.0,0.0,2.2299017906188965,-0.43674516677856445,0.47047126293182373,2.620612859725952,0.5047162771224976
987.677978515625,0.0,0.0,0.0,2.9535470008850098,-0.18404211103916168,0.22615838050842285,3.1806931495666504,0.15309500694274902
309.2659912109375,0.0,0.0,0.0,4.235590934753418,-0.2713504135608673,0.01657852530479431,4.264555931091309,0.016197569668293
148.20199584960938,0.0,0.0,0.0,3.9353129863739014,0.0076691568829119205,-0.03825991973280907,3.966709852218628,-0.06569628417491913
754.5419921875,0.0,0.0,0.0,1.7406620979309082,0.11882846802473068,-0.26423653960227966,1.9638948440551758,-0.2045089453458786
232.85400390625,0.0,0.0,0.0,1.7472655773162842,0.3511752188205719,-0.5937678217887878,1.9144080877304077,-0.47231611609458923
257.4859924316406,0.0,0.0,0.0,4.622330188751221,0.03731108084321022,-0.028470613062381744,4.401914119720459,0.0670657828450203
395.0459899902344,0.0,0.0,0.0,2.236433744430542,0.2761392295360565,-0.3564017117023468,2.320284605026245,-0.4635358154773712
660.614013671875,0.0,0.0,0.0,2.004817247390747,-0.2887938618659973,0.43322497606277466,2.2307395935058594,0.3953937590122223
573.3619995117188,0.0,0.0,0.0,4.415340423583984,0.4294995367527008,-0.06104547530412674,5.010849952697754,-0.07699938118457794
525.9819946289062,0.0,0.0,0.0,2.377140998840332,0.276425838470459,-0.13605128228664398,2.0206336975097656,-0.10706664621829987
454.8139953613281,0.0,0.0,0.0,3.162978410720825,0.10458154231309891,-0.09203489869832993,2.638174533843994,-0.07906971126794815
737.8820190429688,0.0,0.0,0.0,3.256066083908081,-0.48353832960128784,0.24318856000900269,3.418011426925659,0.2519169747829437
154.1540069580078,0.0,0.0,0.0,3.2716991901397705,0.7288733720779419,-0.5326712727546692,2.6925580501556396,-0.48246315121650696
704.1220092773438,0.0,0.0,0.0,2.4493606090545654,0.42129725217819214,-0.4874058961868286,2.272411823272705,-0.45736074447631836
298.20599365234375,0.0,0.0,0.0,1.996577501296997,0.4188796579837799,-0.5238144993782043,2.259727716445923,-0.5359545350074768
828.9459838867188,0.0,0.0,0.0,3.1275808811187744,0.3853733539581299,-0.22017847001552582,3.534608840942383,-0.2169891744852066
1002.8460083007812,0.0,0.0,0.0,3.2844882011413574,-0.7246899604797363,0.3635600209236145,4.032101154327393,0.33283731341362
968.3740234375,0.0,0.0,0.0,2.1159274578094482,0.38346704840660095,-0.3966074585914612,2.4676427841186523,-0.4079272150993347
220.52999877929688,0.0,0.0,0.0,3.3519816398620605,0.6521340012550354,-0.3148742914199829,3.899855375289917,-0.22405892610549927
348.4939880371094,0.0,0.0,0.0,2.6399872303009033,0.3611154556274414,-0.30426979064941406,2.854536771774292,-0.2795579731464386
966.8140258789062,0.0,0.0,0.0,2.6322004795074463,0.3340775966644287,-0.18877676129341125,2.38911509513855,-0.15186627209186554
604.1060180664062,0.0,0.0,0.0,3.049912691116333,-0.7893574237823486,0.5200584530830383,3.3969132900238037,0.5200380086898804
923.5380249023438,0.0,0.0,0.0,2.5696918964385986,-0.5571130514144897,0.4046502113342285,2.781465768814087,0.43430134654045105
210.6739959716797,0.0,0.0,0.0,3.733081579208374,0.7460882663726807,-0.27458447217941284,3.9298276901245117,-0.2632046639919281
267.74200439453125,0.0,0.0,0.0,1.6215230226516724,-0.29238471388816833,0.4465639889240265,1.8334062099456787,0.4917529225349426
308.5459899902344,0.0,0.0,0.0,4.206920146942139,-0.32320141792297363,0.03147321566939354,4.506511688232422,0.11518123745918274
657.2020263671875,0.0,0.0,0.0,0.8651977777481079,-0.08362682908773422,0.013179308734834194,0.0,0.0
600.2219848632812,0.0,0.0,0.0,3.1767754554748535,-0.5491405725479126,0.4790318012237549,2.4055094718933105,0.5296793580055237
302.9419860839844,0.0,0.0,0.0,1.8115758895874023,0.03486742079257965,0.16977879405021667,1.9952210187911987,0.19024424254894257
754.6420288085938,0.0,0.0,0.0,1.7858927249908447,0.13253088295459747,-0.22571581602096558,1.7697274684906006,-0.20182856917381287
865.6060180664062,0.0,0.0,0.0,3.9748570919036865,-0.8986804485321045,0.2817801833152771,4.349247932434082,0.19893674552440643
479.9100036621094,0.0,0.0,0.0,3.4371306896209717,0.3860208988189697,-0.16656579077243805,3.8209493160247803,-0.22990162670612335
635.6259765625,0.0,0.0,0.0,3.8858773708343506,0.3721579909324646,-0.020605577155947685,3.7992665767669678,0.10371547937393188
748.2459716796875,0.0,0.0,0.0,3.6755075454711914,-0.11001424491405487,-0.07218752056360245,3.522317886352539,-0.10261886566877365
772.56201171875,0.0,0.0,0.0,4.091397762298584,0.4828737676143646,-0.333030641078949,4.513326644897461,-0.3164440095424652
810.9860229492188,0.0,0.0,0.0,4.134995937347412,0.5518525242805481,-0.16509172320365906,4.18814754486084,-0.10241054743528366
626.5180053710938,0.0,0.0,0.0,3.0986084938049316,0.4842234253883362,-0.34137478470802307,3.1986141204833984,-0.3928569257259369
718.0659790039062,0.0,0.0,0.0,3.255336046218872,0.22423787415027618,-0.23926134407520294,3.2779438495635986,-0.24435333907604218
667.5139770507812,0.0,0.0,0.0,0.5780982971191406,-0.01044846884906292,-0.022417709231376648,0.0,0.0
636.7780151367188,0.0,0.0,0.0,3.2782628536224365,-0.1377713680267334,0.14211970567703247,2.8960118293762207,0.12811578810214996
346.406005859375,0.0,0.0,0.0,2.934345245361328,0.3151262104511261,-0.1421859711408615,3.027540445327759,-0.11682682484388351
172.1540069580078,0.0,0.0,0.0,1.6840571165084839,-0.03725256770849228,0.2007119357585907,1.7527987957000732,0.2199522703886032
861.75,0.0,0.0,0.0,4.088564395904541,-0.6736669540405273,0.17880694568157196,4.402166366577148,0.12672214210033417
413.30999755859375,0.0,0.0,0.0,2.9634718894958496,0.6343661546707153,-0.4538848400115967,3.5667388439178467,-0.513343870639801
364.3179931640625,0.0,0.0,0.0,2.821298122406006,-0.6068207025527954,0.4500426650047302,3.478248357772827,0.44506385922431946
674.469970703125,0.0,0.0,0.0,2.685659170150757,-0.8547696471214294,0.578912079334259,3.119072675704956,0.5598962306976318
316.64599609375,0.0,0.0,0.0,1.4211969375610352,0.1359451711177826,-0.2839466631412506,1.5211483240127563,-0.3011193573474884
937.3660278320312,0.0,0.0,0.0,1.776780366897583,0.020994823426008224,0.09914349019527435,1.555759072303772,0.11565360426902771
786.3259887695312,0.0,0.0,0.0,3.5220584869384766,0.3602933883666992,-0.17312689125537872,3.8538737297058105,-0.2095627337694168
267.84600830078125,0.0,0.0,0.0,1.6476517915725708,-0.305087685585022,0.4623638391494751,1.9336752891540527,0.5360476970672607
608.510009765625,0.0,0.0,0.0,4.600671291351318,-0.35858654975891113,0.07826272398233414,4.903494834899902,0.09345702826976776
511.4460144042969,0.0,0.0,0.0,2.597919225692749,-0.5684257745742798,0.40153178572654724,3.1272785663604736,0.46811309456825256
541.6300048828125,0.0,0.0,0.0,4.143402576446533,-0.6563234925270081,0.3709079921245575,4.030130863189697,0.370168000459671
725.9539794921875,0.0,0.0,0.0,2.4201338291168213,0.09440184384584427,0.07849947363138199,2.3633031845092773,0.03851574659347534
755.8179931640625,0.0,0.0,0.0,1.9724760055541992,0.12254732847213745,-0.1758030652999878,1.7134078741073608,-0.0668182522058487
951.3460083007812,0.0,0.0,0.0,4.623473644256592,0.10591300576925278,-0.0221481341868639,4.828160285949707,-0.019567405804991722
845.406005859375,0.0,0.0,0.0,4.067443370819092,0.590069591999054,-0.20396605134010315,4.480404376983643,-0.12937922775745392
933.5859985351562,0.0,0.0,0.0,3.271521806716919,0.43571794033050537,-0.13027089834213257,3.264802932739258,-0.1755816638469696
913.0700073242188,0.0,0.0,0.0,4.622378826141357,0.0041097430512309074,0.020442258566617966,4.643471717834473,0.08761800080537796
312.4939880371094,0.0,0.0,0.0,2.822180986404419,0.017647594213485718,0.012888389639556408,2.687687397003174,0.01919587515294552
424.8739929199219,0.0,0.0,0.0,4.259097099304199,0.6411520838737488,-0.2675288915634155,4.588875770568848,-0.23490658402442932
301.9100036621094,0.0,0.0,0.0,1.6852883100509644,0.4381770193576813,-0.6877360343933105,1.9042325019836426,-0.5965123772621155
676.4739990234375,0.0,0.0,0.0,1.9461835622787476,-0.7772411704063416,0.7479094862937927,2.2126104831695557,0.6702902913093567
934.2659912109375,0.0,0.0,0.0,3.210838556289673,0.3230462968349457,-0.10489650070667267,2.817884683609009,-0.07394871115684509
984.6099853515625,0.0,0.0,0.0,2.8983399868011475,0.7247481346130371,-0.4799056947231293,3.3591246604919434,-0.450163871049881
900.35400390625,0.0,0.0,0.0,2.5402255058288574,-0.7905805706977844,0.6196945905685425,2.4420063495635986,0.6096734404563904
468.32598876953125,0.0,0.0,0.0,4.271530628204346,-0.4938940405845642,0.23330990970134735,4.407881736755371,0.19235801696777344
767.8140258789062,0.0,0.0,0.0,3.4992949962615967,0.2572105824947357,-0.023699196055531502,3.9544219970703125,-0.07185313105583191
954.9420166015625,0.0,0.0,0.0,3.9837238788604736,0.1462937742471695,-0.07555102556943893,3.6757724285125732,-0.12534037232398987
883.14599609375,0.0,0.0,0.0,3.5013537406921387,0.6588789820671082,-0.2953639328479767,4.036362171173096,-0.30194830894470215
567.85400390625,0.0,0.0,0.0,4.574284076690674,0.07701463997364044,-0.07930128276348114,4.3555779457092285,-0.1968723088502884
300.2099914550781,0.0,0.0,0.0,2.031263828277588,0.653923749923706,-0.6766113042831421,2.405148983001709,-0.7105991244316101
491.5379943847656,0.0,0.0,0.0,2.6608734130859375,0.21001183986663818,-0.02657938376069069,2.7241170406341553,-0.06803473830223083
796.9140014648438,0.0,0.0,0.0,3.108602285385132,0.0701473280787468,-0.06133176013827324,3.3070342540740967,-0.02014916017651558
819.6099853515625,0.0,0.0,0.0,3.5556106567382812,-0.291532427072525,0.2027285397052765,3.691012144088745,0.32400965690612793
851.7420043945312,0.0,0.0,0.0,2.314607620239258,-0.01669093780219555,0.10466346889734268,2.755885362625122,0.18336009979248047
1032.2779541015625,0.0,0.0,0.0,2.233898162841797,0.5383174419403076,-0.5517126321792603,2.9137203693389893,-0.5573721528053284
418.406005859375,0.0,0.0,0.0,3.657346725463867,0.43361973762512207,-0.061576228588819504,3.260282039642334,-0.1354302614927292
948.1900024414062,0.0,0.0,0.0,4.444844722747803,-0.5386732816696167,0.16994024813175201,4.514681816101074,0.10063298046588898
908.573974609375,0.0,0.0,0.0,3.0854601860046387,0.5663116574287415,-0.26406434178352356,3.899109125137329,-0.3878140151500702
975.2979736328125,0.0,0.0,0.0,2.939276933670044,0.7287676930427551,-0.48145654797554016,3.0120725631713867,-0.530305027961731
434.4259948730469,0.0,0.0,0.0,3.3012876510620117,0.27114853262901306,-0.14289358258247375,3.2747864723205566,-0.11659441143274307
235.41799926757812,0.0,0.0,0.0,2.4993185997009277,-0.35672876238822937,0.3659714162349701,2.7976856231689453,0.330234169960022
225.4499969482422,0.0,0.0,0.0,2.4916141033172607,0.05997048690915108,-0.09457307308912277,1.7982524633407593,-0.09600045531988144
1020.3460083007812,0.0,0.0,0.0,4.010719299316406,-0.10552459210157394,-0.008370891213417053,4.415175437927246,0.011480661109089851
888.9459838867188,0.0,0.0,0.0,2.7959530353546143,-0.5449907779693604,0.3778513967990875,3.461714029312134,0.4398394525051117
1027.865966796875,0.0,0.0,0.0,3.4550187587738037,0.8531811237335205,-0.5391257405281067,2.793410539627075,-0.533287763595581
531.218017578125,0.0,0.0,0.0,2.063009738922119,0.33639928698539734,-0.2645803987979889,2.3451619148254395,-0.31231608986854553
595.4860229492188,0.0,0.0,0.0,4.2525129318237305,0.1445348858833313,0.12256819754838943,4.290740966796875,0.21264557540416718
439.2380065917969,0.0,0.0,0.0,1.940456748008728,-0.010938627645373344,-0.039293449372053146,1.9031713008880615,-0.040624555200338364
840.2100219726562,0.0,0.0,0.0,1.5769587755203247,0.20835711061954498,-0.3593054413795471,1.8812841176986694,-0.42441555857658386
138.49000549316406,0.0,0.0,0.0,2.586052894592285,0.2070392221212387,-0.19702336192131042,2.921090841293335,-0.1561853587627411
371.0220031738281,0.0,0.0,0.0,4.398374557495117,-0.3058348596096039,0.04765584319829941,4.28302526473999,0.02846279740333557
836.4819946289062,0.0,0.0,0.0,3.120530605316162,0.7505897879600525,-0.1389434039592743,0.0,0.0
304.79400634765625,0.0,0.0,0.0,2.5774118900299072,-0.3828383684158325,0.3815719783306122,2.823758363723755,0.36058712005615234
681.5380249023438,0.0,0.0,0.0,0.9275724291801453,-0.10609527677297592,-0.03059980645775795,0.0,0.0
691.5339965820312,0.0,0.0,0.0,4.127500057220459,-0.511404812335968,0.1205829381942749,4.452561855316162,0.12866634130477905
328.9100036621094,0.0,0.0,0.0,4.2642364501953125,0.2610432505607605,-0.028409508988261223,4.400577068328857,-0.05729256197810173
948.6060180664062,0.0,0.0,0.0,4.441232204437256,-0.5144325494766235,0.1478438377380371,5.089160442352295,0.12137444317340851
853.6300048828125,0.0,0.0,0.0,3.2215418815612793,-0.3418855369091034,0.13912557065486908,3.5755269527435303,0.2097790688276291
498.0580139160156,0.0,0.0,0.0,2.669562578201294,-0.3327070474624634,0.23392271995544434,2.861351251602173,0.30235373973846436
366.8139953613281,0.0,0.0,0.0,3.189357280731201,-0.8432562351226807,0.44603678584098816,3.48028564453125,0.4772361218929291
814.5540161132812,0.0,0.0,0.0,2.600977659225464,-0.46809646487236023,0.22406905889511108,2.3803086280822754,0.1756589263677597
991.1300048828125,0.0,0.0,0.0,2.4626803398132324,0.3081529140472412,-0.25826123356819153,2.9750287532806396,-0.27370157837867737
638.0819702148438,0.0,0.0,0.0,2.4808402061462402,-0.09834199398756027,0.03521832823753357,2.367530107498169,0.005504637490957975
478.4540100097656,0.0,0.0,0.0,2.7955095767974854,0.25706806778907776,-0.1677291840314865,3.0876715183258057,-0.16884228587150574
942.7020263671875,0.0,0.0,0.0,2.5582659244537354,-0.7297840118408203,0.6208178400993347,3.1715869903564453,0.7006639242172241
188.53399658203125,0.0,0.0,0.0,3.168628454208374,-0.10765841603279114,0.038191698491573334,2.7562344074249268,-0.007796184625476599
566.9219970703125,0.0,0.0,0.0,4.6727776527404785,0.040953852236270905,-0.004128172527998686,4.847123146057129,-0.055625662207603455
1006.4340209960938,0.0,0.0,0.0,3.8670248985290527,-0.6476466059684753,0.1621735692024231,4.0624189376831055,0.19368799030780792
457.1099853515625,0.0,0.0,0.0,2.008126974105835,0.0031141757499426603,-0.028782811015844345,2.013662099838257,-0.027161555364727974
890.4660034179688,0.0,0.0,0.0,3.5849695205688477,-0.5884107947349548,0.23787283897399902,3.2726891040802,0.2447749823331833
158.4980010986328,0.0,0.0,0.0,2.178474187850952,0.7232549786567688,-0.6832029819488525,2.0484511852264404,-0.698549211025238
1018.030029296875,0.0,0.0,0.0,3.715848445892334,-0.2063937783241272,0.10807216167449951,3.9220681190490723,0.08238442987203598
141.88999938964844,0.0,0.0,0.0,2.68580961227417,0.1359446942806244,-0.05430261790752411,2.5862879753112793,-0.03431105613708496
996.3460083007812,0.0,0.0,0.0,2.5945777893066406,0.2647872865200043,-0.12317446619272232,2.234058380126953,-0.04569553583860397
601.0540161132812,0.0,0.0,0.0,2.029625415802002,-0.6070842742919922,0.6428664326667786,2.216712713241577,0.7187343835830688
417.2179870605469,0.0,0.0,0.0,3.817884922027588,0.6769293546676636,-0.14901745319366455,4.152608394622803,-0.15745918452739716
926.177978515625,0.0,0.0,0.0,3.7379722595214844,-0.6612586975097656,0.19465003907680511,4.53933048248291,0.15077237784862518
263.2460021972656,0.0,0.0,0.0,2.0495450496673584,-0.02289782650768757,0.016793275251984596,1.5439494848251343,0.07212002575397491
952.6060180664062,0.0,0.0,0.0,4.651880741119385,0.2788810729980469,-0.1674724817276001,4.698047637939453,-0.11960809677839279
941.6699829101562,0.0,0.0,0.0,2.393061399459839,-0.484726220369339,0.46500107645988464,2.977931261062622,0.5514489412307739
290.0820007324219,0.0,0.0,0.0,2.6849112510681152,-0.710530161857605,0.5188121795654297,3.144019365310669,0.5549103021621704
236.25399780273438,0.0,0.0,0.0,2.9704244136810303,-0.4772998094558716,0.3482791483402252,3.3439230918884277,0.36854612827301025
837.302001953125,0.0,0.0,0.0,1.6573646068572998,0.1621006578207016,0.007014264818280935,0.0,0.0
484.6419982910156,0.0,0.0,0.0,3.242924690246582,0.7520276308059692,-0.31568482518196106,3.4336652755737305,-0.26080071926116943
254.44200134277344,0.0,0.0,0.0,4.552312850952148,-0.48458197712898254,0.08735954761505127,4.67417573928833,0.06889057159423828
384.8900146484375,0.0,0.0,0.0,3.3820178508758545,-0.679876983165741,0.26023152470588684,3.961684226989746,0.3083525002002716
307.25,0.0,0.0,0.0,3.9181950092315674,-0.49809786677360535,0.16964000463485718,4.336513519287109,0.2057139128446579
546.1580200195312,0.0,0.0,0.0,3.188692092895508,-0.4626217186450958,0.1672595590353012,3.284804582595825,0.17318621277809143
960.302001953125,0.0,0.0,0.0,4.032114505767822,0.43118447065353394,-0.17977507412433624,4.01271915435791,-0.10451151430606842
622.9459838867188,0.0,0.0,0.0,2.206543207168579,0.12771955132484436,-0.09804855287075043,2.541250467300415,-0.07777311652898788
265.27801513671875,0.0,0.0,0.0,1.3348071575164795,-0.10778094083070755,0.2694186270236969,1.4986553192138672,0.290225088596344
894.06201171875,0.0,0.0,0.0,1.7142279148101807,-0.3083737790584564,0.5293173789978027,1.9783694744110107,0.5002135038375854
154.25399780273438,0.0,0.0,0.0,3.1320085525512695,0.7521812319755554,-0.5381020903587341,3.2801477909088135,-0.5950305461883545
302.48199462890625,0.0,0.0,0.0,1.6929630041122437,0.2324182242155075,-0.07476349174976349,1.8765573501586914,0.029905010014772415
222.85000610351562,0.0,0.0,0.0,3.8968586921691895,0.3863341212272644,-0.123812235891819,4.009782791137695,-0.08418991416692734
418.82598876953125,0.0,0.0,0.0,3.374225378036499,0.38557085394859314,-0.1328449845314026,3.0753707885742188,-0.10300248116254807
766.4860229492188,0.0,0.0,0.0,2.9330475330352783,0.31378796696662903,-0.14956755936145782,3.1512842178344727,-0.14179891347885132
810.4340209960938,0.0,0.0,0.0,4.1677117347717285,0.6450909972190857,-0.1995183378458023,4.0649518966674805,-0.16536672413349152
632.0139770507812,0.0,0.0,0.0,4.487030506134033,0.41830235719680786,-0.09866908192634583,5.043407917022705,-0.03738616034388542
410.2139892578125,0.0,0.0,0.0,2.4100828170776367,0.23766328394412994,-0.16107787191867828,2.510674238204956,-0.11674658954143524
607.1859741210938,0.0,0.0,0.0,4.3055853843688965,-0.6607922911643982,0.1583014279603958,4.734661102294922,0.019858382642269135
254.57400512695312,0.0,0.0,0.0,4.551331996917725,-0.4600410461425781,0.07845639437437057,4.850602149963379,0.06944550573825836
372.4779968261719,0.0,0.0,0.0,3.8281497955322266,-0.05926981195807457,-0.012203565798699856,3.6418778896331787,-0.031070047989487648
225.6540069580078,0.0,0.0,0.0,2.200157880783081,0.08376899361610413,-0.1093108206987381,1.6701780557632446,-0.12795360386371613
557.6019897460938,0.0,0.0,0.0,2.033867597579956,0.4188118875026703,-0.5061585903167725,2.271571397781372,-0.5233572721481323
220.7899932861328,0.0,0.0,0.0,3.496088981628418,0.6360328793525696,-0.2649497389793396,4.348692893981934,-0.3076600432395935
436.72198486328125,0.0,0.0,0.0,2.7436726093292236,0.19930700957775116,-0.17980395257472992,2.6223762035369873,-0.1828557401895523
399.56201171875,0.0,0.0,0.0,3.4359374046325684,0.8084049224853516,-0.41112202405929565,3.789802074432373,-0.3262794017791748
869.14599609375,0.0,0.0,0.0,2.937716007232666,0.886263370513916,-0.5493766665458679,3.5167019367218018,-0.5915017127990723
407.30999755859375,0.0,0.0,0.0,1.812780737876892,0.1337297409772873,-0.08248338848352432,1.9652858972549438,-0.07984884083271027
296.20599365234375,0.0,0.0,0.0,1.9393689632415771,0.4983692169189453,-0.6061952710151672,1.8064318895339966,-0.519562304019928
881.6380004882812,0.0,0.0,0.0,2.628232479095459,0.5981533527374268,-0.49134528636932373,3.1078410148620605,-0.46719446778297424
491.84600830078125,0.0,0.0,0.0,2.569054126739502,0.12488093227148056,-0.06692690402269363,2.2793161869049072,-0.003844204591587186
1023.989990234375,0.0,0.0,0.0,4.276861667633057,0.36414241790771484,-0.3831470012664795,3.9950108528137207,-0.37168440222740173
294.7300109863281,0.0,0.0,0.0,2.7204136848449707,0.3020884692668915,-0.32118460536003113,2.810081958770752,-0.3311808109283447
761.6820068359375,0.0,0.0,0.0,2.7717039585113525,0.3998197615146637,-0.3952459692955017,3.2076315879821777,-0.43216946721076965
1003.9979858398438,0.0,0.0,0.0,3.8055779933929443,-0.8264411687850952,0.26565608382225037,4.360738277435303,0.3651207685470581
516.4660034179688,0.0,0.0,0.0,4.50119686126709,-0.39182859659194946,0.03803016245365143,4.599235534667969,0.07205727696418762
878.7459716796875,0.0,0.0,0.0,1.5602823495864868,0.24182626605033875,-0.4673937261104584,1.6786690950393677,-0.45111024379730225
923.4340209960938,0.0,0.0,0.0,2.566232204437256,-0.5476354956626892,0.409481942653656,2.641838550567627,0.4143916666507721
649.0900268554688,0.0,0.0,0.0,2.237546443939209,0.058084648102521896,-0.11991439759731293,2.6607558727264404,-0.10286305844783783
400.010009765625,0.0,0.0,0.0,3.636580228805542,0.8368638753890991,-0.3043796718120575,4.167041301727295,-0.2672240138053894
161.33799743652344,0.0,0.0,0.0,1.7023879289627075,0.3828231394290924,-0.6891849040985107,1.849921703338623,-0.5719231367111206
380.9100036621094,0.0,0.0,0.0,2.71724796295166,-0.18461529910564423,0.14334705471992493,2.7010183334350586,0.12709951400756836
444.17401123046875,0.0,0.0,0.0,2.080766439437866,0.3110370337963104,-0.3893168270587921,2.38167667388916,-0.4294803738594055
318.4540100097656,0.0,0.0,0.0,1.7078888416290283,0.22537009418010712,-0.3310156762599945,1.9883123636245728,-0.4057163596153259
599.7139892578125,0.0,0.0,0.0,3.9987759590148926,-0.29647931456565857,0.2110142856836319,3.2633395195007324,0.30187317728996277
1014.530029296875,0.0,0.0,0.0,4.079854488372803,-0.07019505649805069,-0.035522282123565674,3.889570713043213,0.024426041170954704
301.80999755859375,0.0,0.0,0.0,1.7086979150772095,0.44042640924453735,-0.6842375993728638,1.8678842782974243,-0.7239574790000916
315.4020080566406,0.0,0.0,0.0,1.6153202056884766,0.007709335070103407,0.01365399919450283,1.4313832521438599,-0.05076704919338226
884.9459838867188,0.0,0.0,0.0,3.9009456634521484,0.4120027422904968,-0.11226638406515121,3.905785322189331,-0.053658660501241684
843.0540161132812,0.0,0.0,0.0,2.7588858604431152,0.5566654801368713,-0.41500818729400635,3.3588616847991943,-0.5011433959007263
426.9620056152344,0.0,0.0,0.0,4.1533403396606445,0.229234978556633,0.0829588919878006,4.167898654937744,0.10848856717348099
530.469970703125,0.0,0.0,0.0,1.9727727174758911,0.26683345437049866,-0.197337344288826,2.1189427375793457,-0.19459493458271027
644.0180053710938,0.0,0.0,0.0,2.938967227935791,0.5121396780014038,-0.35510358214378357,3.457096576690674,-0.336433470249176
596.3820190429688,0.0,0.0,0.0,4.358982563018799,-0.3229477107524872,0.17699062824249268,4.541368007659912,0.16807004809379578
615.9860229492188,0.0,0.0,0.0,1.1391078233718872,-0.09888799488544464,0.032256145030260086,0.0,0.0
743.8779907226562,0.0,0.0,0.0,4.626698017120361,-0.4239872694015503,-0.05870430916547775,4.819071292877197,-0.06621157377958298
790.6380004882812,0.0,0.0,0.0,4.28971004486084,0.6437602043151855,-0.12989607453346252,4.45747184753418,-0.22586144506931305
534.85400390625,0.0,0.0,0.0,2.9711427688598633,0.5823525786399841,-0.3835531771183014,3.6508452892303467,-0.42004096508026123
306.6260070800781,0.0,0.0,0.0,3.6069228649139404,-0.498482346534729,0.24435225129127502,4.117204189300537,0.2275993525981903
137.50999450683594,0.0,0.0,0.0,1.8411999940872192,0.048897940665483475,-0.1108042374253273,2.2719509601593018,-0.12280416488647461
138.28199768066406,0.0,0.0,0.0,2.459012269973755,0.17822308838367462,-0.17159606516361237,2.867771625518799,-0.1878349930047989
577.5419921875,0.0,0.0,0.0,2.2061915397644043,0.7174808979034424,-0.5677719712257385,2.41994309425354,-0.5871007442474365
630.7899780273438,0.0,0.0,0.0,4.136730194091797,0.673015832901001,-0.18644022941589355,4.6823344230651855,-0.21150922775268555
653.02197265625,0.0,0.0,0.0,3.0864267349243164,-0.018459374085068703,0.23505042493343353,2.542128086090088,0.3163810074329376
921.6060180664062,0.0,0.0,0.0,2.9258785247802734,-0.3618992567062378,0.2985903024673462,2.802766799926758,0.2352888584136963
718.1500244140625,0.0,0.0,0.0,3.2466468811035156,0.24488301575183868,-0.19694380462169647,3.6115033626556396,-0.20916877686977386
138.8300018310547,0.0,0.0,0.0,2.773972988128662,0.21667298674583435,-0.12545356154441833,3.0675199031829834,-0.1566549390554428
168.52200317382812,0.0,0.0,0.0,2.1578848361968994,0.5273826718330383,-0.5820375680923462,2.5097451210021973,-0.6253435611724854
289.9779968261719,0.0,0.0,0.0,2.6338465213775635,-0.7178052067756653,0.5688296556472778,3.1869566440582275,0.5778387188911438
853.0460205078125,0.0,0.0,0.0,2.937044620513916,-0.2833120822906494,0.19547200202941895,3.3670694828033447,0.18202264606952667
576.9940185546875,0.0,0.0,0.0,2.445481300354004,0.8696489930152893,-0.7188063859939575,2.311621904373169,-0.5355218648910522
345.093994140625,0.0,0.0,0.0,3.108360528945923,0.4175861179828644,-0.23260480165481567,3.3879904747009277,-0.21249888837337494
544.7139892578125,0.0,0.0,0.0,3.5432982444763184,-0.8291932344436646,0.39915385842323303,3.7426204681396484,0.34765931963920593
360.5260009765625,0.0,0.0,0.0,3.0416605472564697,-0.011985476128757,0.1958950012922287,2.3444478511810303,0.28868064284324646
971.2059936523438,0.0,0.0,0.0,3.1273069381713867,0.44357532262802124,-0.15380196273326874,3.6716513633728027,-0.22333019971847534
944.8460083007812,0.0,0.0,0.0,3.7741339206695557,-0.8463069200515747,0.30569949746131897,4.336617469787598,0.3717678189277649
415.697998046875,0.0,0.0,0.0,3.5616607666015625,0.8486819863319397,-0.3667476177215576,4.215471267700195,-0.3241317868232727
609.1699829101562,0.0,0.0,0.0,4.647824764251709,-0.24052247405052185,0.032165709882974625,4.741457462310791,0.060736071318387985
304.65399169921875,0.0,0.0,0.0,2.4926326274871826,-0.35912925004959106,0.32340145111083984,3.0311975479125977,0.4153536558151245
696.5859985351562,0.0,0.0,0.0,-0.009621867910027504,0.00019367167260497808,-0.001802668091841042,0.0,0.0
886.6099853515625,0.0,0.0,0.0,3.1930673122406006,0.09742511808872223,0.08370751142501831,2.9972057342529297,0.21369917690753937
782.7020263671875,0.0,0.0,0.0,3.1388955116271973,0.4727729856967926,-0.2515905499458313,3.552572727203369,-0.25709062814712524
784.3779907226562,0.0,0.0,0.0,3.090106248855591,0.43774697184562683,-0.32819148898124695,3.2011749744415283,-0.2972954511642456
405.0740051269531,0.0,0.0,0.0,2.1951448917388916,0.05979795381426811,-0.03408496081829071,2.0738275051116943,-0.0007734003011137247
1004.6099853515625,0.0,0.0,0.0,3.8740956783294678,-0.8530430197715759,0.25484535098075867,3.9119067192077637,0.20094549655914307
751.0859985351562,0.0,0.0,0.0,1.9882055521011353,0.18175670504570007,-0.3304542899131775,1.7407125234603882,-0.2939908504486084
490.1780090332031,0.0,0.0,0.0,3.1032657623291016,0.4336988031864166,-0.2337617725133896,3.1952476501464844,-0.27880048751831055
755.677978515625,0.0,0.0,0.0,1.959230661392212,0.13078299164772034,-0.17019155621528625,1.9341301918029785,-0.1547178328037262
525.5780029296875,0.0,0.0,0.0,2.605464458465576,0.3285396993160248,-0.12251470983028412,2.4785494804382324,-0.10441100597381592
890.3460083007812,0.0,0.0,0.0,3.593269109725952,-0.589663028717041,0.2807720899581909,3.612064838409424,0.19022391736507416
186.3419952392578,0.0,0.0,0.0,4.13682222366333,-0.30288222432136536,0.06785417348146439,4.319633960723877,0.02528025396168232
722.4739990234375,0.0,0.0,0.0,4.066291332244873,0.07604705542325974,0.02950158901512623,4.115845680236816,0.009051083587110043
460.7539978027344,0.0,0.0,0.0,3.3054544925689697,-0.1026492491364479,0.061137787997722626,3.530003547668457,0.03367636725306511
398.989990234375,0.0,0.0,0.0,3.2506961822509766,0.7413980960845947,-0.44439783692359924,3.598904848098755,-0.4216609299182892
848.614013671875,0.0,0.0,0.0,2.836871862411499,0.6412447094917297,-0.36185482144355774,2.6623902320861816,-0.3931504189968109
298.4419860839844,0.0,0.0,0.0,2.0660367012023926,0.44367894530296326,-0.505524754524231,2.545426368713379,-0.5902112722396851
652.6380004882812,0.0,0.0,0.0,3.4332852363586426,0.16976268589496613,-0.11192866414785385,2.898099184036255,0.16403596103191376
648.8499755859375,0.0,0.0,0.0,1.9999372959136963,0.047854673117399216,-0.07556319236755371,2.6252238750457764,-0.12511740624904633
296.906005859375,0.0,0.0,0.0,1.7525787353515625,0.4395986795425415,-0.6031302213668823,2.064424991607666,-0.6653914451599121
569.8460083007812,0.0,0.0,0.0,2.95371675491333,0.9479107856750488,-0.5494217276573181,3.7004549503326416,-0.5877180099487305
864.4180297851562,0.0,0.0,0.0,3.614215850830078,-1.0710662603378296,0.48704615235328674,3.9687917232513428,0.42278459668159485
254.9459991455078,0.0,0.0,0.0,4.602888584136963,-0.33704423904418945,0.03622748702764511,4.7049479484558105,-0.032958921045064926
701.6259765625,0.0,0.0,0.0,2.8386244773864746,0.43678784370422363,-0.3392706513404846,2.8785297870635986,-0.3881668746471405
934.8300170898438,0.0,0.0,0.0,2.8997905254364014,0.25041741132736206,-0.06529685109853745,2.6073384284973145,-0.02396531216800213
511.58599853515625,0.0,0.0,0.0,2.6805031299591064,-0.5831218957901001,0.4233105480670929,2.9600749015808105,0.3499711751937866
727.3779907226562,0.0,0.0,0.0,2.7531745433807373,-0.0856361836194992,0.18844617903232574,2.88297176361084,0.13126568496227264
492.8179931640625,0.0,0.0,0.0,2.01639986038208,-0.04008649289608002,0.0012431200593709946,2.074694871902466,-0.007200452499091625
791.5139770507812,0.0,0.0,0.0,4.24606990814209,0.49443888664245605,-0.1399444043636322,3.8351831436157227,-0.06563633680343628
287.92999267578125,0.0,0.0,0.0,3.7785580158233643,-0.5951108336448669,0.526907742023468,3.121901273727417,0.6141916513442993
798.322021484375,0.0,0.0,0.0,3.546266794204712,0.2514928877353668,-0.160081684589386,3.734943389892578,-0.16991904377937317
456.989990234375,0.0,0.0,0.0,2.0451273918151855,-0.010353966616094112,-0.047764912247657776,1.958017110824585,-0.019816149026155472
526.8499755859375,0.0,0.0,0.0,1.6527708768844604,0.17301185429096222,-0.12337280064821243,1.452620506286621,-0.12993188202381134
801.3779907226562,0.0,0.0,0.0,4.059621334075928,0.8412829041481018,-0.19473662972450256,4.443234443664551,-0.20711001753807068
977.5859985351562,0.0,0.0,0.0,2.4853944778442383,0.6592965126037598,-0.4985446333885193,3.0041167736053467,-0.5300737023353577
334.6780090332031,0.0,0.0,0.0,1.9899826049804688,0.26843538880348206,-0.448505699634552,2.2869741916656494,-0.392192542552948
692.8179931640625,0.0,0.0,0.0,3.951653242111206,-0.6458805203437805,0.42264729738235474,3.5315957069396973,0.569739580154419
819.4180297851562,0.0,0.0,0.0,3.5618128776550293,-0.25457772612571716,0.0822305977344513,3.5596351623535156,0.24015673995018005
161.1300048828125,0.0,0.0,0.0,1.71505868434906,0.38338661193847656,-0.6417282819747925,1.8912062644958496,-0.596207857131958
766.8099975585938,0.0,0.0,0.0,3.075697898864746,0.284948468208313,-0.10164263844490051,3.5109434127807617,-0.18110054731369019
908.3460083007812,0.0,0.0,0.0,2.99539852142334,0.56281578540802,-0.3240200877189636,3.653824806213379,-0.34667733311653137
520.0460205078125,0.0,0.0,0.0,3.308112859725952,0.9570332169532776,-0.6110396385192871,3.2821877002716064,-0.6326360702514648
187.00999450683594,0.0,0.0,0.0,3.984996795654297,-0.19387713074684143,0.02187367156147957,3.682008743286133,-0.01955762878060341
897.7420043945312,0.0,0.0,0.0,3.7110755443573,-0.8117607235908508,0.3874024748802185,3.7708418369293213,0.5509819984436035
539.72998046875,0.0,0.0,0.0,4.628604888916016,0.2802071273326874,0.1019703671336174,4.840420246124268,0.0443139523267746
731.0139770507812,0.0,0.0,0.0,4.032895565032959,-0.37603816390037537,0.2084662765264511,4.124728679656982,0.18312612175941467
193.9499969482422,0.0,0.0,0.0,2.877584457397461,-0.5496671795845032,0.38824060559272766,3.5491228103637695,0.4049937427043915
615.2020263671875,0.0,0.0,0.0,2.224696397781372,-0.304997056722641,0.2291565090417862,1.9734596014022827,0.21107180416584015
435.45001220703125,0.0,0.0,0.0,3.1527960300445557,0.22349075973033905,-0.14664790034294128,3.104696750640869,-0.1505267322063446
796.0460205078125,0.0,0.0,0.0,2.900862216949463,0.0384165421128273,-0.019592605531215668,2.811383008956909,-0.02784734219312668
463.1780090332031,0.0,0.0,0.0,2.5007731914520264,-0.40077561140060425,0.38218429684638977,2.531424045562744,0.39823248982429504
818.302001953125,0.0,0.0,0.0,3.1337411403656006,-0.26128360629081726,0.133948415517807,3.516789436340332,0.08822842687368393
568.781982421875,0.0,0.0,0.0,3.6907670497894287,0.8583210706710815,-0.5728570222854614,3.4873430728912354,-0.5785108208656311
593.9860229492188,0.0,0.0,0.0,3.8855159282684326,0.46920526027679443,-0.18854880332946777,4.356861591339111,-0.16527163982391357
611.1220092773438,0.0,0.0,0.0,4.676921844482422,0.05785305052995682,-0.05269380286335945,4.725931644439697,-0.0037835827097296715
602.1019897460938,0.0,0.0,0.0,2.1052334308624268,-0.5085981488227844,0.5769468545913696,2.3639931678771973,0.582446813583374
165.92999267578125,0.0,0.0,0.0,1.7982640266418457,0.3771631717681885,-0.5322610139846802,1.725437879562378,-0.5639780759811401
383.22198486328125,0.0,0.0,0.0,2.8267040252685547,-0.5643466114997864,0.39286381006240845,3.1536829471588135,0.37816205620765686
348.1419982910156,0.0,0.0,0.0,2.554980754852295,0.3133397102355957,-0.2822369933128357,2.8871865272521973,-0.26997992396354675
412.10198974609375,0.0,0.0,0.0,2.702925443649292,0.4486495852470398,-0.2732199430465698,2.9510014057159424,-0.35848790407180786
843.7459716796875,0.0,0.0,0.0,3.2668869495391846,0.6341487169265747,-0.42038580775260925,4.101534843444824,-0.36635902523994446
240.42999267578125,0.0,0.0,0.0,2.775381088256836,-0.14781591296195984,0.09715788066387177,2.3999314308166504,-0.0036141721066087484
836.6259765625,0.0,0.0,0.0,2.8482489585876465,0.6127262115478516,-0.07331568002700806,0.0,0.0
344.0260009765625,0.0,0.0,0.0,2.848687171936035,0.3874908983707428,-0.19860157370567322,3.1896474361419678,-0.23134423792362213
863.6099853515625,0.0,0.0,0.0,3.739910364151001,-0.9393364787101746,0.5007851123809814,4.0146164894104,0.5811069011688232
516.6019897460938,0.0,0.0,0.0,4.49556827545166,-0.39886027574539185,0.05637803673744202,4.568596839904785,0.01811349019408226
911.9099731445312,0.0,0.0,0.0,4.434436321258545,-0.02309553511440754,0.03359753638505936,4.461485385894775,0.06916522234678268
636.2020263671875,0.0,0.0,0.0,3.721726179122925,0.06541046500205994,0.10700912773609161,3.7537622451782227,0.12500092387199402
441.3340148925781,0.0,0.0,0.0,1.4575107097625732,0.032440442591905594,-0.3047802150249481,1.5039474964141846,-0.3242741823196411
719.2659912109375,0.0,0.0,0.0,3.5689032077789307,0.3354269862174988,-0.18895146250724792,4.033193111419678,-0.1355462372303009
802.6380004882812,0.0,0.0,0.0,3.304819107055664,1.0248857736587524,-0.5623764991760254,3.183095932006836,-0.5287477374076843
649.6339721679688,0.0,0.0,0.0,2.5950136184692383,0.12342257052659988,-0.12428891658782959,3.002638339996338,-0.12438751012086868
248.38999938964844,0.0,0.0,0.0,4.040099143981934,-0.644476592540741,0.20343412458896637,4.4559245109558105,0.20104548335075378
505.7460021972656,0.0,0.0,0.0,3.5103330612182617,-0.35316404700279236,0.12285906821489334,3.772120475769043,0.1416333168745041
1026.010009765625,0.0,0.0,0.0,3.713679313659668,0.922798216342926,-0.3205970227718353,4.234780788421631,-0.32270464301109314
579.1179809570312,0.0,0.0,0.0,2.9697425365448,0.705941915512085,-0.4531632363796234,3.365354061126709,-0.5078151226043701
354.2380065917969,0.0,0.0,0.0,2.2181291580200195,0.34081414341926575,-0.43047595024108887,2.577617645263672,-0.443456768989563
982.1300048828125,0.0,0.0,0.0,2.829310894012451,0.8125758171081543,-0.6491348147392273,2.524090051651001,-0.5688204169273376
542.7020263671875,0.0,0.0,0.0,3.8661317825317383,-0.9589911699295044,0.40230879187583923,4.1435227394104,0.41918596625328064
177.00999450683594,0.0,0.0,0.0,3.2531185150146484,-0.4332641363143921,0.15792201459407806,3.327785015106201,0.13539326190948486
623.7059936523438,0.0,0.0,0.0,2.3838038444519043,0.14712007343769073,-0.09677423536777496,2.6844701766967773,-0.1230870857834816
594.3140258789062,0.0,0.0,0.0,4.018126964569092,0.46348148584365845,-0.1815662682056427,4.395180702209473,-0.18151560425758362
364.46600341796875,0.0,0.0,0.0,2.9405107498168945,-0.6393371820449829,0.4364437162876129,3.392016649246216,0.40505263209342957
661.6339721679688,0.0,0.0,0.0,2.4473025798797607,-0.4209803342819214,0.4234636127948761,2.8266007900238037,0.4510657489299774
438.74200439453125,0.0,0.0,0.0,2.01051664352417,-0.0007162317633628845,-0.075863316655159,1.9495385885238647,-0.0500456877052784
353.46600341796875,0.0,0.0,0.0,2.1632142066955566,0.26462996006011963,-0.3534207046031952,2.238556146621704,-0.38267189264297485
722.6740112304688,0.0,0.0,0.0,4.0078206062316895,0.07138678431510925,-0.010413432493805885,4.022669792175293,0.0007401812472380698
504.1700134277344,0.0,0.0,0.0,2.8455328941345215,-0.510837972164154,0.38707542419433594,3.408317804336548,0.3858911097049713
581.781982421875,0.0,0.0,0.0,4.333291530609131,0.167976975440979,0.0283587034791708,4.803368091583252,-0.0002217830333393067
766.0460205078125,0.0,0.0,0.0,2.718702554702759,0.31476742029190063,-0.14414888620376587,3.190242290496826,-0.23369313776493073
192.01400756835938,0.0,0.0,0.0,1.8579881191253662,-0.3161444067955017,0.4616546928882599,2.1431593894958496,0.47339296340942383
270.3340148925781,0.0,0.0,0.0,3.039806842803955,-0.11160232126712799,-0.015141231939196587,3.3156843185424805,-0.06078129634261131
429.489990234375,0.0,0.0,0.0,2.7088418006896973,-0.16110184788703918,0.037173669785261154,2.4401791095733643,0.019979635253548622
510.2860107421875,0.0,0.0,0.0,2.766385555267334,-0.43705427646636963,0.2994704842567444,2.324876546859741,0.3103081285953522
517.2540283203125,0.0,0.0,0.0,4.581032752990723,-0.3566758334636688,0.02872338891029358,4.844923496246338,0.04623604938387871
731.4739990234375,0.0,0.0,0.0,4.097297668457031,-0.4955269396305084,0.23499615490436554,4.077544212341309,0.22574207186698914
437.1059875488281,0.0,0.0,0.0,2.5167102813720703,0.16994760930538177,-0.11747428774833679,2.480437994003296,-0.1166997030377388
404.4100036621094,0.0,0.0,0.0,2.434040069580078,0.08316511660814285,-0.025100506842136383,2.115384340286255,0.006296548526734114
337.87799072265625,0.0,0.0,0.0,2.4146294593811035,0.3387635350227356,-0.18348371982574463,2.37420654296875,-0.18855811655521393
168.79400634765625,0.0,0.0,0.0,2.2248995304107666,0.547561764717102,-0.6362767219543457,2.484663248062134,-0.6080809235572815
421.302001953125,0.0,0.0,0.0,3.3144335746765137,0.5214564204216003,-0.3941799998283386,3.7497270107269287,-0.42975085973739624
826.3820190429688,0.0,0.0,0.0,2.500730276107788,0.4912298321723938,-0.4452502131462097,2.7152810096740723,-0.4314529597759247
828.3460083007812,0.0,0.0,0.0,2.857581853866577,0.35881906747817993,-0.2164888232946396,3.301976203918457,-0.2854360342025757
576.614013671875,0.0,0.0,0.0,2.899583339691162,0.7802446484565735,-0.7060524225234985,2.551363706588745,-0.6315215229988098
199.69000244140625,0.0,0.0,0.0,4.684179306030273,0.07767840474843979,0.025626102462410927,4.8656325340271,-0.006132017355412245
645.8499755859375,0.0,0.0,0.0,2.86527943611145,0.3260243237018585,-0.06025554984807968,0.0,0.0
339.302001953125,0.0,0.0,0.0,2.110524892807007,0.20697149634361267,-0.11810540407896042,2.082399845123291,-0.11665931344032288
131.85000610351562,0.0,0.0,0.0,-0.001992262667044997,0.0008837574278004467,0.000600813829805702,0.0,0.0
902.1300048828125,0.0,0.0,0.0,1.8641669750213623,-0.49036452174186707,0.5796258449554443,2.253753900527954,0.6826296448707581
285.4419860839844,0.0,0.0,0.0,4.300835609436035,-0.22557416558265686,0.03702601417899132,4.481465816497803,-0.002304213820025325
623.3820190429688,0.0,0.0,0.0,2.354871988296509,0.13780172169208527,-0.11017981171607971,2.4934651851654053,-0.07679492235183716
153.4499969482422,0.0,0.0,0.0,3.6688973903656006,0.5514034032821655,-0.17902874946594238,3.741137742996216,-0.2678341865539551
141.8300018310547,0.0,0.0,0.0,2.6856067180633545,0.1496393233537674,-0.062222644686698914,2.4180824756622314,-0.002400897443294525
363.9419860839844,0.0,0.0,0.0,2.631082773208618,-0.5592368245124817,0.41570043563842773,3.0952064990997314,0.43723928928375244
164.69000244140625,0.0,0.0,0.0,1.6731778383255005,0.3595464825630188,-0.5371919274330139,1.703099012374878,-0.5280646085739136
219.08599853515625,0.0,0.0,0.0,2.547950506210327,0.5522545576095581,-0.4486837387084961,3.1437673568725586,-0.49222713708877563
715.4819946289062,0.0,0.0,0.0,3.0865468978881836,-0.6128559708595276,0.2968624532222748,3.2574214935302734,0.34562572836875916
929.4660034179688,0.0,0.0,0.0,3.487497329711914,0.538837730884552,-0.3309727907180786,3.2649779319763184,-0.3302585482597351
967.0460205078125,0.0,0.0,0.0,2.533541440963745,0.3023137152194977,-0.15844379365444183,2.180318832397461,-0.2418634444475174
642.7139892578125,0.0,0.0,0.0,2.2340455055236816,0.32562151551246643,-0.36780446767807007,2.6644837856292725,-0.4392080307006836
278.4779968261719,0.0,0.0,0.0,3.039562225341797,-0.47584086656570435,0.24652265012264252,3.160740613937378,0.21296453475952148
965.3939819335938,0.0,0.0,0.0,2.9117677211761475,0.5995061993598938,-0.28611838817596436,2.980719804763794,-0.3170901834964752
503.22601318359375,0.0,0.0,0.0,2.308987617492676,-0.36346757411956787,0.4234316051006317,2.7319726943969727,0.4469752311706543
163.78199768066406,0.0,0.0,0.0,1.6254584789276123,0.3675895035266876,-0.613116979598999,1.705106258392334,-0.5782315135002136
791.3140258789062,0.0,0.0,0.0,4.272701740264893,0.5130044221878052,-0.1177590936422348,4.380457401275635,-0.17137543857097626
686.27001953125,0.0,0.0,0.0,3.022352933883667,-0.3019358813762665,0.19267277419567108,3.3357348442077637,0.2064753770828247
165.0500030517578,0.0,0.0,0.0,1.6923731565475464,0.34916722774505615,-0.5213982462882996,1.8120214939117432,-0.5394318103790283
361.79400634765625,0.0,0.0,0.0,1.9515007734298706,-0.46858006715774536,0.5362855195999146,2.052703857421875,0.46492111682891846
698.469970703125,0.0,0.0,0.0,2.117981195449829,-0.19701793789863586,0.24495822191238403,2.4190728664398193,0.289907842874527
988.0460205078125,0.0,0.0,0.0,3.033780813217163,-0.22790977358818054,0.1870991736650467,2.925553798675537,0.17452310025691986
133.53799438476562,0.0,0.0,0.0,-0.0021162917837500572,0.00039807293796911836,0.0006486892816610634,0.0,0.0
213.49000549316406,0.0,0.0,0.0,3.839496374130249,0.29947224259376526,-0.06445112824440002,3.685391902923584,-0.07395441830158234
558.1699829101562,0.0,0.0,0.0,2.276618719100952,0.5403901934623718,-0.6169583201408386,2.367342233657837,-0.6529289484024048
385.010009765625,0.0,0.0,0.0,3.424386501312256,-0.6717678904533386,0.2732974588871002,3.962691307067871,0.2698560059070587
485.7340087890625,0.0,0.0,0.0,3.523494243621826,0.6268059611320496,-0.18389837443828583,3.9934780597686768,-0.19607383012771606
314.30999755859375,0.0,0.0,0.0,1.9869738817214966,0.007074087858200073,-0.02645844966173172,1.7452032566070557,0.008415616117417812
329.5899963378906,0.0,0.0,0.0,4.058868885040283,0.10843115299940109,0.02270316518843174,3.647409439086914,0.032347068190574646
824.5380249023438,0.0,0.0,0.0,3.0163049697875977,0.03734033554792404,-0.31702837347984314,2.7135558128356934,-0.3889387249946594
282.1180114746094,0.0,0.0,0.0,3.1989803314208984,-0.5539039373397827,0.2931903004646301,3.5735464096069336,0.2608659863471985
771.3460083007812,0.0,0.0,0.0,4.27075719833374,0.05324109271168709,0.005722629372030497,4.4689412117004395,0.015100954100489616
646.8820190429688,0.0,0.0,0.0,0.9608938694000244,0.02465210109949112,0.0023092881310731173,0.0,0.0
753.6740112304688,0.0,0.0,0.0,1.5443470478057861,0.12109510600566864,-0.2511374354362488,1.5915049314498901,-0.25443780422210693
817.4340209960938,0.0,0.0,0.0,2.6359798908233643,-0.18658527731895447,0.11021173000335693,2.9509284496307373,0.1604343205690384
745.1339721679688,0.0,0.0,0.0,4.550439357757568,-0.26085877418518066,0.13661694526672363,4.214288711547852,0.16330261528491974
240.9459991455078,0.0,0.0,0.0,2.475454568862915,-0.10204289853572845,0.020226139575242996,2.300626516342163,0.02743259258568287
230.406005859375,0.0,0.0,0.0,1.653976321220398,0.30283990502357483,-0.5536765456199646,1.7718309164047241,-0.6209594011306763
224.11399841308594,0.0,0.0,0.0,3.4434289932250977,0.14077919721603394,-0.02528824843466282,3.196077585220337,-0.03865118324756622
494.906005859375,0.0,0.0,0.0,1.8715673685073853,-0.2937524914741516,0.4260973334312439,2.1136672496795654,0.3931143283843994
892.0380249023438,0.0,0.0,0.0,1.8244960308074951,-0.3650605380535126,0.4404096305370331,1.7799363136291504,0.4772339463233948
991.6740112304688,0.0,0.0,0.0,2.6334714889526367,0.3785647451877594,-0.2737983465194702,2.8118886947631836,-0.2841391861438751
500.6419982910156,0.0,0.0,0.0,1.6237430572509766,-0.27089962363243103,0.41325643658638,1.6606353521347046,0.3988403081893921
529.3820190429688,0.0,0.0,0.0,1.7771070003509521,0.2318301796913147,-0.24328136444091797,1.9540021419525146,-0.17623703181743622
911.8300170898438,0.0,0.0,0.0,4.40754508972168,-0.023909758776426315,0.013207163661718369,4.81964635848999,0.006371097173541784
874.3060302734375,0.0,0.0,0.0,3.542313814163208,0.15594686567783356,-0.02145962417125702,3.245384931564331,-0.008559717796742916
757.3660278320312,0.0,0.0,0.0,2.125051498413086,0.0812399685382843,-0.08888927847146988,2.305737018585205,-0.08751507848501205
504.27398681640625,0.0,0.0,0.0,2.914768934249878,-0.5143395066261292,0.36392906308174133,3.3275108337402344,0.30095556378364563
207.37399291992188,0.0,0.0,0.0,1.846413254737854,0.3837661147117615,-0.5028825998306274,2.182438850402832,-0.5933706164360046
241.02200317382812,0.0,0.0,0.0,2.437436819076538,-0.08919581025838852,0.040756333619356155,2.3137948513031006,0.010962012223899364
904.7020263671875,0.0,0.0,0.0,1.8389610052108765,-0.3981618583202362,0.45602667331695557,1.9715722799301147,0.40966325998306274
571.0659790039062,0.0,0.0,0.0,3.5061841011047363,0.816037654876709,-0.3811303973197937,4.255643367767334,-0.33932000398635864
403.197998046875,0.0,0.0,0.0,3.002303123474121,0.19395063817501068,-0.010003757663071156,2.9201438426971436,-0.04691337049007416
733.0499877929688,0.0,0.0,0.0,3.984621286392212,-0.7113080024719238,0.24042029678821564,3.839172840118408,0.18291790783405304
356.54998779296875,0.0,0.0,0.0,3.335747003555298,0.5375561118125916,-0.272634357213974,3.7832937240600586,-0.25215110182762146
952.0419921875,0.0,0.0,0.0,4.678661346435547,0.15025900304317474,-0.03539435192942619,4.919219017028809,-0.09176699072122574
384.54998779296875,0.0,0.0,0.0,3.279930830001831,-0.6955402493476868,0.3487532436847687,3.9205403327941895,0.306102454662323
1015.9739990234375,0.0,0.0,0.0,3.498445749282837,0.04584706574678421,0.00678445165976882,3.5985100269317627,0.04883447661995888
189.94200134277344,0.0,0.0,0.0,2.3216941356658936,-0.08979970216751099,0.18559055030345917,2.109138011932373,0.25623375177383423
217.6580047607422,0.0,0.0,0.0,1.956856369972229,0.36416882276535034,-0.4472278356552124,2.2787930965423584,-0.5357800126075745
297.0060119628906,0.0,0.0,0.0,1.7903293371200562,0.44199538230895996,-0.6048996448516846,2.1703286170959473,-0.678918719291687
693.7100219726562,0.0,0.0,0.0,2.6468119621276855,-1.1194449663162231,0.7644781470298767,2.770019769668579,0.6935921907424927
244.92599487304688,0.0,0.0,0.0,2.5233473777770996,-0.5847623348236084,0.5450295805931091,2.822011709213257,0.5677045583724976
366.7380065917969,0.0,0.0,0.0,3.1581945419311523,-0.8620843887329102,0.4452959895133972,3.732393264770508,0.4831973612308502
551.4739990234375,0.0,0.0,0.0,3.2560555934906006,0.22352004051208496,-0.20531702041625977,3.046926975250244,-0.2631782591342926
698.6740112304688,0.0,0.0,0.0,2.234330177307129,-0.23165687918663025,0.290312260389328,2.483381748199463,0.27245333790779114
510.9259948730469,0.0,0.0,0.0,2.56121563911438,-0.5158829689025879,0.3540230691432953,2.5796310901641846,0.3834467828273773
742.9500122070312,0.0,0.0,0.0,4.402520656585693,-0.6879431009292603,0.17578083276748657,4.8065338134765625,0.13707351684570312
994.1099853515625,0.0,0.0,0.0,3.799733877182007,0.497896283864975,-0.19998057186603546,3.9309098720550537,-0.14016392827033997
758.4739990234375,0.0,0.0,0.0,2.31400990486145,0.06894107908010483,-0.08766965568065643,2.300604820251465,-0.0728311762213707
734.3660278320312,0.0,0.0,0.0,3.466707706451416,-0.45856973528862,0.1336553394794464,3.005202293395996,0.13901053369045258
781.8779907226562,0.0,0.0,0.0,2.8610646724700928,0.4582219421863556,-0.32875123620033264,3.1550140380859375,-0.376665860414505
227.75399780273438,0.0,0.0,0.0,1.5921986103057861,0.2456696778535843,-0.48857495188713074,1.8392845392227173,-0.46488669514656067
348.6059875488281,0.0,0.0,0.0,2.6779162883758545,0.3749620318412781,-0.29250872135162354,3.1079533100128174,-0.3093399405479431
864.8779907226562,0.0,0.0,0.0,3.7368481159210205,-1.040265679359436,0.41738009452819824,4.299747467041016,0.33894604444503784
791.8779907226562,0.0,0.0,0.0,4.11250638961792,0.40142449736595154,-0.08193884789943695,3.692880630493164,-0.04994893819093704
847.4099731445312,0.0,0.0,0.0,4.195490837097168,0.2834491729736328,-0.1651981621980667,3.773815393447876,-0.40749821066856384
1007.9340209960938,0.0,0.0,0.0,4.025052547454834,-0.6535248756408691,0.1977856308221817,4.093103408813477,0.24270117282867432
191.35400390625,0.0,0.0,0.0,1.7473171949386597,-0.2930677831172943,0.41133689880371094,1.9132215976715088,0.4046814441680908
368.7139892578125,0.0,0.0,0.0,4.072518348693848,-0.7118498086929321,0.25714078545570374,4.2526421546936035,0.11997028440237045
1021.1420288085938,0.0,0.0,0.0,4.183401107788086,-0.05858784541487694,0.022878987714648247,4.773860454559326,-0.03494328260421753
671.1220092773438,0.0,0.0,0.0,2.0189900398254395,-0.32313844561576843,0.46310824155807495,2.3331878185272217,0.48096978664398193
417.5580139160156,0.0,0.0,0.0,3.8450706005096436,0.6236858367919922,-0.1698283553123474,3.876951217651367,-0.14081768691539764
1011.9140014648438,0.0,0.0,0.0,4.464225769042969,-0.5574429035186768,0.11847574263811111,4.4887375831604,0.16489094495773315
720.302001953125,0.0,0.0,0.0,3.921187400817871,0.28321725130081177,-0.09228368103504181,4.317722797393799,-0.14866067469120026
996.7780151367188,0.0,0.0,0.0,2.284236431121826,0.2084532082080841,-0.026628069579601288,2.274315357208252,0.025049112737178802
753.2420043945312,0.0,0.0,0.0,1.5349665880203247,0.14808060228824615,-0.2751930058002472,1.6158778667449951,-0.24336521327495575
530.1220092773438,0.0,0.0,0.0,1.9085572957992554,0.22980037331581116,-0.2293461710214615,1.9440470933914185,-0.20589180290699005
596.4819946289062,0.0,0.0,0.0,4.33765172958374,-0.356482595205307,0.20246559381484985,4.4865617752075195,0.18235747516155243
1024.6739501953125,0.0,0.0,0.0,3.774906635284424,0.8956069350242615,-0.5056450963020325,4.09177303314209,-0.46950486302375793
524.281982421875,0.0,0.0,0.0,3.036191701889038,0.5348551273345947,-0.2144353985786438,3.218073844909668,-0.3194533884525299
949.22998046875,0.0,0.0,0.0,4.6228742599487305,-0.4004509150981903,0.09444738179445267,4.776031970977783,0.08032533526420593
160.69400024414062,0.0,0.0,0.0,1.7365405559539795,0.3933221399784088,-0.5376310348510742,1.8976614475250244,-0.6091758012771606
490.8139953613281,0.0,0.0,0.0,2.903635263442993,0.3688550293445587,-0.21496427059173584,2.7784337997436523,-0.12518201768398285
168.2740020751953,0.0,0.0,0.0,2.081925868988037,0.5143342018127441,-0.5913996696472168,2.4102325439453125,-0.5793466567993164
410.0979919433594,0.0,0.0,0.0,2.391052007675171,0.23761118948459625,-0.11043430119752884,2.47676420211792,-0.1413450390100479
348.8420104980469,0.0,0.0,0.0,2.7852566242218018,0.41232553124427795,-0.24677759408950806,3.0965185165405273,-0.25746989250183105
205.24200439453125,0.0,0.0,0.0,2.6371777057647705,0.4101155400276184,-0.521715521812439,2.00197172164917,-0.4871596693992615
601.14599609375,0.0,0.0,0.0,1.9943174123764038,-0.6118829846382141,0.6817004680633545,2.0265653133392334,0.5794921517372131
534.2620239257812,0.0,0.0,0.0,2.5683159828186035,0.5292631387710571,-0.4294152557849884,3.4860503673553467,-0.5621538162231445
263.9179992675781,0.0,0.0,0.0,1.450376033782959,-0.04056563228368759,0.04020459204912186,1.3723379373550415,0.06887158751487732
816.2379760742188,0.0,0.0,0.0,1.9698219299316406,-0.12627017498016357,0.07501598447561264,2.2797975540161133,0.07623735815286636
572.1259765625,0.0,0.0,0.0,4.0285162925720215,0.7251912355422974,-0.23807907104492188,4.390877723693848,-0.19880734384059906
461.85400390625,0.0,0.0,0.0,3.0194637775421143,-0.14140820503234863,0.07290348410606384,2.982666492462158,0.046820562332868576
1010.7899780273438,0.0,0.0,0.0,4.130956172943115,-0.8234584331512451,0.20490163564682007,4.591599464416504,0.1503443419933319
193.53399658203125,0.0,0.0,0.0,2.608160972595215,-0.5123350620269775,0.4588644504547119,3.1360459327697754,0.5101783275604248
927.8939819335938,0.0,0.0,0.0,4.031310558319092,-0.2744647264480591,-0.1721552461385727,4.170729637145996,-0.3651556372642517
887.614013671875,0.0,0.0,0.0,2.614678144454956,-0.4348398447036743,0.44638654589653015,2.5672378540039062,0.40461355447769165
1012.5419921875,0.0,0.0,0.0,4.502904415130615,-0.4128192663192749,0.10711241513490677,4.823025703430176,0.029369425028562546
404.6180114746094,0.0,0.0,0.0,2.3111507892608643,0.08383038640022278,0.011656980030238628,2.2541191577911377,0.04497373476624489
484.302001953125,0.0,0.0,0.0,3.147491455078125,0.7833231091499329,-0.33934494853019714,3.555673122406006,-0.36338141560554504
161.54600524902344,0.0,0.0,0.0,1.7115299701690674,0.36895838379859924,-0.5559790134429932,1.8337138891220093,-0.5311748385429382
370.697998046875,0.0,0.0,0.0,4.429651737213135,-0.3595409691333771,0.06226488947868347,4.413224697113037,0.055909860879182816
354.3139953613281,0.0,0.0,0.0,2.246311902999878,0.3594496250152588,-0.42162850499153137,2.4771909713745117,-0.42965805530548096
626.9500122070312,0.0,0.0,0.0,3.1356143951416016,0.6247604489326477,-0.4472338557243347,3.620602607727051,-0.4549925625324249
349.906005859375,0.0,0.0,0.0,2.960559606552124,0.4168005585670471,-0.17366541922092438,3.0576601028442383,-0.21242903172969818
155.2100067138672,0.0,0.0,0.0,2.6975677013397217,0.7914642691612244,-0.5248191356658936,2.9420275688171387,-0.5428016781806946
462.1940002441406,0.0,0.0,0.0,2.938148021697998,-0.17473150789737701,0.09805332124233246,2.959085464477539,0.11443676799535751
253.31399536132812,0.0,0.0,0.0,4.233506679534912,-0.7300040125846863,0.20590557157993317,4.957708358764648,0.12852232158184052
235.906005859375,0.0,0.0,0.0,2.7484283447265625,-0.42245352268218994,0.36484217643737793,3.2146387100219727,0.3597593605518341
462.7619934082031,0.0,0.0,0.0,2.5798540115356445,-0.3163469433784485,0.28712862730026245,2.707360029220581,0.3414227068424225
279.1300048828125,0.0,0.0,0.0,3.1800320148468018,-0.4631190598011017,0.2539222538471222,3.3668222427368164,0.20285534858703613
246.69400024414062,0.0,0.0,0.0,3.110793113708496,-0.7958691120147705,0.44693151116371155,3.6506893634796143,0.4270929992198944
1014.3820190429688,0.0,0.0,0.0,4.099203586578369,-0.10611464083194733,-0.01779421605169773,4.376284599304199,-0.07326045632362366
644.8820190429688,0.0,0.0,0.0,3.4254024028778076,0.5641783475875854,-0.25970572233200073,4.179685115814209,-0.3004099726676941
434.54998779296875,0.0,0.0,0.0,3.302459478378296,0.26176655292510986,-0.14778278768062592,3.3598415851593018,-0.1899089217185974
729.6500244140625,0.0,0.0,0.0,3.5728964805603027,-0.18833696842193604,0.108967125415802,3.973534345626831,0.19273261725902557
570.6500244140625,0.0,0.0,0.0,3.2730934619903564,0.8638640642166138,-0.516220211982727,3.8735854625701904,-0.4248422086238861
357.5260009765625,0.0,0.0,0.0,3.776226043701172,0.48474937677383423,-0.19756180047988892,4.009632587432861,-0.12099862843751907
209.04600524902344,0.0,0.0,0.0,2.6025445461273193,0.5535097718238831,-0.49590906500816345,3.1500327587127686,-0.4542780816555023
786.4140014648438,0.0,0.0,0.0,3.554625988006592,0.3709094524383545,-0.1686621755361557,3.6034996509552,-0.19024814665317535
340.9620056152344,0.0,0.0,0.0,1.7346218824386597,0.1270984262228012,-0.060595184564590454,1.649653434753418,-0.10790687799453735
897.3460083007812,0.0,0.0,0.0,3.521864175796509,-0.7639774084091187,0.3746541142463684,3.931238889694214,0.3412210941314697
314.92999267578125,0.0,0.0,0.0,1.7491031885147095,0.007869550958275795,0.0005282869096845388,1.5799987316131592,-0.016656074672937393
523.6420288085938,0.0,0.0,0.0,3.1648237705230713,0.618086040019989,-0.27670952677726746,3.09899640083313,-0.25042301416397095
859.2020263671875,0.0,0.0,0.0,2.721442222595215,-0.6111664772033691,0.504138171672821,3.14961838722229,0.5275104641914368
178.35400390625,0.0,0.0,0.0,2.9488861560821533,-0.20585064589977264,0.06812228262424469,2.678238868713379,0.03304070606827736
647.3699951171875,0.0,0.0,0.0,-0.08167427778244019,-0.005014527123421431,0.00309030432254076,0.0,0.0
988.469970703125,0.0,0.0,0.0,2.903797149658203,-0.2635294497013092,0.17604129016399384,2.925039291381836,0.1902172565460205
753.3140258789062,0.0,0.0,0.0,1.5287480354309082,0.1342741847038269,-0.2481815367937088,1.5688788890838623,-0.2610492706298828
204.52200317382812,0.0,0.0,0.0,3.8662869930267334,0.10240128636360168,-0.18231649696826935,3.1051266193389893,-0.1114870235323906
939.3179931640625,0.0,0.0,0.0,1.5414752960205078,-0.22239278256893158,0.43447011709213257,1.7247151136398315,0.44014236330986023
741.4819946289062,0.0,0.0,0.0,4.027735710144043,-0.8235377073287964,0.2351279854774475,4.482733726501465,0.2280963659286499
511.39801025390625,0.0,0.0,0.0,2.5979745388031006,-0.5555204749107361,0.39595556259155273,2.6756985187530518,0.39427077770233154
223.6739959716797,0.0,0.0,0.0,3.65412974357605,0.19905395805835724,-0.05488990247249603,3.7860443592071533,-0.08716375380754471
759.1060180664062,0.0,0.0,0.0,2.4603068828582764,0.06420668959617615,-0.11254996061325073,2.666801691055298,-0.1564192771911621
352.8900146484375,0.0,0.0,0.0,2.3208580017089844,0.17458830773830414,-0.20732109248638153,2.1373326778411865,-0.2153875231742859
786.0780029296875,0.0,0.0,0.0,3.438556671142578,0.38331887125968933,-0.18456591665744781,3.8232262134552,-0.20981498062610626
695.4819946289062,0.0,0.0,0.0,0.9462812542915344,-0.119959756731987,0.013670221902430058,0.0,0.0
488.14599609375,0.0,0.0,0.0,3.612055778503418,0.7790229320526123,-0.39918193221092224,3.8769564628601074,-0.29103314876556396
387.9700012207031,0.0,0.0,0.0,3.348879814147949,-0.7289146184921265,0.2255125343799591,3.7769827842712402,0.20380698144435883
1028.52197265625,0.0,0.0,0.0,2.3444154262542725,0.8926169276237488,-0.68182772397995,2.174482583999634,-0.6381221413612366
230.88999938964844,0.0,0.0,0.0,1.6008152961730957,0.3013339042663574,-0.5119309425354004,1.749113917350769,-0.4891771972179413
192.4219970703125,0.0,0.0,0.0,2.018023729324341,-0.35782158374786377,0.4787445366382599,2.6389870643615723,0.5777060985565186
327.010009765625,0.0,0.0,0.0,4.095300674438477,0.6537699103355408,-0.19141584634780884,4.379236698150635,-0.12685588002204895
582.1580200195312,0.0,0.0,0.0,4.417014122009277,0.12723396718502045,0.03423801809549332,4.743753910064697,0.01138637401163578
664.573974609375,0.0,0.0,0.0,3.762434959411621,-0.44449400901794434,0.13310812413692474,3.7410712242126465,0.17280511558055878
791.4180297851562,0.0,0.0,0.0,4.260107040405273,0.4997235834598541,-0.13799773156642914,4.09163236618042,-0.11140260100364685
194.19000244140625,0.0,0.0,0.0,3.075632095336914,-0.5808950066566467,0.3980747163295746,3.7887935638427734,0.4702543616294861
253.21400451660156,0.0,0.0,0.0,4.153253078460693,-0.7711413502693176,0.22821345925331116,4.957708358764648,0.12852232158184052
1013.469970703125,0.0,0.0,0.0,4.444734573364258,-0.28195759654045105,0.024933330714702606,4.3152360916137695,-0.050867848098278046
948.3259887695312,0.0,0.0,0.0,4.441009521484375,-0.5495416522026062,0.18902969360351562,4.729687690734863,0.09030316770076752
154.71800231933594,0.0,0.0,0.0,2.7376651763916016,0.8292259573936462,-0.6495076417922974,2.9763710498809814,-0.5729934573173523
165.16600036621094,0.0,0.0,0.0,1.6935316324234009,0.3365958034992218,-0.5403323173522949,1.8307133913040161,-0.5291022658348083
416.1419982910156,0.0,0.0,0.0,3.6410088539123535,0.8078365921974182,-0.2958242893218994,4.159587860107422,-0.3351629674434662
657.5460205078125,0.0,0.0,0.0,0.12804335355758667,-0.03096236102283001,-0.007380717899650335,0.0,0.0
1026.52197265625,0.0,0.0,0.0,3.928921937942505,0.7899762988090515,-0.27268221974372864,4.481871604919434,-0.2966128885746002
651.302001953125,0.0,0.0,0.0,3.4632904529571533,0.1922331005334854,-0.08463013172149658,3.6588501930236816,-0.0809180736541748
335.5459899902344,0.0,0.0,0.0,2.2221767902374268,0.3671720325946808,-0.3584669828414917,2.546794891357422,-0.3725992441177368
259.91400146484375,0.0,0.0,0.0,4.017016887664795,0.0035051661543548107,-0.03199237212538719,3.813427209854126,0.005768517032265663
208.9459991455078,0.0,0.0,0.0,2.55767560005188,0.5433394312858582,-0.48865029215812683,2.9633922576904297,-0.5311952829360962
461.1059875488281,0.0,0.0,0.0,3.220137119293213,-0.11964134871959686,0.0014116537058725953,3.2885403633117676,0.041579026728868484
905.1339721679688,0.0,0.0,0.0,1.8161602020263672,-0.23494727909564972,0.12457217276096344,1.8142644166946411,-0.014640742912888527
565.8460083007812,0.0,0.0,0.0,4.75934362411499,0.04782358929514885,-0.0654386505484581,4.792186737060547,0.005707031115889549
756.4099731445312,0.0,0.0,0.0,1.9747920036315918,0.09401154518127441,-0.14559750258922577,2.0387229919433594,-0.09868306666612625
147.95399475097656,0.0,0.0,0.0,4.008936405181885,-0.0013749375939369202,-0.0037419553846120834,4.05247688293457,0.0010331913363188505
525.0499877929688,0.0,0.0,0.0,2.848818063735962,0.40066179633140564,-0.17053313553333282,2.720351457595825,-0.1621679961681366
759.614013671875,0.0,0.0,0.0,2.6527628898620605,0.09481498599052429,-0.11334448307752609,3.0337586402893066,-0.15612414479255676
420.2900085449219,0.0,0.0,0.0,3.2575719356536865,0.4116836190223694,-0.24617737531661987,3.5807008743286133,-0.29378435015678406
713.177978515625,0.0,0.0,0.0,3.784181833267212,0.40861427783966064,0.1268884241580963,3.5986430644989014,0.2686142921447754
176.41799926757812,0.0,0.0,0.0,3.334360122680664,-0.4987981617450714,0.24402643740177155,3.5306308269500732,0.25580158829689026
580.3419799804688,0.0,0.0,0.0,3.6366071701049805,0.698615312576294,-0.2203930914402008,4.152784824371338,-0.053605593740940094
214.54600524902344,0.0,0.0,0.0,3.2716147899627686,0.15293875336647034,0.03121618553996086,2.9257688522338867,-0.013299049809575081
396.510009765625,0.0,0.0,0.0,2.0044615268707275,0.32241231203079224,-0.4816775918006897,2.265075922012329,-0.557311475276947
277.1780090332031,0.0,0.0,0.0,2.5240917205810547,-0.3954628109931946,0.34945186972618103,2.888927698135376,0.35973769426345825
696.9860229492188,0.0,0.0,0.0,0.6103207468986511,-0.009919180534780025,0.0022953113075345755,1.1071726083755493,0.032167620956897736
479.24200439453125,0.0,0.0,0.0,3.130981206893921,0.3262011408805847,-0.17700450122356415,3.375518560409546,-0.14974135160446167
506.1059875488281,0.0,0.0,0.0,3.613900899887085,-0.2837236821651459,0.08175960183143616,3.5133635997772217,0.09640991687774658
691.4340209960938,0.0,0.0,0.0,4.08134126663208,-0.5311129689216614,0.0869358703494072,4.565179347991943,0.1265803426504135
513.5780029296875,0.0,0.0,0.0,3.4321789741516113,-0.535287618637085,0.18506285548210144,3.8935906887054443,0.1513863056898117
724.7579956054688,0.0,0.0,0.0,3.0346298217773438,0.08849000930786133,0.015253137797117233,2.8780715465545654,-0.09908551722764969
770.3660278320312,0.0,0.0,0.0,4.117798805236816,0.07597280293703079,0.027664098888635635,4.417078018188477,0.017910132184624672
404.7179870605469,0.0,0.0,0.0,2.292795419692993,0.0780278891324997,0.05306518077850342,2.1620659828186035,-0.0024375931825488806
969.7420043945312,0.0,0.0,0.0,2.5327255725860596,0.4735225439071655,-0.29275304079055786,2.96482253074646,-0.31519976258277893
266.9580078125,0.0,0.0,0.0,1.5110372304916382,-0.2501201331615448,0.421335369348526,1.5872093439102173,0.4149654507637024
358.84600830078125,0.0,0.0,0.0,3.7811686992645264,0.31616514921188354,-0.06834189593791962,3.7657971382141113,-0.04077959433197975
416.4460144042969,0.0,0.0,0.0,3.702923536300659,0.8070222735404968,-0.2486000508069992,4.118153095245361,-0.2782844305038452
895.1300048828125,0.0,0.0,0.0,2.0694520473480225,-0.3868229389190674,0.5060219168663025,2.538604974746704,0.5936628580093384
957.9420166015625,0.0,0.0,0.0,2.971604824066162,0.5740793943405151,-0.3642209768295288,3.2893171310424805,-0.39379993081092834
220.43800354003906,0.0,0.0,0.0,3.3060386180877686,0.6534968614578247,-0.3255804181098938,3.8637349605560303,-0.3638699948787689
450.75,0.0,0.0,0.0,3.9841527938842773,0.45655879378318787,-0.23484750092029572,4.314713001251221,-0.3178254961967468
424.95001220703125,0.0,0.0,0.0,4.269329071044922,0.6563748121261597,-0.2224668562412262,4.305780410766602,-0.22005221247673035
928.4099731445312,0.0,0.0,0.0,3.922314405441284,0.19749616086483002,-0.3522406816482544,3.259617805480957,-0.3013608753681183
381.22601318359375,0.0,0.0,0.0,2.6766104698181152,-0.23043304681777954,0.15674786269664764,2.672746181488037,0.2024715095758438
460.27398681640625,0.0,0.0,0.0,3.273066520690918,-0.1197652518749237,0.0019360929727554321,3.515254497528076,-0.03024732694029808
515.4619750976562,0.0,0.0,0.0,4.222879409790039,-0.3653295338153839,0.05874207988381386,4.587559700012207,0.025538645684719086
458.3739929199219,0.0,0.0,0.0,2.52885103225708,-0.07465977966785431,0.05950605496764183,2.726154327392578,0.06172997131943703
553.35400390625,0.0,0.0,0.0,2.285371780395508,0.5091820955276489,-0.5572542548179626,2.589827060699463,-0.5617950558662415
363.58599853515625,0.0,0.0,0.0,2.45957612991333,-0.5541245937347412,0.5108980536460876,2.8746910095214844,0.42923662066459656
634.0460205078125,0.0,0.0,0.0,4.460445880889893,0.38633430004119873,-0.07513850182294846,4.663722038269043,-0.14328309893608093
174.00999450683594,0.0,0.0,0.0,2.434201717376709,-0.37383347749710083,0.35663145780563354,2.7170987129211426,0.3728044927120209
698.8820190429688,0.0,0.0,0.0,2.3269004821777344,-0.2658267617225647,0.30972588062286377,2.6735005378723145,0.33951637148857117
824.0780029296875,0.0,0.0,0.0,3.5849642753601074,-0.3059619665145874,0.023160697892308235,2.8621182441711426,-0.12274223566055298
725.6900024414062,0.0,0.0,0.0,2.493479013442993,0.12420397996902466,-0.0601968839764595,2.3360214233398438,0.015955045819282532
811.5339965820312,0.0,0.0,0.0,4.156401634216309,0.39362621307373047,-0.04575100913643837,4.2316460609436035,0.005028354469686747
319.510009765625,0.0,0.0,0.0,1.8652024269104004,0.24853986501693726,-0.3653106093406677,2.006596565246582,-0.32261398434638977
525.4660034179688,0.0,0.0,0.0,2.638528347015381,0.33546724915504456,-0.1479174941778183,2.5226805210113525,-0.11452532559633255
909.4459838867188,0.0,0.0,0.0,3.514538049697876,0.5061880350112915,-0.09260578453540802,4.026031017303467,-0.05482465401291847
441.0140075683594,0.0,0.0,0.0,1.4582690000534058,-0.018846983090043068,-0.17574205994606018,1.4419941902160645,-0.19908978044986725
1002.2540283203125,0.0,0.0,0.0,2.8754868507385254,-0.6121550798416138,0.4013945162296295,3.450375556945801,0.49116232991218567
553.8460083007812,0.0,0.0,0.0,2.349081516265869,0.4814383089542389,-0.4448029398918152,2.697006940841675,-0.4750630855560303
780.8820190429688,0.0,0.0,0.0,2.369636058807373,0.3793536424636841,-0.3841116726398468,2.5974278450012207,-0.4044978618621826
299.906005859375,0.0,0.0,0.0,2.0902833938598633,0.6751584410667419,-0.7509245872497559,2.369642734527588,-0.7961729168891907
897.614013671875,0.0,0.0,0.0,3.6615755558013916,-0.7920898199081421,0.3517879247665405,4.016369819641113,0.41261419653892517
231.14599609375,0.0,0.0,0.0,1.5974960327148438,0.2979619801044464,-0.5508905649185181,1.7046191692352295,-0.5664903521537781
955.25,0.0,0.0,0.0,3.803098201751709,0.1820332556962967,-0.05008157715201378,3.507938861846924,-0.030735613778233528
368.4739990234375,0.0,0.0,0.0,3.9629716873168945,-0.7377140522003174,0.24432574212551117,4.508997917175293,0.2581680715084076
545.47802734375,0.0,0.0,0.0,3.3056421279907227,-0.6805896759033203,0.27443060278892517,3.357499599456787,0.23951184749603271
761.8179931640625,0.0,0.0,0.0,2.7961535453796387,0.42614102363586426,-0.42370229959487915,3.3339812755584717,-0.46107566356658936
1005.197998046875,0.0,0.0,0.0,3.8524329662323,-0.7981696724891663,0.22360147535800934,4.336005687713623,0.22847889363765717
709.8140258789062,0.0,0.0,0.0,2.3018746376037598,0.8535382747650146,-0.7176550030708313,2.9709630012512207,-0.7023079991340637
933.9420166015625,0.0,0.0,0.0,3.295384645462036,0.3904806077480316,-0.08940619975328445,3.1078388690948486,-0.048595964908599854
267.9460144042969,0.0,0.0,0.0,1.6809237003326416,-0.3011992573738098,0.5008794069290161,1.8172879219055176,0.464992880821228
504.5220031738281,0.0,0.0,0.0,3.054089069366455,-0.5241150259971619,0.30451029539108276,3.4171042442321777,0.24773097038269043
934.9099731445312,0.0,0.0,0.0,2.874328851699829,0.2401965707540512,-0.05103391408920288,2.4353368282318115,-0.06930169463157654
731.72998046875,0.0,0.0,0.0,4.11458683013916,-0.5642063617706299,0.2672294080257416,4.156922340393066,0.3310752213001251
737.7459716796875,0.0,0.0,0.0,3.2209551334381104,-0.47074952721595764,0.23143364489078522,3.574390172958374,0.28560882806777954
827.0180053710938,0.0,0.0,0.0,2.6431727409362793,0.46978291869163513,-0.3379460871219635,2.7888758182525635,-0.32101568579673767
759.8779907226562,0.0,0.0,0.0,2.6986446380615234,0.10626958310604095,-0.12655268609523773,2.6033382415771484,-0.1498543620109558
775.822021484375,0.0,0.0,0.0,4.210461139678955,0.37873873114585876,0.011759037151932716,4.317845344543457,-0.09858352690935135
781.302001953125,0.0,0.0,0.0,2.558208465576172,0.3984213173389435,-0.3904358744621277,2.965468406677246,-0.4316072165966034
323.27398681640625,0.0,0.0,0.0,1.8869028091430664,0.3052225708961487,-0.40130433440208435,2.204779624938965,-0.3884181082248688
449.6180114746094,0.0,0.0,0.0,4.047358512878418,0.3225412666797638,-0.1276184618473053,4.365051746368408,-0.13568536937236786
433.4859924316406,0.0,0.0,0.0,3.102489471435547,0.2516297996044159,-0.19116804003715515,3.694483518600464,-0.1599925458431244
679.4739990234375,0.0,0.0,0.0,1.8997938632965088,-0.5423340797424316,0.7279481291770935,2.0833985805511475,0.6969144940376282
305.9259948730469,0.0,0.0,0.0,3.2341957092285156,-0.5238872766494751,0.26643991470336914,3.7052488327026367,0.2893086373806
951.2340087890625,0.0,0.0,0.0,4.633074760437012,0.08952038735151291,-0.03530270978808403,4.87343168258667,-0.15598523616790771
683.573974609375,0.0,0.0,0.0,0.8138487339019775,-0.012635776773095131,0.01851503551006317,1.4248205423355103,0.033197980374097824
755.9500122070312,0.0,0.0,0.0,1.9224317073822021,0.12720097601413727,-0.10050661861896515,2.062039852142334,-0.15104198455810547
402.6419982910156,0.0,0.0,0.0,3.375850200653076,0.2815486192703247,-0.07893084734678268,3.000772714614868,-0.10196024924516678
282.22198486328125,0.0,0.0,0.0,3.231900691986084,-0.5513952970504761,0.27459120750427246,3.677198648452759,0.2579392194747925
418.1820068359375,0.0,0.0,0.0,3.745299816131592,0.47814857959747314,-0.06836781650781631,3.7776808738708496,-0.17369844019412994
910.4420166015625,0.0,0.0,0.0,3.976764678955078,0.11208642274141312,0.09727798402309418,4.6718244552612305,0.035093486309051514
788.7059936523438,0.0,0.0,0.0,3.8720343112945557,0.7270304560661316,-0.31671351194381714,4.342549800872803,-0.30835744738578796
249.14199829101562,0.0,0.0,0.0,4.297874450683594,-0.5004239678382874,0.10915537923574448,4.604652404785156,0.14003057777881622
199.2259979248047,0.0,0.0,0.0,4.67376184463501,-0.0001973168837139383,-0.0709666982293129,4.828392505645752,-0.0012134299613535404
578.7420043945312,0.0,0.0,0.0,2.714494228363037,0.6534009575843811,-0.5161169767379761,3.479462146759033,-0.5576621294021606
358.6419982910156,0.0,0.0,0.0,3.8167550563812256,0.33501842617988586,-0.08314965665340424,3.9759998321533203,-0.10199245065450668
354.6499938964844,0.0,0.0,0.0,2.3812575340270996,0.3903239071369171,-0.44662341475486755,2.8613829612731934,-0.4487667381763458
582.0540161132812,0.0,0.0,0.0,4.395549774169922,0.14488723874092102,0.011505554430186749,4.675329208374023,0.10953473299741745
681.4140014648438,0.0,0.0,0.0,1.1596025228500366,-0.15524153411388397,-0.005819857120513916,0.0,0.0
451.2300109863281,0.0,0.0,0.0,3.9005348682403564,0.590194582939148,-0.288239985704422,4.334558963775635,-0.35409948229789734
430.35400390625,0.0,0.0,0.0,2.1973986625671387,-0.11310011893510818,0.05417247116565704,1.9714922904968262,0.04569264501333237
905.6179809570312,0.0,0.0,0.0,1.8971055746078491,-0.01367019210010767,-0.2123420685529709,2.080131769180298,-0.24051888287067413
497.8500061035156,0.0,0.0,0.0,2.639082670211792,-0.35854995250701904,0.22786791622638702,2.919670581817627,0.2414572834968567
164.5540008544922,0.0,0.0,0.0,1.6827431917190552,0.36961230635643005,-0.5793938040733337,1.7409569025039673,-0.5239127278327942
529.0659790039062,0.0,0.0,0.0,1.7405411005020142,0.20655259490013123,-0.24689534306526184,1.7581040859222412,-0.2435091882944107
417.85400390625,0.0,0.0,0.0,3.8036792278289795,0.560626745223999,-0.11722495406866074,3.6946446895599365,-0.06907342374324799
874.093994140625,0.0,0.0,0.0,3.669891119003296,0.1680944263935089,-0.07512132078409195,3.396766424179077,-0.009350514970719814
383.0899963378906,0.0,0.0,0.0,2.8023624420166016,-0.5439470410346985,0.40535977482795715,2.998541831970215,0.4111354947090149
191.25399780273438,0.0,0.0,0.0,1.742830753326416,-0.2833324074745178,0.42842215299606323,1.8801664113998413,0.4304225742816925
445.01800537109375,0.0,0.0,0.0,2.4504263401031494,0.41426077485084534,-0.34334516525268555,2.8176474571228027,-0.35042157769203186
582.9860229492188,0.0,0.0,0.0,4.5214080810546875,-0.039052415639162064,0.04557112976908684,4.860736846923828,0.01619236171245575
922.3419799804688,0.0,0.0,0.0,2.638637065887451,-0.42410770058631897,0.31065380573272705,2.39911150932312,0.3156266212463379
995.1220092773438,0.0,0.0,0.0,3.8318111896514893,0.39169400930404663,-0.08791480958461761,2.7452585697174072,-0.08708561956882477
162.4219970703125,0.0,0.0,0.0,1.800225853919983,0.35198140144348145,-0.5442014932632446,2.0197689533233643,-0.5840739607810974
545.2020263671875,0.0,0.0,0.0,3.426362991333008,-0.7691637873649597,0.30308517813682556,3.6018104553222656,0.29096055030822754
770.4660034179688,0.0,0.0,0.0,4.137121200561523,0.07867231965065002,0.01306392066180706,4.6086745262146,-0.035646867007017136
350.6579895019531,0.0,0.0,0.0,2.86649751663208,0.3696858882904053,-0.15677474439144135,2.998538017272949,-0.17357277870178223
792.8779907226562,0.0,0.0,0.0,3.5810205936431885,0.22077246010303497,0.02665555477142334,3.376305103302002,-0.0033820040989667177
382.51800537109375,0.0,0.0,0.0,2.689617156982422,-0.4368431270122528,0.3314968943595886,2.7911417484283447,0.34387320280075073
356.8500061035156,0.0,0.0,0.0,3.4944968223571777,0.5111114382743835,-0.2603396475315094,4.1775617599487305,-0.25692954659461975
377.12200927734375,0.0,0.0,0.0,3.900109052658081,-0.25996294617652893,0.044643744826316833,3.921353340148926,0.08684801310300827
210.99000549316406,0.0,0.0,0.0,3.862468719482422,0.686631977558136,-0.22709037363529205,4.193692684173584,-0.2357962280511856
707.9500122070312,0.0,0.0,0.0,2.8178324699401855,0.6060816645622253,-0.41314271092414856,3.368652105331421,-0.46850743889808655
878.281982421875,0.0,0.0,0.0,1.5033361911773682,0.2046557366847992,-0.4282088279724121,1.6790553331375122,-0.4005304276943207
760.3300170898438,0.0,0.0,0.0,2.635742664337158,0.14471109211444855,-0.14788736402988434,2.673455238342285,-0.17756161093711853
232.3300018310547,0.0,0.0,0.0,1.641653060913086,0.318754643201828,-0.5635000467300415,1.660434365272522,-0.5311840772628784
844.7540283203125,0.0,0.0,0.0,3.7935712337493896,0.6329355835914612,-0.18864399194717407,4.405423164367676,-0.20042301714420319
979.2780151367188,0.0,0.0,0.0,3.4483437538146973,0.6192193627357483,-0.302288681268692,4.217136383056641,-0.37196943163871765
830.666015625,0.0,0.0,0.0,3.744788646697998,0.2958814799785614,-0.15299184620380402,3.9852285385131836,-0.17312999069690704
900.9420166015625,0.0,0.0,0.0,2.083566188812256,-0.8298689723014832,0.8249309659004211,2.2660281658172607,0.848972737789154
269.0459899902344,0.0,0.0,0.0,2.097888469696045,-0.43230965733528137,0.4557088017463684,2.4312305450439453,0.44863995909690857
690.5139770507812,0.0,0.0,0.0,3.8373823165893555,-0.6408987641334534,0.24097682535648346,4.442053318023682,0.17299313843250275
588.6539916992188,0.0,0.0,0.0,1.8099294900894165,-0.44674059748649597,0.5791583061218262,2.0376055240631104,0.5200336575508118
963.302001953125,0.0,0.0,0.0,3.8180928230285645,0.7700926065444946,-0.44789832830429077,3.6001455783843994,-0.3609100580215454
171.9340057373047,0.0,0.0,0.0,1.6503121852874756,0.05427999421954155,0.12563897669315338,1.8687431812286377,0.1542176604270935
474.1860046386719,0.0,0.0,0.0,3.0087177753448486,-0.16349120438098907,-0.009204179048538208,2.8260385990142822,-0.013965902850031853
735.1019897460938,0.0,0.0,0.0,3.1106255054473877,-0.4698925018310547,0.21114535629749298,3.141047954559326,0.23139777779579163
827.1259765625,0.0,0.0,0.0,2.6378376483917236,0.44686856865882874,-0.36275196075439453,3.0146725177764893,-0.39613381028175354
796.8179931640625,0.0,0.0,0.0,3.119563579559326,0.05382609739899635,-0.050753865391016006,3.0917606353759766,-0.02568374201655388
297.53399658203125,0.0,0.0,0.0,1.8262624740600586,0.41904687881469727,-0.5518209338188171,2.0027101039886475,-0.519698977470398
270.4460144042969,0.0,0.0,0.0,3.102569341659546,-0.09348989278078079,-0.02776625007390976,3.4255073070526123,-0.11555503308773041
821.6300048828125,0.0,0.0,0.0,3.45503306388855,-0.7491471171379089,0.376284658908844,3.7504773139953613,0.36530667543411255
569.989990234375,0.0,0.0,0.0,3.0270426273345947,0.9402024745941162,-0.5081051588058472,3.6319820880889893,-0.475739061832428
842.0579833984375,0.0,0.0,0.0,2.255134105682373,0.42636558413505554,-0.4562300741672516,2.6559908390045166,-0.4989023804664612
239.95799255371094,0.0,0.0,0.0,3.0780203342437744,-0.2064196914434433,0.0966239646077156,2.638497829437256,0.04653194174170494
633.2139892578125,0.0,0.0,0.0,4.535817623138428,0.334451287984848,-0.11649027466773987,4.716091156005859,-0.13311386108398438
998.9500122070312,0.0,0.0,0.0,2.486150026321411,-0.21456746757030487,0.36430624127388,2.51698637008667,0.4682115614414215
731.1220092773438,0.0,0.0,0.0,4.047952175140381,-0.415357381105423,0.19183866679668427,4.07927131652832,0.2322167605161667
854.8140258789062,0.0,0.0,0.0,3.3415191173553467,-0.3662530481815338,0.259954571723938,2.8171558380126953,0.2169036567211151
711.7540283203125,0.0,0.0,0.0,3.476541519165039,0.8515794277191162,-0.40364477038383484,4.147049903869629,-0.3519214689731598
599.6179809570312,0.0,0.0,0.0,4.139529705047607,-0.2590228021144867,0.1496545672416687,3.1438393592834473,0.2264154553413391
883.9180297851562,0.0,0.0,0.0,3.87544584274292,0.6237609386444092,-0.2684653699398041,4.402977466583252,-0.19756948947906494
790.7139892578125,0.0,0.0,0.0,4.291015625,0.6238774061203003,-0.208014115691185,4.4062018394470215,-0.12425094842910767
476.5260009765625,0.0,0.0,0.0,2.016371965408325,0.21519115567207336,-0.207008957862854,2.1086888313293457,-0.21225541830062866
284.5260009765625,0.0,0.0,0.0,4.059877395629883,-0.37552130222320557,0.10701586306095123,4.282740116119385,0.05528499558568001
986.7860107421875,0.0,0.0,0.0,3.1879138946533203,0.2576757073402405,0.22582311928272247,3.0985591411590576,0.21226461231708527
912.3380126953125,0.0,0.0,0.0,4.484471321105957,-0.021349677816033363,0.02851632609963417,4.798214435577393,0.03866581246256828
472.25,0.0,0.0,0.0,3.761026382446289,-0.6838220953941345,0.21297401189804077,3.5335052013397217,0.17638780176639557
846.0540161132812,0.0,0.0,0.0,4.225311756134033,0.4917357861995697,-0.13237714767456055,4.564371585845947,-0.1454658955335617
1014.6099853515625,0.0,0.0,0.0,4.059296607971191,-0.05037367343902588,-0.018314389511942863,3.9503395557403564,-0.03064129874110222
217.05799865722656,0.0,0.0,0.0,1.7812621593475342,0.32522979378700256,-0.4070267379283905,1.8039100170135498,-0.40819600224494934
180.79400634765625,0.0,0.0,0.0,2.0846800804138184,-0.37762850522994995,0.47182759642601013,2.3484017848968506,0.4594266712665558
350.0060119628906,0.0,0.0,0.0,2.941190719604492,0.39966318011283875,-0.2088373303413391,3.033996105194092,-0.21709585189819336
196.00999450683594,0.0,0.0,0.0,4.073726177215576,-0.604927122592926,0.1614060252904892,4.78776216506958,0.06732317805290222
586.6900024414062,0.0,0.0,0.0,2.804241418838501,-0.5667946934700012,0.34890997409820557,2.5320231914520264,0.31615614891052246
575.614013671875,0.0,0.0,0.0,4.3965630531311035,0.04423469305038452,-0.07864128798246384,3.1824262142181396,-0.2005845159292221
1003.614013671875,0.0,0.0,0.0,3.687286138534546,-0.8005914092063904,0.325780987739563,3.9265568256378174,0.3510521650314331
708.9860229492188,0.0,0.0,0.0,2.559354066848755,0.9533390402793884,-0.8452582955360413,2.637582540512085,-0.7322206497192383
383.6820068359375,0.0,0.0,0.0,2.9510726928710938,-0.6405554413795471,0.38134193420410156,3.423597812652588,0.4364664852619171
141.12600708007812,0.0,0.0,0.0,2.844609022140503,0.204865500330925,-0.11638008058071136,2.7194738388061523,-0.06937011331319809
463.08599853515625,0.0,0.0,0.0,2.517200469970703,-0.3743131756782532,0.33296018838882446,2.603989601135254,0.36879777908325195
452.14599609375,0.0,0.0,0.0,3.9371144771575928,0.670488178730011,-0.2495793104171753,3.8646044731140137,-0.2615947425365448
132.20199584960938,0.0,0.0,0.0,-0.0021224869415163994,0.0001228207111125812,0.0011365640675649047,0.0,0.0
722.8140258789062,0.0,0.0,0.0,3.9896585941314697,0.06914300471544266,-0.004770766012370586,3.7231462001800537,0.012364429421722889
293.9779968261719,0.0,0.0,0.0,2.825244665145874,-0.08844228088855743,-0.21621330082416534,2.8802266120910645,-0.2543050944805145
620.281982421875,0.0,0.0,0.0,1.8085269927978516,0.0852612555027008,-0.12010105699300766,1.933611512184143,-0.08880258351564407
434.75799560546875,0.0,0.0,0.0,3.302950143814087,0.25457507371902466,-0.10761074721813202,3.32916259765625,-0.164627805352211
916.7420043945312,0.0,0.0,0.0,4.0235371589660645,0.08935587853193283,0.0020078299567103386,3.7258176803588867,-2.2151434677653015e-05
365.5419921875,0.0,0.0,0.0,3.2961513996124268,-0.7402428388595581,0.4819555878639221,3.6296780109405518,0.47342750430107117
919.0339965820312,0.0,0.0,0.0,3.6958892345428467,-0.46241798996925354,0.19385845959186554,3.66640567779541,0.18525001406669617
465.9100036621094,0.0,0.0,0.0,3.1521425247192383,-0.5942220091819763,0.3712690472602844,3.8332369327545166,0.36320438981056213
289.2860107421875,0.0,0.0,0.0,2.388411521911621,-0.8211502432823181,0.6477395296096802,2.827418565750122,0.6277472972869873
752.177978515625,0.0,0.0,0.0,1.5639383792877197,0.19097459316253662,-0.38059237599372864,1.562406063079834,-0.309791624546051
965.906005859375,0.0,0.0,0.0,2.843892812728882,0.4839410185813904,-0.28498879075050354,2.754148483276367,-0.2389308661222458
1020.010009765625,0.0,0.0,0.0,4.0097527503967285,-0.16279490292072296,0.02755957655608654,3.9763011932373047,-0.04033244028687477
346.8900146484375,0.0,0.0,0.0,2.762624740600586,0.278769850730896,-0.10609153658151627,2.716862440109253,-0.1122150793671608
249.58999633789062,0.0,0.0,0.0,4.390425205230713,-0.41066017746925354,0.05423886328935623,4.642309188842773,0.041043929755687714
280.385986328125,0.0,0.0,0.0,3.048834800720215,-0.36789873242378235,0.19054856896400452,2.999052047729492,0.23637759685516357
448.0979919433594,0.0,0.0,0.0,3.747800350189209,0.3905331790447235,-0.11720111966133118,4.36401891708374,-0.09609440714120865
523.5380249023438,0.0,0.0,0.0,3.1950929164886475,0.6429792642593384,-0.2917698323726654,3.159179449081421,-0.2514142692089081
585.7020263671875,0.0,0.0,0.0,3.216308832168579,-0.8472569584846497,0.44652053713798523,3.168010950088501,0.34229156374931335
960.6740112304688,0.0,0.0,0.0,4.068989276885986,0.3822425305843353,-0.10369648039340973,4.646525859832764,-0.14572975039482117
415.1820068359375,0.0,0.0,0.0,3.528005599975586,0.8266578316688538,-0.3468415439128876,4.002503871917725,-0.3786064684391022
644.5700073242188,0.0,0.0,0.0,3.2758448123931885,0.5457364916801453,-0.30261680483818054,3.6644961833953857,-0.343720406293869
945.0659790039062,0.0,0.0,0.0,3.877418041229248,-0.8417726159095764,0.31683239340782166,4.666773796081543,0.3266829252243042
533.4660034179688,0.0,0.0,0.0,2.296670913696289,0.48823055624961853,-0.4835166931152344,2.9556312561035156,-0.5807160139083862
528.7780151367188,0.0,0.0,0.0,1.6720517873764038,0.18415352702140808,-0.2364467978477478,1.7608442306518555,-0.19132187962532043
140.7779998779297,0.0,0.0,0.0,2.888338327407837,0.2483392059803009,-0.14717145264148712,2.952765703201294,-0.06797819584608078
705.4340209960938,0.0,0.0,0.0,1.8406271934509277,0.39512068033218384,-0.5380268692970276,2.0413691997528076,-0.5865135788917542
1022.0859985351562,0.0,0.0,0.0,4.36803674697876,-0.01288567017763853,0.006446648854762316,4.857681751251221,-0.018336903303861618
274.20599365234375,0.0,0.0,0.0,2.9345216751098633,0.06369993835687637,0.012660645879805088,2.7254645824432373,-0.008650196716189384
589.1060180664062,0.0,0.0,0.0,1.8457874059677124,-0.41861093044281006,0.5012472867965698,1.9159356355667114,0.41988909244537354
568.9140014648438,0.0,0.0,0.0,3.547136068344116,0.95260089635849,-0.5993531346321106,3.2167210578918457,-0.5384731292724609
960.9420166015625,0.0,0.0,0.0,4.151109218597412,0.38580432534217834,-0.14828571677207947,4.687020778656006,-0.06521546840667725
454.6059875488281,0.0,0.0,0.0,3.298635959625244,0.15098485350608826,-0.05462628975510597,3.1653170585632324,-0.008125334046781063
794.2620239257812,0.0,0.0,0.0,2.98482084274292,0.05719397962093353,0.017217746004462242,2.908705711364746,0.018822232261300087
152.67799377441406,0.0,0.0,0.0,3.4920032024383545,0.6309583187103271,-0.34072497487068176,3.7150256633758545,-0.3127886652946472
866.7459716796875,0.0,0.0,0.0,4.388333320617676,-0.6572079062461853,0.15937136113643646,3.938812732696533,-0.057595040649175644
701.0819702148438,0.0,0.0,0.0,2.8574347496032715,0.24415543675422668,-0.3374602794647217,2.684007167816162,-0.37532907724380493
715.8579711914062,0.0,0.0,0.0,3.117105722427368,-0.5726431608200073,0.33671504259109497,3.579190492630005,0.31039032340049744
558.0659790039062,0.0,0.0,0.0,2.2469446659088135,0.5156759023666382,-0.6226571798324585,2.548556089401245,-0.6706351041793823
331.5140075683594,0.0,0.0,0.0,3.131810426712036,-0.01944749988615513,0.056240953505039215,2.779686689376831,0.04625166952610016
739.7860107421875,0.0,0.0,0.0,3.7688541412353516,-0.7941966652870178,0.31588804721832275,4.0666327476501465,0.3037227988243103
651.1019897460938,0.0,0.0,0.0,3.4030256271362305,0.19850057363510132,-0.10728750377893448,3.737294912338257,-0.11870576441287994
595.1539916992188,0.0,0.0,0.0,4.199143409729004,0.3339328169822693,-0.04012411832809448,4.184731483459473,0.10736318677663803
804.8099975585938,0.0,0.0,0.0,3.0501651763916016,0.6476770639419556,-0.22980348765850067,3.3777050971984863,-0.3255637586116791
720.406005859375,0.0,0.0,0.0,3.9529776573181152,0.3003721833229065,-0.08989155292510986,3.9931366443634033,-0.146462082862854
134.9219970703125,0.0,0.0,0.0,-0.001977635780349374,5.133993909112178e-06,0.0007163668633438647,0.0,0.0
894.302001953125,0.0,0.0,0.0,1.793039321899414,-0.3302075266838074,0.5409194231033325,2.0358850955963135,0.557330846786499
431.7820129394531,0.0,0.0,0.0,2.199962854385376,0.08961070328950882,-0.18484358489513397,2.5110762119293213,-0.21105273067951202
206.6540069580078,0.0,0.0,0.0,1.7288464307785034,0.39006710052490234,-0.5076845288276672,1.8838218450546265,-0.5669673681259155
296.5299987792969,0.0,0.0,0.0,1.801836609840393,0.46680349111557007,-0.6003142595291138,1.9844683408737183,-0.6406524181365967
309.9540100097656,0.0,0.0,0.0,4.062959671020508,-0.11070884019136429,0.04014844819903374,3.8313615322113037,-0.01357419602572918
255.9219970703125,0.0,0.0,0.0,4.663001537322998,-0.12162939459085464,0.023778360337018967,4.841094493865967,0.003759593004360795
402.95001220703125,0.0,0.0,0.0,3.213635206222534,0.24710842967033386,-0.01059100404381752,2.7631478309631348,-0.038054075092077255
1010.9099731445312,0.0,0.0,0.0,4.177963733673096,-0.7877795100212097,0.1641724854707718,4.823423862457275,0.1746726632118225
761.5700073242188,0.0,0.0,0.0,2.760030508041382,0.3581644296646118,-0.38385066390037537,3.0083131790161133,-0.3795439302921295
652.8820190429688,0.0,0.0,0.0,3.2292041778564453,0.06611257046461105,0.16060081124305725,2.753269672393799,0.2297370433807373
447.0979919433594,0.0,0.0,0.0,3.467658519744873,0.5005823373794556,-0.1928013414144516,3.652486562728882,-0.14579470455646515
947.0819702148438,0.0,0.0,0.0,4.329946994781494,-0.6535450220108032,0.1969301700592041,5.01355504989624,0.1911354511976242
972.6580200195312,0.0,0.0,0.0,3.624940872192383,0.43792009353637695,-0.17026416957378387,4.129854202270508,-0.12938587367534637
632.6060180664062,0.0,0.0,0.0,4.601264953613281,0.34186306595802307,-0.041598714888095856,4.430561065673828,-0.006888603325933218
542.1259765625,0.0,0.0,0.0,4.004433631896973,-0.8779617547988892,0.41778016090393066,4.413203239440918,0.4663122594356537
335.8580017089844,0.0,0.0,0.0,2.338623523712158,0.387818843126297,-0.3518218994140625,2.5031144618988037,-0.3470439612865448
854.6019897460938,0.0,0.0,0.0,3.4575445652008057,-0.3480910658836365,0.13247013092041016,3.3516247272491455,0.22706787288188934
966.2100219726562,0.0,0.0,0.0,2.733804941177368,0.4402194023132324,-0.16852004826068878,2.830512285232544,-0.21340689063072205
133.63800048828125,0.0,0.0,0.0,-0.0009571531554684043,0.0005769138224422932,-0.002761273877695203,0.0,0.0
456.6700134277344,0.0,0.0,0.0,2.1358582973480225,-0.004497983027249575,-0.03595408797264099,2.063586950302124,-0.027195975184440613
541.2739868164062,0.0,0.0,0.0,4.2049665451049805,-0.4814216196537018,0.22129009664058685,4.455204486846924,0.3115052580833435
892.8099975585938,0.0,0.0,0.0,1.6013267040252686,-0.296438604593277,0.49962905049324036,1.8544795513153076,0.5928849577903748
232.53399658203125,0.0,0.0,0.0,1.6370658874511719,0.3191603124141693,-0.5490018129348755,1.8008173704147339,-0.566358208656311
649.1900024414062,0.0,0.0,0.0,2.323744535446167,0.0741560310125351,-0.07833690196275711,2.615797519683838,-0.13898199796676636
313.3500061035156,0.0,0.0,0.0,2.2624897956848145,0.013768576085567474,-0.01547065656632185,2.214860200881958,0.0076913428492844105
572.6619873046875,0.0,0.0,0.0,4.177328586578369,0.6169680953025818,-0.17783957719802856,4.478981018066406,-0.044361766427755356
439.65399169921875,0.0,0.0,0.0,1.788744330406189,-0.025806745514273643,-0.050338465720415115,1.7503875494003296,-0.05959257110953331
793.3660278320312,0.0,0.0,0.0,3.400797128677368,0.09547632932662964,0.06429975479841232,2.9644737243652344,-0.007835598662495613
849.6740112304688,0.0,0.0,0.0,2.2339444160461426,0.36645248532295227,-0.2931113839149475,2.2771410942077637,-0.23017805814743042
338.4419860839844,0.0,0.0,0.0,2.3065357208251953,0.2643899619579315,-0.14298102259635925,2.214906930923462,-0.1419319063425064
334.77801513671875,0.0,0.0,0.0,2.0376126766204834,0.2767016589641571,-0.383184552192688,2.0281784534454346,-0.3000369668006897
1030.2659912109375,0.0,0.0,0.0,1.9730145931243896,0.4606446623802185,-0.45032641291618347,1.9370428323745728,-0.5634413957595825
616.64599609375,0.0,0.0,0.0,-0.031327567994594574,-0.0002199802838731557,-0.0026782916393131018,0.0,0.0
777.677978515625,0.0,0.0,0.0,3.387017250061035,0.1389542818069458,-0.016064289957284927,3.126274585723877,0.0014452658360823989
1007.6740112304688,0.0,0.0,0.0,4.034371852874756,-0.6602112054824829,0.2039170116186142,4.052876949310303,0.192483589053154
146.58999633789062,0.0,0.0,0.0,4.073975563049316,0.09430283308029175,-0.07748240232467651,4.223809719085693,0.012289985083043575
1005.9420166015625,0.0,0.0,0.0,3.840332508087158,-0.6976694464683533,0.18641556799411774,3.8587355613708496,0.14908261597156525
209.63400268554688,0.0,0.0,0.0,3.0701797008514404,0.6419216394424438,-0.42146244645118713,3.9353740215301514,-0.5812442302703857
855.8099975585938,0.0,0.0,0.0,2.1048388481140137,-0.5487499237060547,0.5593466758728027,1.9505925178527832,0.5832169651985168
743.4219970703125,0.0,0.0,0.0,4.540014266967773,-0.6183743476867676,0.12977856397628784,5.1190900802612305,-0.0078068990260362625
812.6099853515625,0.0,0.0,0.0,4.030900478363037,-0.05046023055911064,0.07995877414941788,3.6506381034851074,0.14871910214424133
347.5780029296875,0.0,0.0,0.0,2.4726064205169678,0.2240004986524582,-0.1435980498790741,2.550740957260132,-0.17757411301136017
491.98199462890625,0.0,0.0,0.0,2.458008050918579,0.09469248354434967,-0.01225766446441412,2.211819887161255,-0.011945206671953201
224.19000244140625,0.0,0.0,0.0,3.3965744972229004,0.1424320489168167,-0.030313100665807724,3.242729425430298,-0.04629933461546898
751.8499755859375,0.0,0.0,0.0,1.566437840461731,0.19548764824867249,-0.3941079378128052,1.6205415725708008,-0.41502276062965393
363.15399169921875,0.0,0.0,0.0,2.20302677154541,-0.4728582203388214,0.5398295521736145,2.6499481201171875,0.5481396913528442
644.27001953125,0.0,0.0,0.0,3.0868515968322754,0.5245356559753418,-0.3364318311214447,3.570371150970459,-0.34437093138694763
409.6180114746094,0.0,0.0,0.0,2.2666358947753906,0.19440488517284393,-0.15146870911121368,2.35416316986084,-0.12825484573841095
448.4100036621094,0.0,0.0,0.0,3.809138059616089,0.3267276883125305,-0.07234027236700058,4.177506923675537,-0.0739213228225708
831.6939697265625,0.0,0.0,0.0,4.064881324768066,0.2388892024755478,-0.04470100626349449,4.490454196929932,-0.06521335989236832
676.114013671875,0.0,0.0,0.0,2.034766912460327,-0.8839329481124878,0.8352376818656921,2.3197438716888428,0.8283805847167969
659.614013671875,0.0,0.0,0.0,1.565799355506897,-0.12854424118995667,0.26581984758377075,1.9889869689941406,0.3355010747909546
745.4140014648438,0.0,0.0,0.0,4.4396653175354,-0.3631349802017212,0.14270320534706116,4.326076030731201,0.08480284363031387
808.0859985351562,0.0,0.0,0.0,3.6123223304748535,0.8935973644256592,-0.431337833404541,4.373298168182373,-0.42667675018310547
755.5700073242188,0.0,0.0,0.0,1.9628366231918335,0.13239005208015442,-0.2299332618713379,1.9868024587631226,-0.15390795469284058
503.48199462890625,0.0,0.0,0.0,2.4690663814544678,-0.39096927642822266,0.39382416009902954,2.8855741024017334,0.37630119919776917
262.9419860839844,0.0,0.0,0.0,2.5608556270599365,-0.04752369970083237,-0.012889809906482697,1.9340267181396484,-0.046331338584423065
899.3619995117188,0.0,0.0,0.0,2.3689990043640137,-1.0645227432250977,0.6752945184707642,2.739100933074951,0.7298957109451294
918.4019775390625,0.0,0.0,0.0,3.6431756019592285,-0.4404759407043457,0.30975866317749023,4.00320291519165,0.29083847999572754
199.9459991455078,0.0,0.0,0.0,4.693160057067871,0.09780170768499374,-0.05723373591899872,5.192105770111084,-0.056011997163295746
236.03399658203125,0.0,0.0,0.0,2.8314249515533447,-0.44527140259742737,0.3542645275592804,3.598161220550537,0.36163628101348877
730.8779907226562,0.0,0.0,0.0,3.949599504470825,-0.35945990681648254,0.2079014778137207,4.370089054107666,0.21424469351768494
633.3140258789062,0.0,0.0,0.0,4.5460920333862305,0.34841683506965637,-0.12622396647930145,4.7214155197143555,-0.03849949687719345
843.197998046875,0.0,0.0,0.0,2.850372791290283,0.5763389468193054,-0.421369343996048,3.3676421642303467,-0.4507107138633728
952.2739868164062,0.0,0.0,0.0,4.68042516708374,0.19233821332454681,-0.07861847430467606,4.721065998077393,-0.1114632785320282
979.8499755859375,0.0,0.0,0.0,3.722569465637207,0.7014518976211548,-0.3988012969493866,4.15985631942749,-0.3377670645713806
444.5060119628906,0.0,0.0,0.0,2.2299015522003174,0.3665069043636322,-0.36549872159957886,2.503997564315796,-0.3488275408744812
246.17799377441406,0.0,0.0,0.0,2.8181538581848145,-0.7629885077476501,0.5032457113265991,3.524082899093628,0.5072534680366516
1026.3819580078125,0.0,0.0,0.0,3.836137056350708,0.8089199066162109,-0.3021644055843353,4.734208583831787,-0.3192009925842285
380.2460021972656,0.0,0.0,0.0,2.998269557952881,-0.0670132115483284,0.08707299083471298,2.6272904872894287,0.07927647233009338
1014.7420043945312,0.0,0.0,0.0,4.008884429931641,-0.02083621360361576,-0.006767075974494219,3.9292664527893066,0.0007433530408889055
133.42599487304688,0.0,0.0,0.0,-0.0019008198287338018,0.0009414782980456948,0.0018003617879003286,0.0,0.0
874.8779907226562,0.0,0.0,0.0,3.1623289585113525,0.09472755342721939,0.04463566467165947,2.864644765853882,-0.07403481751680374
454.6860046386719,0.0,0.0,0.0,3.2645297050476074,0.13163796067237854,-0.030660031363368034,3.0131402015686035,-0.05620642751455307
526.6380004882812,0.0,0.0,0.0,1.7808810472488403,0.197442889213562,-0.06862259656190872,1.5092376470565796,-0.08453391492366791
715.0380249023438,0.0,0.0,0.0,3.062490940093994,-0.6804207563400269,0.3432084918022156,3.2921066284179688,0.4383014738559723
901.3419799804688,0.0,0.0,0.0,1.8324493169784546,-0.7196572422981262,0.6983649730682373,2.1306090354919434,0.6928166747093201
329.3500061035156,0.0,0.0,0.0,4.1422648429870605,0.16353152692317963,0.02598508633673191,4.040315628051758,-0.0013715209206566215
512.5700073242188,0.0,0.0,0.0,2.979788064956665,-0.5589799880981445,0.3246537446975708,3.588326930999756,0.2795499861240387
668.1300048828125,0.0,0.0,0.0,0.6730100512504578,-0.009620290249586105,0.07576636224985123,1.1529090404510498,0.15014967322349548
144.2740020751953,0.0,0.0,0.0,3.3676135540008545,0.11616477370262146,-0.0040616681799292564,3.796653985977173,0.004571764729917049
289.8739929199219,0.0,0.0,0.0,2.581833600997925,-0.718551754951477,0.5868569612503052,3.1246426105499268,0.6650605201721191
229.1739959716797,0.0,0.0,0.0,1.8438526391983032,0.30018332600593567,-0.3935486376285553,1.7667527198791504,-0.3900848925113678
870.5020141601562,0.0,0.0,0.0,3.7608914375305176,0.7683671116828918,-0.3119135797023773,4.2305521965026855,-0.3258041441440582
412.6419982910156,0.0,0.0,0.0,2.797001838684082,0.5028138756752014,-0.35052797198295593,3.0478763580322266,-0.3728017508983612
834.197998046875,0.0,0.0,0.0,3.739077568054199,0.7186240553855896,-0.4823615849018097,3.1070358753204346,-0.5066441893577576
637.2739868164062,0.0,0.0,0.0,2.9134864807128906,-0.1614599972963333,0.07242973893880844,2.554196834564209,0.027300434187054634
546.6019897460938,0.0,0.0,0.0,3.057069778442383,-0.3449634909629822,0.14688727259635925,3.1167776584625244,0.1728988140821457
896.0260009765625,0.0,0.0,0.0,2.5927231311798096,-0.5503619909286499,0.5040141344070435,3.0275800228118896,0.4810376465320587
297.9779968261719,0.0,0.0,0.0,1.9465715885162354,0.4145354926586151,-0.48101606965065,2.2248618602752686,-0.5418360829353333
724.6380004882812,0.0,0.0,0.0,3.113621950149536,0.08197256177663803,-0.037894509732723236,2.7878966331481934,0.03776412457227707
211.197998046875,0.0,0.0,0.0,3.9252822399139404,0.6523558497428894,-0.2110913097858429,4.455286979675293,-0.19069038331508636
852.6740112304688,0.0,0.0,0.0,2.785520315170288,-0.2436784952878952,0.20798444747924805,3.078418254852295,0.21889880299568176
621.9140014648438,0.0,0.0,0.0,2.028244733810425,0.10074718296527863,-0.07172466814517975,2.194680690765381,-0.15539875626564026
788.1300048828125,0.0,0.0,0.0,3.705944299697876,0.6357606649398804,-0.32749778032302856,4.155287742614746,-0.3854275047779083
174.21400451660156,0.0,0.0,0.0,2.553171396255493,-0.3884572386741638,0.3700639009475708,3.0166893005371094,0.41750505566596985
933.1380004882812,0.0,0.0,0.0,3.270554780960083,0.5441340208053589,-0.2381872832775116,3.322509527206421,-0.12502296268939972
974.47802734375,0.0,0.0,0.0,3.4983813762664795,0.583873450756073,-0.20938342809677124,3.2490923404693604,-0.3641938269138336
449.04998779296875,0.0,0.0,0.0,3.92169189453125,0.3029460608959198,-0.05960741639137268,4.255175590515137,-0.12216126918792725
382.77801513671875,0.0,0.0,0.0,2.7360730171203613,-0.48245665431022644,0.33395808935165405,2.786323308944702,0.3440719544887543
959.75,0.0,0.0,0.0,3.7490251064300537,0.48915985226631165,-0.15398231148719788,4.484616756439209,-0.21290256083011627
584.1259765625,0.0,0.0,0.0,4.424645900726318,-0.2029167264699936,0.21577788889408112,4.212807655334473,0.3347276449203491
517.7780151367188,0.0,0.0,0.0,4.615096092224121,-0.3051438331604004,0.0038222225848585367,4.54595947265625,0.028341548517346382
847.7420043945312,0.0,0.0,0.0,3.8644025325775146,0.48798003792762756,-0.3085130751132965,3.650287628173828,-0.3123069703578949
460.07000732421875,0.0,0.0,0.0,3.2860448360443115,-0.12737545371055603,0.02577759511768818,3.5397589206695557,-0.007991517893970013
405.3139953613281,0.0,0.0,0.0,2.094775676727295,0.06384946405887604,-0.007913265377283096,1.8778713941574097,-0.011541152372956276
213.04200744628906,0.0,0.0,0.0,4.013713836669922,0.38950496912002563,-0.09425412118434906,3.923180103302002,-0.004112004768103361
654.8460083007812,0.0,0.0,0.0,2.0688068866729736,-0.47736984491348267,0.5744495987892151,2.294416904449463,0.5345472097396851
753.9340209960938,0.0,0.0,0.0,1.558065414428711,0.10794413089752197,-0.2507364749908447,1.7420806884765625,-0.27165353298187256
338.75799560546875,0.0,0.0,0.0,2.269109010696411,0.2407170981168747,-0.16764004528522491,2.1216742992401123,-0.14686709642410278
405.53399658203125,0.0,0.0,0.0,1.9510027170181274,0.07668069750070572,-0.10444293171167374,1.8369146585464478,-0.1174016147851944
913.7459716796875,0.0,0.0,0.0,4.657639980316162,-0.1710798442363739,0.06661728769540787,4.907495021820068,0.04659697785973549
314.1860046386719,0.0,0.0,0.0,2.025606155395508,0.0031325421296060085,0.007581136655062437,1.9898310899734497,0.026488279923796654
765.6019897460938,0.0,0.0,0.0,2.6319570541381836,0.3411891460418701,-0.19424229860305786,2.6977972984313965,-0.22409220039844513
825.1099853515625,0.0,0.0,0.0,2.546774387359619,0.42872652411460876,-0.4687659740447998,2.3802218437194824,-0.4572991728782654
906.7459716796875,0.0,0.0,0.0,2.217165231704712,0.29777348041534424,-0.3349548876285553,2.3238446712493896,-0.35921576619148254
832.3499755859375,0.0,0.0,0.0,4.288430690765381,0.14163655042648315,-0.0246723722666502,4.510759353637695,-0.06073283031582832
333.802001953125,0.0,0.0,0.0,1.9272335767745972,0.12486864626407623,-0.29329827427864075,1.9459823369979858,-0.28583765029907227
847.5460205078125,0.0,0.0,0.0,4.083070755004883,0.3670426309108734,-0.32844555377960205,3.644545793533325,-0.3516707122325897
1034.342041015625,0.0,0.0,0.0,3.5085954666137695,0.6614762544631958,-0.31143027544021606,4.065225601196289,-0.35983988642692566
565.3380126953125,0.0,0.0,0.0,4.700931072235107,0.1180456131696701,-0.05722985416650772,5.1647748947143555,0.016404902562499046
408.74200439453125,0.0,0.0,0.0,2.0135133266448975,0.1686713546514511,-0.09489835798740387,2.316270589828491,-0.10139422863721848
274.1059875488281,0.0,0.0,0.0,2.992455244064331,0.06151670590043068,-0.018302779644727707,2.8182804584503174,0.023097775876522064
421.04998779296875,0.0,0.0,0.0,3.2902164459228516,0.5039387345314026,-0.324998676776886,3.6070356369018555,-0.3683997690677643
738.2139892578125,0.0,0.0,0.0,3.2678327560424805,-0.53436678647995,0.27580729126930237,3.7472050189971924,0.2504728138446808
224.3419952392578,0.0,0.0,0.0,3.323249101638794,0.12823519110679626,-0.04370094835758209,3.0740084648132324,-0.0445173904299736
229.8459930419922,0.0,0.0,0.0,1.7494492530822754,0.2991183400154114,-0.4704090356826782,1.7697103023529053,-0.48052775859832764
550.6539916992188,0.0,0.0,0.0,3.2546188831329346,0.3813355565071106,-0.203448086977005,3.603257656097412,-0.17004746198654175
940.1420288085938,0.0,0.0,0.0,1.7932226657867432,-0.2980007231235504,0.4710608720779419,2.0523765087127686,0.5346577167510986
352.2820129394531,0.0,0.0,0.0,2.4881839752197266,0.21826499700546265,-0.10997077822685242,2.567051410675049,-0.08829332888126373
752.4219970703125,0.0,0.0,0.0,1.5467113256454468,0.1746629923582077,-0.3688979744911194,1.5049638748168945,-0.2991607189178467
184.5780029296875,0.0,0.0,0.0,4.110352039337158,-0.5743473768234253,0.21351005136966705,4.459724426269531,0.21430771052837372
745.8779907226562,0.0,0.0,0.0,4.3030290603637695,-0.4229455590248108,0.11240585893392563,4.250247955322266,0.2017439305782318
742.25,0.0,0.0,0.0,4.209432601928711,-0.784440815448761,0.18304958939552307,4.730681896209717,0.21477214992046356
332.58599853515625,0.0,0.0,0.0,2.306976318359375,-0.0158966276794672,-0.033736974000930786,2.1673359870910645,0.017650172114372253
525.7059936523438,0.0,0.0,0.0,2.563781499862671,0.31261736154556274,-0.11140287667512894,2.123676300048828,-0.09476623684167862
276.95001220703125,0.0,0.0,0.0,2.4578745365142822,-0.3756033182144165,0.3964841961860657,2.7136900424957275,0.36020150780677795
552.0499877929688,0.0,0.0,0.0,2.741506814956665,0.42791497707366943,-0.5124614238739014,2.4216458797454834,-0.47828951478004456
938.8099975585938,0.0,0.0,0.0,1.4752460718154907,-0.18828915059566498,0.363766074180603,1.5212000608444214,0.35099002718925476
981.2940063476562,0.0,0.0,0.0,3.6368045806884766,0.5092401504516602,-0.24718669056892395,3.354163646697998,-0.3777773082256317
252.64199829101562,0.0,0.0,0.0,4.005927562713623,-0.8654611706733704,0.2975448966026306,4.543603420257568,0.24904096126556396
501.64599609375,0.0,0.0,0.0,1.7112985849380493,-0.250493586063385,0.4739311933517456,1.9528752565383911,0.5060025453567505
418.7139892578125,0.0,0.0,0.0,3.4145092964172363,0.38793572783470154,-0.16186240315437317,3.429067611694336,-0.09006046503782272
400.1099853515625,0.0,0.0,0.0,3.6848955154418945,0.8242820501327515,-0.32438817620277405,3.8562653064727783,-0.18642400205135345
206.54600524902344,0.0,0.0,0.0,1.7664145231246948,0.3904682993888855,-0.5856820940971375,1.7669498920440674,-0.503693163394928
999.8499755859375,0.0,0.0,0.0,2.2795629501342773,-0.5220791101455688,0.6026834845542908,2.4554879665374756,0.7018398642539978
858.9860229492188,0.0,0.0,0.0,2.584062337875366,-0.5614420175552368,0.5125879049301147,3.2563297748565674,0.5627158880233765
245.08200073242188,0.0,0.0,0.0,2.53971791267395,-0.6121223568916321,0.5538472533226013,2.7931220531463623,0.6039336919784546
407.51800537109375,0.0,0.0,0.0,1.854512333869934,0.1207481101155281,-0.0521497018635273,1.8930374383926392,-0.07833649963140488
181.86599731445312,0.0,0.0,0.0,2.551206350326538,-0.4489355683326721,0.48595359921455383,3.0031046867370605,0.4932466447353363
744.4180297851562,0.0,0.0,0.0,4.69951868057251,-0.13671179115772247,-0.11285855621099472,4.985372066497803,0.06206341087818146
421.84600830078125,0.0,0.0,0.0,3.5128026008605957,0.6757991909980774,-0.42150330543518066,4.089750289916992,-0.4099600613117218
332.1180114746094,0.0,0.0,0.0,2.687410593032837,-0.0591757632791996,0.02208869345486164,2.2619099617004395,0.002164090285077691
944.6259765625,0.0,0.0,0.0,3.6771559715270996,-0.8706700801849365,0.38000357151031494,4.4499053955078125,0.3641451299190521
605.72998046875,0.0,0.0,0.0,3.6308302879333496,-0.8705847263336182,0.3797025978565216,4.301697731018066,0.3424319624900818
721.8820190429688,0.0,0.0,0.0,4.212874412536621,0.14713817834854126,-0.03629252314567566,4.14055871963501,0.02715892344713211
997.9099731445312,0.0,0.0,0.0,2.307429075241089,0.04588140919804573,0.14707635343074799,2.3489489555358887,0.1516745537519455
455.9540100097656,0.0,0.0,0.0,2.4215848445892334,-0.002321713138371706,-0.021272221580147743,2.358032464981079,0.020634161308407784
749.3419799804688,0.0,0.0,0.0,3.052604913711548,0.22512365877628326,-0.2191621959209442,2.8362154960632324,-0.13611620664596558
552.2620239257812,0.0,0.0,0.0,2.5607829093933105,0.45676398277282715,-0.5313281416893005,2.461405038833618,-0.5201151371002197
764.7420043945312,0.0,0.0,0.0,2.71152925491333,0.43807321786880493,-0.2256147563457489,2.7410078048706055,-0.252646803855896
1007.0180053710938,0.0,0.0,0.0,3.972886562347412,-0.6581487655639648,0.1469218134880066,4.313486099243164,0.19249996542930603
850.3460083007812,0.0,0.0,0.0,2.0652079582214355,0.24268069863319397,-0.20248998701572418,2.0367414951324463,-0.2253081351518631
448.5220031738281,0.0,0.0,0.0,3.8238916397094727,0.3214626908302307,-0.07724358886480331,4.056754112243652,-0.10076989233493805
142.24600219726562,0.0,0.0,0.0,2.6039698123931885,0.11893319338560104,-0.1165136769413948,2.644652843475342,-0.02933564782142639
726.2020263671875,0.0,0.0,0.0,2.3753654956817627,0.039145369082689285,0.09125617146492004,2.3396801948547363,0.10774144530296326
182.5260009765625,0.0,0.0,0.0,3.023695945739746,-0.6180292963981628,0.4455196261405945,3.437685489654541,0.38606998324394226
977.9099731445312,0.0,0.0,0.0,2.6223552227020264,0.6034542918205261,-0.4511364698410034,3.273383855819702,-0.45967230200767517
484.2019958496094,0.0,0.0,0.0,3.081239700317383,0.7863893508911133,-0.35858848690986633,3.9183895587921143,-0.3475409150123596
970.030029296875,0.0,0.0,0.0,2.684039831161499,0.46572503447532654,-0.2588655948638916,2.8617684841156006,-0.2932230234146118
458.8179931640625,0.0,0.0,0.0,2.7578670978546143,-0.0990653783082962,0.07195201516151428,3.173455238342285,0.09012123197317123
183.6820068359375,0.0,0.0,0.0,3.7522788047790527,-0.6664398908615112,0.23734310269355774,4.174925327301025,0.2616274356842041
846.9860229492188,0.0,0.0,0.0,4.35089111328125,0.28930428624153137,-0.052324872463941574,4.450708389282227,-0.0721612200140953
511.9179992675781,0.0,0.0,0.0,2.7656593322753906,-0.6095094680786133,0.33208367228507996,3.057507038116455,0.36667779088020325
994.9099731445312,0.0,0.0,0.0,3.87320613861084,0.41801753640174866,-0.15081927180290222,3.7867836952209473,-0.05948580056428909
784.6300048828125,0.0,0.0,0.0,3.100670099258423,0.44336801767349243,-0.27330633997917175,3.2968404293060303,-0.23645606637001038
788.3660278320312,0.0,0.0,0.0,3.7916815280914307,0.6921167969703674,-0.32600533962249756,4.042552471160889,-0.34015142917633057
498.6419982910156,0.0,0.0,0.0,2.553891658782959,-0.31857502460479736,0.23982594907283783,2.877673864364624,0.20430512726306915
430.2380065917969,0.0,0.0,0.0,2.2270586490631104,-0.11532893776893616,0.03814319521188736,2.1804041862487793,0.04112698510289192
474.2900085449219,0.0,0.0,0.0,2.9838035106658936,-0.1400517225265503,-0.03419620916247368,2.967327117919922,-0.02303420379757881
369.01800537109375,0.0,0.0,0.0,4.124507904052734,-0.6304765939712524,0.12395752221345901,4.58835506439209,0.18239754438400269
1030.8780517578125,0.0,0.0,0.0,1.9159557819366455,0.4744543433189392,-0.6919035315513611,2.0274360179901123,-0.5474824905395508
745.5380249023438,0.0,0.0,0.0,4.388145923614502,-0.3913860321044922,0.12388100475072861,4.099027156829834,0.13189920783042908
532.4459838867188,0.0,0.0,0.0,2.039013385772705,0.4213770031929016,-0.42673787474632263,2.317121744155884,-0.4235946238040924
916.4299926757812,0.0,0.0,0.0,4.324044704437256,0.04604019597172737,-0.030478620901703835,3.8620080947875977,0.04321084916591644
1034.0179443359375,0.0,0.0,0.0,3.3066585063934326,0.7000875473022461,-0.3258633315563202,4.008120536804199,-0.2902476489543915
238.68600463867188,0.0,0.0,0.0,3.412966251373291,-0.35898324847221375,0.09709937870502472,3.3017945289611816,0.07986295223236084
444.093994140625,0.0,0.0,0.0,2.0357987880706787,0.3128834068775177,-0.3503950536251068,2.3158602714538574,-0.392358660697937
630.4019775390625,0.0,0.0,0.0,4.089946269989014,0.7726544737815857,-0.2512531876564026,4.526571273803711,-0.24217261373996735
331.1340026855469,0.0,0.0,0.0,3.371429681777954,-0.03008631430566311,-0.017328815534710884,2.9801840782165527,-0.007385472767055035
627.9860229492188,0.0,0.0,0.0,3.5498316287994385,0.8042272925376892,-0.40577083826065063,4.067727565765381,-0.3446268141269684
845.0780029296875,0.0,0.0,0.0,3.928438186645508,0.6032534241676331,-0.20018842816352844,4.390427112579346,-0.20480389893054962
504.7300109863281,0.0,0.0,0.0,3.1629793643951416,-0.5014625191688538,0.25440993905067444,3.54538631439209,0.3283008933067322
372.6059875488281,0.0,0.0,0.0,3.7569243907928467,-0.028800450265407562,-0.021893415600061417,3.295710563659668,-0.016292734071612358
394.302001953125,0.0,0.0,0.0,2.8295061588287354,0.12907995283603668,-0.17083844542503357,2.618562936782837,-0.20077602565288544
470.20599365234375,0.0,0.0,0.0,3.526811361312866,-1.076917290687561,0.5025210976600647,4.074889183044434,0.5015144348144531
627.8460083007812,0.0,0.0,0.0,3.466991662979126,0.7758556604385376,-0.403109073638916,4.1407341957092285,-0.4382050037384033
933.6820068359375,0.0,0.0,0.0,3.276563882827759,0.4304884672164917,-0.11790782958269119,3.3701610565185547,-0.1025409922003746
865.7420043945312,0.0,0.0,0.0,4.003086090087891,-0.8576012253761292,0.2610016465187073,4.4738078117370605,0.2164677530527115
829.0460205078125,0.0,0.0,0.0,3.180729389190674,0.3924824893474579,-0.21993686258792877,3.4315571784973145,-0.23697231709957123
333.0299987792969,0.0,0.0,0.0,2.212423801422119,-0.033361081033945084,-0.0059131779707968235,1.8948311805725098,-0.0721796378493309
737.0180053710938,0.0,0.0,0.0,3.1536223888397217,-0.4319726824760437,0.18801134824752808,3.3784384727478027,0.23566290736198425
893.4819946289062,0.0,0.0,0.0,1.6131950616836548,-0.27902600169181824,0.47695380449295044,1.842360496520996,0.5193857550621033
758.677978515625,0.0,0.0,0.0,2.3407373428344727,0.06973537802696228,-0.08236341923475266,2.5723555088043213,-0.03924413397908211
716.2860107421875,0.0,0.0,0.0,3.116642475128174,-0.5138274431228638,0.269839346408844,3.2750561237335205,0.1873490810394287
806.8060302734375,0.0,0.0,0.0,3.501291513442993,0.7432204484939575,-0.34186962246894836,4.031402587890625,-0.45038482546806335
1028.7099609375,0.0,0.0,0.0,2.143932819366455,0.8315427303314209,-0.7136357426643372,2.2399749755859375,-0.6452649235725403
330.8819885253906,0.0,0.0,0.0,3.5058488845825195,-0.012213069945573807,0.03201780468225479,3.370539426803589,-0.006518780719488859
395.3739929199219,0.0,0.0,0.0,2.0252788066864014,0.31276923418045044,-0.5294592380523682,1.8452025651931763,-0.43549084663391113
288.4179992675781,0.0,0.0,0.0,2.9186248779296875,-0.9468786120414734,0.7343388795852661,2.7409987449645996,0.6880710124969482
219.71800231933594,0.0,0.0,0.0,2.9541566371917725,0.6314464807510376,-0.41352930665016174,3.5082433223724365,-0.3759807348251343
406.24200439453125,0.0,0.0,0.0,1.7185745239257812,0.13971053063869476,-0.12505388259887695,1.7480111122131348,-0.09133291244506836
239.35800170898438,0.0,0.0,0.0,3.296269178390503,-0.28188154101371765,0.12993964552879333,3.0590615272521973,0.028796503320336342
497.6499938964844,0.0,0.0,0.0,2.613168239593506,-0.35318273305892944,0.28380244970321655,2.9757115840911865,0.3198850154876709
204.73800659179688,0.0,0.0,0.0,3.5368425846099854,0.16161945462226868,-0.17053893208503723,2.6357290744781494,-0.24353951215744019
661.7260131835938,0.0,0.0,0.0,2.489104986190796,-0.42760229110717773,0.44247302412986755,2.9758198261260986,0.4212668836116791
588.4140014648438,0.0,0.0,0.0,1.7944698333740234,-0.44715407490730286,0.5848756432533264,2.041872024536133,0.6438031196594238
704.6019897460938,0.0,0.0,0.0,2.041919469833374,0.46225547790527344,-0.5526323318481445,2.026007652282715,-0.5555892586708069
982.030029296875,0.0,0.0,0.0,2.9279770851135254,0.781642735004425,-0.6329922676086426,2.681102991104126,-0.6127561330795288
136.41000366210938,0.0,0.0,0.0,-0.0016317472327500582,0.0004973825416527689,0.0005520868580788374,0.7790616154670715,-0.015306495130062103
443.6499938964844,0.0,0.0,0.0,1.9318947792053223,0.30477097630500793,-0.37496238946914673,2.1741104125976562,-0.39815956354141235
313.7139892578125,0.0,0.0,0.0,2.191854476928711,0.01996658183634281,0.007940561510622501,1.9886454343795776,-0.021709101274609566
465.0419921875,0.0,0.0,0.0,2.687047004699707,-0.582353949546814,0.4159693717956543,3.3017611503601074,0.4317699372768402
157.1540069580078,0.0,0.0,0.0,2.308560371398926,0.6800019145011902,-0.6123301386833191,2.687592029571533,-0.6232458353042603
565.6380004882812,0.0,0.0,0.0,4.738517761230469,0.024952713400125504,-0.025501569733023643,4.847764015197754,0.04303114488720894
912.8099975585938,0.0,0.0,0.0,4.555352687835693,-0.003940438386052847,0.03433886915445328,5.023504257202148,0.016210434958338737
152.7779998779297,0.0,0.0,0.0,3.503598928451538,0.6380630731582642,-0.29577088356018066,4.082469940185547,-0.286545068025589
834.2979736328125,0.0,0.0,0.0,3.6049587726593018,0.7888460755348206,-0.5703661441802979,3.6948859691619873,-0.5644229650497437
948.5339965820312,0.0,0.0,0.0,4.4286394119262695,-0.511920690536499,0.1425507515668869,4.90120792388916,0.06998595595359802
720.614013671875,0.0,0.0,0.0,4.001292705535889,0.30922046303749084,-0.09578968584537506,4.303093433380127,-0.11083581298589706
316.42999267578125,0.0,0.0,0.0,1.4128379821777344,0.12902644276618958,-0.2733217775821686,1.436375617980957,-0.26532047986984253
555.6019897460938,0.0,0.0,0.0,1.8571674823760986,0.48996827006340027,-0.6151471734046936,1.7650716304779053,-0.5731064677238464
426.2179870605469,0.0,0.0,0.0,4.304172515869141,0.5517489910125732,-0.15351323783397675,4.221235752105713,-0.012998310849070549
497.75,0.0,0.0,0.0,2.6420867443084717,-0.36762839555740356,0.2854559123516083,2.7449440956115723,0.1942356824874878
226.08599853515625,0.0,0.0,0.0,1.7022817134857178,0.1211143359541893,-0.2828547954559326,1.461463212966919,-0.20521517097949982
393.84600830078125,0.0,0.0,0.0,3.172647714614868,0.16869476437568665,-0.044462352991104126,3.055331230163574,-0.0483076386153698
503.58599853515625,0.0,0.0,0.0,2.5293915271759033,-0.4037209451198578,0.3805466592311859,2.905399799346924,0.4324542284011841
160.79800415039062,0.0,0.0,0.0,1.7207425832748413,0.3942837715148926,-0.5590177178382874,1.747205138206482,-0.5911663770675659
371.14599609375,0.0,0.0,0.0,4.367344379425049,-0.2798398733139038,-0.0024208449758589268,4.141684532165527,0.03314173221588135
496.8219909667969,0.0,0.0,0.0,2.4945034980773926,-0.3774859607219696,0.31711119413375854,2.7001211643218994,0.3248691260814667
725.5659790039062,0.0,0.0,0.0,2.5639877319335938,0.12239832431077957,0.012746754102408886,2.231448173522949,-0.060599856078624725
274.6260070800781,0.0,0.0,0.0,2.8313188552856445,0.06239228695631027,-0.0940520316362381,2.5768613815307617,-0.029312798753380775
196.21800231933594,0.0,0.0,0.0,4.176784515380859,-0.5672750473022461,0.15723781287670135,4.45314884185791,0.040065161883831024
156.00599670410156,0.0,0.0,0.0,2.5645079612731934,0.7109584808349609,-0.6238744854927063,2.2441017627716064,-0.5557922124862671
338.5459899902344,0.0,0.0,0.0,2.276446580886841,0.24911834299564362,-0.190468430519104,2.332341432571411,-0.15089282393455505
894.7420043945312,0.0,0.0,0.0,1.9581068754196167,-0.37526825070381165,0.5470230579376221,2.162698268890381,0.5171079039573669
611.885986328125,0.0,0.0,0.0,4.732728481292725,0.08501371741294861,-0.009584307670593262,4.933310031890869,-0.005412887316197157
1026.8699951171875,0.0,0.0,0.0,4.115846633911133,0.7593216300010681,-0.3062380254268646,4.396768093109131,-0.2933134138584137
274.87799072265625,0.0,0.0,0.0,2.6302027702331543,0.06670141965150833,-0.019009018316864967,2.254603147506714,0.04767708107829094
680.1259765625,0.0,0.0,0.0,2.1274638175964355,-0.5609396696090698,0.6796887516975403,2.5838277339935303,0.6351179480552673
746.4660034179688,0.0,0.0,0.0,4.134616851806641,-0.44459396600723267,0.08804960548877716,4.2403717041015625,0.051557064056396484
359.6780090332031,0.0,0.0,0.0,3.597252607345581,0.16160398721694946,-0.03650187700986862,3.077118396759033,-0.10500700026750565
320.0899963378906,0.0,0.0,0.0,1.9584845304489136,0.2557280361652374,-0.3370622396469116,2.029850482940674,-0.35296666622161865
544.9940185546875,0.0,0.0,0.0,3.4612910747528076,-0.7991828918457031,0.35788699984550476,3.5080878734588623,0.3752419352531433
689.469970703125,0.0,0.0,0.0,3.3880553245544434,-0.7324197292327881,0.34665051102638245,3.9226834774017334,0.3760598301887512
877.97802734375,0.0,0.0,0.0,1.4603583812713623,0.18163494765758514,-0.4231709837913513,1.5410016775131226,-0.3537427484989166
205.13800048828125,0.0,0.0,0.0,2.7912557125091553,0.3553923964500427,-0.466636061668396,2.257702350616455,-0.4969530403614044
416.01800537109375,0.0,0.0,0.0,3.615628242492676,0.8311883807182312,-0.2996760606765747,4.175541877746582,-0.33594223856925964
320.9580078125,0.0,0.0,0.0,1.6260547637939453,0.2777232825756073,-0.49794551730155945,1.6207609176635742,-0.47643324732780457
177.2220001220703,0.0,0.0,0.0,3.216400384902954,-0.3927493989467621,0.18175359070301056,3.2672979831695557,0.11507788300514221
979.0419921875,0.0,0.0,0.0,3.287898302078247,0.6474905610084534,-0.3564131557941437,3.907411813735962,-0.3373030424118042
538.9180297851562,0.0,0.0,0.0,4.547238826751709,0.5552377700805664,-0.15690593421459198,4.826564311981201,-0.08021759986877441
533.2899780273438,0.0,0.0,0.0,2.263390064239502,0.46764200925827026,-0.4465676248073578,2.4696996212005615,-0.43232181668281555
417.32598876953125,0.0,0.0,0.0,3.834635019302368,0.6571444272994995,-0.17697405815124512,4.1870903968811035,-0.16731932759284973
648.9819946289062,0.0,0.0,0.0,2.1348164081573486,0.0513894222676754,-0.11447606980800629,2.6173384189605713,-0.10327669978141785
598.25,0.0,0.0,0.0,4.50587272644043,-0.3898926079273224,0.10633248090744019,4.671135902404785,0.1313023716211319
1030.1619873046875,0.0,0.0,0.0,2.052133321762085,0.4677339792251587,-0.507470428943634,1.818453311920166,-0.42705368995666504
303.14599609375,0.0,0.0,0.0,1.8659666776657104,-0.04284999519586563,0.22043603658676147,1.9102202653884888,0.18710243701934814
858.614013671875,0.0,0.0,0.0,2.348860025405884,-0.5061429142951965,0.5329908728599548,2.877622365951538,0.5639089941978455
315.1780090332031,0.0,0.0,0.0,1.6447674036026,0.01016993634402752,0.007993465289473534,1.5567251443862915,0.004850867670029402
612.5460205078125,0.0,0.0,0.0,4.75407600402832,0.08533396571874619,0.007388091646134853,4.827868461608887,-0.01502510067075491
247.24200439453125,0.0,0.0,0.0,3.4190635681152344,-0.7723057270050049,0.3880869150161743,4.129880905151367,0.34253063797950745
741.3060302734375,0.0,0.0,0.0,4.002992630004883,-0.8532004356384277,0.23184047639369965,4.4232587814331055,0.19838625192642212
634.6259765625,0.0,0.0,0.0,4.261343002319336,0.5112065076828003,-0.2306666076183319,4.335320472717285,-0.1859941929578781
235.69000244140625,0.0,0.0,0.0,2.6258246898651123,-0.3969871699810028,0.3357522189617157,3.0654454231262207,0.35871899127960205
871.4819946289062,0.0,0.0,0.0,4.01225471496582,0.6791996955871582,-0.19441261887550354,4.481296062469482,-0.19765402376651764
471.802001953125,0.0,0.0,0.0,3.8052866458892822,-0.7881491184234619,0.2861418128013611,4.011870861053467,0.15265749394893646
817.9819946289062,0.0,0.0,0.0,2.943678617477417,-0.2339293360710144,0.15232521295547485,3.433988094329834,0.13865156471729279
445.37799072265625,0.0,0.0,0.0,2.5969889163970947,0.45615434646606445,-0.3474562466144562,2.7303314208984375,-0.2585601806640625
358.2019958496094,0.0,0.0,0.0,3.8634114265441895,0.4178647994995117,-0.09581771492958069,4.106413841247559,-0.08279872685670853
1029.833984375,0.0,0.0,0.0,2.003817081451416,0.4717484414577484,-0.4555847942829132,2.23466420173645,-0.5648364424705505
717.6380004882812,0.0,0.0,0.0,3.2348005771636963,0.004120531026273966,-0.1883966326713562,3.219252824783325,-0.17551854252815247
894.614013671875,0.0,0.0,0.0,1.9041894674301147,-0.3467935025691986,0.5384204983711243,2.2462525367736816,0.5677652955055237
988.3460083007812,0.0,0.0,0.0,2.929131031036377,-0.2494950145483017,0.20106138288974762,2.8734142780303955,0.16804879903793335
356.010009765625,0.0,0.0,0.0,3.073176860809326,0.5125463008880615,-0.35917332768440247,3.7208986282348633,-0.3799858093261719
591.6099853515625,0.0,0.0,0.0,2.9298946857452393,0.1369735151529312,-0.30488884449005127,3.0020639896392822,-0.2639097571372986
252.38600158691406,0.0,0.0,0.0,3.909339189529419,-0.9348452687263489,0.3114542067050934,4.700532913208008,0.3410980701446533
223.7779998779297,0.0,0.0,0.0,3.6526668071746826,0.18910586833953857,-0.08184530586004257,3.4470484256744385,-0.029772978276014328
331.7860107421875,0.0,0.0,0.0,2.9269702434539795,-0.04349415749311447,0.024211224168539047,2.540733814239502,0.03624311089515686
814.0499877929688,0.0,0.0,0.0,3.001863956451416,-0.515216052532196,0.2869020700454712,2.551004648208618,0.26782408356666565
977.2659912109375,0.0,0.0,0.0,2.4676761627197266,0.7246536612510681,-0.5892782211303711,2.634087085723877,-0.49442368745803833
933.4420166015625,0.0,0.0,0.0,3.2697737216949463,0.47478243708610535,-0.06650151312351227,3.201638698577881,-0.15140490233898163
999.718017578125,0.0,0.0,0.0,2.341214656829834,-0.492387056350708,0.5481778383255005,2.2067110538482666,0.5830078721046448
169.64199829101562,0.0,0.0,0.0,2.1129555702209473,0.6128020882606506,-0.643944263458252,2.0312132835388184,-0.5705224275588989
231.02200317382812,0.0,0.0,0.0,1.6012126207351685,0.30398324131965637,-0.46175864338874817,1.6844803094863892,-0.5489978194236755
267.6419982910156,0.0,0.0,0.0,1.5987424850463867,-0.28580906987190247,0.5019367337226868,1.9144062995910645,0.4623766243457794
682.218017578125,0.0,0.0,0.0,-0.06368937343358994,-0.009208700619637966,0.000706546357832849,0.0,0.0
390.1579895019531,0.0,0.0,0.0,2.974529266357422,-0.08633185923099518,-0.058042969554662704,3.2061514854431152,0.009040036238729954
1019.0180053710938,0.0,0.0,0.0,3.778759002685547,-0.20095637440681458,0.03836343437433243,4.161252498626709,0.006421057041734457
611.469970703125,0.0,0.0,0.0,4.683845043182373,0.08593522012233734,0.0040397560223937035,4.766005992889404,0.051932983100414276
807.4140014648438,0.0,0.0,0.0,3.444215774536133,0.8105415105819702,-0.40538862347602844,4.002920627593994,-0.4386015236377716
1004.1740112304688,0.0,0.0,0.0,3.8230743408203125,-0.8537619709968567,0.3147697448730469,4.27649450302124,0.31500503420829773
962.3779907226562,0.0,0.0,0.0,4.432224750518799,0.15902362763881683,-0.08161213248968124,4.2301154136657715,-0.12082839012145996
241.2779998779297,0.0,0.0,0.0,2.3302841186523438,-0.06984132528305054,0.013192729093134403,2.1145379543304443,0.005927433259785175
387.1780090332031,0.0,0.0,0.0,3.27044415473938,-0.8801332712173462,0.4330431818962097,3.698840379714966,0.3515978753566742
134.19000244140625,0.0,0.0,0.0,-0.0007394572603516281,0.00045425345888361335,-0.00214158627204597,0.0,0.0
856.677978515625,0.0,0.0,0.0,1.7066650390625,-0.41714024543762207,0.5843659043312073,1.9892040491104126,0.6093787550926208
995.3619995117188,0.0,0.0,0.0,3.5940608978271484,0.37248674035072327,-0.101329006254673,3.192966938018799,-0.07106119394302368
792.3179931640625,0.0,0.0,0.0,3.9178826808929443,0.3327106237411499,-0.08154242485761642,3.689403772354126,-0.0326351635158062
863.2860107421875,0.0,0.0,0.0,3.927748918533325,-0.8085086345672607,0.4735488295555115,3.7129762172698975,0.46458372473716736
251.02200317382812,0.0,0.0,0.0,3.7424559593200684,-1.00438392162323,0.4874092936515808,4.163579940795898,0.5799559950828552
854.989990234375,0.0,0.0,0.0,3.1544511318206787,-0.40841421484947205,0.2868342399597168,2.4685232639312744,0.33602795004844666
538.1539916992188,0.0,0.0,0.0,4.420335292816162,0.6817241311073303,-0.21162885427474976,4.909989833831787,-0.18476974964141846
612.1380004882812,0.0,0.0,0.0,4.754847049713135,0.09809299558401108,-0.03358366712927818,5.014008045196533,0.004029536619782448
893.02197265625,0.0,0.0,0.0,1.6278902292251587,-0.29553553462028503,0.4977278709411621,1.6539201736450195,0.4700172543525696
757.1259765625,0.0,0.0,0.0,2.0874075889587402,0.07405734807252884,-0.10258948802947998,2.3566558361053467,-0.14129182696342468
152.00999450683594,0.0,0.0,0.0,3.1568613052368164,0.6397771239280701,-0.4108796715736389,3.6898305416107178,-0.37851545214653015
915.7739868164062,0.0,0.0,0.0,4.63488245010376,-0.10158596932888031,0.030680416151881218,4.4726948738098145,-0.017095841467380524
579.3179931640625,0.0,0.0,0.0,3.0526227951049805,0.7297078371047974,-0.43841251730918884,3.666447639465332,-0.4321368634700775
988.6820068359375,0.0,0.0,0.0,2.8795382976531982,-0.2556222081184387,0.1755673885345459,2.7151262760162354,0.1471402645111084
1032.634033203125,0.0,0.0,0.0,2.4756271839141846,0.5669955611228943,-0.4983151853084564,3.135610818862915,-0.5504706501960754
169.49400329589844,0.0,0.0,0.0,2.1249115467071533,0.5980300307273865,-0.7392575144767761,2.346210241317749,-0.6289701461791992
897.4219970703125,0.0,0.0,0.0,3.5576603412628174,-0.7790322303771973,0.3548087477684021,4.172450542449951,0.36910274624824524
505.6180114746094,0.0,0.0,0.0,3.4437384605407715,-0.39152660965919495,0.16094888746738434,3.953747272491455,0.1270407736301422
504.6260070800781,0.0,0.0,0.0,3.1043336391448975,-0.5190798044204712,0.23893654346466064,3.633809804916382,0.32344233989715576
359.885986328125,0.0,0.0,0.0,3.453078508377075,0.15652941167354584,-0.05953725054860115,3.2098548412323,-0.11898218095302582
558.469970703125,0.0,0.0,0.0,2.3022236824035645,0.6171770691871643,-0.6565948128700256,2.722917318344116,-0.7410920262336731
742.72998046875,0.0,0.0,0.0,4.328659534454346,-0.7331042289733887,0.19024044275283813,4.91361141204834,0.14794398844242096
736.3099975585938,0.0,0.0,0.0,3.0425310134887695,-0.4093486964702606,0.13735076785087585,3.1406588554382324,0.12612204253673553
582.3660278320312,0.0,0.0,0.0,4.460472583770752,0.06998726725578308,0.036710672080516815,5.022992134094238,0.07873617112636566
932.2659912109375,0.0,0.0,0.0,3.2873125076293945,0.7439048290252686,-0.36838197708129883,3.46824312210083,-0.4225451648235321
864.7459716796875,0.0,0.0,0.0,3.696559190750122,-1.0468088388442993,0.41925930976867676,4.272297382354736,0.4474336504936218
961.47802734375,0.0,0.0,0.0,4.256529331207275,0.3052929937839508,-0.08129696547985077,4.402790546417236,-0.07078830897808075
922.6060180664062,0.0,0.0,0.0,2.590852975845337,-0.45079755783081055,0.3320792317390442,2.514357805252075,0.36132559180259705
761.0139770507812,0.0,0.0,0.0,2.706376791000366,0.20851926505565643,-0.2672197222709656,2.8123116493225098,-0.3059927821159363
224.54600524902344,0.0,0.0,0.0,3.225956678390503,0.11500009149312973,-0.024092070758342743,2.799565315246582,-0.017054874449968338
867.8140258789062,0.0,0.0,0.0,3.6656410694122314,0.6110106110572815,-0.6149553656578064,3.1282994747161865,-0.5556744337081909
236.16600036621094,0.0,0.0,0.0,2.92971134185791,-0.466257780790329,0.3487577736377716,3.3186585903167725,0.3689430058002472
312.8139953613281,0.0,0.0,0.0,2.671326160430908,0.001095677725970745,-0.024210723116993904,2.3117330074310303,-0.037487857043743134
845.969970703125,0.0,0.0,0.0,4.242020130157471,0.49485182762145996,-0.10548239946365356,4.223818778991699,-0.14333857595920563
650.0819702148438,0.0,0.0,0.0,2.8994526863098145,0.15951253473758698,-0.12909287214279175,3.33544921875,-0.1324302852153778
997.8099975585938,0.0,0.0,0.0,2.3024187088012695,0.0633772760629654,0.12076406925916672,2.233186960220337,0.16243842244148254
378.0740051269531,0.0,0.0,0.0,3.8928356170654297,-0.10806798189878464,0.006393918301910162,3.80820894241333,0.06698120385408401
515.2659912109375,0.0,0.0,0.0,4.171263217926025,-0.34778743982315063,0.06898501515388489,4.508464336395264,0.07018479704856873
576.3179931640625,0.0,0.0,0.0,3.4696857929229736,0.5843287706375122,-0.5383725762367249,2.5713675022125244,-0.5463173985481262
222.35400390625,0.0,0.0,0.0,3.9314358234405518,0.45650893449783325,-0.19036996364593506,3.844792604446411,-0.12381258606910706
286.5419921875,0.0,0.0,0.0,4.449934482574463,-0.13586267828941345,0.026468569412827492,4.671543598175049,0.03591293841600418
209.7259979248047,0.0,0.0,0.0,3.1686017513275146,0.6615909934043884,-0.46091488003730774,3.853623867034912,-0.4452325403690338
353.70599365234375,0.0,0.0,0.0,2.136003255844116,0.302367627620697,-0.4091103971004486,2.247898817062378,-0.4134214222431183
324.7900085449219,0.0,0.0,0.0,2.8338217735290527,0.5347388386726379,-0.4113380014896393,3.314204692840576,-0.40323108434677124
654.1019897460938,0.0,0.0,0.0,1.992383360862732,-0.47017648816108704,0.513330340385437,2.0026662349700928,0.49661388993263245
411.74200439453125,0.0,0.0,0.0,2.6890804767608643,0.4071555435657501,-0.2085711658000946,2.8179924488067627,-0.2128904014825821
1004.7420043945312,0.0,0.0,0.0,3.857564926147461,-0.8400404453277588,0.23052029311656952,4.37669038772583,0.2510400414466858
895.8060302734375,0.0,0.0,0.0,2.4576683044433594,-0.5126940011978149,0.5157737731933594,2.9807822704315186,0.5871040225028992
591.0499877929688,0.0,0.0,0.0,2.770880699157715,-0.16106310486793518,-0.15953807532787323,2.850666046142578,-0.23442620038986206
334.34600830078125,0.0,0.0,0.0,1.9110523462295532,0.2096126824617386,-0.36490145325660706,2.079017400741577,-0.39242106676101685
862.97802734375,0.0,0.0,0.0,4.171038627624512,-0.5566235780715942,0.3479825258255005,3.713329315185547,0.5111538171768188
906.530029296875,0.0,0.0,0.0,2.134045124053955,0.27146053314208984,-0.3055710792541504,2.3895673751831055,-0.3480464518070221
711.4140014648438,0.0,0.0,0.0,3.3086931705474854,0.8566462397575378,-0.42940765619277954,4.191840171813965,-0.4097710847854614
273.4259948730469,0.0,0.0,0.0,3.25581431388855,0.11795894056558609,-0.05990812927484512,3.189286708831787,-0.03760506212711334
964.3419799804688,0.0,0.0,0.0,3.153714179992676,0.8638479113578796,-0.449472039937973,3.2996487617492676,-0.4147971272468567
973.677978515625,0.0,0.0,0.0,3.7424981594085693,0.5117618441581726,-0.15291492640972137,3.8178699016571045,-0.21364295482635498
320.6180114746094,0.0,0.0,0.0,1.7277647256851196,0.26530924439430237,-0.4510370194911957,1.639908790588379,-0.42523443698883057
935.4140014648438,0.0,0.0,0.0,2.5620555877685547,0.18945087492465973,-0.021875502541661263,2.3047797679901123,-0.017125092446804047
329.0140075683594,0.0,0.0,0.0,4.2368083000183105,0.24443890154361725,-0.017994148656725883,4.2200517654418945,-0.007862288504838943
344.1419982910156,0.0,0.0,0.0,2.8914284706115723,0.3947458863258362,-0.2407412976026535,3.1293370723724365,-0.17850185930728912
458.5820007324219,0.0,0.0,0.0,2.6312172412872314,-0.09153277426958084,0.02419169805943966,3.0111641883850098,0.06460593640804291
494.2139892578125,0.0,0.0,0.0,1.68305242061615,-0.24100980162620544,0.3489372432231903,1.8998392820358276,0.36087608337402344
949.3099975585938,0.0,0.0,0.0,4.627836227416992,-0.38601821660995483,0.10015042871236801,5.118709087371826,-0.027494005858898163
414.1860046386719,0.0,0.0,0.0,3.230199098587036,0.7804129123687744,-0.4136880934238434,3.946906566619873,-0.42937037348747253
131.64199829101562,0.0,0.0,0.0,-0.0021421643905341625,-1.601510120963212e-05,0.0020225185435265303,0.0,0.0
187.21400451660156,0.0,0.0,0.0,3.9022610187530518,-0.16097939014434814,-0.0027834896463900805,3.9131393432617188,0.04982328414916992
943.0659790039062,0.0,0.0,0.0,2.681044578552246,-0.8000180721282959,0.6187888383865356,3.2655327320098877,0.6278364062309265
943.8460083007812,0.0,0.0,0.0,3.1523091793060303,-0.8585479855537415,0.4286203682422638,3.9537696838378906,0.5790072679519653
720.5059814453125,0.0,0.0,0.0,3.9546871185302734,0.306820273399353,-0.18576937913894653,4.316305160522461,-0.1736021488904953
784.1699829101562,0.0,0.0,0.0,3.119755744934082,0.426541268825531,-0.25982865691185,3.007113218307495,-0.22409823536872864
905.7420043945312,0.0,0.0,0.0,1.9388527870178223,0.033756107091903687,-0.23504607379436493,2.148059844970703,-0.19585256278514862
619.8140258789062,0.0,0.0,0.0,1.7340902090072632,0.07236390560865402,-0.1326541304588318,1.7886874675750732,-0.07582131773233414
818.1019897460938,0.0,0.0,0.0,3.023216962814331,-0.2425743043422699,0.1404513269662857,3.580808639526367,0.1423313021659851
500.1059875488281,0.0,0.0,0.0,2.0184614658355713,-0.24337607622146606,0.3955995440483093,1.674107313156128,0.38536879420280457
297.77398681640625,0.0,0.0,0.0,1.8729989528656006,0.4092085659503937,-0.5070448517799377,2.1399083137512207,-0.5279935598373413
495.010009765625,0.0,0.0,0.0,1.9069002866744995,-0.3047136962413788,0.4082062542438507,2.257293462753296,0.419355183839798
260.0459899902344,0.0,0.0,0.0,4.001861572265625,0.01797778718173504,-0.03636839985847473,4.08923864364624,0.02767389453947544
195.01400756835938,0.0,0.0,0.0,3.6101744174957275,-0.6728726625442505,0.2814398407936096,4.21431303024292,0.25254735350608826
601.6060180664062,0.0,0.0,0.0,1.9629510641098022,-0.5491667985916138,0.6088153123855591,2.2742443084716797,0.6505109071731567
775.25,0.0,0.0,0.0,4.220002174377441,0.592269241809845,-0.15092340111732483,4.679089069366455,-0.060859519988298416
143.4219970703125,0.0,0.0,0.0,3.030012607574463,0.08012915402650833,-0.03524220362305641,3.5173232555389404,-0.06112631410360336
559.25,0.0,0.0,0.0,2.4820783138275146,0.7543787956237793,-0.6435158252716064,2.9049689769744873,-0.607604444026947
176.5260009765625,0.0,0.0,0.0,3.355882406234741,-0.49341535568237305,0.26138585805892944,3.351624011993408,0.19106034934520721
889.9180297851562,0.0,0.0,0.0,3.3821327686309814,-0.586669921875,0.29646122455596924,3.8731329441070557,0.30597013235092163
610.14599609375,0.0,0.0,0.0,4.704137802124023,-0.08805883675813675,-0.029449045658111572,4.801095485687256,-0.01613127440214157
731.9500122070312,0.0,0.0,0.0,4.15345573425293,-0.623505175113678,0.25626108050346375,3.9449262619018555,0.25201666355133057
908.9099731445312,0.0,0.0,0.0,3.2669312953948975,0.5620747804641724,-0.31981974840164185,3.9330246448516846,-0.34498581290245056
316.77398681640625,0.0,0.0,0.0,1.4352666139602661,0.1455327868461609,-0.30228370428085327,1.6946097612380981,-0.33964240550994873
814.8099975585938,0.0,0.0,0.0,2.458566427230835,-0.3949190676212311,0.14577874541282654,2.253023147583008,0.15404976904392242
952.4819946289062,0.0,0.0,0.0,4.6487932205200195,0.22850178182125092,-0.08484143018722534,4.838218688964844,-0.19569997489452362
624.4019775390625,0.0,0.0,0.0,2.676577091217041,0.1964460015296936,-0.14685039222240448,2.7891359329223633,-0.11881875991821289
1029.27001953125,0.0,0.0,0.0,1.9541393518447876,0.6003677248954773,-0.5524555444717407,2.1786916255950928,-0.7005981802940369
1009.43798828125,0.0,0.0,0.0,3.9435532093048096,-0.8189635872840881,0.31415116786956787,4.320637226104736,0.32945525646209717
443.1059875488281,0.0,0.0,0.0,1.7986795902252197,0.2518903315067291,-0.36975836753845215,1.7862074375152588,-0.37910476326942444
410.8500061035156,0.0,0.0,0.0,2.495859146118164,0.2868592441082001,-0.15143856406211853,3.05188250541687,-0.22999517619609833
441.57000732421875,0.0,0.0,0.0,1.4876744747161865,0.08657009899616241,-0.3611275553703308,1.5768764019012451,-0.3249548077583313
518.4459838867188,0.0,0.0,0.0,4.660103797912598,-0.16079524159431458,-0.04674374684691429,4.929801940917969,-0.05622042343020439
328.80999755859375,0.0,0.0,0.0,4.296635150909424,0.26447197794914246,-0.037948478013277054,4.037133693695068,0.014175471849739552
598.6500244140625,0.0,0.0,0.0,4.461697578430176,-0.3736434578895569,0.07910066843032837,4.869017124176025,0.06659350544214249
847.9860229492188,0.0,0.0,0.0,3.616706609725952,0.582686185836792,-0.38675475120544434,2.8058173656463623,-0.4079592525959015
186.73800659179688,0.0,0.0,0.0,4.075472831726074,-0.25091251730918884,0.024138567969202995,4.037290096282959,-0.009113538078963757
273.34600830078125,0.0,0.0,0.0,3.2844274044036865,0.10784222930669785,-0.07531003654003143,3.2782716751098633,-0.01805059053003788
687.2540283203125,0.0,0.0,0.0,3.2408618927001953,-0.3105113208293915,0.22632771730422974,3.2761523723602295,0.3046303689479828
580.781982421875,0.0,0.0,0.0,3.8801515102386475,0.5158477425575256,-0.11281773447990417,4.274255275726318,-0.05137450620532036
1001.4099731445312,0.0,0.0,0.0,2.381666660308838,-0.4980970323085785,0.4283401072025299,2.7948546409606934,0.5227952003479004
657.3060302734375,0.0,0.0,0.0,0.6636515259742737,-0.0682947114109993,-0.0035139520186930895,0.0,0.0
182.00999450683594,0.0,0.0,0.0,2.638254165649414,-0.48599469661712646,0.5439063906669617,3.185314178466797,0.5696058869361877
325.5740051269531,0.0,0.0,0.0,3.370894432067871,0.6000872254371643,-0.2970457673072815,3.917015790939331,-0.3700181841850281
268.7860107421875,0.0,0.0,0.0,1.9679726362228394,-0.406375527381897,0.5539882779121399,2.3703978061676025,0.5335363745689392
548.6300048828125,0.0,0.0,0.0,2.561580181121826,0.11358015239238739,-0.21494123339653015,2.753795862197876,-0.21304944157600403
734.2659912109375,0.0,0.0,0.0,3.530885934829712,-0.47306084632873535,0.12403032928705215,3.2441024780273438,0.13370107114315033
272.1419982910156,0.0,0.0,0.0,3.6722748279571533,0.10227173566818237,-0.008946201764047146,3.589568853378296,-0.07949241250753403
387.3819885253906,0.0,0.0,0.0,3.290163993835449,-0.8542583584785461,0.3187987208366394,3.5480072498321533,0.2828746736049652
820.1900024414062,0.0,0.0,0.0,3.421879291534424,-0.5749679207801819,0.41685691475868225,3.387239694595337,0.4730342626571655
740.0139770507812,0.0,0.0,0.0,3.784700632095337,-0.8249136209487915,0.3212112486362457,4.49064302444458,0.332332581281662
931.5380249023438,0.0,0.0,0.0,3.3013296127319336,0.8354047536849976,-0.4636985659599304,3.5394108295440674,-0.5105476975440979
845.6300048828125,0.0,0.0,0.0,4.160510540008545,0.5588476061820984,-0.10994010418653488,4.253494739532471,-0.11817433685064316
338.87799072265625,0.0,0.0,0.0,2.2318527698516846,0.23791377246379852,-0.18914839625358582,2.203902006149292,-0.15927037596702576
635.9500122070312,0.0,0.0,0.0,3.861903429031372,0.21154801547527313,0.04336928948760033,3.3253424167633057,0.1433132290840149
148.96200561523438,0.0,0.0,0.0,3.4930596351623535,0.1726352870464325,-0.25938448309898376,2.936983823776245,-0.36974361538887024
179.2740020751953,0.0,0.0,0.0,2.185753345489502,-0.32795074582099915,0.41997030377388,2.023024559020996,0.45898494124412537
335.989990234375,0.0,0.0,0.0,2.3761727809906006,0.408468097448349,-0.390984445810318,2.6663568019866943,-0.37566205859184265
950.3660278320312,0.0,0.0,0.0,4.662591457366943,-0.23351898789405823,-0.01670561172068119,4.806517601013184,-0.06482329964637756
192.28599548339844,0.0,0.0,0.0,1.9491991996765137,-0.3355843424797058,0.4707484543323517,2.2499775886535645,0.46242716908454895
590.385986328125,0.0,0.0,0.0,2.3720946311950684,-0.42790886759757996,0.2437305599451065,2.876664638519287,0.12415515631437302
327.25,0.0,0.0,0.0,4.203361988067627,0.6271196007728577,-0.15356475114822388,4.6640238761901855,-0.13945750892162323
791.073974609375,0.0,0.0,0.0,4.302990436553955,0.5470535159111023,-0.113627590239048,4.148883819580078,-0.14775016903877258
691.3060302734375,0.0,0.0,0.0,4.055629253387451,-0.56275475025177,0.11248951405286789,4.418394565582275,0.09357350319623947
751.6339721679688,0.0,0.0,0.0,1.604893684387207,0.20355869829654694,-0.39963769912719727,1.6678907871246338,-0.4157955050468445
481.8819885253906,0.0,0.0,0.0,3.6539251804351807,0.8485249280929565,-0.5009247660636902,3.289015531539917,-0.6702285408973694
915.2780151367188,0.0,0.0,0.0,4.651145935058594,-0.20964179933071136,0.05575201287865639,4.616032123565674,-0.0617327056825161
377.27398681640625,0.0,0.0,0.0,3.905728578567505,-0.2355470061302185,0.07234416157007217,3.923847198486328,0.038430940359830856
504.93798828125,0.0,0.0,0.0,3.2669053077697754,-0.4989109933376312,0.22200225293636322,3.832050085067749,0.2706151008605957
942.2100219726562,0.0,0.0,0.0,2.597181558609009,-0.6229346990585327,0.5749085545539856,2.728137969970703,0.610026478767395
529.4860229492188,0.0,0.0,0.0,1.7600986957550049,0.22453813254833221,-0.20621323585510254,1.8408021926879883,-0.18264161050319672
385.906005859375,0.0,0.0,0.0,3.537470579147339,-0.677580714225769,0.38755640387535095,3.7806010246276855,0.48887792229652405
427.1780090332031,0.0,0.0,0.0,4.109273433685303,0.09305696934461594,0.13173873722553253,4.1311445236206055,0.23871222138404846
1017.010009765625,0.0,0.0,0.0,3.508082389831543,-0.08422036468982697,0.05195111036300659,3.621410369873047,0.08271493017673492
612.218017578125,0.0,0.0,0.0,4.761791706085205,0.10432823747396469,0.04023062437772751,4.819458484649658,-0.024434519931674004
667.4340209960938,0.0,0.0,0.0,0.738301694393158,-0.009495128877460957,-0.058478694409132004,0.0,0.0
787.43798828125,0.0,0.0,0.0,3.7003002166748047,0.5094784498214722,-0.2591260075569153,3.8370680809020996,-0.36962074041366577
645.5180053710938,0.0,0.0,0.0,3.5424327850341797,0.5119299292564392,-0.0924510657787323,0.0,0.0
405.64599609375,0.0,0.0,0.0,1.8865984678268433,0.09299810975790024,-0.13252170383930206,1.8353585004806519,-0.10820425301790237
693.4019775390625,0.0,0.0,0.0,3.0795018672943115,-1.0573809146881104,0.6900078654289246,2.9158201217651367,0.734390377998352
830.3660278320312,0.0,0.0,0.0,3.680786371231079,0.31455525755882263,-0.1473199427127838,3.9401817321777344,-0.11515457183122635
375.2860107421875,0.0,0.0,0.0,3.498878240585327,-0.34607648849487305,0.20377777516841888,3.605804443359375,0.15986278653144836
965.6740112304688,0.0,0.0,0.0,2.8991856575012207,0.5271940231323242,-0.2730330526828766,2.768718957901001,-0.23919041454792023
222.6219940185547,0.0,0.0,0.0,3.911365270614624,0.4278049170970917,-0.09693923592567444,4.166252136230469,-0.13630978763103485
634.3900146484375,0.0,0.0,0.0,4.376121520996094,0.43811559677124023,-0.2166236788034439,4.093351364135742,-0.2369406521320343
368.6059875488281,0.0,0.0,0.0,4.028141498565674,-0.7096080183982849,0.25783371925354004,4.58447265625,0.30134767293930054
566.2059936523438,0.0,0.0,0.0,4.692522048950195,0.079313263297081,0.0012095315614715219,4.6230854988098145,-0.0041472455486655235
839.385986328125,0.0,0.0,0.0,1.376847743988037,0.12545637786388397,-0.277772456407547,1.521567940711975,-0.29299378395080566
603.1220092773438,0.0,0.0,0.0,2.5524046421051025,-0.6120272278785706,0.4961395263671875,3.0395445823669434,0.5307865142822266
571.4580078125,0.0,0.0,0.0,3.711350679397583,0.7686564922332764,-0.2670198678970337,4.207950115203857,-0.3931642472743988
317.9620056152344,0.0,0.0,0.0,1.6312761306762695,0.2039046734571457,-0.3567624092102051,1.7587146759033203,-0.36464303731918335
643.1939697265625,0.0,0.0,0.0,2.490718126296997,0.40544262528419495,-0.3447810113430023,2.7335100173950195,-0.4222264289855957
200.74200439453125,0.0,0.0,0.0,4.713581085205078,0.07395145297050476,-0.043872639536857605,4.432361125946045,-0.04563034325838089
606.85400390625,0.0,0.0,0.0,4.1244893074035645,-0.703394889831543,0.16953010857105255,4.791704177856445,0.21965287625789642
937.7059936523438,0.0,0.0,0.0,1.6247566938400269,-0.04773221164941788,0.21118269860744476,1.4617793560028076,0.1989056020975113
668.2739868164062,0.0,0.0,0.0,0.8713682889938354,-0.009404345415532589,0.11934863030910492,1.1317588090896606,0.16969792544841766
471.906005859375,0.0,0.0,0.0,3.8195438385009766,-0.7619324326515198,0.2375701665878296,3.4611008167266846,0.1828126162290573
348.2380065917969,0.0,0.0,0.0,2.592137098312378,0.33060476183891296,-0.2867664098739624,2.9256420135498047,-0.2857716381549835
933.3660278320312,0.0,0.0,0.0,3.2685728073120117,0.5049616694450378,-0.15772734582424164,3.2486319541931152,-0.06875922530889511
151.25399780273438,0.0,0.0,0.0,2.705418348312378,0.5660831928253174,-0.4027475416660309,3.1900417804718018,-0.4575537145137787
262.7380065917969,0.0,0.0,0.0,2.8994133472442627,-0.0506063811480999,0.09021205455064774,2.0134658813476562,-0.003323777811601758
755.1220092773438,0.0,0.0,0.0,1.8194427490234375,0.128119558095932,-0.184664785861969,2.121798038482666,-0.21619169414043427
392.0140075683594,0.0,0.0,0.0,3.363011360168457,0.23524118959903717,-0.13890667259693146,3.6194756031036377,-0.1229940727353096
207.69000244140625,0.0,0.0,0.0,1.9443227052688599,0.3867872357368469,-0.5022587776184082,2.3608646392822266,-0.5423658490180969
978.010009765625,0.0,0.0,0.0,2.6507158279418945,0.5926040410995483,-0.3845064043998718,3.4452414512634277,-0.5943625569343567
640.35400390625,0.0,0.0,0.0,1.6965538263320923,-0.014143023639917374,0.029381409287452698,1.6206368207931519,0.011263198219239712
725.2659912109375,0.0,0.0,0.0,2.7378053665161133,0.12220511585474014,-0.05425846204161644,2.553154230117798,-0.07474398612976074
693.2020263671875,0.0,0.0,0.0,3.3938937187194824,-0.9738650918006897,0.6516603827476501,2.9312210083007812,0.5793755650520325
678.2020263671875,0.0,0.0,0.0,1.9274210929870605,-0.6647164225578308,0.871124267578125,2.136399507522583,0.865625262260437
429.10198974609375,0.0,0.0,0.0,2.9163269996643066,-0.21519386768341064,0.025915591046214104,2.518608570098877,0.027576599270105362
268.5419921875,0.0,0.0,0.0,1.8934918642044067,-0.37067511677742004,0.5261486172676086,2.149914264678955,0.5443354845046997
171.51400756835938,0.0,0.0,0.0,1.6905850172042847,0.22075964510440826,-0.1555785834789276,1.6873952150344849,0.027946103364229202
429.0140075683594,0.0,0.0,0.0,2.9477968215942383,-0.25081172585487366,0.05367981269955635,2.592089891433716,0.012001696042716503
1018.6859741210938,0.0,0.0,0.0,3.74432110786438,-0.23405563831329346,0.11257464438676834,4.1454901695251465,0.012076876126229763
574.114013671875,0.0,0.0,0.0,4.504520416259766,0.260493665933609,-0.04967678338289261,4.593554496765137,-0.06097586452960968
240.32200622558594,0.0,0.0,0.0,2.8544607162475586,-0.16726824641227722,0.04371352866292,2.5426089763641357,0.07765430957078934
851.926025390625,0.0,0.0,0.0,2.4215312004089355,-0.06581604480743408,0.13604745268821716,2.7820239067077637,0.17425453662872314
888.0139770507812,0.0,0.0,0.0,2.548893690109253,-0.501314640045166,0.4489877223968506,2.857257843017578,0.4468855559825897
142.58999633789062,0.0,0.0,0.0,2.648510694503784,0.10917040705680847,-0.09424339979887009,3.0510849952697754,-0.0823809951543808
624.9819946289062,0.0,0.0,0.0,2.7823994159698486,0.24072667956352234,-0.1967291235923767,2.7152910232543945,-0.1900424361228943
277.7860107421875,0.0,0.0,0.0,2.7735519409179688,-0.43912866711616516,0.2941514849662781,3.32692813873291,0.3583122491836548
913.8460083007812,0.0,0.0,0.0,4.67812442779541,-0.17235249280929565,0.0645824745297432,5.082579135894775,0.21675808727741241
967.2459716796875,0.0,0.0,0.0,2.415289878845215,0.2852710485458374,-0.21995967626571655,2.2299530506134033,-0.2963334023952484
820.6339721679688,0.0,0.0,0.0,3.227823257446289,-0.7226030230522156,0.463424950838089,3.680191993713379,0.4219166040420532
439.3380126953125,0.0,0.0,0.0,1.936066746711731,-0.0345829501748085,-0.03635595738887787,1.776145577430725,-0.048926111310720444
697.0859985351562,0.0,0.0,0.0,0.7891274094581604,-0.013128522783517838,0.02690649777650833,1.3214598894119263,0.057637348771095276
492.9580078125,0.0,0.0,0.0,1.9949954748153687,-0.03526037186384201,-0.005129192490130663,1.9211558103561401,-0.008930896408855915
181.1540069580078,0.0,0.0,0.0,2.2031333446502686,-0.4058901369571686,0.46506959199905396,2.6011102199554443,0.4977935552597046
808.6420288085938,0.0,0.0,0.0,3.858894109725952,0.8918692469596863,-0.3021237552165985,4.210524559020996,-0.4051426947116852
188.3260040283203,0.0,0.0,0.0,3.343315601348877,-0.11618857085704803,0.004207959398627281,2.8603696823120117,-0.002380017889663577
727.1699829101562,0.0,0.0,0.0,2.653285264968872,-0.05489002540707588,0.132233664393425,2.9205167293548584,0.1250426322221756
158.74600219726562,0.0,0.0,0.0,2.0448381900787354,0.6993001699447632,-0.7482840418815613,2.0655157566070557,-0.6577222943305969
772.35400390625,0.0,0.0,0.0,4.184541702270508,0.32387393712997437,-0.24914391338825226,4.180753707885742,-0.3605884313583374
535.8499755859375,0.0,0.0,0.0,3.580037832260132,0.6771509647369385,-0.37202855944633484,4.2587409019470215,-0.2971186637878418
1003.3779907226562,0.0,0.0,0.0,3.5439367294311523,-0.7727231383323669,0.3143378496170044,4.215320587158203,0.3660784363746643
264.9540100097656,0.0,0.0,0.0,1.2669157981872559,-0.07372584939002991,0.18595893681049347,1.332859754562378,0.22324176132678986
840.5180053710938,0.0,0.0,0.0,1.6870542764663696,0.22529660165309906,-0.4041943848133087,1.9926905632019043,-0.4421239495277405
146.05799865722656,0.0,0.0,0.0,3.9757018089294434,0.0730103999376297,-0.03528749570250511,4.0617451667785645,0.053887542337179184
816.6099853515625,0.0,0.0,0.0,2.1397600173950195,-0.12681658565998077,0.10500560700893402,2.599107265472412,0.12983599305152893
628.8779907226562,0.0,0.0,0.0,3.7248075008392334,0.8263013958930969,-0.3811122179031372,4.291632175445557,-0.2639444172382355
438.2980041503906,0.0,0.0,0.0,2.159053325653076,0.05188422650098801,-0.10525304824113846,2.0568549633026123,-0.04721944406628609
976.5419921875,0.0,0.0,0.0,2.546631097793579,0.8361586928367615,-0.6632677912712097,2.794299364089966,-0.6356036067008972
328.03399658203125,0.0,0.0,0.0,4.36213493347168,0.44706854224205017,-0.07674215734004974,4.607774257659912,0.009665131568908691
618.4099731445312,0.0,0.0,0.0,1.487297534942627,0.028234105557203293,-0.09926731884479523,1.5162315368652344,-0.0733923465013504
830.5659790039062,0.0,0.0,0.0,3.7241430282592773,0.31526145339012146,-0.0858084186911583,4.000356197357178,-0.1366560310125351
823.9819946289062,0.0,0.0,0.0,3.599466562271118,-0.3468943238258362,0.09380267560482025,3.6250271797180176,-0.0477605015039444
898.4660034179688,0.0,0.0,0.0,3.109231948852539,-1.1241427659988403,0.7770114541053772,2.8374359607696533,0.7766286730766296
774.2059936523438,0.0,0.0,0.0,4.020234107971191,0.8672270774841309,-0.2943945825099945,4.506696701049805,-0.3133215010166168
946.5859985351562,0.0,0.0,0.0,4.252079010009766,-0.7762742638587952,0.2158973217010498,5.029661178588867,0.14333482086658478
372.0459899902344,0.0,0.0,0.0,4.035538673400879,-0.107061967253685,-0.038877133280038834,3.869049549102783,-0.004788018763065338
682.43798828125,0.0,0.0,0.0,-0.025237437337636948,-0.0005950381164439023,-0.000334445561747998,0.0,0.0
993.7780151367188,0.0,0.0,0.0,3.648404121398926,0.5015712380409241,-0.144502192735672,3.983872413635254,-0.1835172027349472
684.2020263671875,0.0,0.0,0.0,1.706302285194397,-0.05319559946656227,0.11691614985466003,2.109100580215454,0.14551368355751038
167.6300048828125,0.0,0.0,0.0,1.8039984703063965,0.4596129059791565,-0.6121022701263428,2.225623846054077,-0.6856985688209534
277.9179992675781,0.0,0.0,0.0,2.849942922592163,-0.44110292196273804,0.33330821990966797,3.328958511352539,0.3571254014968872
721.7420043945312,0.0,0.0,0.0,4.21648645401001,0.15300214290618896,-0.03268098086118698,4.220837116241455,0.006590991746634245
344.5379943847656,0.0,0.0,0.0,3.0363571643829346,0.4328058063983917,-0.20109078288078308,3.28960919380188,-0.21409228444099426
228.31399536132812,0.0,0.0,0.0,1.6698805093765259,0.2832872271537781,-0.5229914784431458,1.9404436349868774,-0.5093271732330322
365.75,0.0,0.0,0.0,3.2348763942718506,-0.8178421258926392,0.5517187118530273,3.3288965225219727,0.48495227098464966
836.9500122070312,0.0,0.0,0.0,2.2726690769195557,0.32533618807792664,0.00697029335424304,0.0,0.0
1017.5419921875,0.0,0.0,0.0,3.6178321838378906,-0.15384778380393982,0.08013737946748734,4.087918281555176,0.10136714577674866
287.8179931640625,0.0,0.0,0.0,3.9841854572296143,-0.47878530621528625,0.4359188973903656,2.7779557704925537,0.5349918603897095
915.530029296875,0.0,0.0,0.0,4.63259744644165,-0.15516771376132965,-0.009639750234782696,4.803404331207275,0.05226026102900505
799.1500244140625,0.0,0.0,0.0,3.650867462158203,0.49509525299072266,-0.3019443452358246,3.926872491836548,-0.3534136712551117
245.71800231933594,0.0,0.0,0.0,2.6372060775756836,-0.7281054258346558,0.5719732046127319,3.1177725791931152,0.641607940196991
908.0180053710938,0.0,0.0,0.0,2.8476152420043945,0.5294672250747681,-0.38045668601989746,3.3703794479370117,-0.36715468764305115
378.3940124511719,0.0,0.0,0.0,3.8852500915527344,-0.0954362228512764,0.06339573115110397,4.109033107757568,0.07777412235736847
161.23399353027344,0.0,0.0,0.0,1.716418743133545,0.3768296241760254,-0.6036460399627686,1.8319321870803833,-0.6580951809883118
1027.2779541015625,0.0,0.0,0.0,4.161487579345703,0.7194671034812927,-0.23860026895999908,3.8255488872528076,-0.2524215281009674
823.1900024414062,0.0,0.0,0.0,3.669922113418579,-0.5099659562110901,0.13519878685474396,3.8021023273468018,0.22120992839336395
224.4459991455078,0.0,0.0,0.0,3.2598462104797363,0.12963314354419708,-0.026479262858629227,3.164736032485962,-0.023202916607260704
650.2059936523438,0.0,0.0,0.0,2.9718174934387207,0.15912441909313202,-0.11094824224710464,3.325632095336914,-0.13710400462150574
402.08599853515625,0.0,0.0,0.0,3.647998571395874,0.38394248485565186,-0.047745585441589355,3.6626088619232178,-0.010984200984239578
950.9340209960938,0.0,0.0,0.0,4.611205577850342,0.0011120939161628485,-0.025154730305075645,5.001760959625244,-0.09597665071487427
430.9100036621094,0.0,0.0,0.0,2.033322334289551,-0.08233604580163956,-0.01739092916250229,2.1723475456237793,-0.05768674239516258
639.52197265625,0.0,0.0,0.0,1.9219554662704468,-0.0019320057472214103,0.012011317536234856,1.8167814016342163,0.055385395884513855
455.5379943847656,0.0,0.0,0.0,2.6432998180389404,0.018601980060338974,-0.003166921902447939,2.243290424346924,0.013162373565137386
578.6300048828125,0.0,0.0,0.0,2.6325602531433105,0.6310001611709595,-0.5231097936630249,3.4130630493164062,-0.5667888522148132
1013.0180053710938,0.0,0.0,0.0,4.480903148651123,-0.3314615488052368,0.1434103399515152,4.882998943328857,-0.0019828586373478174
369.12200927734375,0.0,0.0,0.0,4.163193225860596,-0.5942103266716003,0.16192062199115753,4.339076995849609,0.0799083560705185
997.3099975585938,0.0,0.0,0.0,2.202277421951294,0.13164381682872772,0.05506717786192894,2.2816355228424072,0.03410850092768669
277.51800537109375,0.0,0.0,0.0,2.6346476078033447,-0.42216944694519043,0.3314051926136017,3.1542410850524902,0.37447014451026917
810.6099853515625,0.0,0.0,0.0,4.133260726928711,0.5926404595375061,-0.21315249800682068,4.55012321472168,-0.22069986164569855
693.8460083007812,0.0,0.0,0.0,2.5555689334869385,-1.0930508375167847,0.7486234903335571,3.0504157543182373,0.7111617922782898
679.0859985351562,0.0,0.0,0.0,1.8011493682861328,-0.5527733564376831,0.7359026074409485,2.105254650115967,0.7374792098999023
372.1579895019531,0.0,0.0,0.0,3.9858908653259277,-0.09095881134271622,-0.03697087615728378,3.9112648963928223,0.04411354288458824
193.74200439453125,0.0,0.0,0.0,2.756197929382324,-0.540757954120636,0.4429587423801422,3.3239052295684814,0.3939381241798401
820.0900268554688,0.0,0.0,0.0,3.4709620475769043,-0.5140186548233032,0.3694831132888794,3.23986554145813,0.4209866225719452
389.4580078125,0.0,0.0,0.0,3.1202101707458496,-0.3110697865486145,0.05261186882853508,2.9728076457977295,0.04754273220896721
446.41400146484375,0.0,0.0,0.0,3.182886838912964,0.5406309962272644,-0.28669777512550354,3.6594808101654053,-0.25106334686279297
370.8940124511719,0.0,0.0,0.0,4.435535430908203,-0.341228723526001,0.08427400887012482,4.266143798828125,-0.06600028276443481
942.3099975585938,0.0,0.0,0.0,2.586047649383545,-0.6514647006988525,0.6008880138397217,2.8977794647216797,0.7491654753684998
1005.8660278320312,0.0,0.0,0.0,3.8144423961639404,-0.7186063528060913,0.15792614221572876,4.332386016845703,0.2271280139684677
1009.0339965820312,0.0,0.0,0.0,3.9729886054992676,-0.7749770283699036,0.28798142075538635,4.128701210021973,0.3330411911010742
896.2659912109375,0.0,0.0,0.0,2.704491138458252,-0.5685465335845947,0.4465843141078949,3.248708724975586,0.5276271104812622
748.0380249023438,0.0,0.0,0.0,3.7930216789245605,-0.16593092679977417,-0.013104673475027084,3.499284505844116,-0.04493194818496704
377.39801025390625,0.0,0.0,0.0,3.903085708618164,-0.20579102635383606,0.03679030016064644,3.9239253997802734,0.0547468326985836
980.4819946289062,0.0,0.0,0.0,3.711606740951538,0.6738598942756653,-0.2244979441165924,3.9301388263702393,-0.24444910883903503
670.6380004882812,0.0,0.0,0.0,1.8689366579055786,-0.27936673164367676,0.41666916012763977,2.049762725830078,0.45172762870788574
902.4660034179688,0.0,0.0,0.0,1.9728060960769653,-0.46698272228240967,0.5946933627128601,2.1638734340667725,0.5306341052055359
486.3219909667969,0.0,0.0,0.0,3.583239793777466,0.5873786211013794,-0.22508010268211365,4.233007431030273,-0.28418391942977905
1021.97802734375,0.0,0.0,0.0,4.388216495513916,-0.004391432739794254,0.020889893174171448,4.387909889221191,-0.041225142776966095
466.0419921875,0.0,0.0,0.0,3.228681802749634,-0.6001294255256653,0.34186893701553345,3.821488618850708,0.3705768883228302
972.06201171875,0.0,0.0,0.0,3.471686840057373,0.4134533405303955,-0.14299076795578003,3.9358274936676025,-0.23477357625961304
347.8940124511719,0.0,0.0,0.0,2.49875545501709,0.2514057457447052,-0.176983043551445,2.6964383125305176,-0.2458471655845642
778.9299926757812,0.0,0.0,0.0,2.617481231689453,0.06111444532871246,-0.023574599996209145,2.440176248550415,-0.08115454018115997
744.5540161132812,0.0,0.0,0.0,4.716857433319092,-0.1159457191824913,-0.01416940987110138,4.664909839630127,-0.033409979194402695
170.95799255371094,0.0,0.0,0.0,1.6379623413085938,0.43851834535598755,-0.4720267951488495,1.708762526512146,-0.4064875543117523
487.00201416015625,0.0,0.0,0.0,3.732051372528076,0.6793454885482788,-0.21932826936244965,4.113344669342041,-0.2575705349445343
875.4979858398438,0.0,0.0,0.0,2.8277084827423096,0.06697950512170792,-0.058660704642534256,2.5509121417999268,-0.01707572303712368
767.177978515625,0.0,0.0,0.0,3.2499537467956543,0.27734068036079407,-0.12497451156377792,3.5287578105926514,-0.1425267904996872
407.6300048828125,0.0,0.0,0.0,1.834542989730835,0.1256047487258911,-0.059634849429130554,1.875324010848999,-0.09130366891622543
408.8580017089844,0.0,0.0,0.0,2.0673375129699707,0.1599324643611908,-0.10132817924022675,2.236764430999756,-0.12065575271844864
363.0220031738281,0.0,0.0,0.0,2.1199755668640137,-0.45971032977104187,0.46615931391716003,2.725949764251709,0.6123154163360596
815.1339721679688,0.0,0.0,0.0,2.256434679031372,-0.31003034114837646,0.10375664383172989,2.1081924438476562,0.09653332829475403
952.1380004882812,0.0,0.0,0.0,4.68597936630249,0.1633295863866806,-0.028548289090394974,4.8023152351379395,-0.10775195807218552
605.1820068359375,0.0,0.0,0.0,3.336427688598633,-0.9331492185592651,0.4657279849052429,4.039907932281494,0.4885938763618469
255.25799560546875,0.0,0.0,0.0,4.607251167297363,-0.2587028443813324,0.05464901775121689,4.91480016708374,-0.010434281080961227
487.79400634765625,0.0,0.0,0.0,3.705080032348633,0.7402952313423157,-0.3021150231361389,3.908395528793335,-0.37264958024024963
237.1739959716797,0.0,0.0,0.0,3.274233102798462,-0.5076804757118225,0.2318255752325058,3.508223533630371,0.2684524655342102
779.0139770507812,0.0,0.0,0.0,2.565847635269165,0.0593571700155735,-0.08788906037807465,2.405261754989624,-0.15597590804100037
538.3499755859375,0.0,0.0,0.0,4.4804277420043945,0.6549274325370789,-0.23618972301483154,4.960066318511963,-0.19394855201244354
698.7459716796875,0.0,0.0,0.0,2.265265703201294,-0.24787913262844086,0.30100640654563904,2.551452159881592,0.28367486596107483
841.5780029296875,0.0,0.0,0.0,2.0326669216156006,0.35862618684768677,-0.45853734016418457,2.5866193771362305,-0.5373759269714355
1005.3980102539062,0.0,0.0,0.0,3.8813395500183105,-0.7854691743850708,0.2236076146364212,4.08687686920166,0.20284873247146606
594.6539916992188,0.0,0.0,0.0,4.119062423706055,0.43308237195014954,-0.13452191650867462,4.6653313636779785,-0.09582264721393585
289.1059875488281,0.0,0.0,0.0,2.3515655994415283,-0.8860912322998047,0.6422311067581177,2.9310686588287354,0.6103459000587463
562.25,0.0,0.0,0.0,4.217988967895508,0.6944010257720947,-0.18383871018886566,4.732678413391113,-0.11147317290306091
860.6259765625,0.0,0.0,0.0,3.5720138549804688,-0.6681479811668396,0.29292580485343933,4.292243480682373,0.3348146677017212
833.5780029296875,0.0,0.0,0.0,4.378201961517334,0.158299058675766,-0.16674545407295227,4.2340216636657715,-0.25217342376708984
419.0780029296875,0.0,0.0,0.0,3.316011905670166,0.38528281450271606,-0.09568554908037186,3.429338216781616,-0.188272625207901
728.177978515625,0.0,0.0,0.0,3.0536835193634033,-0.1265246421098709,0.16831514239311218,3.3367345333099365,0.11649135500192642
138.9340057373047,0.0,0.0,0.0,2.8190953731536865,0.22427615523338318,-0.1251733899116516,2.960855722427368,-0.1965428739786148
556.2739868164062,0.0,0.0,0.0,1.740362286567688,0.40916866064071655,-0.6091148257255554,1.858380913734436,-0.6029189229011536
522.989990234375,0.0,0.0,0.0,3.3155517578125,0.7000983357429504,-0.336330384016037,3.3345553874969482,-0.35431861877441406
726.6060180664062,0.0,0.0,0.0,2.4441394805908203,-0.0021239728666841984,0.07479572296142578,2.6989548206329346,0.18369394540786743
282.85400390625,0.0,0.0,0.0,3.494272470474243,-0.5291327238082886,0.25605425238609314,4.078556060791016,0.2733936905860901
589.6420288085938,0.0,0.0,0.0,1.9800372123718262,-0.44941169023513794,0.5479386448860168,2.4500131607055664,0.5281758308410645
765.2379760742188,0.0,0.0,0.0,2.684452533721924,0.3711065649986267,-0.22919172048568726,2.7435054779052734,-0.24422113597393036
143.05799865722656,0.0,0.0,0.0,2.8725602626800537,0.11051087826490402,-0.0033425288274884224,3.204728126525879,-0.03046463243663311
999.5700073242188,0.0,0.0,0.0,2.4384095668792725,-0.46289485692977905,0.591848611831665,2.2040181159973145,0.5246632099151611
513.677978515625,0.0,0.0,0.0,3.469264268875122,-0.5316714644432068,0.1601673662662506,4.057342529296875,0.1536097228527069
650.6220092773438,0.0,0.0,0.0,3.2468361854553223,0.19559627771377563,-0.11696045845746994,3.515510082244873,-0.05752643197774887
417.010009765625,0.0,0.0,0.0,3.8271336555480957,0.7245638966560364,-0.17522147297859192,3.8336405754089355,-0.11239025741815567
673.2540283203125,0.0,0.0,0.0,2.9532358646392822,-0.7412323355674744,0.6237595081329346,3.117568016052246,0.6738179326057434
959.0260009765625,0.0,0.0,0.0,3.4420151710510254,0.5426114797592163,-0.26117566227912903,3.82460880279541,-0.2608645260334015
685.7459716796875,0.0,0.0,0.0,2.780923843383789,-0.2504523694515228,0.20840570330619812,3.327099561691284,0.2237367182970047
801.5059814453125,0.0,0.0,0.0,4.071805953979492,0.8344630599021912,-0.20600304007530212,4.355593204498291,-0.17617781460285187
673.4539794921875,0.0,0.0,0.0,2.86043381690979,-0.8140490055084229,0.6622427701950073,2.981677770614624,0.6822304129600525
512.469970703125,0.0,0.0,0.0,2.9316110610961914,-0.5614112019538879,0.3057895302772522,3.4917397499084473,0.37235334515571594
361.4179992675781,0.0,0.0,0.0,2.0539820194244385,-0.4545048475265503,0.5404413342475891,1.970226526260376,0.4898405075073242
638.8939819335938,0.0,0.0,0.0,2.1163225173950195,-0.02460627630352974,0.027434516698122025,1.996590495109558,-0.02007456310093403
183.85000610351562,0.0,0.0,0.0,3.8252878189086914,-0.6426293253898621,0.2212003916501999,4.039694786071777,0.19721810519695282
637.0499877929688,0.0,0.0,0.0,3.0666887760162354,-0.17963725328445435,0.12043501436710358,2.918020725250244,0.03787028416991234
674.1220092773438,0.0,0.0,0.0,2.6352765560150146,-0.8766683340072632,0.6448116302490234,3.1612179279327393,0.7198065519332886
893.2659912109375,0.0,0.0,0.0,1.606705665588379,-0.28232550621032715,0.4941816031932831,1.7613530158996582,0.52324378490448
750.8779907226562,0.0,0.0,0.0,2.0521087646484375,0.16303116083145142,-0.20648948848247528,1.9848833084106445,-0.274483323097229
358.7460021972656,0.0,0.0,0.0,3.7801430225372314,0.3365532457828522,-0.08527547866106033,3.9718470573425293,-0.03986462205648422
837.197998046875,0.0,0.0,0.0,1.8389219045639038,0.19913794100284576,0.028885064646601677,0.0,0.0
212.8179931640625,0.0,0.0,0.0,4.10319709777832,0.4257017970085144,-0.10574684292078018,3.910240411758423,-0.06711170822381973
931.4140014648438,0.0,0.0,0.0,3.329153299331665,0.8497141599655151,-0.4737606942653656,3.29219651222229,-0.44087541103363037
799.2780151367188,0.0,0.0,0.0,3.6736631393432617,0.5497130751609802,-0.3335985541343689,4.02594518661499,-0.3641328513622284
583.0819702148438,0.0,0.0,0.0,4.539882659912109,-0.04871765896677971,0.04123631864786148,4.597616672515869,-0.010300789028406143
527.0859985351562,0.0,0.0,0.0,1.5379763841629028,0.15865306556224823,-0.1536487489938736,1.4800444841384888,-0.13437165319919586
839.5139770507812,0.0,0.0,0.0,1.443956971168518,0.14129388332366943,-0.3079974353313446,1.546424150466919,-0.3131658732891083
908.7219848632812,0.0,0.0,0.0,3.1772186756134033,0.5480930805206299,-0.2957065999507904,3.8460984230041504,-0.31522488594055176
321.2980041503906,0.0,0.0,0.0,1.5676133632659912,0.26776057481765747,-0.5176253914833069,1.5950870513916016,-0.5064917206764221
364.5780029296875,0.0,0.0,0.0,3.005189895629883,-0.663416862487793,0.40288153290748596,3.605654239654541,0.45774033665657043
837.47802734375,0.0,0.0,0.0,1.3459882736206055,0.10116664320230484,-0.03171165660023689,0.0,0.0
219.31399536132812,0.0,0.0,0.0,2.70733642578125,0.5705810189247131,-0.4694507420063019,3.3224680423736572,-0.4309178292751312
639.3140258789062,0.0,0.0,0.0,1.9811017513275146,-0.012400954030454159,-0.005426221061497927,2.025995969772339,-0.014480333775281906
765.8099975585938,0.0,0.0,0.0,2.6613292694091797,0.32576513290405273,-0.21225915849208832,2.8892149925231934,-0.19974398612976074
961.97802734375,0.0,0.0,0.0,4.349448204040527,0.20454208552837372,-0.03316165506839752,4.726997375488281,-0.024533342570066452
234.98599243164062,0.0,0.0,0.0,2.2852234840393066,-0.24797043204307556,0.3768676519393921,2.6511783599853516,0.37249329686164856
1004.9500122070312,0.0,0.0,0.0,3.881800889968872,-0.8188015818595886,0.24166454374790192,3.9742162227630615,0.22759436070919037
807.197998046875,0.0,0.0,0.0,3.4951698780059814,0.8018625378608704,-0.3515849709510803,3.825575351715088,-0.3966473937034607
309.510009765625,0.0,0.0,0.0,4.206230163574219,-0.19011282920837402,0.007371824700385332,3.9662790298461914,0.02910352125763893
608.7860107421875,0.0,0.0,0.0,4.645866870880127,-0.33594104647636414,0.059156130999326706,4.884059429168701,-0.009815043769776821
663.4539794921875,0.0,0.0,0.0,3.4708588123321533,-0.5993430614471436,0.27733922004699707,3.870637893676758,0.2182636857032776
519.4660034179688,0.0,0.0,0.0,4.121236324310303,0.5024824738502502,-0.47513484954833984,3.360917568206787,-0.6090675592422485
406.3500061035156,0.0,0.0,0.0,1.7214329242706299,0.14177922904491425,-0.11438640207052231,1.7963987588882446,-0.14275489747524261
920.614013671875,0.0,0.0,0.0,3.379413366317749,-0.35951757431030273,0.1376376897096634,3.0873401165008545,0.0886092260479927
542.9140014648438,0.0,0.0,0.0,3.8269426822662354,-0.9439789652824402,0.34162482619285583,4.164763450622559,0.29911521077156067
746.8140258789062,0.0,0.0,0.0,4.112157344818115,-0.38503164052963257,0.06105265021324158,4.155899524688721,0.12396398931741714
923.9180297851562,0.0,0.0,0.0,2.6945531368255615,-0.6149659752845764,0.3967399597167969,3.070413589477539,0.38948413729667664
248.92999267578125,0.0,0.0,0.0,4.238256931304932,-0.539296567440033,0.12531931698322296,4.717175483703613,0.14476138353347778
241.38600158691406,0.0,0.0,0.0,2.2663848400115967,-0.061808791011571884,0.002358490601181984,2.1214308738708496,0.014488602988421917
657.7860107421875,0.0,0.0,0.0,-0.07748722285032272,-0.013879189267754555,-0.0013355811825022101,0.0,0.0
140.2220001220703,0.0,0.0,0.0,3.0363149642944336,0.26626986265182495,-0.1267167329788208,2.798283338546753,-0.11831888556480408
904.0540161132812,0.0,0.0,0.0,1.7349913120269775,-0.45082899928092957,0.6951839923858643,1.9543657302856445,0.7666578888893127
507.5580139160156,0.0,0.0,0.0,3.691453218460083,-0.1851785033941269,0.08325543254613876,3.4855539798736572,0.08604803681373596
323.0459899902344,0.0,0.0,0.0,1.7998149394989014,0.29189392924308777,-0.4549958109855652,2.133233070373535,-0.46606361865997314
475.95001220703125,0.0,0.0,0.0,2.0882203578948975,0.18164707720279694,-0.2031649649143219,2.0250189304351807,-0.2360808253288269
973.8099975585938,0.0,0.0,0.0,3.7687032222747803,0.52363520860672,-0.22712095081806183,3.8957459926605225,-0.1887756586074829
767.0819702148438,0.0,0.0,0.0,3.2064898014068604,0.283062607049942,-0.12818247079849243,3.5485684871673584,-0.14613211154937744
821.0819702148438,0.0,0.0,0.0,3.234489917755127,-0.7596571445465088,0.4069850444793701,3.7977147102355957,0.3727971315383911
824.6619873046875,0.0,0.0,0.0,2.9165077209472656,0.15404370427131653,-0.38025760650634766,2.508363723754883,-0.36468738317489624
506.8580017089844,0.0,0.0,0.0,3.781501054763794,-0.2242349535226822,0.05126417428255081,3.6408863067626953,0.07967725396156311
242.6739959716797,0.0,0.0,0.0,1.893579125404358,-0.21995268762111664,0.2963952124118805,2.2050302028656006,0.4079113006591797
1034.9139404296875,0.0,0.0,0.0,3.755162239074707,0.6717956066131592,-0.2438143640756607,4.681764125823975,-0.26432734727859497
616.1900024414062,0.0,0.0,0.0,0.7726067304611206,-0.039349209517240524,-0.020222680643200874,0.0,0.0
298.1059875488281,0.0,0.0,0.0,1.978242039680481,0.4274936020374298,-0.47037532925605774,2.170454978942871,-0.5114583969116211
598.0460205078125,0.0,0.0,0.0,4.49128532409668,-0.41208285093307495,0.08570064604282379,4.911430835723877,0.1257452368736267
1028.197998046875,0.0,0.0,0.0,2.9060933589935303,0.9249187111854553,-0.6842374205589294,2.399775505065918,-0.5741251111030579
376.1499938964844,0.0,0.0,0.0,3.66404390335083,-0.39159443974494934,0.13745887577533722,4.053310871124268,0.12827682495117188
173.50599670410156,0.0,0.0,0.0,2.129467010498047,-0.31764712929725647,0.36504989862442017,2.411406993865967,0.38787221908569336
611.0180053710938,0.0,0.0,0.0,4.699979305267334,0.020699767395853996,-0.05162660777568817,4.763838768005371,-0.033922068774700165
606.9860229492188,0.0,0.0,0.0,4.200455188751221,-0.6910959482192993,0.2058599591255188,4.710691452026367,0.153493732213974
597.7020263671875,0.0,0.0,0.0,4.455224514007568,-0.45164352655410767,0.1021907776594162,4.655844688415527,0.10543309897184372
697.5419921875,0.0,0.0,0.0,1.414730429649353,-0.04530728608369827,0.0762830525636673,1.7457164525985718,0.1449011117219925
689.02197265625,0.0,0.0,0.0,3.186884641647339,-0.6977395415306091,0.4043831527233124,3.6399362087249756,0.44054198265075684
669.5059814453125,0.0,0.0,0.0,1.5799192190170288,-0.1631963849067688,0.35813626646995544,1.74924898147583,0.3762993812561035
526.333984375,0.0,0.0,0.0,2.066545009613037,0.23721429705619812,-0.0845523551106453,1.6423330307006836,-0.10502510517835617
976.8099975585938,0.0,0.0,0.0,2.4425442218780518,0.8008393049240112,-0.5873802900314331,2.7060346603393555,-0.5244878530502319
180.07400512695312,0.0,0.0,0.0,1.8722842931747437,-0.3463149070739746,0.43962711095809937,1.9970468282699585,0.45913758873939514
441.77801513671875,0.0,0.0,0.0,1.5287965536117554,0.11288569122552872,-0.3793085515499115,1.5456013679504395,-0.32989779114723206
324.37799072265625,0.0,0.0,0.0,2.578127384185791,0.4763259291648865,-0.4165796637535095,3.126260995864868,-0.48922988772392273
945.7459716796875,0.0,0.0,0.0,4.111336708068848,-0.8297005295753479,0.2719452381134033,4.971452236175537,0.27428385615348816
1029.010009765625,0.0,0.0,0.0,1.975643277168274,0.7078351974487305,-0.5472033619880676,2.280240535736084,-0.6676405072212219
189.68600463867188,0.0,0.0,0.0,2.5303878784179688,-0.04814877733588219,0.0423571951687336,2.1507363319396973,0.13170936703681946
746.9539794921875,0.0,0.0,0.0,4.084704399108887,-0.3846510648727417,0.10454416275024414,4.059412956237793,0.031071862205863
199.08599853515625,0.0,0.0,0.0,4.671331882476807,-0.035700224339962006,-0.045014336705207825,4.607606887817383,-0.07876185327768326
920.4819946289062,0.0,0.0,0.0,3.4263112545013428,-0.3892469108104706,0.1938244104385376,3.058809280395508,0.10234798491001129
556.5499877929688,0.0,0.0,0.0,1.781603455543518,0.4196479916572571,-0.6830838322639465,1.9384301900863647,-0.532230794429779
906.197998046875,0.0,0.0,0.0,2.0602290630340576,0.17071810364723206,-0.3279236853122711,2.2900819778442383,-0.3443266749382019
423.6180114746094,0.0,0.0,0.0,4.018687725067139,0.720233678817749,-0.2852161228656769,4.389004707336426,-0.3457552492618561
135.05799865722656,0.0,0.0,0.0,-0.001968802884221077,0.0009207339608110487,0.0006350953481160104,0.0,0.0
456.2820129394531,0.0,0.0,0.0,2.2946431636810303,-0.024773510172963142,-0.01343842875212431,2.116107940673828,-0.04224462807178497
877.3060302734375,0.0,0.0,0.0,1.4303213357925415,0.1488276869058609,-0.36126673221588135,1.478417158126831,-0.32382670044898987
167.51400756835938,0.0,0.0,0.0,1.8015743494033813,0.4768957197666168,-0.5938194394111633,1.9790525436401367,-0.6022829413414001
697.8820190429688,0.0,0.0,0.0,1.6873040199279785,-0.08525871485471725,0.2250901162624359,2.048736810684204,0.17574666440486908
865.2979736328125,0.0,0.0,0.0,3.8676917552948,-0.9429856538772583,0.32307684421539307,4.486186981201172,0.2907600700855255
195.24200439453125,0.0,0.0,0.0,3.7366063594818115,-0.6561051607131958,0.25760942697525024,4.237785816192627,0.25373339653015137
261.5740051269531,0.0,0.0,0.0,4.049004077911377,-0.03180419281125069,0.019154811277985573,3.8460381031036377,-0.022144924849271774
857.3699951171875,0.0,0.0,0.0,1.810855507850647,-0.37797263264656067,0.5847852230072021,2.2086756229400635,0.6273137927055359
222.48599243164062,0.0,0.0,0.0,3.904102087020874,0.43717721104621887,-0.13752542436122894,4.147215366363525,-0.06951618194580078
176.33799743652344,0.0,0.0,0.0,3.3102402687072754,-0.5039442777633667,0.2532808184623718,3.6448493003845215,0.21455228328704834
258.7860107421875,0.0,0.0,0.0,4.183459281921387,0.019312741234898567,0.026445260271430016,3.9742624759674072,0.0017231438541784883
958.14599609375,0.0,0.0,0.0,3.056779623031616,0.5923489928245544,-0.35456186532974243,3.709787130355835,-0.36970293521881104
636.6060180664062,0.0,0.0,0.0,3.4211795330047607,-0.10629739612340927,0.13526158034801483,3.2642087936401367,0.07852217555046082
187.85800170898438,0.0,0.0,0.0,3.6375434398651123,-0.1364823430776596,0.017594678327441216,3.2420613765716553,0.08206430077552795
135.58999633789062,0.0,0.0,0.0,-0.0007458883919753134,0.0004975353949703276,-0.0007112706080079079,0.0,0.0
200.82200622558594,0.0,0.0,0.0,4.6873555183410645,0.06597067415714264,-0.043360836803913116,4.558747291564941,0.03284565731883049
883.3460083007812,0.0,0.0,0.0,3.5882434844970703,0.6498693227767944,-0.2643674910068512,4.126759052276611,-0.26347148418426514
482.010009765625,0.0,0.0,0.0,3.527360677719116,0.9513794779777527,-0.6126188039779663,3.468104839324951,-0.7164428234100342
349.406005859375,0.0,0.0,0.0,2.9339027404785156,0.4248247742652893,-0.23850519955158234,3.2776858806610107,-0.23800089955329895
429.2380065917969,0.0,0.0,0.0,2.8268792629241943,-0.19351620972156525,0.011276236735284328,2.7363383769989014,0.037684470415115356
135.49000549316406,0.0,0.0,0.0,-0.0019175270572304726,0.0008233161643147469,0.00044259725837036967,0.0,0.0
694.1939697265625,0.0,0.0,0.0,2.528550148010254,-1.0025521516799927,0.6713500022888184,3.3724234104156494,0.6281570196151733
663.114013671875,0.0,0.0,0.0,3.3380491733551025,-0.5901957154273987,0.3182430863380432,3.7726047039031982,0.27905547618865967
636.5059814453125,0.0,0.0,0.0,3.5039336681365967,-0.05922839790582657,0.13974758982658386,3.3305413722991943,0.08804314583539963
786.614013671875,0.0,0.0,0.0,3.585310935974121,0.37640514969825745,-0.15633244812488556,3.775653600692749,-0.2906275987625122
600.3179931640625,0.0,0.0,0.0,2.996126174926758,-0.5737823247909546,0.5025824904441833,2.302720069885254,0.5112556219100952
413.42999267578125,0.0,0.0,0.0,3.0281522274017334,0.6646549105644226,-0.4319846034049988,3.8757076263427734,-0.4931034445762634
498.9419860839844,0.0,0.0,0.0,2.5272481441497803,-0.3136480748653412,0.18565820157527924,2.569714069366455,0.18932093679904938
929.1259765625,0.0,0.0,0.0,3.5683796405792236,0.49551424384117126,-0.3093709945678711,3.673150062561035,-0.363239586353302
673.1500244140625,0.0,0.0,0.0,2.9728519916534424,-0.6890571117401123,0.5905507802963257,3.1689674854278564,0.6382495164871216
623.6259765625,0.0,0.0,0.0,2.3658509254455566,0.15365086495876312,-0.11691822111606598,2.565938949584961,-0.10039687156677246
278.0459899902344,0.0,0.0,0.0,2.9343128204345703,-0.45890942215919495,0.3401924967765808,3.369326114654541,0.28792819380760193
226.81399536132812,0.0,0.0,0.0,1.5334378480911255,0.19367453455924988,-0.40050771832466125,1.6553821563720703,-0.46484696865081787
887.510009765625,0.0,0.0,0.0,2.6312403678894043,-0.4144608676433563,0.42441993951797485,2.7681877613067627,0.46947452425956726
151.85000610351562,0.0,0.0,0.0,3.0744831562042236,0.6187952756881714,-0.4321313202381134,3.5746567249298096,-0.4621075391769409
322.7860107421875,0.0,0.0,0.0,1.6941207647323608,0.29035431146621704,-0.4485810697078705,1.8737848997116089,-0.47252655029296875
887.9019775390625,0.0,0.0,0.0,2.5436325073242188,-0.4785126745700836,0.4255426228046417,2.7188968658447266,0.4192950427532196
856.822021484375,0.0,0.0,0.0,1.729913592338562,-0.40381431579589844,0.5953482389450073,1.9808239936828613,0.566605269908905
352.4219970703125,0.0,0.0,0.0,2.4622995853424072,0.190691277384758,-0.09522846341133118,2.3830325603485107,-0.09290061146020889
548.8380126953125,0.0,0.0,0.0,2.620398759841919,0.17690877616405487,-0.22775739431381226,2.733158826828003,-0.20398065447807312
893.3699951171875,0.0,0.0,0.0,1.6146882772445679,-0.2868073284626007,0.5292230248451233,1.7326608896255493,0.4553220272064209
648.4019775390625,0.0,0.0,0.0,1.4772906303405762,0.013408769853413105,-0.09494706988334656,2.024569272994995,-0.07634711265563965
331.65399169921875,0.0,0.0,0.0,3.026287078857422,-0.042940590530633926,0.1067696213722229,2.639258623123169,0.001928256475366652
401.7380065917969,0.0,0.0,0.0,3.7966578006744385,0.47648435831069946,-0.11750753223896027,3.6115400791168213,-0.00560171902179718
472.5260009765625,0.0,0.0,0.0,3.6777708530426025,-0.6016559600830078,0.1876036822795868,3.5829012393951416,0.2013111561536789
311.39801025390625,0.0,0.0,0.0,3.471555471420288,-0.034019023180007935,0.04824818670749664,2.9345357418060303,0.02541165053844452
797.64599609375,0.0,0.0,0.0,3.337899923324585,0.1171085312962532,-0.09433869272470474,3.4245712757110596,-0.1045355498790741
354.0379943847656,0.0,0.0,0.0,2.1833131313323975,0.3248293697834015,-0.434530109167099,2.3309433460235596,-0.4284648001194
389.6059875488281,0.0,0.0,0.0,3.0446012020111084,-0.27175673842430115,0.01888091303408146,2.82108998298645,-0.0035633393563330173
829.6859741210938,0.0,0.0,0.0,3.503596305847168,0.37533876299858093,-0.14913563430309296,3.7919669151306152,-0.13510102033615112
447.8739929199219,0.0,0.0,0.0,3.7216806411743164,0.3871828615665436,-0.1410023719072342,4.028062343597412,-0.1677565574645996
362.14599609375,0.0,0.0,0.0,1.9069370031356812,-0.4622877836227417,0.4606318473815918,2.0140762329101562,0.49905550479888916
325.0299987792969,0.0,0.0,0.0,2.9904732704162598,0.5441324710845947,-0.3769940137863159,3.656698703765869,-0.388479620218277
389.7099914550781,0.0,0.0,0.0,2.9910168647766113,-0.24091555178165436,-0.010957902297377586,3.070075035095215,-0.028307661414146423
963.2020263671875,0.0,0.0,0.0,3.893509864807129,0.6979110836982727,-0.4723784327507019,3.7138640880584717,-0.4442835748195648
452.510009765625,0.0,0.0,0.0,3.8156418800354004,0.6008043885231018,-0.18202011287212372,3.9279983043670654,-0.1835934817790985
546.7059936523438,0.0,0.0,0.0,3.017566442489624,-0.32033571600914,0.1330977976322174,2.8248000144958496,0.12029492110013962
609.3779907226562,0.0,0.0,0.0,4.677083492279053,-0.22184254229068756,0.07619096338748932,5.025919437408447,0.0011899751843884587
958.9099731445312,0.0,0.0,0.0,3.402559518814087,0.5472792387008667,-0.3011556565761566,3.7720589637756348,-0.2856648862361908
379.1780090332031,0.0,0.0,0.0,3.643162488937378,-0.08764990419149399,0.05441881716251373,3.2703585624694824,-0.006725384388118982
259.4419860839844,0.0,0.0,0.0,4.0458550453186035,0.007016080431640148,0.029003603383898735,3.8647148609161377,-0.01841411180794239
716.6820068359375,0.0,0.0,0.0,3.0490074157714844,-0.4382554888725281,0.1856447011232376,3.3570659160614014,0.007365276571363211
843.5339965820312,0.0,0.0,0.0,3.10111403465271,0.6118948459625244,-0.35973405838012695,3.718520164489746,-0.38892287015914917
953.073974609375,0.0,0.0,0.0,4.625831127166748,0.37889787554740906,-0.12162976711988449,4.7759904861450195,-0.08164772391319275
854.197998046875,0.0,0.0,0.0,3.4637348651885986,-0.35909709334373474,0.14117920398712158,3.8216633796691895,0.12090600281953812
513.25,0.0,0.0,0.0,3.2832448482513428,-0.5733229517936707,0.2415975034236908,3.9397311210632324,0.2521982789039612
873.3099975585938,0.0,0.0,0.0,4.017651557922363,0.28283175826072693,-0.031426962465047836,3.8489770889282227,-0.05334704369306564
423.0740051269531,0.0,0.0,0.0,3.9194724559783936,0.7203761339187622,-0.3066723048686981,4.59002685546875,-0.3136759102344513
903.4099731445312,0.0,0.0,0.0,1.8040817975997925,-0.4822922646999359,0.7080322504043579,1.8858338594436646,0.7167452573776245
670.5180053710938,0.0,0.0,0.0,1.8328197002410889,-0.2689860761165619,0.4070771336555481,2.097073554992676,0.4457640051841736
492.302001953125,0.0,0.0,0.0,2.277738571166992,0.02943831868469715,-0.046915072947740555,2.190833330154419,-0.023516206070780754
415.2900085449219,0.0,0.0,0.0,3.5087389945983887,0.8308891654014587,-0.3675697445869446,3.73083233833313,-0.35256677865982056
623.9459838867188,0.0,0.0,0.0,2.5010526180267334,0.1507413536310196,-0.13436271250247955,2.74079966545105,-0.1439659595489502
321.4020080566406,0.0,0.0,0.0,1.5553773641586304,0.26970812678337097,-0.5176312923431396,1.5659193992614746,-0.4670325219631195
380.34600830078125,0.0,0.0,0.0,2.932225227355957,-0.06049961969256401,0.07892919331789017,2.696427345275879,0.135769322514534
514.2780151367188,0.0,0.0,0.0,3.8146955966949463,-0.42417609691619873,0.0991358682513237,4.380500316619873,0.1453814059495926
463.5820007324219,0.0,0.0,0.0,2.4325785636901855,-0.4486132264137268,0.4216976761817932,2.754608631134033,0.4336945712566376
355.20599365234375,0.0,0.0,0.0,2.623133659362793,0.4548284113407135,-0.3702777624130249,3.2133564949035645,-0.3488467037677765
865.5380249023438,0.0,0.0,0.0,3.9529833793640137,-0.9049234390258789,0.3088326156139374,4.257915019989014,0.1849718987941742
987.4140014648438,0.0,0.0,0.0,3.079876661300659,-0.11667317897081375,0.20833954215049744,2.8100993633270264,0.20317989587783813
189.50999450683594,0.0,0.0,0.0,2.6610288619995117,-0.03473880887031555,0.03924184665083885,2.3195502758026123,0.0164834875613451
318.3659973144531,0.0,0.0,0.0,1.677693247795105,0.22258003056049347,-0.360835999250412,1.941270351409912,-0.31868577003479004
1007.7860107421875,0.0,0.0,0.0,4.020511627197266,-0.6578425168991089,0.1832980215549469,4.423183917999268,0.2320501059293747
370.802001953125,0.0,0.0,0.0,4.450453281402588,-0.3478662967681885,0.0465044304728508,4.217985153198242,0.05867864564061165
860.4860229492188,0.0,0.0,0.0,3.505275249481201,-0.6811869740486145,0.2999129295349121,3.7742645740509033,0.24465686082839966
143.52200317382812,0.0,0.0,0.0,3.0959420204162598,0.09281455725431442,-0.0384959913790226,3.3955204486846924,-0.12589354813098907
652.4340209960938,0.0,0.0,0.0,3.4739303588867188,0.17299233376979828,-0.04328864812850952,3.4333653450012207,-0.11816149950027466
315.2860107421875,0.0,0.0,0.0,1.6241307258605957,0.0014736225130036473,-0.0068241809494793415,1.6072211265563965,-0.0030492269434034824
209.26199340820312,0.0,0.0,0.0,2.740140914916992,0.5766538977622986,-0.4773833751678467,3.256788492202759,-0.4678046703338623
639.9140014648438,0.0,0.0,0.0,1.8186997175216675,-0.002727136015892029,-0.005507520865648985,1.8550704717636108,0.007752307690680027
903.1060180664062,0.0,0.0,0.0,1.880552887916565,-0.4993816018104553,0.679676353931427,1.9045238494873047,0.6383252143859863
561.0499877929688,0.0,0.0,0.0,3.646620273590088,0.8453782200813293,-0.3708549439907074,4.312773704528809,-0.39055535197257996
803.52197265625,0.0,0.0,0.0,2.787404775619507,0.8970268368721008,-0.4055396318435669,3.00549054145813,-0.4530712366104126
530.0180053710938,0.0,0.0,0.0,1.8575129508972168,0.21842068433761597,-0.2260109931230545,2.1730101108551025,-0.26400211453437805
766.6259765625,0.0,0.0,0.0,2.996062755584717,0.294637531042099,-0.12566322088241577,3.205643653869629,-0.11276934295892715
810.5339965820312,0.0,0.0,0.0,4.138287544250488,0.6026414036750793,-0.1780497133731842,4.464601039886475,-0.24788379669189453
575.5139770507812,0.0,0.0,0.0,4.436306476593018,0.030041644349694252,0.0141987269744277,4.0574049949646,-0.19183789193630219
218.2220001220703,0.0,0.0,0.0,2.159634590148926,0.4199286699295044,-0.5002244710922241,2.2953054904937744,-0.4873553514480591
423.48199462890625,0.0,0.0,0.0,4.051238059997559,0.7220489382743835,-0.2971344292163849,4.0407562255859375,-0.24833302199840546
613.4860229492188,0.0,0.0,0.0,4.1562066078186035,-0.31999239325523376,0.26735714077949524,3.2782063484191895,0.2899039387702942
760.2139892578125,0.0,0.0,0.0,2.6565208435058594,0.12931901216506958,-0.12750627100467682,2.820132255554199,-0.197396919131279
198.21400451660156,0.0,0.0,0.0,4.5633697509765625,-0.26655399799346924,0.057249315083026886,4.677637100219727,-0.004148209933191538
941.0260009765625,0.0,0.0,0.0,2.050060987472534,-0.3796839714050293,0.4723198115825653,2.5021915435791016,0.6243400573730469
300.1099853515625,0.0,0.0,0.0,2.0405375957489014,0.6804796457290649,-0.6810510158538818,2.2795329093933105,-0.6931381225585938
561.1539916992188,0.0,0.0,0.0,3.710529327392578,0.8317312002182007,-0.37185147404670715,4.343215465545654,-0.3048444390296936
309.406005859375,0.0,0.0,0.0,4.223320484161377,-0.21946734189987183,0.023692656308412552,4.308709621429443,0.04468505457043648
461.989990234375,0.0,0.0,0.0,2.9721486568450928,-0.15474912524223328,0.08304303139448166,3.079737901687622,0.07408132404088974
169.03399658203125,0.0,0.0,0.0,2.1994943618774414,0.5793132185935974,-0.6328855752944946,2.412153959274292,-0.5954864025115967
819.3380126953125,0.0,0.0,0.0,3.5395517349243164,-0.25659897923469543,0.08675960451364517,3.8033623695373535,0.12185284495353699
699.6539916992188,0.0,0.0,0.0,2.829630136489868,-0.41910606622695923,0.3133028745651245,3.4630722999572754,0.3384954035282135
519.7059936523438,0.0,0.0,0.0,3.727417230606079,0.7722879648208618,-0.5906893014907837,3.6423168182373047,-0.5468599796295166
375.5979919433594,0.0,0.0,0.0,3.5308473110198975,-0.3565751016139984,0.1488007754087448,3.9138407707214355,0.15529601275920868
901.0419921875,0.0,0.0,0.0,2.006195545196533,-0.8109635710716248,0.8592060208320618,2.115265130996704,0.7848379015922546
515.7020263671875,0.0,0.0,0.0,4.283931255340576,-0.3597186803817749,0.027622170746326447,4.674424171447754,0.00511581264436245
982.5339965820312,0.0,0.0,0.0,2.5712156295776367,0.7948851585388184,-0.6944305300712585,2.6533114910125732,-0.5908170938491821
808.3060302734375,0.0,0.0,0.0,3.725170373916626,0.901358962059021,-0.41953936219215393,4.244240760803223,-0.3935621678829193
785.72998046875,0.0,0.0,0.0,3.390941858291626,0.41519856452941895,-0.23393520712852478,3.350414752960205,-0.15348361432552338
564.1179809570312,0.0,0.0,0.0,4.558376789093018,0.13852272927761078,-0.005233518313616514,4.716454982757568,-0.010660096071660519
307.01800537109375,0.0,0.0,0.0,3.786898136138916,-0.495236873626709,0.18793226778507233,4.2337799072265625,0.2240728735923767
570.114013671875,0.0,0.0,0.0,3.0821685791015625,0.9084233045578003,-0.48576298356056213,3.7803378105163574,-0.4720527231693268
181.54600524902344,0.0,0.0,0.0,2.3657593727111816,-0.42832472920417786,0.4526691436767578,3.084542989730835,0.5386239290237427
656.6300048828125,0.0,0.0,0.0,1.9338884353637695,-0.3725907802581787,0.08303624391555786,0.0,0.0
804.3099975585938,0.0,0.0,0.0,2.937805652618408,0.716611921787262,-0.3612922430038452,3.3132150173187256,-0.23761148750782013
908.8099975585938,0.0,0.0,0.0,3.2191226482391357,0.5422481298446655,-0.2606225311756134,3.702850818634033,-0.3503628969192505
714.0139770507812,0.0,0.0,0.0,3.321012496948242,-0.528969943523407,0.5062911510467529,3.0763165950775146,0.5132076740264893
821.177978515625,0.0,0.0,0.0,3.276458978652954,-0.7617112398147583,0.36723756790161133,4.071812629699707,0.4503975510597229
505.48199462890625,0.0,0.0,0.0,3.3913936614990234,-0.40851080417633057,0.18235734105110168,3.604605197906494,0.0799238458275795
262.63800048828125,0.0,0.0,0.0,3.053795337677002,-0.05795510485768318,0.04479532688856125,2.3912291526794434,0.053952593356370926
330.7860107421875,0.0,0.0,0.0,3.552253484725952,-0.0009795496007427573,0.002805937547236681,3.079414129257202,0.055782441049814224
835.97802734375,0.0,0.0,0.0,3.3479082584381104,0.9084849953651428,-0.41092246770858765,3.8097362518310547,-0.4743465483188629
592.1019897460938,0.0,0.0,0.0,3.121962785720825,0.2677992582321167,-0.24970048666000366,3.476743221282959,-0.26326483488082886
829.25,0.0,0.0,0.0,3.275449275970459,0.39290669560432434,-0.19666801393032074,3.5479087829589844,-0.19189971685409546
742.8179931640625,0.0,0.0,0.0,4.360398769378662,-0.7204115986824036,0.16040316224098206,4.928712368011475,0.14380142092704773
758.3460083007812,0.0,0.0,0.0,2.3017141819000244,0.07552823424339294,-0.08460892736911774,2.411259412765503,-0.08923157304525375
373.12200927734375,0.0,0.0,0.0,3.4716920852661133,0.008415770716965199,0.04606302082538605,3.2258713245391846,0.016801780089735985
903.677978515625,0.0,0.0,0.0,1.758428931236267,-0.47263044118881226,0.7109270691871643,2.0336170196533203,0.776804506778717
735.8779907226562,0.0,0.0,0.0,3.0236315727233887,-0.4480270743370056,0.15123915672302246,3.112135648727417,0.1178758442401886
278.9179992675781,0.0,0.0,0.0,3.1858065128326416,-0.45792195200920105,0.2716544568538666,3.2949154376983643,0.2979773283004761
748.1380004882812,0.0,0.0,0.0,3.7113683223724365,-0.1418474018573761,-0.060114119201898575,3.6385583877563477,-0.05432424321770668
810.281982421875,0.0,0.0,0.0,4.190794944763184,0.6619285345077515,-0.23594823479652405,4.397308826446533,-0.11609967797994614
953.4099731445312,0.0,0.0,0.0,4.591277122497559,0.347739040851593,-0.09928136318922043,4.368921279907227,-0.056814271956682205
687.1179809570312,0.0,0.0,0.0,3.2547807693481445,-0.3286580741405487,0.18520872294902802,3.3133082389831543,0.22117893397808075
343.2860107421875,0.0,0.0,0.0,2.549133539199829,0.28980228304862976,-0.25667282938957214,2.723355531692505,-0.21639984846115112
362.0220031738281,0.0,0.0,0.0,1.9384642839431763,-0.46128028631210327,0.5361514687538147,1.9063969850540161,0.4000900685787201
227.86599731445312,0.0,0.0,0.0,1.6239434480667114,0.25621023774147034,-0.5181399583816528,1.8442107439041138,-0.5337631106376648
751.2979736328125,0.0,0.0,0.0,1.8044378757476807,0.19795458018779755,-0.33559077978134155,1.7315163612365723,-0.3783321678638458
827.4660034179688,0.0,0.0,0.0,2.6708521842956543,0.43432101607322693,-0.3139534294605255,2.8677539825439453,-0.3076876401901245
895.030029296875,0.0,0.0,0.0,2.025156021118164,-0.3913201093673706,0.4902038872241974,2.4277071952819824,0.5438270568847656
159.64999389648438,0.0,0.0,0.0,1.76725172996521,0.4834217429161072,-0.6364320516586304,1.9048678874969482,-0.5040150284767151
1032.4300537109375,0.0,0.0,0.0,2.328544855117798,0.549165666103363,-0.5246697068214417,2.822115898132324,-0.53183913230896
930.3179931640625,0.0,0.0,0.0,3.501441240310669,0.6855906844139099,-0.46587640047073364,3.6459360122680664,-0.3210160732269287
304.4419860839844,0.0,0.0,0.0,2.402614116668701,-0.3480517268180847,0.3501310348510742,2.7322046756744385,0.30628058314323425
258.8940124511719,0.0,0.0,0.0,4.154435157775879,0.022272076457738876,0.0013119000941514969,4.153257369995117,-0.010264392010867596
579.6099853515625,0.0,0.0,0.0,3.20432448387146,0.7267290353775024,-0.3922595977783203,3.7908737659454346,-0.4013230502605438
162.56199645996094,0.0,0.0,0.0,1.834236741065979,0.3646559715270996,-0.5973135828971863,1.963697910308838,-0.6109383702278137
926.8499755859375,0.0,0.0,0.0,3.992656707763672,-0.49646714329719543,0.08356314897537231,4.497366905212402,0.14269360899925232
284.2139892578125,0.0,0.0,0.0,3.990076780319214,-0.4140816628932953,0.1059698536992073,4.313869476318359,0.12128270417451859
329.22601318359375,0.0,0.0,0.0,4.1923699378967285,0.20560966432094574,0.014653614722192287,3.8440680503845215,0.00220287567935884
464.35400390625,0.0,0.0,0.0,2.5522396564483643,-0.5263371467590332,0.4669867157936096,2.952901840209961,0.5221474766731262
838.2979736328125,0.0,0.0,0.0,0.5111799240112305,0.00500880042091012,-0.08052520453929901,0.852220356464386,-0.1250048130750656
800.3779907226562,0.0,0.0,0.0,3.9972875118255615,0.9125486016273499,-0.3666888177394867,4.286085605621338,-0.3587636649608612
1032.0419921875,0.0,0.0,0.0,2.1460890769958496,0.5010313391685486,-0.599875807762146,2.5689423084259033,-0.6132925748825073
1001.7739868164062,0.0,0.0,0.0,2.5809922218322754,-0.5515092015266418,0.458569198846817,2.994704008102417,0.38125738501548767
131.74600219726562,0.0,0.0,0.0,-0.0020908541046082973,0.0005609859945252538,0.0007522758096456528,0.0,0.0
336.75799560546875,0.0,0.0,0.0,2.404430627822876,0.4402713477611542,-0.21165718138217926,2.608631134033203,-0.2476506233215332
227.44200134277344,0.0,0.0,0.0,1.5810950994491577,0.23348765075206757,-0.4892720580101013,1.65508234500885,-0.4375782608985901
372.2539978027344,0.0,0.0,0.0,3.959526777267456,-0.080144003033638,-0.00577975157648325,3.7925779819488525,0.0254980456084013
680.8140258789062,0.0,0.0,0.0,2.2872025966644287,-0.5667123198509216,0.24572892487049103,0.0,0.0
181.75399780273438,0.0,0.0,0.0,2.5001466274261475,-0.43824538588523865,0.4754476845264435,2.9368820190429688,0.4359779357910156
146.35400390625,0.0,0.0,0.0,4.022450923919678,0.08322304487228394,-0.03685266897082329,4.299466609954834,-0.05533503368496895
661.5339965820312,0.0,0.0,0.0,2.3974905014038086,-0.4024088978767395,0.3829190731048584,2.8109633922576904,0.44265609979629517
547.3499755859375,0.0,0.0,0.0,2.7521684169769287,-0.19701093435287476,0.10954847931861877,2.6980152130126953,0.024112040176987648
556.9140014648438,0.0,0.0,0.0,1.8597452640533447,0.40581610798835754,-0.5576971173286438,2.0426366329193115,-0.5418838858604431
287.1180114746094,0.0,0.0,0.0,4.469764232635498,-0.11012261360883713,0.035843826830387115,4.757840156555176,0.06675395369529724
982.7420043945312,0.0,0.0,0.0,2.515989303588867,0.7764421701431274,-0.6379401087760925,2.703291893005371,-0.6430374383926392
416.75799560546875,0.0,0.0,0.0,3.7662580013275146,0.761494517326355,-0.2239866554737091,4.483584880828857,-0.1968277394771576
840.6099853515625,0.0,0.0,0.0,1.714385986328125,0.24262204766273499,-0.373333603143692,1.9751442670822144,-0.4384213089942932
483.3819885253906,0.0,0.0,0.0,2.8023500442504883,1.014890432357788,-0.4679716229438782,3.4181838035583496,-0.4696805477142334
871.0460205078125,0.0,0.0,0.0,3.9316585063934326,0.7230991721153259,-0.23932600021362305,4.475472450256348,-0.31085342168807983
651.4140014648438,0.0,0.0,0.0,3.501951217651367,0.20043161511421204,-0.10685431212186813,3.5720229148864746,-0.0890648365020752
648.6099853515625,0.0,0.0,0.0,1.7629003524780273,0.022936662659049034,-0.08415259420871735,2.1681487560272217,-0.07881000638008118
591.7100219726562,0.0,0.0,0.0,2.944312810897827,0.18467764556407928,-0.2658926844596863,3.536432981491089,-0.2662316858768463
212.13800048828125,0.0,0.0,0.0,4.123157978057861,0.5525965094566345,-0.17397929728031158,4.095443248748779,-0.04436386749148369
1021.7459716796875,0.0,0.0,0.0,4.338083267211914,0.002315305871888995,-0.015002617612481117,4.587154865264893,-0.0034125400707125664
981.1939697265625,0.0,0.0,0.0,3.668715715408325,0.4998629689216614,-0.2245248556137085,3.755690574645996,-0.1646333783864975
633.9140014648438,0.0,0.0,0.0,4.450783729553223,0.37544336915016174,-0.13092032074928284,4.587447643280029,-0.08290406316518784
861.43798828125,0.0,0.0,0.0,4.019379615783691,-0.7177940607070923,0.2691049873828888,4.185628414154053,0.12381131947040558
437.2900085449219,0.0,0.0,0.0,2.4806292057037354,0.13888432085514069,-0.1322852373123169,2.3561103343963623,-0.10302635282278061
721.1900024414062,0.0,0.0,0.0,4.139804840087891,0.2240746170282364,-0.003702139249071479,4.1948628425598145,-0.05397767201066017
859.9979858398438,0.0,0.0,0.0,3.224907636642456,-0.6928017735481262,0.4108978807926178,3.8719866275787354,0.4283059239387512
323.6059875488281,0.0,0.0,0.0,2.0945608615875244,0.3421080708503723,-0.4003901183605194,2.6146187782287598,-0.49475330114364624
729.8820190429688,0.0,0.0,0.0,3.6654727458953857,-0.21965038776397705,0.16422633826732635,4.043778419494629,0.15754187107086182
1023.4420166015625,0.0,0.0,0.0,4.494888782501221,-0.0511489138007164,-0.045833520591259,4.33890962600708,-0.17688660323619843
357.19000244140625,0.0,0.0,0.0,3.6814842224121094,0.5098320841789246,-0.20261789858341217,3.990929365158081,-0.1621641367673874
346.62200927734375,0.0,0.0,0.0,2.8671398162841797,0.3025124669075012,-0.09734781086444855,2.7124931812286377,-0.10282616317272186
488.2460021972656,0.0,0.0,0.0,3.590345859527588,0.7625601291656494,-0.3404165804386139,4.225184917449951,-0.37345489859580994
695.3740234375,0.0,0.0,0.0,1.1568020582199097,-0.16141584515571594,-0.017198221758008003,0.0,0.0
263.0459899902344,0.0,0.0,0.0,2.4066386222839355,-0.029165543615818024,-0.05770222842693329,1.6185745000839233,-0.001876560621894896
228.11000061035156,0.0,0.0,0.0,1.6547181606292725,0.28348779678344727,-0.48733818531036377,1.7447311878204346,-0.46490687131881714
236.38999938964844,0.0,0.0,0.0,3.027799129486084,-0.5011078715324402,0.3826633095741272,3.338660478591919,0.2894534766674042
773.0260009765625,0.0,0.0,0.0,4.029691696166992,0.7460640668869019,-0.35842031240463257,4.2137651443481445,-0.38164258003234863
917.4099731445312,0.0,0.0,0.0,3.8724281787872314,-0.04811977595090866,0.20434902608394623,3.525102138519287,0.2964290380477905
629.1220092773438,0.0,0.0,0.0,3.7738559246063232,0.8190755844116211,-0.3168501555919647,4.543745517730713,-0.2617934048175812
862.1099853515625,0.0,0.0,0.0,4.1815972328186035,-0.5240306854248047,0.08856723457574844,4.531744003295898,0.12040425837039948
602.7739868164062,0.0,0.0,0.0,2.380282402038574,-0.5628238320350647,0.5427787899971008,2.7079615592956543,0.5659425854682922
483.9739990234375,0.0,0.0,0.0,2.967543601989746,0.8155691623687744,-0.35657328367233276,3.3091623783111572,-0.3698732256889343
132.78199768066406,0.0,0.0,0.0,-0.0010458483593538404,0.0007121292874217033,-0.0027097987476736307,0.0,0.0
232.01400756835938,0.0,0.0,0.0,1.593179702758789,0.30862322449684143,-0.5412636399269104,1.7406446933746338,-0.5900341868400574
523.8460083007812,0.0,0.0,0.0,3.1345112323760986,0.5993003249168396,-0.3685776889324188,2.905006170272827,-0.30245038866996765
739.0980224609375,0.0,0.0,0.0,3.5792598724365234,-0.6833999752998352,0.2902818024158478,3.889662742614746,0.34297558665275574
805.6300048828125,0.0,0.0,0.0,3.3011374473571777,0.5955158472061157,-0.24888727068901062,3.877032518386841,-0.2724929749965668
619.0460205078125,0.0,0.0,0.0,1.5668861865997314,0.0464293509721756,-0.08135963976383209,1.6850472688674927,-0.08606761693954468
479.4460144042969,0.0,0.0,0.0,3.222975730895996,0.3288906514644623,-0.12822109460830688,3.4877190589904785,-0.1553529053926468
980.0780029296875,0.0,0.0,0.0,3.7511701583862305,0.7042897343635559,-0.35805752873420715,4.227893352508545,-0.30723726749420166
426.86199951171875,0.0,0.0,0.0,4.185478210449219,0.2917633354663849,0.0786588042974472,3.99697208404541,0.04515146464109421
522.8579711914062,0.0,0.0,0.0,3.321044445037842,0.6999197006225586,-0.34484076499938965,3.449921131134033,-0.35332614183425903
239.25,0.0,0.0,0.0,3.3110098838806152,-0.3063521087169647,0.09995735436677933,3.367621660232544,0.1217806413769722
1018.1300048828125,0.0,0.0,0.0,3.7160191535949707,-0.21568520367145538,0.0907081738114357,3.962372303009033,-0.007319239899516106
768.1060180664062,0.0,0.0,0.0,3.6007919311523438,0.2294982522726059,-0.06172669678926468,3.9322996139526367,-0.045447856187820435
1029.3699951171875,0.0,0.0,0.0,1.9543863534927368,0.5867852568626404,-0.6909637451171875,2.239269733428955,-0.5631148815155029
371.8059997558594,0.0,0.0,0.0,4.141087055206299,-0.1400374472141266,0.04530090093612671,3.929426431655884,-0.05362000688910484
689.3699951171875,0.0,0.0,0.0,3.3475465774536133,-0.7260749340057373,0.3721626102924347,3.8292243480682373,0.37866267561912537
912.9459838867188,0.0,0.0,0.0,4.5895915031433105,0.0005610738880932331,0.011928724125027657,4.825774192810059,0.02451002039015293
664.0460205078125,0.0,0.0,0.0,3.596827268600464,-0.5290663838386536,0.20990031957626343,4.036689758300781,0.24859338998794556
366.0899963378906,0.0,0.0,0.0,3.1280953884124756,-0.8852347135543823,0.5553025007247925,3.2248213291168213,0.5355290770530701
1032.166015625,0.0,0.0,0.0,2.195690631866455,0.524421751499176,-0.5581470131874084,2.5398950576782227,-0.5642175078392029
544.85400390625,0.0,0.0,0.0,3.5253753662109375,-0.8156120777130127,0.3528711795806885,3.5528180599212646,0.3974583148956299
283.1780090332031,0.0,0.0,0.0,3.6046321392059326,-0.5358006358146667,0.23288558423519135,4.119959831237793,0.19146685302257538
963.6900024414062,0.0,0.0,0.0,3.421436309814453,0.9180275797843933,-0.5384253859519958,3.581062078475952,-0.4780382812023163
186.85800170898438,0.0,0.0,0.0,4.047163009643555,-0.23065578937530518,0.00443166121840477,3.7592933177948,-0.025540579110383987
616.0900268554688,0.0,0.0,0.0,0.9538412690162659,-0.07333295792341232,0.026242457330226898,0.0,0.0
540.781982421875,0.0,0.0,0.0,4.311335563659668,-0.30291277170181274,0.15989719331264496,4.190410614013672,0.24088187515735626
326.29400634765625,0.0,0.0,0.0,3.714646339416504,0.6596161127090454,-0.26632389426231384,4.29860258102417,-0.2876523733139038
679.5700073242188,0.0,0.0,0.0,1.9028239250183105,-0.5378912091255188,0.7051296234130859,2.2531301975250244,0.670505166053772
317.1860046386719,0.0,0.0,0.0,1.4957548379898071,0.16554991900920868,-0.3737451434135437,1.607895851135254,-0.29300394654273987
290.4419860839844,0.0,0.0,0.0,2.761475086212158,-0.744368314743042,0.6552450060844421,3.082946538925171,0.6606589555740356
436.25,0.0,0.0,0.0,2.9513278007507324,0.25295427441596985,-0.1926065981388092,2.876507043838501,-0.16576959192752838
928.6820068359375,0.0,0.0,0.0,3.7648046016693115,0.40430405735969543,-0.34884944558143616,3.4622092247009277,-0.2928900718688965
817.5339965820312,0.0,0.0,0.0,2.6842479705810547,-0.1905169039964676,0.17924970388412476,3.1059391498565674,0.12918952107429504
139.85800170898438,0.0,0.0,0.0,2.967682123184204,0.31063365936279297,-0.14525087177753448,3.138476610183716,-0.1444801390171051
868.3419799804688,0.0,0.0,0.0,3.113403558731079,0.945298969745636,-0.6362395286560059,3.1429688930511475,-0.6077657341957092
560.3699951171875,0.0,0.0,0.0,3.117189407348633,0.8183653950691223,-0.5268211960792542,3.9684717655181885,-0.490670382976532
929.0260009765625,0.0,0.0,0.0,3.614612102508545,0.4969691336154938,-0.31480270624160767,3.3148608207702637,-0.30371299386024475
666.9940185546875,0.0,0.0,0.0,1.5650562047958374,-0.03556406497955322,-0.04988081753253937,0.0,0.0
273.5220031738281,0.0,0.0,0.0,3.2377398014068604,0.11049337685108185,-0.055980365723371506,3.0448105335235596,-0.041952621191740036
995.4619750976562,0.0,0.0,0.0,3.5230767726898193,0.35962969064712524,-0.11306291818618774,2.6202588081359863,-0.07983402162790298
470.4179992675781,0.0,0.0,0.0,3.58799409866333,-1.0429116487503052,0.45546579360961914,4.028639793395996,0.4099636971950531
589.426025390625,0.0,0.0,0.0,1.9072238206863403,-0.42488911747932434,0.5427877902984619,2.283512830734253,0.5640004277229309
476.1820068359375,0.0,0.0,0.0,2.0110440254211426,0.20676328241825104,-0.25601503252983093,2.030155658721924,-0.24465692043304443
934.4420166015625,0.0,0.0,0.0,3.085390567779541,0.3007180690765381,-0.06447139382362366,2.8266701698303223,-0.0589740015566349
755.0460205078125,0.0,0.0,0.0,1.7999733686447144,0.12579785287380219,-0.19668148458003998,1.9281915426254272,-0.22467420995235443
549.4819946289062,0.0,0.0,0.0,2.849593162536621,0.3131082355976105,-0.24442556500434875,3.270193338394165,-0.26836466789245605
343.885986328125,0.0,0.0,0.0,2.780529022216797,0.3744463324546814,-0.2926273047924042,3.107304811477661,-0.2123885452747345
674.3740234375,0.0,0.0,0.0,2.660503387451172,-0.8623032569885254,0.592994213104248,3.191304922103882,0.6296662092208862
920.177978515625,0.0,0.0,0.0,3.6098639965057373,-0.3833162188529968,0.220821812748909,3.273854970932007,0.19356708228588104
732.2059936523438,0.0,0.0,0.0,4.088922023773193,-0.6854708194732666,0.27895891666412354,4.139747619628906,0.24648962914943695
619.4459838867188,0.0,0.0,0.0,1.6453824043273926,0.05050753429532051,-0.112630195915699,1.768683671951294,-0.08866141736507416
804.0139770507812,0.0,0.0,0.0,2.8556597232818604,0.7319254875183105,-0.328678697347641,3.336317777633667,-0.4434802234172821
776.1820068359375,0.0,0.0,0.0,4.160107612609863,0.2852441370487213,-0.000792696257121861,4.371194839477539,0.013292763382196426
358.51800537109375,0.0,0.0,0.0,3.899927854537964,0.3411029577255249,-0.12265051156282425,3.6771159172058105,-0.07026229798793793
467.67401123046875,0.0,0.0,0.0,3.9963669776916504,-0.4935407042503357,0.19497357308864594,4.393777370452881,0.19411446154117584
432.34600830078125,0.0,0.0,0.0,2.428034782409668,0.14240728318691254,-0.19004225730895996,2.9155960083007812,-0.19871193170547485
686.5700073242188,0.0,0.0,0.0,3.1575589179992676,-0.31433722376823425,0.15101800858974457,3.309053421020508,0.15814489126205444
505.95001220703125,0.0,0.0,0.0,3.6009652614593506,-0.3090798854827881,0.11189153790473938,3.629693031311035,0.05779682844877243
373.5820007324219,0.0,0.0,0.0,3.2812716960906982,-0.042626455426216125,0.06361633539199829,3.254716634750366,0.07560170441865921
245.2740020751953,0.0,0.0,0.0,2.546015739440918,-0.6468934416770935,0.5889187455177307,2.876365900039673,0.6707990765571594
261.12200927734375,0.0,0.0,0.0,4.0801544189453125,0.02671159617602825,-0.007266946602612734,4.245439052581787,0.05625959485769272
236.52200317382812,0.0,0.0,0.0,3.0663771629333496,-0.5274043679237366,0.31813278794288635,3.436221122741699,0.31886258721351624
1033.39404296875,0.0,0.0,0.0,2.939725637435913,0.6617552042007446,-0.43940097093582153,3.5483269691467285,-0.38536179065704346
200.593994140625,0.0,0.0,0.0,4.688318729400635,0.06886609643697739,-0.021180517971515656,4.996193885803223,-0.00843292847275734
440.4700012207031,0.0,0.0,0.0,1.6336627006530762,-0.05278056859970093,-0.03737933933734894,1.6080714464187622,-0.02178749069571495
539.8380126953125,0.0,0.0,0.0,4.637301445007324,0.1919659972190857,0.055700041353702545,4.15512228012085,0.10235100239515305
1001.2739868164062,0.0,0.0,0.0,2.2968568801879883,-0.4894765019416809,0.4047725796699524,2.8495900630950928,0.5137411952018738
695.8140258789062,0.0,0.0,0.0,0.25891372561454773,-0.04018944501876831,0.024227065965533257,0.0,0.0
556.4500122070312,0.0,0.0,0.0,1.7393848896026611,0.3978044092655182,-0.5972307324409485,2.136756658554077,-0.7573592066764832
501.0899963378906,0.0,0.0,0.0,1.6010539531707764,-0.24112480878829956,0.3943905830383301,1.5906848907470703,0.34779059886932373
534.166015625,0.0,0.0,0.0,2.5148239135742188,0.5162371397018433,-0.36017584800720215,3.1191723346710205,-0.5297824144363403
430.4540100097656,0.0,0.0,0.0,2.1510634422302246,-0.1097896546125412,0.036190927028656006,1.9253695011138916,0.012674828059971333
604.8579711914062,0.0,0.0,0.0,3.2603085041046143,-0.9324870109558105,0.49522948265075684,3.8438382148742676,0.5910483002662659
743.6380004882812,0.0,0.0,0.0,4.585870265960693,-0.5471689105033875,0.054242681711912155,5.179571151733398,-0.07616224884986877
694.5460205078125,0.0,0.0,0.0,2.6580817699432373,-0.8967663645744324,0.5346493124961853,0.0,0.0
918.5139770507812,0.0,0.0,0.0,3.6707077026367188,-0.4545081555843353,0.288570374250412,3.8637452125549316,0.2633492648601532
514.0540161132812,0.0,0.0,0.0,3.704587459564209,-0.4740387201309204,0.10098674893379211,4.352881908416748,0.1467609703540802
314.7179870605469,0.0,0.0,0.0,1.8148545026779175,0.015266818925738335,0.012679225765168667,1.7671619653701782,0.010697881691157818
453.74200439453125,0.0,0.0,0.0,3.637486696243286,0.3202325105667114,-0.1159118115901947,3.465453624725342,-0.08363696932792664
760.8820190429688,0.0,0.0,0.0,2.688319683074951,0.20738747715950012,-0.16262765228748322,2.8746373653411865,-0.2834949195384979
172.58999633789062,0.0,0.0,0.0,1.8282816410064697,-0.14079242944717407,0.30091533064842224,1.7891197204589844,0.30875158309936523
379.79400634765625,0.0,0.0,0.0,3.292581081390381,-0.06997506320476532,0.026705624535679817,2.748199701309204,0.043800417333841324
401.95001220703125,0.0,0.0,0.0,3.731020450592041,0.4166278541088104,-0.07104194909334183,3.2239837646484375,-0.041586484760046005
928.9219970703125,0.0,0.0,0.0,3.6430857181549072,0.468086838722229,-0.2919546365737915,3.539726972579956,-0.29582005739212036
187.2899932861328,0.0,0.0,0.0,3.8735523223876953,-0.15358522534370422,0.04105037450790405,3.63580060005188,-0.01159242819994688
302.69000244140625,0.0,0.0,0.0,1.7355700731277466,0.13353638350963593,0.06507527083158493,1.8268951177597046,0.06279566884040833
950.2659912109375,0.0,0.0,0.0,4.639735221862793,-0.25494974851608276,0.024555636569857597,5.221363544464111,-0.07777519524097443
600.6900024414062,0.0,0.0,0.0,2.370969295501709,-0.672063946723938,0.6045353412628174,2.1379003524780273,0.559325635433197
549.7020263671875,0.0,0.0,0.0,2.965334415435791,0.3355007767677307,-0.24915936589241028,3.4094066619873047,-0.2629148066043854
466.91400146484375,0.0,0.0,0.0,3.64445161819458,-0.5935224294662476,0.3151805102825165,4.208199501037598,0.18985900282859802
391.6860046386719,0.0,0.0,0.0,3.3634121417999268,0.17992188036441803,-0.1609957367181778,3.4961414337158203,-0.12523074448108673
932.3660278320312,0.0,0.0,0.0,3.285994529724121,0.7444891333580017,-0.38431206345558167,3.5552687644958496,-0.30644774436950684
387.8179931640625,0.0,0.0,0.0,3.3433523178100586,-0.7690379619598389,0.2838534116744995,3.601158618927002,0.2597774863243103
754.4180297851562,0.0,0.0,0.0,1.69681715965271,0.12223866581916809,-0.23102110624313354,1.9368141889572144,-0.2525770366191864
954.0059814453125,0.0,0.0,0.0,4.438612937927246,0.27420303225517273,0.0075611514039337635,4.170323371887207,-0.0062921117059886456
879.010009765625,0.0,0.0,0.0,1.5930989980697632,0.2597244381904602,-0.49546492099761963,1.8783520460128784,-0.4482042193412781
811.1939697265625,0.0,0.0,0.0,4.139548301696777,0.49851536750793457,-0.1374722123146057,4.327413558959961,-0.1536976397037506
706.9140014648438,0.0,0.0,0.0,2.336618661880493,0.48790237307548523,-0.557651698589325,2.680276393890381,-0.5408205389976501
278.37799072265625,0.0,0.0,0.0,3.034290313720703,-0.4891423285007477,0.30255597829818726,3.2036471366882324,0.24800154566764832
572.573974609375,0.0,0.0,0.0,4.153433322906494,0.636742889881134,-0.13310225307941437,4.479482650756836,-0.1528308391571045
725.1220092773438,0.0,0.0,0.0,2.8121016025543213,0.12071353942155838,-0.0629214271903038,2.59358286857605,-0.07321751117706299
144.88600158691406,0.0,0.0,0.0,3.6591122150421143,0.10679011046886444,-0.045188792049884796,4.017236232757568,0.001565978629514575
834.6060180664062,0.0,0.0,0.0,3.3619914054870605,0.9251447319984436,-0.5559924244880676,3.393019437789917,-0.5595958232879639
798.677978515625,0.0,0.0,0.0,3.6125481128692627,0.3521828353404999,-0.2080705314874649,3.7223362922668457,-0.1969325691461563
739.1939697265625,0.0,0.0,0.0,3.6266684532165527,-0.7076544165611267,0.27283167839050293,3.7178661823272705,0.3118803799152374
649.8499755859375,0.0,0.0,0.0,2.7390646934509277,0.1368657648563385,-0.06659647822380066,3.3198554515838623,-0.1396246999502182
152.42999267578125,0.0,0.0,0.0,3.369387149810791,0.6446436643600464,-0.35185062885284424,3.8636837005615234,-0.27770960330963135
861.6099853515625,0.0,0.0,0.0,4.040645599365234,-0.6968606114387512,0.20830471813678741,4.463925361633301,0.20329585671424866
757.4660034179688,0.0,0.0,0.0,2.1535534858703613,0.07178626954555511,-0.10144108533859253,2.3677024841308594,-0.09618969261646271
813.8099975585938,0.0,0.0,0.0,3.208752393722534,-0.486406147480011,0.2822704613208771,2.6964898109436035,0.23111236095428467
489.6419982910156,0.0,0.0,0.0,3.2777647972106934,0.5565535426139832,-0.261706680059433,3.1842448711395264,-0.25527921319007874
709.4819946289062,0.0,0.0,0.0,2.3102469444274902,0.9174259305000305,-0.7388153672218323,2.6429924964904785,-0.7569867372512817
712.2979736328125,0.0,0.0,0.0,3.7001373767852783,0.8219004273414612,-0.33886611461639404,4.3881988525390625,-0.24350331723690033
315.5260009765625,0.0,0.0,0.0,1.5599392652511597,0.02070477046072483,-0.09441829472780228,1.3694919347763062,-0.1145978644490242
521.7340087890625,0.0,0.0,0.0,3.3299710750579834,0.8672815561294556,-0.40646183490753174,3.549337863922119,-0.4464133679866791
596.3140258789062,0.0,0.0,0.0,4.333391189575195,-0.2993258833885193,0.14327019453048706,4.217316627502441,0.22032035887241364
563.0859985351562,0.0,0.0,0.0,4.424748420715332,0.501498281955719,-0.06131182238459587,4.646823406219482,-0.04775188863277435
937.8099975585938,0.0,0.0,0.0,1.572042465209961,-0.07021494954824448,0.2393607497215271,1.5166540145874023,0.2710065543651581
316.1059875488281,0.0,0.0,0.0,1.418029546737671,0.0913466364145279,-0.2506270408630371,1.5455644130706787,-0.2541836202144623
396.7179870605469,0.0,0.0,0.0,2.0818114280700684,0.34515899419784546,-0.4865318536758423,2.3873541355133057,-0.4127455949783325
651.6179809570312,0.0,0.0,0.0,3.5357918739318848,0.2059287130832672,-0.09640271961688995,3.567443609237671,-0.07940810918807983
902.8099975585938,0.0,0.0,0.0,1.9304916858673096,-0.4807727336883545,0.683100700378418,2.0908195972442627,0.676464319229126
645.6179809570312,0.0,0.0,0.0,3.2965192794799805,0.46640241146087646,-0.06861609220504761,0.0,0.0
141.01800537109375,0.0,0.0,0.0,2.863063335418701,0.2183385044336319,-0.07684739679098129,2.841627359390259,-0.11287097632884979
771.6019897460938,0.0,0.0,0.0,4.312819004058838,0.04437204822897911,-0.0013722511939704418,4.623211860656738,-0.03841852396726608
433.8699951171875,0.0,0.0,0.0,3.2358765602111816,0.2692515552043915,-0.15070711076259613,3.4781296253204346,-0.1579894870519638
562.0499877929688,0.0,0.0,0.0,4.109807014465332,0.7120658755302429,-0.17189988493919373,4.898722171783447,-0.20821230113506317
395.5899963378906,0.0,0.0,0.0,1.8562915325164795,0.3257213532924652,-0.5455100536346436,1.9293779134750366,-0.4673013985157013
632.7059936523438,0.0,0.0,0.0,4.565995216369629,0.31828343868255615,-0.02978973463177681,4.715338706970215,-0.03865239396691322
803.4459838867188,0.0,0.0,0.0,2.8102965354919434,0.907150149345398,-0.47204843163490295,3.017669677734375,-0.3868775963783264
492.74200439453125,0.0,0.0,0.0,2.039184331893921,-0.019220858812332153,0.02000703476369381,1.948854923248291,0.02564731240272522
910.8140258789062,0.0,0.0,0.0,4.154048442840576,0.010563344694674015,0.07136207818984985,4.543282985687256,0.034795861691236496
914.0020141601562,0.0,0.0,0.0,4.70182991027832,-0.1912929117679596,0.10047484934329987,4.552427768707275,0.08095354586839676
589.2139892578125,0.0,0.0,0.0,1.8859927654266357,-0.41848766803741455,0.48133179545402527,2.081705331802368,0.5043143630027771
872.6300048828125,0.0,0.0,0.0,4.117045879364014,0.38179922103881836,-0.09667126089334488,4.121937274932861,-0.04205168038606644
339.7179870605469,0.0,0.0,0.0,2.0625648498535156,0.17499421536922455,-0.10986211150884628,1.9047318696975708,-0.09994969516992569
909.677978515625,0.0,0.0,0.0,3.64660382270813,0.40878793597221375,-0.006497741676867008,4.103525161743164,-0.058935701847076416
237.7259979248047,0.0,0.0,0.0,3.410053253173828,-0.49137982726097107,0.25054728984832764,3.6576597690582275,0.2886817455291748
1033.7659912109375,0.0,0.0,0.0,3.1793265342712402,0.6941564083099365,-0.39035043120384216,3.763068675994873,-0.37298354506492615
509.5379943847656,0.0,0.0,0.0,3.185539960861206,-0.39264678955078125,0.21365852653980255,2.7573256492614746,0.18352289497852325
638.1820068359375,0.0,0.0,0.0,2.4353110790252686,-0.08783670514822006,0.003906855825334787,2.2324259281158447,-0.010030699893832207
803.3380126953125,0.0,0.0,0.0,2.842499017715454,0.9481295943260193,-0.4652864933013916,3.080476760864258,-0.5060261487960815
954.5419921875,0.0,0.0,0.0,4.236090660095215,0.18024368584156036,-0.026110824197530746,3.879282236099243,0.018778523430228233
971.85400390625,0.0,0.0,0.0,3.3788957595825195,0.4299043118953705,-0.17035605013370514,3.7239348888397217,-0.18734237551689148
879.4420166015625,0.0,0.0,0.0,1.6942038536071777,0.28777000308036804,-0.4787404239177704,1.8292155265808105,-0.5197645425796509
422.30999755859375,0.0,0.0,0.0,3.7279839515686035,0.7349644899368286,-0.35579389333724976,4.130596160888672,-0.33897772431373596
364.1180114746094,0.0,0.0,0.0,2.692505121231079,-0.5691283941268921,0.4794590473175049,3.4644734859466553,0.5293527841567993
179.6179962158203,0.0,0.0,0.0,1.9897232055664062,-0.36557695269584656,0.4701061248779297,1.9060437679290771,0.45635050535202026
596.6259765625,0.0,0.0,0.0,4.346040725708008,-0.4014531970024109,0.189760223031044,4.511852264404297,0.14478422701358795
914.6259765625,0.0,0.0,0.0,4.669637203216553,-0.21346916258335114,0.04144342988729477,4.769992828369141,0.1110168993473053
412.2019958496094,0.0,0.0,0.0,2.7256758213043213,0.4554114043712616,-0.2845476567745209,2.9578497409820557,-0.260453462600708
742.6259765625,0.0,0.0,0.0,4.298661231994629,-0.7532833814620972,0.19850967824459076,4.898712635040283,0.17376555502414703
775.72998046875,0.0,0.0,0.0,4.234519004821777,0.4203982651233673,-0.07526250183582306,4.1973958015441895,-0.010611051693558693
369.6340026855469,0.0,0.0,0.0,4.287376403808594,-0.5242360830307007,0.20293575525283813,4.59075403213501,0.1054651141166687
732.3060302734375,0.0,0.0,0.0,4.100712776184082,-0.6898375153541565,0.2539147436618805,4.267727851867676,0.20214104652404785
341.5459899902344,0.0,0.0,0.0,1.5647166967391968,0.10302413254976273,-0.07411454617977142,1.6490192413330078,-0.11487877368927002
203.61000061035156,0.0,0.0,0.0,4.555999279022217,-0.012510399334132671,0.05973371863365173,4.640490531921387,0.0009121390758082271
551.3740234375,0.0,0.0,0.0,3.2849504947662354,0.2388828545808792,-0.162011981010437,3.2553789615631104,-0.1962244212627411
708.1019897460938,0.0,0.0,0.0,2.907595157623291,0.6116533875465393,-0.42441433668136597,3.2411816120147705,-0.4721376597881317
904.1420288085938,0.0,0.0,0.0,1.7301363945007324,-0.45389729738235474,0.7694294452667236,2.007950782775879,0.7197389602661133
768.3140258789062,0.0,0.0,0.0,3.6257383823394775,0.23216523230075836,-0.04530535265803337,4.041677474975586,-0.034201525151729584
428.77398681640625,0.0,0.0,0.0,3.0335566997528076,-0.2898581326007843,0.053473491221666336,2.95780086517334,0.08973608911037445
707.4940185546875,0.0,0.0,0.0,2.5560171604156494,0.563798725605011,-0.49490392208099365,2.85644268989563,-0.5142748951911926
552.7059936523438,0.0,0.0,0.0,2.3382585048675537,0.4847713112831116,-0.533656895160675,2.470526933670044,-0.5217583775520325
286.6579895019531,0.0,0.0,0.0,4.466622352600098,-0.1306755095720291,0.01874038390815258,4.5624589920043945,0.015841973945498466
775.0460205078125,0.0,0.0,0.0,4.235644340515137,0.6663738489151001,-0.1776561439037323,4.375065803527832,-0.12109361588954926
705.75,0.0,0.0,0.0,1.8664231300354004,0.39054709672927856,-0.5428308248519897,2.1128406524658203,-0.6139322519302368
718.3460083007812,0.0,0.0,0.0,3.3106842041015625,0.3109666109085083,-0.22683055698871613,3.4227588176727295,-0.19841976463794708
494.010009765625,0.0,0.0,0.0,1.6648091077804565,-0.21945254504680634,0.34276217222213745,1.8312268257141113,0.34217432141304016
810.197998046875,0.0,0.0,0.0,4.161691188812256,0.6830015778541565,-0.25873181223869324,4.676345348358154,-0.18537232279777527
671.7020263671875,0.0,0.0,0.0,2.284039258956909,-0.41292208433151245,0.5115142464637756,2.7250864505767822,0.5331418514251709
641.489990234375,0.0,0.0,0.0,1.8098233938217163,0.14184421300888062,-0.2573043704032898,1.9103620052337646,-0.2925741374492645
157.99400329589844,0.0,0.0,0.0,2.5375540256500244,0.7233320474624634,-0.6190504431724548,2.6791765689849854,-0.5906388163566589
790.2340087890625,0.0,0.0,0.0,4.267409801483154,0.73798006772995,-0.20084704458713531,4.39434814453125,-0.17108884453773499
352.6860046386719,0.0,0.0,0.0,2.367748498916626,0.16394053399562836,-0.12205637991428375,2.373371124267578,-0.20969022810459137
217.31399536132812,0.0,0.0,0.0,1.8118624687194824,0.3279913067817688,-0.4901467263698578,2.139859199523926,-0.4808737337589264
251.9739990234375,0.0,0.0,0.0,3.800091028213501,-1.0038028955459595,0.40071046352386475,4.385733604431152,0.40617993474006653
234.4499969482422,0.0,0.0,0.0,2.0584475994110107,-0.11732152104377747,0.2618635594844818,2.378445863723755,0.2614935636520386
456.57000732421875,0.0,0.0,0.0,2.1819052696228027,-0.025384100154042244,-0.06218019127845764,2.069096326828003,-0.06556333601474762
540.1619873046875,0.0,0.0,0.0,4.498460292816162,-0.054725177586078644,0.15419088304042816,4.2815022468566895,0.11232160031795502
724.1859741210938,0.0,0.0,0.0,3.337620735168457,0.06048522889614105,-0.0061622504144907,3.2448549270629883,0.040496326982975006
621.5139770507812,0.0,0.0,0.0,2.0345122814178467,0.09778989851474762,-0.06959298998117447,1.880331039428711,-0.08837898820638657
1009.2340087890625,0.0,0.0,0.0,3.965592861175537,-0.7944789528846741,0.28694653511047363,4.238169193267822,0.3301832675933838
1000.97802734375,0.0,0.0,0.0,2.1766085624694824,-0.4995769262313843,0.4364495873451233,2.542985439300537,0.49670636653900146
234.18600463867188,0.0,0.0,0.0,1.9864978790283203,-0.028078323230147362,0.23512038588523865,2.1331794261932373,0.2546921670436859
540.47802734375,0.0,0.0,0.0,4.4353861808776855,-0.21654072403907776,0.12152666598558426,4.576180458068848,0.13661932945251465
621.2020263671875,0.0,0.0,0.0,1.9707057476043701,0.09719131141901016,-0.11806418001651764,2.026414155960083,-0.10511832684278488
381.4540100097656,0.0,0.0,0.0,2.675408124923706,-0.2543218731880188,0.1923978626728058,2.710928440093994,0.20874260365962982
649.5339965820312,0.0,0.0,0.0,2.5442111492156982,0.11884672939777374,-0.12837755680084229,2.8655383586883545,-0.13067588210105896
552.469970703125,0.0,0.0,0.0,2.44716215133667,0.47830328345298767,-0.5250619053840637,2.339845657348633,-0.556924045085907
354.1419982910156,0.0,0.0,0.0,2.1941721439361572,0.3277769684791565,-0.43675950169563293,2.5454933643341064,-0.439321905374527
295.72601318359375,0.0,0.0,0.0,2.257261037826538,0.48373153805732727,-0.5527868270874023,1.9431018829345703,-0.527554988861084
841.3699951171875,0.0,0.0,0.0,1.955866813659668,0.33844056725502014,-0.4606889486312866,2.3199820518493652,-0.4519737958908081
159.2899932861328,0.0,0.0,0.0,1.847834587097168,0.580216109752655,-0.6382316946983337,1.9624720811843872,-0.6240817308425903
643.6380004882812,0.0,0.0,0.0,2.6926276683807373,0.4653289318084717,-0.3969435691833496,3.264443874359131,-0.40973371267318726
766.6740112304688,0.0,0.0,0.0,3.0136477947235107,0.2890501618385315,-0.12755456566810608,3.215224504470825,-0.07764103263616562
618.1019897460938,0.0,0.0,0.0,1.337019920349121,0.042637769132852554,-0.05021097511053085,1.448715090751648,-0.048943083733320236
157.51400756835938,0.0,0.0,0.0,2.3871872425079346,0.6682119369506836,-0.6019119620323181,2.7337520122528076,-0.6379883289337158
387.2619934082031,0.0,0.0,0.0,3.268488883972168,-0.8691652417182922,0.38974806666374207,3.7588226795196533,0.27894240617752075
856.1699829101562,0.0,0.0,0.0,1.8016365766525269,-0.4853225350379944,0.5859113335609436,1.8628138303756714,0.5812293887138367
547.5540161132812,0.0,0.0,0.0,2.6730005741119385,-0.1649170219898224,0.05817452445626259,2.4580140113830566,0.06050033122301102
868.0499877929688,0.0,0.0,0.0,3.381180763244629,0.8261741399765015,-0.6171153783798218,3.258026123046875,-0.5958942770957947
738.5139770507812,0.0,0.0,0.0,3.388414144515991,-0.5778783559799194,0.3096928298473358,3.659022092819214,0.29681408405303955
320.77398681640625,0.0,0.0,0.0,1.6658756732940674,0.271838903427124,-0.4377872049808502,1.7370219230651855,-0.4390764832496643
675.614013671875,0.0,0.0,0.0,2.3992860317230225,-0.8948513865470886,0.8129345774650574,2.431765556335449,0.7798529863357544
418.0780029296875,0.0,0.0,0.0,3.755979537963867,0.5162504315376282,-0.09335202723741531,3.8718903064727783,-0.03249591588973999
272.7659912109375,0.0,0.0,0.0,3.5331196784973145,0.14748138189315796,-0.048709288239479065,3.3961892127990723,-0.05760086327791214
606.2139892578125,0.0,0.0,0.0,3.8543639183044434,-0.8023970127105713,0.2872679829597473,4.241199493408203,0.28060582280158997
883.5419921875,0.0,0.0,0.0,3.670498847961426,0.6434586644172668,-0.30687379837036133,4.451740264892578,-0.2647368907928467
400.87799072265625,0.0,0.0,0.0,3.7176544666290283,0.6843745708465576,-0.16044431924819946,4.12512731552124,-0.21077370643615723
792.7739868164062,0.0,0.0,0.0,3.6666507720947266,0.24391160905361176,-0.017314771190285683,3.1798295974731445,0.08589983731508255
318.7019958496094,0.0,0.0,0.0,1.767982006072998,0.2356089949607849,-0.3477717339992523,1.8989439010620117,-0.33889952301979065
345.8500061035156,0.0,0.0,0.0,3.0374369621276855,0.3387366235256195,-0.12708376348018646,3.089043378829956,-0.15410208702087402
1031.1259765625,0.0,0.0,0.0,1.9167747497558594,0.496204137802124,-0.5933741927146912,2.185643434524536,-0.5525843501091003
959.2459716796875,0.0,0.0,0.0,3.513429880142212,0.5175942182540894,-0.22801494598388672,4.259276866912842,-0.2772316038608551
646.6420288085938,0.0,0.0,0.0,1.4134725332260132,0.05961581692099571,0.02212679758667946,0.0,0.0
869.6740112304688,0.0,0.0,0.0,3.228290557861328,0.8309036493301392,-0.40092623233795166,3.918576955795288,-0.466558575630188
212.71400451660156,0.0,0.0,0.0,4.123781681060791,0.43351978063583374,-0.12977081537246704,4.191933631896973,-0.11934089660644531
668.9459838867188,0.0,0.0,0.0,1.3742159605026245,-0.07536789774894714,0.2722485661506653,1.5293159484863281,0.32465019822120667
916.5339965820312,0.0,0.0,0.0,4.243603229522705,0.0801422968506813,-0.027065105736255646,3.567340135574341,0.01644212380051613
921.197998046875,0.0,0.0,0.0,3.133817434310913,-0.2977195382118225,0.15189862251281738,2.660939931869507,0.2066928893327713
958.6820068359375,0.0,0.0,0.0,3.28409481048584,0.5596794486045837,-0.2537783086299896,3.827049493789673,-0.3125780522823334
212.00599670410156,0.0,0.0,0.0,4.127706527709961,0.5685229301452637,-0.16171900928020477,4.136710166931152,-0.13986259698867798
255.45799255371094,0.0,0.0,0.0,4.642726421356201,-0.20407550036907196,-0.0050037940964102745,4.441256046295166,0.05340244621038437
911.6740112304688,0.0,0.0,0.0,4.340112686157227,-0.03382497280836105,0.05309242010116577,4.733479022979736,0.03979687765240669
842.3779907226562,0.0,0.0,0.0,2.4251248836517334,0.48822689056396484,-0.4637513756752014,2.932408332824707,-0.5360718369483948
444.6099853515625,0.0,0.0,0.0,2.282716989517212,0.36902809143066406,-0.3419288098812103,2.520473003387451,-0.3622537851333618
588.1420288085938,0.0,0.0,0.0,1.7766400575637817,-0.4770130515098572,0.5796499848365784,1.9816707372665405,0.6338244676589966
374.7380065917969,0.0,0.0,0.0,3.3572745323181152,-0.2522056996822357,0.1963711827993393,3.4799821376800537,0.16372615098953247
979.4860229492188,0.0,0.0,0.0,3.58437442779541,0.6290781497955322,-0.3366396725177765,4.272404193878174,-0.3234405815601349
158.3300018310547,0.0,0.0,0.0,2.343315839767456,0.7303060293197632,-0.6634926199913025,2.166445016860962,-0.659493625164032
205.5540008544922,0.0,0.0,0.0,2.149341106414795,0.4868115186691284,-0.5563449263572693,1.893293857574463,-0.5263164043426514
559.3499755859375,0.0,0.0,0.0,2.511425733566284,0.7586390376091003,-0.5768238306045532,3.177196979522705,-0.6919591426849365
716.6259765625,0.0,0.0,0.0,3.0627737045288086,-0.44643494486808777,0.20581679046154022,3.0078794956207275,0.1744779497385025
435.697998046875,0.0,0.0,0.0,3.0911617279052734,0.2284226268529892,-0.1647084802389145,2.993445873260498,-0.13599559664726257
666.7100219726562,0.0,0.0,0.0,2.0793583393096924,-0.06937138736248016,0.004759271163493395,0.0,0.0
1001.0900268554688,0.0,0.0,0.0,2.230307102203369,-0.48884317278862,0.4251914322376251,2.4704930782318115,0.49619707465171814
502.302001953125,0.0,0.0,0.0,1.9170827865600586,-0.2772492468357086,0.3831818699836731,2.069321870803833,0.3715815246105194
1016.3140258789062,0.0,0.0,0.0,3.467665672302246,0.008711820468306541,-0.011781271547079086,3.3809561729431152,0.06815240532159805
306.5220031738281,0.0,0.0,0.0,3.563746213912964,-0.49036088585853577,0.24320340156555176,3.945910692214966,0.25497403740882874
491.07000732421875,0.0,0.0,0.0,2.793121099472046,0.32131320238113403,-0.2031763643026352,2.831362247467041,-0.15398579835891724
883.2540283203125,0.0,0.0,0.0,3.5474443435668945,0.6569263935089111,-0.26968568563461304,4.0894856452941895,-0.3195820450782776
215.7259979248047,0.0,0.0,0.0,2.254488706588745,0.19060252606868744,-0.34783437848091125,1.8715744018554688,-0.3257729411125183
654.4860229492188,0.0,0.0,0.0,1.9509503841400146,-0.45069998502731323,0.5054144859313965,2.4134275913238525,0.564153790473938
979.6179809570312,0.0,0.0,0.0,3.661269187927246,0.6692060232162476,-0.34007301926612854,3.891321897506714,-0.36338379979133606
669.718017578125,0.0,0.0,0.0,1.6227059364318848,-0.16961106657981873,0.385633647441864,1.747304916381836,0.38392171263694763
244.1540069580078,0.0,0.0,0.0,2.309634208679199,-0.41395068168640137,0.38525718450546265,2.7351865768432617,0.4468024969100952
777.02197265625,0.0,0.0,0.0,3.762444257736206,0.1717144101858139,-0.04748288542032242,3.428607225418091,-0.06344709545373917
379.4179992675781,0.0,0.0,0.0,3.505805015563965,-0.08571834862232208,0.05445144698023796,3.3659415245056152,-0.00947670266032219
357.95001220703125,0.0,0.0,0.0,3.834684371948242,0.45832639932632446,-0.2080199271440506,4.097450256347656,-0.1196325272321701
773.3699951171875,0.0,0.0,0.0,3.965409994125366,0.8321031928062439,-0.3061962127685547,4.422689437866211,-0.3050846755504608
230.08999633789062,0.0,0.0,0.0,1.6722652912139893,0.2845969796180725,-0.4936688244342804,1.7196251153945923,-0.4887123107910156
283.2860107421875,0.0,0.0,0.0,3.6542632579803467,-0.5333207249641418,0.20097924768924713,4.17896842956543,0.158207505941391
601.8099975585938,0.0,0.0,0.0,1.9886584281921387,-0.5103427171707153,0.5576736330986023,2.358940601348877,0.6525708436965942
452.95001220703125,0.0,0.0,0.0,3.8052446842193604,0.4448610544204712,-0.10402148962020874,3.6301896572113037,-0.10014808177947998
270.8900146484375,0.0,0.0,0.0,3.325852632522583,-0.0015372727066278458,-0.04943504557013512,3.800863265991211,-0.040196701884269714
456.77398681640625,0.0,0.0,0.0,2.0947022438049316,-0.008510245010256767,-0.02440282702445984,1.9957337379455566,-0.049127500504255295
162.1219940185547,0.0,0.0,0.0,1.7527934312820435,0.355986624956131,-0.5407857894897461,1.9918707609176636,-0.5382749438285828
567.1580200195312,0.0,0.0,0.0,4.6911540031433105,0.06111859902739525,0.027446359395980835,4.770205974578857,0.014910310506820679
316.29400634765625,0.0,0.0,0.0,1.4341797828674316,0.11522287130355835,-0.23615682125091553,1.4218153953552246,-0.25956347584724426
669.2020263671875,0.0,0.0,0.0,1.4967280626296997,-0.12638996541500092,0.3376421630382538,1.619773507118225,0.3148024082183838
963.5020141601562,0.0,0.0,0.0,3.6524550914764404,0.8266391754150391,-0.5054827928543091,3.1769485473632812,-0.5600194334983826
397.2860107421875,0.0,0.0,0.0,2.408550500869751,0.4250990152359009,-0.45000022649765015,2.875444173812866,-0.47240087389945984
421.74200439453125,0.0,0.0,0.0,3.459035873413086,0.638845682144165,-0.4407106935977936,4.1407623291015625,-0.4298191964626312
311.6419982910156,0.0,0.0,0.0,3.25638747215271,-0.01631796546280384,-0.0049397689290344715,3.418261766433716,-0.03798236325383186
1024.7740478515625,0.0,0.0,0.0,3.7634077072143555,0.9335595369338989,-0.4654237926006317,3.941117525100708,-0.5181296467781067
311.9460144042969,0.0,0.0,0.0,3.103804588317871,0.008447024039924145,0.0013314351672306657,2.8279573917388916,-0.034666549414396286
635.8140258789062,0.0,0.0,0.0,3.834292411804199,0.2937910854816437,0.047206878662109375,4.144967555999756,0.04359772428870201
879.1099853515625,0.0,0.0,0.0,1.624590516090393,0.2665281891822815,-0.4541304111480713,1.872902750968933,-0.47471120953559875
182.75,0.0,0.0,0.0,3.1286299228668213,-0.6530015468597412,0.4327666461467743,3.4808921813964844,0.3628063499927521
256.4700012207031,0.0,0.0,0.0,4.738155841827393,-0.035058896988630295,0.005672849714756012,4.820000171661377,0.023412831127643585
306.0740051269531,0.0,0.0,0.0,3.3036577701568604,-0.5117917060852051,0.23985695838928223,3.7154648303985596,0.25565922260284424
276.6300048828125,0.0,0.0,0.0,2.3610293865203857,-0.3284529149532318,0.34122487902641296,2.6407597064971924,0.39732757210731506
388.6940002441406,0.0,0.0,0.0,3.313573122024536,-0.5051895380020142,0.15064255893230438,3.506725549697876,0.18157216906547546
224.75399780273438,0.0,0.0,0.0,3.0729188919067383,0.09381730854511261,-0.009572647511959076,2.6511588096618652,-0.008798145689070225
462.0899963378906,0.0,0.0,0.0,2.9680252075195312,-0.15105222165584564,0.05257081985473633,2.9732108116149902,0.09933773428201675
549.2739868164062,0.0,0.0,0.0,2.7758209705352783,0.27215495705604553,-0.20087379217147827,3.1258955001831055,-0.24961961805820465
719.677978515625,0.0,0.0,0.0,3.7439074516296387,0.3345961272716522,-0.15427321195602417,3.8925325870513916,-0.08621972054243088
987.8140258789062,0.0,0.0,0.0,2.9986627101898193,-0.21424250304698944,0.2117915004491806,3.20717453956604,0.188128262758255
1006.9099731445312,0.0,0.0,0.0,3.9416868686676025,-0.6521285772323608,0.21233941614627838,4.354238986968994,0.1350843608379364
711.989990234375,0.0,0.0,0.0,3.595208168029785,0.8609214425086975,-0.37035757303237915,3.7628631591796875,-0.3039330542087555
1000.177978515625,0.0,0.0,0.0,2.2238683700561523,-0.6013591289520264,0.6566911935806274,2.0395026206970215,0.46673938632011414
594.1220092773438,0.0,0.0,0.0,3.9661128520965576,0.459963858127594,-0.1565922647714615,4.237359046936035,-0.137252077460289
558.3619995117188,0.0,0.0,0.0,2.2574315071105957,0.5968923568725586,-0.6573074460029602,2.7188162803649902,-0.7150675058364868
537.2739868164062,0.0,0.0,0.0,4.099687576293945,0.6572123765945435,-0.20279084146022797,4.5470099449157715,-0.14634640514850616
902.5419921875,0.0,0.0,0.0,1.980771780014038,-0.47017762064933777,0.5652879476547241,2.082378387451172,0.6278038024902344
602.4099731445312,0.0,0.0,0.0,2.197758674621582,-0.5143907070159912,0.5766828656196594,2.6904091835021973,0.6344103217124939
739.3179931640625,0.0,0.0,0.0,3.6268622875213623,-0.7176746726036072,0.3243609070777893,4.1619768142700195,0.31763288378715515
492.406005859375,0.0,0.0,0.0,2.2389328479766846,0.020210063084959984,0.00531161529943347,1.899570107460022,0.030696244910359383
870.197998046875,0.0,0.0,0.0,3.5654163360595703,0.8102086186408997,-0.3605005741119385,4.502016544342041,-0.43702009320259094
261.01800537109375,0.0,0.0,0.0,4.092268466949463,0.039352837949991226,-0.003805736545473337,4.064609527587891,-0.007559949532151222
516.3660278320312,0.0,0.0,0.0,4.481998443603516,-0.3936935365200043,0.06597725301980972,4.782395362854004,0.02470717392861843
262.2539978027344,0.0,0.0,0.0,3.6468124389648438,-0.0074558681808412075,0.007619671989232302,2.8336594104766846,0.083222895860672
