286.7179870605469,0.0,0.0,0.0,4.32199764251709,-0.5060638189315796,0.3300422132015228,4.663188934326172,0.34246793389320374
163.98199462890625,0.0,0.0,0.0,4.24957799911499,-0.42175865173339844,0.3577682077884674,4.51926851272583,0.3624315857887268
377.22198486328125,0.0,0.0,0.0,3.7141783237457275,-0.39110058546066284,0.31571489572525024,4.020679950714111,0.39904147386550903
812.5659790039062,0.0,0.0,0.0,4.309051513671875,0.2631557583808899,-0.13279834389686584,4.49355936050415,-0.25671523809432983
481.8739929199219,0.0,0.0,0.0,4.40590763092041,0.06303843855857849,-0.01975925639271736,4.5606560707092285,-0.030815040692687035
335.4460144042969,0.0,0.0,0.0,4.830987930297852,0.04150274023413658,-0.03404550999403,5.201569557189941,-0.07970037311315536
288.2099914550781,0.0,0.0,0.0,4.482369899749756,-0.328259140253067,0.14650380611419678,4.814793109893799,0.23953676223754883
450.8139953613281,0.0,0.0,0.0,4.454646587371826,-0.15857864916324615,0.07311227172613144,4.487486839294434,0.06892822682857513
811.1420288085938,0.0,0.0,0.0,4.079925060272217,0.32339394092559814,-0.2625003457069397,4.443248271942139,-0.3461834192276001
253.1580047607422,0.0,0.0,0.0,4.651322364807129,0.044722527265548706,-0.017054377123713493,4.629937171936035,-0.0047881705686450005
864.5700073242188,0.0,0.0,0.0,4.522974014282227,-0.21307574212551117,0.11782427132129669,4.5953688621521,0.1330849677324295
395.3699951171875,0.0,0.0,0.0,4.2564921379089355,0.3569104075431824,-0.29723069071769714,4.19473934173584,-0.2263459861278534
499.62200927734375,0.0,0.0,0.0,2.2626771926879883,0.02711583860218525,-0.09101944416761398,2.0756561756134033,-0.15350767970085144
273.4540100097656,0.0,0.0,0.0,2.0349931716918945,-0.016122516244649887,0.0813102275133133,1.8385072946548462,0.10248979181051254
916.4660034179688,0.0,0.0,0.0,4.270390033721924,0.42559874057769775,-0.35320091247558594,4.375387191772461,-0.41625621914863586
540.614013671875,0.0,0.0,0.0,1.9117923974990845,0.17403866350650787,-0.5031749606132507,2.0102572441101074,-0.3789289593696594
79.94200134277344,0.0,0.0,0.0,4.277235507965088,0.18976816534996033,-0.13136520981788635,4.074448108673096,-0.1497330367565155
654.385986328125,0.0,0.0,0.0,3.8224172592163086,0.48172321915626526,-0.5172011852264404,3.879183292388916,-0.6037668585777283
205.66200256347656,0.0,0.0,0.0,1.8986027240753174,-0.20585080981254578,0.6475757360458374,1.8883637189865112,0.7177261114120483
731.6019897460938,0.0,0.0,0.0,4.72841739654541,-0.0017874808982014656,0.01735387183725834,4.774881362915039,0.004346693865954876
926.8099975585938,0.0,0.0,0.0,4.087341785430908,-0.4767584204673767,0.43181195855140686,4.3700690269470215,0.3767111301422119
537.218017578125,0.0,0.0,0.0,2.7806055545806885,0.5170254111289978,-0.8080231547355652,2.4984235763549805,-0.8613401651382446
210.14199829101562,0.0,0.0,0.0,1.8613700866699219,-0.2208191156387329,0.6656628847122192,2.148627519607544,0.7955681681632996
468.01800537109375,0.0,0.0,0.0,4.425851821899414,-0.2756248116493225,0.17140188813209534,4.975734710693359,0.11749795824289322
97.68599700927734,0.0,0.0,0.0,4.609477519989014,0.07937733083963394,-0.05486981198191643,4.91734504699707,-0.09238941967487335
438.1820068359375,0.0,0.0,0.0,2.6714046001434326,-0.09709376096725464,0.24777373671531677,2.5029003620147705,0.31438761949539185
450.93798828125,0.0,0.0,0.0,4.473047256469727,-0.15350370109081268,0.08549202978610992,4.676244735717773,0.06714849919080734
109.72599792480469,0.0,0.0,0.0,3.1175594329833984,0.402711421251297,-0.6355137825012207,3.396465301513672,-0.725870668888092
813.510009765625,0.0,0.0,0.0,4.47443151473999,0.2071104347705841,-0.10288427770137787,4.754164695739746,-0.138885959982872
501.7300109863281,0.0,0.0,0.0,2.6827588081359863,0.21914079785346985,-0.3999693691730499,2.929763078689575,-0.4224018454551697
563.822021484375,0.0,0.0,0.0,2.453077793121338,0.39917173981666565,-0.7855738401412964,2.62005877494812,-0.7534477710723877
112.1259994506836,0.0,0.0,0.0,3.6284282207489014,0.3985256552696228,-0.37513241171836853,3.7039928436279297,-0.40004539489746094
226.20199584960938,0.0,0.0,0.0,4.655879497528076,0.13496531546115875,-0.148116797208786,4.345605373382568,-0.29528602957725525
985.677978515625,0.0,0.0,0.0,4.700018882751465,0.03618954122066498,0.003674606094136834,4.835503578186035,-0.06304343044757843
577.1099853515625,0.0,0.0,0.0,3.982365131378174,0.558254063129425,-0.5719265937805176,4.11928653717041,-0.6319677829742432
875.614013671875,0.0,0.0,0.0,3.4973304271698,-0.017961891368031502,-0.028349900618195534,3.2595465183258057,0.03939265385270119
600.2100219726562,0.0,0.0,0.0,3.193450927734375,-0.3947550356388092,0.5013046860694885,3.6769003868103027,0.5881810188293457
897.1500244140625,0.0,0.0,0.0,3.170599937438965,0.44523298740386963,-0.5854179263114929,3.917590618133545,-0.7176023125648499
419.5379943847656,0.0,0.0,0.0,4.205826282501221,0.43396735191345215,-0.35073116421699524,4.709577560424805,-0.3057059347629547
882.6740112304688,0.0,0.0,0.0,4.1803812980651855,-0.3514496982097626,0.285332590341568,4.404682636260986,0.1794687658548355
193.19000244140625,0.0,0.0,0.0,4.392005920410156,-0.13562825322151184,0.09138953685760498,4.8216376304626465,0.09261806309223175
80.05799865722656,0.0,0.0,0.0,4.219608783721924,0.19154803454875946,-0.15008269250392914,3.9606575965881348,-0.21548086404800415
781.2219848632812,0.0,0.0,0.0,4.275768280029297,0.33361494541168213,-0.23582206666469574,4.679127216339111,-0.2725428342819214
620.9459838867188,0.0,0.0,0.0,3.944002628326416,-0.5180965662002563,0.4953799247741699,3.95637845993042,0.5014346837997437
366.1300048828125,0.0,0.0,0.0,3.621751546859741,0.4930509030818939,-0.5284330248832703,4.116430759429932,-0.5644204616546631
709.2659912109375,0.0,0.0,0.0,4.60919713973999,-0.24155430495738983,0.18936054408550262,4.784477710723877,0.15561045706272125
229.93800354003906,0.0,0.0,0.0,4.015903472900391,0.48290014266967773,-0.41283828020095825,4.2866621017456055,-0.4441050589084625
71.8740005493164,0.0,0.0,0.0,4.19413948059082,0.07943461835384369,-0.13248397409915924,4.2869038581848145,-0.1223720908164978
631.1019897460938,0.0,0.0,0.0,3.0413012504577637,-0.16021813452243805,0.10993878543376923,2.800050735473633,0.14595334231853485
487.8900146484375,0.0,0.0,0.0,4.315631866455078,0.3228122591972351,-0.24286314845085144,4.364837169647217,-0.18296262621879578
662.0339965820312,0.0,0.0,0.0,4.25789213180542,0.3274150788784027,-0.22943173348903656,4.507732391357422,-0.204855278134346
94.99400329589844,0.0,0.0,0.0,4.664802074432373,0.055887121707201004,-0.06188594177365303,4.899731159210205,-0.04838704317808151
321.41400146484375,0.0,0.0,0.0,4.677304744720459,-0.14650125801563263,0.16941741108894348,4.725255489349365,0.15861044824123383
169.75399780273438,0.0,0.0,0.0,4.616248607635498,-0.20380799472332,0.12948739528656006,4.666561126708984,0.07677187770605087
102.62200164794922,0.0,0.0,0.0,3.649833917617798,0.5303478240966797,-0.5760127902030945,3.1234912872314453,-0.637262225151062
383.5379943847656,0.0,0.0,0.0,4.512915134429932,0.05488330498337746,-0.06336814165115356,4.71680212020874,-0.02359728142619133
778.97802734375,0.0,0.0,0.0,3.158226251602173,0.39276453852653503,-0.5036748647689819,3.594710350036621,-0.5616798996925354
590.9500122070312,0.0,0.0,0.0,3.3497414588928223,0.3352782130241394,-0.355943888425827,3.164801597595215,-0.45029324293136597
928.5900268554688,0.0,0.0,0.0,4.5334792137146,-0.21633300185203552,0.11349675059318542,4.51202392578125,0.1610456258058548
181.9219970703125,0.0,0.0,0.0,2.180530071258545,-0.17384134232997894,0.44010981917381287,2.186058521270752,0.439296156167984
964.6740112304688,0.0,0.0,0.0,3.7588067054748535,-0.47483590245246887,0.5394865274429321,3.656315326690674,0.5285199880599976
655.64599609375,0.0,0.0,0.0,3.9967763423919678,0.3876217007637024,-0.3254903554916382,3.9458980560302734,-0.3093193769454956
962.573974609375,0.0,0.0,0.0,4.553800582885742,-0.3705577552318573,0.25969094038009644,4.940106391906738,0.2808895707130432
69.15399932861328,0.0,0.0,0.0,3.319200277328491,0.12402856349945068,-0.16247528791427612,3.725506544113159,-0.09864015877246857
393.62200927734375,0.0,0.0,0.0,3.6388823986053467,0.5010027289390564,-0.5596835017204285,3.959285259246826,-0.544443666934967
171.21400451660156,0.0,0.0,0.0,4.679293155670166,-0.0543447807431221,0.025934549048542976,4.575044631958008,0.11952406167984009
619.0819702148438,0.0,0.0,0.0,4.511519432067871,-0.2667087912559509,0.18284207582473755,4.963052749633789,0.2472078949213028
952.9180297851562,0.0,0.0,0.0,4.7900190353393555,-0.055876266211271286,-0.007813194766640663,4.920147895812988,0.06780698895454407
511.41400146484375,0.0,0.0,0.0,4.357680320739746,0.2556767463684082,-0.1589622050523758,4.403614044189453,-0.19716641306877136
331.114013671875,0.0,0.0,0.0,4.528420925140381,-0.223895862698555,0.1569867581129074,4.7664690017700195,0.23482844233512878
314.1419982910156,0.0,0.0,0.0,4.61956262588501,-0.269059419631958,0.16220955550670624,4.454716205596924,0.19242271780967712
535.7420043945312,0.0,0.0,0.0,3.5749049186706543,0.5234441161155701,-0.5103799700737,3.81547474861145,-0.5981898307800293
938.1099853515625,0.0,0.0,0.0,3.614809513092041,-0.275042325258255,0.3008675277233124,4.136125087738037,0.3041687309741974
205.90199279785156,0.0,0.0,0.0,1.8427492380142212,-0.20007626712322235,0.6686811447143555,1.9793587923049927,0.7617752552032471
338.1260070800781,0.0,0.0,0.0,4.849855899810791,-0.2674703001976013,0.1280241161584854,4.750868797302246,0.2562641203403473
412.3500061035156,0.0,0.0,0.0,4.647434711456299,0.03216821700334549,-0.032856766134500504,4.976951599121094,0.0058283875696361065
813.2139892578125,0.0,0.0,0.0,4.412476539611816,0.2336379587650299,-0.1279347687959671,4.648073196411133,-0.10442811250686646
815.3779907226562,0.0,0.0,0.0,4.755825042724609,0.11824943870306015,-0.08726760745048523,4.643430709838867,0.017642099410295486
413.7179870605469,0.0,0.0,0.0,4.4814581871032715,0.2769365608692169,-0.14331170916557312,4.5562825202941895,-0.22770924866199493
768.6580200195312,0.0,0.0,0.0,4.694840908050537,0.01491884421557188,-0.03315511718392372,4.643490314483643,0.05104796588420868
168.30599975585938,0.0,0.0,0.0,4.513512134552002,-0.409155011177063,0.2531055808067322,4.951083660125732,0.2873789966106415
207.28199768066406,0.0,0.0,0.0,1.8299206495285034,-0.17583999037742615,0.56775963306427,1.8379261493682861,0.6052930951118469
868.6859741210938,0.0,0.0,0.0,2.9980671405792236,-0.35925740003585815,0.5588110685348511,3.4275662899017334,0.6348681449890137
169.4459991455078,0.0,0.0,0.0,4.516967296600342,-0.2524930238723755,0.06163319945335388,4.619205951690674,0.045250046998262405
672.166015625,0.0,0.0,0.0,4.127704620361328,-0.30122631788253784,0.25478070974349976,3.975191831588745,0.3231492042541504
813.3060302734375,0.0,0.0,0.0,4.440920352935791,0.21694821119308472,-0.10279615223407745,4.461162090301514,-0.14760033786296844
407.6419982910156,0.0,0.0,0.0,4.591670036315918,0.1484481394290924,0.004593593068420887,4.734351634979248,-0.012834294699132442
944.0780029296875,0.0,0.0,0.0,4.666975975036621,0.17372508347034454,-0.17234672605991364,5.005215644836426,-0.04320884123444557
405.34600830078125,0.0,0.0,0.0,4.28068208694458,0.20912496745586395,-0.08254203200340271,4.429605960845947,-0.10791123658418655
855.7620239257812,0.0,0.0,0.0,4.509869575500488,-0.24502861499786377,0.16468635201454163,4.838639736175537,0.19420285522937775
618.8939819335938,0.0,0.0,0.0,4.464339256286621,-0.2992108464241028,0.18257400393486023,4.8437395095825195,0.19499482214450836
257.010009765625,0.0,0.0,0.0,3.2568471431732178,0.18929798901081085,-0.2157536745071411,3.1860897541046143,-0.2587513029575348
685.3900146484375,0.0,0.0,0.0,3.2844340801239014,0.3551972508430481,-0.4276372194290161,3.4707746505737305,-0.5322893857955933
269.6780090332031,0.0,0.0,0.0,1.7959614992141724,0.14345866441726685,-0.48498719930648804,1.907025694847107,-0.5649404525756836
403.24200439453125,0.0,0.0,0.0,3.4599812030792236,0.32706838846206665,-0.29967644810676575,3.482508420944214,-0.33128249645233154
646.010009765625,0.0,0.0,0.0,4.613860130310059,-0.08888709545135498,0.0684979036450386,5.0745530128479,0.1100013479590416
510.5379943847656,0.0,0.0,0.0,4.0503716468811035,0.31624236702919006,-0.2568410634994507,4.321010589599609,-0.23800057172775269
75.47000122070312,0.0,0.0,0.0,4.395997047424316,0.13226892054080963,-0.24871455132961273,4.178720474243164,-0.3939647674560547
160.71800231933594,0.0,0.0,0.0,4.3193039894104,-0.3919312059879303,0.25466397404670715,4.628359317779541,0.2790985703468323
993.5700073242188,0.0,0.0,0.0,3.564523696899414,0.5221325755119324,-0.5363696813583374,3.6588351726531982,-0.6600327491760254
368.4100036621094,0.0,0.0,0.0,3.875685453414917,0.492093026638031,-0.5220565795898438,3.850156307220459,-0.6090877652168274
761.2739868164062,0.0,0.0,0.0,3.389209270477295,0.43027594685554504,-0.5092055201530457,3.907763957977295,-0.588846743106842
819.8779907226562,0.0,0.0,0.0,4.053966045379639,0.44691354036331177,-0.3356167674064636,4.382200717926025,-0.4131888747215271
851.3619995117188,0.0,0.0,0.0,4.24806022644043,-0.40436193346977234,0.3065232038497925,4.709623336791992,0.27544206380844116
171.08599853515625,0.0,0.0,0.0,4.712578773498535,-0.07097265124320984,-0.02577119879424572,4.690546035766602,0.07231422513723373
396.0140075683594,0.0,0.0,0.0,4.411463737487793,0.3007943332195282,-0.18947891891002655,4.545544624328613,-0.2522910535335541
379.6820068359375,0.0,0.0,0.0,3.7712199687957764,-0.5094097852706909,0.4910930097103119,4.1235222816467285,0.4887703061103821
181.45799255371094,0.0,0.0,0.0,1.9958657026290894,-0.15209117531776428,0.4544016420841217,2.2490713596343994,0.6072280406951904
268.0979919433594,0.0,0.0,0.0,2.948878049850464,0.1585153490304947,-0.3247010111808777,2.116729497909546,-0.4082837700843811
457.3580017089844,0.0,0.0,0.0,3.856649875640869,-0.34163811802864075,0.22983568906784058,3.8454196453094482,0.31257393956184387
135.26199340820312,0.0,0.0,0.0,4.745028972625732,0.013404750265181065,-0.01840216852724552,4.693669319152832,-0.018744848668575287
548.02197265625,0.0,0.0,0.0,1.806262493133545,-0.1672266721725464,0.5722355246543884,1.8768105506896973,0.7181953191757202
716.2059936523438,0.0,0.0,0.0,4.52156925201416,-0.4564506709575653,0.3270743489265442,4.718034267425537,0.35867971181869507
551.6820068359375,0.0,0.0,0.0,1.8765454292297363,-0.2264561951160431,0.6758819818496704,1.8833914995193481,0.7091480493545532
255.2100067138672,0.0,0.0,0.0,3.935722589492798,0.05176389962434769,-0.030177604407072067,3.7720096111297607,0.0015003910521045327
101.23400115966797,0.0,0.0,0.0,4.501667499542236,0.32422420382499695,-0.19415704905986786,4.563179016113281,-0.17446599900722504
155.58599853515625,0.0,0.0,0.0,3.979566812515259,-0.5662933588027954,0.509553074836731,3.758256673812866,0.535622239112854
848.5180053710938,0.0,0.0,0.0,4.277696132659912,-0.3121974766254425,0.2035878747701645,4.654873847961426,0.34997281432151794
244.50599670410156,0.0,0.0,0.0,1.815422534942627,0.10894165933132172,-0.31715330481529236,1.8494337797164917,-0.4304152727127075
223.91799926757812,0.0,0.0,0.0,4.423332691192627,0.2447434514760971,-0.19876965880393982,4.585951805114746,-0.14853347837924957
946.3499755859375,0.0,0.0,0.0,4.065056324005127,-0.4727827310562134,0.42878326773643494,4.114899635314941,0.5402453541755676
496.0780029296875,0.0,0.0,0.0,4.274128437042236,0.03390564024448395,-0.03477444499731064,4.277902603149414,-0.008213959634304047
684.5819702148438,0.0,0.0,0.0,3.308847427368164,0.4453185498714447,-0.5561556220054626,3.2773048877716064,-0.6681643128395081
297.2900085449219,0.0,0.0,0.0,4.602758884429932,-0.12161848694086075,0.04806148633360863,4.913797378540039,0.17215673625469208
686.1220092773438,0.0,0.0,0.0,3.480888843536377,0.37780341506004333,-0.4369366466999054,3.3390119075775146,-0.4255343973636627
995.1300048828125,0.0,0.0,0.0,3.9506118297576904,0.4539734721183777,-0.3795633912086487,4.27218770980835,-0.41992613673210144
646.8099975585938,0.0,0.0,0.0,4.6651811599731445,-0.0842253789305687,0.10750824958086014,4.9373345375061035,0.1280079185962677
144.02200317382812,0.0,0.0,0.0,4.619317531585693,-0.15292584896087646,0.07599648088216782,4.5369696617126465,0.10925271362066269
881.52197265625,0.0,0.0,0.0,3.4713428020477295,-0.38517534732818604,0.4372849762439728,3.6792712211608887,0.424853652715683
838.0859985351562,0.0,0.0,0.0,4.704226016998291,0.2004610300064087,-0.19521421194076538,4.809399127960205,-0.22899919748306274
535.3259887695312,0.0,0.0,0.0,3.5234057903289795,0.5022169351577759,-0.5218637585639954,3.675407648086548,-0.6444205045700073
710.3699951171875,0.0,0.0,0.0,4.584863662719727,-0.3435230553150177,0.2214445322751999,4.441496849060059,0.337589293718338
519.4660034179688,0.0,0.0,0.0,4.4975128173828125,0.16328288614749908,-0.12123386561870575,4.668645858764648,-0.03639008849859238
601.97802734375,0.0,0.0,0.0,4.060703277587891,-0.45329180359840393,0.3574572503566742,4.279825687408447,0.4121386408805847
352.69000244140625,0.0,0.0,0.0,4.734591007232666,-0.18031546473503113,0.12891800701618195,4.7618408203125,0.12165608257055283
281.1059875488281,0.0,0.0,0.0,3.703788995742798,-0.3714158833026886,0.40761417150497437,3.7708420753479004,0.47706252336502075
82.84200286865234,0.0,0.0,0.0,3.143507719039917,0.27972105145454407,-0.4265921711921692,3.4753992557525635,-0.5468291640281677
229.2259979248047,0.0,0.0,0.0,4.171533107757568,0.4126359522342682,-0.3882923722267151,4.2585039138793945,-0.3895530104637146
889.75,0.0,0.0,0.0,3.343754768371582,0.44358423352241516,-0.4975624084472656,3.416170597076416,-0.5295696258544922
858.8820190429688,0.0,0.0,0.0,4.741342067718506,-0.03741864487528801,-0.03140747547149658,4.969509601593018,-0.013467054814100266
220.68600463867188,0.0,0.0,0.0,3.2541682720184326,0.36291590332984924,-0.43902331590652466,3.521191120147705,-0.546351969242096
990.4019775390625,0.0,0.0,0.0,4.476467132568359,0.3341080844402313,-0.22187069058418274,4.760210990905762,-0.3642062246799469
348.5260009765625,0.0,0.0,0.0,4.401571273803711,-0.41806718707084656,0.2849169671535492,4.658152103424072,0.25354474782943726
963.781982421875,0.0,0.0,0.0,4.598013401031494,-0.20016424357891083,0.1109672263264656,4.701724529266357,0.22415314614772797
293.6419982910156,0.0,0.0,0.0,4.602616786956787,-0.0331682525575161,0.07252932339906693,4.767096996307373,0.09993650019168854
976.9140014648438,0.0,0.0,0.0,3.0978646278381348,0.34578755497932434,-0.4955410361289978,3.40018367767334,-0.45800265669822693
415.8659973144531,0.0,0.0,0.0,3.9000186920166016,0.4876202642917633,-0.4251804053783417,4.247756481170654,-0.3944222033023834
376.7539978027344,0.0,0.0,0.0,3.555952548980713,-0.42548131942749023,0.43551942706108093,3.9206125736236572,0.49042752385139465
565.4459838867188,0.0,0.0,0.0,3.1913225650787354,0.4264897108078003,-0.5512413382530212,3.579986333847046,-0.579250156879425
137.6060028076172,0.0,0.0,0.0,2.8792014122009277,0.4391746520996094,-0.6542052626609802,2.8202381134033203,-0.7670847773551941
473.0899963378906,0.0,0.0,0.0,3.323406457901001,0.45671144127845764,-0.5252612829208374,3.202723979949951,-0.5722392797470093
96.21800231933594,0.0,0.0,0.0,4.49103307723999,0.14987774193286896,-0.14531321823596954,4.693045616149902,-0.13382022082805634
293.2900085449219,0.0,0.0,0.0,4.4947686195373535,-0.02254735492169857,0.031035857275128365,4.614133834838867,-0.041300542652606964
469.906005859375,0.0,0.0,0.0,4.718606472015381,-0.0870555192232132,0.07325071096420288,4.778078079223633,0.022181034088134766
500.8420104980469,0.0,0.0,0.0,2.2190616130828857,0.13770799338817596,-0.32392174005508423,2.4964780807495117,-0.40236762166023254
870.5499877929688,0.0,0.0,0.0,4.005853176116943,-0.3821282684803009,0.29640451073646545,4.493642330169678,0.36235877871513367
820.4340209960938,0.0,0.0,0.0,4.290920734405518,0.4431392252445221,-0.35698026418685913,4.3931145668029785,-0.3879021406173706
114.08200073242188,0.0,0.0,0.0,4.0541486740112305,0.4471225142478943,-0.41021397709846497,4.344517230987549,-0.37469542026519775
430.9460144042969,0.0,0.0,0.0,3.5161960124969482,-0.14543002843856812,0.12277993559837341,3.298337936401367,0.14476704597473145
182.62600708007812,0.0,0.0,0.0,2.338372230529785,-0.19922344386577606,0.4192139506340027,2.4061665534973145,0.47240573167800903
710.666015625,0.0,0.0,0.0,4.525155544281006,-0.3704940974712372,0.24953030049800873,4.601412296295166,0.28672245144844055
382.6820068359375,0.0,0.0,0.0,4.658995151519775,-0.0235692597925663,0.0003700120432768017,4.882409572601318,-0.051836300641298294
463.5140075683594,0.0,0.0,0.0,2.416895627975464,-0.30152082443237305,0.5846053957939148,2.479461193084717,0.7739127278327942
384.114013671875,0.0,0.0,0.0,4.560070991516113,0.06455135345458984,-0.07052092254161835,4.736849784851074,-0.004018693696707487
807.9860229492188,0.0,0.0,0.0,3.998883008956909,-0.11916732043027878,0.06670209765434265,4.2018818855285645,0.04590262100100517
383.1860046386719,0.0,0.0,0.0,4.642861366271973,0.06460374593734741,-0.070796899497509,4.455380916595459,-0.08215879648923874
620.0819702148438,0.0,0.0,0.0,4.1475300788879395,-0.4239961504936218,0.42906543612480164,3.7186453342437744,0.542892575263977
283.9100036621094,0.0,0.0,0.0,4.060937404632568,-0.4745498299598694,0.44259053468704224,4.280740737915039,0.5938699245452881
575.27001953125,0.0,0.0,0.0,4.467630863189697,0.40205276012420654,-0.2901771068572998,4.427469730377197,-0.3109543025493622
65.52200317382812,0.0,0.0,0.0,1.7140814065933228,0.03223595768213272,-0.043439414352178574,2.0018317699432373,-0.10398145765066147
950.9180297851562,0.0,0.0,0.0,4.727695941925049,-0.16479399800300598,0.05933224782347679,4.459933280944824,0.03658507391810417
667.0900268554688,0.0,0.0,0.0,4.763995170593262,0.037838298827409744,-0.04936559498310089,4.736608982086182,0.0995529294013977
687.5339965820312,0.0,0.0,0.0,1.9405035972595215,0.12839317321777344,-0.4084981381893158,1.9002605676651,-0.4580291211605072
91.82599639892578,0.0,0.0,0.0,4.254333019256592,0.22532610595226288,-0.16395603120326996,4.434869766235352,-0.16311688721179962
196.41799926757812,0.0,0.0,0.0,3.8094749450683594,-0.017013544216752052,-0.011664100922644138,3.835563898086548,0.10086257010698318
800.7420043945312,0.0,0.0,0.0,4.257343769073486,-0.4018983542919159,0.33283185958862305,3.8296008110046387,0.5934551358222961
377.7139892578125,0.0,0.0,0.0,4.03304386138916,-0.4382535219192505,0.35386303067207336,4.195528984069824,0.44704264402389526
806.2100219726562,0.0,0.0,0.0,2.3714730739593506,-0.23349927365779877,0.48303931951522827,2.811772108078003,0.619971752166748
127.9260025024414,0.0,0.0,0.0,4.299912929534912,0.39932170510292053,-0.4075748324394226,4.052457809448242,-0.5657567977905273
580.4340209960938,0.0,0.0,0.0,4.3192458152771,0.46137434244155884,-0.29285386204719543,4.207412242889404,-0.374872088432312
424.54998779296875,0.0,0.0,0.0,4.656458377838135,0.03979111462831497,-0.06415829807519913,4.838784694671631,0.00016916861932259053
359.6780090332031,0.0,0.0,0.0,2.059741497039795,0.008665073662996292,-0.06661951541900635,2.163224697113037,-0.10730220377445221
122.9219970703125,0.0,0.0,0.0,4.702614784240723,0.049357280135154724,-0.05378948897123337,4.8587327003479,-0.053620073944330215
861.7420043945312,0.0,0.0,0.0,3.93298077583313,-0.4536423087120056,0.3906521201133728,4.353146076202393,0.4436611533164978
350.4700012207031,0.0,0.0,0.0,4.697005748748779,-0.19687402248382568,0.09775201231241226,4.698145866394043,0.13141390681266785
782.43798828125,0.0,0.0,0.0,4.400169372558594,0.14529013633728027,-0.12965556979179382,4.40203857421875,-0.08034279942512512
989.8380126953125,0.0,0.0,0.0,4.428258419036865,0.339853972196579,-0.29802700877189636,4.522162437438965,-0.31471696496009827
287.9700012207031,0.0,0.0,0.0,4.513174533843994,-0.38475728034973145,0.2101234644651413,4.656310081481934,0.22603952884674072
362.1059875488281,0.0,0.0,0.0,2.6004819869995117,0.26292067766189575,-0.5090739727020264,2.6151366233825684,-0.6245212554931641
439.3580017089844,0.0,0.0,0.0,2.4525318145751953,-0.19308745861053467,0.40306952595710754,2.862082004547119,0.5036898851394653
845.3699951171875,0.0,0.0,0.0,3.8401217460632324,-0.3477732539176941,0.43035000562667847,3.270075798034668,0.5950931310653687
145.19400024414062,0.0,0.0,0.0,4.723284721374512,-0.09734693914651871,0.05103319138288498,4.818594455718994,0.020655790343880653
822.9459838867188,0.0,0.0,0.0,4.740931987762451,0.1479330062866211,-0.052734773606061935,4.665578842163086,-0.023697450757026672
443.24200439453125,0.0,0.0,0.0,4.243582725524902,-0.23264214396476746,0.20825211703777313,4.465291500091553,0.3378896117210388
556.6380004882812,0.0,0.0,0.0,2.4969704151153564,-0.24249014258384705,0.5179393887519836,2.9824390411376953,0.5820989012718201
178.24200439453125,0.0,0.0,0.0,1.6800446510314941,-0.1148252785205841,0.4595026969909668,1.6395657062530518,0.48581960797309875
769.5380249023438,0.0,0.0,0.0,4.739919185638428,0.04033176228404045,0.02803693898022175,4.898964881896973,-0.013066728599369526
255.0540008544922,0.0,0.0,0.0,3.969993829727173,0.03490927442908287,-0.027005551382899284,4.0056376457214355,-0.04314299300312996
106.01399993896484,0.0,0.0,0.0,3.2970774173736572,0.43575406074523926,-0.574707567691803,3.5783274173736572,-0.5796356797218323
193.41799926757812,0.0,0.0,0.0,4.461212635040283,-0.14574174582958221,0.08033744245767593,4.848031044006348,0.03235294669866562
771.1099853515625,0.0,0.0,0.0,4.602497100830078,0.20849189162254333,-0.23289039731025696,4.6387152671813965,-0.21489262580871582
877.5659790039062,0.0,0.0,0.0,1.6914290189743042,-0.1268000304698944,0.4260942339897156,1.7333409786224365,0.47294872999191284
389.51800537109375,0.0,0.0,0.0,3.408949136734009,0.3793100118637085,-0.517158567905426,3.3688995838165283,-0.642812192440033
638.5819702148438,0.0,0.0,0.0,3.3038370609283447,-0.2147587686777115,0.23344995081424713,3.344810962677002,0.28616246581077576
977.4739990234375,0.0,0.0,0.0,3.3184101581573486,0.3554866909980774,-0.46229255199432373,3.7422924041748047,-0.4583771526813507
390.2619934082031,0.0,0.0,0.0,3.322205066680908,0.38937699794769287,-0.46514877676963806,3.707592248916626,-0.5958546996116638
371.70599365234375,0.0,0.0,0.0,4.4557318687438965,0.32186439633369446,-0.24800188839435577,4.708913803100586,-0.2774500548839569
615.718017578125,0.0,0.0,0.0,3.1955714225769043,-0.4886228144168854,0.6810244917869568,3.6211941242218018,0.8643841743469238
856.1339721679688,0.0,0.0,0.0,4.610426425933838,-0.20424865186214447,0.09223391115665436,4.627521514892578,0.13648253679275513
633.4099731445312,0.0,0.0,0.0,2.260650634765625,0.013666980899870396,-0.0010124263353645802,2.2852437496185303,0.02417830191552639
688.7780151367188,0.0,0.0,0.0,1.5993965864181519,0.11997883766889572,-0.4527321755886078,1.8032920360565186,-0.5122033953666687
602.7420043945312,0.0,0.0,0.0,4.229466915130615,-0.39572954177856445,0.30823859572410583,4.6265339851379395,0.3331173360347748
698.9619750976562,0.0,0.0,0.0,3.8796844482421875,0.44649162888526917,-0.47899186611175537,4.098028659820557,-0.5867351293563843
814.302001953125,0.0,0.0,0.0,4.654980182647705,0.18949677050113678,-0.07737429440021515,4.820202827453613,-0.05358213186264038
895.1380004882812,0.0,0.0,0.0,3.896432399749756,0.5931481719017029,-0.6140772700309753,3.4113574028015137,-0.6895516514778137
408.60198974609375,0.0,0.0,0.0,4.583919525146484,0.16614225506782532,-0.10614626109600067,4.829374313354492,-0.09764614701271057
402.82598876953125,0.0,0.0,0.0,3.242391347885132,0.3170374035835266,-0.36124154925346375,3.7360599040985107,-0.4642736613750458
695.4660034179688,0.0,0.0,0.0,4.54667854309082,0.24610331654548645,-0.14361102879047394,4.723047733306885,-0.05967048183083534
702.1060180664062,0.0,0.0,0.0,4.565609931945801,0.30360373854637146,-0.15310664474964142,4.648291110992432,-0.2603392004966736
382.93798828125,0.0,0.0,0.0,4.717631816864014,-0.011588952504098415,-0.04541266709566116,4.5299835205078125,-0.10352076590061188
790.4099731445312,0.0,0.0,0.0,1.88052499294281,-0.1533302515745163,0.5205340385437012,1.960413932800293,0.6043065190315247
211.75,0.0,0.0,0.0,2.3335485458374023,-0.26872676610946655,0.6589667797088623,2.6489739418029785,0.7720991969108582
743.9459838867188,0.0,0.0,0.0,2.534780979156494,0.2834331691265106,-0.5404934883117676,3.020007848739624,-0.7050384283065796
170.3419952392578,0.0,0.0,0.0,4.589518070220947,-0.18788087368011475,0.06855040788650513,4.9220871925354,0.05798481032252312
338.010009765625,0.0,0.0,0.0,4.802623748779297,-0.227520152926445,0.15124264359474182,4.987792015075684,0.18576180934906006
165.71400451660156,0.0,0.0,0.0,4.3505120277404785,-0.33964017033576965,0.3839017450809479,4.3147873878479,0.3647772967815399
944.7420043945312,0.0,0.0,0.0,4.705662727355957,0.14097096025943756,-0.061576683074235916,4.782346248626709,0.03507469967007637
451.07000732421875,0.0,0.0,0.0,4.482873916625977,-0.13694597780704498,0.07162868976593018,4.729035377502441,0.012759469449520111
328.2820129394531,0.0,0.0,0.0,4.631640434265137,-0.2332249879837036,0.15227724611759186,4.7970051765441895,0.13196463882923126
311.0820007324219,0.0,0.0,0.0,4.514029502868652,-0.2751938998699188,0.22260649502277374,4.628214359283447,0.27084261178970337
504.32598876953125,0.0,0.0,0.0,3.975078821182251,0.2679614722728729,-0.17157414555549622,4.42832088470459,-0.21077127754688263
834.4979858398438,0.0,0.0,0.0,4.347708225250244,0.5288439989089966,-0.3886673152446747,4.537801742553711,-0.38302382826805115
414.46600341796875,0.0,0.0,0.0,4.079571723937988,0.4358597695827484,-0.48139482736587524,3.885465621948242,-0.6456079483032227
263.3059997558594,0.0,0.0,0.0,4.594433784484863,0.029272276908159256,-0.03795125335454941,4.667816162109375,0.09135309606790543
535.2020263671875,0.0,0.0,0.0,3.4159321784973145,0.4994748830795288,-0.5942542552947998,3.9836935997009277,-0.6221535205841064
647.8820190429688,0.0,0.0,0.0,4.710747241973877,-0.07521525770425797,0.0636877715587616,4.786491394042969,0.07069187611341476
653.6300048828125,0.0,0.0,0.0,4.20129919052124,0.40705156326293945,-0.3680131435394287,4.030380725860596,-0.4369066059589386
388.510009765625,0.0,0.0,0.0,4.580709934234619,0.0338657982647419,-0.11419287323951721,4.2198991775512695,-0.169171541929245
294.5379943847656,0.0,0.0,0.0,4.503978729248047,0.05966534465551376,-0.08570539206266403,4.56804895401001,-0.06221766769886017
734.2659912109375,0.0,0.0,0.0,2.488585948944092,0.3145456314086914,-0.5550659894943237,2.8505795001983643,-0.6583841443061829
544.5460205078125,0.0,0.0,0.0,1.7898939847946167,-0.12777318060398102,0.3993479311466217,1.8834319114685059,0.5517135858535767
669.0819702148438,0.0,0.0,0.0,4.24183988571167,-0.30292606353759766,0.34471696615219116,4.017148494720459,0.45248156785964966
308.4100036621094,0.0,0.0,0.0,4.257272720336914,-0.39671459794044495,0.29257872700691223,4.591483116149902,0.3625415563583374
879.5419921875,0.0,0.0,0.0,2.172995090484619,-0.19978633522987366,0.5019314885139465,2.3527159690856934,0.5731966495513916
56.698001861572266,0.0,0.0,0.0,-0.0018425098387524486,0.0006430662469938397,0.0021161127369850874,0.0,0.0
518.7860107421875,0.0,0.0,0.0,4.488229274749756,0.15516702830791473,-0.11732282489538193,4.668343544006348,-0.16213777661323547
982.0339965820312,0.0,0.0,0.0,4.625751495361328,0.22176897525787354,-0.12180757522583008,4.940968036651611,-0.14105601608753204
172.58599853515625,0.0,0.0,0.0,2.835937976837158,-0.38696518540382385,0.5368503928184509,3.165227174758911,0.741113543510437
861.6179809570312,0.0,0.0,0.0,3.9265739917755127,-0.4383862614631653,0.4089868664741516,4.104980945587158,0.4787733554840088
714.75,0.0,0.0,0.0,4.598289489746094,-0.39927923679351807,0.24292559921741486,4.693522930145264,0.25009363889694214
767.3460083007812,0.0,0.0,0.0,4.758395671844482,-0.01651168055832386,0.03977178782224655,4.562167167663574,-0.09658625721931458
59.66600036621094,0.0,0.0,0.0,-0.002018447034060955,0.00022343396267388016,0.0008923349087126553,0.0,0.0
329.5419921875,0.0,0.0,0.0,4.682568550109863,-0.21019189059734344,0.1729688197374344,4.755259990692139,0.2516554296016693
831.75,0.0,0.0,0.0,3.7656190395355225,0.46384790539741516,-0.3923695683479309,4.4554057121276855,-0.49265795946121216
579.5059814453125,0.0,0.0,0.0,4.071399688720703,0.53279048204422,-0.44232305884361267,4.39850378036499,-0.4288804829120636
580.9539794921875,0.0,0.0,0.0,4.186241626739502,0.4756530821323395,-0.33609509468078613,4.587338447570801,-0.46866661310195923
453.3659973144531,0.0,0.0,0.0,4.397362232208252,-0.05814889818429947,-0.0033513379748910666,4.085373878479004,0.021357964724302292
783.218017578125,0.0,0.0,0.0,4.245599269866943,0.08359447866678238,-0.03485846519470215,4.108649253845215,-0.03343043103814125
842.4099731445312,0.0,0.0,0.0,4.5645575523376465,0.18199369311332703,-0.0973605066537857,4.69942045211792,-0.0432095006108284
171.87399291992188,0.0,0.0,0.0,3.942788600921631,-0.3942400813102722,0.4384569823741913,3.4806461334228516,0.5244908928871155
882.0540161132812,0.0,0.0,0.0,3.8410401344299316,-0.3971514403820038,0.3784356713294983,4.215021133422852,0.29088863730430603
259.49798583984375,0.0,0.0,0.0,4.156533718109131,0.18969762325286865,-0.16322873532772064,4.476317882537842,-0.17054493725299835
709.6699829101562,0.0,0.0,0.0,4.684686660766602,-0.277011513710022,0.19642262160778046,4.98336935043335,0.3076092600822449
255.30599975585938,0.0,0.0,0.0,3.8667783737182617,0.04249174892902374,0.010529055260121822,3.6312530040740967,-0.018694840371608734
973.6060180664062,0.0,0.0,0.0,4.682214736938477,0.007881684228777885,-0.04991218075156212,4.7332763671875,-0.036137260496616364
617.1220092773438,0.0,0.0,0.0,3.6640803813934326,-0.4817650318145752,0.43849268555641174,4.188447952270508,0.41877058148384094
317.906005859375,0.0,0.0,0.0,4.676181793212891,-0.18026094138622284,0.09090455621480942,4.873194217681885,0.09461550414562225
548.1220092773438,0.0,0.0,0.0,1.8131318092346191,-0.16256815195083618,0.6123741865158081,1.8873136043548584,0.6930701732635498
448.010009765625,0.0,0.0,0.0,3.917904853820801,-0.36017513275146484,0.28705576062202454,4.365800857543945,0.3618774116039276
616.0859985351562,0.0,0.0,0.0,3.3196985721588135,-0.5104542374610901,0.6170636415481567,3.9296374320983887,0.7171143293380737
680.1220092773438,0.0,0.0,0.0,4.4798784255981445,-0.3105035424232483,0.1635477989912033,4.409263610839844,0.15675485134124756
278.5740051269531,0.0,0.0,0.0,2.364149332046509,-0.165909081697464,0.39363762736320496,2.594453811645508,0.4593360126018524
879.4420166015625,0.0,0.0,0.0,2.1255311965942383,-0.18743804097175598,0.4771159887313843,2.479729175567627,0.5912314653396606
608.469970703125,0.0,0.0,0.0,4.608725547790527,-0.32571539282798767,0.17825168371200562,4.445403099060059,0.1897638887166977
406.35400390625,0.0,0.0,0.0,4.4217963218688965,0.14171923696994781,-0.07804284244775772,4.767125129699707,-0.05840134620666504
772.6099853515625,0.0,0.0,0.0,4.312576770782471,0.43533018231391907,-0.3314136564731598,4.534214973449707,-0.3454112112522125
206.11000061035156,0.0,0.0,0.0,1.848475694656372,-0.2061031013727188,0.6669818162918091,1.8977248668670654,0.6766341328620911
724.7139892578125,0.0,0.0,0.0,4.357293128967285,-0.4977962076663971,0.3677250146865845,4.548884391784668,0.3687315881252289
121.35399627685547,0.0,0.0,0.0,4.6396164894104,0.10405552387237549,-0.062017831951379776,4.7411909103393555,0.004490688908845186
579.718017578125,0.0,0.0,0.0,4.101729393005371,0.510835587978363,-0.4290098547935486,4.298415184020996,-0.43731802701950073
60.290000915527344,0.0,0.0,0.0,-0.0018119566375389695,0.0007792576216161251,0.0005235361168161035,0.0,0.0
689.6259765625,0.0,0.0,0.0,1.6974098682403564,0.13838700950145721,-0.45710864663124084,1.8133810758590698,-0.5307522416114807
978.530029296875,0.0,0.0,0.0,3.9267680644989014,0.34852051734924316,-0.3170998990535736,4.376682281494141,-0.3817398250102997
319.00201416015625,0.0,0.0,0.0,4.671805381774902,-0.15290075540542603,0.1583978235721588,4.866631984710693,0.13929961621761322
546.3099975585938,0.0,0.0,0.0,1.7031992673873901,-0.12688103318214417,0.5057730078697205,1.8232605457305908,0.6379661560058594
375.99798583984375,0.0,0.0,0.0,3.255471706390381,-0.38274961709976196,0.46597638726234436,3.591217279434204,0.5379987359046936
120.55799865722656,0.0,0.0,0.0,4.549170017242432,0.2051904946565628,-0.07294425368309021,4.510354995727539,-0.12776358425617218
444.25,0.0,0.0,0.0,4.10864782333374,-0.3837929964065552,0.3263806104660034,4.576058864593506,0.37971800565719604
611.2860107421875,0.0,0.0,0.0,4.262368202209473,-0.43574705719947815,0.45576655864715576,4.23548698425293,0.5578217506408691
511.85400390625,0.0,0.0,0.0,4.414172649383545,0.21601206064224243,-0.12298402935266495,4.7984490394592285,-0.11049412935972214
494.7900085449219,0.0,0.0,0.0,4.6276469230651855,0.0552210696041584,0.016177698969841003,4.730946063995361,0.03701210021972656
859.4660034179688,0.0,0.0,0.0,4.700470924377441,-0.04448429122567177,0.02235221117734909,4.635972499847412,-0.02166164666414261
385.906005859375,0.0,0.0,0.0,4.656579494476318,-0.010239184834063053,-0.04312337934970856,4.832488536834717,0.0005824429099448025
918.8779907226562,0.0,0.0,0.0,3.8326940536499023,0.5086272954940796,-0.48935216665267944,4.3109259605407715,-0.57342529296875
360.6059875488281,0.0,0.0,0.0,2.2320330142974854,0.06167596951127052,-0.21122528612613678,2.6338324546813965,-0.26028046011924744
390.1579895019531,0.0,0.0,0.0,3.2803561687469482,0.381088525056839,-0.4967617392539978,3.6406753063201904,-0.5373839139938354
530.27001953125,0.0,0.0,0.0,3.12874698638916,0.47617194056510925,-0.5985029935836792,3.5393013954162598,-0.6485863327980042
291.510009765625,0.0,0.0,0.0,4.314450263977051,-0.3134695589542389,0.1490422636270523,4.582721710205078,0.2002985030412674
987.6060180664062,0.0,0.0,0.0,4.782497406005859,0.023113075643777847,0.025682086125016212,4.959681034088135,-0.02006467804312706
787.0499877929688,0.0,0.0,0.0,2.372307062149048,-0.09706006944179535,0.23487557470798492,2.325303077697754,0.25376924872398376
589.469970703125,0.0,0.0,0.0,3.7115392684936523,0.5159269571304321,-0.5205780863761902,4.0338921546936035,-0.542790412902832
924.2340087890625,0.0,0.0,0.0,4.096153736114502,-0.3441895842552185,0.2996302843093872,4.347969055175781,0.44572126865386963
623.6300048828125,0.0,0.0,0.0,4.520874977111816,-0.29934099316596985,0.17655490338802338,4.70012092590332,0.2215738147497177
851.0180053710938,0.0,0.0,0.0,4.1274094581604,-0.43024253845214844,0.3103776276111603,4.471634387969971,0.32325199246406555
492.84600830078125,0.0,0.0,0.0,4.632988452911377,0.14954394102096558,-0.050672195851802826,4.708790302276611,-0.12658736109733582
781.5339965820312,0.0,0.0,0.0,4.410232067108154,0.227147176861763,-0.16132523119449615,4.458502292633057,-0.2272128462791443
759.197998046875,0.0,0.0,0.0,4.450984001159668,0.27727657556533813,-0.2069404423236847,4.623141288757324,-0.2014099359512329
56.27000045776367,0.0,0.0,0.0,-0.0007374493288807571,0.00036409584572538733,-0.0018717204220592976,0.0,0.0
770.5139770507812,0.0,0.0,0.0,4.842052459716797,0.0574379526078701,-0.04401677846908569,4.889467716217041,0.07527406513690948
535.0859985351562,0.0,0.0,0.0,3.3490757942199707,0.516264021396637,-0.6119494438171387,3.7824904918670654,-0.7078869938850403
780.9860229492188,0.0,0.0,0.0,4.293191432952881,0.3735729157924652,-0.2625007927417755,4.576095104217529,-0.19412502646446228
212.58999633789062,0.0,0.0,0.0,2.783846855163574,-0.3317939341068268,0.5592150092124939,3.174562931060791,0.6081424951553345
581.2899780273438,0.0,0.0,0.0,4.210299015045166,0.4722509980201721,-0.3809337913990021,4.6274800300598145,-0.5293604731559753
194.18600463867188,0.0,0.0,0.0,4.617211818695068,-0.07849088311195374,0.030970031395554543,4.69036865234375,-0.011825816705822945
327.5979919433594,0.0,0.0,0.0,4.567372798919678,-0.25795426964759827,0.20108887553215027,4.627931118011475,0.14853143692016602
150.09800720214844,0.0,0.0,0.0,3.316317081451416,-0.3796982765197754,0.4708649218082428,3.7501025199890137,0.5011051893234253
378.8059997558594,0.0,0.0,0.0,3.9347121715545654,-0.4758419394493103,0.4035128653049469,3.9289395809173584,0.5159820914268494
825.0540161132812,0.0,0.0,0.0,4.6845927238464355,0.010413669049739838,-0.029324186965823174,4.800591945648193,-0.025583073496818542
541.4340209960938,0.0,0.0,0.0,1.7066305875778198,0.05931348726153374,-0.22512491047382355,1.7397172451019287,-0.17190219461917877
218.3179931640625,0.0,0.0,0.0,2.5992867946624756,0.17537878453731537,-0.3701010048389435,2.842418909072876,-0.4298991560935974
882.8140258789062,0.0,0.0,0.0,4.231100082397461,-0.34410735964775085,0.21425777673721313,4.640254974365234,0.21958039700984955
177.99400329589844,0.0,0.0,0.0,1.6627719402313232,-0.11040838062763214,0.45258525013923645,1.8538379669189453,0.5642630457878113
921.2739868164062,0.0,0.0,0.0,3.0193872451782227,-0.32650136947631836,0.41805997490882874,3.1424436569213867,0.5096907019615173
460.7539978027344,0.0,0.0,0.0,4.494980812072754,-0.0772676169872284,0.04206254333257675,4.842509746551514,0.03274817392230034
829.6259765625,0.0,0.0,0.0,4.452332973480225,0.3105626702308655,-0.17713944613933563,4.682549953460693,-0.2054932564496994
535.8820190429688,0.0,0.0,0.0,3.5848870277404785,0.49731239676475525,-0.5086635947227478,4.038908004760742,-0.5235081911087036
958.6820068359375,0.0,0.0,0.0,4.56338357925415,-0.19705834984779358,0.07719410955905914,4.438974857330322,0.1533651500940323
119.01799774169922,0.0,0.0,0.0,4.332292079925537,0.368045449256897,-0.253529816865921,4.5518012046813965,-0.20305994153022766
743.3499755859375,0.0,0.0,0.0,2.3403916358947754,0.2653943598270416,-0.5842726230621338,2.441119909286499,-0.6445557475090027
860.0180053710938,0.0,0.0,0.0,4.7223286628723145,-0.030327271670103073,0.037085775285959244,4.441543102264404,0.15490320324897766
732.8619995117188,0.0,0.0,0.0,3.1520068645477295,0.45311710238456726,-0.65378737449646,2.534778118133545,-0.706845760345459
445.6579895019531,0.0,0.0,0.0,4.178012371063232,-0.30407777428627014,0.2042461335659027,4.347286224365234,0.25673457980155945
511.2820129394531,0.0,0.0,0.0,4.269923210144043,0.24825823307037354,-0.1358344703912735,4.757813930511475,-0.19467878341674805
145.6179962158203,0.0,0.0,0.0,4.684220314025879,-0.08066088706254959,-0.01586143672466278,4.9865570068359375,0.010290995240211487
148.8179931640625,0.0,0.0,0.0,2.463046073913574,-0.2691141963005066,0.5569037199020386,2.536717414855957,0.5583948493003845
681.302001953125,0.0,0.0,0.0,4.501038551330566,0.08297853171825409,-0.15519118309020996,4.595272541046143,-0.1684959977865219
357.6499938964844,0.0,0.0,0.0,3.0514140129089355,-0.017830951139330864,0.026308726519346237,2.6664319038391113,-0.03661644086241722
651.114013671875,0.0,0.0,0.0,4.2188520431518555,0.3636256456375122,-0.29679998755455017,4.613478660583496,-0.28422996401786804
97.22599792480469,0.0,0.0,0.0,4.571541786193848,0.1303066611289978,-0.10213807970285416,4.5938544273376465,-0.09173193573951721
547.9180297851562,0.0,0.0,0.0,1.8461692333221436,-0.1720682680606842,0.5592250227928162,1.8118624687194824,0.657917320728302
371.9100036621094,0.0,0.0,0.0,4.461053371429443,0.31857022643089294,-0.2329225391149521,4.691744804382324,-0.29390236735343933
984.0540161132812,0.0,0.0,0.0,4.767367362976074,0.03881542384624481,-0.0492752343416214,5.066069602966309,-0.03975796326994896
970.8099975585938,0.0,0.0,0.0,4.671459197998047,-0.07870771735906601,0.08880964666604996,4.80397891998291,0.06977598369121552
236.7100067138672,0.0,0.0,0.0,4.700850009918213,0.04641611874103546,-0.023569859564304352,4.836235523223877,-0.002072948729619384
816.3980102539062,0.0,0.0,0.0,4.007657051086426,0.36091381311416626,-0.39636513590812683,3.599182367324829,-0.6167660355567932
130.9459991455078,0.0,0.0,0.0,4.222640514373779,0.350364089012146,-0.2693614363670349,4.348587989807129,-0.3275606334209442
902.3699951171875,0.0,0.0,0.0,3.152338743209839,0.42112821340560913,-0.5948197245597839,3.699155330657959,-0.6115456223487854
529.0499877929688,0.0,0.0,0.0,3.7374868392944336,0.4668794572353363,-0.49620234966278076,3.44020676612854,-0.5439528226852417
898.1420288085938,0.0,0.0,0.0,2.7197835445404053,0.4855048358440399,-0.7149555683135986,2.4892401695251465,-0.8556184768676758
856.5460205078125,0.0,0.0,0.0,4.704853534698486,-0.17322494089603424,0.08362182974815369,4.849719524383545,0.08221311122179031
354.93798828125,0.0,0.0,0.0,4.602513313293457,-0.04755939543247223,0.05534963309764862,4.824097633361816,0.07360419631004333
789.6060180664062,0.0,0.0,0.0,1.856994867324829,-0.12734860181808472,0.47083044052124023,1.940503478050232,0.5597090125083923
519.3619995117188,0.0,0.0,0.0,4.505765914916992,0.1695854365825653,-0.11519013345241547,4.658450603485107,-0.12137585878372192
887.177978515625,0.0,0.0,0.0,4.4907331466674805,0.2407044917345047,-0.09803516417741776,4.707059383392334,-0.1827797144651413
166.37399291992188,0.0,0.0,0.0,4.1838860511779785,-0.4520297348499298,0.3459058403968811,4.487424373626709,0.4246709644794464
909.8140258789062,0.0,0.0,0.0,4.5719990730285645,0.15893132984638214,-0.06405509263277054,4.246493816375732,-0.08998976647853851
633.1220092773438,0.0,0.0,0.0,2.238487958908081,-0.01864106021821499,-0.00038975742063485086,2.1585683822631836,-0.005506844259798527
670.9180297851562,0.0,0.0,0.0,3.978348731994629,-0.3482147753238678,0.3443031907081604,4.482999801635742,0.3945196866989136
659.9459838867188,0.0,0.0,0.0,3.3600380420684814,0.4151279628276825,-0.5229944586753845,3.230733633041382,-0.5246489644050598
350.3699951171875,0.0,0.0,0.0,4.678655624389648,-0.19376195967197418,0.15303871035575867,4.779763221740723,0.09285247325897217
440.6820068359375,0.0,0.0,0.0,2.984204053878784,-0.23969562351703644,0.3381166458129883,3.3405210971832275,0.44675248861312866
456.67401123046875,0.0,0.0,0.0,3.533200979232788,-0.38011130690574646,0.37255823612213135,3.8627612590789795,0.43398362398147583
103.4219970703125,0.0,0.0,0.0,3.162824869155884,0.4687480628490448,-0.6185423135757446,3.2111923694610596,-0.5869773030281067
553.6380004882812,0.0,0.0,0.0,1.887316346168518,-0.21013902127742767,0.6297862529754639,2.027587652206421,0.7847206592559814
998.6099853515625,0.0,0.0,0.0,4.348970890045166,0.1118374764919281,-0.1350984424352646,4.250363349914551,-0.11177562922239304
397.1499938964844,0.0,0.0,0.0,4.64166259765625,0.16020232439041138,-0.10405772179365158,4.679747581481934,-0.10980367660522461
404.4859924316406,0.0,0.0,0.0,3.9408745765686035,0.26633769273757935,-0.18559743463993073,4.238371849060059,-0.21035407483577728
983.7100219726562,0.0,0.0,0.0,4.788995265960693,0.04319026321172714,-0.025613581761717796,4.827098369598389,0.027069082483649254
803.9500122070312,0.0,0.0,0.0,1.9827313423156738,-0.2306516021490097,0.6625396609306335,2.1682467460632324,0.7757102847099304
953.6740112304688,0.0,0.0,0.0,4.785351753234863,-0.032503120601177216,0.011135546490550041,5.062031269073486,-0.021198179572820663
858.4099731445312,0.0,0.0,0.0,4.678358554840088,-0.11123841255903244,0.05644705519080162,5.049465656280518,-0.0019447093363851309
808.4340209960938,0.0,0.0,0.0,4.118011474609375,-0.03086816519498825,-0.0009043486206792295,4.572475433349609,0.037866588681936264
768.197998046875,0.0,0.0,0.0,4.759636878967285,0.022416342049837112,-0.04753808304667473,4.796597003936768,-0.008960149250924587
486.17401123046875,0.0,0.0,0.0,3.3586361408233643,0.38916102051734924,-0.4940682053565979,3.7009880542755127,-0.4787862002849579
652.27001953125,0.0,0.0,0.0,4.604649543762207,0.3078429400920868,-0.18561944365501404,4.795393943786621,-0.2224620133638382
623.2100219726562,0.0,0.0,0.0,4.460122108459473,-0.32197561860084534,0.17971156537532806,4.6598029136657715,0.2062796652317047
117.79000091552734,0.0,0.0,0.0,4.438354969024658,0.43264538049697876,-0.27805039286613464,4.413034915924072,-0.33870720863342285
292.8739929199219,0.0,0.0,0.0,4.559496879577637,-0.05073310062289238,-0.007915535941720009,4.671629428863525,-0.060487858951091766
423.114013671875,0.0,0.0,0.0,4.694703578948975,0.07875519245862961,-0.03617650642991066,4.844701290130615,-0.11504741758108139
598.2739868164062,0.0,0.0,0.0,2.2963063716888428,-0.3228130340576172,0.6517234444618225,2.558377504348755,0.7329297661781311
322.10198974609375,0.0,0.0,0.0,4.744880676269531,-0.1981293112039566,0.1563199758529663,4.713384628295898,0.18380330502986908
329.29400634765625,0.0,0.0,0.0,4.685070514678955,-0.1824268251657486,0.089604951441288,4.719916343688965,0.17684073746204376
904.3380126953125,0.0,0.0,0.0,4.0077033042907715,0.44055190682411194,-0.46344271302223206,4.217045307159424,-0.6711797118186951
779.4819946289062,0.0,0.0,0.0,3.4480669498443604,0.4410932958126068,-0.4917220175266266,4.008213520050049,-0.5921997427940369
902.8099975585938,0.0,0.0,0.0,3.4827916622161865,0.4291459023952484,-0.4849039912223816,3.915402889251709,-0.6001356244087219
465.6860046386719,0.0,0.0,0.0,3.381963014602661,-0.39247098565101624,0.41527602076530457,3.881237268447876,0.5014703869819641
914.7420043945312,0.0,0.0,0.0,4.3108930587768555,0.3035203218460083,-0.1969957798719406,4.631400108337402,-0.22789546847343445
183.67799377441406,0.0,0.0,0.0,2.536663055419922,-0.19169515371322632,0.3130882680416107,2.42248797416687,0.3547018766403198
498.3500061035156,0.0,0.0,0.0,3.0025501251220703,0.002410827437415719,-0.015002048574388027,2.864884376525879,-0.002741457661613822
612.9180297851562,0.0,0.0,0.0,3.730276107788086,-0.4929298460483551,0.5229649543762207,3.490321636199951,0.6111664175987244
973.3419799804688,0.0,0.0,0.0,4.694289684295654,0.003818955970928073,0.011337404139339924,4.546014308929443,0.025707116350531578
656.677978515625,0.0,0.0,0.0,4.36020565032959,0.2985818386077881,-0.21812504529953003,4.483630180358887,-0.17621853947639465
567.2020263671875,0.0,0.0,0.0,4.207724094390869,0.337126761674881,-0.22024767100811005,4.670871734619141,-0.37526315450668335
722.302001953125,0.0,0.0,0.0,4.630857467651367,-0.29814815521240234,0.208901047706604,4.884128570556641,0.18413078784942627
767.5700073242188,0.0,0.0,0.0,4.69802188873291,0.028464047238230705,-0.020766938105225563,5.021000385284424,-0.08943503350019455
418.72601318359375,0.0,0.0,0.0,4.209542274475098,0.4193640947341919,-0.35945069789886475,4.249715805053711,-0.38796648383140564
633.510009765625,0.0,0.0,0.0,2.287513256072998,0.004926255904138088,-0.03262791037559509,2.29091477394104,-0.0338132344186306
913.97802734375,0.0,0.0,0.0,4.041083335876465,0.3869399130344391,-0.386942982673645,4.337760925292969,-0.28977012634277344
134.0500030517578,0.0,0.0,0.0,4.65579080581665,0.07973575592041016,0.011727274395525455,4.881209850311279,-0.04577519744634628
159.8179931640625,0.0,0.0,0.0,4.122341632843018,-0.47562241554260254,0.3811672031879425,4.6481451988220215,0.32745233178138733
591.7139892578125,0.0,0.0,0.0,2.138594627380371,0.2210053950548172,-0.522673487663269,1.9811477661132812,-0.5512328147888184
801.3499755859375,0.0,0.0,0.0,3.3097076416015625,-0.526432454586029,0.6712002754211426,3.408884048461914,0.6978735327720642
135.8300018310547,0.0,0.0,0.0,4.753981590270996,0.022121787071228027,0.026922231540083885,5.122470378875732,-0.011016788892447948
599.7659912109375,0.0,0.0,0.0,2.8312220573425293,-0.3334188163280487,0.5586305260658264,3.2319459915161133,0.6092208027839661
378.25799560546875,0.0,0.0,0.0,4.09526252746582,-0.41405126452445984,0.33559170365333557,4.125894069671631,0.37258684635162354
254.21800231933594,0.0,0.0,0.0,4.309805393218994,0.031505484133958817,-0.02109764888882637,4.052515506744385,0.0438137985765934
387.3219909667969,0.0,0.0,0.0,4.546232223510742,-0.05204871669411659,-0.0016894253203645349,4.821774959564209,-0.005460966844111681
586.3140258789062,0.0,0.0,0.0,4.336796760559082,0.3946191072463989,-0.38178831338882446,4.306442737579346,-0.46120744943618774
657.1019897460938,0.0,0.0,0.0,4.489971160888672,0.2556357681751251,-0.14310817420482635,4.328302383422852,-0.14575543999671936
478.3059997558594,0.0,0.0,0.0,3.9304773807525635,0.3339531123638153,-0.2588309645652771,4.364398956298828,-0.27569347620010376
177.8820037841797,0.0,0.0,0.0,1.6513726711273193,-0.10754771530628204,0.43044331669807434,1.7662047147750854,0.49551472067832947
104.35399627685547,0.0,0.0,0.0,3.035224199295044,0.45261308550834656,-0.599980354309082,3.1363775730133057,-0.7894304394721985
422.22198486328125,0.0,0.0,0.0,4.70406436920166,0.08384989947080612,-0.039286643266677856,4.825602054595947,-0.05852936580777168
690.5380249023438,0.0,0.0,0.0,2.002922296524048,0.14561839401721954,-0.41637691855430603,2.0488486289978027,-0.4480929970741272
799.4340209960938,0.0,0.0,0.0,4.403619766235352,-0.40326666831970215,0.31768348813056946,4.407160758972168,0.38648489117622375
869.02197265625,0.0,0.0,0.0,3.1819424629211426,-0.38432711362838745,0.4813992977142334,3.6526217460632324,0.533355712890625
460.2460021972656,0.0,0.0,0.0,4.534628868103027,-0.11713945865631104,0.10187365114688873,4.606329441070557,0.08341586589813232
651.3460083007812,0.0,0.0,0.0,4.325923442840576,0.3586829602718353,-0.21228107810020447,4.521130561828613,-0.25479814410209656
353.01800537109375,0.0,0.0,0.0,4.699599742889404,-0.16647332906723022,0.14976340532302856,4.797501087188721,0.08161873370409012
919.3300170898438,0.0,0.0,0.0,3.9779415130615234,0.46443724632263184,-0.4321151077747345,4.018301486968994,-0.4346209466457367
940.9140014648438,0.0,0.0,0.0,4.509321689605713,-0.07874542474746704,0.05974403768777847,4.492880344390869,0.014584551565349102
826.4099731445312,0.0,0.0,0.0,4.7734785079956055,0.008952063508331776,0.019587909802794456,4.928417205810547,-0.008316680788993835
381.6419982910156,0.0,0.0,0.0,4.492016315460205,-0.26901400089263916,0.13198727369308472,4.860356330871582,0.14177139103412628
598.5460205078125,0.0,0.0,0.0,2.4143121242523193,-0.31761425733566284,0.7269649505615234,2.5200562477111816,0.7837727069854736
969.7739868164062,0.0,0.0,0.0,4.611288547515869,-0.1538587510585785,0.06327816098928452,4.59606409072876,0.055651672184467316
485.510009765625,0.0,0.0,0.0,2.845252275466919,0.33261698484420776,-0.5340279340744019,3.258737325668335,-0.5604667663574219
931.0700073242188,0.0,0.0,0.0,4.66131067276001,0.12704387307167053,-0.1262345314025879,4.334757328033447,-0.020327992737293243
70.65799713134766,0.0,0.0,0.0,3.9150569438934326,0.14418791234493256,-0.07630464434623718,3.9525365829467773,-0.11467044800519943
398.1419982910156,0.0,0.0,0.0,4.600397109985352,0.14260004460811615,-0.014091617427766323,4.698531150817871,-0.04278310760855675
91.302001953125,0.0,0.0,0.0,4.2814741134643555,0.20025548338890076,-0.13257771730422974,4.645109176635742,-0.2705284655094147
973.8460083007812,0.0,0.0,0.0,4.707355976104736,0.014832286164164543,0.032317690551280975,4.5430216789245605,-0.07987651228904724
825.2979736328125,0.0,0.0,0.0,4.698003768920898,0.0324680395424366,-0.07424390316009521,4.893113613128662,-0.0007262507569976151
274.8340148925781,0.0,0.0,0.0,1.6482086181640625,-0.03916917368769646,0.09990902990102768,1.7335604429244995,0.07187874615192413
634.5540161132812,0.0,0.0,0.0,2.236156702041626,-0.022177357226610184,0.04300443083047867,2.310880184173584,0.08782797306776047
409.7980041503906,0.0,0.0,0.0,4.60152006149292,0.25801190733909607,-0.1484358012676239,4.590237617492676,-0.2790585458278656
562.1939697265625,0.0,0.0,0.0,2.720344066619873,0.36737507581710815,-0.5363812446594238,2.7825472354888916,-0.6568756103515625
978.8380126953125,0.0,0.0,0.0,4.149868965148926,0.36317867040634155,-0.23558226227760315,4.467479228973389,-0.2798132300376892
430.010009765625,0.0,0.0,0.0,3.785285234451294,-0.27800047397613525,0.22380118072032928,4.0811004638671875,0.11715908348560333
545.7020263671875,0.0,0.0,0.0,1.6209211349487305,-0.11568835377693176,0.4826737940311432,1.7231436967849731,0.505237340927124
530.1220092773438,0.0,0.0,0.0,3.131972312927246,0.4842204749584198,-0.6653727293014526,3.3866987228393555,-0.6819925308227539
826.5380249023438,0.0,0.0,0.0,4.8051557540893555,-0.005636800546199083,0.005329167004674673,5.055546760559082,-0.059625182300806046
654.2059936523438,0.0,0.0,0.0,3.8277735710144043,0.4831598103046417,-0.5112480521202087,4.2733235359191895,-0.5610206127166748
592.2940063476562,0.0,0.0,0.0,1.7833806276321411,0.17792457342147827,-0.4666520953178406,1.8714463710784912,-0.39981919527053833
410.010009765625,0.0,0.0,0.0,4.603583812713623,0.28774288296699524,-0.1222216933965683,4.869255065917969,-0.19299955666065216
577.85400390625,0.0,0.0,0.0,3.9334962368011475,0.5253122448921204,-0.4775856137275696,4.288772106170654,-0.6819272041320801
949.06201171875,0.0,0.0,0.0,4.513651371002197,-0.3144417703151703,0.16961336135864258,4.57872200012207,0.15483897924423218
455.63800048828125,0.0,0.0,0.0,2.9236679077148438,-0.3328520953655243,0.47424909472465515,2.933326005935669,0.5666499733924866
389.4100036621094,0.0,0.0,0.0,3.5260894298553467,0.3767339289188385,-0.43341296911239624,3.3098902702331543,-0.5803195238113403
300.6820068359375,0.0,0.0,0.0,4.725444793701172,-0.13669729232788086,0.09396863728761673,4.853794574737549,0.11273978650569916
437.36199951171875,0.0,0.0,0.0,3.1189651489257812,-0.10055270791053772,0.138536736369133,2.9433422088623047,0.09212691336870193
102.72200012207031,0.0,0.0,0.0,3.4418115615844727,0.5281373858451843,-0.5489039421081543,2.9960262775421143,-0.6608937382698059
274.92999267578125,0.0,0.0,0.0,1.6258492469787598,-0.03620390594005585,0.08558457344770432,1.6834620237350464,0.09453032910823822
672.5419921875,0.0,0.0,0.0,4.0143256187438965,-0.31885606050491333,0.2650558054447174,3.927586555480957,0.320642352104187
854.3099975585938,0.0,0.0,0.0,4.239985466003418,-0.4134509265422821,0.27865633368492126,4.2327775955200195,0.3070668876171112
621.7139892578125,0.0,0.0,0.0,3.9580368995666504,-0.4444581866264343,0.39720678329467773,4.293329238891602,0.37212496995925903
629.8140258789062,0.0,0.0,0.0,3.533329725265503,-0.3645906448364258,0.35088083148002625,3.392338514328003,0.3679129481315613
289.8940124511719,0.0,0.0,0.0,4.3384785652160645,-0.39615559577941895,0.3671084940433502,4.348948001861572,0.36867475509643555
204.23399353027344,0.0,0.0,0.0,1.8746663331985474,-0.1555241197347641,0.5649309158325195,2.053117036819458,0.5952580571174622
376.4419860839844,0.0,0.0,0.0,3.4444241523742676,-0.3932560980319977,0.4621022641658783,3.7676568031311035,0.5733973383903503
705.7139892578125,0.0,0.0,0.0,4.7137250900268555,0.03864535689353943,-0.030407676473259926,4.8942131996154785,-0.016621777787804604
454.72198486328125,0.0,0.0,0.0,3.0835611820220947,-0.33666568994522095,0.4751441776752472,2.7418246269226074,0.5291375517845154
803.6300048828125,0.0,0.0,0.0,1.9243671894073486,-0.25295212864875793,0.8287697434425354,2.2836344242095947,0.9936243891716003
660.781982421875,0.0,0.0,0.0,3.7718894481658936,0.4115384817123413,-0.462545245885849,4.077480792999268,-0.4369923174381256
535.6380004882812,0.0,0.0,0.0,3.551269292831421,0.523560643196106,-0.5345891714096069,3.5965020656585693,-0.539080023765564
881.2659912109375,0.0,0.0,0.0,3.31514310836792,-0.3612516522407532,0.4186265766620636,3.7101004123687744,0.44663205742836
372.25799560546875,0.0,0.0,0.0,4.48185920715332,0.2721821665763855,-0.17141519486904144,4.5312395095825195,-0.23808439075946808
605.0139770507812,0.0,0.0,0.0,4.3980584144592285,-0.41690027713775635,0.30394041538238525,4.352012634277344,0.3112768232822418
132.58599853515625,0.0,0.0,0.0,4.636846542358398,0.21320708096027374,-0.06888285279273987,4.795106410980225,-0.1259373128414154
359.3699951171875,0.0,0.0,0.0,2.09614896774292,-0.0006277838256210089,-0.05430576205253601,2.1095597743988037,-0.07890170812606812
914.9459838867188,0.0,0.0,0.0,4.395134925842285,0.2954033315181732,-0.24718210101127625,4.314176082611084,-0.19321675598621368
756.010009765625,0.0,0.0,0.0,4.776369571685791,0.2119489312171936,-0.12584912776947021,4.742467880249023,-0.15815997123718262
651.2139892578125,0.0,0.0,0.0,4.266164302825928,0.3475097417831421,-0.26866498589515686,4.727247714996338,-0.36318933963775635
669.7100219726562,0.0,0.0,0.0,3.853945732116699,-0.39802464842796326,0.4191160798072815,3.7973318099975586,0.4377123713493347
248.6219940185547,0.0,0.0,0.0,3.863981008529663,0.35758551955223083,-0.2825661897659302,4.0913472175598145,-0.2920786738395691
455.27801513671875,0.0,0.0,0.0,2.866276264190674,-0.34858590364456177,0.5223361849784851,3.1340839862823486,0.5944184064865112
458.0140075683594,0.0,0.0,0.0,4.031486988067627,-0.30597537755966187,0.18401086330413818,4.136293888092041,0.21835094690322876
577.5339965820312,0.0,0.0,0.0,3.860910654067993,0.539426863193512,-0.49858173727989197,4.18305778503418,-0.5698557496070862
529.3499755859375,0.0,0.0,0.0,3.4524946212768555,0.4785626232624054,-0.5386723279953003,3.334341287612915,-0.6879956722259521
387.5299987792969,0.0,0.0,0.0,4.56129789352417,-0.06051032245159149,0.03987839072942734,4.571944713592529,0.0030576265417039394
948.3419799804688,0.0,0.0,0.0,4.392324924468994,-0.3851311206817627,0.258194237947464,4.488271236419678,0.2845056354999542
184.6699981689453,0.0,0.0,0.0,2.508833169937134,-0.15691761672496796,0.312711626291275,2.401059150695801,0.33703020215034485
122.58599853515625,0.0,0.0,0.0,4.696252822875977,0.05201505124568939,0.0012480192817747593,4.9386186599731445,-0.032888464629650116
954.4619750976562,0.0,0.0,0.0,4.472381591796875,-0.34122735261917114,0.3850691616535187,4.148092746734619,0.45555028319358826
811.2459716796875,0.0,0.0,0.0,4.123130798339844,0.3219946026802063,-0.2501199543476105,4.256921291351318,-0.26121336221694946
779.8140258789062,0.0,0.0,0.0,3.6531901359558105,0.4711347222328186,-0.46307048201560974,4.074995517730713,-0.4676899015903473
732.47802734375,0.0,0.0,0.0,3.7614212036132812,0.3579564094543457,-0.44948744773864746,3.400855302810669,-0.5617308020591736
821.8900146484375,0.0,0.0,0.0,4.5047454833984375,0.24786388874053955,-0.15244071185588837,4.809309959411621,-0.175238236784935
747.6740112304688,0.0,0.0,0.0,3.5778563022613525,0.5139696002006531,-0.5803945064544678,3.759460687637329,-0.6905113458633423
283.4700012207031,0.0,0.0,0.0,3.9946365356445312,-0.4635436236858368,0.3694133162498474,4.209074020385742,0.531011700630188
406.1700134277344,0.0,0.0,0.0,4.399660110473633,0.1427869349718094,-0.08509031683206558,4.685133934020996,-0.07653257995843887
919.5460205078125,0.0,0.0,0.0,3.922545909881592,0.449171245098114,-0.4205564558506012,4.100411415100098,-0.4068475067615509
936.4099731445312,0.0,0.0,0.0,2.8498151302337646,-0.2451176941394806,0.41212356090545654,2.7465462684631348,0.4235736131668091
340.6059875488281,0.0,0.0,0.0,4.576326847076416,-0.30301937460899353,0.15193918347358704,4.5339460372924805,0.10843169689178467
718.0819702148438,0.0,0.0,0.0,4.5610270500183105,-0.37098148465156555,0.22749891877174377,4.843014240264893,0.35345298051834106
342.4339904785156,0.0,0.0,0.0,3.7861056327819824,-0.4759809374809265,0.4761925935745239,4.1986985206604,0.4761686623096466
753.0540161132812,0.0,0.0,0.0,4.6860032081604,0.10593743622303009,-0.02874758094549179,4.616517543792725,-0.03257067874073982
950.3660278320312,0.0,0.0,0.0,4.754171848297119,-0.1965045928955078,0.1485508382320404,4.941765785217285,0.056307826191186905
759.0540161132812,0.0,0.0,0.0,4.4576215744018555,0.2837061285972595,-0.15430861711502075,4.559699058532715,-0.25323426723480225
793.5339965820312,0.0,0.0,0.0,2.675114393234253,-0.33284130692481995,0.5686813592910767,3.043081283569336,0.6981001496315002
270.01800537109375,0.0,0.0,0.0,1.8782172203063965,0.15274320542812347,-0.5155149102210999,2.249333143234253,-0.6868988871574402
919.4140014648438,0.0,0.0,0.0,3.9524903297424316,0.461337685585022,-0.3903566002845764,4.523260116577148,-0.4059045612812042
67.58999633789062,0.0,0.0,0.0,3.002239227294922,0.15110760927200317,-0.2051084190607071,3.3051772117614746,-0.2324371039867401
725.8140258789062,0.0,0.0,0.0,4.438816547393799,-0.3785891830921173,0.22719968855381012,4.7895026206970215,0.2362430840730667
120.6500015258789,0.0,0.0,0.0,4.575786590576172,0.2060016393661499,-0.1076330691576004,5.192928791046143,-0.06009630113840103
909.0139770507812,0.0,0.0,0.0,4.508975982666016,0.25134119391441345,-0.13796131312847137,4.488645076751709,-0.15579535067081451
174.0500030517578,0.0,0.0,0.0,2.9176666736602783,-0.31693077087402344,0.44829311966896057,3.0282862186431885,0.5012586712837219
490.114013671875,0.0,0.0,0.0,4.3167643547058105,0.3949965834617615,-0.2739940881729126,4.318328857421875,-0.33106347918510437
252.38999938964844,0.0,0.0,0.0,4.702635765075684,0.050712693482637405,0.01911030150949955,4.769522666931152,-0.031448375433683395
127.68599700927734,0.0,0.0,0.0,4.484580039978027,0.2864384353160858,-0.35347363352775574,4.199764728546143,-0.40851712226867676
751.197998046875,0.0,0.0,0.0,4.529485702514648,0.22835035622119904,-0.09357018768787384,4.70407772064209,-0.1743638515472412
844.9219970703125,0.0,0.0,0.0,4.366006374359131,-0.16627851128578186,0.28502213954925537,4.037815570831299,0.21728867292404175
180.58599853515625,0.0,0.0,0.0,1.7833925485610962,-0.1321682333946228,0.46564799547195435,1.967835545539856,0.6112664341926575
641.7379760742188,0.0,0.0,0.0,3.754014492034912,-0.48200228810310364,0.45392850041389465,4.051121711730957,0.5661566853523254
263.9179992675781,0.0,0.0,0.0,4.663356781005859,0.06788993626832962,-0.03942118585109711,4.873160362243652,-0.02560417912900448
920.7459716796875,0.0,0.0,0.0,3.162219762802124,-0.2414904087781906,0.47200894355773926,3.2738702297210693,0.5449061989784241
837.2979736328125,0.0,0.0,0.0,4.657281875610352,0.2134220451116562,-0.06934261322021484,4.872318267822266,-0.00853480864316225
486.9700012207031,0.0,0.0,0.0,3.932138204574585,0.4071284234523773,-0.36449334025382996,4.277062892913818,-0.30694136023521423
241.74200439453125,0.0,0.0,0.0,3.204254388809204,0.0014981970889493823,-0.01938755065202713,3.190603494644165,-0.04019933566451073
73.5459976196289,0.0,0.0,0.0,4.488267421722412,0.033022407442331314,-0.04577933996915817,4.634131908416748,-0.02848479151725769
81.11399841308594,0.0,0.0,0.0,3.441885471343994,0.19866326451301575,-0.32466670870780945,3.143341302871704,-0.3480660915374756
627.8140258789062,0.0,0.0,0.0,4.102969169616699,0.17069733142852783,-0.041002631187438965,4.2086262702941895,-0.12831509113311768
267.84600830078125,0.0,0.0,0.0,3.3392913341522217,0.09620094299316406,-0.21039101481437683,2.9229507446289062,-0.28422024846076965
784.9140014648438,0.0,0.0,0.0,3.2905771732330322,0.028414390981197357,-0.013466679491102695,3.0494203567504883,0.012466073036193848
676.9340209960938,0.0,0.0,0.0,3.7942075729370117,-0.3866997957229614,0.34011587500572205,3.946337938308716,0.3823813199996948
94.67400360107422,0.0,0.0,0.0,4.628666400909424,0.04948653653264046,-0.004748859442770481,4.91951847076416,-0.0022363783791661263
700.9340209960938,0.0,0.0,0.0,4.108926296234131,0.3995022475719452,-0.31131672859191895,4.645853042602539,-0.40870267152786255
749.2659912109375,0.0,0.0,0.0,3.8208887577056885,0.41322168707847595,-0.40644681453704834,4.288890838623047,-0.44317272305488586
323.5899963378906,0.0,0.0,0.0,4.693227291107178,-0.3188852071762085,0.21730171144008636,4.547492027282715,0.2893967032432556
192.54600524902344,0.0,0.0,0.0,4.355836868286133,-0.13602986931800842,0.04101916030049324,4.370560169219971,0.07610699534416199
606.7780151367188,0.0,0.0,0.0,4.495110988616943,-0.4603574872016907,0.39849042892456055,4.628140449523926,0.2982403635978699
803.8099975585938,0.0,0.0,0.0,1.9722901582717896,-0.24902355670928955,0.7617742419242859,2.0999374389648438,0.8195385932922363
685.2780151367188,0.0,0.0,0.0,3.241666316986084,0.3706730008125305,-0.4306863844394684,3.5048253536224365,-0.5428506135940552
399.1579895019531,0.0,0.0,0.0,4.373419284820557,0.0393269844353199,-0.015278181061148643,4.350436210632324,0.017998654395341873
587.406005859375,0.0,0.0,0.0,4.161223411560059,0.5093729496002197,-0.42255523800849915,4.168891429901123,-0.3986826539039612
536.0139770507812,0.0,0.0,0.0,3.6776936054229736,0.4912470281124115,-0.44404011964797974,3.9110569953918457,-0.4433668255805969
658.97802734375,0.0,0.0,0.0,3.1630513668060303,0.47838371992111206,-0.5743632316589355,3.1496236324310303,-0.673344075679779
582.7780151367188,0.0,0.0,0.0,4.525363922119141,0.3806224465370178,-0.2567785084247589,4.526724338531494,-0.1657869666814804
789.06201171875,0.0,0.0,0.0,1.7603847980499268,-0.1124049723148346,0.43439391255378723,1.9043062925338745,0.5437617897987366
653.177978515625,0.0,0.0,0.0,4.5863423347473145,0.2434481680393219,-0.24201349914073944,4.37117338180542,-0.2547113299369812
138.41799926757812,0.0,0.0,0.0,2.5779786109924316,0.35765600204467773,-0.631827175617218,2.886223316192627,-0.7568081617355347
859.3660278320312,0.0,0.0,0.0,4.730005264282227,-0.03407682478427887,0.041988398879766464,4.829309463500977,0.04129461199045181
96.5739974975586,0.0,0.0,0.0,4.477572441101074,0.1726738065481186,-0.07634030282497406,4.744447708129883,-0.04764101281762123
330.7539978027344,0.0,0.0,0.0,4.534198760986328,-0.30747339129447937,0.16653156280517578,4.6595611572265625,0.16586026549339294
594.1820068359375,0.0,0.0,0.0,2.2317371368408203,-0.10624193400144577,0.3464600741863251,2.359499216079712,0.3446793854236603
647.5139770507812,0.0,0.0,0.0,4.662199020385742,-0.0840131938457489,0.03443824499845505,4.816001892089844,0.060844067484140396
374.29400634765625,0.0,0.0,0.0,4.2784528732299805,-0.06869038939476013,0.20322369039058685,3.9107959270477295,0.3256707489490509
713.0139770507812,0.0,0.0,0.0,4.554571151733398,-0.3988262414932251,0.2448960840702057,4.841429233551025,0.27183666825294495
170.5500030517578,0.0,0.0,0.0,4.669742107391357,-0.17578493058681488,0.08309507369995117,4.7584547996521,0.08847639709711075
177.7779998779297,0.0,0.0,0.0,1.633353590965271,-0.10681910067796707,0.4210681617259979,1.787810206413269,0.48601141571998596
610.5339965820312,0.0,0.0,0.0,4.209360122680664,-0.4468553364276886,0.37322545051574707,4.131624221801758,0.4139745831489563
137.91799926757812,0.0,0.0,0.0,2.854914665222168,0.42685604095458984,-0.6640394330024719,2.8033008575439453,-0.679002583026886
798.6099853515625,0.0,0.0,0.0,4.715245246887207,-0.12907038629055023,0.07080646604299545,4.859738826751709,0.27978387475013733
594.6339721679688,0.0,0.0,0.0,2.3779497146606445,-0.1330656111240387,0.3242231607437134,2.684385061264038,0.40730637311935425
741.7100219726562,0.0,0.0,0.0,2.9487643241882324,0.33372342586517334,-0.5275429487228394,2.68557071685791,-0.6832728385925293
967.6099853515625,0.0,0.0,0.0,4.205629825592041,-0.41171419620513916,0.27876800298690796,4.313980579376221,0.2715752422809601
469.4339904785156,0.0,0.0,0.0,4.760037422180176,-0.10711067169904709,0.02887982688844204,4.807744026184082,0.033592186868190765
867.5020141601562,0.0,0.0,0.0,2.8101797103881836,-0.36467844247817993,0.520720362663269,2.7469277381896973,0.7037280201911926
652.0380249023438,0.0,0.0,0.0,4.56879186630249,0.32112881541252136,-0.17805635929107666,4.864372253417969,-0.21453385055065155
298.5459899902344,0.0,0.0,0.0,4.635317802429199,-0.2439490556716919,0.12448254227638245,4.8946099281311035,0.14092159271240234
697.9539794921875,0.0,0.0,0.0,4.709826946258545,0.024728737771511078,-0.012214704416692257,4.572685241699219,-0.19531798362731934
730.4660034179688,0.0,0.0,0.0,4.761328220367432,0.027042323723435402,-0.013175450265407562,4.693218231201172,0.04312654212117195
881.75,0.0,0.0,0.0,3.593156337738037,-0.3797677159309387,0.4104117453098297,3.821418523788452,0.3758484423160553
676.3499755859375,0.0,0.0,0.0,3.8056275844573975,-0.36391350626945496,0.37038424611091614,3.9609577655792236,0.3769758939743042
93.6500015258789,0.0,0.0,0.0,4.469258785247803,0.13268476724624634,-0.07990879565477371,4.680654525756836,-0.07287018746137619
502.6419982910156,0.0,0.0,0.0,3.1033620834350586,0.24127142131328583,-0.3383658528327942,3.698277711868286,-0.4275099039077759
585.7219848632812,0.0,0.0,0.0,4.289880275726318,0.3735630214214325,-0.30320802330970764,4.679238796234131,-0.3551979660987854
908.4299926757812,0.0,0.0,0.0,4.331453800201416,0.3145641088485718,-0.20697814226150513,4.571191310882568,-0.14851319789886475
863.2659912109375,0.0,0.0,0.0,4.222389221191406,-0.33112284541130066,0.24420800805091858,4.42855167388916,0.2454989105463028
378.4700012207031,0.0,0.0,0.0,4.0629987716674805,-0.4282960295677185,0.3105175197124481,4.130163192749023,0.5170382857322693
125.91000366210938,0.0,0.0,0.0,4.585994720458984,0.23093490302562714,-0.10351743549108505,4.940918922424316,-0.06745732575654984
816.8140258789062,0.0,0.0,0.0,3.250154972076416,0.4575972557067871,-0.4979281723499298,3.4096474647521973,-0.7278175354003906
920.3779907226562,0.0,0.0,0.0,3.715317726135254,-0.028879381716251373,0.2100435346364975,3.0882747173309326,0.3099260926246643
250.02999877929688,0.0,0.0,0.0,4.36550235748291,0.22576402127742767,-0.1167030856013298,4.497228622436523,-0.0595526285469532
931.6060180664062,0.0,0.0,0.0,4.598231792449951,0.10439924150705338,-0.06869758665561676,4.96129846572876,-0.0303826704621315
481.0140075683594,0.0,0.0,0.0,4.50554895401001,0.09693735837936401,-0.03160776197910309,4.554836750030518,-0.13609781861305237
605.7860107421875,0.0,0.0,0.0,4.522247791290283,-0.3885182738304138,0.28289705514907837,4.790133476257324,0.24172574281692505
257.8500061035156,0.0,0.0,0.0,3.5213375091552734,0.2530060112476349,-0.2816411256790161,3.6020214557647705,-0.2470129132270813
525.3140258789062,0.0,0.0,0.0,2.940402030944824,0.5279024839401245,-0.6760553121566772,2.797960042953491,-0.8343654274940491
434.0580139160156,0.0,0.0,0.0,3.1171257495880127,-0.27673301100730896,0.3677813708782196,3.4204742908477783,0.3838345408439636
540.5139770507812,0.0,0.0,0.0,1.885752558708191,0.17424428462982178,-0.5003067255020142,1.852331280708313,-0.4739537239074707
411.7820129394531,0.0,0.0,0.0,4.627197742462158,0.05190397426486015,0.007407600991427898,5.0072021484375,0.08725553005933762
566.2860107421875,0.0,0.0,0.0,3.6681790351867676,0.3894340693950653,-0.386424720287323,3.973179340362549,-0.3566954731941223
546.0139770507812,0.0,0.0,0.0,1.6505848169326782,-0.12332703173160553,0.5211607813835144,1.8262343406677246,0.6129136085510254
941.7420043945312,0.0,0.0,0.0,4.618626117706299,0.05897402763366699,-0.1290498822927475,4.580194473266602,-0.09770382940769196
237.98599243164062,0.0,0.0,0.0,4.706965446472168,0.027714453637599945,-0.03640862926840782,4.808732509613037,0.032005663961172104
69.98200225830078,0.0,0.0,0.0,3.6559321880340576,0.14666050672531128,-0.18140803277492523,4.118314743041992,-0.15441133081912994
911.0980224609375,0.0,0.0,0.0,4.695775032043457,0.11635753512382507,-0.049731943756341934,4.6277055740356445,-0.06302376091480255
83.78600311279297,0.0,0.0,0.0,3.6235029697418213,0.3243924677371979,-0.330115407705307,3.915321111679077,-0.28235089778900146
483.6300048828125,0.0,0.0,0.0,2.3611629009246826,0.27427685260772705,-0.5545831322669983,2.387115955352783,-0.7069040536880493
356.1860046386719,0.0,0.0,0.0,3.9835503101348877,-0.04436102882027626,0.07787632942199707,4.087773323059082,0.017736446112394333
765.4459838867188,0.0,0.0,0.0,4.626566410064697,0.14422839879989624,-0.09156515449285507,4.533877849578857,-0.11972600221633911
107.4540023803711,0.0,0.0,0.0,3.380988836288452,0.5296744108200073,-0.6193342804908752,3.009016752243042,-0.5830478668212891
551.27001953125,0.0,0.0,0.0,1.908539056777954,-0.21819522976875305,0.6708385348320007,1.94529390335083,0.7285506129264832
954.9420166015625,0.0,0.0,0.0,4.096421718597412,-0.4760575592517853,0.44393390417099,3.970391035079956,0.5176575183868408
721.6259765625,0.0,0.0,0.0,4.477845668792725,-0.30607354640960693,0.2143474668264389,4.829372882843018,0.21038134396076202
518.030029296875,0.0,0.0,0.0,4.382955551147461,0.23855894804000854,-0.20211243629455566,4.275655746459961,-0.1325273960828781
503.9020080566406,0.0,0.0,0.0,3.83760404586792,0.29485222697257996,-0.30553844571113586,3.9068071842193604,-0.22507689893245697
947.3419799804688,0.0,0.0,0.0,4.092568397521973,-0.5023384094238281,0.3582271933555603,4.409331798553467,0.415754497051239
199.6179962158203,0.0,0.0,0.0,2.5407519340515137,-0.25601911544799805,0.5256395936012268,2.8988096714019775,0.6229467391967773
671.2659912109375,0.0,0.0,0.0,4.0515289306640625,-0.34743180871009827,0.2739553153514862,4.199830532073975,0.3048863112926483
180.94200134277344,0.0,0.0,0.0,1.8064888715744019,-0.13870109617710114,0.4329620599746704,2.068190336227417,0.5329948663711548
85.34200286865234,0.0,0.0,0.0,3.985285520553589,0.3448733389377594,-0.3253932595252991,3.832942008972168,-0.44996750354766846
791.9459838867188,0.0,0.0,0.0,2.2484686374664307,-0.2088199406862259,0.5492625832557678,2.4420382976531982,0.6196443438529968
315.01800537109375,0.0,0.0,0.0,4.671902179718018,-0.32244443893432617,0.1990068107843399,4.694984436035156,0.1945333182811737
338.9419860839844,0.0,0.0,0.0,4.512665271759033,-0.4070643484592438,0.25381574034690857,4.525124549865723,0.3226774036884308
634.1740112304688,0.0,0.0,0.0,2.269521474838257,-0.01833466626703739,0.05665377154946327,2.395831346511841,0.058205459266901016
399.25,0.0,0.0,0.0,4.364424705505371,0.04601925611495972,0.00428073201328516,4.145153999328613,0.012878047302365303
575.1220092773438,0.0,0.0,0.0,4.4570136070251465,0.43018531799316406,-0.2980133593082428,4.6710405349731445,-0.27926886081695557
170.77000427246094,0.0,0.0,0.0,4.654412746429443,-0.14700967073440552,-0.0022348992060869932,5.056665420532227,-0.0067027416080236435
537.9979858398438,0.0,0.0,0.0,2.2748758792877197,0.3820909857749939,-0.8011812567710876,2.2012898921966553,-0.7247934937477112
942.8939819335938,0.0,0.0,0.0,4.676968097686768,0.1972775012254715,-0.0727505013346672,4.698143482208252,-0.12124444544315338
435.8580017089844,0.0,0.0,0.0,3.4654946327209473,-0.20497070252895355,0.20561738312244415,3.893389940261841,0.15939483046531677
546.114013671875,0.0,0.0,0.0,1.6874858140945435,-0.12611132860183716,0.5190043449401855,1.6965092420578003,0.5659400224685669
467.5740051269531,0.0,0.0,0.0,4.3918890953063965,-0.2908073365688324,0.17604099214076996,4.399466514587402,0.20042505860328674
399.0220031738281,0.0,0.0,0.0,4.421183109283447,0.05656083673238754,-0.03425127640366554,4.502269268035889,-0.05222592130303383
525.7420043945312,0.0,0.0,0.0,2.7376089096069336,0.4382762014865875,-0.6675266027450562,2.584895372390747,-0.805481493473053
60.38199996948242,0.0,0.0,0.0,-0.0007445687660947442,0.0003598949988372624,-0.0019650140311568975,0.0,0.0
593.9500122070312,0.0,0.0,0.0,2.0491466522216797,-0.07365915179252625,0.26025813817977905,2.408827781677246,0.3190949261188507
218.5260009765625,0.0,0.0,0.0,2.6723365783691406,0.2000848650932312,-0.38406217098236084,3.039283275604248,-0.35887348651885986
163.1219940185547,0.0,0.0,0.0,4.226588726043701,-0.4668062925338745,0.35933777689933777,4.176301956176758,0.3695555031299591
562.6339721679688,0.0,0.0,0.0,2.717043876647949,0.34253257513046265,-0.6023275256156921,3.0948803424835205,-0.7249349355697632
728.1220092773438,0.0,0.0,0.0,4.655539035797119,-0.10230205953121185,0.053977031260728836,5.0092291831970215,-0.06333751976490021
180.802001953125,0.0,0.0,0.0,1.846544623374939,-0.14469285309314728,0.5048233270645142,1.7443040609359741,0.4206959903240204
778.1939697265625,0.0,0.0,0.0,2.879314422607422,0.4150804877281189,-0.6083353161811829,2.9709537029266357,-0.7460596561431885
334.4259948730469,0.0,0.0,0.0,4.678695201873779,0.04780177026987076,-0.02570580691099167,4.992397785186768,-0.07717307657003403
747.9619750976562,0.0,0.0,0.0,3.4226720333099365,0.5016096234321594,-0.4695132374763489,3.6555593013763428,-0.6287950873374939
698.2780151367188,0.0,0.0,0.0,4.5912089347839355,0.14853814244270325,-0.22591188549995422,4.380013942718506,-0.37630602717399597
473.2900085449219,0.0,0.0,0.0,3.1427454948425293,0.4407513439655304,-0.5949416756629944,3.2867894172668457,-0.7322697639465332
982.5460205078125,0.0,0.0,0.0,4.621825218200684,0.14579002559185028,-0.032591767609119415,4.788177013397217,-0.16056044399738312
630.6259765625,0.0,0.0,0.0,3.1760072708129883,-0.23338806629180908,0.22858990728855133,3.2042155265808105,0.17515206336975098
978.9500122070312,0.0,0.0,0.0,4.238464832305908,0.3499695956707001,-0.26102393865585327,4.370529651641846,-0.25061139464378357
978.0540161132812,0.0,0.0,0.0,3.664865016937256,0.38731953501701355,-0.31749358773231506,4.0751872062683105,-0.4247865080833435
102.18599700927734,0.0,0.0,0.0,4.338013172149658,0.3995811641216278,-0.40886417031288147,3.420912027359009,-0.6044396758079529
917.469970703125,0.0,0.0,0.0,4.190883636474609,0.40666353702545166,-0.27950170636177063,4.325663089752197,-0.3606092929840088
275.27801513671875,0.0,0.0,0.0,1.541309118270874,-0.02123568207025528,0.11642242223024368,1.5532174110412598,0.11127789318561554
431.5740051269531,0.0,0.0,0.0,3.048722505569458,-0.12795406579971313,0.23353861272335052,2.9866178035736084,0.23755410313606262
760.7420043945312,0.0,0.0,0.0,3.596489191055298,0.46043702960014343,-0.5573906898498535,3.5719916820526123,-0.6557998061180115
957.530029296875,0.0,0.0,0.0,4.362631320953369,-0.3456958532333374,0.2255493551492691,4.468911647796631,0.2670547366142273
335.24200439453125,0.0,0.0,0.0,4.787301063537598,0.09411107003688812,-0.08067499846220016,5.11043119430542,-0.05224042385816574
570.781982421875,0.0,0.0,0.0,3.761126756668091,0.43632662296295166,-0.44470781087875366,3.9104483127593994,-0.5590392351150513
142.2899932861328,0.0,0.0,0.0,4.519338130950928,0.22610017657279968,-0.11632701754570007,4.716431617736816,-0.13738641142845154
580.1900024414062,0.0,0.0,0.0,4.171696662902832,0.4625437557697296,-0.3612630069255829,4.862081527709961,-0.44063228368759155
78.51399993896484,0.0,0.0,0.0,4.197392463684082,0.3301609456539154,-0.23934276401996613,4.431354999542236,-0.29218026995658875
826.8820190429688,0.0,0.0,0.0,4.761412143707275,0.04099414870142937,-0.1061241403222084,4.809126377105713,-0.08457142114639282
863.1220092773438,0.0,0.0,0.0,4.248738765716553,-0.354205459356308,0.23561778664588928,4.412198543548584,0.3077180087566376
873.8099975585938,0.0,0.0,0.0,4.3807549476623535,-0.09406568109989166,0.03827998414635658,4.223684310913086,0.05257875472307205
868.8099975585938,0.0,0.0,0.0,3.09309720993042,-0.3694428503513336,0.5635005235671997,3.35922908782959,0.5722411870956421
597.4099731445312,0.0,0.0,0.0,3.080068588256836,-0.4219304919242859,0.6122429370880127,2.7493226528167725,0.6974490284919739
500.17401123046875,0.0,0.0,0.0,2.1679954528808594,0.08793096989393234,-0.21046453714370728,2.2724924087524414,-0.2867623269557953
543.3300170898438,0.0,0.0,0.0,1.5887507200241089,-0.07395414263010025,0.3041742146015167,1.7878339290618896,0.3550046980381012
757.6060180664062,0.0,0.0,0.0,4.452996253967285,0.3599899113178253,-0.28008008003234863,4.2833380699157715,-0.33220505714416504
708.7459716796875,0.0,0.0,0.0,4.598479270935059,-0.2586157023906708,0.14303407073020935,4.75307559967041,0.19160300493240356
661.5419921875,0.0,0.0,0.0,4.1739606857299805,0.3865576982498169,-0.2599239945411682,4.147319316864014,-0.2416647970676422
192.197998046875,0.0,0.0,0.0,4.282731533050537,-0.15339824557304382,0.11115497350692749,4.532949924468994,0.13569912314414978
234.49000549316406,0.0,0.0,0.0,4.661151885986328,0.12784536182880402,-0.062089331448078156,4.961280822753906,-0.048354875296354294
907.97802734375,0.0,0.0,0.0,4.216443061828613,0.33905988931655884,-0.16942134499549866,4.810646057128906,-0.3392332196235657
578.85400390625,0.0,0.0,0.0,3.8215739727020264,0.5466526746749878,-0.5339052677154541,4.117092609405518,-0.6126579642295837
502.01800537109375,0.0,0.0,0.0,2.727186918258667,0.21490104496479034,-0.3358055651187897,2.9804956912994385,-0.4050651788711548
241.3979949951172,0.0,0.0,0.0,3.438075542449951,0.011353451758623123,-0.005727834068238735,3.120220184326172,0.014901747927069664
259.6059875488281,0.0,0.0,0.0,4.195359230041504,0.18972361087799072,-0.14989133179187775,4.612922191619873,-0.09095799177885056
417.1099853515625,0.0,0.0,0.0,4.295105934143066,0.3087252080440521,-0.18551358580589294,4.563989162445068,-0.21501855552196503
646.4660034179688,0.0,0.0,0.0,4.695991516113281,-0.1080177053809166,0.07279779016971588,4.746778964996338,0.05610276386141777
170.64999389648438,0.0,0.0,0.0,4.667628288269043,-0.17222221195697784,0.06491519510746002,4.827358722686768,0.02990083023905754
206.3179931640625,0.0,0.0,0.0,1.85422682762146,-0.20207616686820984,0.6659787893295288,1.805605173110962,0.6579351425170898
982.4660034179688,0.0,0.0,0.0,4.645992279052734,0.1603444367647171,-0.015967968851327896,4.611869812011719,-0.050474680960178375
320.63800048828125,0.0,0.0,0.0,4.721615314483643,-0.03399499133229256,0.014979438856244087,5.1104841232299805,0.06914165616035461
943.2340087890625,0.0,0.0,0.0,4.582767963409424,0.17576172947883606,-0.16699399054050446,4.576287269592285,-0.18586601316928864
954.010009765625,0.0,0.0,0.0,4.780388832092285,-0.021805809810757637,0.033588338643312454,4.7413411140441895,0.22982147336006165
436.45001220703125,0.0,0.0,0.0,3.451770305633545,-0.16582384705543518,0.14275534451007843,3.2548327445983887,0.1581054925918579
699.3779907226562,0.0,0.0,0.0,3.7705905437469482,0.4640214443206787,-0.4565988779067993,3.6113169193267822,-0.5255684852600098
706.64599609375,0.0,0.0,0.0,4.717839241027832,0.03381114825606346,-0.07865886390209198,4.804932117462158,0.05612896382808685
987.7420043945312,0.0,0.0,0.0,4.7608962059021,0.00958320777863264,-0.010057858191430569,4.734640121459961,-0.039092667400836945
168.51400756835938,0.0,0.0,0.0,4.604821681976318,-0.40015262365341187,0.2084018588066101,4.906050682067871,0.2192356139421463
537.8619995117188,0.0,0.0,0.0,2.3560826778411865,0.3995700776576996,-0.8505014777183533,2.404867649078369,-0.856804370880127
609.9819946289062,0.0,0.0,0.0,4.255250930786133,-0.442923903465271,0.3590680956840515,4.486854076385498,0.42118245363235474
454.6619873046875,0.0,0.0,0.0,3.09285044670105,-0.32900920510292053,0.4442509114742279,3.050182819366455,0.536922037601471
291.85400390625,0.0,0.0,0.0,4.462331771850586,-0.20616519451141357,0.11937589943408966,4.600715637207031,0.04903220757842064
945.906005859375,0.0,0.0,0.0,4.392274856567383,-0.33518993854522705,0.36787405610084534,4.357695579528809,0.46851885318756104
839.8779907226562,0.0,0.0,0.0,4.376372814178467,0.45185333490371704,-0.3084871768951416,4.472630977630615,-0.25716644525527954
841.6300048828125,0.0,0.0,0.0,4.634984970092773,0.2915431261062622,-0.08784683048725128,4.5813140869140625,-0.15334464609622955
818.9459838867188,0.0,0.0,0.0,3.660933494567871,0.4380567967891693,-0.43486490845680237,4.075372219085693,-0.5100936889648438
211.41799926757812,0.0,0.0,0.0,2.157912492752075,-0.2517922818660736,0.545279860496521,2.368743658065796,0.6802637577056885
567.4019775390625,0.0,0.0,0.0,4.257599353790283,0.337986558675766,-0.27352452278137207,4.629482746124268,-0.2409496158361435
726.614013671875,0.0,0.0,0.0,4.589650630950928,-0.2395952343940735,0.1185113936662674,4.379843711853027,0.12411105632781982
913.6060180664062,0.0,0.0,0.0,3.9483532905578613,0.41542890667915344,-0.34468045830726624,4.20601224899292,-0.3381900489330292
515.7780151367188,0.0,0.0,0.0,4.558135032653809,0.08538288623094559,-0.05403267219662666,4.486392974853516,-0.1897384077310562
746.4660034179688,0.0,0.0,0.0,4.122045040130615,0.3364410102367401,-0.23611044883728027,4.177858829498291,-0.20324620604515076
652.385986328125,0.0,0.0,0.0,4.629836082458496,0.2740725576877594,-0.17703469097614288,4.63264799118042,-0.1608281284570694
210.23399353027344,0.0,0.0,0.0,1.8987350463867188,-0.21500742435455322,0.6691460609436035,2.055173397064209,0.7461350560188293
866.4140014648438,0.0,0.0,0.0,4.403616905212402,-0.13889460265636444,0.2705984115600586,3.777076005935669,0.33124783635139465
203.80999755859375,0.0,0.0,0.0,1.8362963199615479,-0.15528397262096405,0.49147504568099976,2.0735888481140137,0.7077916264533997
430.8420104980469,0.0,0.0,0.0,3.5974936485290527,-0.1505826711654663,0.1141304224729538,3.4466660022735596,0.1352197527885437
593.7139892578125,0.0,0.0,0.0,1.9033571481704712,-0.05543094500899315,0.21939246356487274,2.1008079051971436,0.28990378975868225
912.9459838867188,0.0,0.0,0.0,3.770155906677246,0.423993855714798,-0.3991677761077881,4.1674628257751465,-0.5006633400917053
612.2020263671875,0.0,0.0,0.0,3.4555399417877197,-0.535822868347168,0.5690959692001343,3.7554304599761963,0.5947242975234985
555.2059936523438,0.0,0.0,0.0,1.8224362134933472,-0.18323886394500732,0.6315774917602539,2.010760545730591,0.7386243343353271
673.2659912109375,0.0,0.0,0.0,4.04866361618042,-0.3605237901210785,0.3567163646221161,3.721196174621582,0.5081470012664795
914.85400390625,0.0,0.0,0.0,4.371929168701172,0.2880159616470337,-0.22159627079963684,4.512321472167969,-0.2224496752023697
775.8099975585938,0.0,0.0,0.0,4.685826778411865,0.0997217670083046,-0.008037766441702843,4.968100547790527,0.00855566468089819
700.8259887695312,0.0,0.0,0.0,4.0732526779174805,0.4261002540588379,-0.3172440528869629,4.265661239624023,-0.2936977446079254
713.1179809570312,0.0,0.0,0.0,4.57452392578125,-0.3937890827655792,0.2353772222995758,4.726373195648193,0.24397416412830353
167.35400390625,0.0,0.0,0.0,4.347318649291992,-0.46843472123146057,0.3434979021549225,4.46422815322876,0.3884010314941406
939.8779907226562,0.0,0.0,0.0,4.4093170166015625,-0.18660645186901093,0.12015364319086075,4.277018070220947,0.11535677313804626
450.7340087890625,0.0,0.0,0.0,4.438104629516602,-0.16169781982898712,0.06011142209172249,4.623727321624756,0.08804628998041153
93.77799987792969,0.0,0.0,0.0,4.494893550872803,0.12152355909347534,-0.08269291371107101,4.485591411590576,-0.05540449172258377
749.1300048828125,0.0,0.0,0.0,3.795016288757324,0.42971742153167725,-0.44585901498794556,3.9746744632720947,-0.4881150722503662
570.2059936523438,0.0,0.0,0.0,3.8356378078460693,0.4780748188495636,-0.5762560367584229,3.8009471893310547,-0.5978498458862305
517.9099731445312,0.0,0.0,0.0,4.334479331970215,0.21173948049545288,-0.16942425072193146,4.775539875030518,-0.18170863389968872
725.9459838867188,0.0,0.0,0.0,4.498469829559326,-0.36253246665000916,0.22221176326274872,4.846108436584473,0.18894906342029572
770.0819702148438,0.0,0.0,0.0,4.790586948394775,-0.010798430070281029,0.01639503985643387,5.074252128601074,-0.030554404482245445
876.3980102539062,0.0,0.0,0.0,2.2898988723754883,-0.10674982517957687,0.26928454637527466,2.1623740196228027,0.3074090778827667
500.489990234375,0.0,0.0,0.0,2.1705918312072754,0.11566716432571411,-0.3591386377811432,2.283790349960327,-0.3870071768760681
525.4140014648438,0.0,0.0,0.0,2.8427786827087402,0.5030965209007263,-0.7412959933280945,2.969316005706787,-0.8083272576332092
487.4100036621094,0.0,0.0,0.0,4.1076483726501465,0.39631253480911255,-0.29586654901504517,4.3180413246154785,-0.24135982990264893
876.6019897460938,0.0,0.0,0.0,2.0881505012512207,-0.12739308178424835,0.3120526075363159,1.8596161603927612,0.41569945216178894
684.0139770507812,0.0,0.0,0.0,3.9207637310028076,0.39816009998321533,-0.44445642828941345,3.6797449588775635,-0.5814738869667053
189.6219940185547,0.0,0.0,0.0,3.4112260341644287,-0.28924164175987244,0.37919357419013977,3.5705819129943848,0.3958384394645691
604.2940063476562,0.0,0.0,0.0,4.542627334594727,-0.2911125719547272,0.24473950266838074,4.754408359527588,0.3866729736328125
781.7420043945312,0.0,0.0,0.0,4.425386905670166,0.21495233476161957,-0.20386075973510742,4.715630531311035,-0.10422956198453903
473.98199462890625,0.0,0.0,0.0,3.0123744010925293,0.3944040834903717,-0.5726756453514099,3.665182590484619,-0.6824116110801697
322.4100036621094,0.0,0.0,0.0,4.685190200805664,-0.22939090430736542,0.09475719183683395,4.782566547393799,0.1506737619638443
942.4180297851562,0.0,0.0,0.0,4.645908355712891,0.16324560344219208,-0.1143779382109642,4.683187484741211,-0.09710343182086945
236.91400146484375,0.0,0.0,0.0,4.731879234313965,0.036657702177762985,-0.02023184671998024,4.565271854400635,-0.02339204028248787
103.55400085449219,0.0,0.0,0.0,3.083195447921753,0.4508358836174011,-0.524010419845581,3.261090040206909,-0.7060939073562622
601.0859985351562,0.0,0.0,0.0,3.791426658630371,-0.43622544407844543,0.4530879557132721,4.231281280517578,0.4574115574359894
576.114013671875,0.0,0.0,0.0,4.317371368408203,0.48875507712364197,-0.4393467307090759,4.4339518547058105,-0.48448362946510315
472.51800537109375,0.0,0.0,0.0,4.102145671844482,0.34820863604545593,-0.43173494935035706,3.4709696769714355,-0.4815908670425415
869.8140258789062,0.0,0.0,0.0,3.6170003414154053,-0.3832884430885315,0.3573046028614044,3.9374260902404785,0.40842750668525696
290.9179992675781,0.0,0.0,0.0,4.027591705322266,-0.45459824800491333,0.3283465504646301,4.4774017333984375,0.3731112480163574
245.7899932861328,0.0,0.0,0.0,2.105405330657959,0.15289266407489777,-0.3968017101287842,2.3568389415740967,-0.4773625433444977
833.8140258789062,0.0,0.0,0.0,4.419841289520264,0.39822301268577576,-0.38095974922180176,4.636202335357666,-0.3872564733028412
131.0780029296875,0.0,0.0,0.0,4.238997936248779,0.36047840118408203,-0.22684794664382935,4.475467681884766,-0.238193541765213
213.48599243164062,0.0,0.0,0.0,3.2979772090911865,-0.37344416975975037,0.4991406500339508,3.559000015258789,0.4883114993572235
360.6780090332031,0.0,0.0,0.0,2.3077170848846436,0.07294459640979767,-0.2696759104728699,2.51338791847229,-0.28533700108528137
792.885986328125,0.0,0.0,0.0,2.4960646629333496,-0.315341055393219,0.6454288363456726,2.868377208709717,0.8063705563545227
95.08599853515625,0.0,0.0,0.0,4.688916206359863,0.0654449388384819,0.008729557506740093,4.732922554016113,-0.1022210419178009
997.1300048828125,0.0,0.0,0.0,4.4971723556518555,0.22872398793697357,-0.16731518507003784,4.642341613769531,-0.2451341599225998
661.0339965820312,0.0,0.0,0.0,3.914639472961426,0.44957518577575684,-0.4200766384601593,4.286962985992432,-0.5119869112968445
284.1260070800781,0.0,0.0,0.0,4.151488304138184,-0.4953030049800873,0.41060543060302734,4.275183200836182,0.42661479115486145
965.2340087890625,0.0,0.0,0.0,3.3614566326141357,-0.4511129558086395,0.580150306224823,3.3403520584106445,0.6256951093673706
756.7540283203125,0.0,0.0,0.0,4.780186176300049,0.11115062981843948,-0.13259142637252808,4.74492073059082,-0.16691812872886658
86.22200012207031,0.0,0.0,0.0,3.2871625423431396,0.43995749950408936,-0.5028438568115234,3.4036805629730225,-0.5772324800491333
937.8699951171875,0.0,0.0,0.0,3.492866039276123,-0.2845340073108673,0.2936355471611023,3.8342084884643555,0.3172248601913452
808.97802734375,0.0,0.0,0.0,4.298865795135498,-0.01232588104903698,0.00113490701187402,4.424638748168945,0.004652119241654873
330.10198974609375,0.0,0.0,0.0,4.661526679992676,-0.3158882260322571,0.2455890029668808,4.65861701965332,0.26476889848709106
448.9460144042969,0.0,0.0,0.0,4.23630952835083,-0.32013237476348877,0.22529859840869904,4.6563944816589355,0.29717087745666504
628.3740234375,0.0,0.0,0.0,4.087411403656006,0.0047905705869197845,0.09579440951347351,4.128585338592529,0.20949922502040863
526.43798828125,0.0,0.0,0.0,2.6884310245513916,0.42908692359924316,-0.7992113828659058,2.5682661533355713,-0.9291713833808899
394.7699890136719,0.0,0.0,0.0,4.090113639831543,0.43856081366539,-0.3548881411552429,4.000910758972168,-0.3218308389186859
768.4140014648438,0.0,0.0,0.0,4.695581436157227,0.036084823310375214,-0.011089025065302849,4.7363200187683105,-0.009549133479595184
807.8740234375,0.0,0.0,0.0,3.959669828414917,-0.12510305643081665,0.08312016725540161,4.216019153594971,0.05851903185248375
126.15399932861328,0.0,0.0,0.0,4.62319803237915,0.16567440330982208,-0.06643164157867432,4.756087779998779,-0.1924016773700714
796.7459716796875,0.0,0.0,0.0,4.588901042938232,-0.3565119206905365,0.17083963751792908,4.691447734832764,0.1795836240053177
790.9739990234375,0.0,0.0,0.0,1.940855860710144,-0.17119428515434265,0.5572659969329834,1.9635581970214844,0.5502780079841614
148.45799255371094,0.0,0.0,0.0,2.328388214111328,-0.24858197569847107,0.5989915132522583,2.4863595962524414,0.6355775594711304
168.41000366210938,0.0,0.0,0.0,4.577086448669434,-0.40845632553100586,0.266448974609375,4.7337727546691895,0.15676389634609222
470.25799560546875,0.0,0.0,0.0,4.730672359466553,-0.055454276502132416,0.016023799777030945,4.749546527862549,0.05301779881119728
433.1419982910156,0.0,0.0,0.0,2.729609489440918,-0.251227468252182,0.37678608298301697,3.1989645957946777,0.4894225299358368
413.9179992675781,0.0,0.0,0.0,4.430066108703613,0.28634560108184814,-0.16115275025367737,4.351409912109375,-0.23921579122543335
527.4219970703125,0.0,0.0,0.0,2.8424041271209717,0.4051310122013092,-0.6408229470252991,3.2711901664733887,-0.675359308719635
457.8059997558594,0.0,0.0,0.0,3.94303035736084,-0.30778831243515015,0.2019548863172531,4.276106357574463,0.34155213832855225
353.8179931640625,0.0,0.0,0.0,4.776840686798096,-0.09775388985872269,0.01608995534479618,4.82581901550293,-0.02312593162059784
708.2739868164062,0.0,0.0,0.0,4.57336950302124,-0.2923189699649811,0.20982655882835388,4.79511833190918,0.1641039103269577
118.35800170898438,0.0,0.0,0.0,4.383551597595215,0.4336170554161072,-0.28836241364479065,4.259114742279053,-0.36003634333610535
656.1300048828125,0.0,0.0,0.0,4.169882774353027,0.3508778214454651,-0.27083465456962585,4.319639205932617,-0.3146299421787262
625.9140014648438,0.0,0.0,0.0,4.319992542266846,0.0426628403365612,-0.20755112171173096,4.2050933837890625,-0.25447404384613037
807.5059814453125,0.0,0.0,0.0,3.5956265926361084,-0.14924579858779907,0.08040757477283478,4.535747528076172,0.25584936141967773
547.0460205078125,0.0,0.0,0.0,1.8927555084228516,-0.16513538360595703,0.629086971282959,1.9152169227600098,0.6419300436973572
106.75399780273438,0.0,0.0,0.0,3.767181873321533,0.4512517750263214,-0.4421376883983612,3.944502115249634,-0.5604709386825562
873.5419921875,0.0,0.0,0.0,4.498747825622559,-0.07977437227964401,0.00904520507901907,4.457800388336182,0.09083764255046844
884.1820068359375,0.0,0.0,0.0,4.543987274169922,0.07989087700843811,-0.21659861505031586,4.375857353210449,-0.2030595988035202
769.7459716796875,0.0,0.0,0.0,4.758695602416992,0.022857611998915672,0.000603213906288147,4.836194038391113,0.04495327174663544
258.1860046386719,0.0,0.0,0.0,3.628443479537964,0.21563002467155457,-0.18747682869434357,3.6556472778320312,-0.21468722820281982
926.6740112304688,0.0,0.0,0.0,4.08209753036499,-0.4621993601322174,0.4349521994590759,4.108907222747803,0.45922142267227173
452.3420104980469,0.0,0.0,0.0,4.454678535461426,-0.05623224377632141,0.010531934909522533,4.772066593170166,0.10716795176267624
828.2100219726562,0.0,0.0,0.0,4.302774906158447,0.40595173835754395,-0.30893269181251526,4.374089241027832,-0.33528009057044983
704.4459838867188,0.0,0.0,0.0,4.650085926055908,0.04042050614953041,-0.0583902969956398,4.6627655029296875,-0.01875942200422287
150.8820037841797,0.0,0.0,0.0,3.928461790084839,-0.3568221628665924,0.2938995659351349,4.363584518432617,0.3836788833141327
277.5539855957031,0.0,0.0,0.0,1.9683595895767212,-0.1062665581703186,0.31291383504867554,2.1890082359313965,0.4092392921447754
146.61399841308594,0.0,0.0,0.0,3.400756359100342,-0.3071472942829132,0.4985998868942261,3.0726630687713623,0.47605037689208984
890.6060180664062,0.0,0.0,0.0,3.5991880893707275,0.4114929735660553,-0.4852272570133209,3.7539875507354736,-0.5432518720626831
190.71800231933594,0.0,0.0,0.0,3.98214054107666,-0.2837068438529968,0.23193220794200897,4.115253925323486,0.21237030625343323
775.677978515625,0.0,0.0,0.0,4.682202339172363,0.12735655903816223,-0.07261430472135544,4.755488872528076,0.0152032021433115
724.1740112304688,0.0,0.0,0.0,4.1215105056762695,-0.531978964805603,0.39839988946914673,4.61788272857666,0.42372870445251465
171.53399658203125,0.0,0.0,0.0,4.478521823883057,-0.15631051361560822,0.21560519933700562,3.9380040168762207,0.3471199870109558
434.406005859375,0.0,0.0,0.0,3.2085769176483154,-0.251595675945282,0.3123963177204132,3.5674197673797607,0.3762453496456146
109.62200164794922,0.0,0.0,0.0,3.2173173427581787,0.39069661498069763,-0.5823206901550293,2.982606887817383,-0.7165647745132446
988.14599609375,0.0,0.0,0.0,4.754350185394287,0.018872179090976715,-0.0007219940307550132,4.829047203063965,-0.009933971799910069
811.8140258789062,0.0,0.0,0.0,4.182525157928467,0.2829746603965759,-0.19226302206516266,4.496850490570068,-0.29157012701034546
934.4099731445312,0.0,0.0,0.0,3.42205810546875,-0.10648922622203827,0.20388436317443848,3.1450278759002686,0.22711198031902313
551.9459838867188,0.0,0.0,0.0,1.854446291923523,-0.23400618135929108,0.773386538028717,1.93661630153656,0.7740017175674438
364.4779968261719,0.0,0.0,0.0,3.382721185684204,0.4389742910861969,-0.37739497423171997,3.980832815170288,-0.49818506836891174
177.33799743652344,0.0,0.0,0.0,1.67545747756958,-0.12056983262300491,0.40380653738975525,1.6734539270401,0.5442612767219543
379.4179992675781,0.0,0.0,0.0,3.734217405319214,-0.5091673135757446,0.49783599376678467,3.822704792022705,0.5080446004867554
974.2780151367188,0.0,0.0,0.0,4.374645709991455,0.13318787515163422,-0.2952364385128021,3.8385841846466064,-0.4416036903858185
517.8380126953125,0.0,0.0,0.0,4.320156097412109,0.21238034963607788,-0.17877712845802307,4.49579381942749,-0.19653156399726868
465.9100036621094,0.0,0.0,0.0,3.554077625274658,-0.3916563391685486,0.4241374135017395,3.999821662902832,0.5382547378540039
471.39801025390625,0.0,0.0,0.0,4.703580379486084,-0.00865996815264225,0.021719178184866905,4.8590569496154785,-0.029976824298501015
155.47799682617188,0.0,0.0,0.0,4.0026655197143555,-0.5393328666687012,0.5521305203437805,4.029567241668701,0.5332003235816956
73.08599853515625,0.0,0.0,0.0,4.470168590545654,0.0012424429878592491,-0.017718380317091942,4.492588520050049,-0.004540681838989258
173.56199645996094,0.0,0.0,0.0,2.7825305461883545,-0.325726717710495,0.5567206740379333,2.990260601043701,0.5211527943611145
182.8300018310547,0.0,0.0,0.0,2.355652093887329,-0.18985304236412048,0.41387301683425903,2.544848918914795,0.501434862613678
593.27001953125,0.0,0.0,0.0,1.7613171339035034,-0.00998008530586958,0.14633500576019287,1.76361882686615,0.21685324609279633
810.677978515625,0.0,0.0,0.0,4.211202621459961,0.3031053841114044,-0.28636541962623596,4.006648540496826,-0.3224099576473236
357.9460144042969,0.0,0.0,0.0,2.7244327068328857,-0.011399359442293644,0.04776844009757042,2.41512393951416,-0.015808766707777977
635.1300048828125,0.0,0.0,0.0,2.312028169631958,-0.055449098348617554,0.07304364442825317,2.3929660320281982,0.13635794818401337
471.0140075683594,0.0,0.0,0.0,4.696761131286621,-0.05007138475775719,0.05743027850985527,4.652266979217529,0.014953723177313805
717.3179931640625,0.0,0.0,0.0,4.482934951782227,-0.3581482768058777,0.2749593257904053,4.545353412628174,0.303555965423584
131.18600463867188,0.0,0.0,0.0,4.277564525604248,0.3516513705253601,-0.23305493593215942,4.840277194976807,-0.3110668659210205
214.9980010986328,0.0,0.0,0.0,3.322166681289673,-0.20443490147590637,0.20067620277404785,3.4295761585235596,0.24856847524642944
243.67799377441406,0.0,0.0,0.0,1.9355260133743286,0.0886179655790329,-0.267287939786911,1.838394284248352,-0.3193609416484833
317.22601318359375,0.0,0.0,0.0,4.695471286773682,-0.24298027157783508,0.13843269646167755,4.676806449890137,0.09856576472520828
306.22601318359375,0.0,0.0,0.0,4.385590076446533,-0.3815509080886841,0.3091586232185364,4.281139850616455,0.3843013346195221
809.1820068359375,0.0,0.0,0.0,4.2859787940979,-0.0006617618491873145,-0.05012248829007149,4.379251003265381,-0.041181184351444244
129.6060028076172,0.0,0.0,0.0,3.797022819519043,0.46557775139808655,-0.429288774728775,4.231446743011475,-0.5067811608314514
826.7459716796875,0.0,0.0,0.0,4.812368392944336,-0.0073296017944812775,-0.014445713721215725,4.732814311981201,-0.18026289343833923
756.6339721679688,0.0,0.0,0.0,4.760334014892578,0.11543155461549759,-0.06304848939180374,4.972419261932373,-0.19121423363685608
122.18599700927734,0.0,0.0,0.0,4.6564435958862305,0.08233141899108887,-0.007879394106566906,4.891801357269287,-0.025777671486139297
146.7259979248047,0.0,0.0,0.0,3.2375476360321045,-0.33145472407341003,0.47977349162101746,2.9407849311828613,0.682526707649231
655.4140014648438,0.0,0.0,0.0,3.9905593395233154,0.42388689517974854,-0.36361032724380493,4.183267116546631,-0.4427086114883423
162.24200439453125,0.0,0.0,0.0,4.354382514953613,-0.31557849049568176,0.3088867962360382,4.324780464172363,0.3775556981563568
622.5380249023438,0.0,0.0,0.0,4.27086877822876,-0.3894568383693695,0.2132674902677536,4.417229175567627,0.25095638632774353
954.5419921875,0.0,0.0,0.0,4.396755695343018,-0.3901645541191101,0.40188780426979065,3.901555299758911,0.48032161593437195
821.3140258789062,0.0,0.0,0.0,4.497469902038574,0.3225187063217163,-0.12201771885156631,4.738998889923096,-0.16945229470729828
739.5339965820312,0.0,0.0,0.0,3.5843417644500732,0.5002584457397461,-0.4911055266857147,3.720456123352051,-0.562946081161499
964.8099975585938,0.0,0.0,0.0,3.6254868507385254,-0.48142242431640625,0.4941212832927704,3.4157333374023438,0.5456172823905945
161.6540069580078,0.0,0.0,0.0,4.531032085418701,-0.24514339864253998,0.11465848982334137,4.754800319671631,0.1861216127872467
757.5339965820312,0.0,0.0,0.0,4.4571123123168945,0.3624770939350128,-0.28791382908821106,4.627033233642578,-0.3099086284637451
914.2780151367188,0.0,0.0,0.0,4.10582971572876,0.38541504740715027,-0.2610684037208557,4.10984992980957,-0.2273683100938797
352.79400634765625,0.0,0.0,0.0,4.728552341461182,-0.18254463374614716,0.11718398332595825,4.573421955108643,0.060643553733825684
959.7780151367188,0.0,0.0,0.0,4.514265060424805,-0.33495163917541504,0.2900628447532654,4.631126403808594,0.37374359369277954
521.8140258789062,0.0,0.0,0.0,4.664534568786621,0.020513392984867096,-0.0050496794283390045,4.848020076751709,0.05522711202502251
859.677978515625,0.0,0.0,0.0,4.662744998931885,-0.034937068819999695,-0.00443224748596549,4.870894908905029,0.0028944488149136305
724.5059814453125,0.0,0.0,0.0,4.224987030029297,-0.49970898032188416,0.3697170913219452,4.508432865142822,0.4408828318119049
749.0260009765625,0.0,0.0,0.0,3.8009421825408936,0.4193612337112427,-0.42942309379577637,4.053186893463135,-0.43068620562553406
123.35399627685547,0.0,0.0,0.0,4.738913059234619,0.025391245260834694,0.011127588339149952,4.793187141418457,-0.01581820473074913
583.4459838867188,0.0,0.0,0.0,4.635717868804932,0.2948512136936188,-0.18644000589847565,4.505516052246094,-0.19214428961277008
642.7780151367188,0.0,0.0,0.0,3.868687152862549,-0.5065348744392395,0.5016983151435852,4.073575019836426,0.549254298210144
375.08599853515625,0.0,0.0,0.0,3.463826894760132,-0.4235844910144806,0.5013321042060852,3.4260823726654053,0.6320003271102905
633.3140258789062,0.0,0.0,0.0,2.2606630325317383,0.005633947439491749,-0.022101320326328278,2.307924509048462,-0.01006249524652958
522.9819946289062,0.0,0.0,0.0,3.9405643939971924,0.40684059262275696,-0.40400364995002747,3.726996660232544,-0.6333494186401367
204.91400146484375,0.0,0.0,0.0,2.0333969593048096,-0.1857490837574005,0.583138108253479,2.2956626415252686,0.6642941832542419
689.4819946289062,0.0,0.0,0.0,1.69618558883667,0.1350923627614975,-0.44288700819015503,1.752291202545166,-0.5611128807067871
348.4020080566406,0.0,0.0,0.0,4.446898937225342,-0.4229917526245117,0.3593372106552124,4.349311828613281,0.33050718903541565
388.9540100097656,0.0,0.0,0.0,4.1815056800842285,0.2429077923297882,-0.27272993326187134,3.6509525775909424,-0.407518595457077
961.1179809570312,0.0,0.0,0.0,4.5211310386657715,-0.3766867518424988,0.28180205821990967,4.486697673797607,0.337307870388031
216.19000244140625,0.0,0.0,0.0,2.7397100925445557,-0.05553247034549713,0.09840214997529984,2.719508647918701,0.11316550523042679
736.0339965820312,0.0,0.0,0.0,3.2811100482940674,0.4312536418437958,-0.5437793731689453,4.158567905426025,-0.7885578870773315
755.8779907226562,0.0,0.0,0.0,4.790251731872559,0.23489142954349518,-0.06774155050516129,4.871410846710205,-0.17151258885860443
105.35800170898438,0.0,0.0,0.0,2.8635597229003906,0.4107993543148041,-0.6105762124061584,3.09889817237854,-0.6377046704292297
653.6740112304688,0.0,0.0,0.0,4.163519859313965,0.40133124589920044,-0.3822587728500366,3.855353832244873,-0.47073477506637573
610.9539794921875,0.0,0.0,0.0,4.258407115936279,-0.408376008272171,0.27932578325271606,4.3898396492004395,0.4634660482406616
611.6900024414062,0.0,0.0,0.0,3.9361917972564697,-0.5707176327705383,0.551435649394989,3.8632876873016357,0.5525999665260315
432.7179870605469,0.0,0.0,0.0,2.5928866863250732,-0.24780361354351044,0.45669156312942505,2.758207321166992,0.48881420493125916
533.9739990234375,0.0,0.0,0.0,3.6660327911376953,0.4043106734752655,-0.39269670844078064,3.9706287384033203,-0.6181191802024841
717.9979858398438,0.0,0.0,0.0,4.532288074493408,-0.3651081621646881,0.2428009957075119,4.866040229797363,0.300275593996048
706.4459838867188,0.0,0.0,0.0,4.775693416595459,0.03523141145706177,-0.03733634576201439,4.712069034576416,-0.0007598327938467264
951.3419799804688,0.0,0.0,0.0,4.648441791534424,-0.10057489573955536,0.03708893805742264,4.823977947235107,0.11786090582609177
698.177978515625,0.0,0.0,0.0,4.643131256103516,0.08739951997995377,-0.17083801329135895,4.523268222808838,-0.2709278166294098
913.3779907226562,0.0,0.0,0.0,3.827261447906494,0.4188689589500427,-0.40732309222221375,4.3749918937683105,-0.4751165509223938
528.218017578125,0.0,0.0,0.0,3.286250352859497,0.3965163826942444,-0.45082640647888184,4.028005123138428,-0.5451101660728455
685.0659790039062,0.0,0.0,0.0,3.2005491256713867,0.41481250524520874,-0.4951588213443756,3.443079710006714,-0.5484195351600647
367.8179931640625,0.0,0.0,0.0,4.189845561981201,0.4030033349990845,-0.4086185097694397,3.733816623687744,-0.5701946020126343
785.573974609375,0.0,0.0,0.0,2.89625883102417,-0.026170270517468452,0.12933538854122162,2.7587459087371826,0.18743205070495605
703.2459716796875,0.0,0.0,0.0,4.639486789703369,0.1519818902015686,-0.08837680518627167,4.732621192932129,-0.13187137246131897
540.8499755859375,0.0,0.0,0.0,1.9009857177734375,0.14121758937835693,-0.45934590697288513,1.8529419898986816,-0.2910190224647522
712.4099731445312,0.0,0.0,0.0,4.399051189422607,-0.4067915081977844,0.30607205629348755,4.307570457458496,0.2659318745136261
124.302001953125,0.0,0.0,0.0,4.703563213348389,0.012959918938577175,-0.1051533967256546,4.962794780731201,-0.10771850496530533
811.0419921875,0.0,0.0,0.0,4.047054290771484,0.3122052848339081,-0.2500990033149719,4.36063814163208,-0.3188856542110443
1001.3939819335938,0.0,0.0,0.0,3.0070736408233643,0.002935828175395727,-0.02160561829805374,2.7753496170043945,-0.011207186616957188
741.8579711914062,0.0,0.0,0.0,2.83603835105896,0.33190736174583435,-0.5661816000938416,2.764366388320923,-0.7294302582740784
394.24200439453125,0.0,0.0,0.0,3.72841215133667,0.44144320487976074,-0.407461941242218,4.169239044189453,-0.476432204246521
377.0379943847656,0.0,0.0,0.0,3.667881488800049,-0.4078789949417114,0.33445462584495544,3.8809616565704346,0.4047260880470276
314.7139892578125,0.0,0.0,0.0,4.689599514007568,-0.30330950021743774,0.17793557047843933,4.852790832519531,0.25367477536201477
485.00201416015625,0.0,0.0,0.0,2.5890443325042725,0.28434616327285767,-0.558559238910675,2.710859775543213,-0.5381197929382324
787.3499755859375,0.0,0.0,0.0,2.3487565517425537,-0.10438471287488937,0.19800019264221191,2.367255687713623,0.28656429052352905
708.2020263671875,0.0,0.0,0.0,4.563150882720947,-0.28504225611686707,0.21972255408763885,4.849300861358643,0.24869802594184875
872.0460205078125,0.0,0.0,0.0,4.397650718688965,-0.21773837506771088,0.10848390311002731,4.466544151306152,0.10563720762729645
841.0900268554688,0.0,0.0,0.0,4.551076412200928,0.3015429973602295,-0.19346143305301666,4.664055347442627,-0.25696301460266113
849.6820068359375,0.0,0.0,0.0,3.9306015968322754,-0.5048826336860657,0.4643613398075104,4.158624172210693,0.5680317282676697
635.0139770507812,0.0,0.0,0.0,2.3068461418151855,-0.046627774834632874,0.112551249563694,2.2625324726104736,0.08431684970855713
520.27001953125,0.0,0.0,0.0,4.549679756164551,0.060752492398023605,-0.026157982647418976,4.930740833282471,-0.0829678475856781
98.05799865722656,0.0,0.0,0.0,4.648635387420654,0.06289219111204147,-0.10052122175693512,4.745497226715088,-0.06190984323620796
475.406005859375,0.0,0.0,0.0,3.6623752117156982,0.3951093554496765,-0.41977959871292114,3.7011570930480957,-0.41150009632110596
574.3460083007812,0.0,0.0,0.0,4.2939772605896,0.4707232713699341,-0.29864388704299927,4.529001235961914,-0.4584518373012543
963.3060302734375,0.0,0.0,0.0,4.484037399291992,-0.29439032077789307,0.10196816921234131,4.893568992614746,0.17918983101844788
815.6259765625,0.0,0.0,0.0,4.717380523681641,0.09267203509807587,0.00495820352807641,4.7250075340271,0.02754097245633602
192.44200134277344,0.0,0.0,0.0,4.3299384117126465,-0.14308574795722961,0.06369506567716599,4.603722095489502,0.08111071586608887
887.4819946289062,0.0,0.0,0.0,4.5040178298950195,0.19830317795276642,-0.05084442347288132,4.533351898193359,-0.09156382083892822
710.1339721679688,0.0,0.0,0.0,4.591320991516113,-0.3591831922531128,0.21813923120498657,4.58508825302124,0.27982622385025024
621.3060302734375,0.0,0.0,0.0,3.8834736347198486,-0.4922764301300049,0.47654080390930176,3.9009358882904053,0.529251217842102
345.30999755859375,0.0,0.0,0.0,3.4940478801727295,-0.4518190622329712,0.5293508172035217,3.7827539443969727,0.6167064905166626
828.114013671875,0.0,0.0,0.0,4.269481182098389,0.41190555691719055,-0.3440758287906647,4.739073753356934,-0.35835570096969604
106.5459976196289,0.0,0.0,0.0,3.6613776683807373,0.4467371106147766,-0.4347890615463257,4.183958530426025,-0.5122252702713013
689.0180053710938,0.0,0.0,0.0,1.6785142421722412,0.12048456072807312,-0.43409809470176697,1.8070906400680542,-0.5810854434967041
422.3699951171875,0.0,0.0,0.0,4.678628921508789,0.09385213255882263,-0.06073616072535515,4.8238606452941895,-0.010794399306178093
816.9459838867188,0.0,0.0,0.0,3.1053900718688965,0.4256225824356079,-0.5760368704795837,3.0812196731567383,-0.6756742596626282
834.0780029296875,0.0,0.0,0.0,4.395769119262695,0.46040794253349304,-0.39266103506088257,4.540822505950928,-0.46814462542533875
248.28599548339844,0.0,0.0,0.0,3.6765732765197754,0.3473144471645355,-0.31080853939056396,4.143014430999756,-0.3300551772117615
517.0499877929688,0.0,0.0,0.0,4.2317585945129395,0.27042412757873535,-0.28750091791152954,4.312686443328857,-0.23075665533542633
821.4099731445312,0.0,0.0,0.0,4.496682643890381,0.2882494628429413,-0.1515132635831833,4.678677082061768,-0.15027064085006714
65.12200164794922,0.0,0.0,0.0,1.113668441772461,0.007624335121363401,0.0019607781432569027,1.6129783391952515,-0.036517076194286346
507.302001953125,0.0,0.0,0.0,3.370276689529419,0.2771070599555969,-0.3661876618862152,3.4674692153930664,-0.5176332592964172
692.9459838867188,0.0,0.0,0.0,3.5895442962646484,0.4191356897354126,-0.3808612525463104,4.0742573738098145,-0.4614969789981842
727.2979736328125,0.0,0.0,0.0,4.611518859863281,-0.1776646077632904,0.10348445177078247,4.463396072387695,0.15691423416137695
414.7820129394531,0.0,0.0,0.0,3.9156668186187744,0.5108362436294556,-0.4584760069847107,4.070605278015137,-0.6349316239356995
576.5380249023438,0.0,0.0,0.0,4.236143589019775,0.5162161588668823,-0.35346299409866333,4.280788421630859,-0.5086376070976257
943.8460083007812,0.0,0.0,0.0,4.627279758453369,0.17758718132972717,-0.06759873032569885,4.746250629425049,-0.07531136274337769
526.0859985351562,0.0,0.0,0.0,2.632829427719116,0.4068998694419861,-0.7823073267936707,2.656465768814087,-0.80778968334198
220.00999450683594,0.0,0.0,0.0,3.4295668601989746,0.2866418659687042,-0.38226965069770813,3.5322389602661133,-0.4852261543273926
311.3900146484375,0.0,0.0,0.0,4.421292781829834,-0.33103078603744507,0.25806382298469543,4.521985054016113,0.31234875321388245
666.614013671875,0.0,0.0,0.0,4.735732555389404,0.06374099105596542,0.07904723286628723,5.0357441902160645,0.04848366230726242
613.14599609375,0.0,0.0,0.0,3.5563480854034424,-0.5279742479324341,0.6342689990997314,3.3386008739471436,0.7600500583648682
705.8460083007812,0.0,0.0,0.0,4.758735179901123,0.029951579868793488,-0.03826785832643509,4.968843936920166,-0.05617622658610344
902.1259765625,0.0,0.0,0.0,3.047276735305786,0.40149447321891785,-0.5887552499771118,3.336790084838867,-0.7444806694984436
703.5460205078125,0.0,0.0,0.0,4.640843391418457,0.1310674399137497,-0.07288006693124771,4.744937419891357,-0.020531052723526955
238.18600463867188,0.0,0.0,0.0,4.690706253051758,0.030057942494750023,0.015465330332517624,4.669103622436523,-0.040353525429964066
69.4260025024414,0.0,0.0,0.0,3.476092576980591,0.13369205594062805,-0.13642552495002747,3.6125099658966064,-0.11973714083433151
120.9219970703125,0.0,0.0,0.0,4.597137451171875,0.15084055066108704,-0.042408667504787445,4.539309024810791,-0.07886241376399994
795.322021484375,0.0,0.0,0.0,4.0105814933776855,-0.4255640208721161,0.3790714144706726,4.498206615447998,0.45263320207595825
831.8900146484375,0.0,0.0,0.0,3.9334115982055664,0.4467243552207947,-0.3686548173427582,4.429528713226318,-0.5040161609649658
603.4140014648438,0.0,0.0,0.0,4.38153600692749,-0.28812122344970703,0.18834252655506134,4.623053073883057,0.2366275042295456
463.25799560546875,0.0,0.0,0.0,2.5427041053771973,-0.35839149355888367,0.5404371619224548,2.5366201400756836,0.747169017791748
604.5139770507812,0.0,0.0,0.0,4.502798080444336,-0.39075756072998047,0.35419610142707825,4.512429714202881,0.37933778762817383
876.06201171875,0.0,0.0,0.0,3.016338348388672,-0.07199574261903763,0.10460346192121506,2.3482673168182373,0.11276168376207352
736.1380004882812,0.0,0.0,0.0,3.425539255142212,0.4632381498813629,-0.5485780835151672,3.728921413421631,-0.5796613097190857
895.9099731445312,0.0,0.0,0.0,2.929760217666626,0.5349206328392029,-0.7555794715881348,3.1720998287200928,-0.7096902132034302
801.7420043945312,0.0,0.0,0.0,2.8260769844055176,-0.4814847707748413,0.6949068903923035,2.4151625633239746,0.7905124425888062
857.1220092773438,0.0,0.0,0.0,4.6596879959106445,-0.10157269984483719,0.04766901955008507,4.925561428070068,0.10937926918268204
362.6499938964844,0.0,0.0,0.0,2.4568395614624023,0.288070410490036,-0.5230944156646729,2.509549617767334,-0.5936650633811951
63.37799835205078,0.0,0.0,0.0,-0.0020969389006495476,0.0006396686076186597,-0.00013659779506269842,0.0,0.0
336.9020080566406,0.0,0.0,0.0,4.775623798370361,-0.03930973261594772,0.005978035740554333,5.080450057983398,0.03955725580453873
323.27398681640625,0.0,0.0,0.0,4.73414421081543,-0.284891277551651,0.23117156326770782,5.02501106262207,0.15138036012649536
775.5460205078125,0.0,0.0,0.0,4.607698440551758,0.13981378078460693,-0.07995148748159409,4.9612579345703125,-0.016703041270375252
346.4580078125,0.0,0.0,0.0,4.088739395141602,-0.4509173631668091,0.35138198733329773,4.509777069091797,0.4448907971382141
555.6099853515625,0.0,0.0,0.0,1.922877550125122,-0.18187034130096436,0.5377581119537354,2.193185567855835,0.7135490775108337
802.7459716796875,0.0,0.0,0.0,2.262819290161133,-0.3384650647640228,0.7090258598327637,2.3006067276000977,0.8565186858177185
452.7019958496094,0.0,0.0,0.0,4.523756980895996,-0.09183979779481888,0.012306111864745617,4.525365829467773,0.07064630091190338
897.6820068359375,0.0,0.0,0.0,3.2933361530303955,0.5116447806358337,-0.7536889314651489,2.8800671100616455,-0.8021887540817261
708.5139770507812,0.0,0.0,0.0,4.601795673370361,-0.27372729778289795,0.1743309050798416,4.6593475341796875,0.14371216297149658
372.6059875488281,0.0,0.0,0.0,4.56279182434082,0.2966466546058655,-0.2517870366573334,4.625094890594482,-0.24283750355243683
202.5540008544922,0.0,0.0,0.0,1.7393832206726074,-0.13396328687667847,0.4867168366909027,1.9002341032028198,0.5963833332061768
449.5740051269531,0.0,0.0,0.0,4.302225589752197,-0.25113603472709656,0.18612878024578094,4.572519302368164,0.18525496125221252
268.9460144042969,0.0,0.0,0.0,1.8773397207260132,0.17028512060642242,-0.49208495020866394,2.002173662185669,-0.5754640102386475
701.4660034179688,0.0,0.0,0.0,4.318227291107178,0.35340651869773865,-0.24582231044769287,4.5982136726379395,-0.21738998591899872
231.91799926757812,0.0,0.0,0.0,4.400272846221924,0.3404686450958252,-0.2511341869831085,4.756114959716797,-0.3574153184890747
218.88600158691406,0.0,0.0,0.0,2.9629721641540527,0.23434363305568695,-0.29122358560562134,3.1556713581085205,-0.37805190682411194
298.6860046386719,0.0,0.0,0.0,4.634873390197754,-0.23938529193401337,0.15211375057697296,5.001748085021973,0.1475481390953064
691.3419799804688,0.0,0.0,0.0,2.4846222400665283,0.22369886934757233,-0.5016375184059143,2.844905138015747,-0.5655580163002014
353.6059875488281,0.0,0.0,0.0,4.782180309295654,-0.12243250757455826,0.0604676827788353,4.962689399719238,0.1134982705116272
767.27001953125,0.0,0.0,0.0,4.754937171936035,-0.0085501279681921,0.029930833727121353,4.929518222808838,-0.03356810286641121
250.7899932861328,0.0,0.0,0.0,4.544947624206543,0.14062955975532532,0.012473364360630512,4.958676338195801,-0.021832767874002457
616.197998046875,0.0,0.0,0.0,3.3989028930664062,-0.51632159948349,0.5732678174972534,3.7462053298950195,0.7235460877418518
381.0539855957031,0.0,0.0,0.0,4.333684921264648,-0.3376586437225342,0.22724097967147827,4.557896614074707,0.30093392729759216
967.1420288085938,0.0,0.0,0.0,3.9797935485839844,-0.45182785391807556,0.35871583223342896,4.2280097007751465,0.33447736501693726
896.3660278320312,0.0,0.0,0.0,2.845491647720337,0.43604350090026855,-0.617446780204773,3.054243326187134,-0.7543340921401978
815.989990234375,0.0,0.0,0.0,4.568358898162842,0.09886346012353897,-0.2079620659351349,4.125070095062256,-0.2646997570991516
930.5700073242188,0.0,0.0,0.0,4.671348571777344,0.09365208446979523,-0.04462684318423271,4.8482489585876465,-0.07558242976665497
643.4420166015625,0.0,0.0,0.0,3.9505198001861572,-0.46736079454421997,0.3895226716995239,4.36142110824585,0.4367247223854065
909.9459838867188,0.0,0.0,0.0,4.531159400939941,0.1391209065914154,-0.09133749455213547,4.782183647155762,-0.09446949511766434
713.9420166015625,0.0,0.0,0.0,4.407292366027832,-0.4721110761165619,0.27814391255378723,4.724341869354248,0.34203749895095825
829.9180297851562,0.0,0.0,0.0,4.549768924713135,0.27042046189308167,-0.14163193106651306,4.69636869430542,-0.25430604815483093
375.1940002441406,0.0,0.0,0.0,3.4132518768310547,-0.4356079399585724,0.5468437671661377,3.3943095207214355,0.6081252098083496
895.2379760742188,0.0,0.0,0.0,3.7269554138183594,0.6111771464347839,-0.6281888484954834,3.529644250869751,-0.8312947154045105
617.0460205078125,0.0,0.0,0.0,3.641481399536133,-0.48100343346595764,0.46308737993240356,4.12410831451416,0.47455641627311707
287.8500061035156,0.0,0.0,0.0,4.494001865386963,-0.39234286546707153,0.24679133296012878,4.320064544677734,0.18422868847846985
573.5139770507812,0.0,0.0,0.0,4.296008110046387,0.4390309453010559,-0.3668513894081116,4.490326881408691,-0.4684588611125946
959.2100219726562,0.0,0.0,0.0,4.444576740264893,-0.21752001345157623,0.19397667050361633,4.624490261077881,0.22647368907928467
572.718017578125,0.0,0.0,0.0,4.083797454833984,0.49227607250213623,-0.4392518997192383,4.414672374725342,-0.4028448462486267
760.97802734375,0.0,0.0,0.0,3.4324069023132324,0.47090455889701843,-0.5260410904884338,3.3686158657073975,-0.530562162399292
949.677978515625,0.0,0.0,0.0,4.568018436431885,-0.24531637132167816,0.12542182207107544,5.167205810546875,0.13067981600761414
135.1580047607422,0.0,0.0,0.0,4.764185428619385,0.010593248531222343,0.029505865648388863,4.62298059463501,-0.01079476810991764
853.5339965820312,0.0,0.0,0.0,4.195930004119873,-0.4744340777397156,0.3676636815071106,4.350917816162109,0.3678649663925171
68.02999877929688,0.0,0.0,0.0,3.018866539001465,0.1421521008014679,-0.0955105721950531,3.0712943077087402,-0.13186007738113403
549.218017578125,0.0,0.0,0.0,1.7517551183700562,-0.16989925503730774,0.6527155041694641,1.7995760440826416,0.7231466174125671
542.1220092773438,0.0,0.0,0.0,1.4427599906921387,-0.02474702149629593,0.1046186089515686,1.3729667663574219,0.16310426592826843
282.7019958496094,0.0,0.0,0.0,3.822885036468506,-0.48088017106056213,0.46700233221054077,4.129500389099121,0.5145992040634155
569.9459838867188,0.0,0.0,0.0,4.095820426940918,0.416940301656723,-0.44713473320007324,3.6310949325561523,-0.5465370416641235
662.8140258789062,0.0,0.0,0.0,4.52773904800415,0.26726996898651123,-0.1033838614821434,4.837590217590332,-0.18587547540664673
722.4140014648438,0.0,0.0,0.0,4.66519021987915,-0.2763087749481201,0.14696891605854034,4.655252456665039,0.17431847751140594
811.9180297851562,0.0,0.0,0.0,4.1623358726501465,0.2867966592311859,-0.24563606083393097,4.667041301727295,-0.2559749484062195
204.47799682617188,0.0,0.0,0.0,1.966063380241394,-0.17739517986774445,0.5440149903297424,2.102696418762207,0.5668723583221436
514.9140014648438,0.0,0.0,0.0,4.4612135887146,0.04325506463646889,-0.05218705162405968,4.6168975830078125,-0.047901250422000885
159.07000732421875,0.0,0.0,0.0,3.944607973098755,-0.5357124209403992,0.4327603876590729,4.077942848205566,0.5717529654502869
731.2620239257812,0.0,0.0,0.0,4.7361555099487305,-0.004833502229303122,0.019375473260879517,4.789515018463135,0.037431031465530396
308.6180114746094,0.0,0.0,0.0,4.322566509246826,-0.39032411575317383,0.2557615339756012,4.750661373138428,0.2780863642692566
156.19000244140625,0.0,0.0,0.0,3.841874122619629,-0.482048362493515,0.46499043703079224,3.994985818862915,0.5354872345924377
647.6420288085938,0.0,0.0,0.0,4.6731438636779785,-0.08510999381542206,0.04716631770133972,5.158769607543945,0.06795702129602432
528.7739868164062,0.0,0.0,0.0,3.6911075115203857,0.4304738938808441,-0.4050179719924927,4.0245490074157715,-0.5824722647666931
514.1500244140625,0.0,0.0,0.0,4.584941387176514,0.0710323303937912,0.03595013916492462,4.6241912841796875,-0.042021021246910095
82.22599792480469,0.0,0.0,0.0,3.0227224826812744,0.29331597685813904,-0.4547467529773712,3.1429367065429688,-0.47662466764450073
511.510009765625,0.0,0.0,0.0,4.346370220184326,0.2548932433128357,-0.18154539167881012,4.797858715057373,-0.18122240900993347
750.7459716796875,0.0,0.0,0.0,4.382349967956543,0.27471059560775757,-0.13261057436466217,4.550106525421143,-0.15665853023529053
467.65399169921875,0.0,0.0,0.0,4.3922858238220215,-0.2832931876182556,0.1914767622947693,4.52360200881958,0.23724636435508728
908.8060302734375,0.0,0.0,0.0,4.471575736999512,0.2632618546485901,-0.22750124335289001,4.80088472366333,-0.22321109473705292
611.4019775390625,0.0,0.0,0.0,4.206916332244873,-0.479232519865036,0.47634145617485046,4.217780590057373,0.5939066410064697
490.37799072265625,0.0,0.0,0.0,4.382933616638184,0.38433974981307983,-0.2893785834312439,4.513760089874268,-0.3531433939933777
590.0139770507812,0.0,0.0,0.0,4.029618740081787,0.49593955278396606,-0.4175017476081848,4.655950546264648,-0.3998783528804779
480.7019958496094,0.0,0.0,0.0,4.433345794677734,0.1410803496837616,-0.04785625636577606,4.548611164093018,-0.0724462941288948
865.0460205078125,0.0,0.0,0.0,4.596020221710205,-0.15725605189800262,0.0706821084022522,4.662562847137451,0.05034373700618744
777.3060302734375,0.0,0.0,0.0,3.577208995819092,0.42751795053482056,-0.5211652517318726,3.2178635597229004,-0.7354834675788879
387.86199951171875,0.0,0.0,0.0,4.634251594543457,-0.06008894369006157,0.007247233297675848,5.050886631011963,-0.009454209357500076
884.614013671875,0.0,0.0,0.0,4.514150619506836,0.2220524400472641,-0.20684154331684113,4.4566521644592285,-0.2595495879650116
482.3900146484375,0.0,0.0,0.0,4.129171371459961,0.10588093101978302,-0.2044820785522461,3.2486326694488525,-0.25828441977500916
492.77398681640625,0.0,0.0,0.0,4.60158109664917,0.15897738933563232,-0.04091091826558113,4.784226894378662,-0.07933332771062851
536.27001953125,0.0,0.0,0.0,3.799772262573242,0.45850640535354614,-0.3976159393787384,3.870553970336914,-0.4693863093852997
954.677978515625,0.0,0.0,0.0,4.215117454528809,-0.45471829175949097,0.44423770904541016,4.399645805358887,0.35630616545677185
73.65399932861328,0.0,0.0,0.0,4.492164611816406,0.045710496604442596,-0.03488467261195183,4.619752407073975,-0.04371172934770584
937.97802734375,0.0,0.0,0.0,3.5438766479492188,-0.281147301197052,0.2866007685661316,3.8467161655426025,0.3201887309551239
99.9219970703125,0.0,0.0,0.0,4.690587043762207,0.20986562967300415,-0.21987365186214447,4.661747455596924,-0.22684186697006226
847.4099731445312,0.0,0.0,0.0,3.721318244934082,-0.42998796701431274,0.40214869379997253,4.276386260986328,0.406706303358078
337.5780029296875,0.0,0.0,0.0,4.685952186584473,-0.12085651606321335,0.04747693985700607,4.764942646026611,0.21269910037517548
244.74600219726562,0.0,0.0,0.0,1.7896839380264282,0.1144772469997406,-0.34998440742492676,1.8516548871994019,-0.39372488856315613
168.6300048828125,0.0,0.0,0.0,4.635333061218262,-0.3803115785121918,0.21064545214176178,4.558192253112793,0.16741159558296204
705.4019775390625,0.0,0.0,0.0,4.751247406005859,0.02316320687532425,-0.012811657972633839,4.876684188842773,-0.0980391800403595
199.87399291992188,0.0,0.0,0.0,2.5229997634887695,-0.265855997800827,0.5342903733253479,2.5989396572113037,0.5267659425735474
381.5379943847656,0.0,0.0,0.0,4.453723430633545,-0.28257644176483154,0.14002197980880737,4.723962306976318,0.21135595440864563
716.0780029296875,0.0,0.0,0.0,4.532400131225586,-0.4502973258495331,0.3064578175544739,4.6437201499938965,0.37297523021698
500.7380065917969,0.0,0.0,0.0,2.134695291519165,0.1338512897491455,-0.3273426592350006,2.4556732177734375,-0.406187504529953
202.4459991455078,0.0,0.0,0.0,1.7662420272827148,-0.14399176836013794,0.42553120851516724,1.6983407735824585,0.478687584400177
573.1820068359375,0.0,0.0,0.0,4.262814521789551,0.490971177816391,-0.40897074341773987,4.282699108123779,-0.3235478401184082
619.2940063476562,0.0,0.0,0.0,4.625158309936523,-0.25172966718673706,0.11837880313396454,4.8556623458862305,0.05537177249789238
870.2659912109375,0.0,0.0,0.0,3.839816093444824,-0.3625599145889282,0.32469141483306885,4.415802955627441,0.39350059628486633
264.1940002441406,0.0,0.0,0.0,4.710129261016846,0.060073837637901306,-0.03241140395402908,4.93240213394165,-0.029328975826501846
139.3419952392578,0.0,0.0,0.0,2.918022632598877,0.34672582149505615,-0.4778527617454529,3.215742349624634,-0.6064546704292297
624.9140014648438,0.0,0.0,0.0,4.602674961090088,-0.17195342481136322,0.10959871113300323,4.95048713684082,0.1975397765636444
336.6499938964844,0.0,0.0,0.0,4.770659446716309,0.03340216353535652,0.0039437212981283665,4.77083683013916,0.08420194685459137
165.48599243164062,0.0,0.0,0.0,4.4870100021362305,-0.2622716426849365,0.24131739139556885,4.356367111206055,0.3208182752132416
811.3460083007812,0.0,0.0,0.0,4.152924060821533,0.33350399136543274,-0.2933095693588257,4.217350959777832,-0.2884680926799774
126.28199768066406,0.0,0.0,0.0,4.6201276779174805,0.17906805872917175,-0.15314356982707977,4.453545093536377,-0.1240449920296669
612.781982421875,0.0,0.0,0.0,3.640544891357422,-0.4865657389163971,0.494419127702713,4.048573970794678,0.6283434629440308
278.77801513671875,0.0,0.0,0.0,2.4932656288146973,-0.18804965913295746,0.3904249966144562,2.6324570178985596,0.4363737106323242
570.1019897460938,0.0,0.0,0.0,3.8904922008514404,0.45248326659202576,-0.5133457183837891,3.9065892696380615,-0.6210425496101379
176.1060028076172,0.0,0.0,0.0,1.7982975244522095,-0.1332654505968094,0.3825635612010956,1.851204752922058,0.4233267605304718
156.70599365234375,0.0,0.0,0.0,4.00446081161499,-0.4756767153739929,0.42844876646995544,4.211434841156006,0.4444581866264343
80.4260025024414,0.0,0.0,0.0,4.032823085784912,0.1620076596736908,-0.11926832795143127,3.919717311859131,-0.08242762088775635
382.45001220703125,0.0,0.0,0.0,4.606660842895508,-0.09200643002986908,-0.03156547248363495,4.842860698699951,-0.05190350115299225
600.9819946289062,0.0,0.0,0.0,3.7123425006866455,-0.40763604640960693,0.49928387999534607,4.150093078613281,0.522254228591919
719.1220092773438,0.0,0.0,0.0,4.491119384765625,-0.2748762369155884,0.17462411522865295,4.922573566436768,0.24248269200325012
377.3699951171875,0.0,0.0,0.0,3.9053890705108643,-0.39547640085220337,0.3438850939273834,4.4897918701171875,0.45404186844825745
383.07000732421875,0.0,0.0,0.0,4.674183368682861,0.024837810546159744,-0.12525495886802673,4.722058296203613,-0.01456997450441122
183.17799377441406,0.0,0.0,0.0,2.4530725479125977,-0.19763635098934174,0.4307371973991394,2.501249313354492,0.4098152816295624
991.3579711914062,0.0,0.0,0.0,4.374680042266846,0.3943025767803192,-0.33774834871292114,4.624130725860596,-0.38294148445129395
328.98199462890625,0.0,0.0,0.0,4.6893534660339355,-0.18302735686302185,0.07580074667930603,4.660732269287109,0.16768188774585724
949.8060302734375,0.0,0.0,0.0,4.636246681213379,-0.23959146440029144,0.11613523960113525,4.706040382385254,0.07454528659582138
241.29400634765625,0.0,0.0,0.0,3.5490686893463135,0.013520432636141777,0.0033602952025830746,3.0262935161590576,-0.016476154327392578
974.3939819335938,0.0,0.0,0.0,4.201941967010498,0.2430633157491684,-0.38872548937797546,3.2822678089141846,-0.4820099174976349
634.64599609375,0.0,0.0,0.0,2.222931146621704,-0.02498731203377247,0.08311940729618073,2.4010088443756104,0.09478762000799179
854.1019897460938,0.0,0.0,0.0,4.172483444213867,-0.4280145764350891,0.3617689609527588,4.535594463348389,0.39062172174453735
577.6339721679688,0.0,0.0,0.0,3.8870224952697754,0.5331928133964539,-0.48817554116249084,4.114119529724121,-0.6017503142356873
582.2020263671875,0.0,0.0,0.0,4.346170425415039,0.4245937168598175,-0.2688356637954712,4.594010829925537,-0.3764755129814148
589.3699951171875,0.0,0.0,0.0,3.7149813175201416,0.5113462209701538,-0.4735807478427887,3.784472703933716,-0.6008047461509705
680.677978515625,0.0,0.0,0.0,4.458613395690918,-0.22315865755081177,0.026257293298840523,4.438698768615723,0.01591792330145836
900.197998046875,0.0,0.0,0.0,3.096292734146118,0.3972136676311493,-0.6050392985343933,3.3874287605285645,-0.6171503067016602
636.3499755859375,0.0,0.0,0.0,2.625890016555786,-0.10766446590423584,0.15663942694664001,2.529086112976074,0.20964552462100983
244.03799438476562,0.0,0.0,0.0,1.799938440322876,0.09594301879405975,-0.34992334246635437,1.8147754669189453,-0.41501009464263916
490.72601318359375,0.0,0.0,0.0,4.444436550140381,0.3615686595439911,-0.24598781764507294,4.704254150390625,-0.23486323654651642
870.9420166015625,0.0,0.0,0.0,4.164504051208496,-0.3707719147205353,0.31552016735076904,4.697999000549316,0.2627340853214264
550.4500122070312,0.0,0.0,0.0,1.7349306344985962,-0.1921374499797821,0.6052496433258057,1.9467835426330566,0.8321393728256226
937.1300048828125,0.0,0.0,0.0,3.2015459537506104,-0.28578630089759827,0.37165626883506775,3.3346359729766846,0.41510310769081116
835.2459716796875,0.0,0.0,0.0,4.32278299331665,0.462994784116745,-0.3575674891471863,4.403226375579834,-0.3390004336833954
418.8699951171875,0.0,0.0,0.0,4.176718235015869,0.4294417202472687,-0.3597623407840729,4.324824810028076,-0.3652080297470093
191.83399963378906,0.0,0.0,0.0,4.182636737823486,-0.1826770007610321,0.13075250387191772,4.353633403778076,0.13769076764583588
982.6740112304688,0.0,0.0,0.0,4.619627475738525,0.14570413529872894,-0.11021729558706284,4.9066972732543945,-0.12212968617677689
326.406005859375,0.0,0.0,0.0,4.5563645362854,-0.3229724168777466,0.22847378253936768,4.607439041137695,0.29581740498542786
100.0739974975586,0.0,0.0,0.0,4.67622709274292,0.24444806575775146,-0.205264151096344,4.85700798034668,-0.22918444871902466
954.114013671875,0.0,0.0,0.0,4.74189567565918,-0.06440900266170502,0.19024889171123505,4.743503093719482,0.27061915397644043
351.32598876953125,0.0,0.0,0.0,4.638969421386719,-0.15184859931468964,0.14630991220474243,4.857471942901611,0.13099738955497742
58.762001037597656,0.0,0.0,0.0,-0.0017610408831387758,0.0009297976503148675,0.001953594386577606,0.0,0.0
919.677978515625,0.0,0.0,0.0,3.9834702014923096,0.4399612843990326,-0.36062830686569214,4.145929336547852,-0.29429277777671814
946.1339721679688,0.0,0.0,0.0,4.242684364318848,-0.41680407524108887,0.3871271312236786,3.986987352371216,0.46999895572662354
591.6380004882812,0.0,0.0,0.0,2.2226572036743164,0.23675808310508728,-0.4835154116153717,2.0648539066314697,-0.5739904642105103
830.27001953125,0.0,0.0,0.0,4.609384536743164,0.26140549778938293,-0.24508799612522125,4.929508209228516,-0.1860700249671936
454.1099853515625,0.0,0.0,0.0,3.558800220489502,-0.2735697627067566,0.36827728152275085,3.2359368801116943,0.46130383014678955
445.9700012207031,0.0,0.0,0.0,4.112154960632324,-0.25713950395584106,0.18363986909389496,4.01869535446167,0.29355183243751526
576.9819946289062,0.0,0.0,0.0,4.051392555236816,0.5412132740020752,-0.48411524295806885,3.998453378677368,-0.6928427219390869
813.75,0.0,0.0,0.0,4.538166046142578,0.1925249993801117,-0.09540929645299911,4.927196979522705,-0.07746705412864685
245.5780029296875,0.0,0.0,0.0,2.0234296321868896,0.1457967311143875,-0.3677372932434082,2.2360079288482666,-0.5394089818000793
239.86199951171875,0.0,0.0,0.0,4.2751007080078125,0.026708310469985008,-0.006456623785197735,4.623469829559326,-0.046179622411727905
414.2619934082031,0.0,0.0,0.0,4.273434638977051,0.3621480464935303,-0.3509218990802765,4.137717247009277,-0.4302214980125427
404.5820007324219,0.0,0.0,0.0,3.975390672683716,0.2781108617782593,-0.22297409176826477,4.256069660186768,-0.24544139206409454
84.51000213623047,0.0,0.0,0.0,3.9063751697540283,0.3007211983203888,-0.24766795337200165,3.9995434284210205,-0.30406653881073
758.72998046875,0.0,0.0,0.0,4.504236221313477,0.3155786693096161,-0.17824773490428925,4.538450241088867,-0.1392027735710144
714.302001953125,0.0,0.0,0.0,4.445688724517822,-0.40829968452453613,0.220401793718338,4.63961935043335,0.4257213771343231
918.4099731445312,0.0,0.0,0.0,3.892940044403076,0.5204626321792603,-0.5132653713226318,3.7929623126983643,-0.606563925743103
538.5380249023438,0.0,0.0,0.0,1.9906774759292603,0.2890854775905609,-0.7684312462806702,2.011042833328247,-0.8649435639381409
321.2019958496094,0.0,0.0,0.0,4.638638973236084,-0.10189514607191086,0.13494941592216492,4.823875904083252,0.1377159208059311
297.96600341796875,0.0,0.0,0.0,4.681435585021973,-0.2420036345720291,0.13413015007972717,4.604459285736084,0.14924795925617218
702.2020263671875,0.0,0.0,0.0,4.558667182922363,0.3009907603263855,-0.2018628567457199,4.508311748504639,-0.1356266587972641
974.4819946289062,0.0,0.0,0.0,3.9845075607299805,0.30125299096107483,-0.41330432891845703,3.3649089336395264,-0.5842275619506836
950.5380249023438,0.0,0.0,0.0,4.74860954284668,-0.1995534896850586,0.09151962399482727,5.001786708831787,0.06020769476890564
644.1859741210938,0.0,0.0,0.0,4.222134590148926,-0.4081929922103882,0.28793588280677795,4.335971355438232,0.32690030336380005
301.406005859375,0.0,0.0,0.0,4.721909523010254,-0.23095744848251343,0.20827078819274902,4.913984775543213,0.2022099792957306
993.1060180664062,0.0,0.0,0.0,4.027449131011963,0.4889697730541229,-0.5605621337890625,4.042051792144775,-0.5818073749542236
391.51800537109375,0.0,0.0,0.0,3.8078367710113525,0.3588434159755707,-0.3385477364063263,4.03189754486084,-0.3939313292503357
85.4540023803711,0.0,0.0,0.0,3.910661458969116,0.3650529086589813,-0.39266571402549744,3.8324408531188965,-0.4769201874732971
789.4979858398438,0.0,0.0,0.0,1.8454045057296753,-0.12229032069444656,0.38803085684776306,1.94387686252594,0.5516011118888855
346.6820068359375,0.0,0.0,0.0,4.172667980194092,-0.4357351064682007,0.3160073459148407,4.148533344268799,0.341687947511673
62.422000885009766,0.0,0.0,0.0,-0.0008835378685034811,0.001000734162516892,-0.0017114075599238276,0.0,0.0
595.9979858398438,0.0,0.0,0.0,3.2738735675811768,-0.24169619381427765,0.28628554940223694,3.61700439453125,0.32746103405952454
104.94999694824219,0.0,0.0,0.0,2.8659934997558594,0.45187070965766907,-0.655436635017395,2.9866909980773926,-0.6634982824325562
192.30999755859375,0.0,0.0,0.0,4.313366413116455,-0.1529046893119812,0.13650619983673096,4.4452080726623535,0.10898856073617935
635.8900146484375,0.0,0.0,0.0,2.548948049545288,-0.08690440654754639,0.17075251042842865,2.7717511653900146,0.17545801401138306
724.9580078125,0.0,0.0,0.0,4.399808883666992,-0.4559970200061798,0.28647416830062866,4.757282257080078,0.3721946179866791
564.7139892578125,0.0,0.0,0.0,2.7051842212677,0.3807557225227356,-0.6583432555198669,3.045398473739624,-0.7638137936592102
89.27799987792969,0.0,0.0,0.0,4.342367649078369,0.3168003261089325,-0.2572934925556183,4.720064163208008,-0.1658726930618286
199.3179931640625,0.0,0.0,0.0,2.3670547008514404,-0.21423716843128204,0.4601655602455139,2.775465726852417,0.5732072591781616
599.0139770507812,0.0,0.0,0.0,2.4494149684906006,-0.3171101212501526,0.6146533489227295,2.9028830528259277,0.8163437843322754
644.8179931640625,0.0,0.0,0.0,4.435184478759766,-0.322619765996933,0.17528489232063293,4.593227863311768,0.25286033749580383
62.321998596191406,0.0,0.0,0.0,-0.0021433623041957617,0.0009282721439376473,0.0010959074134007096,0.0,0.0
722.0780029296875,0.0,0.0,0.0,4.548913478851318,-0.289073646068573,0.21664929389953613,4.77474308013916,0.25662338733673096
749.5780029296875,0.0,0.0,0.0,4.013267993927002,0.42313385009765625,-0.4063602685928345,4.678454875946045,-0.36893028020858765
451.3219909667969,0.0,0.0,0.0,4.544295787811279,-0.1223357543349266,0.04170602187514305,4.569347858428955,0.033949993550777435
412.0379943847656,0.0,0.0,0.0,4.676992416381836,0.0115269860252738,0.04894606024026871,4.72390079498291,0.02499394305050373
699.6300048828125,0.0,0.0,0.0,3.6012346744537354,0.45273739099502563,-0.4975924491882324,3.6250667572021484,-0.5828981399536133
326.2099914550781,0.0,0.0,0.0,4.618897438049316,-0.3205556869506836,0.17805127799510956,4.743573188781738,0.2683292627334595
67.17400360107422,0.0,0.0,0.0,2.9060540199279785,0.12337157875299454,-0.1687181293964386,2.9182775020599365,-0.19424670934677124
217.1060028076172,0.0,0.0,0.0,2.3847434520721436,0.10931520164012909,-0.24777425825595856,2.292937994003296,-0.31340259313583374
980.7780151367188,0.0,0.0,0.0,4.440403461456299,0.29410937428474426,-0.21134953200817108,4.779551982879639,-0.18838755786418915
118.69400024414062,0.0,0.0,0.0,4.3017144203186035,0.43209362030029297,-0.2940423786640167,4.593121528625488,-0.2979033887386322
320.2139892578125,0.0,0.0,0.0,4.674473285675049,-0.08506935834884644,0.02813013643026352,4.8284993171691895,0.09106508642435074
224.1219940185547,0.0,0.0,0.0,4.451838970184326,0.22770585119724274,-0.12494813650846481,4.678197383880615,-0.1712096482515335
423.01800537109375,0.0,0.0,0.0,4.685338020324707,0.08024964481592178,-0.03286154940724373,4.802194118499756,-0.07315651327371597
743.8179931640625,0.0,0.0,0.0,2.4076170921325684,0.2808460593223572,-0.5189815759658813,2.9663188457489014,-0.6853901147842407
474.7860107421875,0.0,0.0,0.0,3.4614455699920654,0.42511609196662903,-0.43385016918182373,3.806894540786743,-0.4900662302970886
822.8099975585938,0.0,0.0,0.0,4.71381139755249,0.17205649614334106,-0.11317980289459229,5.052116394042969,-0.031223472207784653
1001.2739868164062,0.0,0.0,0.0,3.104879140853882,0.009541737847030163,-0.051829878240823746,2.8709914684295654,-0.02864839881658554
243.02200317382812,0.0,0.0,0.0,2.501173973083496,-0.0036807258147746325,-0.008108998648822308,2.414720058441162,0.012306839227676392
421.30999755859375,0.0,0.0,0.0,4.610324382781982,0.22669918835163116,-0.15870524942874908,4.579463481903076,-0.11862648278474808
158.85400390625,0.0,0.0,0.0,4.06997013092041,-0.5492711067199707,0.47010117769241333,3.9519660472869873,0.424181193113327
221.24600219726562,0.0,0.0,0.0,3.4793853759765625,0.39624589681625366,-0.3965853750705719,3.702385187149048,-0.49038025736808777
362.20599365234375,0.0,0.0,0.0,2.5841312408447266,0.26638099551200867,-0.5219798684120178,2.456376075744629,-0.5928364396095276
600.4140014648438,0.0,0.0,0.0,3.382697343826294,-0.40961337089538574,0.49493318796157837,3.6273467540740967,0.5121021270751953
583.0460205078125,0.0,0.0,0.0,4.541301250457764,0.3290787935256958,-0.21060262620449066,4.990118026733398,-0.14222078025341034
290.70599365234375,0.0,0.0,0.0,3.955726146697998,-0.5177315473556519,0.40469393134117126,4.163409233093262,0.44398000836372375
581.6259765625,0.0,0.0,0.0,4.2929487228393555,0.483468234539032,-0.32611796259880066,4.587985515594482,-0.42133721709251404
306.43798828125,0.0,0.0,0.0,4.2843194007873535,-0.41958096623420715,0.3785613775253296,4.427252769470215,0.4363310635089874
757.43798828125,0.0,0.0,0.0,4.461854934692383,0.34409698843955994,-0.3167859613895416,4.639211177825928,-0.36556103825569153
681.4180297851562,0.0,0.0,0.0,4.492392063140869,0.13086755573749542,-0.19302836060523987,4.769627571105957,-0.2150074988603592
63.68199920654297,0.0,0.0,0.0,-0.0019757195841521025,0.00041641114512458444,0.0003577810130082071,0.0,0.0
111.75800323486328,0.0,0.0,0.0,3.454012155532837,0.39976954460144043,-0.4780966341495514,3.7479920387268066,-0.5240230560302734
246.3820037841797,0.0,0.0,0.0,2.371854066848755,0.19990314543247223,-0.42986157536506653,2.610229253768921,-0.5285456776618958
912.5419921875,0.0,0.0,0.0,3.806365489959717,0.46511656045913696,-0.38703709840774536,3.690574884414673,-0.44683462381362915
406.7460021972656,0.0,0.0,0.0,4.546802997589111,0.1594557911157608,-0.06494421511888504,4.546932697296143,-0.11815500259399414
514.27001953125,0.0,0.0,0.0,4.549585819244385,0.04146748408675194,0.03143908455967903,4.6017069816589355,-0.04714370146393776
960.2100219726562,0.0,0.0,0.0,4.494093894958496,-0.3800441324710846,0.22710515558719635,4.627112865447998,0.21132458746433258
660.1019897460938,0.0,0.0,0.0,3.324518918991089,0.4315184950828552,-0.4511070251464844,3.953153133392334,-0.63377845287323
427.17401123046875,0.0,0.0,0.0,3.255082607269287,-0.442227840423584,0.5946729779243469,3.5931427478790283,0.6262801885604858
529.5819702148438,0.0,0.0,0.0,3.295034408569336,0.4841793179512024,-0.5610326528549194,3.5696513652801514,-0.7444525957107544
899.4819946289062,0.0,0.0,0.0,2.6696646213531494,0.34815600514411926,-0.6587702035903931,2.904979944229126,-0.7397999167442322
406.0740051269531,0.0,0.0,0.0,4.433491230010986,0.13798585534095764,-0.06547747552394867,4.379175662994385,-0.09655188024044037
999.0819702148438,0.0,0.0,0.0,4.190232276916504,0.09566166996955872,-0.06214924156665802,4.322659015655518,0.0022260367404669523
425.2460021972656,0.0,0.0,0.0,4.578960418701172,-0.028490135446190834,0.09057510644197464,4.250862121582031,0.2573852837085724
159.54200744628906,0.0,0.0,0.0,4.0321574211120605,-0.5356559157371521,0.37827396392822266,4.2010178565979,0.3966332674026489
418.3739929199219,0.0,0.0,0.0,4.21651554107666,0.4196965992450714,-0.25814104080200195,4.262176513671875,-0.46125662326812744
480.2380065917969,0.0,0.0,0.0,4.334635257720947,0.20634712278842926,-0.15063107013702393,4.50766134262085,-0.13579460978507996
618.2100219726562,0.0,0.0,0.0,4.25285005569458,-0.3610471785068512,0.20424839854240417,4.65676212310791,0.31708645820617676
418.6260070800781,0.0,0.0,0.0,4.200140476226807,0.4160041809082031,-0.3297448456287384,4.31229829788208,-0.4153042137622833
332.3699951171875,0.0,0.0,0.0,4.6446919441223145,-0.17012768983840942,0.11935855448246002,4.685231685638428,0.0783562883734703
728.3460083007812,0.0,0.0,0.0,4.755147457122803,-0.07842344045639038,-0.02133503183722496,4.897664546966553,0.1422436237335205
619.2100219726562,0.0,0.0,0.0,4.576220512390137,-0.27342674136161804,0.2001681923866272,4.963448524475098,0.12698708474636078
872.4660034179688,0.0,0.0,0.0,4.523271560668945,-0.12752802670001984,0.05078235641121864,4.768912315368652,0.06840891391038895
89.0739974975586,0.0,0.0,0.0,4.310914993286133,0.3161519765853882,-0.1906270533800125,4.496636867523193,-0.3071516156196594
823.3820190429688,0.0,0.0,0.0,4.687609672546387,0.0638989806175232,-0.0342416949570179,4.9659199714660645,0.023973483592271805
240.48599243164062,0.0,0.0,0.0,4.042342662811279,0.012190164998173714,0.021504079923033714,3.933811664581299,-0.07919144630432129
955.3779907226562,0.0,0.0,0.0,3.935227394104004,-0.48087742924690247,0.37276631593704224,3.924165964126587,0.4746111333370209
762.0900268554688,0.0,0.0,0.0,3.640643835067749,0.4166918396949768,-0.4080737233161926,3.9341864585876465,-0.5247462391853333
217.51400756835938,0.0,0.0,0.0,2.4729056358337402,0.14289407432079315,-0.2968279719352722,2.658944606781006,-0.3591729700565338
627.5700073242188,0.0,0.0,0.0,4.131666660308838,0.2430151402950287,-0.2190302312374115,4.257770538330078,-0.018148839473724365
90.94999694824219,0.0,0.0,0.0,4.306136608123779,0.18544194102287292,-0.13831430673599243,4.4740190505981445,-0.13840168714523315
342.75799560546875,0.0,0.0,0.0,3.8489975929260254,-0.4694173038005829,0.40609079599380493,3.959341526031494,0.4624565839767456
718.3099975585938,0.0,0.0,0.0,4.576376914978027,-0.3857823610305786,0.24953603744506836,4.3509087562561035,0.20209567248821259
355.9739990234375,0.0,0.0,0.0,4.079049587249756,-0.028421763330698013,0.09482058137655258,4.137176990509033,0.0047600106336176395
900.3779907226562,0.0,0.0,0.0,3.203185796737671,0.4007769823074341,-0.5945596694946289,3.1411781311035156,-0.6629051566123962
190.9739990234375,0.0,0.0,0.0,4.029346942901611,-0.26153993606567383,0.21909601986408234,4.240044116973877,0.256087064743042
811.4819946289062,0.0,0.0,0.0,4.1405816078186035,0.32675591111183167,-0.2586783766746521,4.138191223144531,-0.2273179441690445
557.6820068359375,0.0,0.0,0.0,3.3606600761413574,-0.33701151609420776,0.4301616847515106,4.010327339172363,0.5279490351676941
386.4700012207031,0.0,0.0,0.0,4.568441867828369,0.02137322910130024,-0.054966192692518234,4.809772491455078,-0.032493412494659424
917.1220092773438,0.0,0.0,0.0,4.11283016204834,0.4080004096031189,-0.32121360301971436,4.464907169342041,-0.37094834446907043
581.1820068359375,0.0,0.0,0.0,4.237551212310791,0.46186384558677673,-0.33526188135147095,4.297749996185303,-0.48414093255996704
622.8460083007812,0.0,0.0,0.0,4.413595199584961,-0.3573262691497803,0.24883930385112762,4.792840480804443,0.2861495316028595
865.4860229492188,0.0,0.0,0.0,4.589034557342529,-0.08137527108192444,0.028438957408070564,4.253528594970703,0.07924563437700272
272.5459899902344,0.0,0.0,0.0,2.3935964107513428,0.05929498374462128,-0.15999382734298706,2.6649184226989746,-0.19186873733997345
870.6859741210938,0.0,0.0,0.0,4.0792555809021,-0.37168899178504944,0.31746795773506165,4.479742050170898,0.30608949065208435
918.322021484375,0.0,0.0,0.0,3.850571870803833,0.51619952917099,-0.523883581161499,4.269184589385986,-0.6054736971855164
631.1939697265625,0.0,0.0,0.0,2.9539432525634766,-0.1537771224975586,0.13277249038219452,3.0515880584716797,0.0629611611366272
405.8179931640625,0.0,0.0,0.0,4.39177131652832,0.16614367067813873,0.00992508139461279,4.621071815490723,-0.0540856309235096
318.4419860839844,0.0,0.0,0.0,4.685955047607422,-0.11677833646535873,0.0838896632194519,5.0027618408203125,0.15620777010917664
304.2460021972656,0.0,0.0,0.0,4.57382869720459,-0.39078328013420105,0.28488773107528687,4.620670795440674,0.2533194124698639
829.72998046875,0.0,0.0,0.0,4.486189365386963,0.2929534316062927,-0.1633581668138504,4.931609630584717,-0.19847752153873444
987.0819702148438,0.0,0.0,0.0,4.758734703063965,0.03180520981550217,-0.05910179018974304,4.845774173736572,0.03632029891014099
550.2459716796875,0.0,0.0,0.0,1.765869140625,-0.18426239490509033,0.6618085503578186,1.7747423648834229,0.7310925126075745
994.3419799804688,0.0,0.0,0.0,3.5866458415985107,0.4693096876144409,-0.5253090858459473,3.888760566711426,-0.5529463887214661
843.2379760742188,0.0,0.0,0.0,4.7526044845581055,0.14011132717132568,-0.05957822874188423,4.5596923828125,-0.045227646827697754
142.6540069580078,0.0,0.0,0.0,4.5825114250183105,0.11529064923524857,-0.0016891115810722113,4.755168914794922,0.13470667600631714
627.114013671875,0.0,0.0,0.0,4.342683792114258,0.26488515734672546,-0.2065921425819397,4.117903709411621,-0.1672736406326294
889.4739990234375,0.0,0.0,0.0,3.312159776687622,0.45539188385009766,-0.5542499423027039,3.707505941390991,-0.6163797378540039
713.3660278320312,0.0,0.0,0.0,4.551461219787598,-0.39307448267936707,0.3090040683746338,4.668054103851318,0.4220295250415802
893.2059936523438,0.0,0.0,0.0,4.029982566833496,0.5345146656036377,-0.5070642232894897,4.064255237579346,-0.6307355761528015
982.8099975585938,0.0,0.0,0.0,4.651375770568848,0.15055067837238312,-0.07873134315013885,4.831992149353027,0.003403856186196208
172.08200073242188,0.0,0.0,0.0,3.5868117809295654,-0.45290738344192505,0.5228869915008545,3.1948330402374268,0.6107376217842102
166.13400268554688,0.0,0.0,0.0,4.274064540863037,-0.45849886536598206,0.40174436569213867,4.306637763977051,0.37945348024368286
826.97802734375,0.0,0.0,0.0,4.750300407409668,0.07353305071592331,-0.08505399525165558,4.789844989776611,-0.25469473004341125
712.2340087890625,0.0,0.0,0.0,4.401062488555908,-0.38356390595436096,0.29724374413490295,4.637792587280273,0.36904117465019226
760.8740234375,0.0,0.0,0.0,3.4693515300750732,0.4721433222293854,-0.5121318697929382,3.5555381774902344,-0.6137705445289612
918.6060180664062,0.0,0.0,0.0,3.8339269161224365,0.530472993850708,-0.48713433742523193,4.148341655731201,-0.6041543483734131
969.0579833984375,0.0,0.0,0.0,4.466752529144287,-0.18651339411735535,0.12057861685752869,4.591925144195557,0.1346074789762497
340.6780090332031,0.0,0.0,0.0,4.553684234619141,-0.3065052628517151,0.1267414093017578,4.464034080505371,0.27755212783813477
624.5020141601562,0.0,0.0,0.0,4.5281805992126465,-0.221316859126091,0.13165739178657532,4.6829071044921875,0.11290878802537918
358.6419982910156,0.0,0.0,0.0,2.2608087062835693,-0.003622872056439519,0.014145559631288052,1.9830121994018555,-0.014607363380491734
852.4979858398438,0.0,0.0,0.0,4.326168537139893,-0.44515934586524963,0.37429073452949524,4.158217906951904,0.42481914162635803
795.7459716796875,0.0,0.0,0.0,4.241960525512695,-0.4090283215045929,0.31631898880004883,4.389293670654297,0.2006205916404724
142.52999877929688,0.0,0.0,0.0,4.546863079071045,0.1871105134487152,-0.01588834822177887,4.62397575378418,-0.029095452278852463
427.69000244140625,0.0,0.0,0.0,3.470641613006592,-0.4529220759868622,0.5173444747924805,3.454603433609009,0.5053427815437317
750.197998046875,0.0,0.0,0.0,4.295442581176758,0.38339200615882874,-0.19794872403144836,4.47695255279541,-0.22994105517864227
468.86199951171875,0.0,0.0,0.0,4.636900901794434,-0.16960959136486053,0.07675345987081528,4.6839494705200195,0.07514084875583649
466.9460144042969,0.0,0.0,0.0,4.174068450927734,-0.3559875786304474,0.2741827070713043,4.480217933654785,0.3006768524646759
933.9459838867188,0.0,0.0,0.0,3.651790142059326,-0.09629858285188675,0.11905459314584732,3.6018590927124023,0.11293970793485641
543.1820068359375,0.0,0.0,0.0,1.5160328149795532,-0.0694822296500206,0.27685579657554626,1.7339587211608887,0.37275126576423645
598.9180297851562,0.0,0.0,0.0,2.4780800342559814,-0.3269864320755005,0.6594507098197937,2.507108449935913,0.7032680511474609
108.9219970703125,0.0,0.0,0.0,3.143679618835449,0.3856523931026459,-0.5062463879585266,3.41641902923584,-0.5791807770729065
355.37799072265625,0.0,0.0,0.0,4.416848659515381,-0.031608354300260544,0.007990000769495964,4.566473960876465,0.0933409184217453
471.6059875488281,0.0,0.0,0.0,4.6639485359191895,-0.011461203917860985,0.010334957391023636,4.617751121520996,0.0026175298262387514
589.27001953125,0.0,0.0,0.0,3.698918104171753,0.5276786088943481,-0.4755385220050812,3.925065279006958,-0.541671097278595
753.4860229492188,0.0,0.0,0.0,4.64777946472168,0.06287901848554611,-0.0032425045501440763,4.811479568481445,-0.03253409266471863
87.05799865722656,0.0,0.0,0.0,3.2208850383758545,0.38196346163749695,-0.46476486325263977,3.7509167194366455,-0.5372968912124634
643.1339721679688,0.0,0.0,0.0,3.9127895832061768,-0.47600874304771423,0.39981022477149963,4.210092544555664,0.5501376390457153
250.1300048828125,0.0,0.0,0.0,4.355937480926514,0.19831758737564087,-0.08240175992250443,4.3886871337890625,-0.1473229080438614
594.4340209960938,0.0,0.0,0.0,2.318920135498047,-0.12932027876377106,0.31741541624069214,2.3753983974456787,0.34706661105155945
412.2699890136719,0.0,0.0,0.0,4.619056701660156,0.011352036148309708,0.011289302259683609,5.048980236053467,-0.08941805362701416
267.1860046386719,0.0,0.0,0.0,4.31533670425415,-0.01163790188729763,0.028202800080180168,4.261560440063477,0.006668307352811098
377.5820007324219,0.0,0.0,0.0,4.024217128753662,-0.4276010990142822,0.3503333032131195,4.17564058303833,0.4332631528377533
461.43798828125,0.0,0.0,0.0,4.592716217041016,-0.0786266028881073,-0.0074269636534154415,4.845843315124512,-0.08722807466983795
728.6740112304688,0.0,0.0,0.0,4.749699115753174,-0.07005716115236282,0.005553175695240498,4.993624687194824,0.0630362331867218
499.8699951171875,0.0,0.0,0.0,2.156172275543213,0.06259087473154068,-0.21629567444324493,2.1194920539855957,-0.2186439037322998
957.75,0.0,0.0,0.0,4.389636516571045,-0.30940720438957214,0.18552598357200623,4.344785690307617,0.1771058887243271
167.8179931640625,0.0,0.0,0.0,4.39548921585083,-0.4235593378543854,0.29856064915657043,4.832675933837891,0.28067323565483093
236.46200561523438,0.0,0.0,0.0,4.709324836730957,0.03701956197619438,-0.026258962228894234,4.796587944030762,-0.04652763158082962
675.5380249023438,0.0,0.0,0.0,3.514240264892578,-0.38086703419685364,0.30650123953819275,3.955829381942749,0.2929549813270569
160.97799682617188,0.0,0.0,0.0,4.436254501342773,-0.3779256343841553,0.2573939263820648,4.727769374847412,0.127191424369812
364.9100036621094,0.0,0.0,0.0,3.510875940322876,0.4780949056148529,-0.47577711939811707,3.7711920738220215,-0.590602457523346
399.60198974609375,0.0,0.0,0.0,4.209144115447998,0.0003479951119516045,0.0328049436211586,4.254197597503662,-0.13364137709140778
749.9459838867188,0.0,0.0,0.0,4.270444869995117,0.4012340307235718,-0.3618866801261902,4.293997287750244,-0.2704729735851288
711.4459838867188,0.0,0.0,0.0,4.465573787689209,-0.32615405321121216,0.20837898552417755,4.952814102172852,0.22353196144104004
889.6060180664062,0.0,0.0,0.0,3.341351270675659,0.4456011652946472,-0.5180303454399109,3.490934133529663,-0.5541643500328064
969.177978515625,0.0,0.0,0.0,4.487648963928223,-0.18885818123817444,0.12762458622455597,4.576483249664307,0.19209128618240356
426.6619873046875,0.0,0.0,0.0,3.1929614543914795,-0.4598769545555115,0.5894163250923157,3.392183780670166,0.7144138813018799
527.5139770507812,0.0,0.0,0.0,2.905059814453125,0.40827178955078125,-0.6549209356307983,3.3087713718414307,-0.6700660586357117
70.80999755859375,0.0,0.0,0.0,3.9343199729919434,0.12239839881658554,-0.11153116077184677,4.037686347961426,-0.06825403869152069
165.0500030517578,0.0,0.0,0.0,4.504269599914551,-0.28677916526794434,0.1368296593427658,4.706476211547852,0.1454729288816452
520.1699829101562,0.0,0.0,0.0,4.503863334655762,0.06284895539283752,-0.04971487075090408,4.980403423309326,-0.014112507924437523
580.5339965820312,0.0,0.0,0.0,4.25702428817749,0.45037251710891724,-0.3608858287334442,4.273447513580322,-0.5184088945388794
819.0499877929688,0.0,0.0,0.0,3.7395076751708984,0.4436073899269104,-0.48052355647087097,4.035155773162842,-0.3909013569355011
466.0140075683594,0.0,0.0,0.0,3.635411024093628,-0.40562960505485535,0.44271865487098694,3.983903169631958,0.4016442596912384
458.25,0.0,0.0,0.0,4.094081401824951,-0.2677808403968811,0.2026662826538086,4.554533004760742,0.21007683873176575
975.64599609375,0.0,0.0,0.0,2.6148481369018555,0.329091340303421,-0.5337691903114319,2.844676971435547,-0.695490300655365
746.3660278320312,0.0,0.0,0.0,4.066089153289795,0.3401779234409332,-0.24407389760017395,4.424323558807373,-0.24719934165477753
332.4700012207031,0.0,0.0,0.0,4.661539554595947,-0.17605090141296387,0.09937029331922531,4.860738277435303,0.07926382124423981
293.9580078125,0.0,0.0,0.0,4.603581428527832,-0.05168803781270981,0.03251978009939194,4.591915130615234,-0.07184666395187378
354.1579895019531,0.0,0.0,0.0,4.745445251464844,-0.06517022848129272,0.08144012838602066,4.600855827331543,0.0010236252564936876
741.6339721679688,0.0,0.0,0.0,3.027540445327759,0.3329479992389679,-0.5000991225242615,2.832221508026123,-0.5886932611465454
476.72601318359375,0.0,0.0,0.0,3.6046135425567627,0.35422831773757935,-0.34382539987564087,3.763561248779297,-0.39234310388565063
529.2540283203125,0.0,0.0,0.0,3.5284626483917236,0.47773146629333496,-0.5360410809516907,3.3399813175201416,-0.5820719599723816
666.114013671875,0.0,0.0,0.0,4.76341438293457,0.1586221158504486,-0.01057504490017891,4.803450584411621,-0.12083465605974197
509.25,0.0,0.0,0.0,3.4945333003997803,0.32678771018981934,-0.3460853695869446,3.672008514404297,-0.37187373638153076
70.08599853515625,0.0,0.0,0.0,3.7220194339752197,0.14584232866764069,-0.14822404086589813,3.883413791656494,-0.05103028938174248
488.24200439453125,0.0,0.0,0.0,4.373752593994141,0.2283945530653,-0.13039274513721466,4.680933952331543,-0.21098501980304718
685.7659912109375,0.0,0.0,0.0,3.3401052951812744,0.37760645151138306,-0.4405308663845062,3.5155577659606934,-0.5320580005645752
916.9180297851562,0.0,0.0,0.0,4.090878963470459,0.44010472297668457,-0.3208116590976715,4.3926215171813965,-0.36301112174987793
317.9859924316406,0.0,0.0,0.0,4.67395544052124,-0.17280486226081848,0.08427495509386063,4.8143815994262695,0.09520559012889862
349.8059997558594,0.0,0.0,0.0,4.568111896514893,-0.26327353715896606,0.2320452183485031,4.969305038452148,0.2251969277858734
762.9500122070312,0.0,0.0,0.0,4.008485317230225,0.3765471577644348,-0.32352206110954285,4.374876976013184,-0.16807697713375092
536.5700073242188,0.0,0.0,0.0,3.687178134918213,0.5154100060462952,-0.637363076210022,3.619603157043457,-0.6618200540542603
403.3739929199219,0.0,0.0,0.0,3.4804563522338867,0.3151358366012573,-0.3614555895328522,3.7079122066497803,-0.33657506108283997
769.1939697265625,0.0,0.0,0.0,4.686453819274902,0.05655958876013756,-0.03845735639333725,4.698467254638672,0.049931999295949936
495.2340087890625,0.0,0.0,0.0,4.649733066558838,0.0479414127767086,-0.02644016593694687,4.773472309112549,-0.032285675406455994
675.7379760742188,0.0,0.0,0.0,3.5818707942962646,-0.3302243649959564,0.3474273085594177,3.9427907466888428,0.47032469511032104
285.1499938964844,0.0,0.0,0.0,4.186486721038818,-0.4681228697299957,0.37536507844924927,4.431085586547852,0.3491543233394623
765.9500122070312,0.0,0.0,0.0,4.647376537322998,0.11806677281856537,-0.09882024675607681,4.707399845123291,-0.006267988122999668
917.677978515625,0.0,0.0,0.0,4.204142093658447,0.3869324326515198,-0.3542739748954773,4.0292558670043945,-0.5032442212104797
923.8099975585938,0.0,0.0,0.0,3.9712562561035156,-0.35314062237739563,0.26569345593452454,4.1555938720703125,0.3280138075351715
178.7100067138672,0.0,0.0,0.0,1.6663439273834229,-0.12748712301254272,0.4430403709411621,1.6764049530029297,0.4496433138847351
88.10199737548828,0.0,0.0,0.0,3.8088090419769287,0.36880818009376526,-0.3583126664161682,4.085341453552246,-0.3545265197753906
363.27801513671875,0.0,0.0,0.0,2.600860357284546,0.3165263831615448,-0.5405510067939758,2.731161594390869,-0.4818308651447296
797.7379760742188,0.0,0.0,0.0,4.631208419799805,-0.16328084468841553,0.08982197195291519,4.729386806488037,0.08396559953689575
291.1780090332031,0.0,0.0,0.0,4.1241068840026855,-0.3932734429836273,0.2589084208011627,4.533480644226074,0.2963947057723999
197.697998046875,0.0,0.0,0.0,2.1447296142578125,-0.21919463574886322,0.4444965124130249,2.0553181171417236,0.6104130148887634
873.4099731445312,0.0,0.0,0.0,4.502799987792969,-0.08361262083053589,0.025443855673074722,4.555553436279297,0.03363622725009918
99.78600311279297,0.0,0.0,0.0,4.632542610168457,0.1456974595785141,-0.2206679880619049,5.0617170333862305,-0.2601856291294098
615.4340209960938,0.0,0.0,0.0,3.1140034198760986,-0.43997856974601746,0.6302633881568909,3.2748348712921143,0.741367518901825
67.51000213623047,0.0,0.0,0.0,2.997612953186035,0.13872309029102325,-0.2113954871892929,3.0622928142547607,-0.19096311926841736
1000.3419799804688,0.0,0.0,0.0,3.478912830352783,-0.0053573776967823505,0.0054879337549209595,3.474766731262207,-0.015389208681881428
553.7420043945312,0.0,0.0,0.0,1.8660945892333984,-0.20258627831935883,0.6633525490760803,1.881847858428955,0.7269372344017029
560.9420166015625,0.0,0.0,0.0,4.477003574371338,-0.05118205025792122,-0.163152813911438,3.820936441421509,-0.4341539144515991
592.6380004882812,0.0,0.0,0.0,1.8058418035507202,0.11095646768808365,-0.26826539635658264,1.7007173299789429,-0.1265304684638977
85.24199676513672,0.0,0.0,0.0,4.103705406188965,0.34373900294303894,-0.2505868375301361,3.670699119567871,-0.3411746919155121
831.3460083007812,0.0,0.0,0.0,3.891685962677002,0.5217458605766296,-0.41871169209480286,3.670184850692749,-0.4933050274848938
157.9219970703125,0.0,0.0,0.0,4.336531639099121,-0.42645174264907837,0.3643716275691986,4.544508457183838,0.45068788528442383
571.6300048828125,0.0,0.0,0.0,3.874027729034424,0.4057243764400482,-0.338126003742218,4.290452003479004,-0.4420768618583679
421.0979919433594,0.0,0.0,0.0,4.5434088706970215,0.2574036419391632,-0.16638439893722534,4.915918827056885,-0.19627338647842407
804.6099853515625,0.0,0.0,0.0,1.9409239292144775,-0.22639767825603485,0.7772619128227234,2.2006893157958984,0.9676993489265442
832.2940063476562,0.0,0.0,0.0,4.086054801940918,0.47118666768074036,-0.38395535945892334,4.230673789978027,-0.461986243724823
315.4739990234375,0.0,0.0,0.0,4.6256232261657715,-0.2879970967769623,0.1814814805984497,4.935581207275391,0.11460784077644348
149.97799682617188,0.0,0.0,0.0,3.2266483306884766,-0.383418470621109,0.4862549304962158,3.5457518100738525,0.5207703113555908
200.41799926757812,0.0,0.0,0.0,2.2378041744232178,-0.271973192691803,0.5953290462493896,2.254775047302246,0.7329322099685669
681.6220092773438,0.0,0.0,0.0,4.485537528991699,0.20792537927627563,-0.22372622787952423,4.579017639160156,-0.2639714777469635
393.1940002441406,0.0,0.0,0.0,3.5565667152404785,0.4948456585407257,-0.5506845712661743,3.7204976081848145,-0.7161608338356018
401.75,0.0,0.0,0.0,2.9594390392303467,0.24372556805610657,-0.39407622814178467,2.9047396183013916,-0.488466739654541
287.5140075683594,0.0,0.0,0.0,4.403130054473877,-0.43698012828826904,0.3046870827674866,4.532337665557861,0.2647566795349121
64.08599853515625,0.0,0.0,0.0,-0.0011858213692903519,0.00015634926967322826,-0.00032656468101777136,0.0,0.0
557.9459838867188,0.0,0.0,0.0,3.6056509017944336,-0.35185521841049194,0.4180922210216522,4.101550102233887,0.5009073615074158
455.8580017089844,0.0,0.0,0.0,2.9100852012634277,-0.3208627998828888,0.4207557141780853,3.4721481800079346,0.5234105587005615
218.6739959716797,0.0,0.0,0.0,2.7931642532348633,0.22368481755256653,-0.29568836092948914,3.2613322734832764,-0.389906644821167
718.4340209960938,0.0,0.0,0.0,4.553898811340332,-0.3666742742061615,0.20326191186904907,4.783261775970459,0.1771143078804016
701.8140258789062,0.0,0.0,0.0,4.467097282409668,0.3075796961784363,-0.23187020421028137,4.834571361541748,-0.31254369020462036
705.1019897460938,0.0,0.0,0.0,4.75016450881958,0.04344605654478073,-0.03390227630734444,5.037510871887207,0.0062323519960045815
758.9459838867188,0.0,0.0,0.0,4.48529577255249,0.2852095067501068,-0.20628948509693146,4.528619766235352,-0.21380284428596497
872.8099975585938,0.0,0.0,0.0,4.536287784576416,-0.1175534799695015,0.0309352558106184,4.760380744934082,0.0673341304063797
827.6300048828125,0.0,0.0,0.0,4.540646553039551,0.40230974555015564,-0.31981316208839417,4.559958457946777,-0.36739984154701233
229.68600463867188,0.0,0.0,0.0,4.0443339347839355,0.47550296783447266,-0.4541316628456116,4.418760776519775,-0.5307479500770569
194.79400634765625,0.0,0.0,0.0,4.564902305603027,-0.026108846068382263,0.047263335436582565,4.376481056213379,0.054879963397979736
100.85399627685547,0.0,0.0,0.0,4.483642101287842,0.3340953290462494,-0.22523970901966095,4.576904773712158,-0.19210676848888397
981.4180297851562,0.0,0.0,0.0,4.521279335021973,0.24266299605369568,-0.13736926019191742,4.774693489074707,-0.17054148018360138
474.1860046386719,0.0,0.0,0.0,3.173703670501709,0.4170520007610321,-0.5453922152519226,3.426673650741577,-0.5579282641410828
494.22601318359375,0.0,0.0,0.0,4.710048675537109,0.08764371275901794,-0.0593155100941658,4.703963756561279,-0.031186528503894806
506.54998779296875,0.0,0.0,0.0,3.8108649253845215,0.0815592110157013,-0.09655118733644485,4.136136054992676,-0.0857018232345581
656.27001953125,0.0,0.0,0.0,4.219345569610596,0.33984798192977905,-0.2765994369983673,4.372377872467041,-0.2695126235485077
762.5980224609375,0.0,0.0,0.0,3.9324281215667725,0.41726332902908325,-0.4044734537601471,4.25715970993042,-0.35698387026786804
353.1419982910156,0.0,0.0,0.0,4.707494735717773,-0.1646496206521988,0.12977057695388794,4.9009809494018555,0.1395881623029709
754.1900024414062,0.0,0.0,0.0,4.68292236328125,0.2403496652841568,-0.19553613662719727,4.7502970695495605,-0.137851282954216
349.0379943847656,0.0,0.0,0.0,4.354732513427734,-0.30736100673675537,0.2307966947555542,4.5127058029174805,0.2327410876750946
222.19000244140625,0.0,0.0,0.0,3.8118340969085693,0.3668361306190491,-0.3012476861476898,4.339319705963135,-0.3551461398601532
926.9340209960938,0.0,0.0,0.0,4.113048553466797,-0.4738929569721222,0.3443776071071625,4.243631839752197,0.35209885239601135
586.718017578125,0.0,0.0,0.0,4.1401591300964355,0.46261903643608093,-0.349625825881958,4.232219696044922,-0.48762309551239014
565.5900268554688,0.0,0.0,0.0,3.284529685974121,0.4270881414413452,-0.5452687740325928,3.7301950454711914,-0.618954062461853
85.69400024414062,0.0,0.0,0.0,3.641425848007202,0.4286165237426758,-0.4300779402256012,3.374812364578247,-0.6380892992019653
403.70599365234375,0.0,0.0,0.0,3.571662425994873,0.31659647822380066,-0.27151188254356384,3.696958303451538,-0.32764822244644165
59.321998596191406,0.0,0.0,0.0,-0.001811377122066915,0.0008127999026328325,-0.00017874425975605845,0.0,0.0
308.85400390625,0.0,0.0,0.0,4.429600715637207,-0.3755320906639099,0.21506471931934357,4.191930294036865,0.30044829845428467
617.7020263671875,0.0,0.0,0.0,4.004822254180908,-0.405264675617218,0.3065849542617798,4.406941890716553,0.3483552932739258
444.91400146484375,0.0,0.0,0.0,4.165532112121582,-0.3681486248970032,0.24839890003204346,4.439579963684082,0.2706884741783142
903.6740112304688,0.0,0.0,0.0,3.987213611602783,0.4499083161354065,-0.3820638656616211,4.309930801391602,-0.4241666793823242
409.64599609375,0.0,0.0,0.0,4.607840061187744,0.27328354120254517,-0.11722610890865326,5.046987533569336,-0.13086722791194916
63.81399917602539,0.0,0.0,0.0,-0.0011379061033949256,0.00022426180657930672,-0.00016384446644224226,0.0,0.0
543.1019897460938,0.0,0.0,0.0,1.4776575565338135,-0.06287215650081635,0.24184313416481018,1.6538006067276,0.3306027948856354
589.5700073242188,0.0,0.0,0.0,3.7368266582489014,0.5168057084083557,-0.51946622133255,4.058523654937744,-0.5630519390106201
756.2100219726562,0.0,0.0,0.0,4.740283966064453,0.1944343000650406,-0.06399763375520706,5.0268874168396,-0.02241000160574913
58.625999450683594,0.0,0.0,0.0,-0.0018330378225073218,0.0007766103954054415,-9.909470099955797e-05,0.0,0.0
940.22998046875,0.0,0.0,0.0,4.4236345291137695,-0.14240197837352753,0.06612556427717209,4.513325214385986,0.057187337428331375
799.1900024414062,0.0,0.0,0.0,4.436914920806885,-0.34611576795578003,0.29730939865112305,4.550340175628662,0.3645061254501343
426.4540100097656,0.0,0.0,0.0,3.324786424636841,-0.451935350894928,0.566501796245575,3.518507480621338,0.708230197429657
278.2139892578125,0.0,0.0,0.0,2.272085428237915,-0.14663709700107574,0.4233371317386627,2.4581689834594727,0.4381029009819031
133.30999755859375,0.0,0.0,0.0,4.66038703918457,0.14965079724788666,-0.020691432058811188,4.990804672241211,-0.09655720740556717
816.6740112304688,0.0,0.0,0.0,3.453141212463379,0.47962209582328796,-0.6326193809509277,3.137608766555786,-0.5203077793121338
772.7420043945312,0.0,0.0,0.0,4.330677509307861,0.4141642153263092,-0.3050018548965454,4.4490203857421875,-0.22912347316741943
726.2979736328125,0.0,0.0,0.0,4.582667827606201,-0.29874393343925476,0.11905364692211151,4.911642074584961,0.15687312185764313
944.3779907226562,0.0,0.0,0.0,4.6331257820129395,0.17877303063869476,-0.11634353548288345,4.997973442077637,-0.10692926496267319
710.2659912109375,0.0,0.0,0.0,4.600164890289307,-0.3455866575241089,0.22157913446426392,4.693442344665527,0.2556104063987732
977.9619750976562,0.0,0.0,0.0,3.6331512928009033,0.40022900700569153,-0.3771344721317291,3.947758913040161,-0.3884446620941162
714.2059936523438,0.0,0.0,0.0,4.451528072357178,-0.42729276418685913,0.2449471801519394,4.578500747680664,0.2681161165237427
113.4540023803711,0.0,0.0,0.0,4.011666774749756,0.45632100105285645,-0.3760671615600586,4.1044111251831055,-0.48023802042007446
534.47802734375,0.0,0.0,0.0,3.628688097000122,0.48051485419273376,-0.5417593717575073,3.2311654090881348,-0.6470130085945129
511.01800537109375,0.0,0.0,0.0,4.200351715087891,0.28889891505241394,-0.20899799466133118,4.470737934112549,-0.14573796093463898
96.79399871826172,0.0,0.0,0.0,4.456851959228516,0.15573473274707794,-0.11340902000665665,4.778886795043945,-0.052715666592121124
321.77398681640625,0.0,0.0,0.0,4.74185848236084,-0.203591987490654,0.09890419989824295,4.972775936126709,0.1202424094080925
584.885986328125,0.0,0.0,0.0,4.1183180809021,0.4404897689819336,-0.3301795423030853,4.3686017990112305,-0.41356611251831055
834.677978515625,0.0,0.0,0.0,4.36686897277832,0.5098534822463989,-0.37922659516334534,4.751693248748779,-0.33417361974716187
89.48600006103516,0.0,0.0,0.0,4.426034450531006,0.29548412561416626,-0.11670678853988647,4.595351696014404,-0.22947655618190765
744.5339965820312,0.0,0.0,0.0,2.966421365737915,0.3354478180408478,-0.5414186716079712,3.3805997371673584,-0.6189366579055786
80.197998046875,0.0,0.0,0.0,4.140569686889648,0.20903389155864716,-0.21399736404418945,4.03826904296875,-0.0601106733083725
235.02200317382812,0.0,0.0,0.0,4.710932731628418,0.07724422216415405,-0.0036482326686382294,4.716331958770752,0.01887630671262741
108.11799621582031,0.0,0.0,0.0,2.976196050643921,0.4013054370880127,-0.5259261131286621,3.176053524017334,-0.6977893710136414
845.677978515625,0.0,0.0,0.0,3.588149070739746,-0.4081955850124359,0.4344606101512909,3.4258642196655273,0.5594468116760254
395.0299987792969,0.0,0.0,0.0,4.098104953765869,0.4038862884044647,-0.29283270239830017,4.189248085021973,-0.33165839314460754
976.8140258789062,0.0,0.0,0.0,2.969409704208374,0.34592780470848083,-0.4247753620147705,3.6324541568756104,-0.6144786477088928
732.6300048828125,0.0,0.0,0.0,3.5322890281677246,0.3977794647216797,-0.5127682685852051,3.0323431491851807,-0.607822835445404
600.114013671875,0.0,0.0,0.0,3.1143035888671875,-0.3766775131225586,0.5199783444404602,3.516655921936035,0.5828055143356323
801.2100219726562,0.0,0.0,0.0,3.4816367626190186,-0.5255497097969055,0.5614862442016602,3.253810167312622,0.7486929297447205
953.4660034179688,0.0,0.0,0.0,4.790448188781738,-0.03654792904853821,-0.019205374643206596,4.985612392425537,-0.001611634623259306
807.010009765625,0.0,0.0,0.0,3.342508554458618,-0.20758937299251556,0.2452564239501953,3.7799859046936035,0.14924360811710358
677.2659912109375,0.0,0.0,0.0,3.865877866744995,-0.40867507457733154,0.37983399629592896,4.087307453155518,0.46973446011543274
381.2659912109375,0.0,0.0,0.0,4.367045879364014,-0.3530585467815399,0.26517587900161743,4.4763946533203125,0.13999000191688538
514.3499755859375,0.0,0.0,0.0,4.5376877784729,0.02346021682024002,0.003442256711423397,4.665225028991699,-0.005259121302515268
185.42999267578125,0.0,0.0,0.0,2.238435745239258,-0.10439493507146835,0.19311155378818512,2.2995378971099854,0.1856328696012497
293.2099914550781,0.0,0.0,0.0,4.472005844116211,-0.013098886236548424,0.006970982998609543,4.796817779541016,0.058134447783231735
825.9819946289062,0.0,0.0,0.0,4.809551239013672,0.005570264998823404,0.0072905742563307285,4.923995018005371,-0.08944336324930191
578.5180053710938,0.0,0.0,0.0,3.863854169845581,0.5897402763366699,-0.4945259988307953,4.018269062042236,-0.5772194266319275
446.19000244140625,0.0,0.0,0.0,4.006054878234863,-0.2987034320831299,0.3019063472747803,4.156537055969238,0.31431663036346436
686.4500122070312,0.0,0.0,0.0,3.218226909637451,0.32013073563575745,-0.3105872869491577,2.6893696784973145,-0.36063453555107117
322.9460144042969,0.0,0.0,0.0,4.7791948318481445,-0.19761864840984344,0.1316322535276413,4.902815341949463,0.13506096601486206
445.72198486328125,0.0,0.0,0.0,4.185076713562012,-0.29369843006134033,0.21328109502792358,3.8864448070526123,0.15018251538276672
267.5379943847656,0.0,0.0,0.0,3.8498215675354004,0.01831582747399807,-0.021193506196141243,3.364488363265991,-0.07934357970952988
308.1059875488281,0.0,0.0,0.0,4.175137042999268,-0.43628013134002686,0.2924070954322815,4.360914707183838,0.3570215702056885
254.13800048828125,0.0,0.0,0.0,4.409976959228516,0.04063834622502327,0.014194931834936142,4.094395160675049,-0.024882640689611435
838.5419921875,0.0,0.0,0.0,4.47924280166626,0.34559619426727295,-0.32809677720069885,4.110692501068115,-0.4259224236011505
346.5780029296875,0.0,0.0,0.0,4.180828094482422,-0.44333773851394653,0.40462180972099304,4.131036281585693,0.28270843625068665
658.8179931640625,0.0,0.0,0.0,3.1743764877319336,0.4856213629245758,-0.5989965796470642,3.3678061962127686,-0.6601696014404297
476.4100036621094,0.0,0.0,0.0,3.573007822036743,0.3283092975616455,-0.3029431104660034,3.7836272716522217,-0.4500715136528015
285.7860107421875,0.0,0.0,0.0,4.219789505004883,-0.47515398263931274,0.4392232894897461,4.378333568572998,0.5180615782737732
946.030029296875,0.0,0.0,0.0,4.325037479400635,-0.3956637978553772,0.40961799025535583,4.218067646026611,0.38923078775405884
258.91400146484375,0.0,0.0,0.0,4.0431599617004395,0.23338213562965393,-0.19126540422439575,4.261228561401367,-0.1396709531545639
735.3300170898438,0.0,0.0,0.0,2.976985454559326,0.4027465879917145,-0.6022484302520752,3.3382303714752197,-0.640342116355896
860.75,0.0,0.0,0.0,4.158875465393066,-0.3908691108226776,0.39389029145240784,3.9166014194488525,0.4868839979171753
128.70199584960938,0.0,0.0,0.0,3.614654541015625,0.48492199182510376,-0.5393034815788269,3.8135290145874023,-0.6002518534660339
460.34600830078125,0.0,0.0,0.0,4.502884864807129,-0.11890166997909546,0.07488685846328735,4.7816009521484375,0.06954199075698853
802.0980224609375,0.0,0.0,0.0,2.477010488510132,-0.38560396432876587,0.6709074974060059,2.8883163928985596,0.7903026342391968
173.6580047607422,0.0,0.0,0.0,2.7917046546936035,-0.3301991820335388,0.49155527353286743,3.063706159591675,0.4001544713973999
761.9459838867188,0.0,0.0,0.0,3.6112661361694336,0.42238137125968933,-0.4614158272743225,3.828031301498413,-0.4424618184566498
360.01800537109375,0.0,0.0,0.0,2.1048219203948975,0.032724834978580475,-0.17062242329120636,2.326103687286377,-0.2108146697282791
732.302001953125,0.0,0.0,0.0,4.19763708114624,0.2501496970653534,-0.39556360244750977,3.3899667263031006,-0.5352859497070312
669.9459838867188,0.0,0.0,0.0,3.73675537109375,-0.39585423469543457,0.35707423090934753,3.8278515338897705,0.4487297832965851
264.50201416015625,0.0,0.0,0.0,4.6850266456604,0.06577624380588531,-0.014752908609807491,4.604426860809326,0.0302226971834898
417.010009765625,0.0,0.0,0.0,4.330840110778809,0.31785333156585693,-0.22628624737262726,4.282313823699951,-0.26620033383369446
846.6099853515625,0.0,0.0,0.0,3.5300357341766357,-0.41040024161338806,0.5071357488632202,4.067673206329346,0.6228355169296265
281.4179992675781,0.0,0.0,0.0,3.7305004596710205,-0.3962247669696808,0.433762788772583,4.069580078125,0.43910422921180725
618.5139770507812,0.0,0.0,0.0,4.3705291748046875,-0.3505421578884125,0.2148262858390808,4.4832377433776855,0.1870518922805786
865.25,0.0,0.0,0.0,4.620487213134766,-0.1218675747513771,0.04817437008023262,4.601443290710449,0.007310209330171347
274.6099853515625,0.0,0.0,0.0,1.6648982763290405,-0.024265283718705177,0.06811229884624481,1.7444367408752441,0.11149764806032181
678.4019775390625,0.0,0.0,0.0,3.9747071266174316,-0.4510917663574219,0.4102840721607208,4.155468940734863,0.5102298855781555
574.9140014648438,0.0,0.0,0.0,4.285589694976807,0.41635769605636597,-0.24233807623386383,4.736670017242432,-0.38463014364242554
584.1259765625,0.0,0.0,0.0,4.3914666175842285,0.3616168200969696,-0.3393441438674927,4.542295455932617,-0.3900950849056244
794.8820190429688,0.0,0.0,0.0,3.702609062194824,-0.42182838916778564,0.43524426221847534,4.023917198181152,0.411342054605484
820.7459716796875,0.0,0.0,0.0,4.351672172546387,0.38806065917015076,-0.21153061091899872,4.66161584854126,-0.21990203857421875
202.19400024414062,0.0,0.0,0.0,1.7632038593292236,-0.13418994843959808,0.503732442855835,1.8822036981582642,0.5369976162910461
830.8779907226562,0.0,0.0,0.0,4.30381441116333,0.4423825144767761,-0.466718852519989,4.266834259033203,-0.5475821495056152
667.8779907226562,0.0,0.0,0.0,4.835529804229736,-0.05151217430830002,0.0700903907418251,4.994349002838135,0.08815230429172516
407.989990234375,0.0,0.0,0.0,4.603487491607666,0.11821850389242172,-0.07843280583620071,4.98410701751709,-0.1586722582578659
533.614013671875,0.0,0.0,0.0,3.437434196472168,0.3859575390815735,-0.4813264310359955,3.946970224380493,-0.5911433696746826
968.7420043945312,0.0,0.0,0.0,4.411155700683594,-0.23858459293842316,0.13499705493450165,4.73907470703125,0.1579955369234085
959.4340209960938,0.0,0.0,0.0,4.43351936340332,-0.27194032073020935,0.22678698599338531,4.588972568511963,0.21963296830654144
823.6300048828125,0.0,0.0,0.0,4.727737903594971,0.036860935389995575,-0.02903287671506405,4.851986885070801,-0.08760863542556763
381.84600830078125,0.0,0.0,0.0,4.563936233520508,-0.24557383358478546,0.1421876847743988,4.603769302368164,0.1227254569530487
158.01400756835938,0.0,0.0,0.0,4.354568004608154,-0.44866204261779785,0.4103274941444397,4.140368461608887,0.44500938057899475
671.010009765625,0.0,0.0,0.0,4.072646617889404,-0.36326831579208374,0.3627469539642334,3.9239165782928467,0.3334420621395111
219.5540008544922,0.0,0.0,0.0,3.3302032947540283,0.25885844230651855,-0.3300187587738037,3.696697235107422,-0.21275608241558075
297.6180114746094,0.0,0.0,0.0,4.620023250579834,-0.16818279027938843,0.16335433721542358,4.8817315101623535,0.2529054582118988
109.05000305175781,0.0,0.0,0.0,3.12973952293396,0.3707393407821655,-0.48036566376686096,3.5695207118988037,-0.6187646985054016
124.72599792480469,0.0,0.0,0.0,4.612453937530518,0.1263730376958847,-0.15414026379585266,5.01270055770874,-0.18381869792938232
763.8099975585938,0.0,0.0,0.0,4.361847877502441,0.3073957860469818,-0.2704373002052307,4.505340576171875,-0.20782352983951569
367.4700012207031,0.0,0.0,0.0,4.218944549560547,0.33609434962272644,-0.33235859870910645,4.565664768218994,-0.3785835802555084
647.2020263671875,0.0,0.0,0.0,4.665583610534668,-0.10343854874372482,0.06960579752922058,4.631799221038818,0.08777829259634018
576.3140258789062,0.0,0.0,0.0,4.28813362121582,0.5208073258399963,-0.44176021218299866,4.3092041015625,-0.4340522885322571
304.6059875488281,0.0,0.0,0.0,4.600154399871826,-0.34733709692955017,0.20999406278133392,4.967973709106445,0.18495556712150574
372.70599365234375,0.0,0.0,0.0,4.557995319366455,0.29439014196395874,-0.22522655129432678,4.6909356117248535,-0.22069866955280304
151.1060028076172,0.0,0.0,0.0,4.053061485290527,-0.3535769581794739,0.30213525891304016,4.465504169464111,0.3296647369861603
329.08599853515625,0.0,0.0,0.0,4.681262969970703,-0.17502988874912262,0.08972448855638504,5.000422477722168,0.10784898698329926
385.2019958496094,0.0,0.0,0.0,4.690192699432373,0.0011475199135020375,0.037925541400909424,4.843995094299316,-0.04830343276262283
144.68600463867188,0.0,0.0,0.0,4.71665096282959,-0.11231662333011627,0.02987658977508545,4.899030685424805,0.08153532445430756
780.7459716796875,0.0,0.0,0.0,4.110522747039795,0.3916063904762268,-0.34023207426071167,4.596035480499268,-0.30555301904678345
162.3179931640625,0.0,0.0,0.0,4.32332181930542,-0.3270544707775116,0.3041858971118927,4.2601752281188965,0.42598956823349
347.2900085449219,0.0,0.0,0.0,4.28989839553833,-0.3430274724960327,0.24152341485023499,4.51798152923584,0.2103864550590515
977.8460083007812,0.0,0.0,0.0,3.5890660285949707,0.3791350722312927,-0.42533838748931885,3.85270094871521,-0.4026091694831848
469.0820007324219,0.0,0.0,0.0,4.654791355133057,-0.14980897307395935,0.0743633583188057,4.749216079711914,0.11519334465265274
251.6300048828125,0.0,0.0,0.0,4.550565242767334,0.08610684424638748,-0.042252328246831894,4.735528469085693,-0.1005425825715065
526.1939697265625,0.0,0.0,0.0,2.596989631652832,0.4125139117240906,-0.7095255255699158,2.837834358215332,-0.9623801708221436
483.1860046386719,0.0,0.0,0.0,2.695920705795288,0.3151021897792816,-0.5275697708129883,2.4021079540252686,-0.6293767690658569
927.7540283203125,0.0,0.0,0.0,4.309783935546875,-0.3793812692165375,0.25529414415359497,4.68712043762207,0.18386408686637878
172.3419952392578,0.0,0.0,0.0,3.1152615547180176,-0.4538614749908447,0.5988859534263611,2.841116189956665,0.6143918633460999
615.8460083007812,0.0,0.0,0.0,3.285832405090332,-0.5188312530517578,0.7042222619056702,3.678657293319702,0.5774125456809998
161.4459991455078,0.0,0.0,0.0,4.544224262237549,-0.2853615880012512,0.13640516996383667,4.7627058029174805,0.17949332296848297
177.4739990234375,0.0,0.0,0.0,1.6358838081359863,-0.11201689392328262,0.4714777171611786,1.716007113456726,0.518693745136261
368.8699951171875,0.0,0.0,0.0,3.7994110584259033,0.450973778963089,-0.5525166392326355,4.1887688636779785,-0.5628489851951599
602.6380004882812,0.0,0.0,0.0,4.175660610198975,-0.4023630917072296,0.28146472573280334,4.726235389709473,0.42113107442855835
804.3980102539062,0.0,0.0,0.0,1.9486180543899536,-0.25209856033325195,0.7556712627410889,2.0440785884857178,0.803222119808197
406.8500061035156,0.0,0.0,0.0,4.547871112823486,0.17486438155174255,-0.11175503581762314,4.508256435394287,-0.03700162097811699
735.4340209960938,0.0,0.0,0.0,3.0522189140319824,0.4029102921485901,-0.6040012836456299,3.548318386077881,-0.7281412482261658
320.2860107421875,0.0,0.0,0.0,4.676684856414795,-0.08630749583244324,0.053914424031972885,5.02606201171875,-0.011321527883410454
971.8419799804688,0.0,0.0,0.0,4.755391597747803,-0.03997482731938362,-0.005271043628454208,4.838574409484863,0.020166510716080666
562.9500122070312,0.0,0.0,0.0,2.7068049907684326,0.3608575165271759,-0.6295930743217468,2.6449930667877197,-0.7557703256607056
610.8460083007812,0.0,0.0,0.0,4.272619247436523,-0.4116572141647339,0.28905031085014343,4.329617500305176,0.330955445766449
81.23799896240234,0.0,0.0,0.0,3.286146402359009,0.22388358414173126,-0.36191293597221375,3.2141451835632324,-0.3884042799472809
573.9140014648438,0.0,0.0,0.0,4.228671550750732,0.4710763990879059,-0.3546905219554901,4.364006042480469,-0.3881802260875702
967.8499755859375,0.0,0.0,0.0,4.246628761291504,-0.38646745681762695,0.283156156539917,4.5753607749938965,0.17311769723892212
405.93798828125,0.0,0.0,0.0,4.454377174377441,0.14832790195941925,-0.03086434118449688,4.2973408699035645,-0.07361193001270294
228.91000366210938,0.0,0.0,0.0,4.188786029815674,0.4188322126865387,-0.29739582538604736,4.3153157234191895,-0.3308145999908447
165.9219970703125,0.0,0.0,0.0,4.350948810577393,-0.3745114505290985,0.3289042115211487,4.43002986907959,0.45547857880592346
114.66200256347656,0.0,0.0,0.0,4.05958366394043,0.3569256663322449,-0.24865566194057465,4.395168781280518,-0.2937033176422119
812.3660278320312,0.0,0.0,0.0,4.292842864990234,0.2926574945449829,-0.21412232518196106,4.391665458679199,-0.15477794408798218
747.302001953125,0.0,0.0,0.0,3.687861919403076,0.4731200635433197,-0.4900888204574585,3.778520107269287,-0.6027698516845703
210.8419952392578,0.0,0.0,0.0,1.9371477365493774,-0.21414563059806824,0.6369502544403076,2.2452492713928223,0.7908269762992859
439.9100036621094,0.0,0.0,0.0,2.718132257461548,-0.2381758689880371,0.4040597081184387,2.840108871459961,0.4191902279853821
233.43800354003906,0.0,0.0,0.0,4.656885623931885,0.21872307360172272,-0.08495964109897614,4.810379981994629,-0.11972319334745407
664.5380249023438,0.0,0.0,0.0,4.582549095153809,0.2761286497116089,-0.1963244527578354,4.506715297698975,-0.1716117411851883
116.16200256347656,0.0,0.0,0.0,4.558475494384766,0.2670549154281616,-0.1115303486585617,4.83847188949585,-0.03917551785707474
888.4979858398438,0.0,0.0,0.0,4.130598545074463,0.38836947083473206,-0.5173024535179138,3.732377290725708,-0.5049701929092407
735.5460205078125,0.0,0.0,0.0,3.11930775642395,0.4344416856765747,-0.6028496623039246,3.2579445838928223,-0.5689884424209595
310.3059997558594,0.0,0.0,0.0,4.691318035125732,-0.21870748698711395,0.14824341237545013,4.875377178192139,0.006250683218240738
386.5740051269531,0.0,0.0,0.0,4.585042953491211,0.024311793968081474,-0.040631167590618134,4.369202136993408,-0.01847575604915619
97.35800170898438,0.0,0.0,0.0,4.561978340148926,0.11910714954137802,-0.10325979441404343,4.779750347137451,-0.013204028829932213
534.1019897460938,0.0,0.0,0.0,3.7265098094940186,0.41548866033554077,-0.4733333885669708,3.618004560470581,-0.5739765167236328
626.1259765625,0.0,0.0,0.0,4.219200611114502,0.20544789731502533,-0.2742407023906708,4.089382171630859,-0.2392418533563614
369.0820007324219,0.0,0.0,0.0,3.8634793758392334,0.44007453322410583,-0.4362703859806061,4.3640971183776855,-0.49495232105255127
995.677978515625,0.0,0.0,0.0,4.141212463378906,0.4343608617782593,-0.35852113366127014,4.522928237915039,-0.3051745891571045
693.6179809570312,0.0,0.0,0.0,3.953801155090332,0.38926371932029724,-0.307231605052948,4.544976711273193,-0.337937593460083
305.27398681640625,0.0,0.0,0.0,4.602224349975586,-0.2545700967311859,0.09341377764940262,4.662326335906982,0.16165074706077576
191.58599853515625,0.0,0.0,0.0,4.188366889953613,-0.20126500725746155,0.1637989729642868,4.184349060058594,0.15959931910037994
568.7420043945312,0.0,0.0,0.0,4.512580871582031,0.20572219789028168,-0.11735422164201736,4.299393653869629,-0.08938189595937729
194.96200561523438,0.0,0.0,0.0,4.468236446380615,-0.0462164469063282,0.03549257293343544,4.453571319580078,0.0009887145133689046
124.05400085449219,0.0,0.0,0.0,4.624038219451904,-0.038721244782209396,-0.03223039582371712,4.911474704742432,-0.07813194394111633
111.6500015258789,0.0,0.0,0.0,3.392061471939087,0.4071732759475708,-0.44885170459747314,3.7515616416931152,-0.5140005350112915
575.3460083007812,0.0,0.0,0.0,4.4524946212768555,0.4009134769439697,-0.24483247101306915,4.424768447875977,-0.4526599943637848
315.885986328125,0.0,0.0,0.0,4.6267900466918945,-0.2546732723712921,0.15018512308597565,4.827975273132324,0.3006705939769745
688.9140014648438,0.0,0.0,0.0,1.6605645418167114,0.12335531413555145,-0.4284394681453705,1.768871784210205,-0.5005938410758972
111.38600158691406,0.0,0.0,0.0,3.2758026123046875,0.3996332883834839,-0.43513426184654236,3.443331718444824,-0.5892863273620605
866.7420043945312,0.0,0.0,0.0,3.8270797729492188,-0.34551000595092773,0.4565716087818146,3.091639995574951,0.6010393500328064
64.51000213623047,0.0,0.0,0.0,-0.0011248168302699924,0.00044069040450267494,-0.0011682723416015506,0.0,0.0
160.41799926757812,0.0,0.0,0.0,4.343853950500488,-0.44616276025772095,0.2823123037815094,4.294576168060303,0.2942090630531311
223.7899932861328,0.0,0.0,0.0,4.38720178604126,0.23792774975299835,-0.1407661736011505,4.637557506561279,-0.2026202380657196
844.385986328125,0.0,0.0,0.0,4.697638034820557,0.07149187475442886,-0.02594926580786705,4.707986831665039,-0.04657292366027832
945.510009765625,0.0,0.0,0.0,4.708036422729492,-0.053270649164915085,0.12953071296215057,4.631633281707764,0.2052111029624939
266.27398681640625,0.0,0.0,0.0,4.662601470947266,0.03968244045972824,-0.019843272864818573,4.8864521980285645,-0.0487147681415081
307.95001220703125,0.0,0.0,0.0,4.235001564025879,-0.4614173471927643,0.34491294622421265,4.223060607910156,0.2901292145252228
720.2020263671875,0.0,0.0,0.0,4.637284278869629,-0.17240238189697266,0.07851965725421906,4.93101167678833,0.14542581140995026
683.3660278320312,0.0,0.0,0.0,4.497358322143555,0.188491553068161,-0.1592848300933838,4.600185871124268,-0.22200487554073334
261.2139892578125,0.0,0.0,0.0,4.406648635864258,0.11894651502370834,-0.09793183952569962,5.079458713531494,-0.06846736371517181
913.0419921875,0.0,0.0,0.0,3.80497145652771,0.4209579527378082,-0.4102722108364105,3.7806215286254883,-0.3762691915035248
805.0059814453125,0.0,0.0,0.0,1.979263186454773,-0.24945323169231415,0.7230342626571655,2.198638916015625,0.9770103096961975
654.8900146484375,0.0,0.0,0.0,3.8412668704986572,0.4356779456138611,-0.45220232009887695,4.095158100128174,-0.4850284457206726
806.6099853515625,0.0,0.0,0.0,2.807154655456543,-0.234798863530159,0.34571486711502075,3.159825563430786,0.20754800736904144
988.7459716796875,0.0,0.0,0.0,4.7005391120910645,0.035004470497369766,-0.12984295189380646,4.648655891418457,-0.17834530770778656
70.9260025024414,0.0,0.0,0.0,3.9299254417419434,0.12161419540643692,-0.07927623391151428,4.326846599578857,-0.13322554528713226
756.4099731445312,0.0,0.0,0.0,4.767664909362793,0.1489764004945755,-0.11763908714056015,5.037440776824951,0.013972608372569084
483.2860107421875,0.0,0.0,0.0,2.54427433013916,0.3090415894985199,-0.5531613826751709,2.2846145629882812,-0.5872203707695007
990.9099731445312,0.0,0.0,0.0,4.389370441436768,0.3460097014904022,-0.3022299110889435,4.403976917266846,-0.32952091097831726
575.0460205078125,0.0,0.0,0.0,4.389591693878174,0.4105238914489746,-0.31902897357940674,4.53489875793457,-0.25123000144958496
683.1220092773438,0.0,0.0,0.0,4.505340099334717,0.22471746802330017,-0.14269642531871796,4.57910680770874,-0.11831358820199966
296.0539855957031,0.0,0.0,0.0,4.64896297454834,-0.0008339566993527114,-0.022095458582043648,4.7353105545043945,0.041956041008234024
129.0500030517578,0.0,0.0,0.0,3.6462831497192383,0.4822618067264557,-0.4703082740306854,3.5764360427856445,-0.5831576585769653
543.781982421875,0.0,0.0,0.0,1.624289870262146,-0.09414443373680115,0.3065151572227478,1.7477500438690186,0.34511902928352356
230.5500030517578,0.0,0.0,0.0,4.070572853088379,0.47212761640548706,-0.4068398177623749,4.167435646057129,-0.37699297070503235
629.6259765625,0.0,0.0,0.0,3.6771445274353027,-0.37109261751174927,0.3970918357372284,3.362454414367676,0.40603575110435486
515.7020263671875,0.0,0.0,0.0,4.563766002655029,0.06332478672266006,-0.1043500304222107,4.702816963195801,-0.08795777708292007
856.333984375,0.0,0.0,0.0,4.599293231964111,-0.19061380624771118,0.0650734230875969,4.936386585235596,0.07421004772186279
250.4499969482422,0.0,0.0,0.0,4.378409385681152,0.19621971249580383,-0.1386280506849289,4.857398986816406,-0.05351557210087776
926.0260009765625,0.0,0.0,0.0,3.824030876159668,-0.49471384286880493,0.47901421785354614,4.24326753616333,0.618378758430481
817.3460083007812,0.0,0.0,0.0,2.994133710861206,0.41411659121513367,-0.5902417302131653,2.9650321006774902,-0.6531650424003601
379.802001953125,0.0,0.0,0.0,3.815532684326172,-0.5088489055633545,0.43953391909599304,4.20711612701416,0.5296047925949097
499.37799072265625,0.0,0.0,0.0,2.382248640060425,-0.00397380068898201,-0.012709337286651134,2.362457036972046,-0.08872442692518234
618.114013671875,0.0,0.0,0.0,4.226029872894287,-0.3834647834300995,0.276323139667511,4.504146099090576,0.21510650217533112
806.7420043945312,0.0,0.0,0.0,2.9408698081970215,-0.20262688398361206,0.22948908805847168,3.7139906883239746,0.34238606691360474
649.9580078125,0.0,0.0,0.0,3.995958089828491,0.4271789789199829,-0.38185811042785645,4.234906196594238,-0.4079028367996216
760.614013671875,0.0,0.0,0.0,3.710681438446045,0.4578453600406647,-0.4883902072906494,3.253633975982666,-0.6300764679908752
300.15399169921875,0.0,0.0,0.0,4.764307022094727,-0.14523495733737946,0.083125539124012,4.5942583084106445,0.03992653265595436
812.7459716796875,0.0,0.0,0.0,4.34515380859375,0.26892146468162537,-0.21504494547843933,4.644072532653809,-0.1722646802663803
493.7820129394531,0.0,0.0,0.0,4.7799530029296875,0.13862276077270508,-0.07857900857925415,4.803131103515625,-0.1635221689939499
772.093994140625,0.0,0.0,0.0,4.3119025230407715,0.4373283088207245,-0.29637134075164795,4.428425312042236,-0.3290720582008362
664.093994140625,0.0,0.0,0.0,4.539371490478516,0.35270002484321594,-0.24181418120861053,5.254004955291748,-0.1745978593826294
415.62200927734375,0.0,0.0,0.0,3.8156473636627197,0.4736122190952301,-0.4565351605415344,4.088029861450195,-0.5159615874290466
98.27799987792969,0.0,0.0,0.0,4.645559310913086,0.06478559225797653,-0.07437728345394135,4.846989631652832,-0.06286890059709549
664.197998046875,0.0,0.0,0.0,4.606235504150391,0.3233417272567749,-0.1389429122209549,4.598926544189453,-0.19678626954555511
825.4099731445312,0.0,0.0,0.0,4.710668087005615,0.013706796802580357,0.026158172637224197,4.918482303619385,-0.005369068123400211
597.9180297851562,0.0,0.0,0.0,2.510377883911133,-0.39945346117019653,0.7223053574562073,2.455591917037964,0.7463871240615845
709.114013671875,0.0,0.0,0.0,4.630902290344238,-0.24324946105480194,0.12568828463554382,4.4876604080200195,0.24943183362483978
947.593994140625,0.0,0.0,0.0,4.157083988189697,-0.4743993282318115,0.3378494083881378,4.291523456573486,0.29162630438804626
696.302001953125,0.0,0.0,0.0,4.721861362457275,0.07273800671100616,-0.0728192925453186,5.0626702308654785,-0.07143614441156387
756.322021484375,0.0,0.0,0.0,4.75862979888916,0.16443729400634766,-0.07382862269878387,4.881607532501221,-0.153471902012825
666.2139892578125,0.0,0.0,0.0,4.737724304199219,0.1539108157157898,-0.041942428797483444,4.638401031494141,0.01919439435005188
425.7900085449219,0.0,0.0,0.0,4.034369945526123,-0.3222971558570862,0.3915235698223114,3.7011308670043945,0.6159817576408386
209.6820068359375,0.0,0.0,0.0,1.8812072277069092,-0.20482808351516724,0.5933964848518372,2.0037364959716797,0.7556569576263428
396.7659912109375,0.0,0.0,0.0,4.598414897918701,0.17965689301490784,-0.05049450695514679,4.838346481323242,-0.11337399482727051
898.97802734375,0.0,0.0,0.0,2.4727766513824463,0.34881487488746643,-0.6716833710670471,2.5905702114105225,-0.737390398979187
857.5780029296875,0.0,0.0,0.0,4.691366195678711,-0.08437096327543259,0.055300548672676086,4.828810214996338,0.04324515908956528
544.4819946289062,0.0,0.0,0.0,1.7894502878189087,-0.1163618266582489,0.40873807668685913,1.8461599349975586,0.44536951184272766
913.7420043945312,0.0,0.0,0.0,4.039122581481934,0.40799176692962646,-0.3210027813911438,4.097509860992432,-0.3312015235424042
339.8380126953125,0.0,0.0,0.0,4.592218399047852,-0.3264595866203308,0.16798743605613708,4.674911022186279,0.249767005443573
793.6060180664062,0.0,0.0,0.0,2.7272579669952393,-0.3330882489681244,0.5814031362533569,3.3289356231689453,0.7023983001708984
485.1820068359375,0.0,0.0,0.0,2.6918413639068604,0.2974777817726135,-0.5775799751281738,2.9729526042938232,-0.5733173489570618
691.8179931640625,0.0,0.0,0.0,2.783273696899414,0.2778102159500122,-0.4143694341182709,3.185762882232666,-0.5556032061576843
365.4779968261719,0.0,0.0,0.0,3.421586751937866,0.5233001112937927,-0.5597524642944336,3.8337433338165283,-0.6167775392532349
401.3900146484375,0.0,0.0,0.0,2.967954635620117,0.2324005514383316,-0.29780933260917664,3.0859639644622803,-0.5100332498550415
752.72998046875,0.0,0.0,0.0,4.626611709594727,0.1192442998290062,-0.09013743698596954,4.964151859283447,-0.040464721620082855
932.5180053710938,0.0,0.0,0.0,4.498419284820557,0.028804093599319458,0.00017347426910419017,4.325070381164551,0.03871265798807144
131.71800231933594,0.0,0.0,0.0,4.4353861808776855,0.2972056567668915,-0.1806594580411911,4.668251991271973,-0.13144955039024353
672.0139770507812,0.0,0.0,0.0,4.166182041168213,-0.3003236949443817,0.21875090897083282,4.171018600463867,0.32981303334236145
531.4860229492188,0.0,0.0,0.0,2.647385597229004,0.44678446650505066,-0.7706405520439148,2.799292802810669,-0.906590461730957
450.5260009765625,0.0,0.0,0.0,4.389987468719482,-0.17318220436573029,0.09277872741222382,4.608029842376709,0.10370112210512161
368.510009765625,0.0,0.0,0.0,3.8162214756011963,0.49724408984184265,-0.5637946128845215,3.6754508018493652,-0.5790562629699707
693.9860229492188,0.0,0.0,0.0,4.145664691925049,0.36630022525787354,-0.2655735909938812,4.842121601104736,-0.34094882011413574
798.0139770507812,0.0,0.0,0.0,4.6716485023498535,-0.1604553461074829,0.060455240309238434,4.761737823486328,0.06271936744451523
795.010009765625,0.0,0.0,0.0,3.7727887630462646,-0.4192519783973694,0.3632352352142334,4.067088603973389,0.3874376118183136
773.510009765625,0.0,0.0,0.0,4.483327388763428,0.3255561888217926,-0.2242341786623001,4.582548141479492,-0.19203099608421326
764.0139770507812,0.0,0.0,0.0,4.348964691162109,0.2931012213230133,-0.17392222583293915,4.450685977935791,-0.09564365446567535
180.0260009765625,0.0,0.0,0.0,1.7347323894500732,-0.12342243641614914,0.48095932602882385,1.876936912536621,0.5818217992782593
752.9459838867188,0.0,0.0,0.0,4.68110990524292,0.11830326914787292,-0.0332188606262207,4.673525810241699,-0.022846436128020287
165.1540069580078,0.0,0.0,0.0,4.506368637084961,-0.2591659426689148,0.16624510288238525,4.579039096832275,0.18802756071090698
403.8059997558594,0.0,0.0,0.0,3.5776588916778564,0.2955600917339325,-0.28332358598709106,4.236050128936768,-0.3427519202232361
139.1820068359375,0.0,0.0,0.0,2.8399112224578857,0.33956533670425415,-0.5597488880157471,3.097109794616699,-0.5992357730865479
182.41799926757812,0.0,0.0,0.0,2.3396975994110107,-0.2042662352323532,0.4564915895462036,2.3901009559631348,0.5336994528770447
151.3419952392578,0.0,0.0,0.0,4.156400680541992,-0.3362846374511719,0.2532064914703369,4.321924209594727,0.33593878149986267
209.42999267578125,0.0,0.0,0.0,1.907909631729126,-0.19598087668418884,0.6011673212051392,2.0845699310302734,0.7205689549446106
896.4660034179688,0.0,0.0,0.0,2.8536691665649414,0.4297866225242615,-0.6536040902137756,3.1642374992370605,-0.7464728951454163
66.78600311279297,0.0,0.0,0.0,2.68821382522583,0.12386110424995422,-0.15819093585014343,2.9043195247650146,-0.1659245491027832
723.010009765625,0.0,0.0,0.0,4.597426891326904,-0.3382023274898529,0.3001527488231659,4.363043785095215,0.438991904258728
215.74600219726562,0.0,0.0,0.0,3.027806282043457,-0.1170683354139328,0.11455865949392319,3.121056079864502,0.11874981969594955
883.7620239257812,0.0,0.0,0.0,4.646632671356201,-0.23098765313625336,0.01818029209971428,4.3577752113342285,-0.11813559383153915
530.6019897460938,0.0,0.0,0.0,3.1481356620788574,0.45041054487228394,-0.6241357326507568,3.437342643737793,-0.6809374094009399
762.197998046875,0.0,0.0,0.0,3.6821625232696533,0.42836204171180725,-0.42084386944770813,4.123772621154785,-0.5413897633552551
189.53799438476562,0.0,0.0,0.0,3.3213467597961426,-0.2771206200122833,0.3554731011390686,3.828035354614258,0.4374552369117737
428.010009765625,0.0,0.0,0.0,3.503391742706299,-0.42205339670181274,0.4069947302341461,3.747878313064575,0.48280254006385803
416.5459899902344,0.0,0.0,0.0,4.1527299880981445,0.4219968616962433,-0.3031827509403229,3.98856520652771,-0.28697600960731506
331.3420104980469,0.0,0.0,0.0,4.499334812164307,-0.24364833533763885,0.16454486548900604,4.491021156311035,0.21211007237434387
380.9219970703125,0.0,0.0,0.0,4.199833393096924,-0.35113903880119324,0.2583566904067993,4.762823581695557,0.27623307704925537
134.76600646972656,0.0,0.0,0.0,4.699256420135498,0.05132010951638222,0.009488558396697044,4.804694175720215,-0.017993055284023285
722.885986328125,0.0,0.0,0.0,4.662529468536377,-0.3079022765159607,0.26047220826148987,4.503286361694336,0.357928991317749
871.3419799804688,0.0,0.0,0.0,4.3855156898498535,-0.36281466484069824,0.2082066386938095,4.178983688354492,0.1511547565460205
163.8419952392578,0.0,0.0,0.0,4.225277900695801,-0.41273269057273865,0.3281872272491455,4.718176364898682,0.4259507954120636
911.6699829101562,0.0,0.0,0.0,4.29191255569458,0.3186817765235901,-0.37712034583091736,4.0271992683410645,-0.46374940872192383
892.030029296875,0.0,0.0,0.0,4.165614128112793,0.45438122749328613,-0.32987460494041443,4.173900604248047,-0.38077253103256226
124.62200164794922,0.0,0.0,0.0,4.679465293884277,0.095960333943367,-0.15736369788646698,4.441945552825928,-0.19085554778575897
259.70599365234375,0.0,0.0,0.0,4.267030715942383,0.1823425590991974,-0.09773386269807816,4.311451435089111,-0.05205443128943443
424.0299987792969,0.0,0.0,0.0,4.692880630493164,0.04155354201793671,0.023002291098237038,4.7193779945373535,-0.0183953158557415
57.65800094604492,0.0,0.0,0.0,-0.0021527414210140705,0.0008378602215088904,0.0014558659167960286,0.0,0.0
920.197998046875,0.0,0.0,0.0,3.8547730445861816,0.12626899778842926,0.12128447741270065,3.7170629501342773,0.2318333089351654
435.96600341796875,0.0,0.0,0.0,3.5036373138427734,-0.20042914152145386,0.16957953572273254,3.5893309116363525,0.2073090523481369
350.7699890136719,0.0,0.0,0.0,4.694280624389648,-0.14659659564495087,0.07514102756977081,4.855767250061035,0.15777134895324707
807.4099731445312,0.0,0.0,0.0,3.544835329055786,-0.16810590028762817,0.11035114526748657,3.8276262283325195,0.09898063540458679
822.3579711914062,0.0,0.0,0.0,4.6254658699035645,0.23046739399433136,-0.13120080530643463,4.867358684539795,-0.12520290911197662
466.4100036621094,0.0,0.0,0.0,3.8599796295166016,-0.4046620726585388,0.4448433816432953,4.352324485778809,0.4073820412158966
893.5460205078125,0.0,0.0,0.0,3.9122555255889893,0.5418957471847534,-0.5217506885528564,4.224913120269775,-0.5853095650672913
117.23400115966797,0.0,0.0,0.0,4.498290061950684,0.29143181443214417,-0.25196006894111633,4.4753241539001465,-0.3142712116241455
736.5540161132812,0.0,0.0,0.0,3.654691696166992,0.47800570726394653,-0.456254243850708,3.9687273502349854,-0.5388679504394531
866.8460083007812,0.0,0.0,0.0,3.6575779914855957,-0.3810243010520935,0.524303674697876,3.004509687423706,0.6017472743988037
124.19400024414062,0.0,0.0,0.0,4.649338245391846,-0.021369419991970062,-0.007772700861096382,5.04984712600708,-0.16046655178070068
432.3699951171875,0.0,0.0,0.0,2.6111812591552734,-0.2138729989528656,0.3607217073440552,2.7620010375976562,0.4447486400604248
217.20599365234375,0.0,0.0,0.0,2.3350632190704346,0.10383259505033493,-0.2695860266685486,2.512274742126465,-0.2744233310222626
862.030029296875,0.0,0.0,0.0,4.090999603271484,-0.4476529359817505,0.38172322511672974,4.538515090942383,0.4921185374259949
903.8179931640625,0.0,0.0,0.0,4.056305408477783,0.4500857889652252,-0.37228134274482727,4.345067024230957,-0.3010411560535431
540.3099975585938,0.0,0.0,0.0,1.8301838636398315,0.21104241907596588,-0.6183825135231018,2.0121283531188965,-0.6148642301559448
626.6060180664062,0.0,0.0,0.0,4.227216720581055,0.29938605427742004,-0.240250363945961,4.331357955932617,-0.12488744407892227
114.80999755859375,0.0,0.0,0.0,4.1295166015625,0.3435342013835907,-0.23912213742733002,4.5489630699157715,-0.2872057557106018
374.3900146484375,0.0,0.0,0.0,4.190351486206055,-0.1331990510225296,0.2994021475315094,3.622392416000366,0.4119950234889984
943.9739990234375,0.0,0.0,0.0,4.658039093017578,0.16099239885807037,-0.05707127973437309,4.826380252838135,-0.2574598789215088
869.25,0.0,0.0,0.0,3.3028321266174316,-0.38100117444992065,0.48777884244918823,3.7271220684051514,0.5407419204711914
493.3500061035156,0.0,0.0,0.0,4.732986927032471,0.14900828897953033,-0.07066100835800171,4.9304609298706055,-0.14775817096233368
642.64599609375,0.0,0.0,0.0,3.8997368812561035,-0.489728182554245,0.5073304772377014,4.029306411743164,0.5371928215026855
276.08599853515625,0.0,0.0,0.0,1.491520881652832,-0.029147563502192497,0.14877378940582275,1.6615148782730103,0.15097954869270325
429.906005859375,0.0,0.0,0.0,3.846081018447876,-0.2837664484977722,0.24790164828300476,3.720767021179199,0.26686984300613403
717.510009765625,0.0,0.0,0.0,4.487144470214844,-0.35295382142066956,0.20809225738048553,4.602455139160156,0.32959362864494324
985.030029296875,0.0,0.0,0.0,4.76437520980835,0.05978367105126381,-0.03401172533631325,4.791449546813965,-0.06841287016868591
115.35399627685547,0.0,0.0,0.0,4.385594844818115,0.3274398744106293,-0.26660358905792236,4.501926422119141,-0.18578992784023285
550.14599609375,0.0,0.0,0.0,1.7690722942352295,-0.1828380972146988,0.6755552291870117,1.8377149105072021,0.725193202495575
166.25,0.0,0.0,0.0,4.1639485359191895,-0.448194682598114,0.30489879846572876,4.430125713348389,0.42615652084350586
822.0380249023438,0.0,0.0,0.0,4.547553539276123,0.24351638555526733,-0.13708311319351196,4.663256645202637,-0.03551815077662468
943.47802734375,0.0,0.0,0.0,4.59523344039917,0.20348936319351196,-0.11654071509838104,4.9998393058776855,-0.13344942033290863
943.3460083007812,0.0,0.0,0.0,4.578592777252197,0.19057351350784302,-0.1590956747531891,4.646832466125488,-0.1514965295791626
764.3660278320312,0.0,0.0,0.0,4.42140531539917,0.18122337758541107,-0.09796933829784393,4.649203300476074,-0.15766151249408722
956.7420043945312,0.0,0.0,0.0,4.1342644691467285,-0.4059293568134308,0.3008514940738678,4.338713645935059,0.31458526849746704
373.9859924316406,0.0,0.0,0.0,4.393468856811523,0.12798380851745605,-0.017285184934735298,3.993623733520508,0.21733754873275757
407.1059875488281,0.0,0.0,0.0,4.49729061126709,0.16676528751850128,-0.04443615302443504,4.867040157318115,-0.08869269490242004
785.1500244140625,0.0,0.0,0.0,3.1840927600860596,0.02495688572525978,0.0007701306603848934,2.932575225830078,0.008775797672569752
108.5780029296875,0.0,0.0,0.0,3.009211778640747,0.39642536640167236,-0.5904828906059265,3.265442371368408,-0.562423050403595
87.52999877929688,0.0,0.0,0.0,3.5010712146759033,0.3782941401004791,-0.41055864095687866,3.9312028884887695,-0.4744645953178406
806.2780151367188,0.0,0.0,0.0,2.454294204711914,-0.23096498847007751,0.5275657176971436,2.815230131149292,0.41312843561172485
588.1019897460938,0.0,0.0,0.0,4.03031063079834,0.4584457278251648,-0.4809350371360779,4.139213562011719,-0.5848771929740906
869.1300048828125,0.0,0.0,0.0,3.2221033573150635,-0.3738453686237335,0.48146921396255493,3.6526217460632324,0.533355712890625
677.8179931640625,0.0,0.0,0.0,3.832862377166748,-0.44159644842147827,0.40135055780410767,3.864711284637451,0.3912246823310852
714.6420288085938,0.0,0.0,0.0,4.550339221954346,-0.420003205537796,0.23943978548049927,4.840119361877441,0.2861182987689972
881.9619750976562,0.0,0.0,0.0,3.7474563121795654,-0.38372308015823364,0.3709833323955536,4.20285177230835,0.37776869535446167
433.24200439453125,0.0,0.0,0.0,2.8033030033111572,-0.24844861030578613,0.40082859992980957,2.8067407608032227,0.42506322264671326
264.04998779296875,0.0,0.0,0.0,4.689249515533447,0.06996292620897293,-0.026829605922102928,4.859020233154297,-0.05555238947272301
641.0900268554688,0.0,0.0,0.0,3.9545769691467285,-0.3884243965148926,0.37191256880760193,3.8945133686065674,0.6127152442932129
881.3699951171875,0.0,0.0,0.0,3.381653308868408,-0.3635062873363495,0.4109216630458832,3.7271242141723633,0.5290260910987854
880.0499877929688,0.0,0.0,0.0,2.410283327102661,-0.242650106549263,0.5171416997909546,2.667426109313965,0.5358325839042664
604.9140014648438,0.0,0.0,0.0,4.398927688598633,-0.44022518396377563,0.34272539615631104,4.5840277671813965,0.3004382252693176
441.6180114746094,0.0,0.0,0.0,3.548272132873535,-0.29542332887649536,0.31772977113723755,3.8972008228302,0.28972384333610535
956.8460083007812,0.0,0.0,0.0,4.157390594482422,-0.39149340987205505,0.26214301586151123,4.579827308654785,0.3459939658641815
390.8380126953125,0.0,0.0,0.0,3.522294759750366,0.36077880859375,-0.4431641101837158,3.7658751010894775,-0.5098118782043457
807.6099853515625,0.0,0.0,0.0,3.768048048019409,-0.1400359869003296,0.15454064309597015,4.030778884887695,-0.03655799478292465
213.59800720214844,0.0,0.0,0.0,3.3526055812835693,-0.37564554810523987,0.4641832113265991,3.492791175842285,0.4580814242362976
210.01800537109375,0.0,0.0,0.0,1.908150553703308,-0.21619176864624023,0.6551855206489563,2.1257991790771484,0.8173572421073914
197.14199829101562,0.0,0.0,0.0,2.8504486083984375,-0.221048042178154,0.3504680395126343,2.5141539573669434,0.41728997230529785
890.4739990234375,0.0,0.0,0.0,3.5507922172546387,0.40874624252319336,-0.4092214107513428,3.818436861038208,-0.575340211391449
115.02200317382812,0.0,0.0,0.0,4.247150897979736,0.3484213352203369,-0.26284679770469666,4.32716178894043,-0.2921748161315918
627.0139770507812,0.0,0.0,0.0,4.386276721954346,0.2603302001953125,-0.18259863555431366,4.251530647277832,-0.23282667994499207
92.66999816894531,0.0,0.0,0.0,4.419902801513672,0.19026193022727966,-0.11745142936706543,4.52128267288208,-0.09909795224666595
700.3660278320312,0.0,0.0,0.0,3.8505640029907227,0.48773300647735596,-0.3992890417575836,4.273681640625,-0.44875097274780273
993.3419799804688,0.0,0.0,0.0,3.8740530014038086,0.5173579454421997,-0.5765299201011658,3.5324487686157227,-0.549888014793396
493.5580139160156,0.0,0.0,0.0,4.7935686111450195,0.16282014548778534,-0.09618468582630157,5.0958075523376465,-0.03692846745252609
736.3499755859375,0.0,0.0,0.0,3.5253536701202393,0.4667084813117981,-0.5536967515945435,3.9773452281951904,-0.5576121211051941
746.5659790039062,0.0,0.0,0.0,4.138259410858154,0.311583936214447,-0.1711316853761673,4.404693126678467,-0.3343563377857208
890.7459716796875,0.0,0.0,0.0,3.6406915187835693,0.43050840497016907,-0.4401949942111969,3.9383413791656494,-0.6559900641441345
785.6820068359375,0.0,0.0,0.0,2.8215315341949463,-0.06216952204704285,0.16609933972358704,2.656003713607788,0.18743214011192322
280.1300048828125,0.0,0.0,0.0,3.4721615314483643,-0.29005956649780273,0.3141345977783203,3.7342097759246826,0.3185921013355255
737.9459838867188,0.0,0.0,0.0,4.439774036407471,0.41461795568466187,-0.2881397306919098,4.368598937988281,-0.29102572798728943
687.7100219726562,0.0,0.0,0.0,1.7888606786727905,0.1224498450756073,-0.4166918694972992,1.5480310916900635,-0.3911135494709015
849.4459838867188,0.0,0.0,0.0,3.963144540786743,-0.49993932247161865,0.43605145812034607,4.186916351318359,0.5555056929588318
837.0659790039062,0.0,0.0,0.0,4.60378360748291,0.23425066471099854,-0.14528881013393402,4.707049369812012,-0.13650736212730408
425.4460144042969,0.0,0.0,0.0,4.4871907234191895,-0.1465650349855423,0.19909310340881348,4.065583229064941,0.251737117767334
518.9180297851562,0.0,0.0,0.0,4.51874303817749,0.15964563190937042,-0.1416693478822708,4.580850601196289,-0.22814175486564636
918.5139770507812,0.0,0.0,0.0,3.828974485397339,0.513166606426239,-0.5274826288223267,4.083084583282471,-0.6166325807571411
988.3499755859375,0.0,0.0,0.0,4.715182781219482,-0.009117865934967995,0.009517446160316467,5.0063557624816895,0.07504641264677048
477.13800048828125,0.0,0.0,0.0,3.582831859588623,0.3593277931213379,-0.33714666962623596,3.8166933059692383,-0.37426719069480896
444.010009765625,0.0,0.0,0.0,4.082114219665527,-0.37123677134513855,0.3207005262374878,4.152565956115723,0.41541963815689087
575.9140014648438,0.0,0.0,0.0,4.327256202697754,0.48563429713249207,-0.3851242959499359,4.726748943328857,-0.46229928731918335
907.8419799804688,0.0,0.0,0.0,4.205977916717529,0.3602462112903595,-0.26772943139076233,4.472204208374023,-0.2016373872756958
132.406005859375,0.0,0.0,0.0,4.605177402496338,0.22367443144321442,-0.10877537727355957,4.894568920135498,-0.11960652470588684
213.74200439453125,0.0,0.0,0.0,3.3814265727996826,-0.36657512187957764,0.4061279594898224,3.542562484741211,0.41509711742401123
738.5139770507812,0.0,0.0,0.0,4.08036994934082,0.46215516328811646,-0.4776163697242737,3.9223875999450684,-0.4800897240638733
117.54199981689453,0.0,0.0,0.0,4.507021903991699,0.38273999094963074,-0.29845497012138367,4.624669075012207,-0.48029136657714844
676.7780151367188,0.0,0.0,0.0,3.8211610317230225,-0.393422394990921,0.3109557628631592,3.818830966949463,0.39616870880126953
766.9140014648438,0.0,0.0,0.0,4.767885208129883,0.008516315370798111,-0.026092536747455597,4.556782245635986,-0.013888766057789326
758.0819702148438,0.0,0.0,0.0,4.307255268096924,0.34148022532463074,-0.20381289720535278,4.731605052947998,-0.2923579514026642
377.9580078125,0.0,0.0,0.0,4.079870223999023,-0.4128713607788086,0.31983304023742676,4.272262096405029,0.3513660132884979
233.98599243164062,0.0,0.0,0.0,4.742208003997803,0.13700318336486816,-0.027034325525164604,4.963252067565918,-0.06903054565191269
263.2099914550781,0.0,0.0,0.0,4.600765228271484,0.020804304629564285,-0.019678417593240738,4.669123649597168,-0.03436479717493057
411.1499938964844,0.0,0.0,0.0,4.599375247955322,0.08792959898710251,-0.03669523820281029,4.824342250823975,-0.04101915657520294
285.0419921875,0.0,0.0,0.0,4.152158260345459,-0.47432905435562134,0.3758085072040558,4.493308067321777,0.4456629157066345
239.74600219726562,0.0,0.0,0.0,4.370687961578369,0.02016962505877018,0.014592559076845646,4.1405558586120605,-0.04145349934697151
860.5180053710938,0.0,0.0,0.0,4.358778953552246,-0.27152061462402344,0.33037373423576355,4.3352952003479,0.412060022354126
887.0819702148438,0.0,0.0,0.0,4.512450218200684,0.2555023431777954,-0.21466022729873657,4.461904525756836,-0.10300489515066147
117.87799835205078,0.0,0.0,0.0,4.415186405181885,0.43755510449409485,-0.2944856882095337,4.876168251037598,-0.3550082743167877
147.7899932861328,0.0,0.0,0.0,2.1820642948150635,-0.2545207142829895,0.6618486642837524,2.2616257667541504,0.7367429733276367
513.9180297851562,0.0,0.0,0.0,4.631017684936523,0.06768382340669632,-0.05909670516848564,4.654117584228516,0.0242205411195755
692.6259765625,0.0,0.0,0.0,3.3526573181152344,0.3799434006214142,-0.4612687826156616,3.8955318927764893,-0.4939063489437103
184.906005859375,0.0,0.0,0.0,2.4238171577453613,-0.15363343060016632,0.2568025588989258,2.454848527908325,0.3217316269874573
486.614013671875,0.0,0.0,0.0,3.620887517929077,0.3848881423473358,-0.41992494463920593,4.177433967590332,-0.4731452465057373
238.4499969482422,0.0,0.0,0.0,4.69054651260376,0.028819803148508072,-0.04845331981778145,4.5625996589660645,0.04997704178094864
569.1420288085938,0.0,0.0,0.0,4.5554986000061035,0.15190334618091583,-0.095021091401577,4.844366073608398,-0.10874292254447937
607.5499877929688,0.0,0.0,0.0,4.2987060546875,-0.41247352957725525,0.3611105978488922,4.501608371734619,0.39590075612068176
698.0780029296875,0.0,0.0,0.0,4.686014175415039,0.04263955354690552,-0.07370640337467194,4.681365489959717,-0.23327778279781342
184.98199462890625,0.0,0.0,0.0,2.414820432662964,-0.14485925436019897,0.2927161157131195,2.337998867034912,0.25268927216529846
300.906005859375,0.0,0.0,0.0,4.663531303405762,-0.13375462591648102,0.1590551733970642,4.705741882324219,0.19671417772769928
572.9500122070312,0.0,0.0,0.0,4.199684143066406,0.48829707503318787,-0.4168449640274048,4.521971225738525,-0.43107566237449646
834.2979736328125,0.0,0.0,0.0,4.445587158203125,0.4956313967704773,-0.34417852759361267,4.256356239318848,-0.4515336751937866
156.35400390625,0.0,0.0,0.0,3.8813459873199463,-0.4908357262611389,0.4403362274169922,3.980564832687378,0.42878395318984985
113.56199645996094,0.0,0.0,0.0,3.9865431785583496,0.45107966661453247,-0.4175254702568054,4.194422721862793,-0.4715728759765625
270.1860046386719,0.0,0.0,0.0,1.9843230247497559,0.1704564094543457,-0.5272818207740784,2.059072732925415,-0.549216091632843
332.2300109863281,0.0,0.0,0.0,4.6426615715026855,-0.1916632354259491,0.05506017804145813,4.957463264465332,0.18256746232509613
301.510009765625,0.0,0.0,0.0,4.7399420738220215,-0.25502848625183105,0.18752624094486237,4.773865699768066,0.17781203985214233
773.6099853515625,0.0,0.0,0.0,4.55397891998291,0.36762696504592896,-0.29079970717430115,4.582548141479492,-0.19203099608421326
904.0419921875,0.0,0.0,0.0,4.096329689025879,0.3941766917705536,-0.30089354515075684,4.271722793579102,-0.4781147539615631
181.72999572753906,0.0,0.0,0.0,2.0882561206817627,-0.1745840609073639,0.47012218832969666,2.1381430625915527,0.47035154700279236
871.8099975585938,0.0,0.0,0.0,4.449990272521973,-0.25722554326057434,0.14326024055480957,4.26322078704834,0.09958466142416
687.1019897460938,0.0,0.0,0.0,2.3245556354522705,0.17944812774658203,-0.4265766143798828,2.2410759925842285,-0.36437246203422546
622.2979736328125,0.0,0.0,0.0,4.263139724731445,-0.4027671813964844,0.2722301483154297,4.255972862243652,0.3889073133468628
64.72200012207031,0.0,0.0,0.0,0.11490330845117569,-0.0016705981688573956,0.007487001363188028,0.7842097282409668,-0.011742477305233479
404.7139892578125,0.0,0.0,0.0,4.043010234832764,0.2757333815097809,-0.2296905368566513,4.304644584655762,-0.1684146225452423
359.1180114746094,0.0,0.0,0.0,2.101641893386841,-0.0061136698350310326,-0.06098499894142151,2.0185422897338867,-0.057215943932533264
719.2659912109375,0.0,0.0,0.0,4.5693135261535645,-0.2599916458129883,0.1733376830816269,4.802937030792236,0.15004947781562805
605.1300048828125,0.0,0.0,0.0,4.362094402313232,-0.4054930508136749,0.237234428524971,4.489112854003906,0.38746678829193115
449.8819885253906,0.0,0.0,0.0,4.338968753814697,-0.2465582638978958,0.15337902307510376,4.698166370391846,0.1532946228981018
686.6820068359375,0.0,0.0,0.0,2.8652091026306152,0.2517833411693573,-0.35825565457344055,2.4187495708465576,-0.3067997097969055
910.8939819335938,0.0,0.0,0.0,4.6500067710876465,0.09915529936552048,-0.12710197269916534,4.883079528808594,-0.04826316237449646
650.1859741210938,0.0,0.0,0.0,4.060559272766113,0.4292888045310974,-0.3733949661254883,4.28085470199585,-0.3828810155391693
746.1420288085938,0.0,0.0,0.0,3.963742256164551,0.3753010630607605,-0.3069462180137634,4.308817386627197,-0.2596223056316376
624.7780151367188,0.0,0.0,0.0,4.564028739929199,-0.18867777287960052,0.12601925432682037,4.816219329833984,0.11203206330537796
911.4099731445312,0.0,0.0,0.0,4.462965965270996,0.18973103165626526,-0.22576972842216492,4.245190143585205,-0.3368070423603058
726.4340209960938,0.0,0.0,0.0,4.629884719848633,-0.2712623178958893,0.14503507316112518,4.618434906005859,0.14846593141555786
459.7539978027344,0.0,0.0,0.0,4.553913593292236,-0.14749719202518463,0.018068434670567513,4.874669551849365,0.08754747360944748
513.3419799804688,0.0,0.0,0.0,4.619204521179199,0.0753999724984169,-0.05038684606552124,4.708313465118408,-0.059180475771427155
598.6539916992188,0.0,0.0,0.0,2.3895487785339355,-0.32552406191825867,0.6945873498916626,2.7513723373413086,0.7996525764465332
774.6740112304688,0.0,0.0,0.0,4.601894855499268,0.25745588541030884,-0.13473014533519745,4.787910461425781,-0.08380171656608582
945.6060180664062,0.0,0.0,0.0,4.654819011688232,-0.13503800332546234,0.2232220470905304,4.254659175872803,0.3610994219779968
701.3419799804688,0.0,0.0,0.0,4.284104347229004,0.36075359582901,-0.2502235174179077,4.487646102905273,-0.27270904183387756
245.11000061035156,0.0,0.0,0.0,1.9294264316558838,0.12584234774112701,-0.404710978269577,1.9488810300827026,-0.44043833017349243
880.4459838867188,0.0,0.0,0.0,2.6447763442993164,-0.27838003635406494,0.5154815316200256,2.953239679336548,0.5444420576095581
736.64599609375,0.0,0.0,0.0,3.6663713455200195,0.46283355355262756,-0.48263418674468994,4.013153076171875,-0.48814550042152405
766.8099975585938,0.0,0.0,0.0,4.738676071166992,0.003997688181698322,-0.016692547127604485,5.064327716827393,-0.039074476808309555
822.1339721679688,0.0,0.0,0.0,4.554864883422852,0.21444573998451233,-0.11596482247114182,4.757174015045166,-0.17890800535678864
850.9140014648438,0.0,0.0,0.0,4.081329345703125,-0.4443317949771881,0.34850260615348816,4.410930633544922,0.30598461627960205
583.2459716796875,0.0,0.0,0.0,4.6102752685546875,0.31143003702163696,-0.1827791929244995,4.762928485870361,-0.15497608482837677
485.6260070800781,0.0,0.0,0.0,2.912635326385498,0.3254637122154236,-0.5354688763618469,3.437652111053467,-0.5337241888046265
898.0419921875,0.0,0.0,0.0,2.8107495307922363,0.5109267830848694,-0.7588096261024475,2.947009325027466,-0.878258228302002
310.20599365234375,0.0,0.0,0.0,4.667662143707275,-0.23022964596748352,0.13718311488628387,4.843814849853516,0.11794569343328476
353.9179992675781,0.0,0.0,0.0,4.768570899963379,-0.06928884983062744,0.011058562435209751,4.901350021362305,0.06842008978128433
461.6579895019531,0.0,0.0,0.0,4.5897135734558105,-0.016415728256106377,0.005786319728940725,4.956009387969971,0.03691308945417404
691.4819946289062,0.0,0.0,0.0,2.5757553577423096,0.24639198184013367,-0.46057623624801636,2.687192916870117,-0.49306154251098633
701.6019897460938,0.0,0.0,0.0,4.361684799194336,0.3197685778141022,-0.2075107842683792,4.669002532958984,-0.25131702423095703
742.0460205078125,0.0,0.0,0.0,2.69785475730896,0.34335216879844666,-0.6632797718048096,2.281067371368408,-0.6850966811180115
66.64600372314453,0.0,0.0,0.0,2.639164447784424,0.10377187281847,-0.190152108669281,2.7419564723968506,-0.15582861006259918
901.22998046875,0.0,0.0,0.0,2.841301441192627,0.4436013996601105,-0.7531419992446899,3.2477757930755615,-0.8906469941139221
175.38999938964844,0.0,0.0,0.0,1.9978331327438354,-0.20826533436775208,0.4876288175582886,1.8463274240493774,0.5421150922775269
986.8460083007812,0.0,0.0,0.0,4.776613235473633,0.005663592368364334,-0.01668771728873253,4.878850936889648,-0.02195071615278721
208.16600036621094,0.0,0.0,0.0,1.7411590814590454,-0.17038656771183014,0.544772207736969,1.9464248418807983,0.7296632528305054
663.7459716796875,0.0,0.0,0.0,4.604037761688232,0.2841382920742035,-0.3036852478981018,4.778860092163086,-0.19814227521419525
554.510009765625,0.0,0.0,0.0,1.7609046697616577,-0.19296836853027344,0.706978976726532,1.9621467590332031,0.7915064692497253
586.85400390625,0.0,0.0,0.0,4.112987041473389,0.45976582169532776,-0.4261482059955597,4.376277446746826,-0.48903805017471313
517.1539916992188,0.0,0.0,0.0,4.219459056854248,0.28318876028060913,-0.24642276763916016,4.4690046310424805,-0.24931564927101135
641.3140258789062,0.0,0.0,0.0,3.887678623199463,-0.4501882791519165,0.43974539637565613,3.8075714111328125,0.5779422521591187
274.0140075683594,0.0,0.0,0.0,1.8766374588012695,-0.03825569897890091,0.1520633101463318,1.8155909776687622,0.06873899698257446
867.2979736328125,0.0,0.0,0.0,2.9322290420532227,-0.4072391986846924,0.5403679609298706,2.979220151901245,0.652886152267456
995.7780151367188,0.0,0.0,0.0,4.173634052276611,0.42738309502601624,-0.26431506872177124,4.45197868347168,-0.32750678062438965
114.41799926757812,0.0,0.0,0.0,4.0846662521362305,0.40700170397758484,-0.3382628560066223,4.1787638664245605,-0.27966198325157166
438.6419982910156,0.0,0.0,0.0,2.458993911743164,-0.1531701385974884,0.35785552859306335,2.6024463176727295,0.40689098834991455
374.19000244140625,0.0,0.0,0.0,4.301755905151367,0.008809334598481655,0.15159690380096436,4.181217670440674,0.22260040044784546
196.0780029296875,0.0,0.0,0.0,3.965383291244507,-0.01753983087837696,0.006633895915001631,3.992683172225952,0.006231717299669981
287.77398681640625,0.0,0.0,0.0,4.467307090759277,-0.3924448490142822,0.2549000680446625,4.918361186981201,0.2860289514064789
516.7780151367188,0.0,0.0,0.0,4.265017509460449,0.2619781196117401,-0.2178041785955429,4.4612603187561035,-0.13649336993694305
888.0700073242188,0.0,0.0,0.0,4.459304332733154,0.19096235930919647,-0.2168959081172943,4.113351821899414,-0.3258887827396393
68.84200286865234,0.0,0.0,0.0,3.12576961517334,0.13326571881771088,-0.12743596732616425,3.389328718185425,-0.1418895423412323
468.98199462890625,0.0,0.0,0.0,4.632017612457275,-0.15699857473373413,0.07484055310487747,4.852340221405029,0.02620893158018589
192.08200073242188,0.0,0.0,0.0,4.25541353225708,-0.17046472430229187,0.14185743033885956,4.391884803771973,0.05284598469734192
736.4459838867188,0.0,0.0,0.0,3.6222264766693115,0.48362475633621216,-0.5168548822402954,3.7236180305480957,-0.44319602847099304
315.2460021972656,0.0,0.0,0.0,4.674229621887207,-0.2988685965538025,0.18386735022068024,4.702483177185059,0.1763479858636856
588.989990234375,0.0,0.0,0.0,3.785067558288574,0.5426134467124939,-0.5640115141868591,3.7153749465942383,-0.6483890414237976
325.85400390625,0.0,0.0,0.0,4.614412307739258,-0.3381797969341278,0.20987187325954437,4.621015548706055,0.24232295155525208
393.9859924316406,0.0,0.0,0.0,3.6994729042053223,0.46934640407562256,-0.4301549196243286,3.8864779472351074,-0.45845842361450195
916.8099975585938,0.0,0.0,0.0,4.192903518676758,0.4480576813220978,-0.3738017678260803,3.996492385864258,-0.3822799026966095
834.3980102539062,0.0,0.0,0.0,4.392574310302734,0.5119813084602356,-0.4717123806476593,4.373110771179199,-0.43073639273643494
573.1019897460938,0.0,0.0,0.0,4.2429656982421875,0.4847174286842346,-0.379046231508255,4.4861369132995605,-0.45869016647338867
231.25799560546875,0.0,0.0,0.0,4.140815258026123,0.3851976692676544,-0.28502342104911804,4.228129863739014,-0.3168655335903168
639.8419799804688,0.0,0.0,0.0,3.49859356880188,-0.3673287034034729,0.40622684359550476,3.925384521484375,0.45545080304145813
871.1539916992188,0.0,0.0,0.0,4.3276848793029785,-0.3675874173641205,0.28873515129089355,4.516791820526123,0.2180563509464264
229.83799743652344,0.0,0.0,0.0,4.086346626281738,0.4790043532848358,-0.4182361960411072,3.837595224380493,-0.5114932060241699
329.1860046386719,0.0,0.0,0.0,4.703013896942139,-0.18785269558429718,0.08371900767087936,4.711495876312256,0.12735623121261597
614.5139770507812,0.0,0.0,0.0,2.896514892578125,-0.45475488901138306,0.67182856798172,3.0074379444122314,0.7341129183769226
227.17799377441406,0.0,0.0,0.0,3.992234230041504,0.49137359857559204,-0.468370258808136,4.165933609008789,-0.5422501564025879
240.93800354003906,0.0,0.0,0.0,3.822654962539673,0.009310389868915081,0.022423310205340385,3.9112114906311035,0.02021270990371704
244.25399780273438,0.0,0.0,0.0,1.7438452243804932,0.10051557421684265,-0.35960546135902405,2.0242927074432373,-0.40256673097610474
347.9739990234375,0.0,0.0,0.0,4.36044454574585,-0.4008620083332062,0.3676890432834625,4.745694160461426,0.33818069100379944
347.4020080566406,0.0,0.0,0.0,4.331369400024414,-0.33386343717575073,0.2315913587808609,4.565564155578613,0.28621312975883484
67.69400024414062,0.0,0.0,0.0,3.0571181774139404,0.15418046712875366,-0.23201324045658112,3.1773929595947266,-0.15559490025043488
666.3140258789062,0.0,0.0,0.0,4.695675373077393,0.12829634547233582,0.00956327747553587,5.046102046966553,-0.01652325876057148
882.9420166015625,0.0,0.0,0.0,4.290232181549072,-0.3239845335483551,0.2333320528268814,4.559901714324951,0.1780780404806137
964.9099731445312,0.0,0.0,0.0,3.512511968612671,-0.4698098301887512,0.528291642665863,3.3251607418060303,0.6163814067840576
114.2300033569336,0.0,0.0,0.0,4.07383918762207,0.440157949924469,-0.297279417514801,4.266269683837891,-0.34353750944137573
801.6259765625,0.0,0.0,0.0,3.0236656665802,-0.5010296106338501,0.6650543212890625,2.78759503364563,0.7633195519447327
398.70599365234375,0.0,0.0,0.0,4.560324192047119,0.06712575256824493,-0.006485035642981529,4.324615478515625,-0.02379877306520939
182.7220001220703,0.0,0.0,0.0,2.336087942123413,-0.1937836855649948,0.40398266911506653,2.4318857192993164,0.4339546263217926
652.47802734375,0.0,0.0,0.0,4.619501113891602,0.2694220244884491,-0.1530309021472931,4.760330677032471,-0.111637182533741
893.3099975585938,0.0,0.0,0.0,3.9866373538970947,0.5540147423744202,-0.5124107599258423,3.9220707416534424,-0.601155698299408
780.8779907226562,0.0,0.0,0.0,4.206066131591797,0.40321144461631775,-0.2691524922847748,4.806472301483154,-0.3416069746017456
81.72200012207031,0.0,0.0,0.0,2.9790585041046143,0.267478346824646,-0.39973345398902893,3.017434597015381,-0.528198778629303
60.854000091552734,0.0,0.0,0.0,-0.0008164875325746834,0.00036122766323387623,-0.002366732805967331,0.0,0.0
591.1060180664062,0.0,0.0,0.0,3.229276657104492,0.32607167959213257,-0.37126195430755615,2.4168689250946045,-0.3039000332355499
661.43798828125,0.0,0.0,0.0,4.126814842224121,0.41331782937049866,-0.2561222314834595,4.461174011230469,-0.2828548848628998
336.2300109863281,0.0,0.0,0.0,4.7677741050720215,0.037130896002054214,-0.1066824421286583,4.904693603515625,0.0048431954346597195
586.4340209960938,0.0,0.0,0.0,4.273134231567383,0.42834243178367615,-0.3705124258995056,4.096344470977783,-0.3729073107242584
504.6260070800781,0.0,0.0,0.0,4.103104591369629,0.23335324227809906,-0.1723865121603012,4.329812526702881,-0.18712930381298065
936.8900146484375,0.0,0.0,0.0,3.028193235397339,-0.2615205645561218,0.3870484530925751,3.192810297012329,0.4708544611930847
912.6740112304688,0.0,0.0,0.0,3.78262996673584,0.42784640192985535,-0.41559284925460815,3.95884370803833,-0.5186705589294434
399.802001953125,0.0,0.0,0.0,4.173297882080078,0.025421498343348503,0.012611477635800838,4.070793151855469,0.04197666421532631
225.25399780273438,0.0,0.0,0.0,4.710002899169922,0.1314201056957245,-0.09394122660160065,4.832176685333252,-0.07049499452114105
659.7059936523438,0.0,0.0,0.0,3.2006008625030518,0.4205985963344574,-0.4490700662136078,3.4013633728027344,-0.6295471787452698
84.0459976196289,0.0,0.0,0.0,3.7442336082458496,0.30777299404144287,-0.2496693879365921,4.0885186195373535,-0.23802366852760315
820.5339965820312,0.0,0.0,0.0,4.28847074508667,0.43057242035865784,-0.29176655411720276,4.525835990905762,-0.269422709941864
960.4099731445312,0.0,0.0,0.0,4.517789363861084,-0.3581235110759735,0.22116616368293762,4.752203464508057,0.2745862603187561
850.47802734375,0.0,0.0,0.0,3.9565486907958984,-0.4721911549568176,0.43247920274734497,4.567287445068359,0.5310551524162292
681.1019897460938,0.0,0.0,0.0,4.488800525665283,-0.013250128366053104,-0.13698258996009827,4.820310592651367,-0.10945099592208862
711.5540161132812,0.0,0.0,0.0,4.483882427215576,-0.3211897015571594,0.19351069629192352,4.696550369262695,0.3334799110889435
554.9539794921875,0.0,0.0,0.0,1.8245879411697388,-0.19971002638339996,0.5970211029052734,1.9225023984909058,0.7143681049346924
479.6499938964844,0.0,0.0,0.0,4.228006839752197,0.22849401831626892,-0.11656829714775085,4.416903972625732,-0.14031098783016205
188.7779998779297,0.0,0.0,0.0,2.779597282409668,-0.2197471708059311,0.33439570665359497,2.9723715782165527,0.390241414308548
109.52200317382812,0.0,0.0,0.0,3.2261292934417725,0.3963491916656494,-0.5867177844047546,3.1249289512634277,-0.6676844358444214
110.85800170898438,0.0,0.0,0.0,3.052562713623047,0.4149182438850403,-0.5577325224876404,3.0801775455474854,-0.5771230459213257
104.24199676513672,0.0,0.0,0.0,3.1099112033843994,0.47003474831581116,-0.657454252243042,3.211646556854248,-0.642283022403717
342.57000732421875,0.0,0.0,0.0,3.8312222957611084,-0.4813424050807953,0.4744556248188019,3.917309522628784,0.4650392234325409
704.1300048828125,0.0,0.0,0.0,4.679217338562012,0.09677617251873016,-0.008576108142733574,4.3145599365234375,0.002064196392893791
240.1739959716797,0.0,0.0,0.0,4.161776065826416,0.03314124047756195,-0.0439298041164875,4.051855564117432,-0.03395543619990349
730.7459716796875,0.0,0.0,0.0,4.737702369689941,0.023189444094896317,0.02721111662685871,4.918422222137451,0.05613084137439728
82.74199676513672,0.0,0.0,0.0,3.155080556869507,0.28389546275138855,-0.35999199748039246,3.140801429748535,-0.4200080633163452
970.4619750976562,0.0,0.0,0.0,4.630992412567139,-0.07266686111688614,0.06588160246610641,4.665119171142578,0.08597137033939362
179.1820068359375,0.0,0.0,0.0,1.6622169017791748,-0.11854743212461472,0.4640747308731079,1.6105618476867676,0.4663082957267761
335.9100036621094,0.0,0.0,0.0,4.812177658081055,-0.002994934795424342,-0.10801786184310913,4.923064708709717,0.016992516815662384
683.0180053710938,0.0,0.0,0.0,4.514345169067383,0.23989635705947876,-0.14498892426490784,4.6453094482421875,-0.14202779531478882
977.4180297851562,0.0,0.0,0.0,3.290072441101074,0.35192248225212097,-0.5073791742324829,3.6010489463806152,-0.5624096989631653
618.97802734375,0.0,0.0,0.0,4.500485897064209,-0.2845717966556549,0.19068774580955505,4.666389465332031,0.19409488141536713
891.6060180664062,0.0,0.0,0.0,3.856926918029785,0.4469756782054901,-0.4282245337963104,4.617133617401123,-0.4790639281272888
868.030029296875,0.0,0.0,0.0,2.7385244369506836,-0.3353147506713867,0.55837082862854,2.9647388458251953,0.663542628288269
138.85400390625,0.0,0.0,0.0,2.7266845703125,0.3624421954154968,-0.5356730818748474,2.882974863052368,-0.6259304285049438
466.8420104980469,0.0,0.0,0.0,4.142007350921631,-0.3597305715084076,0.2767764627933502,4.353976726531982,0.3447071611881256
978.197998046875,0.0,0.0,0.0,3.742983341217041,0.3762136995792389,-0.3289755880832672,4.041913986206055,-0.41006383299827576
495.01800537109375,0.0,0.0,0.0,4.637218952178955,0.024190645664930344,-0.03555905818939209,4.488712310791016,-0.08916287124156952
301.8139953613281,0.0,0.0,0.0,4.7499775886535645,-0.24373209476470947,0.11358121037483215,4.822357177734375,0.12682339549064636
331.906005859375,0.0,0.0,0.0,4.641840934753418,-0.24395310878753662,0.1585632711648941,4.611199855804443,0.18146394193172455
357.77801513671875,0.0,0.0,0.0,2.890859842300415,-0.012905142270028591,-0.014339745976030827,2.476693630218506,0.05090102553367615
929.2659912109375,0.0,0.0,0.0,4.600956439971924,-0.17021864652633667,0.06851855665445328,4.8136115074157715,0.14635708928108215
88.24199676513672,0.0,0.0,0.0,3.8649888038635254,0.34759965538978577,-0.3181013762950897,4.187010288238525,-0.37589579820632935
217.85800170898438,0.0,0.0,0.0,2.506253480911255,0.17299644649028778,-0.32115745544433594,2.6845757961273193,-0.36840662360191345
522.6099853515625,0.0,0.0,0.0,4.237987518310547,0.2931399345397949,-0.35991668701171875,3.9933876991271973,-0.4441719651222229
911.9099731445312,0.0,0.0,0.0,4.094091415405273,0.41977158188819885,-0.3975282907485962,3.8911855220794678,-0.48401883244514465
818.0260009765625,0.0,0.0,0.0,3.1105873584747314,0.40962907671928406,-0.5417950749397278,3.6353683471679688,-0.6614047288894653
964.030029296875,0.0,0.0,0.0,4.4588165283203125,-0.24307478964328766,0.23629029095172882,4.329956531524658,0.38184237480163574
189.85000610351562,0.0,0.0,0.0,3.496173143386841,-0.3042663633823395,0.2998284101486206,3.7497599124908447,0.3413730263710022
469.69000244140625,0.0,0.0,0.0,4.732218265533447,-0.0929136648774147,0.03528575599193573,4.804983139038086,0.04103977233171463
222.91799926757812,0.0,0.0,0.0,4.108198642730713,0.318735271692276,-0.2695426344871521,4.511289596557617,-0.3156241774559021
159.71800231933594,0.0,0.0,0.0,4.02580451965332,-0.49347984790802,0.34146079421043396,4.592123031616211,0.433944433927536
152.45399475097656,0.0,0.0,0.0,4.4669413566589355,-0.26766258478164673,0.16816915571689606,4.225177764892578,0.30577901005744934
213.17799377441406,0.0,0.0,0.0,3.1191799640655518,-0.35915014147758484,0.446566641330719,3.5515263080596924,0.5440266728401184
471.7139892578125,0.0,0.0,0.0,4.633870601654053,-0.003916716203093529,0.0016855329740792513,4.973546028137207,-0.06688690185546875
629.3099975585938,0.0,0.0,0.0,3.8072447776794434,-0.317232608795166,0.36507368087768555,3.5392398834228516,0.5121781229972839
288.4179992675781,0.0,0.0,0.0,4.539088249206543,-0.27995070815086365,0.12866327166557312,4.806254863739014,0.08006102591753006
582.7059936523438,0.0,0.0,0.0,4.4958930015563965,0.38291749358177185,-0.2723497152328491,4.834583759307861,-0.2660393714904785
396.3219909667969,0.0,0.0,0.0,4.495297431945801,0.30290159583091736,-0.17591986060142517,4.903646945953369,-0.17231717705726624
863.677978515625,0.0,0.0,0.0,4.389425277709961,-0.27754274010658264,0.11417990922927856,4.6344380378723145,0.23615893721580505
515.0180053710938,0.0,0.0,0.0,4.490749359130859,0.05401991680264473,-0.06507125496864319,4.794309616088867,-0.015644703060388565
904.2420043945312,0.0,0.0,0.0,4.087457180023193,0.409873366355896,-0.4237149953842163,3.9404802322387695,-0.6183579564094543
134.54600524902344,0.0,0.0,0.0,4.702142238616943,0.07088042050600052,-0.026937341317534447,4.912718296051025,-0.023016110062599182
980.4099731445312,0.0,0.0,0.0,4.427854061126709,0.26248350739479065,-0.17462044954299927,4.927272796630859,-0.28192809224128723
534.2020263671875,0.0,0.0,0.0,3.678194046020508,0.4231679141521454,-0.503468930721283,3.998119354248047,-0.6994949579238892
340.0780029296875,0.0,0.0,0.0,4.629478931427002,-0.3297511339187622,0.25016626715660095,4.5447916984558105,0.2093723565340042
767.0180053710938,0.0,0.0,0.0,4.790304183959961,0.016265420243144035,-0.023690395057201385,4.866669654846191,0.022815199568867683
403.4540100097656,0.0,0.0,0.0,3.5094144344329834,0.3217998445034027,-0.3349478542804718,3.7909789085388184,-0.37970614433288574
369.51800537109375,0.0,0.0,0.0,3.9082226753234863,0.4015796482563019,-0.41382282972335815,4.27092981338501,-0.4810657501220703
741.9459838867188,0.0,0.0,0.0,2.7547965049743652,0.34084051847457886,-0.6099474430084229,2.752415180206299,-0.7633551955223083
638.8140258789062,0.0,0.0,0.0,3.3280622959136963,-0.24061952531337738,0.3066001832485199,3.4844911098480225,0.34447184205055237
757.2940063476562,0.0,0.0,0.0,4.590903282165527,0.3016652464866638,-0.23801371455192566,4.256624698638916,-0.35871419310569763
306.5740051269531,0.0,0.0,0.0,4.238890647888184,-0.45526111125946045,0.37653377652168274,4.145815372467041,0.5357272624969482
797.0819702148438,0.0,0.0,0.0,4.60204553604126,-0.27342575788497925,0.13171973824501038,4.600589752197266,0.05910772830247879
531.5900268554688,0.0,0.0,0.0,2.6078784465789795,0.43121814727783203,-0.776872456073761,3.0322306156158447,-0.8382669687271118
374.1099853515625,0.0,0.0,0.0,4.2882304191589355,0.05851671099662781,0.1525600403547287,4.52949333190918,0.21828754246234894
577.1900024414062,0.0,0.0,0.0,3.9602861404418945,0.5750098824501038,-0.5424553155899048,4.0904860496521,-0.5106934905052185
845.9459838867188,0.0,0.0,0.0,3.387071132659912,-0.3886089026927948,0.5426312685012817,3.461310863494873,0.5639049410820007
944.47802734375,0.0,0.0,0.0,4.654818058013916,0.17002101242542267,-0.09424884617328644,4.811657905578613,-0.03961535915732384
59.077999114990234,0.0,0.0,0.0,-0.0007891312125138938,0.00029514351626858115,-0.0023679870646446943,0.0,0.0
279.75,0.0,0.0,0.0,3.1663715839385986,-0.2581632137298584,0.3855832815170288,3.616870403289795,0.3978506922721863
944.8740234375,0.0,0.0,0.0,4.718016624450684,0.12216289341449738,-0.010466248728334904,4.519130706787109,0.037033192813396454
701.9539794921875,0.0,0.0,0.0,4.517855167388916,0.3168426752090454,-0.22969062626361847,4.736355781555176,-0.16163049638271332
852.3740234375,0.0,0.0,0.0,4.367145538330078,-0.4136657118797302,0.3621366024017334,4.462709426879883,0.47084295749664307
524.1820068359375,0.0,0.0,0.0,3.8269851207733154,0.4061391353607178,-0.3953079283237457,4.096291542053223,-0.5260424017906189
838.7540283203125,0.0,0.0,0.0,4.321305751800537,0.4247231185436249,-0.35318616032600403,4.265334129333496,-0.4290347397327423
916.1220092773438,0.0,0.0,0.0,4.497825622558594,0.30298563838005066,-0.28911256790161133,4.419050216674805,-0.4116838872432709
76.78199768066406,0.0,0.0,0.0,3.8672358989715576,0.42278170585632324,-0.3716285228729248,4.218912124633789,-0.47716206312179565
683.2659912109375,0.0,0.0,0.0,4.5099945068359375,0.19724521040916443,-0.10290698707103729,4.574686527252197,-0.2083430290222168
723.677978515625,0.0,0.0,0.0,4.188465118408203,-0.5415084362030029,0.4945976138114929,4.13226842880249,0.5085161328315735
752.1859741210938,0.0,0.0,0.0,4.732738018035889,0.17544256150722504,-0.02923954464495182,4.551360130310059,-0.13553577661514282
335.34600830078125,0.0,0.0,0.0,4.813361644744873,0.07068746536970139,-0.010613611899316311,5.259664535522461,0.016085248440504074
585.9860229492188,0.0,0.0,0.0,4.411735534667969,0.38317227363586426,-0.2949714958667755,4.515626907348633,-0.3006715476512909
715.5659790039062,0.0,0.0,0.0,4.518125534057617,-0.39011579751968384,0.2870005667209625,4.523395538330078,0.35326361656188965
794.77001953125,0.0,0.0,0.0,3.607025623321533,-0.4118991792201996,0.4174819588661194,4.254812240600586,0.538759171962738
630.1900024414062,0.0,0.0,0.0,3.3737590312957764,-0.2932547926902771,0.3418014347553253,3.1113712787628174,0.2355111986398697
498.00201416015625,0.0,0.0,0.0,3.148601770401001,-0.006575047504156828,-0.01936095766723156,2.9849233627319336,-0.04833367466926575
843.6740112304688,0.0,0.0,0.0,4.752710819244385,0.10340829938650131,-0.04002761095762253,4.792201519012451,-0.05632065609097481
343.8299865722656,0.0,0.0,0.0,3.7102677822113037,-0.48861560225486755,0.551827073097229,3.782193422317505,0.6974756121635437
215.95399475097656,0.0,0.0,0.0,2.9489822387695312,-0.0785890519618988,0.07651059329509735,2.662058115005493,0.11105158179998398
800.3099975585938,0.0,0.0,0.0,4.268754005432129,-0.42735594511032104,0.2985082268714905,4.475483417510986,0.3119857907295227
740.1019897460938,0.0,0.0,0.0,3.56795597076416,0.5007593035697937,-0.5485243201255798,3.576664686203003,-0.7103686332702637
498.9100036621094,0.0,0.0,0.0,2.540501356124878,0.02252032794058323,-0.0349237322807312,2.5614774227142334,0.016943061724305153
991.1300048828125,0.0,0.0,0.0,4.352217674255371,0.3855975866317749,-0.32870498299598694,4.466516494750977,-0.33391159772872925
445.1419982910156,0.0,0.0,0.0,4.186480522155762,-0.33452069759368896,0.27569231390953064,4.334690570831299,0.2828652560710907
400.37799072265625,0.0,0.0,0.0,3.865826368331909,0.012572777457535267,-0.03918134793639183,3.6404402256011963,-0.10277653485536575
795.6099853515625,0.0,0.0,0.0,4.21574592590332,-0.4063471257686615,0.32501906156539917,4.502880573272705,0.3386523127555847
692.281982421875,0.0,0.0,0.0,3.1174449920654297,0.3272167444229126,-0.4096275568008423,3.5848450660705566,-0.5354562997817993
737.02197265625,0.0,0.0,0.0,3.8575212955474854,0.45933815836906433,-0.4471265971660614,4.323516845703125,-0.46526485681533813
378.8819885253906,0.0,0.0,0.0,3.8971426486968994,-0.4694679081439972,0.42848721146583557,4.092307090759277,0.5493429899215698
279.43798828125,0.0,0.0,0.0,2.8962910175323486,-0.24675725400447845,0.3908344805240631,3.296541929244995,0.4223804771900177
895.010009765625,0.0,0.0,0.0,4.0598955154418945,0.547829806804657,-0.5839858055114746,3.5252914428710938,-0.6409307718276978
877.677978515625,0.0,0.0,0.0,1.6870545148849487,-0.12650352716445923,0.41561129689216614,1.7392849922180176,0.484846293926239
989.2739868164062,0.0,0.0,0.0,4.567779541015625,0.26754775643348694,-0.21954351663589478,4.742403030395508,-0.33004873991012573
983.4660034179688,0.0,0.0,0.0,4.762289524078369,0.03414314612746239,-0.039715562015771866,5.036954879760742,-0.04887529835104942
164.44200134277344,0.0,0.0,0.0,4.437032699584961,-0.37366166710853577,0.22878049314022064,4.556087493896484,0.2801222503185272
502.9620056152344,0.0,0.0,0.0,3.3265373706817627,0.2578241527080536,-0.33245447278022766,3.5357468128204346,-0.3338388502597809
133.41799926757812,0.0,0.0,0.0,4.699526786804199,0.1410674750804901,-0.058866314589977264,4.780961990356445,-0.09139731526374817
705.47802734375,0.0,0.0,0.0,4.7492289543151855,0.025500904768705368,-0.09710937738418579,4.904833793640137,-0.032999761402606964
371.3580017089844,0.0,0.0,0.0,4.418323993682861,0.33946049213409424,-0.2709842324256897,4.401633262634277,-0.31357672810554504
979.385986328125,0.0,0.0,0.0,4.2461838722229,0.2993742525577545,-0.17033877968788147,4.617701530456543,-0.04705968499183655
105.68599700927734,0.0,0.0,0.0,3.0334134101867676,0.3819774389266968,-0.532386064529419,3.543564558029175,-0.7059455513954163
478.41400146484375,0.0,0.0,0.0,4.004214763641357,0.32153454422950745,-0.2541913390159607,4.223448276519775,-0.18667972087860107
328.0220031738281,0.0,0.0,0.0,4.569102764129639,-0.23722369968891144,0.13409705460071564,4.915995121002197,0.12881973385810852
531.8499755859375,0.0,0.0,0.0,2.6279232501983643,0.4040370285511017,-0.70346599817276,2.8849833011627197,-0.7649213075637817
408.7019958496094,0.0,0.0,0.0,4.60261344909668,0.17162051796913147,-0.09361803531646729,4.804482460021973,-0.1724838763475418
379.27801513671875,0.0,0.0,0.0,3.7484569549560547,-0.4916001856327057,0.4592779576778412,3.9734978675842285,0.6283740401268005
862.5460205078125,0.0,0.0,0.0,4.217019081115723,-0.41776248812675476,0.28518959879875183,4.7526092529296875,0.32314714789390564
974.1019897460938,0.0,0.0,0.0,4.583331108093262,0.022806692868471146,-0.0794563964009285,4.211479187011719,-0.2753683924674988
81.48200225830078,0.0,0.0,0.0,3.0930137634277344,0.2600582540035248,-0.3920300602912903,3.1513731479644775,-0.44720736145973206
102.28600311279297,0.0,0.0,0.0,4.115147113800049,0.4502829611301422,-0.5640722513198853,3.764343738555908,-0.6184125542640686
703.0460205078125,0.0,0.0,0.0,4.616584777832031,0.18596266210079193,-0.11111036688089371,4.730129718780518,-0.1952817738056183
527.8419799804688,0.0,0.0,0.0,3.153500556945801,0.4175439178943634,-0.5364550948143005,3.3651931285858154,-0.544908881187439
97.93000030517578,0.0,0.0,0.0,4.66998291015625,0.07118695974349976,-0.03694924712181091,4.6449055671691895,-0.08845522254705429
686.8259887695312,0.0,0.0,0.0,2.6307146549224854,0.20858542621135712,-0.34023937582969666,2.278608560562134,-0.4329705834388733
866.6060180664062,0.0,0.0,0.0,4.079009056091309,-0.281020849943161,0.4209696352481842,3.5683796405792236,0.4891652464866638
575.7020263671875,0.0,0.0,0.0,4.381932258605957,0.46751341223716736,-0.3838660418987274,4.36604118347168,-0.4309195578098297
163.58599853515625,0.0,0.0,0.0,4.184603691101074,-0.42446014285087585,0.3226921260356903,4.381565570831299,0.4230826497077942
508.80999755859375,0.0,0.0,0.0,3.3419032096862793,0.3263591229915619,-0.38194194436073303,3.605280876159668,-0.43221449851989746
109.30999755859375,0.0,0.0,0.0,3.240961790084839,0.37363937497138977,-0.46597421169281006,3.4889211654663086,-0.5759162902832031
365.8819885253906,0.0,0.0,0.0,3.5030531883239746,0.5155250430107117,-0.5212668776512146,3.7673885822296143,-0.5457102060317993
372.1579895019531,0.0,0.0,0.0,4.491010665893555,0.29970821738243103,-0.1740860790014267,4.436635971069336,-0.16598491370677948
320.1059875488281,0.0,0.0,0.0,4.668543815612793,-0.12354618310928345,0.051088664680719376,4.815566539764404,-0.03319039195775986
471.8580017089844,0.0,0.0,0.0,4.64277458190918,0.017305850982666016,-0.06200948357582092,4.727934837341309,-0.05368608981370926
355.6340026855469,0.0,0.0,0.0,4.329536437988281,-0.02291937917470932,-0.003391560399904847,4.054934978485107,0.08936180174350739
310.75,0.0,0.0,0.0,4.597145080566406,-0.22964130342006683,0.16474567353725433,4.759332180023193,0.21755020320415497
673.7459716796875,0.0,0.0,0.0,3.91854190826416,-0.4267486333847046,0.4011833965778351,3.9320285320281982,0.5134068131446838
866.1939697265625,0.0,0.0,0.0,4.5034284591674805,-0.06954356282949448,0.10182756185531616,4.557825565338135,0.11155463010072708
256.91400146484375,0.0,0.0,0.0,3.24688720703125,0.18400681018829346,-0.22373370826244354,3.417851448059082,-0.26086345314979553
316.7460021972656,0.0,0.0,0.0,4.639827251434326,-0.259261816740036,0.19457219541072845,5.003933429718018,0.1400473564863205
491.00201416015625,0.0,0.0,0.0,4.495929718017578,0.3508007228374481,-0.2406599521636963,4.236390113830566,-0.23169052600860596
207.1739959716797,0.0,0.0,0.0,1.8557765483856201,-0.19441504776477814,0.6347525119781494,1.8958089351654053,0.6269440054893494
770.614013671875,0.0,0.0,0.0,4.854024410247803,0.07034392654895782,-0.07059255987405777,4.649618148803711,-0.08236520737409592
655.1900024414062,0.0,0.0,0.0,3.927647352218628,0.44774913787841797,-0.4258134961128235,4.037801742553711,-0.45090192556381226
150.68600463867188,0.0,0.0,0.0,3.8135039806365967,-0.3979513347148895,0.3433190584182739,4.048798084259033,0.3206214904785156
737.4979858398438,0.0,0.0,0.0,4.206557273864746,0.46021768450737,-0.3292559087276459,4.642244815826416,-0.32101544737815857
101.11000061035156,0.0,0.0,0.0,4.476962566375732,0.32893624901771545,-0.21327775716781616,4.71466064453125,-0.2621244192123413
902.6740112304688,0.0,0.0,0.0,3.3900833129882812,0.42180848121643066,-0.546235978603363,3.736090660095215,-0.5499865412712097
125.66200256347656,0.0,0.0,0.0,4.598719120025635,0.19814833998680115,-0.15893331170082092,4.923913955688477,-0.20581737160682678
754.5339965820312,0.0,0.0,0.0,4.711753845214844,0.23615257441997528,-0.16486550867557526,4.834168434143066,-0.245875284075737
116.68599700927734,0.0,0.0,0.0,4.519299030303955,0.22857846319675446,-0.12608836591243744,4.687933921813965,-0.10758253931999207
134.906005859375,0.0,0.0,0.0,4.711214065551758,0.035374175757169724,0.015887223184108734,4.861361026763916,-0.02680867351591587
984.197998046875,0.0,0.0,0.0,4.77982759475708,0.05396706610918045,-0.025891831144690514,4.674523830413818,-0.040471430867910385
846.9860229492188,0.0,0.0,0.0,3.6156227588653564,-0.45400169491767883,0.4527715742588043,3.9537930488586426,0.42315152287483215
63.13399887084961,0.0,0.0,0.0,-0.0008308566175401211,0.0009883196325972676,-0.0017396020703017712,0.0,0.0
560.469970703125,0.0,0.0,0.0,4.5647053718566895,-0.16946308314800262,0.1299062818288803,4.975801467895508,0.07228069007396698
263.6260070800781,0.0,0.0,0.0,4.703347682952881,0.05744614079594612,-0.028023039922118187,4.7232160568237305,0.003125423565506935
923.6740112304688,0.0,0.0,0.0,3.8999221324920654,-0.35522574186325073,0.3068668842315674,4.233483791351318,0.3232731819152832
187.9219970703125,0.0,0.0,0.0,2.3597617149353027,-0.16049888730049133,0.3604840338230133,2.484734058380127,0.38319718837738037
535.5380249023438,0.0,0.0,0.0,3.540389060974121,0.5050292611122131,-0.6295725107192993,3.8456478118896484,-0.5828698873519897
384.197998046875,0.0,0.0,0.0,4.566259860992432,0.06960783898830414,-0.029230134561657906,4.821921348571777,0.053550709038972855
412.9179992675781,0.0,0.0,0.0,4.572415828704834,0.12264017760753632,-0.1543460637331009,4.595431327819824,-0.11156890541315079
967.3460083007812,0.0,0.0,0.0,4.096540927886963,-0.41166213154792786,0.34511205554008484,4.419627666473389,0.3513714075088501
846.5020141601562,0.0,0.0,0.0,3.4365408420562744,-0.4230254888534546,0.5298207998275757,3.923292636871338,0.5272219777107239
802.2100219726562,0.0,0.0,0.0,2.5338809490203857,-0.36693140864372253,0.6583631038665771,2.5355067253112793,0.742137610912323
227.74600219726562,0.0,0.0,0.0,3.9190709590911865,0.507301390171051,-0.4399033188819885,4.477088928222656,-0.510861873626709
287.04998779296875,0.0,0.0,0.0,4.3607964515686035,-0.45482736825942993,0.30251139402389526,4.645120620727539,0.3914688527584076
963.2059936523438,0.0,0.0,0.0,4.551614761352539,-0.3235522508621216,0.1778295487165451,4.410148620605469,0.1572960764169693
994.4459838867188,0.0,0.0,0.0,3.6907782554626465,0.4607289731502533,-0.4700242280960083,3.9105632305145264,-0.5221956968307495
758.177978515625,0.0,0.0,0.0,4.348437786102295,0.32981371879577637,-0.20328834652900696,4.715701580047607,-0.2178502380847931
305.3739929199219,0.0,0.0,0.0,4.599364280700684,-0.2362460047006607,0.09702838212251663,4.6411848068237305,0.14963698387145996
434.2019958496094,0.0,0.0,0.0,3.1833951473236084,-0.2671455442905426,0.3326663672924042,3.356377124786377,0.34691768884658813
584.3699951171875,0.0,0.0,0.0,4.326642036437988,0.41887804865837097,-0.35031986236572266,4.384366035461426,-0.4363187849521637
74.91400146484375,0.0,0.0,0.0,4.577613353729248,0.040980901569128036,-0.004964671563357115,4.83350944519043,-0.05056174099445343
693.8779907226562,0.0,0.0,0.0,4.1281819343566895,0.3719700872898102,-0.2337091565132141,4.35038423538208,-0.3228527009487152
200.78199768066406,0.0,0.0,0.0,2.0063846111297607,-0.23357398808002472,0.5890634655952454,1.8924872875213623,0.6244990229606628
740.6939697265625,0.0,0.0,0.0,3.2570080757141113,0.47008800506591797,-0.5832734704017639,2.983607530593872,-0.5462890267372131
901.9140014648438,0.0,0.0,0.0,2.9557557106018066,0.4149399399757385,-0.619024395942688,3.45569109916687,-0.7078003287315369
901.8099975585938,0.0,0.0,0.0,2.946653127670288,0.4242427349090576,-0.6710020303726196,3.1283445358276367,-0.7136657238006592
754.0900268554688,0.0,0.0,0.0,4.657122611999512,0.2052990347146988,-0.20274509489536285,4.938752174377441,-0.1826954185962677
966.2979736328125,0.0,0.0,0.0,3.3975090980529785,-0.4092247188091278,0.5530050992965698,3.9303934574127197,0.5104818344116211
739.8460083007812,0.0,0.0,0.0,3.665771961212158,0.46742719411849976,-0.480475515127182,3.5731141567230225,-0.6195340752601624
158.3820037841797,0.0,0.0,0.0,4.196165561676025,-0.5574912428855896,0.48180830478668213,4.125082492828369,0.4612137973308563
115.12200164794922,0.0,0.0,0.0,4.296185493469238,0.33836227655410767,-0.24698643386363983,4.85669469833374,-0.21135403215885162
748.5499877929688,0.0,0.0,0.0,3.6850719451904297,0.4559471011161804,-0.5036072731018066,4.108705997467041,-0.4913925230503082
936.3060302734375,0.0,0.0,0.0,2.7765636444091797,-0.23693332076072693,0.44327297806739807,3.1109306812286377,0.4858437776565552
731.697998046875,0.0,0.0,0.0,4.72346830368042,0.00983364600688219,-0.049774352461099625,4.986368179321289,-0.03229411691427231
619.6339721679688,0.0,0.0,0.0,4.512095928192139,-0.25063085556030273,0.22991816699504852,4.201933860778809,0.33094891905784607
460.8500061035156,0.0,0.0,0.0,4.504479885101318,-0.07545170187950134,0.0819094106554985,4.639352798461914,0.08595219999551773
103.0780029296875,0.0,0.0,0.0,3.181149959564209,0.46678709983825684,-0.567611575126648,3.4761061668395996,-0.7686682343482971
932.7379760742188,0.0,0.0,0.0,4.378973484039307,-0.006853202823549509,0.02296455018222332,4.276432514190674,0.045732032507658005
672.9340209960938,0.0,0.0,0.0,4.07469367980957,-0.33372047543525696,0.26391807198524475,4.114276885986328,0.29361772537231445
215.1060028076172,0.0,0.0,0.0,3.313223123550415,-0.18719641864299774,0.21696867048740387,3.220201015472412,0.12243535369634628
266.5899963378906,0.0,0.0,0.0,4.569638252258301,0.03548829257488251,0.04319900646805763,4.481915473937988,0.07581567019224167
75.01799774169922,0.0,0.0,0.0,4.5962958335876465,0.041059188544750214,-0.039677977561950684,4.640800476074219,0.006769109982997179
558.4019775390625,0.0,0.0,0.0,3.9371230602264404,-0.38665279746055603,0.36351898312568665,4.36302375793457,0.36136963963508606
915.2860107421875,0.0,0.0,0.0,4.3019914627075195,0.2765037417411804,-0.16151639819145203,4.484025001525879,-0.10519122332334518
869.5700073242188,0.0,0.0,0.0,3.499222993850708,-0.3947613835334778,0.40590235590934753,3.7121031284332275,0.4386391341686249
989.1939697265625,0.0,0.0,0.0,4.6121931076049805,0.2564164400100708,-0.24624043703079224,4.504233360290527,-0.2459016889333725
446.385986328125,0.0,0.0,0.0,3.9583988189697266,-0.3044999837875366,0.27726057171821594,4.021767616271973,0.3649417757987976
899.6099853515625,0.0,0.0,0.0,2.710352659225464,0.3540057837963104,-0.6557364463806152,3.083864450454712,-0.663058340549469
999.2979736328125,0.0,0.0,0.0,4.195258140563965,0.0810830369591713,-0.06889381259679794,3.794605016708374,-0.01814425364136696
199.0780029296875,0.0,0.0,0.0,2.2579779624938965,-0.19918839633464813,0.4266943037509918,2.447072982788086,0.5542668700218201
932.8499755859375,0.0,0.0,0.0,4.329648971557617,-0.025230776518583298,0.016403626650571823,4.20770263671875,-0.03540147468447685
142.08999633789062,0.0,0.0,0.0,4.474748134613037,0.29869386553764343,-0.17810024321079254,5.033876895904541,-0.13552811741828918
82.9540023803711,0.0,0.0,0.0,3.202793836593628,0.29802176356315613,-0.43585634231567383,3.5993857383728027,-0.4803137481212616
723.25,0.0,0.0,0.0,4.411313533782959,-0.46096551418304443,0.43784523010253906,4.408382892608643,0.4566057622432709
821.510009765625,0.0,0.0,0.0,4.4870405197143555,0.2689700722694397,-0.1766456663608551,4.733912944793701,-0.14187665283679962
126.96199798583984,0.0,0.0,0.0,4.704453468322754,0.17702937126159668,-0.16311341524124146,4.908364295959473,-0.17451469600200653
711.64599609375,0.0,0.0,0.0,4.532668113708496,-0.3251745104789734,0.23294298350811005,4.628602027893066,0.22035883367061615
930.3619995117188,0.0,0.0,0.0,4.704909801483154,0.04703428968787193,-0.1273089200258255,4.7592363357543945,-0.07378488779067993
579.8499755859375,0.0,0.0,0.0,4.154119491577148,0.5058577060699463,-0.41300642490386963,4.547040939331055,-0.4801187217235565
315.3580017089844,0.0,0.0,0.0,4.6420979499816895,-0.29130521416664124,0.1845679134130478,4.716765880584717,0.14789138734340668
392.2900085449219,0.0,0.0,0.0,3.8201541900634766,0.39611881971359253,-0.524109959602356,3.757232904434204,-0.5791303515434265
555.3060302734375,0.0,0.0,0.0,1.8505330085754395,-0.1992356777191162,0.6463004946708679,2.007922649383545,0.6428883075714111
470.9179992675781,0.0,0.0,0.0,4.696220397949219,-0.04444081708788872,0.07710932940244675,4.7999186515808105,0.04303864762187004
118.91799926757812,0.0,0.0,0.0,4.288670063018799,0.3964238464832306,-0.21858029067516327,4.656335353851318,-0.26547741889953613
134.18600463867188,0.0,0.0,0.0,4.6694817543029785,0.0742797926068306,-0.03150505572557449,5.009299278259277,-0.08813486993312836
680.4660034179688,0.0,0.0,0.0,4.465362548828125,-0.26007020473480225,0.15110351145267487,4.48099946975708,0.15159307420253754
126.55400085449219,0.0,0.0,0.0,4.570540428161621,0.16300272941589355,-0.10507669299840927,4.643019676208496,-0.13022024929523468
763.5460205078125,0.0,0.0,0.0,4.286748886108398,0.3427211046218872,-0.2457335889339447,4.474337100982666,-0.19176889955997467
179.31399536132812,0.0,0.0,0.0,1.634985327720642,-0.10190122574567795,0.396904855966568,1.7283263206481934,0.5289989709854126
69.6259994506836,0.0,0.0,0.0,3.5495786666870117,0.1380866914987564,-0.1084837093949318,3.755695104598999,-0.1025226041674614
918.1179809570312,0.0,0.0,0.0,3.860689401626587,0.5030444860458374,-0.4480266273021698,3.8264124393463135,-0.6521318554878235
322.64599609375,0.0,0.0,0.0,4.719698429107666,-0.21986737847328186,0.11729121208190918,4.68795108795166,0.10429149866104126
749.3460083007812,0.0,0.0,0.0,3.8409957885742188,0.4120384454727173,-0.4314265251159668,4.196736812591553,-0.4021492600440979
318.6499938964844,0.0,0.0,0.0,4.75024938583374,-0.12985746562480927,0.12702876329421997,4.760563373565674,0.1436016857624054
475.6419982910156,0.0,0.0,0.0,3.697631359100342,0.3713065981864929,-0.3714800775051117,3.944369077682495,-0.4209258258342743
564.989990234375,0.0,0.0,0.0,2.859158992767334,0.43136945366859436,-0.6476300358772278,3.2013866901397705,-0.6960625648498535
927.0139770507812,0.0,0.0,0.0,4.123809814453125,-0.45710012316703796,0.3229784071445465,4.4365129470825195,0.34714123606681824
547.5579833984375,0.0,0.0,0.0,1.8744195699691772,-0.17968033254146576,0.5590356588363647,1.9708762168884277,0.7161003351211548
239.35000610351562,0.0,0.0,0.0,4.610324382781982,0.02093443274497986,-0.01062788162380457,4.532366752624512,-0.04730253294110298
160.2100067138672,0.0,0.0,0.0,4.3456950187683105,-0.46600142121315,0.356862336397171,4.391596794128418,0.3679822087287903
225.01800537109375,0.0,0.0,0.0,4.633096218109131,0.13580766320228577,-0.046870939433574677,4.9243597984313965,-0.050040099769830704
318.2380065917969,0.0,0.0,0.0,4.6698150634765625,-0.1374731808900833,0.03550390154123306,4.743493556976318,0.032982081174850464
368.19000244140625,0.0,0.0,0.0,3.942843437194824,0.48321086168289185,-0.6005264520645142,4.142814636230469,-0.5617151260375977
830.0180053710938,0.0,0.0,0.0,4.600223541259766,0.25281426310539246,-0.1597006469964981,4.69636869430542,-0.25430604815483093
932.281982421875,0.0,0.0,0.0,4.507680892944336,0.05961214378476143,0.00033649723627604544,4.613724708557129,0.027486804872751236
317.6700134277344,0.0,0.0,0.0,4.714089870452881,-0.20294594764709473,0.10623952746391296,4.822414398193359,0.08590567857027054
444.3500061035156,0.0,0.0,0.0,4.161196708679199,-0.3958703279495239,0.33180588483810425,4.4335503578186035,0.28595665097236633
757.7579956054688,0.0,0.0,0.0,4.3594841957092285,0.3680480420589447,-0.30384111404418945,4.578343868255615,-0.2921209931373596
499.25,0.0,0.0,0.0,2.4559974670410156,-0.003954089712351561,0.01735554449260235,2.3922853469848633,0.03466963395476341
878.7219848632812,0.0,0.0,0.0,1.8689769506454468,-0.1489865481853485,0.4379838705062866,2.183072328567505,0.6056739091873169
439.5580139160156,0.0,0.0,0.0,2.564526081085205,-0.21825815737247467,0.4460812509059906,2.5140488147735596,0.42221948504447937
844.6259765625,0.0,0.0,0.0,4.604025363922119,0.04361679404973984,0.07923783361911774,4.305937767028809,0.2006770819425583
229.3780059814453,0.0,0.0,0.0,4.152890205383301,0.4164963960647583,-0.36579203605651855,4.22742223739624,-0.4659920930862427
798.9860229492188,0.0,0.0,0.0,4.549747943878174,-0.27348798513412476,0.25856664776802063,4.259153366088867,0.34271255135536194
110.98600006103516,0.0,0.0,0.0,3.0228774547576904,0.39587149024009705,-0.4660976231098175,3.279423952102661,-0.6028299927711487
116.05400085449219,0.0,0.0,0.0,4.534491539001465,0.28875383734703064,-0.15485401451587677,4.536942958831787,-0.09421823918819427
108.0260009765625,0.0,0.0,0.0,2.9852848052978516,0.40898457169532776,-0.5650111436843872,3.113912343978882,-0.6499322056770325
748.0419921875,0.0,0.0,0.0,3.4041717052459717,0.48523250222206116,-0.49317800998687744,3.9016475677490234,-0.6319132447242737
435.60198974609375,0.0,0.0,0.0,3.535869598388672,-0.2147618979215622,0.18942563235759735,3.6255414485931396,0.25930941104888916
810.469970703125,0.0,0.0,0.0,4.242388725280762,0.23898649215698242,-0.23394997417926788,4.483306884765625,-0.33032500743865967
177.67799377441406,0.0,0.0,0.0,1.6236647367477417,-0.11796650290489197,0.43222442269325256,1.7250837087631226,0.481706827878952
86.94200134277344,0.0,0.0,0.0,3.1520349979400635,0.38003018498420715,-0.49057239294052124,3.647230625152588,-0.5559035539627075
777.989990234375,0.0,0.0,0.0,2.91766619682312,0.43014541268348694,-0.6300629377365112,3.0284972190856934,-0.7104355096817017
694.4099731445312,0.0,0.0,0.0,4.340158939361572,0.33243265748023987,-0.14874154329299927,4.535761833190918,-0.19732880592346191
121.85800170898438,0.0,0.0,0.0,4.633423328399658,0.07453849166631699,-0.030698727816343307,4.928302764892578,-0.0879925936460495
784.166015625,0.0,0.0,0.0,3.685558319091797,0.03975234180688858,-0.004871939774602652,3.667588949203491,0.02323445864021778
992.4619750976562,0.0,0.0,0.0,4.4473958015441895,0.3331562578678131,-0.26159778237342834,4.610924243927002,-0.26389390230178833
494.57000732421875,0.0,0.0,0.0,4.62011194229126,0.0784701555967331,-0.033466048538684845,4.793766975402832,-0.0113145736977458
276.6499938964844,0.0,0.0,0.0,1.6417750120162964,-0.04891260340809822,0.24486462771892548,1.7569066286087036,0.2361402064561844
562.718017578125,0.0,0.0,0.0,2.7661619186401367,0.3560267388820648,-0.5795867443084717,2.8974249362945557,-0.6993956565856934
965.8460083007812,0.0,0.0,0.0,3.187352180480957,-0.41828644275665283,0.47410744428634644,3.5394392013549805,0.6601619720458984
889.8460083007812,0.0,0.0,0.0,3.3295881748199463,0.42475268244743347,-0.46350526809692383,3.810067653656006,-0.6610361933708191
140.0500030517578,0.0,0.0,0.0,3.560108184814453,0.42075538635253906,-0.4587608277797699,3.714064836502075,-0.5481054782867432
417.91400146484375,0.0,0.0,0.0,4.3750152587890625,0.33936014771461487,-0.26007458567619324,4.153027057647705,-0.39118266105651855
437.0220031738281,0.0,0.0,0.0,3.2675740718841553,-0.12498926371335983,0.1381056308746338,3.146926164627075,0.09460065513849258
425.5539855957031,0.0,0.0,0.0,4.370263576507568,-0.21017232537269592,0.30579665303230286,3.8311140537261963,0.2737497389316559
332.6820068359375,0.0,0.0,0.0,4.690995216369629,-0.15076935291290283,0.057005949318408966,4.602606296539307,0.11269908398389816
849.5460205078125,0.0,0.0,0.0,3.950981378555298,-0.49609869718551636,0.43203112483024597,4.052425384521484,0.6206261515617371
653.0819702148438,0.0,0.0,0.0,4.617521286010742,0.22141319513320923,-0.16957315802574158,4.549339771270752,-0.26857614517211914
277.65399169921875,0.0,0.0,0.0,2.0186150074005127,-0.12045122683048248,0.3638988435268402,2.2603554725646973,0.407943993806839
576.4140014648438,0.0,0.0,0.0,4.250226020812988,0.513204038143158,-0.41049256920814514,4.614712238311768,-0.4098706543445587
729.9860229492188,0.0,0.0,0.0,4.715631008148193,0.0019600512459874153,-0.00931067019701004,5.224801540374756,-0.06529156118631363
590.8140258789062,0.0,0.0,0.0,3.5798838138580322,0.37948185205459595,-0.22779153287410736,3.341846466064453,-0.3899523913860321
118.25399780273438,0.0,0.0,0.0,4.407221794128418,0.4341592490673065,-0.23841793835163116,4.197647571563721,-0.3530421853065491
290.6059875488281,0.0,0.0,0.0,3.9598135948181152,-0.5230668187141418,0.4819764494895935,4.11806583404541,0.46253225207328796
753.7739868164062,0.0,0.0,0.0,4.64345121383667,0.0634666308760643,-0.07314743846654892,4.73227596282959,-0.17699511349201202
746.7059936523438,0.0,0.0,0.0,4.142985820770264,0.31790193915367126,-0.3287338316440582,4.12439489364624,-0.4133022725582123
531.9819946289062,0.0,0.0,0.0,2.6423912048339844,0.37675461173057556,-0.6555984616279602,2.925201416015625,-0.9242779016494751
262.07000732421875,0.0,0.0,0.0,4.486379146575928,0.08227290213108063,-0.022089822217822075,4.72068977355957,-0.03905128687620163
306.01800537109375,0.0,0.0,0.0,4.465415000915527,-0.29894158244132996,0.29343199729919434,4.522378444671631,0.3841733932495117
853.7420043945312,0.0,0.0,0.0,4.205589771270752,-0.4340534806251526,0.31094518303871155,4.360678672790527,0.36580735445022583
153.85800170898438,0.0,0.0,0.0,3.7362372875213623,-0.43636131286621094,0.38597944378852844,3.963099479675293,0.4932558536529541
197.92599487304688,0.0,0.0,0.0,2.0929341316223145,-0.21124114096164703,0.5446295738220215,2.448716163635254,0.6692155003547668
639.7139892578125,0.0,0.0,0.0,3.449113607406616,-0.34549400210380554,0.4062773287296295,3.6853585243225098,0.4108933210372925
277.3380126953125,0.0,0.0,0.0,1.8734872341156006,-0.09428516030311584,0.3130285143852234,2.054349899291992,0.36290621757507324
613.4459838867188,0.0,0.0,0.0,3.189316987991333,-0.5795324444770813,0.7237532138824463,2.9776978492736816,0.7686288356781006
614.3779907226562,0.0,0.0,0.0,2.80950665473938,-0.43944406509399414,0.7193212509155273,3.3057384490966797,0.814521074295044
734.0139770507812,0.0,0.0,0.0,2.455829620361328,0.32446277141571045,-0.645004153251648,2.6420087814331055,-0.7296222448348999
643.5819702148438,0.0,0.0,0.0,4.004024505615234,-0.4510284662246704,0.35995835065841675,4.379822254180908,0.4325545132160187
130.14999389648438,0.0,0.0,0.0,4.053927421569824,0.42063796520233154,-0.30071961879730225,4.062873840332031,-0.30016523599624634
149.18600463867188,0.0,0.0,0.0,2.6905195713043213,-0.2816430330276489,0.5486025214195251,3.074397087097168,0.7277657985687256
361.3500061035156,0.0,0.0,0.0,2.6139285564422607,0.14725980162620544,-0.380985826253891,2.8572826385498047,-0.4544149935245514
795.4180297851562,0.0,0.0,0.0,4.088409900665283,-0.433133989572525,0.33293235301971436,4.595592498779297,0.41566190123558044
273.6700134277344,0.0,0.0,0.0,1.9329580068588257,-0.027246205136179924,0.08583084493875504,2.0824971199035645,0.1017836406826973
391.8699951171875,0.0,0.0,0.0,3.9022700786590576,0.3321276307106018,-0.3459535837173462,4.392549991607666,-0.3211818039417267
875.4739990234375,0.0,0.0,0.0,3.5286037921905518,-0.036685459315776825,-0.023586535826325417,3.695997714996338,-0.03216947242617607
447.1780090332031,0.0,0.0,0.0,3.7560482025146484,-0.3823479115962982,0.4390261471271515,3.9516654014587402,0.4117220640182495
674.4660034179688,0.0,0.0,0.0,3.6859536170959473,-0.45221465826034546,0.4114415645599365,3.747096061706543,0.5560656785964966
278.010009765625,0.0,0.0,0.0,2.1665804386138916,-0.1458480954170227,0.36717021465301514,2.4293386936187744,0.438064306974411
139.78599548339844,0.0,0.0,0.0,3.3786461353302,0.39485806226730347,-0.4755086302757263,3.817812919616699,-0.5281708836555481
395.5740051269531,0.0,0.0,0.0,4.2810893058776855,0.3518708050251007,-0.2743310034275055,4.531310558319092,-0.2372777760028839
842.7459716796875,0.0,0.0,0.0,4.662280082702637,0.1305902898311615,-0.06775511801242828,4.851152420043945,-0.04125453531742096
233.06199645996094,0.0,0.0,0.0,4.668183326721191,0.24201370775699615,-0.12299072742462158,4.642923355102539,-0.12913350760936737
431.2619934082031,0.0,0.0,0.0,3.2967355251312256,-0.12632279098033905,0.05413322523236275,3.1296534538269043,0.08066816627979279
436.04998779296875,0.0,0.0,0.0,3.5304882526397705,-0.1957700252532959,0.17055220901966095,3.628660202026367,0.17101919651031494
502.7460021972656,0.0,0.0,0.0,3.2044410705566406,0.25838252902030945,-0.3237288296222687,3.383113384246826,-0.34847304224967957
719.6740112304688,0.0,0.0,0.0,4.645785808563232,-0.24126066267490387,0.169108048081398,4.855856418609619,0.06067395210266113
908.5380249023438,0.0,0.0,0.0,4.3653483390808105,0.30494746565818787,-0.12749452888965607,4.64021110534668,-0.12509535253047943
95.31800079345703,0.0,0.0,0.0,4.673075199127197,0.08696264028549194,-0.09731093794107437,4.769132614135742,-0.05779515951871872
647.7420043945312,0.0,0.0,0.0,4.690420150756836,-0.07253055274486542,0.05373498052358627,4.736353397369385,0.06728164106607437
490.6300048828125,0.0,0.0,0.0,4.415550708770752,0.36912471055984497,-0.24207215011119843,4.457880973815918,-0.3153715133666992
586.0859985351562,0.0,0.0,0.0,4.409342288970947,0.37656140327453613,-0.23853281140327454,4.367990016937256,-0.3026050627231598
214.41799926757812,0.0,0.0,0.0,3.3393824100494385,-0.2780851125717163,0.31483983993530273,3.8538761138916016,0.3110154867172241
810.2100219726562,0.0,0.0,0.0,4.283957004547119,0.1727932095527649,-0.27162083983421326,4.2428975105285645,-0.15937574207782745
508.3139953613281,0.0,0.0,0.0,3.2598533630371094,0.3415282666683197,-0.45024561882019043,2.9637022018432617,-0.4242018461227417
254.0260009765625,0.0,0.0,0.0,4.497435569763184,0.05956882983446121,-0.009466348215937614,4.46246337890625,0.015666140243411064
506.24200439453125,0.0,0.0,0.0,3.8974525928497314,0.10115998238325119,-0.06735458970069885,3.846651792526245,-0.05400184914469719
357.0899963378906,0.0,0.0,0.0,3.3902063369750977,-0.014519129879772663,0.08372589945793152,3.279484987258911,0.16165000200271606
707.0139770507812,0.0,0.0,0.0,4.7021026611328125,-0.07436661422252655,0.1651293933391571,4.869867324829102,0.13858570158481598
351.4259948730469,0.0,0.0,0.0,4.645133972167969,-0.1490493267774582,0.14996914565563202,4.644692897796631,0.18947312235832214
516.0499877929688,0.0,0.0,0.0,4.445408821105957,0.15822891891002655,-0.15075358748435974,4.2429022789001465,-0.2730264663696289
825.8779907226562,0.0,0.0,0.0,4.817847728729248,-1.828621498134453e-05,-0.027290653437376022,4.799987316131592,-0.031804539263248444
529.4539794921875,0.0,0.0,0.0,3.352552890777588,0.47607430815696716,-0.5814501643180847,3.466775417327881,-0.6750288605690002
892.2420043945312,0.0,0.0,0.0,4.184694766998291,0.4330330193042755,-0.39297977089881897,4.508832931518555,-0.3325536549091339
863.3380126953125,0.0,0.0,0.0,4.227753639221191,-0.33225423097610474,0.22104524075984955,4.677818298339844,0.2711368203163147
781.2979736328125,0.0,0.0,0.0,4.298601150512695,0.3032079041004181,-0.23772262036800385,4.7030510902404785,-0.21531230211257935
221.1219940185547,0.0,0.0,0.0,3.4832940101623535,0.403633177280426,-0.47196078300476074,3.633242607116699,-0.5006526708602905
551.6259765625,0.0,0.0,0.0,1.8527735471725464,-0.22418364882469177,0.6557708382606506,2.05092453956604,0.7652181386947632
527.3179931640625,0.0,0.0,0.0,2.720360517501831,0.37937429547309875,-0.7032075524330139,3.317357063293457,-0.8031335473060608
98.2020034790039,0.0,0.0,0.0,4.631390571594238,0.05648878589272499,-0.07113878428936005,4.9166741371154785,-0.048955321311950684
590.6820068359375,0.0,0.0,0.0,3.807013988494873,0.440475195646286,-0.3389265537261963,3.147653579711914,-0.27551978826522827
713.8099975585938,0.0,0.0,0.0,4.396561622619629,-0.47050631046295166,0.3303896188735962,4.703099727630615,0.295515239238739
308.20599365234375,0.0,0.0,0.0,4.176602363586426,-0.4267672598361969,0.3007526397705078,4.37712287902832,0.31908559799194336
639.3060302734375,0.0,0.0,0.0,3.3771443367004395,-0.28941646218299866,0.3834379017353058,3.3725898265838623,0.4138162434101105
156.46600341796875,0.0,0.0,0.0,3.909769296646118,-0.4866360127925873,0.39945268630981445,4.2450127601623535,0.5185470581054688
269.30999755859375,0.0,0.0,0.0,1.8250099420547485,0.14750227332115173,-0.5346236824989319,1.894636869430542,-0.5841192603111267
986.0180053710938,0.0,0.0,0.0,4.698709964752197,0.04182145744562149,-0.028829986229538918,4.872247695922852,0.02820226363837719
276.5740051269531,0.0,0.0,0.0,1.620205283164978,-0.053896885365247726,0.2086012363433838,1.7812139987945557,0.23869973421096802
56.58599853515625,0.0,0.0,0.0,-0.0019161137752234936,8.866104508342687e-06,0.0014301539631560445,0.0,0.0
186.24200439453125,0.0,0.0,0.0,2.1072616577148438,-0.06958945095539093,0.12601208686828613,2.021918535232544,0.1755896657705307
813.010009765625,0.0,0.0,0.0,4.378213882446289,0.24931283295154572,-0.17042329907417297,4.687234878540039,-0.1613675206899643
335.6579895019531,0.0,0.0,0.0,4.8552680015563965,-0.008898153901100159,-0.03834789991378784,4.699256896972656,-0.029814695939421654
208.50999450683594,0.0,0.0,0.0,1.7849525213241577,-0.1924101561307907,0.6269462704658508,1.8748682737350464,0.6983031630516052
734.469970703125,0.0,0.0,0.0,2.622626304626465,0.30563271045684814,-0.5806063413619995,2.8418920040130615,-0.5976999998092651
554.0180053710938,0.0,0.0,0.0,1.7662736177444458,-0.2012585997581482,0.6048544645309448,1.986445426940918,0.6987264752388
683.666015625,0.0,0.0,0.0,4.3639726638793945,0.28433728218078613,-0.32177257537841797,4.009649276733398,-0.4246150851249695
205.75399780273438,0.0,0.0,0.0,1.876508116722107,-0.20262737572193146,0.6290408968925476,1.8746026754379272,0.7109706997871399
361.13800048828125,0.0,0.0,0.0,2.504296064376831,0.10865486413240433,-0.2584303617477417,2.7866268157958984,-0.4434437155723572
549.4140014648438,0.0,0.0,0.0,1.7347362041473389,-0.17473290860652924,0.6902825236320496,1.873173475265503,0.7164524793624878
671.906005859375,0.0,0.0,0.0,4.17666482925415,-0.3099762797355652,0.18758392333984375,4.196251392364502,0.2359468638896942
148.24600219726562,0.0,0.0,0.0,2.2411391735076904,-0.2535800039768219,0.5905972719192505,2.394941568374634,0.6584442853927612
91.19400024414062,0.0,0.0,0.0,4.283257961273193,0.18620938062667847,-0.14940312504768372,4.520780563354492,-0.14701293408870697
301.7099914550781,0.0,0.0,0.0,4.743268013000488,-0.25797390937805176,0.14752794802188873,4.880281925201416,0.15410852432250977
704.3699951171875,0.0,0.0,0.0,4.600114822387695,0.04014384746551514,0.004153331741690636,4.99553108215332,-0.0480625294148922
193.64599609375,0.0,0.0,0.0,4.576358795166016,-0.13845892250537872,0.04467577487230301,4.754956245422363,0.06845945864915848
754.75,0.0,0.0,0.0,4.675538539886475,0.2715951204299927,-0.21713687479496002,4.7288007736206055,-0.1903015673160553
962.3619995117188,0.0,0.0,0.0,4.469729423522949,-0.37739530205726624,0.2201661914587021,4.886135578155518,0.27222561836242676
794.4140014648438,0.0,0.0,0.0,3.3173940181732178,-0.39817318320274353,0.45131000876426697,3.971524238586426,0.6206991076469421
504.01800537109375,0.0,0.0,0.0,3.8454058170318604,0.27726316452026367,-0.20635053515434265,4.222820281982422,-0.28414949774742126
681.2020263671875,0.0,0.0,0.0,4.527100563049316,0.03269928693771362,-0.1397387832403183,4.506352424621582,-0.20349325239658356
149.07400512695312,0.0,0.0,0.0,2.5849051475524902,-0.26048609614372253,0.5513404607772827,3.0043344497680664,0.6255214810371399
920.4860229492188,0.0,0.0,0.0,3.526174306869507,-0.10496325045824051,0.27641329169273376,2.9189953804016113,0.4018736481666565
955.6060180664062,0.0,0.0,0.0,3.876460075378418,-0.4642275273799896,0.4218587577342987,3.9517080783843994,0.4587799310684204
143.3179931640625,0.0,0.0,0.0,4.628467082977295,-0.07612094283103943,0.09960248321294785,4.801438331604004,0.09884165227413177
739.9500122070312,0.0,0.0,0.0,3.6716926097869873,0.4733544886112213,-0.5032647252082825,3.6263647079467773,-0.6541539430618286
133.8419952392578,0.0,0.0,0.0,4.620826721191406,0.11314136534929276,-0.010264336131513119,4.766157627105713,-0.00030135706765577197
686.3660278320312,0.0,0.0,0.0,3.3395392894744873,0.35610875487327576,-0.35917404294013977,2.8604586124420166,-0.2868565618991852
935.3140258789062,0.0,0.0,0.0,2.572438955307007,-0.1900678426027298,0.42415669560432434,2.737952947616577,0.4431179463863373
347.1180114746094,0.0,0.0,0.0,4.233039379119873,-0.36520981788635254,0.2799154818058014,4.313275337219238,0.24151235818862915
333.74200439453125,0.0,0.0,0.0,4.7577385902404785,-0.09281563013792038,0.00197785091586411,4.808770656585693,-0.052335064858198166
412.8299865722656,0.0,0.0,0.0,4.681406497955322,0.09010764211416245,-0.07298985868692398,4.284841060638428,-0.1278424859046936
824.0180053710938,0.0,0.0,0.0,4.675303936004639,0.048243679106235504,-0.022680653259158134,4.844809055328369,-0.0454728864133358
90.4540023803711,0.0,0.0,0.0,4.318106651306152,0.18353012204170227,-0.10537350922822952,4.31350564956665,-0.15280397236347198
607.7860107421875,0.0,0.0,0.0,4.346697807312012,-0.4236334562301636,0.28649842739105225,4.738816738128662,0.3087068796157837
707.5700073242188,0.0,0.0,0.0,4.614893913269043,-0.2715238332748413,0.18009895086288452,4.919469356536865,0.21273425221443176
735.0819702148438,0.0,0.0,0.0,2.9471261501312256,0.38415560126304626,-0.5634599924087524,3.0097408294677734,-0.6487278342247009
590.3699951171875,0.0,0.0,0.0,4.134943962097168,0.5086602568626404,-0.45583510398864746,3.944042921066284,-0.33004117012023926
447.6300048828125,0.0,0.0,0.0,3.803652763366699,-0.37777838110923767,0.4159477651119232,4.22284460067749,0.51515793800354
950.8099975585938,0.0,0.0,0.0,4.794380187988281,-0.17441833019256592,0.09168560802936554,4.636442184448242,0.045613422989845276
636.0180053710938,0.0,0.0,0.0,2.6108150482177734,-0.10044923424720764,0.16041754186153412,2.5439138412475586,0.1663302779197693
654.614013671875,0.0,0.0,0.0,3.7532031536102295,0.4836156964302063,-0.43855512142181396,4.04736852645874,-0.4815499484539032
922.5380249023438,0.0,0.0,0.0,3.4060752391815186,-0.39012572169303894,0.4601096212863922,3.914973020553589,0.49734586477279663
235.88600158691406,0.0,0.0,0.0,4.6939473152160645,0.02562597766518593,-0.028162728995084763,4.791973114013672,-0.04839297756552696
442.0740051269531,0.0,0.0,0.0,3.8165576457977295,-0.2465047538280487,0.2214948534965515,4.0837931632995605,0.23047494888305664
784.0460205078125,0.0,0.0,0.0,3.785449981689453,0.05728491023182869,-0.05716262757778168,3.2713568210601807,0.03822355717420578
187.21800231933594,0.0,0.0,0.0,2.0829813480377197,-0.11586273461580276,0.3370933532714844,2.23713755607605,0.4088355004787445
830.3660278320312,0.0,0.0,0.0,4.638810634613037,0.28007903695106506,-0.25430598855018616,4.609795570373535,-0.36442992091178894
59.45800018310547,0.0,0.0,0.0,-0.0017252406105399132,0.0001505438849562779,0.002173119457438588,0.0,0.0
603.9860229492188,0.0,0.0,0.0,4.590522289276123,-0.27248015999794006,0.14879588782787323,4.438776969909668,0.21700622141361237
246.96200561523438,0.0,0.0,0.0,2.7202043533325195,0.24521109461784363,-0.4609784781932831,3.044753313064575,-0.5114321112632751
77.38999938964844,0.0,0.0,0.0,3.964855432510376,0.4284801781177521,-0.3637066185474396,4.141268253326416,-0.3782180845737457
463.6300048828125,0.0,0.0,0.0,2.4867703914642334,-0.29840898513793945,0.6404095888137817,2.4869234561920166,0.6947997212409973
738.885986328125,0.0,0.0,0.0,3.759648084640503,0.4975823760032654,-0.5060224533081055,3.6141164302825928,-0.4847690761089325
492.0820007324219,0.0,0.0,0.0,4.586404323577881,0.22826388478279114,-0.09918814897537231,4.45366907119751,-0.16037914156913757
972.7100219726562,0.0,0.0,0.0,4.628899574279785,0.026522651314735413,-0.01681293174624443,4.822499752044678,-0.04266893491148949
429.5820007324219,0.0,0.0,0.0,3.822624444961548,-0.3255097568035126,0.23075370490550995,3.865847587585449,0.15661905705928802
657.5020141601562,0.0,0.0,0.0,4.457317352294922,0.228162482380867,-0.13014861941337585,4.8330817222595215,-0.11424847692251205
75.14199829101562,0.0,0.0,0.0,4.562623500823975,0.02713949605822563,0.02768068015575409,4.551989555358887,-0.05778767913579941
495.7019958496094,0.0,0.0,0.0,4.497465133666992,0.04338374361395836,-0.06369264423847198,4.290798187255859,0.018739838153123856
167.19000244140625,0.0,0.0,0.0,4.26479434967041,-0.4589478671550751,0.39570724964141846,4.844654083251953,0.37621429562568665
390.7380065917969,0.0,0.0,0.0,3.4711854457855225,0.36170777678489685,-0.3924194872379303,3.8602242469787598,-0.5191487073898315
350.697998046875,0.0,0.0,0.0,4.676535129547119,-0.16057142615318298,0.10081665217876434,4.954960346221924,0.11119793355464935
638.3740234375,0.0,0.0,0.0,3.2477664947509766,-0.1871134340763092,0.17786991596221924,3.34515118598938,0.29276591539382935
195.8179931640625,0.0,0.0,0.0,4.127161979675293,-0.035603106021881104,-0.012411135248839855,3.8934149742126465,-0.013230712153017521
178.8179931640625,0.0,0.0,0.0,1.6384292840957642,-0.12363553792238235,0.4096769094467163,1.8005019426345825,0.5623202323913574
646.5659790039062,0.0,0.0,0.0,4.702538013458252,-0.10320470482110977,0.06495284289121628,4.492818832397461,0.04295507073402405
849.8140258789062,0.0,0.0,0.0,3.9290757179260254,-0.5173352956771851,0.47846415638923645,4.269831657409668,0.49942144751548767
925.5819702148438,0.0,0.0,0.0,3.6477036476135254,-0.4850427508354187,0.5654283761978149,3.9856410026550293,0.5497629046440125
172.8780059814453,0.0,0.0,0.0,2.692286252975464,-0.35383468866348267,0.4598632752895355,3.0504233837127686,0.5542283058166504
764.5700073242188,0.0,0.0,0.0,4.451064586639404,0.18571296334266663,-0.11481785774230957,4.433633804321289,-0.13524043560028076
129.7259979248047,0.0,0.0,0.0,3.863192319869995,0.4613373875617981,-0.4010171592235565,4.240739822387695,-0.44890230894088745
949.9180297851562,0.0,0.0,0.0,4.630700588226318,-0.20643776655197144,0.09295438230037689,4.609858989715576,0.1144292950630188
558.2020263671875,0.0,0.0,0.0,3.8112409114837646,-0.3907805383205414,0.4408904016017914,4.036057472229004,0.3815325200557709
328.6180114746094,0.0,0.0,0.0,4.596537113189697,-0.23140877485275269,0.09715040773153305,4.899260520935059,0.07786648720502853
831.510009765625,0.0,0.0,0.0,3.7398173809051514,0.4919999837875366,-0.5181945562362671,3.933884382247925,-0.5416053533554077
737.3660278320312,0.0,0.0,0.0,4.121601581573486,0.46095728874206543,-0.40141937136650085,4.595012187957764,-0.3188660442829132
339.3900146484375,0.0,0.0,0.0,4.53830623626709,-0.3797575831413269,0.21792255342006683,4.726375102996826,0.25213927030563354
693.1019897460938,0.0,0.0,0.0,3.6877782344818115,0.41597241163253784,-0.38044145703315735,3.9814298152923584,-0.30586111545562744
258.4939880371094,0.0,0.0,0.0,3.736398935317993,0.2104763239622116,-0.231924906373024,4.159285545349121,-0.2041534185409546
601.7100219726562,0.0,0.0,0.0,4.051613807678223,-0.45963600277900696,0.416631817817688,4.107763767242432,0.4186484217643738
824.9459838867188,0.0,0.0,0.0,4.714118003845215,0.011495835147798061,0.004872274585068226,4.4650774002075195,-0.01575746200978756
893.1060180664062,0.0,0.0,0.0,4.049153804779053,0.5073015093803406,-0.4437532126903534,4.1703009605407715,-0.5629141330718994
303.8059997558594,0.0,0.0,0.0,4.552449703216553,-0.39154401421546936,0.23021802306175232,4.831058502197266,0.23604756593704224
537.4140014648438,0.0,0.0,0.0,2.5445737838745117,0.47391077876091003,-0.755751371383667,2.8941338062286377,-0.9121782779693604
303.489990234375,0.0,0.0,0.0,4.656048774719238,-0.3439345359802246,0.28524136543273926,4.515078067779541,0.298822820186615
366.69000244140625,0.0,0.0,0.0,3.917323112487793,0.41886627674102783,-0.3156753480434418,4.317616939544678,-0.38213592767715454
204.7259979248047,0.0,0.0,0.0,1.9914299249649048,-0.1756589412689209,0.53802090883255,2.0739822387695312,0.6768661737442017
247.91799926757812,0.0,0.0,0.0,3.386826992034912,0.3315136730670929,-0.39636898040771484,3.9472014904022217,-0.4195784330368042
936.1099853515625,0.0,0.0,0.0,2.584726572036743,-0.20100992918014526,0.3808424770832062,3.1415188312530518,0.5550733208656311
610.4340209960938,0.0,0.0,0.0,4.280497074127197,-0.4603772759437561,0.34529387950897217,4.141312599182129,0.37868160009384155
894.8900146484375,0.0,0.0,0.0,4.115561485290527,0.5019257068634033,-0.5300281047821045,4.1578264236450195,-0.6382570266723633
532.5540161132812,0.0,0.0,0.0,2.714972972869873,0.3461586534976959,-0.5753642916679382,2.999863624572754,-0.7094568014144897
395.4700012207031,0.0,0.0,0.0,4.262048721313477,0.35865965485572815,-0.21458418667316437,4.505368709564209,-0.28038647770881653
707.677978515625,0.0,0.0,0.0,4.6354217529296875,-0.2709728181362152,0.17046236991882324,4.7150373458862305,0.2535327672958374
564.1900024414062,0.0,0.0,0.0,2.4419150352478027,0.35512250661849976,-0.6269036531448364,2.914032220840454,-0.8017674684524536
179.64999389648438,0.0,0.0,0.0,1.650450348854065,-0.11097293347120285,0.4341717064380646,1.8769675493240356,0.6152215003967285
94.05799865722656,0.0,0.0,0.0,4.516115188598633,0.07971718162298203,0.053790707141160965,4.548264026641846,0.0006539003225043416
691.2739868164062,0.0,0.0,0.0,2.438838243484497,0.22341179847717285,-0.4840799868106842,2.6765522956848145,-0.5249432921409607
754.8820190429688,0.0,0.0,0.0,4.6593146324157715,0.28409576416015625,-0.21230946481227875,4.565337657928467,-0.17121508717536926
507.7179870605469,0.0,0.0,0.0,3.14430570602417,0.3279181122779846,-0.3972000479698181,3.242511510848999,-0.5227373242378235
338.5899963378906,0.0,0.0,0.0,4.6700239181518555,-0.33189815282821655,0.24672077596187592,4.632111072540283,0.35209691524505615
646.9420166015625,0.0,0.0,0.0,4.633448123931885,-0.09283275157213211,0.09953880310058594,5.102176666259766,0.06293609738349915
227.95799255371094,0.0,0.0,0.0,3.921154260635376,0.48197799921035767,-0.4075239598751068,4.152015209197998,-0.45441535115242004
622.0859985351562,0.0,0.0,0.0,4.108999729156494,-0.4229801297187805,0.33719727396965027,4.61016845703125,0.3575277626514435
639.1019897460938,0.0,0.0,0.0,3.323643684387207,-0.26434412598609924,0.2726454734802246,3.4572389125823975,0.38156360387802124
596.1820068359375,0.0,0.0,0.0,3.365217924118042,-0.24641750752925873,0.32057467103004456,3.539555311203003,0.3765086531639099
631.7139892578125,0.0,0.0,0.0,2.7262797355651855,-0.08844690024852753,0.0019455192377790809,2.55253529548645,0.06650124490261078
915.530029296875,0.0,0.0,0.0,4.371615886688232,0.25750207901000977,-0.16829600930213928,4.855665683746338,-0.14677640795707703
858.3060302734375,0.0,0.0,0.0,4.637763023376465,-0.11243577301502228,0.06824842095375061,5.065816402435303,0.0872863382101059
357.84600830078125,0.0,0.0,0.0,2.822157382965088,-0.017865343019366264,0.027272680774331093,2.706803798675537,0.03786833956837654
467.12200927734375,0.0,0.0,0.0,4.166700839996338,-0.3541629910469055,0.27588871121406555,4.45059061050415,0.28409770131111145
690.2059936523438,0.0,0.0,0.0,1.8257194757461548,0.15570680797100067,-0.5150365829467773,2.118032455444336,-0.5568355917930603
905.9539794921875,0.0,0.0,0.0,3.4261980056762695,0.4744310975074768,-0.5410668849945068,3.727443218231201,-0.5280353426933289
362.989990234375,0.0,0.0,0.0,2.480337619781494,0.27975037693977356,-0.4760337471961975,2.719156265258789,-0.6377911567687988
637.4459838867188,0.0,0.0,0.0,2.933434009552002,-0.12787264585494995,0.12157044559717178,2.925079345703125,0.241670623421669
670.3699951171875,0.0,0.0,0.0,3.680732488632202,-0.3374239206314087,0.3121533691883087,3.9871468544006348,0.32243451476097107
596.0780029296875,0.0,0.0,0.0,3.3257293701171875,-0.24276281893253326,0.2860453128814697,3.547138214111328,0.3771742880344391
176.91799926757812,0.0,0.0,0.0,1.6792755126953125,-0.11594996601343155,0.45557916164398193,1.7491549253463745,0.5068869590759277
209.3419952392578,0.0,0.0,0.0,1.8617746829986572,-0.1867297887802124,0.573139488697052,2.1489739418029785,0.7393028736114502
702.8179931640625,0.0,0.0,0.0,4.610953330993652,0.19993223249912262,-0.11289114505052567,4.599299430847168,-0.10819664597511292
976.0339965820312,0.0,0.0,0.0,2.6860973834991455,0.3299162983894348,-0.5182575583457947,2.801041841506958,-0.587040364742279
167.2899932861328,0.0,0.0,0.0,4.3228325843811035,-0.4711347818374634,0.3545891344547272,4.6373186111450195,0.40368449687957764
856.4340209960938,0.0,0.0,0.0,4.65037202835083,-0.1643492877483368,0.08552443981170654,5.069138050079346,0.13592402637004852
621.4140014648438,0.0,0.0,0.0,3.8463075160980225,-0.4830397963523865,0.4459066390991211,4.257683277130127,0.4114573001861572
824.2659912109375,0.0,0.0,0.0,4.656557083129883,0.04935064539313316,-0.02168557420372963,4.813533782958984,-0.0034111589193344116
821.1019897460938,0.0,0.0,0.0,4.506111145019531,0.3656425178050995,-0.3125744163990021,4.751206398010254,-0.17130322754383087
548.9180297851562,0.0,0.0,0.0,1.7806267738342285,-0.17792168259620667,0.5734195709228516,1.8488595485687256,0.6675406694412231
508.9219970703125,0.0,0.0,0.0,3.379328489303589,0.32636475563049316,-0.32915589213371277,3.776486873626709,-0.4048023819923401
573.7860107421875,0.0,0.0,0.0,4.2499308586120605,0.4651835560798645,-0.32217395305633545,4.32737922668457,-0.448189377784729
386.3699951171875,0.0,0.0,0.0,4.575411319732666,-0.010170137509703636,-0.0902603417634964,4.670893669128418,0.007065975107252598
341.6820068359375,0.0,0.0,0.0,3.995443344116211,-0.4945829212665558,0.4577503204345703,4.187191963195801,0.5094001889228821
993.010009765625,0.0,0.0,0.0,4.078300476074219,0.44888821244239807,-0.4968266487121582,4.032730579376221,-0.6098350286483765
540.1179809570312,0.0,0.0,0.0,1.8076781034469604,0.21772707998752594,-0.6994448304176331,1.9780776500701904,-0.7057667374610901
665.2780151367188,0.0,0.0,0.0,4.682318210601807,0.22930651903152466,-0.08448614925146103,4.947055816650391,-0.12247591465711594
965.1420288085938,0.0,0.0,0.0,3.3136258125305176,-0.4373011291027069,0.5401706099510193,3.7318968772888184,0.6939955949783325
420.57000732421875,0.0,0.0,0.0,4.434570789337158,0.2952653467655182,-0.18152481317520142,4.781322956085205,-0.2414669543504715
942.7659912109375,0.0,0.0,0.0,4.640684604644775,0.1898990124464035,-0.1419845074415207,4.940090656280518,-0.0869801864027977
161.85400390625,0.0,0.0,0.0,4.512038707733154,-0.23891997337341309,0.16076958179473877,4.63809871673584,0.2666008174419403
313.25,0.0,0.0,0.0,4.525109767913818,-0.26421859860420227,0.1751566082239151,4.849410057067871,0.19576650857925415
962.1179809570312,0.0,0.0,0.0,4.433437347412109,-0.4081742465496063,0.225169837474823,4.718395709991455,0.22862787544727325
480.10198974609375,0.0,0.0,0.0,4.3393402099609375,0.21069912612438202,-0.11104822158813477,4.4118876457214355,-0.15078553557395935
334.6820068359375,0.0,0.0,0.0,4.778514862060547,0.0799231007695198,-0.04397276043891907,5.101241111755371,-0.031411003321409225
555.7100219726562,0.0,0.0,0.0,1.9899983406066895,-0.18115945160388947,0.6050079464912415,2.128265142440796,0.515978217124939
220.57400512695312,0.0,0.0,0.0,3.25822114944458,0.36238351464271545,-0.4819081723690033,3.4734928607940674,-0.48484480381011963
236.6060028076172,0.0,0.0,0.0,4.692022323608398,0.03660299628973007,-0.004833357408642769,4.835147380828857,-0.02982410043478012
779.1019897460938,0.0,0.0,0.0,3.254150390625,0.40428227186203003,-0.49610796570777893,3.55348539352417,-0.5656680464744568
318.3380126953125,0.0,0.0,0.0,4.662892818450928,-0.11717797815799713,0.048291467130184174,4.868009090423584,0.10177280753850937
295.6419982910156,0.0,0.0,0.0,4.569950580596924,-0.014637738466262817,0.04871675744652748,4.835940837860107,0.00996813178062439
390.406005859375,0.0,0.0,0.0,3.390979528427124,0.3914473354816437,-0.4761158525943756,3.6093859672546387,-0.4984436333179474
288.72198486328125,0.0,0.0,0.0,4.606582164764404,-0.26102834939956665,0.10491030663251877,4.707732200622559,0.19207240641117096
316.24200439453125,0.0,0.0,0.0,4.68573522567749,-0.25943177938461304,0.1539592146873474,4.732858657836914,0.18519051373004913
754.3060302734375,0.0,0.0,0.0,4.673483371734619,0.2558990716934204,-0.11326541006565094,4.767714977264404,-0.08427117019891739
379.1499938964844,0.0,0.0,0.0,3.820035219192505,-0.49769341945648193,0.42206475138664246,3.820688009262085,0.5436971783638
313.9179992675781,0.0,0.0,0.0,4.615392208099365,-0.2506987154483795,0.1385214477777481,4.7403998374938965,0.18200235068798065
559.333984375,0.0,0.0,0.0,4.40444278717041,-0.3028121292591095,0.21256856620311737,4.747306823730469,0.249012291431427
579.5819702148438,0.0,0.0,0.0,4.094021320343018,0.5198855400085449,-0.34780606627464294,4.244437217712402,-0.496250718832016
835.1420288085938,0.0,0.0,0.0,4.338644981384277,0.46025797724723816,-0.35046514868736267,4.579916000366211,-0.4207228422164917
174.41799926757812,0.0,0.0,0.0,2.889704942703247,-0.3031991720199585,0.44770219922065735,2.5607926845550537,0.5075578093528748
448.6419982910156,0.0,0.0,0.0,4.046643257141113,-0.36944547295570374,0.23405733704566956,4.156054496765137,0.24935825169086456
222.8179931640625,0.0,0.0,0.0,4.087267875671387,0.3179399073123932,-0.2432146817445755,4.301614761352539,-0.30256515741348267
735.9340209960938,0.0,0.0,0.0,3.25146746635437,0.4361867606639862,-0.5143710374832153,3.386216878890991,-0.4958597421646118
858.510009765625,0.0,0.0,0.0,4.718701362609863,-0.10769023001194,0.014688024297356606,4.8140950202941895,-0.060518778860569
673.8779907226562,0.0,0.0,0.0,3.8797383308410645,-0.438120573759079,0.4361691176891327,3.8823492527008057,0.47333937883377075
593.8499755859375,0.0,0.0,0.0,1.992203950881958,-0.06046178191900253,0.2687374949455261,2.3435447216033936,0.31697556376457214
910.0700073242188,0.0,0.0,0.0,4.474053382873535,0.15376165509223938,-0.07890647649765015,4.990671157836914,-0.0722418799996376
916.677978515625,0.0,0.0,0.0,4.212883949279785,0.446976900100708,-0.40277591347694397,4.336170196533203,-0.42942821979522705
103.80999755859375,0.0,0.0,0.0,3.204293966293335,0.4230722188949585,-0.5447202324867249,3.192457437515259,-0.6459670662879944
198.0500030517578,0.0,0.0,0.0,2.168417453765869,-0.21707062423229218,0.5506467223167419,2.3092358112335205,0.6427726149559021
257.48199462890625,0.0,0.0,0.0,3.4323384761810303,0.23648793995380402,-0.2522194981575012,3.395718812942505,-0.29091042280197144
557.1220092773438,0.0,0.0,0.0,3.013784408569336,-0.3121781647205353,0.513838529586792,3.161851406097412,0.4956740736961365
925.4459838867188,0.0,0.0,0.0,3.584088087081909,-0.48057711124420166,0.4981040060520172,3.9511189460754395,0.6710014343261719
419.2980041503906,0.0,0.0,0.0,4.17030668258667,0.43156689405441284,-0.35868459939956665,4.53242301940918,-0.38281211256980896
973.47802734375,0.0,0.0,0.0,4.719289779663086,0.010023580864071846,0.012487283907830715,4.630383014678955,-0.030403852462768555
887.7459716796875,0.0,0.0,0.0,4.496287822723389,0.1792883276939392,-0.13687764108181,4.5940985679626465,-0.16353067755699158
171.66200256347656,0.0,0.0,0.0,4.290177345275879,-0.2528514564037323,0.3563249707221985,3.7221827507019043,0.49844110012054443
764.4660034179688,0.0,0.0,0.0,4.4361701011657715,0.18574519455432892,-0.13933125138282776,4.682266712188721,-0.07504980266094208
483.7300109863281,0.0,0.0,0.0,2.332301139831543,0.2691475749015808,-0.6039206385612488,2.5312423706054688,-0.7431782484054565
560.3699951171875,0.0,0.0,0.0,4.586653709411621,-0.16773425042629242,0.08835577964782715,4.529171943664551,0.16433805227279663
349.6059875488281,0.0,0.0,0.0,4.46147346496582,-0.26112157106399536,0.17134180665016174,4.771406650543213,0.241066113114357
638.9459838867188,0.0,0.0,0.0,3.2932565212249756,-0.25444892048835754,0.30361759662628174,3.39858341217041,0.3136538565158844
84.61399841308594,0.0,0.0,0.0,3.9116733074188232,0.2992246150970459,-0.2776793837547302,4.507631301879883,-0.24194662272930145
313.8380126953125,0.0,0.0,0.0,4.605340957641602,-0.2613949179649353,0.15667463839054108,4.803365230560303,0.1356021612882614
218.42599487304688,0.0,0.0,0.0,2.632197856903076,0.19819948077201843,-0.33772778511047363,2.865391969680786,-0.424468994140625
558.1019897460938,0.0,0.0,0.0,3.7100465297698975,-0.38157403469085693,0.423363596200943,4.2721171379089355,0.5159985423088074
822.2379760742188,0.0,0.0,0.0,4.583952903747559,0.22384323179721832,-0.15494896471500397,4.879390716552734,-0.18381331861019135
140.25799560546875,0.0,0.0,0.0,3.5699386596679688,0.3957563042640686,-0.3890632092952728,4.014422416687012,-0.4708356261253357
276.8500061035156,0.0,0.0,0.0,1.702677607536316,-0.05579191446304321,0.28527671098709106,1.9224987030029297,0.28341585397720337
689.2659912109375,0.0,0.0,0.0,1.6878365278244019,0.1295008808374405,-0.4363653361797333,1.7662701606750488,-0.5434062480926514
939.7420043945312,0.0,0.0,0.0,4.390998840332031,-0.20988084375858307,0.08439653366804123,4.573829650878906,0.15750716626644135
325.9540100097656,0.0,0.0,0.0,4.602758884429932,-0.3276897668838501,0.2072128802537918,4.898271083831787,0.3145488500595093
638.27001953125,0.0,0.0,0.0,3.2011702060699463,-0.18687079846858978,0.19634975492954254,3.4665958881378174,0.20920729637145996
167.45799255371094,0.0,0.0,0.0,4.35979700088501,-0.4720834791660309,0.34036579728126526,4.802273750305176,0.36934539675712585
907.0499877929688,0.0,0.0,0.0,3.8291025161743164,0.444672554731369,-0.3704647421836853,4.206853866577148,-0.49207526445388794
382.3179931640625,0.0,0.0,0.0,4.63774299621582,-0.14120951294898987,0.011425661854445934,4.6246747970581055,-0.07130720466375351
875.177978515625,0.0,0.0,0.0,3.8668410778045654,-0.05542566254734993,0.043111927807331085,3.503519058227539,-0.07431929558515549
892.8579711914062,0.0,0.0,0.0,4.165185451507568,0.46281254291534424,-0.4667588174343109,4.055257797241211,-0.5364973545074463
467.01800537109375,0.0,0.0,0.0,4.198873996734619,-0.3519931733608246,0.2839023172855377,4.657242774963379,0.2559240460395813
855.8779907226562,0.0,0.0,0.0,4.547025680541992,-0.22803650796413422,0.1193675771355629,4.875912666320801,0.11457789689302444
986.7100219726562,0.0,0.0,0.0,4.7563676834106445,-0.013520702719688416,0.010517031885683537,5.106733798980713,-0.047418732196092606
884.9500122070312,0.0,0.0,0.0,4.454615592956543,0.2839484214782715,-0.18442924320697784,4.593009948730469,-0.25639796257019043
765.010009765625,0.0,0.0,0.0,4.575960159301758,0.1334894746541977,-0.049147818237543106,4.561811923980713,-0.1378554105758667
644.72998046875,0.0,0.0,0.0,4.414259433746338,-0.33210113644599915,0.19148918986320496,4.666162490844727,0.19107627868652344
607.1539916992188,0.0,0.0,0.0,4.364144325256348,-0.45669639110565186,0.27892738580703735,4.4726243019104,0.32388630509376526
216.58599853515625,0.0,0.0,0.0,2.5211257934570312,-0.006360397208482027,-0.06031718850135803,2.5963850021362305,-0.1080750897526741
518.27001953125,0.0,0.0,0.0,4.31895637512207,0.21078674495220184,-0.0680927112698555,4.2961883544921875,-0.17096549272537231
899.0859985351562,0.0,0.0,0.0,2.470353364944458,0.3399010896682739,-0.6251592636108398,2.7247560024261475,-0.7434681057929993
292.57000732421875,0.0,0.0,0.0,4.585262298583984,-0.09761623293161392,6.913027027621865e-05,4.684223651885986,0.00768037885427475
939.114013671875,0.0,0.0,0.0,4.162384510040283,-0.28341740369796753,0.18681806325912476,4.053211688995361,0.15075841546058655
136.45799255371094,0.0,0.0,0.0,4.636541366577148,0.061400070786476135,0.03136872127652168,4.80308723449707,-0.0714840516448021
594.7100219726562,0.0,0.0,0.0,2.434778928756714,-0.14871323108673096,0.3321855068206787,2.841369390487671,0.3725123405456543
538.3300170898438,0.0,0.0,0.0,2.0656790733337402,0.30843067169189453,-0.7766691446304321,2.1466495990753174,-0.8583583831787109
354.8380126953125,0.0,0.0,0.0,4.623534202575684,-0.053679972887039185,0.04823453351855278,4.522138595581055,0.032527875155210495
621.6380004882812,0.0,0.0,0.0,3.9628684520721436,-0.4558522701263428,0.3915715217590332,4.3043718338012695,0.46308788657188416
269.0539855957031,0.0,0.0,0.0,1.8536920547485352,0.16002961993217468,-0.5201104283332825,1.821629524230957,-0.4853742718696594
792.7540283203125,0.0,0.0,0.0,2.491337537765503,-0.31835076212882996,0.6765123605728149,2.5609357357025146,0.6763971447944641
615.0900268554688,0.0,0.0,0.0,3.0353589057922363,-0.4098159968852997,0.5622376203536987,3.2500662803649902,0.7002400755882263
654.302001953125,0.0,0.0,0.0,3.881582498550415,0.4889589548110962,-0.4761580228805542,3.696776866912842,-0.5257306098937988
425.6499938964844,0.0,0.0,0.0,4.251035213470459,-0.2733859121799469,0.30972757935523987,3.7909624576568604,0.40114662051200867
864.8140258789062,0.0,0.0,0.0,4.472594261169434,-0.16825120151042938,0.08681084215641022,4.9052252769470215,0.14179913699626923
645.2020263671875,0.0,0.0,0.0,4.364252090454102,-0.2232423722743988,0.11854425817728043,4.675464153289795,0.2037981003522873
767.4660034179688,0.0,0.0,0.0,4.73184061050415,0.006929050665348768,-0.05605922266840935,4.752053260803223,0.07455944269895554
985.3460083007812,0.0,0.0,0.0,4.762947082519531,0.06045489385724068,0.01944553107023239,4.866398334503174,0.04015592485666275
786.06201171875,0.0,0.0,0.0,2.6098690032958984,-0.10133420675992966,0.2598380446434021,2.6131794452667236,0.2056325525045395
779.3820190429688,0.0,0.0,0.0,3.383713483810425,0.43129146099090576,-0.4989447593688965,3.7791366577148438,-0.5671294927597046
472.1659851074219,0.0,0.0,0.0,4.503498554229736,0.10357733815908432,-0.22440727055072784,4.3563761711120605,-0.2497768998146057
574.2420043945312,0.0,0.0,0.0,4.271636486053467,0.4777383804321289,-0.38710859417915344,4.442713260650635,-0.32107970118522644
878.9099731445312,0.0,0.0,0.0,1.956128716468811,-0.15878340601921082,0.4583197832107544,2.1329660415649414,0.5461405515670776
617.9140014648438,0.0,0.0,0.0,4.149397850036621,-0.38409996032714844,0.2885897159576416,4.597842216491699,0.39660894870758057
557.5700073242188,0.0,0.0,0.0,3.2585418224334717,-0.3494842052459717,0.44411948323249817,3.7939813137054443,0.49624383449554443
827.0859985351562,0.0,0.0,0.0,4.7419610023498535,0.0992307960987091,-0.12526829540729523,4.826577186584473,-0.28598347306251526
371.24200439453125,0.0,0.0,0.0,4.429243564605713,0.33188486099243164,-0.2514629065990448,4.573598861694336,-0.339974969625473
810.9420166015625,0.0,0.0,0.0,4.046724796295166,0.3194015920162201,-0.2744629979133606,4.284326076507568,-0.29179438948631287
177.57400512695312,0.0,0.0,0.0,1.6183236837387085,-0.11641959846019745,0.4590936601161957,1.784374475479126,0.469544917345047
414.6059875488281,0.0,0.0,0.0,3.939298629760742,0.48594072461128235,-0.5653703808784485,4.2326178550720215,-0.5659428238868713
83.9260025024414,0.0,0.0,0.0,3.6926774978637695,0.31468895077705383,-0.27470719814300537,3.9703211784362793,-0.3170609772205353
359.0459899902344,0.0,0.0,0.0,2.1070287227630615,-0.009733494371175766,-0.0547560378909111,2.2719972133636475,-0.08989468216896057
877.8099975585938,0.0,0.0,0.0,1.6765248775482178,-0.1284501552581787,0.44888123869895935,1.8235280513763428,0.5485753417015076
219.79800415039062,0.0,0.0,0.0,3.433414936065674,0.2431071400642395,-0.28482556343078613,3.6021087169647217,-0.40657472610473633
386.885986328125,0.0,0.0,0.0,4.524789333343506,0.011542577296495438,-0.02218668907880783,4.667923927307129,0.04104432836174965
110.24199676513672,0.0,0.0,0.0,2.9761669635772705,0.41969844698905945,-0.6578141450881958,3.068817377090454,-0.7720173001289368
185.32200622558594,0.0,0.0,0.0,2.2595508098602295,-0.11399710178375244,0.18125955760478973,2.2415809631347656,0.25995901226997375
171.4219970703125,0.0,0.0,0.0,4.565159320831299,-0.1023060753941536,0.1320875585079193,4.343678951263428,0.28727537393569946
744.8419799804688,0.0,0.0,0.0,3.1308493614196777,0.3489091694355011,-0.49624103307724,3.5802254676818848,-0.570186197757721
806.510009765625,0.0,0.0,0.0,2.6832454204559326,-0.2211718112230301,0.3843618631362915,3.2059600353240967,0.2692797780036926
524.0020141601562,0.0,0.0,0.0,3.7904412746429443,0.429019033908844,-0.43830931186676025,3.887334108352661,-0.4207301437854767
262.8500061035156,0.0,0.0,0.0,4.52089786529541,0.04047657549381256,-0.007140661124140024,4.916602611541748,-0.005119002889841795
706.2459716796875,0.0,0.0,0.0,4.763405799865723,0.03948618471622467,-0.0016499162884429097,4.976419925689697,-0.05365144461393356
809.3900146484375,0.0,0.0,0.0,4.2981743812561035,0.016155438497662544,-0.029523244127631187,4.550327301025391,-0.02423202432692051
474.6940002441406,0.0,0.0,0.0,3.4436702728271484,0.42163410782814026,-0.5232855081558228,3.6788973808288574,-0.508862316608429
415.1180114746094,0.0,0.0,0.0,3.8073222637176514,0.49909549951553345,-0.46893310546875,4.135629653930664,-0.5596218705177307
482.2860107421875,0.0,0.0,0.0,4.206523895263672,0.07177205383777618,-0.09598767012357712,4.010783672332764,-0.24015861749649048
525.5180053710938,0.0,0.0,0.0,2.839205503463745,0.4931180775165558,-0.7321499586105347,2.800034284591675,-0.7574443817138672
732.1019897460938,0.0,0.0,0.0,4.5568413734436035,0.11751086264848709,-0.209134042263031,4.016778469085693,-0.30035755038261414
561.0859985351562,0.0,0.0,0.0,4.273545742034912,0.10262799263000488,-0.37549710273742676,3.4594101905822754,-0.3608769178390503
745.9140014648438,0.0,0.0,0.0,3.7514350414276123,0.3923228681087494,-0.3676520586013794,4.261957168579102,-0.3720332682132721
721.8179931640625,0.0,0.0,0.0,4.520309925079346,-0.27014783024787903,0.19308951497077942,4.8227081298828125,0.2573445439338684
439.7860107421875,0.0,0.0,0.0,2.6149137020111084,-0.22405554354190826,0.4436710476875305,3.0090670585632324,0.48134589195251465
758.47802734375,0.0,0.0,0.0,4.443725109100342,0.3033612072467804,-0.21699154376983643,4.857321262359619,-0.2843656837940216
895.3499755859375,0.0,0.0,0.0,3.5723674297332764,0.6136171817779541,-0.7203178405761719,3.154054880142212,-0.7870753407478333
877.9099731445312,0.0,0.0,0.0,1.6985595226287842,-0.13211652636528015,0.46433472633361816,1.9764271974563599,0.5747604370117188
327.3580017089844,0.0,0.0,0.0,4.56527853012085,-0.2579854726791382,0.14078347384929657,4.78327751159668,0.226837620139122
932.0859985351562,0.0,0.0,0.0,4.5313615798950195,0.04533502086997032,-0.037198372185230255,4.643953800201416,-0.10505351424217224
138.64999389648438,0.0,0.0,0.0,2.684255361557007,0.3552374541759491,-0.619091808795929,2.9211225509643555,-0.6308534741401672
681.7420043945312,0.0,0.0,0.0,4.4731645584106445,0.23451191186904907,-0.21925513446331024,4.445504665374756,-0.1837003231048584
303.6940002441406,0.0,0.0,0.0,4.597602844238281,-0.38979125022888184,0.27239200472831726,4.516557216644287,0.21611297130584717
341.1180114746094,0.0,0.0,0.0,4.342306137084961,-0.3744691014289856,0.34556999802589417,4.023667812347412,0.41890639066696167
984.2979736328125,0.0,0.0,0.0,4.737953186035156,0.06407654285430908,-0.030903857201337814,4.971122741699219,-0.08015420287847519
996.677978515625,0.0,0.0,0.0,4.384855270385742,0.302369624376297,-0.18797838687896729,4.7617082595825195,-0.18703900277614594
830.1220092773438,0.0,0.0,0.0,4.594771862030029,0.26254573464393616,-0.18480554223060608,4.794673919677734,-0.3285619914531708
195.92599487304688,0.0,0.0,0.0,4.040163516998291,-0.02348809316754341,0.03753254562616348,3.9018280506134033,0.0001874906156444922
121.48600006103516,0.0,0.0,0.0,4.652447700500488,0.10832840204238892,-0.017016464844346046,4.855973243713379,-0.10151544213294983
430.6419982910156,0.0,0.0,0.0,3.662074565887451,-0.17240530252456665,0.1446978747844696,3.7724971771240234,0.1998843103647232
804.197998046875,0.0,0.0,0.0,1.978445291519165,-0.23472894728183746,0.7603810429573059,2.137373924255371,0.8735658526420593
423.34600830078125,0.0,0.0,0.0,4.715872764587402,0.08319813758134842,-0.0842059776186943,5.010837078094482,0.013921490870416164
688.4539794921875,0.0,0.0,0.0,1.565935730934143,0.10409050434827805,-0.42650550603866577,1.8406994342803955,-0.5516998171806335
345.8500061035156,0.0,0.0,0.0,3.695920705795288,-0.43988990783691406,0.426188200712204,4.075124263763428,0.523350179195404
275.0740051269531,0.0,0.0,0.0,1.6267009973526,-0.034410569816827774,0.07302022725343704,1.579645037651062,0.1098572239279747
791.177978515625,0.0,0.0,0.0,1.986345887184143,-0.167491152882576,0.5290959477424622,1.9858187437057495,0.5472986698150635
985.2219848632812,0.0,0.0,0.0,4.779072284698486,0.07860193401575089,-0.012850475497543812,4.696277618408203,-0.006919181905686855
230.70599365234375,0.0,0.0,0.0,4.070132255554199,0.45029816031455994,-0.3467710316181183,4.448458194732666,-0.4272974729537964
817.9299926757812,0.0,0.0,0.0,3.068455457687378,0.40868377685546875,-0.5244520902633667,3.690157413482666,-0.7516578435897827
286.6099853515625,0.0,0.0,0.0,4.30079984664917,-0.5140424966812134,0.4018946886062622,4.54798698425293,0.38505953550338745
986.4660034179688,0.0,0.0,0.0,4.792819023132324,-0.02470947988331318,0.02284609153866768,4.864954948425293,-0.032458774745464325
416.6780090332031,0.0,0.0,0.0,4.174449443817139,0.39357754588127136,-0.28468888998031616,4.547337055206299,-0.3482000529766083
543.9140014648438,0.0,0.0,0.0,1.6360763311386108,-0.09878311306238174,0.3098783791065216,1.9236644506454468,0.42672425508499146
810.1099853515625,0.0,0.0,0.0,4.277795791625977,0.10590960830450058,-0.1537531465291977,4.383946895599365,-0.3016057312488556
157.78599548339844,0.0,0.0,0.0,4.360879898071289,-0.3945576250553131,0.2670985758304596,4.346606731414795,0.43338125944137573
769.8820190429688,0.0,0.0,0.0,4.772529602050781,0.024075886234641075,0.02515983209013939,4.896833896636963,0.12887239456176758
266.34600830078125,0.0,0.0,0.0,4.679462909698486,0.03800303861498833,-0.024564214050769806,4.25173282623291,0.007918736897408962
222.70599365234375,0.0,0.0,0.0,4.117672920227051,0.32913461327552795,-0.1727602779865265,4.0818257331848145,-0.327656090259552
330.5140075683594,0.0,0.0,0.0,4.617367267608643,-0.3449738919734955,0.2172013223171234,4.5252532958984375,0.20874200761318207
763.25,0.0,0.0,0.0,4.164737224578857,0.3311275243759155,-0.2640928030014038,4.48699951171875,-0.2551838755607605
645.8820190429688,0.0,0.0,0.0,4.567445278167725,-0.12689709663391113,0.0331696942448616,4.862173557281494,0.03929056599736214
805.5419921875,0.0,0.0,0.0,2.0056192874908447,-0.22742702066898346,0.6785542964935303,2.2260079383850098,0.7436684966087341
542.3740234375,0.0,0.0,0.0,1.350340485572815,-0.0395042821764946,0.20197317004203796,1.5541088581085205,0.27390727400779724
681.926025390625,0.0,0.0,0.0,4.441167831420898,0.27313295006752014,-0.26026660203933716,4.638216495513916,-0.22437652945518494
463.72601318359375,0.0,0.0,0.0,2.4355998039245605,-0.31092461943626404,0.6454216241836548,2.530712842941284,0.726008415222168
778.0819702148438,0.0,0.0,0.0,2.891319751739502,0.43218860030174255,-0.6297203898429871,3.0467000007629395,-0.7461428046226501
164.697998046875,0.0,0.0,0.0,4.412591457366943,-0.34003984928131104,0.24722975492477417,4.492234230041504,0.23838840425014496
175.18600463867188,0.0,0.0,0.0,2.1363108158111572,-0.20991449058055878,0.5073891878128052,2.1243739128112793,0.6127579808235168
853.2940063476562,0.0,0.0,0.0,4.149191379547119,-0.495080828666687,0.4374212920665741,4.082788944244385,0.425664484500885
596.6900024414062,0.0,0.0,0.0,3.5537924766540527,-0.26720231771469116,0.27971336245536804,3.724910020828247,0.33797311782836914
166.58599853515625,0.0,0.0,0.0,4.194741249084473,-0.4672853946685791,0.3771323263645172,4.2417192459106445,0.3846691846847534
991.030029296875,0.0,0.0,0.0,4.351195812225342,0.3551195561885834,-0.33796846866607666,4.591851234436035,-0.4083951413631439
508.04998779296875,0.0,0.0,0.0,3.0999581813812256,0.3279500901699066,-0.40200313925743103,3.6423964500427246,-0.5577430129051208
727.0859985351562,0.0,0.0,0.0,4.5362019538879395,-0.2085908204317093,0.07277648150920868,4.896047115325928,0.08542907983064651
294.2980041503906,0.0,0.0,0.0,4.57155179977417,-0.009070457890629768,-0.05057161673903465,4.523266315460205,-0.0938551053404808
614.8140258789062,0.0,0.0,0.0,2.9495725631713867,-0.4283186197280884,0.6162155270576477,3.1964871883392334,0.6454597115516663
643.8060302734375,0.0,0.0,0.0,4.07904577255249,-0.4340762495994568,0.3763209879398346,4.454352378845215,0.4038412272930145
548.47802734375,0.0,0.0,0.0,1.7910704612731934,-0.17652161419391632,0.6313076615333557,1.7706478834152222,0.6131645441055298
68.22200012207031,0.0,0.0,0.0,3.0345494747161865,0.10670545697212219,-0.061467450112104416,3.3456101417541504,-0.1252238005399704
907.1420288085938,0.0,0.0,0.0,3.877234935760498,0.4320058822631836,-0.39899301528930664,4.297639846801758,-0.3137243986129761
923.2340087890625,0.0,0.0,0.0,3.7416932582855225,-0.37858012318611145,0.26152941584587097,4.119791030883789,0.3016544580459595
643.9500122070312,0.0,0.0,0.0,4.127615928649902,-0.44188299775123596,0.35370275378227234,4.330288410186768,0.3736950159072876
680.3460083007812,0.0,0.0,0.0,4.423989295959473,-0.2607869803905487,0.16847558319568634,4.787943363189697,0.2097986489534378
164.81399536132812,0.0,0.0,0.0,4.384734153747559,-0.3206930458545685,0.2469490021467209,4.749475955963135,0.2127644270658493
323.3739929199219,0.0,0.0,0.0,4.735801696777344,-0.2846783995628357,0.1938849240541458,4.788010120391846,0.2661020755767822
806.0900268554688,0.0,0.0,0.0,2.2471253871917725,-0.23877160251140594,0.5408962965011597,2.675016164779663,0.5507439970970154
993.4660034179688,0.0,0.0,0.0,3.665322780609131,0.5358030200004578,-0.5303499102592468,3.4840919971466064,-0.6134743690490723
728.9459838867188,0.0,0.0,0.0,4.804284572601318,-0.06692466139793396,0.06167856603860855,4.752696990966797,0.03427845984697342
699.7100219726562,0.0,0.0,0.0,3.5604116916656494,0.45956453680992126,-0.4997522532939911,4.153400897979736,-0.5291152000427246
730.1099853515625,0.0,0.0,0.0,4.759704113006592,0.03071500174701214,-0.025709832087159157,5.264642715454102,-0.025599850341677666
950.1220092773438,0.0,0.0,0.0,4.661840915679932,-0.19257067143917084,0.11588004976511002,4.8276543617248535,0.13589359819889069
850.2860107421875,0.0,0.0,0.0,3.924450635910034,-0.4577765464782715,0.42240387201309204,4.028201580047607,0.5030391216278076
792.2940063476562,0.0,0.0,0.0,2.3805148601531982,-0.23395805060863495,0.5992136597633362,2.3904173374176025,0.6328696608543396
1000.75,0.0,0.0,0.0,3.3417887687683105,0.003943712916225195,-0.008016814477741718,3.268117904663086,-0.006350997369736433
147.5540008544922,0.0,0.0,0.0,2.184990882873535,-0.2637380361557007,0.5653599500656128,2.1711666584014893,0.6115772724151611
388.34600830078125,0.0,0.0,0.0,4.655509948730469,-0.0116096967831254,-0.04283173009753227,4.408391952514648,-0.10430481284856796
924.3779907226562,0.0,0.0,0.0,4.076401710510254,-0.3723873496055603,0.33634454011917114,3.967547655105591,0.6036223769187927
486.07000732421875,0.0,0.0,0.0,3.273494005203247,0.37985721230506897,-0.5663011074066162,3.735609531402588,-0.5231701135635376
73.71800231933594,0.0,0.0,0.0,4.493485450744629,0.03467002138495445,-0.04655386880040169,4.648741245269775,0.02993009239435196
721.14599609375,0.0,0.0,0.0,4.630984306335449,-0.2933170199394226,0.2184201180934906,4.422423839569092,0.23030191659927368
686.010009765625,0.0,0.0,0.0,3.4433624744415283,0.3747449517250061,-0.5004094243049622,3.6026031970977783,-0.46057239174842834
440.57000732421875,0.0,0.0,0.0,2.8919215202331543,-0.2382635921239853,0.3613680303096771,3.318554639816284,0.38394033908843994
99.24199676513672,0.0,0.0,0.0,4.653592109680176,0.06525427848100662,-0.004728524945676327,4.719020843505859,0.05325065180659294
231.4219970703125,0.0,0.0,0.0,4.170777797698975,0.3694096803665161,-0.28388622403144836,4.569396018981934,-0.2615474760532379
374.5419921875,0.0,0.0,0.0,3.9830868244171143,-0.24320083856582642,0.3236725628376007,3.870208501815796,0.33406805992126465
844.4819946289062,0.0,0.0,0.0,4.682423114776611,0.06663685292005539,-0.05513124540448189,4.433291912078857,0.07468301057815552
963.6380004882812,0.0,0.0,0.0,4.600123405456543,-0.21083520352840424,0.13173960149288177,4.677161693572998,0.12781687080860138
969.885986328125,0.0,0.0,0.0,4.5814900398254395,-0.13546793162822723,0.04894609376788139,4.413643836975098,0.11874863505363464
537.3179931640625,0.0,0.0,0.0,2.6216306686401367,0.4959997832775116,-0.7758404612541199,2.6091673374176025,-0.9225771427154541
309.7619934082031,0.0,0.0,0.0,4.672554969787598,-0.307228684425354,0.16495612263679504,4.772838592529297,0.09842050075531006
752.0780029296875,0.0,0.0,0.0,4.7452592849731445,0.20585347712039948,-0.08243821561336517,4.771916389465332,-0.022759824991226196
559.4500122070312,0.0,0.0,0.0,4.427529811859131,-0.2987564504146576,0.18415085971355438,4.641171455383301,0.1735246330499649
475.1579895019531,0.0,0.0,0.0,3.59507417678833,0.38660281896591187,-0.3914186954498291,4.118657112121582,-0.4550706744194031
301.2820129394531,0.0,0.0,0.0,4.720883369445801,-0.220396488904953,0.13155366480350494,4.788402557373047,0.25481244921684265
700.4420166015625,0.0,0.0,0.0,3.9041571617126465,0.47255703806877136,-0.37391096353530884,4.523482799530029,-0.4761253297328949
339.0539855957031,0.0,0.0,0.0,4.484009265899658,-0.40850234031677246,0.2623332142829895,4.8171491622924805,0.2583739757537842
462.3500061035156,0.0,0.0,0.0,4.011946678161621,-0.2278573215007782,0.3393588364124298,3.3247060775756836,0.5174407958984375
680.9459838867188,0.0,0.0,0.0,4.482964038848877,-0.09054241329431534,-0.051277682185173035,4.661082744598389,-0.13744589686393738
549.781982421875,0.0,0.0,0.0,1.7745329141616821,-0.16570809483528137,0.614241361618042,1.7809038162231445,0.7123293876647949
691.1420288085938,0.0,0.0,0.0,2.3611106872558594,0.20495159924030304,-0.47900480031967163,2.6862380504608154,-0.5533433556556702
485.0820007324219,0.0,0.0,0.0,2.6013143062591553,0.2839105725288391,-0.4796898663043976,3.162721872329712,-0.6978854537010193
153.0540008544922,0.0,0.0,0.0,4.015316963195801,-0.43877577781677246,0.47356921434402466,4.284648418426514,0.5125766396522522
161.3459930419922,0.0,0.0,0.0,4.520015716552734,-0.3118579387664795,0.15224257111549377,4.817749500274658,0.21087510883808136
646.1300048828125,0.0,0.0,0.0,4.637795925140381,-0.0996708944439888,0.08821320533752441,4.64900016784668,0.055058639496564865
89.17400360107422,0.0,0.0,0.0,4.348658084869385,0.3128799498081207,-0.2961806356906891,4.40677547454834,-0.2736181318759918
751.0900268554688,0.0,0.0,0.0,4.5009636878967285,0.23162007331848145,-0.11180944740772247,4.713499069213867,-0.1256951540708542
409.3739929199219,0.0,0.0,0.0,4.654631614685059,0.28533637523651123,-0.1699967384338379,4.9493021965026855,-0.1154775470495224
440.1300048828125,0.0,0.0,0.0,2.72196888923645,-0.23217494785785675,0.37228626012802124,2.923551082611084,0.4356909692287445
546.9140014648438,0.0,0.0,0.0,1.835096001625061,-0.16193117201328278,0.5692297220230103,1.9525648355484009,0.716943085193634
515.27001953125,0.0,0.0,0.0,4.546692371368408,0.041465677320957184,-0.038141340017318726,4.8817219734191895,-0.06934133917093277
846.197998046875,0.0,0.0,0.0,3.3851699829101562,-0.40955111384391785,0.5981919765472412,3.363252639770508,0.5745153427124023
817.4739990234375,0.0,0.0,0.0,2.9575283527374268,0.39570751786231995,-0.5594819784164429,3.170024871826172,-0.6468383073806763
159.20199584960938,0.0,0.0,0.0,3.905510902404785,-0.5250213146209717,0.4786510169506073,4.236416339874268,0.5675053596496582
955.9739990234375,0.0,0.0,0.0,3.9041643142700195,-0.43891146779060364,0.37606745958328247,3.873399019241333,0.47325029969215393
92.91400146484375,0.0,0.0,0.0,4.427732944488525,0.14600245654582977,-0.08016899973154068,4.535844802856445,-0.04182378947734833
367.7340087890625,0.0,0.0,0.0,4.201375484466553,0.39141175150871277,-0.41447174549102783,4.379266738891602,-0.4722803831100464
324.3739929199219,0.0,0.0,0.0,4.53369140625,-0.3444155752658844,0.22114799916744232,4.9622802734375,0.24185380339622498
161.19000244140625,0.0,0.0,0.0,4.494098663330078,-0.3268345594406128,0.19260115921497345,4.764712333679199,0.15574128925800323
553.4340209960938,0.0,0.0,0.0,1.8658260107040405,-0.22499148547649384,0.5970276594161987,1.9105583429336548,0.6450251340866089
820.9979858398438,0.0,0.0,0.0,4.4857025146484375,0.3553326725959778,-0.2532511353492737,4.713956356048584,-0.30830660462379456
894.6339721679688,0.0,0.0,0.0,4.210573196411133,0.4594637155532837,-0.364672988653183,4.089865207672119,-0.4847131371498108
251.8419952392578,0.0,0.0,0.0,4.639247417449951,0.06398330628871918,-0.023520002141594887,5.020636558532715,0.020238647237420082
589.7420043945312,0.0,0.0,0.0,3.8232953548431396,0.4962417483329773,-0.4555394649505615,4.43194580078125,-0.5237359404563904
252.50999450683594,0.0,0.0,0.0,4.689074516296387,0.04462268948554993,-0.02363399788737297,4.653676986694336,-0.05330346152186394
387.9779968261719,0.0,0.0,0.0,4.677395820617676,-0.05405720695853233,-0.05425592139363289,4.692617893218994,0.07959224283695221
407.85400390625,0.0,0.0,0.0,4.622974872589111,0.12649232149124146,-0.03336464986205101,4.5971221923828125,-0.05906715244054794
507.9620056152344,0.0,0.0,0.0,3.0982537269592285,0.32626640796661377,-0.4504587650299072,3.345250368118286,-0.4442673325538635
625.0460205078125,0.0,0.0,0.0,4.6546406745910645,-0.16721387207508087,0.14981070160865784,4.575445652008057,0.07138585299253464
482.8500061035156,0.0,0.0,0.0,3.3066210746765137,0.2700502276420593,-0.38561922311782837,2.830409526824951,-0.49800342321395874
653.4819946289062,0.0,0.0,0.0,4.373323917388916,0.35270583629608154,-0.3818281590938568,4.0659565925598145,-0.4301954507827759
633.2219848632812,0.0,0.0,0.0,2.2091503143310547,0.004014499019831419,-0.024497507140040398,2.443582534790039,-0.06319114565849304
521.1300048828125,0.0,0.0,0.0,4.691788673400879,0.05001530051231384,0.010708671063184738,4.606332302093506,-0.03650476783514023
223.70599365234375,0.0,0.0,0.0,4.371978282928467,0.2399294525384903,-0.14880980551242828,4.592696666717529,-0.19055083394050598
576.2100219726562,0.0,0.0,0.0,4.302387714385986,0.5019279718399048,-0.4534922242164612,4.430356025695801,-0.5246753096580505
673.4660034179688,0.0,0.0,0.0,3.907158374786377,-0.41541174054145813,0.4165216386318207,4.064696788787842,0.52711421251297
586.6339721679688,0.0,0.0,0.0,4.157881736755371,0.45495596528053284,-0.3912985920906067,4.241615295410156,-0.41136980056762695
983.1380004882812,0.0,0.0,0.0,4.7187628746032715,0.09904918819665909,-0.010689899325370789,5.054522514343262,-0.0002563761954661459
427.8139953613281,0.0,0.0,0.0,3.4170079231262207,-0.443691223859787,0.4448930621147156,3.8611371517181396,0.6039251685142517
308.3059997558594,0.0,0.0,0.0,4.188692569732666,-0.4027174711227417,0.28751111030578613,4.640833377838135,0.3244142532348633
848.177978515625,0.0,0.0,0.0,4.0893354415893555,-0.35537663102149963,0.29964303970336914,4.37634801864624,0.2699339985847473
728.27001953125,0.0,0.0,0.0,4.726851940155029,-0.08324544876813889,0.013798226602375507,5.041703701019287,0.030909452587366104
810.8179931640625,0.0,0.0,0.0,4.113672256469727,0.3186231255531311,-0.26938197016716003,4.10471248626709,-0.3127858340740204
139.1300048828125,0.0,0.0,0.0,2.7779624462127686,0.3365642726421356,-0.5622406005859375,3.373495101928711,-0.6966283917427063
341.0459899902344,0.0,0.0,0.0,4.393536567687988,-0.3425924777984619,0.2894360423088074,4.273408889770508,0.3856935501098633
362.4259948730469,0.0,0.0,0.0,2.4997661113739014,0.2794096767902374,-0.5336697101593018,2.538311243057251,-0.6453054547309875
356.2980041503906,0.0,0.0,0.0,3.972600221633911,-0.025701820850372314,0.023249775171279907,3.6989047527313232,0.020421722903847694
881.0180053710938,0.0,0.0,0.0,3.072859287261963,-0.3318122327327728,0.4683286249637604,3.7069923877716064,0.4943358302116394
821.2100219726562,0.0,0.0,0.0,4.525954246520996,0.36796852946281433,-0.17453491687774658,4.518255710601807,-0.15253230929374695
677.9459838867188,0.0,0.0,0.0,3.8233258724212646,-0.43942853808403015,0.36782580614089966,4.049505710601807,0.48240000009536743
951.2100219726562,0.0,0.0,0.0,4.62342643737793,-0.12749946117401123,0.018540484830737114,4.874014854431152,0.027377977967262268
61.95800018310547,0.0,0.0,0.0,-0.0007789828814566135,0.00018993228150065988,-0.0017794257728382945,0.0,0.0
815.2780151367188,0.0,0.0,0.0,4.717959880828857,0.1283332109451294,-0.039804816246032715,4.990035057067871,-0.07805165648460388
791.72998046875,0.0,0.0,0.0,2.159754753112793,-0.18996857106685638,0.5299339890480042,2.2917227745056152,0.5903643369674683
992.7780151367188,0.0,0.0,0.0,4.343900680541992,0.374467134475708,-0.3504614531993866,4.135134696960449,-0.47131696343421936
418.51800537109375,0.0,0.0,0.0,4.166624546051025,0.41504210233688354,-0.3706149160861969,4.379048824310303,-0.4072479009628296
140.1540069580078,0.0,0.0,0.0,3.5536160469055176,0.4150518476963043,-0.4213399887084961,3.6500744819641113,-0.48991158604621887
772.4340209960938,0.0,0.0,0.0,4.351149082183838,0.438579261302948,-0.3285468816757202,4.504923343658447,-0.37238219380378723
883.8419799804688,0.0,0.0,0.0,4.595932960510254,-0.17240792512893677,-0.05075806751847267,4.802863121032715,-0.14489340782165527
608.27001953125,0.0,0.0,0.0,4.534133434295654,-0.3513828217983246,0.22478936612606049,4.82308292388916,0.2217438817024231
799.9860229492188,0.0,0.0,0.0,4.300411224365234,-0.4348771572113037,0.32173171639442444,4.515605926513672,0.34427857398986816
619.5339965820312,0.0,0.0,0.0,4.594934463500977,-0.22141332924365997,0.18882757425308228,4.379378795623779,0.27824491262435913
908.1820068359375,0.0,0.0,0.0,4.325290203094482,0.3389279246330261,-0.23419027030467987,4.578348159790039,-0.25295838713645935
60.02199935913086,0.0,0.0,0.0,-0.0009259821963496506,0.00039040265255607665,-0.002665633801370859,0.0,0.0
492.4179992675781,0.0,0.0,0.0,4.546607494354248,0.20146910846233368,-0.12154770642518997,4.686460018157959,-0.09880159795284271
104.74199676513672,0.0,0.0,0.0,2.9627578258514404,0.4678320586681366,-0.7431626319885254,3.1148455142974854,-0.8180412650108337
908.6740112304688,0.0,0.0,0.0,4.391788482666016,0.2662501335144043,-0.1069268211722374,4.867483139038086,-0.2857378125190735
897.5380249023438,0.0,0.0,0.0,3.3930749893188477,0.5006338357925415,-0.6239128112792969,3.3394157886505127,-0.8318138122558594
879.6740112304688,0.0,0.0,0.0,2.2340664863586426,-0.21085025370121002,0.5408466458320618,2.5505685806274414,0.5048531889915466
457.2099914550781,0.0,0.0,0.0,3.735320806503296,-0.3430204689502716,0.3060643970966339,4.143686294555664,0.24902667105197906
541.7420043945312,0.0,0.0,0.0,1.5519633293151855,0.01997555047273636,-0.049306608736515045,1.568721055984497,0.07808651030063629
612.5059814453125,0.0,0.0,0.0,3.5436012744903564,-0.4849017858505249,0.49821218848228455,3.829747438430786,0.6710496544837952
992.3619995117188,0.0,0.0,0.0,4.4753265380859375,0.3538832366466522,-0.2447497844696045,4.383930683135986,-0.2646600008010864
934.0419921875,0.0,0.0,0.0,3.633697509765625,-0.1046045571565628,0.11939118802547455,3.739957571029663,0.17238184809684753
648.9860229492188,0.0,0.0,0.0,4.359659194946289,0.24553854763507843,-0.325151652097702,4.4893717765808105,-0.3751431405544281
984.3980102539062,0.0,0.0,0.0,4.761701583862305,0.072734035551548,-0.10158516466617584,4.85612678527832,-0.08243326097726822
141.8459930419922,0.0,0.0,0.0,4.414083957672119,0.31303703784942627,-0.2336154580116272,4.854272842407227,-0.2575473487377167
846.4019775390625,0.0,0.0,0.0,3.3689539432525635,-0.41451510787010193,0.564997136592865,3.7451348304748535,0.635997474193573
984.77001953125,0.0,0.0,0.0,4.707080364227295,0.08144377917051315,0.005620215088129044,5.185905456542969,-0.029493143782019615
286.3580017089844,0.0,0.0,0.0,4.178982734680176,-0.5150002241134644,0.4086112380027771,4.551980972290039,0.435115247964859
521.4739990234375,0.0,0.0,0.0,4.655274391174316,0.03426838293671608,-0.06058449670672417,4.761066913604736,-0.012046374380588531
282.25799560546875,0.0,0.0,0.0,3.826432466506958,-0.42971038818359375,0.4925175607204437,3.8640894889831543,0.5298616886138916
634.0460205078125,0.0,0.0,0.0,2.3019895553588867,-0.015760015696287155,0.08568514883518219,2.1993703842163086,0.04572740197181702
789.4019775390625,0.0,0.0,0.0,1.831283688545227,-0.1320795863866806,0.4241715669631958,1.9161396026611328,0.4553844630718231
441.12200927734375,0.0,0.0,0.0,3.2536189556121826,-0.2644152045249939,0.3337014615535736,3.889331102371216,0.39490845799446106
120.34200286865234,0.0,0.0,0.0,4.515844345092773,0.23652604222297668,-0.1301158368587494,4.672628879547119,-0.16782036423683167
786.6019897460938,0.0,0.0,0.0,2.490063190460205,-0.1162295863032341,0.2203999161720276,2.3498377799987793,0.2392297387123108
758.2780151367188,0.0,0.0,0.0,4.399246692657471,0.32282301783561707,-0.2127351015806198,4.534354209899902,-0.2998489737510681
406.6180114746094,0.0,0.0,0.0,4.4928059577941895,0.1582733541727066,-0.07289246469736099,4.638983726501465,-0.11403679102659225
454.9739990234375,0.0,0.0,0.0,2.889648199081421,-0.3432542383670807,0.5386388897895813,3.0876266956329346,0.6054728627204895
212.71800231933594,0.0,0.0,0.0,2.8558764457702637,-0.32978224754333496,0.5697842836380005,3.1186890602111816,0.5180500745773315
725.4739990234375,0.0,0.0,0.0,4.400606632232666,-0.4009886085987091,0.25830259919166565,4.571892261505127,0.32759833335876465
629.72998046875,0.0,0.0,0.0,3.570621967315674,-0.3601077198982239,0.350616455078125,3.518721342086792,0.3992709815502167
988.0419921875,0.0,0.0,0.0,4.753982067108154,0.02238539047539234,-0.027720855548977852,4.72292423248291,-0.0011506611481308937
832.6060180664062,0.0,0.0,0.0,4.163538932800293,0.4332885444164276,-0.3410758972167969,4.485757350921631,-0.4237056076526642
84.36599731445312,0.0,0.0,0.0,3.886847496032715,0.30458906292915344,-0.23599185049533844,4.048707008361816,-0.2776292562484741
385.51800537109375,0.0,0.0,0.0,4.6266937255859375,-0.02503092773258686,-0.001540744910016656,4.7466864585876465,0.03340737894177437
61.18600082397461,0.0,0.0,0.0,-0.001669404562562704,0.0008913321071304381,0.0010260968701913953,0.0,0.0
373.1619873046875,0.0,0.0,0.0,4.571323871612549,0.25225719809532166,-0.1318320333957672,4.796625137329102,-0.1636659950017929
532.9140014648438,0.0,0.0,0.0,2.9901680946350098,0.3530612587928772,-0.5701611638069153,3.298153877258301,-0.6625533103942871
865.3499755859375,0.0,0.0,0.0,4.607295513153076,-0.09196755290031433,-0.0045669591054320335,4.679525375366211,0.07610210031270981
847.97802734375,0.0,0.0,0.0,3.990997552871704,-0.37729716300964355,0.2967422306537628,4.283758163452148,0.2951778173446655
191.07400512695312,0.0,0.0,0.0,4.055877208709717,-0.24200837314128876,0.1679193079471588,4.480006694793701,0.15222282707691193
298.41400146484375,0.0,0.0,0.0,4.679229259490967,-0.2244689017534256,0.16613800823688507,4.5930495262146,0.13248643279075623
296.7179870605469,0.0,0.0,0.0,4.7156901359558105,-0.0013512212317436934,-0.0367264486849308,4.837586879730225,0.11497902870178223
768.8779907226562,0.0,0.0,0.0,4.707732677459717,-0.01387564092874527,-0.040816131979227066,4.704436779022217,-0.02223080024123192
268.2019958496094,0.0,0.0,0.0,2.6620492935180664,0.17838899791240692,-0.3922663927078247,2.349154472351074,-0.37833482027053833
697.3259887695312,0.0,0.0,0.0,4.701569557189941,-0.022752486169338226,-0.0015565473586320877,4.908446311950684,0.027825025841593742
837.197998046875,0.0,0.0,0.0,4.6153950691223145,0.21827764809131622,-0.13406775891780853,4.930387496948242,-0.07069150358438492
192.85800170898438,0.0,0.0,0.0,4.358273983001709,-0.13019737601280212,0.11565712094306946,4.590179920196533,0.04684796184301376
225.9499969482422,0.0,0.0,0.0,4.72159481048584,0.14391331374645233,-0.06863421201705933,4.730365753173828,0.015172319486737251
582.1019897460938,0.0,0.0,0.0,4.345479488372803,0.4432273209095001,-0.2849811911582947,4.49798059463501,-0.2876007556915283
83.36199951171875,0.0,0.0,0.0,3.44696307182312,0.3080947995185852,-0.39770200848579407,3.5689449310302734,-0.35149914026260376
942.5059814453125,0.0,0.0,0.0,4.623449325561523,0.1579425036907196,-0.09674468636512756,4.663601398468018,-0.19605302810668945
966.9420166015625,0.0,0.0,0.0,3.8469090461730957,-0.4404151439666748,0.4354718327522278,4.1384124755859375,0.45805925130844116
155.8419952392578,0.0,0.0,0.0,3.806594133377075,-0.5399109721183777,0.47405579686164856,4.123721122741699,0.5459064841270447
584.0139770507812,0.0,0.0,0.0,4.4780120849609375,0.33345845341682434,-0.3046039044857025,4.5438551902771,-0.3922126293182373
737.6740112304688,0.0,0.0,0.0,4.342133045196533,0.43256035447120667,-0.26421743631362915,4.563178539276123,-0.27261701226234436
435.50201416015625,0.0,0.0,0.0,3.5576982498168945,-0.2354290783405304,0.21064390242099762,3.5607190132141113,0.2033054679632187
124.38999938964844,0.0,0.0,0.0,4.73507022857666,0.04203926399350166,-0.10607389360666275,4.635453701019287,-0.09843277186155319
873.3099975585938,0.0,0.0,0.0,4.527713775634766,-0.09014618396759033,0.03210463002324104,4.477906703948975,0.01806030049920082
207.07400512695312,0.0,0.0,0.0,1.858335018157959,-0.1811441332101822,0.6292217373847961,1.9809132814407349,0.7382662892341614
609.718017578125,0.0,0.0,0.0,4.372272491455078,-0.41507408022880554,0.378225177526474,4.163173198699951,0.3612162172794342
130.6300048828125,0.0,0.0,0.0,4.226733684539795,0.4053701162338257,-0.26659682393074036,4.499884605407715,-0.28855669498443604
786.8099975585938,0.0,0.0,0.0,2.4351017475128174,-0.10792096704244614,0.25394752621650696,2.424354076385498,0.2430129051208496
993.8419799804688,0.0,0.0,0.0,3.5554044246673584,0.4984082579612732,-0.5331881642341614,3.6615774631500244,-0.6715771555900574
203.70599365234375,0.0,0.0,0.0,1.8252440690994263,-0.16297858953475952,0.5518377423286438,1.936152696609497,0.5555248260498047
469.5459899902344,0.0,0.0,0.0,4.742497444152832,-0.09844020754098892,0.023059755563735962,4.796805381774902,0.06403741985559464
793.7420043945312,0.0,0.0,0.0,2.8583455085754395,-0.34161555767059326,0.5802652835845947,3.387110948562622,0.7317255735397339
506.1419982910156,0.0,0.0,0.0,3.9302706718444824,0.12418772280216217,-0.05450151860713959,3.9524965286254883,-0.040229834616184235
663.614013671875,0.0,0.0,0.0,4.657361030578613,0.23866383731365204,-0.18369990587234497,4.734376430511475,-0.35818707942962646
734.3699951171875,0.0,0.0,0.0,2.5497031211853027,0.3110393285751343,-0.5552573204040527,2.957066535949707,-0.6588044166564941
230.04200744628906,0.0,0.0,0.0,4.040688991546631,0.47175949811935425,-0.36869925260543823,4.3447442054748535,-0.5340332388877869
969.2940063476562,0.0,0.0,0.0,4.483139991760254,-0.19390974938869476,0.14798861742019653,4.658674716949463,0.12403710931539536
711.3740234375,0.0,0.0,0.0,4.4731125831604,-0.3319891393184662,0.2138892263174057,4.381803512573242,0.20672808587551117
666.4140014648438,0.0,0.0,0.0,4.735728740692139,0.09961818903684616,-0.02192062698304653,4.82089376449585,0.07852161675691605
599.6740112304688,0.0,0.0,0.0,2.7470109462738037,-0.3322794437408447,0.5665597319602966,3.2758097648620605,0.6499666571617126
96.91400146484375,0.0,0.0,0.0,4.497026443481445,0.1367274522781372,-0.05238611251115799,4.719162940979004,-0.12265904247760773
805.0859985351562,0.0,0.0,0.0,1.9957947731018066,-0.25486981868743896,0.8326702117919922,2.1124489307403564,0.8032321929931641
287.4100036621094,0.0,0.0,0.0,4.4332427978515625,-0.44556379318237305,0.2914206087589264,4.477689266204834,0.3076198995113373
132.14999389648438,0.0,0.0,0.0,4.539989948272705,0.2375873327255249,-0.11644616723060608,4.792435646057129,-0.12352515012025833
77.58599853515625,0.0,0.0,0.0,3.942094326019287,0.4051661789417267,-0.38520321249961853,4.232536792755127,-0.353295236825943
464.0780029296875,0.0,0.0,0.0,2.531209945678711,-0.29740163683891296,0.5995615720748901,2.814018964767456,0.7887830138206482
780.4340209960938,0.0,0.0,0.0,3.9599227905273438,0.4106532335281372,-0.36791446805000305,4.171778202056885,-0.35646066069602966
296.8299865722656,0.0,0.0,0.0,4.714594841003418,-0.011589492671191692,0.11643081158399582,4.732574939727783,0.18699604272842407
421.74200439453125,0.0,0.0,0.0,4.655742168426514,0.14706182479858398,-0.08341650664806366,5.177495002746582,-0.09918349981307983
274.72198486328125,0.0,0.0,0.0,1.6673340797424316,-0.028663231059908867,0.11149415373802185,1.6369832754135132,0.10691457241773605
958.4660034179688,0.0,0.0,0.0,4.55003547668457,-0.23136596381664276,0.11685299128293991,4.899106502532959,0.09735558182001114
430.2820129394531,0.0,0.0,0.0,3.787094831466675,-0.21151837706565857,0.11166660487651825,3.663120746612549,0.17777425050735474
381.95001220703125,0.0,0.0,0.0,4.5558977127075195,-0.22195416688919067,0.10386461764574051,4.815270900726318,0.10355734825134277
490.5140075683594,0.0,0.0,0.0,4.399429798126221,0.39251217246055603,-0.2733182907104492,4.614161968231201,-0.2602222263813019
247.8699951171875,0.0,0.0,0.0,3.354079008102417,0.34135013818740845,-0.4362640082836151,3.9361112117767334,-0.44503238797187805
521.27001953125,0.0,0.0,0.0,4.687243461608887,0.02905898541212082,-0.03065625950694084,4.652194976806641,-0.05819807946681976
862.8099975585938,0.0,0.0,0.0,4.280431270599365,-0.38514116406440735,0.2343054562807083,4.452556133270264,0.25280648469924927
464.69000244140625,0.0,0.0,0.0,2.6710000038146973,-0.30690693855285645,0.509172260761261,3.2004120349884033,0.7201787829399109
759.6259765625,0.0,0.0,0.0,4.496748447418213,0.22660405933856964,-0.15887203812599182,4.323655128479004,-0.1885164976119995
328.406005859375,0.0,0.0,0.0,4.645638465881348,-0.23491087555885315,0.13194754719734192,4.70573091506958,0.18669499456882477
536.3740234375,0.0,0.0,0.0,3.7854034900665283,0.4679907560348511,-0.47058817744255066,3.946972131729126,-0.6844976544380188
595.6339721679688,0.0,0.0,0.0,2.9745609760284424,-0.22368250787258148,0.3433369994163513,3.2992570400238037,0.41993990540504456
65.3499984741211,0.0,0.0,0.0,1.51241934299469,0.015441336669027805,-0.07361479848623276,1.8327422142028809,-0.08280542492866516
639.614013671875,0.0,0.0,0.0,3.388845920562744,-0.3327330946922302,0.41188812255859375,3.7008683681488037,0.4721602201461792
893.8140258789062,0.0,0.0,0.0,3.9749128818511963,0.5356083512306213,-0.43728482723236084,3.9807016849517822,-0.48789796233177185
295.197998046875,0.0,0.0,0.0,4.554095268249512,0.03367672115564346,0.025345174595713615,4.437084197998047,-0.02513345330953598
679.1939697265625,0.0,0.0,0.0,4.14267635345459,-0.4505500793457031,0.2731625735759735,4.358436107635498,0.24789804220199585
938.9099731445312,0.0,0.0,0.0,4.0935258865356445,-0.2977534234523773,0.2555842101573944,4.4662184715271,0.25484582781791687
931.97802734375,0.0,0.0,0.0,4.543647766113281,0.04689829796552658,-0.0006538759334944189,4.600552558898926,-0.05187351629137993
776.4660034179688,0.0,0.0,0.0,4.580174446105957,0.04681116342544556,-0.03374452516436577,4.299382209777832,-0.15692877769470215
382.0780029296875,0.0,0.0,0.0,4.555093288421631,-0.2100457400083542,0.09345687925815582,4.922366142272949,0.09236004948616028
93.85800170898438,0.0,0.0,0.0,4.49514102935791,0.11743663996458054,-0.07097170501947403,4.765369415283203,0.06092305853962898
298.0780029296875,0.0,0.0,0.0,4.664709091186523,-0.23769395053386688,0.12519070506095886,4.865269660949707,0.18852005898952484
452.2460021972656,0.0,0.0,0.0,4.4842209815979,-0.062150292098522186,0.021270740777254105,4.380372524261475,0.06431233137845993
591.8779907226562,0.0,0.0,0.0,1.991761565208435,0.20893825590610504,-0.48429566621780396,2.0299971103668213,-0.5727275013923645
464.89801025390625,0.0,0.0,0.0,2.8279154300689697,-0.3220404088497162,0.5779654383659363,3.268324851989746,0.6282994747161865
638.010009765625,0.0,0.0,0.0,3.051013946533203,-0.1637723594903946,0.21561077237129211,3.391004800796509,0.26143667101860046
571.6820068359375,0.0,0.0,0.0,3.910440444946289,0.3959139585494995,-0.3663325011730194,4.58784818649292,-0.45511695742607117
443.5580139160156,0.0,0.0,0.0,4.208837985992432,-0.34119126200675964,0.30700042843818665,4.159191131591797,0.3693728744983673
167.6060028076172,0.0,0.0,0.0,4.419562816619873,-0.4695608913898468,0.3185026943683624,4.548455715179443,0.2659447491168976
507.0740051269531,0.0,0.0,0.0,3.5098116397857666,0.21783572435379028,-0.30591434240341187,3.285613775253296,-0.43280982971191406
784.2780151367188,0.0,0.0,0.0,3.5962328910827637,0.01804846152663231,-0.0006378174875862896,3.6539950370788574,-0.025385234504938126
85.91799926757812,0.0,0.0,0.0,3.3834383487701416,0.4566405415534973,-0.5182075500488281,3.485959768295288,-0.591707706451416
79.0459976196289,0.0,0.0,0.0,4.331028938293457,0.2661316990852356,-0.16133363544940948,4.789833068847656,-0.15787507593631744
91.61399841308594,0.0,0.0,0.0,4.355738162994385,0.22710050642490387,-0.1872229278087616,4.184353351593018,-0.16492755711078644
580.8499755859375,0.0,0.0,0.0,4.178281784057617,0.473227322101593,-0.3528425991535187,4.463688373565674,-0.42299941182136536
544.0499877929688,0.0,0.0,0.0,1.7118901014328003,-0.10618677735328674,0.3569467067718506,1.9321763515472412,0.4027794599533081
308.989990234375,0.0,0.0,0.0,4.402364730834961,-0.36588144302368164,0.30522793531417847,4.796655178070068,0.20445650815963745
399.9100036621094,0.0,0.0,0.0,4.126182556152344,0.01955137960612774,0.02934761717915535,4.178951263427734,0.04439571499824524
567.5020141601562,0.0,0.0,0.0,4.305818557739258,0.3169504404067993,-0.20357964932918549,4.605861186981201,-0.283709317445755
717.7459716796875,0.0,0.0,0.0,4.477148532867432,-0.3575999140739441,0.2974938452243805,4.633642673492432,0.27571341395378113
87.19400024414062,0.0,0.0,0.0,3.328838348388672,0.3779580295085907,-0.42608848214149475,3.8839921951293945,-0.5078741312026978
367.6059875488281,0.0,0.0,0.0,4.295838356018066,0.34707212448120117,-0.3277125358581543,4.092508316040039,-0.5316638350486755
849.1220092773438,0.0,0.0,0.0,4.1360602378845215,-0.44580402970314026,0.45771050453186035,3.858185291290283,0.5167520642280579
791.2780151367188,0.0,0.0,0.0,1.9768584966659546,-0.17745772004127502,0.47976842522621155,2.248749017715454,0.6808737516403198
153.64599609375,0.0,0.0,0.0,3.777118444442749,-0.4675307869911194,0.4296083450317383,4.005947589874268,0.5218832492828369
241.53799438476562,0.0,0.0,0.0,3.2852556705474854,0.003309862455353141,0.020008472725749016,3.1391236782073975,-0.014351158402860165
988.8419799804688,0.0,0.0,0.0,4.680552005767822,0.08203379809856415,-0.1647595465183258,4.5257768630981445,-0.28973129391670227
338.3500061035156,0.0,0.0,0.0,4.784300804138184,-0.31374824047088623,0.2413121610879898,4.825117588043213,0.1865297555923462
983.8419799804688,0.0,0.0,0.0,4.755748271942139,0.044977717101573944,0.01492807362228632,5.022212028503418,-0.011017304845154285
211.85400390625,0.0,0.0,0.0,2.407841444015503,-0.2843022644519806,0.6570808291435242,2.7309162616729736,0.7576465010643005
137.82200622558594,0.0,0.0,0.0,2.8231587409973145,0.4269300401210785,-0.7182029485702515,3.1242802143096924,-0.7587161660194397
466.5140075683594,0.0,0.0,0.0,3.952667713165283,-0.4161297082901001,0.3925400674343109,4.173932075500488,0.4078243672847748
88.69400024414062,0.0,0.0,0.0,4.16229772567749,0.36258137226104736,-0.3280740976333618,4.388657093048096,-0.32759997248649597
309.9739990234375,0.0,0.0,0.0,4.665754318237305,-0.2657283842563629,0.12847286462783813,4.823527812957764,0.0398576594889164
663.1019897460938,0.0,0.0,0.0,4.561493396759033,0.23084282875061035,-0.08646777272224426,5.004500865936279,-0.16750314831733704
662.4420166015625,0.0,0.0,0.0,4.410897731781006,0.33146288990974426,-0.18290916085243225,4.749116897583008,-0.21625974774360657
932.1859741210938,0.0,0.0,0.0,4.5259857177734375,0.062065280973911285,-0.081282839179039,4.495264530181885,0.06193390488624573
203.3419952392578,0.0,0.0,0.0,1.6964017152786255,-0.13066793978214264,0.5023306608200073,1.8930450677871704,0.6096738576889038
340.8179931640625,0.0,0.0,0.0,4.498748779296875,-0.3134036064147949,0.23731152713298798,4.440506935119629,0.2980078458786011
525.9860229492188,0.0,0.0,0.0,2.6177613735198975,0.4080057740211487,-0.7018248438835144,2.8395745754241943,-0.9170721769332886
953.8099975585938,0.0,0.0,0.0,4.794102668762207,-0.01499158050864935,-0.011516623198986053,5.056853294372559,-0.04268209636211395
248.18600463867188,0.0,0.0,0.0,3.646843910217285,0.3572198152542114,-0.35715532302856445,3.875325918197632,-0.3215448558330536
703.9140014648438,0.0,0.0,0.0,4.674896240234375,0.09665361046791077,-0.0796060636639595,4.794320583343506,-0.11795594543218613
999.6420288085938,0.0,0.0,0.0,3.9693245887756348,0.06294143944978714,-0.07795435190200806,3.817242383956909,-0.028908606618642807
251.1820068359375,0.0,0.0,0.0,4.582274436950684,0.08737381547689438,-0.018606511875987053,4.82060432434082,0.009210139513015747
992.2260131835938,0.0,0.0,0.0,4.422664165496826,0.3774035573005676,-0.20883241295814514,4.879518508911133,-0.2727140784263611
428.25,0.0,0.0,0.0,3.652031660079956,-0.3876909911632538,0.3981951177120209,3.9033362865448,0.4278932511806488
179.4219970703125,0.0,0.0,0.0,1.6489657163619995,-0.1249266117811203,0.48707643151283264,1.742552399635315,0.5321457386016846
703.3460083007812,0.0,0.0,0.0,4.6720051765441895,0.15616419911384583,-0.08408935368061066,4.553936958312988,-0.07220223546028137
964.5380249023438,0.0,0.0,0.0,3.8695478439331055,-0.4471878409385681,0.48904192447662354,3.66549015045166,0.5856367945671082
240.38600158691406,0.0,0.0,0.0,4.0567708015441895,0.01362702064216137,0.03767457231879234,4.112025737762451,0.011008565314114094
980.6339721679688,0.0,0.0,0.0,4.470937728881836,0.281605064868927,-0.18654391169548035,4.406421184539795,-0.230465367436409
643.6820068359375,0.0,0.0,0.0,4.048695087432861,-0.4338519275188446,0.36462709307670593,4.336956977844238,0.46651822328567505
971.4019775390625,0.0,0.0,0.0,4.70529842376709,-0.042303700000047684,-0.025245491415262222,5.003042221069336,-0.0131066357716918
197.24600219726562,0.0,0.0,0.0,2.685288429260254,-0.22920463979244232,0.3915293514728546,2.3868510723114014,0.4818165600299835
210.58599853515625,0.0,0.0,0.0,1.9008156061172485,-0.2184462547302246,0.6491813063621521,2.06813383102417,0.7490571737289429
505.2900085449219,0.0,0.0,0.0,4.188518047332764,0.214122474193573,-0.1317920833826065,4.287733554840088,-0.1387196183204651
973.7420043945312,0.0,0.0,0.0,4.688671588897705,0.013773277401924133,0.018467240035533905,4.817513942718506,0.06606899201869965
897.3419799804688,0.0,0.0,0.0,3.3961801528930664,0.46727317571640015,-0.5933026075363159,3.722287178039551,-0.6281863451004028
608.7459716796875,0.0,0.0,0.0,4.561358451843262,-0.27496716380119324,0.12865276634693146,4.625570297241211,0.22495712339878082
245.4739990234375,0.0,0.0,0.0,2.0051379203796387,0.14815816283226013,-0.4152681827545166,2.145585060119629,-0.4431189000606537
606.52197265625,0.0,0.0,0.0,4.573390960693359,-0.4149423837661743,0.33485522866249084,4.472585201263428,0.4078303277492523
402.92999267578125,0.0,0.0,0.0,3.3352694511413574,0.3215726912021637,-0.3567022979259491,3.4875950813293457,-0.41857606172561646
962.8380126953125,0.0,0.0,0.0,4.603450298309326,-0.3935374617576599,0.21912577748298645,4.866238117218018,0.16154447197914124
738.3060302734375,0.0,0.0,0.0,4.266407012939453,0.4071940779685974,-0.3593467175960541,4.080237865447998,-0.47889599204063416
678.1019897460938,0.0,0.0,0.0,3.8218321800231934,-0.44510430097579956,0.38821589946746826,4.0177388191223145,0.43620768189430237
410.9739990234375,0.0,0.0,0.0,4.5534210205078125,0.11547373235225677,0.0640110969543457,4.865386009216309,-0.04852261766791344
275.7619934082031,0.0,0.0,0.0,1.4774374961853027,-0.01725011318922043,0.12698063254356384,1.5843892097473145,0.1033526360988617
594.1019897460938,0.0,0.0,0.0,2.184765577316284,-0.09371867030858994,0.286934494972229,2.3988165855407715,0.3923306465148926
333.0140075683594,0.0,0.0,0.0,4.699438571929932,-0.14097553491592407,0.09278585016727448,4.778923034667969,0.061678510159254074
476.9580078125,0.0,0.0,0.0,3.574998378753662,0.3513951003551483,-0.4117867946624756,3.7417893409729004,-0.39294278621673584
864.010009765625,0.0,0.0,0.0,4.507716655731201,-0.2561527490615845,0.1834927201271057,4.683621883392334,0.21178007125854492
171.73800659179688,0.0,0.0,0.0,4.160757064819336,-0.32624727487564087,0.468718022108078,3.7198069095611572,0.44989365339279175
723.1099853515625,0.0,0.0,0.0,4.507543563842773,-0.38567766547203064,0.3716821074485779,4.407038688659668,0.49005261063575745
878.469970703125,0.0,0.0,0.0,1.863850712776184,-0.15179844200611115,0.44080275297164917,2.0202653408050537,0.5207323431968689
663.426025390625,0.0,0.0,0.0,4.676837921142578,0.21319103240966797,-0.10432061553001404,4.726553916931152,-0.2992706596851349
350.5459899902344,0.0,0.0,0.0,4.688647747039795,-0.17445172369480133,0.08760429173707962,4.82292366027832,0.14211176335811615
488.8699951171875,0.0,0.0,0.0,4.514735221862793,0.21967479586601257,-0.21381980180740356,4.439027309417725,-0.32971060276031494
112.84200286865234,0.0,0.0,0.0,3.9580986499786377,0.36411651968955994,-0.2714020013809204,4.255253314971924,-0.31162676215171814
135.02200317382812,0.0,0.0,0.0,4.72676944732666,0.03695935755968094,-0.04015102982521057,5.0416789054870605,0.03843572735786438
649.2979736328125,0.0,0.0,0.0,4.226228713989258,0.3936515152454376,-0.43680766224861145,4.133760452270508,-0.3711353540420532
613.3460083007812,0.0,0.0,0.0,3.3016252517700195,-0.5613740086555481,0.7825255990028381,3.062448024749756,0.7329614758491516
916.2659912109375,0.0,0.0,0.0,4.447666168212891,0.3547510504722595,-0.3536262512207031,4.194230556488037,-0.4259462356567383
434.91400146484375,0.0,0.0,0.0,3.4170830249786377,-0.24981531500816345,0.27147775888442993,3.776324510574341,0.3112516701221466
931.1740112304688,0.0,0.0,0.0,4.577764987945557,0.12641724944114685,-0.09397042542695999,4.8780317306518555,-0.04000658169388771
200.64999389648438,0.0,0.0,0.0,2.135599136352539,-0.26104870438575745,0.6706116199493408,2.0465004444122314,0.7135326862335205
214.0540008544922,0.0,0.0,0.0,3.3165953159332275,-0.3309068977832794,0.4106386601924896,3.432068109512329,0.24877189099788666
754.43798828125,0.0,0.0,0.0,4.682577133178711,0.22600619494915009,-0.12191986292600632,5.053974628448486,-0.1729060411453247
272.4419860839844,0.0,0.0,0.0,2.3959126472473145,0.07411538809537888,-0.09220324456691742,2.389427661895752,-0.05741480737924576
469.8059997558594,0.0,0.0,0.0,4.727732181549072,-0.08187820017337799,0.03019719570875168,4.797738552093506,0.09394852072000504
719.8179931640625,0.0,0.0,0.0,4.675164699554443,-0.22092394530773163,0.056642528623342514,4.911808013916016,0.15240183472633362
819.6220092773438,0.0,0.0,0.0,3.9970645904541016,0.4633732736110687,-0.3947441577911377,4.178828716278076,-0.4456510543823242
991.8099975585938,0.0,0.0,0.0,4.339904308319092,0.39242738485336304,-0.3055856227874756,4.762722492218018,-0.32909107208251953
852.6099853515625,0.0,0.0,0.0,4.243311405181885,-0.4580092430114746,0.38351261615753174,4.41302490234375,0.4442727565765381
446.5379943847656,0.0,0.0,0.0,3.8967902660369873,-0.3213510513305664,0.3383285701274872,3.6857264041900635,0.43469342589378357
947.27001953125,0.0,0.0,0.0,4.048681259155273,-0.5011225938796997,0.4245895445346832,4.54271125793457,0.3690343201160431
952.7020263671875,0.0,0.0,0.0,4.7869720458984375,-0.06837838143110275,0.02198846824467182,4.949594020843506,0.0431312695145607
905.2979736328125,0.0,0.0,0.0,3.3599612712860107,0.5162280201911926,-0.6554773449897766,3.6143651008605957,-0.7421379685401917
587.8460083007812,0.0,0.0,0.0,4.157966613769531,0.4239386320114136,-0.33333536982536316,3.9684784412384033,-0.5209307670593262
554.3740234375,0.0,0.0,0.0,1.769770622253418,-0.18352752923965454,0.6771662831306458,1.8552494049072266,0.808722734451294
269.77801513671875,0.0,0.0,0.0,1.7892169952392578,0.14937691390514374,-0.45446455478668213,1.9636437892913818,-0.5904589295387268
319.2179870605469,0.0,0.0,0.0,4.678808212280273,-0.1878993809223175,0.14124421775341034,4.747389793395996,0.0739223062992096
393.5379943847656,0.0,0.0,0.0,3.6325714588165283,0.5049929022789001,-0.5041168928146362,3.830963134765625,-0.6353492736816406
465.7820129394531,0.0,0.0,0.0,3.4759199619293213,-0.3942503035068512,0.42485737800598145,3.818152666091919,0.47102242708206177
393.885986328125,0.0,0.0,0.0,3.6697676181793213,0.4709559679031372,-0.44713667035102844,4.013301372528076,-0.5025043487548828
331.0220031738281,0.0,0.0,0.0,4.49019193649292,-0.23443427681922913,0.11630617827177048,4.838595867156982,0.20285704731941223
847.5380249023438,0.0,0.0,0.0,3.851193904876709,-0.4379080533981323,0.39520058035850525,3.983386516571045,0.3239646852016449
821.614013671875,0.0,0.0,0.0,4.478028297424316,0.25975751876831055,-0.13509511947631836,4.77621603012085,-0.21155966818332672
194.093994140625,0.0,0.0,0.0,4.620512008666992,-0.06606946885585785,0.0204011257737875,4.775927543640137,0.06130915507674217
347.7619934082031,0.0,0.0,0.0,4.365323543548584,-0.3705102205276489,0.3123646080493927,4.653088092803955,0.3258809745311737
827.7420043945312,0.0,0.0,0.0,4.535344123840332,0.42800581455230713,-0.30340173840522766,4.3020853996276855,-0.3295470178127289
383.8699951171875,0.0,0.0,0.0,4.528332233428955,0.05556761100888252,-0.023192374035716057,4.665441989898682,-0.07451213151216507
943.030029296875,0.0,0.0,0.0,4.652862548828125,0.17994709312915802,-0.05982305109500885,4.642857074737549,-0.09314893931150436
370.5459899902344,0.0,0.0,0.0,4.248135089874268,0.35171079635620117,-0.234143927693367,4.440782070159912,-0.2927514612674713
680.8179931640625,0.0,0.0,0.0,4.428210735321045,-0.15682421624660492,0.006315100938081741,4.602905750274658,-0.09129785001277924
182.07400512695312,0.0,0.0,0.0,2.1985819339752197,-0.17385852336883545,0.4701356589794159,2.4593005180358887,0.5147160887718201
461.2019958496094,0.0,0.0,0.0,4.580707550048828,-0.0809917226433754,0.04474593698978424,4.707063674926758,0.07726111263036728
82.12200164794922,0.0,0.0,0.0,2.9855408668518066,0.28452789783477783,-0.4318144619464874,3.4835665225982666,-0.44361454248428345
247.75399780273438,0.0,0.0,0.0,3.2979238033294678,0.3412943482398987,-0.3985862731933594,3.5791499614715576,-0.4213399887084961
528.5499877929688,0.0,0.0,0.0,3.5709872245788574,0.41360315680503845,-0.427749365568161,3.90507173538208,-0.5132145285606384
786.197998046875,0.0,0.0,0.0,2.566352367401123,-0.11025132983922958,0.23167045414447784,2.524566411972046,0.22414471209049225
381.37799072265625,0.0,0.0,0.0,4.3408122062683105,-0.3357061743736267,0.18886035680770874,4.979541778564453,0.05362670123577118
717.0139770507812,0.0,0.0,0.0,4.560028553009033,-0.35874471068382263,0.2384318709373474,4.8340044021606445,0.2564806640148163
771.3099975585938,0.0,0.0,0.0,4.577189922332764,0.2736020088195801,-0.21350517868995667,4.718451976776123,-0.393405944108963
115.74199676513672,0.0,0.0,0.0,4.454507350921631,0.31565287709236145,-0.20201748609542847,4.466945648193359,-0.18153607845306396
104.48600006103516,0.0,0.0,0.0,3.0134830474853516,0.4464065730571747,-0.6292345523834229,3.1432647705078125,-0.8538429737091064
570.6500244140625,0.0,0.0,0.0,3.7454516887664795,0.44679132103919983,-0.4165452718734741,4.036385536193848,-0.551339328289032
785.8099975585938,0.0,0.0,0.0,2.7288806438446045,-0.07795649766921997,0.16329891979694366,2.6700072288513184,0.25963830947875977
343.0260009765625,0.0,0.0,0.0,3.8829421997070312,-0.45848146080970764,0.36636513471603394,4.1054253578186035,0.3875201642513275
616.5460205078125,0.0,0.0,0.0,3.466571807861328,-0.5053278803825378,0.5431088805198669,3.867953300476074,0.7267008423805237
711.1179809570312,0.0,0.0,0.0,4.477957248687744,-0.3645600974559784,0.2575913369655609,4.35612678527832,0.20639435946941376
186.09800720214844,0.0,0.0,0.0,2.0845375061035156,-0.08881518989801407,0.1586114764213562,2.243434429168701,0.134363055229187
626.469970703125,0.0,0.0,0.0,4.210077285766602,0.28666186332702637,-0.28111663460731506,4.438039779663086,-0.24925734102725983
196.7779998779297,0.0,0.0,0.0,3.488813877105713,-0.12892907857894897,0.2449626922607422,2.8640687465667725,0.21215824782848358
372.93798828125,0.0,0.0,0.0,4.580259799957275,0.26518213748931885,-0.14037007093429565,4.568213939666748,-0.20274718105793
420.8500061035156,0.0,0.0,0.0,4.4919328689575195,0.2673082947731018,-0.18340414762496948,4.733226776123047,-0.20530487596988678
61.465999603271484,0.0,0.0,0.0,-0.0018940812442451715,0.0007380687166005373,0.001393245067447424,0.0,0.0
840.2100219726562,0.0,0.0,0.0,4.502203941345215,0.3824906647205353,-0.16568909585475922,4.669907093048096,-0.282178670167923
580.7139892578125,0.0,0.0,0.0,4.162747383117676,0.4792279303073883,-0.37443605065345764,4.27701473236084,-0.4472009539604187
893.4340209960938,0.0,0.0,0.0,3.9195594787597656,0.5538116097450256,-0.4896332323551178,4.0806884765625,-0.5284254550933838
793.4340209960938,0.0,0.0,0.0,2.6332719326019287,-0.3413672149181366,0.5613630414009094,2.8480308055877686,0.6346408128738403
121.58200073242188,0.0,0.0,0.0,4.656263828277588,0.10607980191707611,-0.04494132474064827,4.757607460021973,-0.03480881080031395
640.4340209960938,0.0,0.0,0.0,3.656440258026123,-0.3875720500946045,0.3803916573524475,4.16495943069458,0.5321751832962036
668.1220092773438,0.0,0.0,0.0,4.832017421722412,-0.0590338334441185,0.05369093269109726,4.896648406982422,0.2053387314081192
615.197998046875,0.0,0.0,0.0,3.0552170276641846,-0.4225594699382782,0.5874828100204468,3.222278356552124,0.6991349458694458
316.4779968261719,0.0,0.0,0.0,4.662635803222656,-0.25106897950172424,0.10309907048940659,4.849863529205322,0.19378875195980072
959.3579711914062,0.0,0.0,0.0,4.433671474456787,-0.25368592143058777,0.2048245072364807,4.535229682922363,0.19221505522727966
754.97802734375,0.0,0.0,0.0,4.630078315734863,0.2892633378505707,-0.18396303057670593,4.996253490447998,-0.2540426552295685
79.22599792480469,0.0,0.0,0.0,4.4003682136535645,0.2573930025100708,-0.2216377705335617,4.157676696777344,-0.16110466420650482
234.82200622558594,0.0,0.0,0.0,4.728646755218506,0.09338387101888657,-0.022230323404073715,4.611963272094727,-0.03036666288971901
793.8820190429688,0.0,0.0,0.0,2.9880318641662598,-0.3722371757030487,0.5938460230827332,3.4183099269866943,0.6772472262382507
157.1699981689453,0.0,0.0,0.0,4.169497013092041,-0.4650515615940094,0.36364075541496277,4.218442916870117,0.2658538520336151
579.2020263671875,0.0,0.0,0.0,3.9700753688812256,0.5500947833061218,-0.46512022614479065,4.4435954093933105,-0.5212079286575317
220.11000061035156,0.0,0.0,0.0,3.4197306632995605,0.29596200585365295,-0.4393296539783478,3.57907772064209,-0.4982919692993164
302.9419860839844,0.0,0.0,0.0,4.670372009277344,-0.21495765447616577,0.13183154165744781,4.932863712310791,0.2318936586380005
410.7340087890625,0.0,0.0,0.0,4.585483551025391,0.19197587668895721,-0.03369414433836937,4.609236717224121,-0.005251207854598761
958.1300048828125,0.0,0.0,0.0,4.501901626586914,-0.254089891910553,0.12542545795440674,4.8124165534973145,0.15947164595127106
143.41400146484375,0.0,0.0,0.0,4.636552333831787,-0.10374445468187332,0.09526487439870834,4.856649875640869,0.03871694579720497
414.0379943847656,0.0,0.0,0.0,4.376242160797119,0.30314815044403076,-0.1830781251192093,4.32379674911499,-0.33759135007858276
136.697998046875,0.0,0.0,0.0,4.51582145690918,0.10249335318803787,-0.16996194422245026,4.065372943878174,-0.379512757062912
295.84600830078125,0.0,0.0,0.0,4.545535087585449,-0.015998385846614838,0.023675192147493362,5.059650897979736,0.02370040863752365
369.6260070800781,0.0,0.0,0.0,3.9365696907043457,0.39330431818962097,-0.430059015750885,4.397572994232178,-0.42844074964523315
947.9099731445312,0.0,0.0,0.0,4.150698184967041,-0.4397020637989044,0.2745308578014374,4.675568580627441,0.3111072778701782
324.4779968261719,0.0,0.0,0.0,4.586088180541992,-0.33917343616485596,0.22833363711833954,4.491273403167725,0.3022545874118805
464.57000732421875,0.0,0.0,0.0,2.645472764968872,-0.33194682002067566,0.49110957980155945,2.9384567737579346,0.5975121259689331
911.302001953125,0.0,0.0,0.0,4.550591945648193,0.1343449056148529,-0.13854677975177765,4.3167805671691895,-0.2646797299385071
58.15399932861328,0.0,0.0,0.0,-0.0019119959324598312,0.0005581299774348736,0.0009330169996246696,0.0,0.0
941.073974609375,0.0,0.0,0.0,4.550930500030518,-0.07328275591135025,-0.00044544177944771945,4.729526042938232,0.12505675852298737
992.5460205078125,0.0,0.0,0.0,4.43372106552124,0.3356124758720398,-0.27365875244140625,4.335749626159668,-0.39983606338500977
906.197998046875,0.0,0.0,0.0,3.4881927967071533,0.46367520093917847,-0.4639575183391571,3.549210548400879,-0.5031801462173462
840.3140258789062,0.0,0.0,0.0,4.5071539878845215,0.36563608050346375,-0.2109762728214264,4.533290863037109,-0.24210050702095032
875.9660034179688,0.0,0.0,0.0,3.1991770267486572,-0.048174288123846054,0.09007637947797775,2.465865135192871,0.10318528115749359
484.5140075683594,0.0,0.0,0.0,2.3150017261505127,0.23866011202335358,-0.5513960719108582,2.5206520557403564,-0.6804832220077515
539.1259765625,0.0,0.0,0.0,1.9191856384277344,0.23756705224514008,-0.7812507748603821,1.9073818922042847,-0.730088472366333
575.6019897460938,0.0,0.0,0.0,4.3697099685668945,0.45950236916542053,-0.40873780846595764,4.615210056304932,-0.44091224670410156
223.31399536132812,0.0,0.0,0.0,4.202395439147949,0.3073233664035797,-0.2008388340473175,4.450519561767578,-0.1787692904472351
749.8099975585938,0.0,0.0,0.0,4.20244026184082,0.41057878732681274,-0.3223961591720581,4.382665157318115,-0.43593868613243103
981.2139892578125,0.0,0.0,0.0,4.569489479064941,0.2542911767959595,-0.12143702805042267,4.506996154785156,-0.18648621439933777
729.43798828125,0.0,0.0,0.0,4.757994174957275,-0.06245923042297363,0.002785635879263282,4.812671661376953,0.006362223997712135
472.6419982910156,0.0,0.0,0.0,3.8536996841430664,0.40696367621421814,-0.45514896512031555,3.738165855407715,-0.5575133562088013
525.8499755859375,0.0,0.0,0.0,2.664472818374634,0.42836999893188477,-0.7134616374969482,2.7890822887420654,-0.8130937218666077
415.3500061035156,0.0,0.0,0.0,3.8766746520996094,0.5012186169624329,-0.4449584484100342,3.755765914916992,-0.5138788819313049
278.1099853515625,0.0,0.0,0.0,2.2220892906188965,-0.13961182534694672,0.4173288345336914,2.463946580886841,0.4515897035598755
796.3060302734375,0.0,0.0,0.0,4.401782989501953,-0.33913180232048035,0.21163685619831085,4.672794818878174,0.3094395101070404
507.62200927734375,0.0,0.0,0.0,3.1663224697113037,0.334621787071228,-0.418414831161499,3.208141565322876,-0.49033281207084656
331.2380065917969,0.0,0.0,0.0,4.536616802215576,-0.24502162635326385,0.15872925519943237,4.560075283050537,0.16832797229290009
518.3699951171875,0.0,0.0,0.0,4.277132034301758,0.2041061520576477,-0.14635205268859863,4.46621036529541,-0.08867106586694717
607.9140014648438,0.0,0.0,0.0,4.399399280548096,-0.39739790558815,0.2565886378288269,4.734623908996582,0.30526500940322876
459.36199951171875,0.0,0.0,0.0,4.4747314453125,-0.16711711883544922,0.04066891968250275,4.61203145980835,0.09797431528568268
578.3820190429688,0.0,0.0,0.0,3.9098379611968994,0.5963853597640991,-0.5102928280830383,3.969163417816162,-0.6086907386779785
903.0339965820312,0.0,0.0,0.0,3.6201982498168945,0.46062755584716797,-0.4457424283027649,4.027794361114502,-0.5154053568840027
836.8099975585938,0.0,0.0,0.0,4.601797580718994,0.2541026175022125,-0.18960843980312347,4.679056644439697,-0.10588256269693375
597.197998046875,0.0,0.0,0.0,3.357534646987915,-0.3828209638595581,0.5210022330284119,2.985628604888916,0.668016791343689
343.8940124511719,0.0,0.0,0.0,3.677717924118042,-0.4991946220397949,0.5730260610580444,3.7807037830352783,0.6801061630249023
899.1859741210938,0.0,0.0,0.0,2.4928133487701416,0.3212786614894867,-0.6490463614463806,3.071091413497925,-0.893347978591919
529.1539916992188,0.0,0.0,0.0,3.6216864585876465,0.4848271608352661,-0.5204978585243225,3.595254421234131,-0.5660547614097595
851.8179931640625,0.0,0.0,0.0,4.389923572540283,-0.34779947996139526,0.21105033159255981,4.685570240020752,0.33303341269493103
934.47802734375,0.0,0.0,0.0,3.3467819690704346,-0.11884372681379318,0.19581258296966553,2.7106575965881348,0.337571918964386
447.2820129394531,0.0,0.0,0.0,3.775916576385498,-0.3923640251159668,0.3729499578475952,4.019209384918213,0.4416925013065338
635.469970703125,0.0,0.0,0.0,2.388906478881836,-0.0637776106595993,0.10450268536806107,2.6909377574920654,0.13479284942150116
544.3419799804688,0.0,0.0,0.0,1.8073077201843262,-0.10520941764116287,0.4724581241607666,1.857919454574585,0.4419475197792053
226.07400512695312,0.0,0.0,0.0,4.710496425628662,0.12820406258106232,-0.049018293619155884,4.611725330352783,-0.11632326245307922
461.75799560546875,0.0,0.0,0.0,4.643465518951416,-0.011562693864107132,0.014678220264613628,4.432544708251953,0.15855325758457184
483.8340148925781,0.0,0.0,0.0,2.3237931728363037,0.27328866720199585,-0.5604527592658997,2.1978471279144287,-0.6096805334091187
506.010009765625,0.0,0.0,0.0,3.987579584121704,0.11733163893222809,-0.08517973870038986,3.8898472785949707,-0.1072329729795456
989.9500122070312,0.0,0.0,0.0,4.443545818328857,0.33894646167755127,-0.2745968699455261,4.637885093688965,-0.3513999283313751
250.57000732421875,0.0,0.0,0.0,4.449001312255859,0.20437654852867126,-0.09646999835968018,4.831266403198242,-0.03572307899594307
570.3060302734375,0.0,0.0,0.0,3.7713732719421387,0.4781337380409241,-0.4984016418457031,3.8710134029388428,-0.5710611939430237
200.19000244140625,0.0,0.0,0.0,2.4375267028808594,-0.27551400661468506,0.5684064030647278,2.337979316711426,0.7529131174087524
766.5460205078125,0.0,0.0,0.0,4.673656463623047,0.03291689231991768,0.042103469371795654,4.822594165802002,-0.026132505387067795
552.7219848632812,0.0,0.0,0.0,1.758406162261963,-0.2192429006099701,0.6613410711288452,1.9525138139724731,0.724179208278656
774.3380126953125,0.0,0.0,0.0,4.602063179016113,0.2551809251308441,-0.17274467647075653,4.8112030029296875,-0.11005371063947678
655.5419921875,0.0,0.0,0.0,3.9950737953186035,0.39917096495628357,-0.3560614585876465,4.0713043212890625,-0.3050912320613861
832.5339965820312,0.0,0.0,0.0,4.1288676261901855,0.44504356384277344,-0.33389097452163696,4.4550628662109375,-0.40206673741340637
765.6740112304688,0.0,0.0,0.0,4.622350692749023,0.13590015470981598,-0.06784369051456451,4.829141139984131,-0.027415229007601738
392.7380065917969,0.0,0.0,0.0,3.612821578979492,0.45623207092285156,-0.4745786190032959,3.923311471939087,-0.6557843089103699
748.1500244140625,0.0,0.0,0.0,3.443267583847046,0.4686259925365448,-0.5169610381126404,3.8577840328216553,-0.6239091157913208
247.20599365234375,0.0,0.0,0.0,2.908885955810547,0.27274635434150696,-0.47326910495758057,3.2713027000427246,-0.49059972167015076
135.4739990234375,0.0,0.0,0.0,4.7395429611206055,0.01550353690981865,-0.004591369070112705,4.791530609130859,-0.01376673486083746
435.2699890136719,0.0,0.0,0.0,3.529970407485962,-0.23544049263000488,0.24233344197273254,3.5359280109405518,0.25154241919517517
386.69000244140625,0.0,0.0,0.0,4.535525798797607,0.031585693359375,-0.027443375438451767,4.653894424438477,0.01146132405847311
835.7420043945312,0.0,0.0,0.0,4.433681488037109,0.4291059970855713,-0.2442009001970291,4.485965728759766,-0.2619185745716095
625.6699829101562,0.0,0.0,0.0,4.480958461761475,-0.12145071476697922,-0.002776453038677573,4.376400947570801,-0.234587162733078
647.4180297851562,0.0,0.0,0.0,4.675404071807861,-0.08741410821676254,0.0635991021990776,4.756494522094727,0.06114369258284569
848.8779907226562,0.0,0.0,0.0,4.324149131774902,-0.38421204686164856,0.3510415256023407,4.170593738555908,0.43712547421455383
168.16200256347656,0.0,0.0,0.0,4.530941486358643,-0.411571741104126,0.2843725085258484,4.576258659362793,0.25921937823295593
116.78600311279297,0.0,0.0,0.0,4.515130519866943,0.2150847464799881,-0.11720241606235504,4.49396276473999,-0.1860557198524475
989.3740234375,0.0,0.0,0.0,4.536693096160889,0.29021838307380676,-0.24705354869365692,4.510155200958252,-0.2756294310092926
402.5899963378906,0.0,0.0,0.0,3.2455997467041016,0.30417898297309875,-0.4015355408191681,3.239596366882324,-0.45643505454063416
401.0780029296875,0.0,0.0,0.0,3.3609848022460938,0.17650629580020905,-0.2332981377840042,2.809082508087158,-0.3943013548851013
455.0740051269531,0.0,0.0,0.0,2.8978488445281982,-0.3524017035961151,0.5400854349136353,2.726290702819824,0.5950816869735718
933.833984375,0.0,0.0,0.0,3.7123560905456543,-0.09752564132213593,0.1427750438451767,3.743811845779419,0.1364344358444214
644.9459838867188,0.0,0.0,0.0,4.414698123931885,-0.26351025700569153,0.18024083971977234,4.371281147003174,0.19948238134384155
528.9140014648438,0.0,0.0,0.0,3.7582356929779053,0.44406554102897644,-0.4695625305175781,3.663504123687744,-0.5089994668960571
505.1940002441406,0.0,0.0,0.0,4.163397312164307,0.2211831659078598,-0.1270202100276947,4.3892011642456055,-0.1524900645017624
925.1699829101562,0.0,0.0,0.0,3.586674690246582,-0.47849175333976746,0.5085875988006592,3.621983766555786,0.5889092683792114
745.0460205078125,0.0,0.0,0.0,3.2956013679504395,0.36720800399780273,-0.4029809534549713,3.579033136367798,-0.5225149989128113
324.6860046386719,0.0,0.0,0.0,4.604039669036865,-0.35525330901145935,0.2604844570159912,4.528862953186035,0.21742071211338043
354.2539978027344,0.0,0.0,0.0,4.721263885498047,-0.06437902897596359,0.028071867302060127,4.938408851623535,0.004421198274940252
213.28599548339844,0.0,0.0,0.0,3.199173927307129,-0.3525233566761017,0.4989340305328369,3.307784080505371,0.496953547000885
576.7139892578125,0.0,0.0,0.0,4.199460983276367,0.5377659201622009,-0.46971380710601807,4.187649726867676,-0.5403485894203186
898.6060180664062,0.0,0.0,0.0,2.477052927017212,0.39548829197883606,-0.8063591122627258,2.6906564235687256,-0.8146383762359619
132.82200622558594,0.0,0.0,0.0,4.676502227783203,0.20175650715827942,-0.1006423830986023,4.726619720458984,-0.04992310330271721
228.80599975585938,0.0,0.0,0.0,4.135540008544922,0.4409349262714386,-0.33224111795425415,4.51718282699585,-0.32828763127326965
904.8300170898438,0.0,0.0,0.0,3.6101670265197754,0.5607023239135742,-0.6579626798629761,3.3615763187408447,-0.7237917184829712
309.8580017089844,0.0,0.0,0.0,4.696743965148926,-0.292791485786438,0.15057924389839172,4.463638782501221,0.07209556549787521
738.7899780273438,0.0,0.0,0.0,3.814894199371338,0.49547675251960754,-0.45164403319358826,3.839708089828491,-0.5927020311355591
815.1820068359375,0.0,0.0,0.0,4.729586601257324,0.10431114584207535,-0.05986296012997627,5.114205837249756,-0.014997684396803379
651.4539794921875,0.0,0.0,0.0,4.325536251068115,0.32294726371765137,-0.2122591882944107,4.893324851989746,-0.18521693348884583
651.9340209960938,0.0,0.0,0.0,4.534428596496582,0.3365539312362671,-0.19557876884937286,4.646687984466553,-0.2579417824745178
511.75799560546875,0.0,0.0,0.0,4.41196346282959,0.23837369680404663,-0.11680016666650772,4.560693740844727,-0.11136827617883682
400.62200927734375,0.0,0.0,0.0,3.628347396850586,0.07517166435718536,-0.13706515729427338,3.517514228820801,-0.15246795117855072
367.3819885253906,0.0,0.0,0.0,4.13138484954834,0.3239165246486664,-0.29963797330856323,4.999785423278809,-0.3546057939529419
874.2379760742188,0.0,0.0,0.0,4.223422527313232,-0.05142124369740486,-0.026127977296710014,4.409783363342285,-0.0016483176732435822
148.14199829101562,0.0,0.0,0.0,2.2283103466033936,-0.2519969046115875,0.6142899990081787,2.363150119781494,0.7612031698226929
665.0780029296875,0.0,0.0,0.0,4.607224941253662,0.2510085999965668,-0.11926723271608353,5.065163612365723,-0.17291367053985596
333.4259948730469,0.0,0.0,0.0,4.754812717437744,-0.1341124325990677,0.060558002442121506,4.934370040893555,0.0675814151763916
307.48199462890625,0.0,0.0,0.0,4.134492874145508,-0.49436554312705994,0.3863030672073364,4.177968978881836,0.4322415292263031
618.0139770507812,0.0,0.0,0.0,4.212351322174072,-0.3808507025241852,0.32072728872299194,4.452276706695557,0.34454411268234253
891.0659790039062,0.0,0.0,0.0,3.7235891819000244,0.44769880175590515,-0.48576951026916504,4.151435375213623,-0.5820509195327759
111.55000305175781,0.0,0.0,0.0,3.3229315280914307,0.3979845941066742,-0.5172464847564697,3.6428046226501465,-0.5159784555435181
937.4340209960938,0.0,0.0,0.0,3.3273839950561523,-0.28698596358299255,0.3488229513168335,3.737710475921631,0.38616207242012024
896.030029296875,0.0,0.0,0.0,2.8837404251098633,0.5138982534408569,-0.6851198673248291,2.8007445335388184,-0.829862117767334
470.50201416015625,0.0,0.0,0.0,4.764927387237549,-0.053334783762693405,0.040334150195121765,4.763134956359863,0.04542042315006256
212.05799865722656,0.0,0.0,0.0,2.5026819705963135,-0.32455042004585266,0.6548926830291748,2.7829430103302,0.598918080329895
880.1420288085938,0.0,0.0,0.0,2.465988874435425,-0.2502744197845459,0.4989732503890991,2.994560480117798,0.593683660030365
269.885986328125,0.0,0.0,0.0,1.8216980695724487,0.15348872542381287,-0.5326652526855469,2.0497210025787354,-0.5865460634231567
74.4540023803711,0.0,0.0,0.0,4.53300666809082,-0.009404677897691727,-0.0014278091257438064,4.8543009757995605,-0.07369143515825272
163.3780059814453,0.0,0.0,0.0,4.210092067718506,-0.4546935558319092,0.30291953682899475,4.2870097160339355,0.3146081566810608
271.2860107421875,0.0,0.0,0.0,2.327547311782837,0.2225557118654251,-0.48264482617378235,2.4499425888061523,-0.5044173002243042
503.3699951171875,0.0,0.0,0.0,3.4834959506988525,0.25094300508499146,-0.22685706615447998,3.5953383445739746,-0.2995728552341461
668.8140258789062,0.0,0.0,0.0,4.456002712249756,-0.15163585543632507,0.24632395803928375,3.9762890338897705,0.4223482608795166
882.2979736328125,0.0,0.0,0.0,4.026289939880371,-0.3905535340309143,0.3486800789833069,4.374661922454834,0.27873703837394714
635.27001953125,0.0,0.0,0.0,2.3128418922424316,-0.04547221213579178,0.08127529174089432,2.4440412521362305,0.19195860624313354
881.1300048828125,0.0,0.0,0.0,3.1990039348602295,-0.3413013517856598,0.443149596452713,3.5309650897979736,0.4519146680831909
218.21400451660156,0.0,0.0,0.0,2.5570034980773926,0.17632216215133667,-0.3078162372112274,2.824840545654297,-0.3832316994667053
884.7459716796875,0.0,0.0,0.0,4.478071689605713,0.2551000118255615,-0.24916625022888184,4.559457302093506,-0.20900537073612213
896.1339721679688,0.0,0.0,0.0,2.8759167194366455,0.4779316186904907,-0.7465469837188721,3.1054623126983643,-0.7274880409240723
910.6820068359375,0.0,0.0,0.0,4.642139434814453,0.08370725810527802,-0.007769529242068529,4.738927364349365,-0.09042065590620041
799.7420043945312,0.0,0.0,0.0,4.345526218414307,-0.4276677668094635,0.3671915829181671,4.384199619293213,0.3444071114063263
752.3820190429688,0.0,0.0,0.0,4.666861057281494,0.13897112011909485,-0.021343201398849487,4.622341156005859,-0.09066464006900787
733.5499877929688,0.0,0.0,0.0,2.421910285949707,0.33875715732574463,-0.7000617980957031,2.737403154373169,-0.7616812586784363
113.66600036621094,0.0,0.0,0.0,3.985668897628784,0.4704267978668213,-0.40454137325286865,4.355504989624023,-0.4341455399990082
923.1220092773438,0.0,0.0,0.0,3.712838649749756,-0.4045242667198181,0.43899351358413696,4.169559478759766,0.3802063763141632
309.5580139160156,0.0,0.0,0.0,4.594022274017334,-0.31404584646224976,0.17377740144729614,4.838919162750244,0.19358259439468384
407.2099914550781,0.0,0.0,0.0,4.545200824737549,0.1591901034116745,-0.06041731685400009,4.9023213386535645,-0.12255974858999252
708.1060180664062,0.0,0.0,0.0,4.5917768478393555,-0.2846921682357788,0.19116301834583282,4.594082832336426,0.2339211106300354
441.74200439453125,0.0,0.0,0.0,3.6129157543182373,-0.29078739881515503,0.2573142647743225,3.7658889293670654,0.23074355721473694
583.5499877929688,0.0,0.0,0.0,4.659973621368408,0.2887642979621887,-0.16204269230365753,4.606540679931641,-0.1871531754732132
466.74200439453125,0.0,0.0,0.0,4.086434841156006,-0.38752108812332153,0.25506171584129333,4.501611232757568,0.3132260739803314
889.9819946289062,0.0,0.0,0.0,3.3770432472229004,0.4200087785720825,-0.5643001794815063,3.5296223163604736,-0.5677324533462524
186.3459930419922,0.0,0.0,0.0,2.088318347930908,-0.0681857243180275,0.16583101451396942,2.005002975463867,0.24350565671920776
955.0419921875,0.0,0.0,0.0,4.0310163497924805,-0.4983372986316681,0.4546690285205841,4.237225532531738,0.5005000829696655
740.2139892578125,0.0,0.0,0.0,3.5042288303375244,0.5113173723220825,-0.594758152961731,3.311882495880127,-0.7041869163513184
122.08599853515625,0.0,0.0,0.0,4.679006576538086,0.07427669316530228,-0.05577370151877403,4.666667938232422,-0.028554629534482956
588.322021484375,0.0,0.0,0.0,3.930565357208252,0.5106112360954285,-0.5257779955863953,3.9749412536621094,-0.6748484969139099
487.0740051269531,0.0,0.0,0.0,4.003055572509766,0.39452746510505676,-0.31684592366218567,4.216186046600342,-0.32136350870132446
658.47802734375,0.0,0.0,0.0,3.5767416954040527,0.5305749773979187,-0.6043540835380554,3.44596791267395,-0.6198740601539612
901.030029296875,0.0,0.0,0.0,2.8565523624420166,0.44868358969688416,-0.7563035488128662,2.9318439960479736,-0.8226515054702759
411.4859924316406,0.0,0.0,0.0,4.638760089874268,0.06828869134187698,0.022597745060920715,4.543125152587891,0.05487353727221489
356.77398681640625,0.0,0.0,0.0,3.581420421600342,-0.017969809472560883,0.01873365044593811,3.0477917194366455,0.022914061322808266
516.9099731445312,0.0,0.0,0.0,4.265542030334473,0.2418556809425354,-0.1493527889251709,4.3557538986206055,-0.27251875400543213
262.95001220703125,0.0,0.0,0.0,4.580399990081787,0.03901403397321701,-0.006299399305135012,4.710792064666748,0.06357903778553009
950.4660034179688,0.0,0.0,0.0,4.757813930511475,-0.21253442764282227,0.03652340918779373,4.838089466094971,0.10060625523328781
969.406005859375,0.0,0.0,0.0,4.499873638153076,-0.1794160008430481,0.09777411073446274,5.019748210906982,0.09043946117162704
699.2059936523438,0.0,0.0,0.0,3.7772891521453857,0.4789000451564789,-0.49673908948898315,4.074921131134033,-0.5297206044197083
116.88600158691406,0.0,0.0,0.0,4.495016098022461,0.22102896869182587,-0.12447676062583923,4.599733829498291,-0.19360873103141785
295.74200439453125,0.0,0.0,0.0,4.568500518798828,-0.008784427307546139,-0.007298996206372976,4.372350692749023,0.011454488150775433
111.29399871826172,0.0,0.0,0.0,3.2039973735809326,0.3941670060157776,-0.5509424209594727,3.6746504306793213,-0.5009588599205017
197.5540008544922,0.0,0.0,0.0,2.32684063911438,-0.24893081188201904,0.5344658493995667,2.028331756591797,0.4752296507358551
852.06201171875,0.0,0.0,0.0,4.414407253265381,-0.3654618561267853,0.3081403970718384,4.51054573059082,0.31968650221824646
254.57400512695312,0.0,0.0,0.0,4.131195545196533,-0.007376381661742926,-0.02390899695456028,4.282934665679932,-0.03291603550314903
59.18199920654297,0.0,0.0,0.0,-0.0009976938599720597,0.00040279023232869804,-0.001273440197110176,0.0,0.0
795.8820190429688,0.0,0.0,0.0,4.265739917755127,-0.3876578211784363,0.26160570979118347,4.641035556793213,0.2799106538295746
157.57400512695312,0.0,0.0,0.0,4.305507659912109,-0.41390207409858704,0.3319648206233978,4.403785705566406,0.3503595292568207
299.4580078125,0.0,0.0,0.0,4.716334819793701,-0.13993516564369202,0.03797747194766998,4.818336009979248,0.08326724916696548
199.75399780273438,0.0,0.0,0.0,2.5476200580596924,-0.26627811789512634,0.5462204217910767,2.319409132003784,0.5454197525978088
632.1820068359375,0.0,0.0,0.0,2.4525628089904785,-0.07404965162277222,0.08096231520175934,2.4356369972229004,0.08696293085813522
948.469970703125,0.0,0.0,0.0,4.424342155456543,-0.38981619477272034,0.2659105956554413,4.543788909912109,0.24312087893486023
712.7420043945312,0.0,0.0,0.0,4.461522102355957,-0.3926096558570862,0.26425057649612427,4.561821937561035,0.25789833068847656
538.6420288085938,0.0,0.0,0.0,1.933282732963562,0.2722097337245941,-0.7530918717384338,2.058769702911377,-0.7034353017807007
342.12200927734375,0.0,0.0,0.0,3.8089985847473145,-0.49470651149749756,0.44816797971725464,4.138566493988037,0.5394014716148376
220.78199768066406,0.0,0.0,0.0,3.2862679958343506,0.36300361156463623,-0.44904327392578125,3.5573742389678955,-0.5231917500495911
836.6259765625,0.0,0.0,0.0,4.570268630981445,0.265808641910553,-0.15107017755508423,4.689321994781494,-0.1719377487897873
659.8099975585938,0.0,0.0,0.0,3.2178006172180176,0.41585463285446167,-0.5392544269561768,3.734226703643799,-0.6511085629463196
832.0020141601562,0.0,0.0,0.0,4.021342754364014,0.45927461981773376,-0.419874370098114,4.462666988372803,-0.47001662850379944
913.1380004882812,0.0,0.0,0.0,3.829965829849243,0.42117130756378174,-0.3849174678325653,4.181450366973877,-0.4781821668148041
235.18600463867188,0.0,0.0,0.0,4.7126288414001465,0.04296458140015602,-0.010105496272444725,4.984000205993652,0.040078043937683105
515.4420166015625,0.0,0.0,0.0,4.593613624572754,0.05889606848359108,-0.04395171254873276,4.550699234008789,-0.045525819063186646
652.72998046875,0.0,0.0,0.0,4.621434211730957,0.22859396040439606,-0.13777247071266174,4.820459842681885,-0.12719081342220306
494.3739929199219,0.0,0.0,0.0,4.671414375305176,0.08928605169057846,-0.01993810571730137,4.580922603607178,0.003974343184381723
785.9459838867188,0.0,0.0,0.0,2.6640982627868652,-0.102780781686306,0.20748256146907806,2.561403274536133,0.2657547891139984
817.2459716796875,0.0,0.0,0.0,3.0497992038726807,0.4076964855194092,-0.564670979976654,3.076829671859741,-0.6471143364906311
374.9580078125,0.0,0.0,0.0,3.54274320602417,-0.40290436148643494,0.4927625358104706,3.599297046661377,0.5918024778366089
224.01800537109375,0.0,0.0,0.0,4.423103332519531,0.22985485196113586,-0.11546789854764938,4.6861891746521,-0.20348672568798065
874.9979858398438,0.0,0.0,0.0,4.0389556884765625,-0.04549384117126465,0.020089004188776016,3.5127198696136475,0.06839228421449661
200.98599243164062,0.0,0.0,0.0,1.9081025123596191,-0.21687975525856018,0.6127309799194336,1.9636400938034058,0.6713535785675049
790.1900024414062,0.0,0.0,0.0,1.849312663078308,-0.15113043785095215,0.5239719152450562,1.9613584280014038,0.6272485852241516
911.5380249023438,0.0,0.0,0.0,4.37692403793335,0.266869455575943,-0.2862975001335144,4.2378644943237305,-0.39386746287345886
451.79400634765625,0.0,0.0,0.0,4.570903778076172,-0.1342405080795288,0.11446474492549896,4.703211784362793,0.04834401234984398
835.6060180664062,0.0,0.0,0.0,4.38897705078125,0.4524109661579132,-0.2895362377166748,4.797754764556885,-0.26340121030807495
632.3820190429688,0.0,0.0,0.0,2.4285707473754883,-0.042616114020347595,0.047735314816236496,2.4461991786956787,-0.005886019207537174
270.1180114746094,0.0,0.0,0.0,1.9702388048171997,0.17131851613521576,-0.5652867555618286,2.1189165115356445,-0.5824917554855347
686.9420166015625,0.0,0.0,0.0,2.4781723022460938,0.2017246037721634,-0.37534597516059875,2.3022055625915527,-0.462152361869812
76.24199676513672,0.0,0.0,0.0,3.8432846069335938,0.4180396497249603,-0.4266253709793091,3.9499287605285645,-0.507770836353302
694.2059936523438,0.0,0.0,0.0,4.301855564117432,0.3687775731086731,-0.25542399287223816,4.573288917541504,-0.2225814163684845
685.64599609375,0.0,0.0,0.0,3.2974653244018555,0.3735559582710266,-0.5155185461044312,3.724503755569458,-0.4646766483783722
160.29400634765625,0.0,0.0,0.0,4.327866077423096,-0.4672964811325073,0.34566378593444824,4.575475692749023,0.25641053915023804
136.1820068359375,0.0,0.0,0.0,4.664095878601074,0.03725286200642586,-0.005651475396007299,4.809088706970215,-0.06046146899461746
474.2860107421875,0.0,0.0,0.0,3.2061688899993896,0.40573567152023315,-0.5010984539985657,3.928204298019409,-0.7130290269851685
477.3699951171875,0.0,0.0,0.0,3.629497766494751,0.35887208580970764,-0.370513916015625,3.9988560676574707,-0.3848998248577118
563.6300048828125,0.0,0.0,0.0,2.473963737487793,0.389902263879776,-0.7494524121284485,2.6110312938690186,-0.8302004933357239
497.19000244140625,0.0,0.0,0.0,3.8125977516174316,0.013056449592113495,0.024902017787098885,3.5486412048339844,0.027849413454532623
223.57400512695312,0.0,0.0,0.0,4.323053359985352,0.27196550369262695,-0.2119888812303543,4.589258193969727,-0.15780436992645264
905.8460083007812,0.0,0.0,0.0,3.3596034049987793,0.4882575571537018,-0.5581149458885193,3.879063129425049,-0.6428061723709106
773.2780151367188,0.0,0.0,0.0,4.44510555267334,0.34977975487709045,-0.2559647262096405,4.591170310974121,-0.21314574778079987
518.5499877929688,0.0,0.0,0.0,4.3304643630981445,0.1633228361606598,-0.10536554455757141,4.775246620178223,-0.13392896950244904
475.2820129394531,0.0,0.0,0.0,3.6701626777648926,0.3958396315574646,-0.4000343382358551,3.6331279277801514,-0.3875190019607544
325.75,0.0,0.0,0.0,4.645719051361084,-0.33820223808288574,0.2030918300151825,4.6881890296936035,0.27282634377479553
923.3619995117188,0.0,0.0,0.0,3.8250057697296143,-0.35894519090652466,0.2755845785140991,4.135081768035889,0.36988359689712524
626.7780151367188,0.0,0.0,0.0,4.273881912231445,0.2677866518497467,-0.18949811160564423,4.645151615142822,-0.2148725688457489
189.302001953125,0.0,0.0,0.0,3.1073596477508545,-0.2563241422176361,0.34803298115730286,3.4137015342712402,0.33892062306404114
748.3499755859375,0.0,0.0,0.0,3.546114921569824,0.46003609895706177,-0.49914443492889404,4.035794258117676,-0.5449802875518799
57.5260009765625,0.0,0.0,0.0,-0.0009296924690715969,0.0005832708557136357,-0.0017438825452700257,0.0,0.0
291.406005859375,0.0,0.0,0.0,4.28871488571167,-0.3544418513774872,0.22261673212051392,4.516549587249756,0.15359807014465332
988.969970703125,0.0,0.0,0.0,4.614208221435547,0.14813919365406036,-0.24845892190933228,4.838216781616211,-0.29424116015434265
885.197998046875,0.0,0.0,0.0,4.506300449371338,0.26749327778816223,-0.17099210619926453,4.597128391265869,-0.19584020972251892
507.510009765625,0.0,0.0,0.0,3.2327077388763428,0.32130715250968933,-0.4801049530506134,3.2479848861694336,-0.4661283493041992
530.9099731445312,0.0,0.0,0.0,3.072274684906006,0.4577587842941284,-0.6790177226066589,2.962799549102783,-0.7419527173042297
850.72998046875,0.0,0.0,0.0,4.066101551055908,-0.4870759844779968,0.3551298677921295,4.345282554626465,0.32177427411079407
345.1059875488281,0.0,0.0,0.0,3.4388980865478516,-0.4633769094944,0.5296829342842102,3.7075746059417725,0.540719211101532
809.6099853515625,0.0,0.0,0.0,4.321458339691162,0.03682784363627434,-0.004897430073469877,4.256688594818115,-0.024949748069047928
817.6300048828125,0.0,0.0,0.0,2.962528944015503,0.3787927031517029,-0.540341854095459,3.0528764724731445,-0.6251261830329895
456.77398681640625,0.0,0.0,0.0,3.593414306640625,-0.3721971809864044,0.3874568045139313,3.8884522914886475,0.4069923460483551
397.5459899902344,0.0,0.0,0.0,4.659597396850586,0.16419509053230286,-0.08056214451789856,4.429996967315674,-0.047804467380046844
411.6820068359375,0.0,0.0,0.0,4.596314907073975,0.04714837297797203,-0.010241434909403324,4.955630302429199,-0.0027498072013258934
637.6500244140625,0.0,0.0,0.0,2.9563980102539062,-0.13369588553905487,0.19218240678310394,3.2483952045440674,0.1758231520652771
526.3380126953125,0.0,0.0,0.0,2.6445868015289307,0.4203226566314697,-0.6964170336723328,3.1095285415649414,-0.8411110043525696
170.906005859375,0.0,0.0,0.0,4.66497802734375,-0.09486085176467896,-0.032062873244285583,5.095548629760742,0.06083633378148079
452.91400146484375,0.0,0.0,0.0,4.55877685546875,-0.09247642755508423,0.08686584234237671,4.534709930419922,0.023016711696982384
924.969970703125,0.0,0.0,0.0,3.665536403656006,-0.49965718388557434,0.5077800750732422,3.423149585723877,0.5660783648490906
219.08999633789062,0.0,0.0,0.0,3.1002256870269775,0.2419165074825287,-0.3382536768913269,3.3248541355133057,-0.33703115582466125
490.2460021972656,0.0,0.0,0.0,4.343116760253906,0.37709081172943115,-0.3192719519138336,4.847080230712891,-0.3487754464149475
240.0780029296875,0.0,0.0,0.0,4.262045383453369,0.037908148020505905,-0.026509596034884453,3.837643623352051,-0.03930504620075226
460.0260009765625,0.0,0.0,0.0,4.558809280395508,-0.09010844677686691,0.048311684280633926,4.563073635101318,0.08755359053611755
346.1860046386719,0.0,0.0,0.0,3.8278913497924805,-0.43653708696365356,0.4066041111946106,4.383049964904785,0.4252975285053253
439.7019958496094,0.0,0.0,0.0,2.5318377017974854,-0.22712542116641998,0.3831995129585266,3.0083019733428955,0.5279329419136047
133.9459991455078,0.0,0.0,0.0,4.637225151062012,0.08187443017959595,-0.010825684294104576,4.995511054992676,-0.056001704186201096
989.073974609375,0.0,0.0,0.0,4.588287830352783,0.21846409142017365,-0.29863789677619934,4.823058605194092,-0.19587905704975128
216.3419952392578,0.0,0.0,0.0,2.655444383621216,-0.04781193658709526,0.044865939766168594,2.46592378616333,-0.05124713480472565
768.75,0.0,0.0,0.0,4.683444976806641,0.010004852898418903,0.040358904749155045,5.014586925506592,-0.0046864901669323444
89.84200286865234,0.0,0.0,0.0,4.407980442047119,0.2689252197742462,-0.1436448097229004,4.434600830078125,-0.19530561566352844
550.6420288085938,0.0,0.0,0.0,1.8030433654785156,-0.2077246755361557,0.6758829355239868,1.9548910856246948,0.7272695302963257
958.8140258789062,0.0,0.0,0.0,4.504990100860596,-0.1889946460723877,0.11343152076005936,4.627588272094727,0.13109293580055237
660.5659790039062,0.0,0.0,0.0,3.5661370754241943,0.39234817028045654,-0.3846297562122345,4.508915901184082,-0.4862554669380188
311.6419982910156,0.0,0.0,0.0,4.419549465179443,-0.334968626499176,0.2343938648700714,4.505405426025391,0.27326035499572754
211.54600524902344,0.0,0.0,0.0,2.226356267929077,-0.2516820430755615,0.6164179444313049,2.557565689086914,0.7193689942359924
240.68600463867188,0.0,0.0,0.0,3.911684513092041,0.021739477291703224,0.006957356818020344,3.892923593521118,0.02546265907585621
552.2020263671875,0.0,0.0,0.0,1.8795546293258667,-0.24838578701019287,0.7679320573806763,2.0316171646118164,0.7493635416030884
968.6060180664062,0.0,0.0,0.0,4.419247150421143,-0.27128180861473083,0.19073818624019623,4.486380100250244,0.09818407148122787
968.177978515625,0.0,0.0,0.0,4.318561553955078,-0.308711975812912,0.17541366815567017,4.694180488586426,0.26339760422706604
952.4420166015625,0.0,0.0,0.0,4.759227275848389,-0.07793321460485458,0.034981828182935715,4.7866530418396,-0.03973320126533508
180.24200439453125,0.0,0.0,0.0,1.7587875127792358,-0.13038669526576996,0.483289510011673,1.8255817890167236,0.5588979125022888
657.302001953125,0.0,0.0,0.0,4.427089214324951,0.2455643266439438,-0.10779190063476562,4.659010410308838,-0.1491275131702423
128.9499969482422,0.0,0.0,0.0,3.637087106704712,0.48239046335220337,-0.5023848414421082,4.0000481605529785,-0.5541223287582397
392.5379943847656,0.0,0.0,0.0,3.6554348468780518,0.46462053060531616,-0.4536421000957489,3.7597084045410156,-0.5284081697463989
936.7420043945312,0.0,0.0,0.0,2.957766532897949,-0.2659721076488495,0.4355088472366333,3.308587074279785,0.4417957365512848
774.833984375,0.0,0.0,0.0,4.627309322357178,0.2290041297674179,-0.10891565680503845,4.501509189605713,-0.140570729970932
421.64599609375,0.0,0.0,0.0,4.616409778594971,0.16962352395057678,-0.09889989346265793,4.881527900695801,-0.09604537487030029
176.57400512695312,0.0,0.0,0.0,1.730655312538147,-0.12333692610263824,0.46818727254867554,1.7144498825073242,0.4777553677558899
571.1500244140625,0.0,0.0,0.0,3.8099524974823,0.4429047405719757,-0.3846002519130707,3.8721296787261963,-0.5135852694511414
222.6060028076172,0.0,0.0,0.0,4.012442111968994,0.3454665243625641,-0.29119551181793213,4.632785797119141,-0.19505251944065094
410.30999755859375,0.0,0.0,0.0,4.654469966888428,0.288189560174942,-0.16109932959079742,4.7837748527526855,-0.11711759865283966
89.59400177001953,0.0,0.0,0.0,4.436017990112305,0.2772383689880371,-0.19653426110744476,4.4177093505859375,-0.18767057359218597
239.61000061035156,0.0,0.0,0.0,4.468006610870361,0.011560669168829918,-0.003013499779626727,4.281915664672852,-0.020715152844786644
538.8779907226562,0.0,0.0,0.0,1.8671663999557495,0.24009586870670319,-0.7639896273612976,2.0565052032470703,-0.8905287981033325
186.906005859375,0.0,0.0,0.0,1.983415126800537,-0.09715739637613297,0.2630535066127777,2.2115981578826904,0.3539418578147888
995.2540283203125,0.0,0.0,0.0,3.9741950035095215,0.45105430483818054,-0.4064028859138489,4.448698997497559,-0.3759825825691223
840.614013671875,0.0,0.0,0.0,4.549023628234863,0.3217943012714386,-0.1669803112745285,4.750176429748535,-0.3047810196876526
633.7780151367188,0.0,0.0,0.0,2.290369749069214,0.004671270027756691,0.04595918208360672,2.420124053955078,0.025766465812921524
672.2459716796875,0.0,0.0,0.0,4.08555269241333,-0.2986959218978882,0.26978787779808044,3.8048105239868164,0.31317004561424255
981.1099853515625,0.0,0.0,0.0,4.576134204864502,0.2772412598133087,-0.1380884200334549,4.564654350280762,-0.13884635269641876
776.3660278320312,0.0,0.0,0.0,4.580438137054443,0.06258974224328995,-0.03224896639585495,4.622537136077881,-0.017552491277456284
449.7099914550781,0.0,0.0,0.0,4.34832763671875,-0.2581265866756439,0.1757127195596695,4.583301544189453,0.1823604851961136
123.58599853515625,0.0,0.0,0.0,4.703708648681641,-0.0005054191569797695,0.012172076851129532,4.9446258544921875,-0.04861366003751755
1000.6019897460938,0.0,0.0,0.0,3.3681750297546387,-0.005907450802624226,0.05734863504767418,3.5867443084716797,-0.029799269512295723
654.1019897460938,0.0,0.0,0.0,3.878847599029541,0.4745422601699829,-0.4431394934654236,3.881246328353882,-0.5814743638038635
83.51000213623047,0.0,0.0,0.0,3.4588210582733154,0.31917884945869446,-0.3007829785346985,3.837230920791626,-0.457297146320343
194.3419952392578,0.0,0.0,0.0,4.636634826660156,-0.05082208663225174,-0.013024813495576382,4.996134281158447,-0.0327608585357666
424.6820068359375,0.0,0.0,0.0,4.645642280578613,0.031214207410812378,-5.3767853387398645e-05,4.670467853546143,-0.0005210840608924627
561.8419799804688,0.0,0.0,0.0,2.98049259185791,0.3987334966659546,-0.6042404770851135,2.6062662601470947,-0.5983970761299133
528.6500244140625,0.0,0.0,0.0,3.617427110671997,0.4152829349040985,-0.44412893056869507,4.120319366455078,-0.498456209897995
704.0180053710938,0.0,0.0,0.0,4.676639556884766,0.10696007311344147,-0.06797245144844055,4.778420925140381,-0.014372549019753933
234.71400451660156,0.0,0.0,0.0,4.723647117614746,0.09597637504339218,0.025660116225481033,4.877970218658447,0.016216769814491272
409.87799072265625,0.0,0.0,0.0,4.5840935707092285,0.26861414313316345,-0.16503246128559113,4.8780741691589355,-0.1572408527135849
961.6820068359375,0.0,0.0,0.0,4.47623872756958,-0.4254712164402008,0.2615838050842285,4.444475173950195,0.37768852710723877
694.885986328125,0.0,0.0,0.0,4.443782806396484,0.28478696942329407,-0.21813362836837769,4.871269702911377,-0.1559850126504898
106.62200164794922,0.0,0.0,0.0,3.7416112422943115,0.42946386337280273,-0.4407038986682892,3.7935264110565186,-0.4834432005882263
822.5859985351562,0.0,0.0,0.0,4.667870998382568,0.20198774337768555,-0.0754392221570015,5.027604579925537,-0.023383883759379387
775.0460205078125,0.0,0.0,0.0,4.565890789031982,0.2183210402727127,-0.06738993525505066,4.56007719039917,-0.13587264716625214
212.48599243164062,0.0,0.0,0.0,2.7692067623138428,-0.32790660858154297,0.5910714268684387,2.9080517292022705,0.5903090834617615
675.6339721679688,0.0,0.0,0.0,3.5733392238616943,-0.3538544178009033,0.28586024045944214,3.5764920711517334,0.2930048704147339
320.74200439453125,0.0,0.0,0.0,4.727286338806152,-0.043853625655174255,-0.0007251757197082043,4.594064235687256,0.00023443280952051282
778.2940063476562,0.0,0.0,0.0,2.8541040420532227,0.4193706810474396,-0.6464056968688965,3.109365463256836,-0.7008656859397888
66.5780029296875,0.0,0.0,0.0,2.588836431503296,0.10946403443813324,-0.19660143554210663,2.7482428550720215,-0.1965811401605606
899.281982421875,0.0,0.0,0.0,2.584695816040039,0.32823601365089417,-0.7191427946090698,2.7686338424682617,-0.7728557586669922
259.8380126953125,0.0,0.0,0.0,4.2691826820373535,0.15791524946689606,-0.07945394515991211,4.534412384033203,-0.08492843061685562
879.010009765625,0.0,0.0,0.0,1.9952832460403442,-0.16127946972846985,0.4827841520309448,2.070730209350586,0.540294885635376
536.469970703125,0.0,0.0,0.0,3.7416746616363525,0.49689891934394836,-0.5925469398498535,3.829225778579712,-0.658967137336731
452.010009765625,0.0,0.0,0.0,4.566389560699463,-0.12360561639070511,0.040498264133930206,4.704107284545898,-0.014848540537059307
400.5260009765625,0.0,0.0,0.0,3.7613205909729004,0.03829255700111389,-0.1165231466293335,3.6443045139312744,-0.15735654532909393
322.2019958496094,0.0,0.0,0.0,4.710443019866943,-0.2172849476337433,0.17867468297481537,4.626791000366211,0.19961953163146973
190.06199645996094,0.0,0.0,0.0,3.6440510749816895,-0.312267929315567,0.2966122031211853,4.253353595733643,0.3578660786151886
594.5339965820312,0.0,0.0,0.0,2.326829671859741,-0.13267560303211212,0.3113093972206116,2.5248937606811523,0.3492172658443451
836.2860107421875,0.0,0.0,0.0,4.5351176261901855,0.3743775486946106,-0.14509044587612152,4.6323466300964355,-0.13718177378177643
730.666015625,0.0,0.0,0.0,4.746676445007324,0.015887904912233353,-0.024316322058439255,4.606103897094727,0.08870212733745575
463.37799072265625,0.0,0.0,0.0,2.4274680614471436,-0.32673531770706177,0.6413390636444092,2.5659708976745605,0.6968099474906921
910.5499877929688,0.0,0.0,0.0,4.587027072906494,0.09815625846385956,-0.005393271334469318,4.747355937957764,0.0021014525555074215
509.8380126953125,0.0,0.0,0.0,3.814288854598999,0.32419294118881226,-0.22562074661254883,4.1068315505981445,-0.29243004322052
626.3419799804688,0.0,0.0,0.0,4.192784786224365,0.26611676812171936,-0.2065482884645462,4.1974382400512695,-0.3399069309234619
662.2659912109375,0.0,0.0,0.0,4.331434726715088,0.30041390657424927,-0.21198613941669464,4.69325590133667,-0.30812346935272217
800.4099731445312,0.0,0.0,0.0,4.283459663391113,-0.4058896601200104,0.270257830619812,4.718801975250244,0.3323659300804138
151.19000244140625,0.0,0.0,0.0,4.103780746459961,-0.35964760184288025,0.2851463556289673,4.397014617919922,0.22133193910121918
945.2139892578125,0.0,0.0,0.0,4.671896457672119,0.049351468682289124,0.02208978682756424,4.80469274520874,-0.005165637470781803
272.906005859375,0.0,0.0,0.0,2.1811556816101074,0.014212464913725853,-0.020730063319206238,2.225433588027954,0.05543718859553337
390.0580139160156,0.0,0.0,0.0,3.260279893875122,0.40015795826911926,-0.45499199628829956,3.5466530323028564,-0.617579460144043
768.9819946289062,0.0,0.0,0.0,4.704373359680176,0.01311514712870121,-0.0550837405025959,4.5872111320495605,-0.10210222005844116
336.010009765625,0.0,0.0,0.0,4.821159839630127,-0.0031657887157052755,0.0026546998415142298,4.8404011726379395,-0.04244520142674446
957.27001953125,0.0,0.0,0.0,4.373643398284912,-0.35258686542510986,0.23706293106079102,4.65346097946167,0.26220571994781494
241.19000244140625,0.0,0.0,0.0,3.611745834350586,0.0054305801168084145,-0.029103295877575874,3.5148003101348877,0.017186425626277924
651.781982421875,0.0,0.0,0.0,4.49360990524292,0.3290107250213623,-0.269223153591156,4.818715572357178,-0.24229489266872406
450.01800537109375,0.0,0.0,0.0,4.38470983505249,-0.2356887012720108,0.11365651339292526,4.509777069091797,0.04784977436065674
446.6419982910156,0.0,0.0,0.0,3.825775146484375,-0.33983147144317627,0.3768230080604553,3.9235382080078125,0.47056615352630615
327.01800537109375,0.0,0.0,0.0,4.585358619689941,-0.30987682938575745,0.17834730446338654,4.69205379486084,0.13246546685695648
624.302001953125,0.0,0.0,0.0,4.567745208740234,-0.212387815117836,0.16444921493530273,4.44525671005249,0.12855854630470276
317.1059875488281,0.0,0.0,0.0,4.669597148895264,-0.2439899891614914,0.15276110172271729,4.963239669799805,0.16418427228927612
930.14599609375,0.0,0.0,0.0,4.727149963378906,-0.024942319840192795,-0.054039258509874344,4.850327968597412,-0.06303934007883072
547.4819946289062,0.0,0.0,0.0,1.8989570140838623,-0.18075279891490936,0.5820626020431519,1.853705883026123,0.6295193433761597
831.6060180664062,0.0,0.0,0.0,3.6881163120269775,0.48310476541519165,-0.5062041878700256,4.515618801116943,-0.4208199381828308
785.3579711914062,0.0,0.0,0.0,3.0474393367767334,0.005776087287813425,0.037622418254613876,2.8252193927764893,0.1100655049085617
243.57400512695312,0.0,0.0,0.0,1.9736734628677368,0.07468730956315994,-0.27819445729255676,1.9734983444213867,-0.2552126944065094
371.80999755859375,0.0,0.0,0.0,4.481778621673584,0.3219498097896576,-0.24678900837898254,4.486115455627441,-0.26614585518836975
867.0540161132812,0.0,0.0,0.0,3.2302513122558594,-0.4217444956302643,0.5732153654098511,2.9812026023864746,0.6710422039031982
484.14599609375,0.0,0.0,0.0,2.214362621307373,0.2473805844783783,-0.6135672926902771,2.2773396968841553,-0.5362116098403931
699.4979858398438,0.0,0.0,0.0,3.6747255325317383,0.46494415402412415,-0.45837679505348206,3.684844732284546,-0.568509578704834
922.8099975585938,0.0,0.0,0.0,3.5388448238372803,-0.388790100812912,0.4058093726634979,3.586308479309082,0.418397456407547
720.85400390625,0.0,0.0,0.0,4.64959192276001,-0.20586079359054565,0.20698969066143036,4.754647731781006,0.28455525636672974
310.1099853515625,0.0,0.0,0.0,4.668354511260986,-0.2351451963186264,0.08606589585542679,4.735590934753418,0.11446737498044968
833.3099975585938,0.0,0.0,0.0,4.326600551605225,0.38900575041770935,-0.3031592071056366,4.6186089515686035,-0.2781865894794464
183.75799560546875,0.0,0.0,0.0,2.502589464187622,-0.1830955445766449,0.32372352480888367,2.6384873390197754,0.3586982488632202
869.677978515625,0.0,0.0,0.0,3.534072160720825,-0.3916979432106018,0.4149220287799835,3.9501588344573975,0.3839399218559265
474.48199462890625,0.0,0.0,0.0,3.3915958404541016,0.43348896503448486,-0.5178245306015015,3.6803739070892334,-0.4433518648147583
93.45800018310547,0.0,0.0,0.0,4.449524879455566,0.14309130609035492,-0.07660090923309326,4.585185527801514,-0.09885431826114655
564.5339965820312,0.0,0.0,0.0,2.6122899055480957,0.3721838593482971,-0.6384544968605042,2.6869330406188965,-0.7407994866371155
688.14599609375,0.0,0.0,0.0,1.5634610652923584,0.11487884819507599,-0.4403764009475708,1.7422672510147095,-0.4967588782310486
888.2020263671875,0.0,0.0,0.0,4.349573135375977,0.23789265751838684,-0.24769604206085205,4.248111724853516,-0.39547279477119446
224.44200134277344,0.0,0.0,0.0,4.541972637176514,0.17052286863327026,-0.05669912323355675,4.766869068145752,-0.07574287801980972
659.0780029296875,0.0,0.0,0.0,3.1213583946228027,0.4551927447319031,-0.5863173604011536,3.5135128498077393,-0.7006453275680542
479.5539855957031,0.0,0.0,0.0,4.184110164642334,0.24382616579532623,-0.1617145985364914,4.315554141998291,-0.14317093789577484
602.1900024414062,0.0,0.0,0.0,4.109260082244873,-0.4292166531085968,0.334088534116745,4.535799026489258,0.4379454255104065
503.7820129394531,0.0,0.0,0.0,3.75077748298645,0.27559709548950195,-0.26623886823654175,4.169480800628662,-0.3535148799419403
887.3779907226562,0.0,0.0,0.0,4.47806453704834,0.2273559719324112,-0.1322004497051239,4.858699321746826,-0.084845632314682
554.8259887695312,0.0,0.0,0.0,1.8099757432937622,-0.20626908540725708,0.6636578440666199,1.9039021730422974,0.6536824107170105
523.4539794921875,0.0,0.0,0.0,3.569216251373291,0.44252708554267883,-0.4596782922744751,4.010942459106445,-0.5880406498908997
362.8500061035156,0.0,0.0,0.0,2.462867021560669,0.296846479177475,-0.5191048979759216,2.6373958587646484,-0.5224322080612183
503.5740051269531,0.0,0.0,0.0,3.591505527496338,0.24827232956886292,-0.23327341675758362,3.9632585048675537,-0.29099613428115845
939.6099853515625,0.0,0.0,0.0,4.378349304199219,-0.2184843271970749,0.15126831829547882,4.489377975463867,0.08549182862043381
149.87399291992188,0.0,0.0,0.0,3.1537563800811768,-0.3809242248535156,0.49719610810279846,3.469665050506592,0.5344434380531311
412.4620056152344,0.0,0.0,0.0,4.695248603820801,0.055638957768678665,-0.011576333083212376,4.881968021392822,-0.058617763221263885
254.67799377441406,0.0,0.0,0.0,4.11766242980957,0.02163432165980339,-0.02690403163433075,4.1531982421875,0.011577308177947998
221.8419952392578,0.0,0.0,0.0,3.6879096031188965,0.3785531222820282,-0.40371978282928467,4.034717082977295,-0.4353278577327728
839.7459716796875,0.0,0.0,0.0,4.334997177124023,0.4427248537540436,-0.3341313898563385,4.656121253967285,-0.3308058977127075
251.69000244140625,0.0,0.0,0.0,4.559567451477051,0.08664369583129883,-0.07530423998832703,4.969691276550293,0.03597607836127281
940.5380249023438,0.0,0.0,0.0,4.460669040679932,-0.09306713938713074,0.011810528114438057,4.725850582122803,0.08759459108114243
787.1580200195312,0.0,0.0,0.0,2.3452889919281006,-0.10871963948011398,0.2105458825826645,2.474400520324707,0.25357428193092346
78.28600311279297,0.0,0.0,0.0,4.1320719718933105,0.33997344970703125,-0.3044666349887848,4.33276891708374,-0.26424017548561096
892.9979858398438,0.0,0.0,0.0,4.103864669799805,0.4923083186149597,-0.494549423456192,4.077475070953369,-0.5300413966178894
509.07000732421875,0.0,0.0,0.0,3.4092302322387695,0.31317007541656494,-0.3470488488674164,3.6113040447235107,-0.39843371510505676
605.9140014648438,0.0,0.0,0.0,4.551937580108643,-0.3777046203613281,0.2563459873199463,4.7518768310546875,0.28981322050094604
676.2459716796875,0.0,0.0,0.0,3.8560919761657715,-0.3610495924949646,0.39067816734313965,4.016748428344727,0.35686397552490234
275.5379943847656,0.0,0.0,0.0,1.500708818435669,-0.025264745578169823,0.023068347945809364,1.734984040260315,0.09405303746461868
852.9940185546875,0.0,0.0,0.0,4.165591239929199,-0.4974304735660553,0.4167589247226715,4.597573757171631,0.45514774322509766
761.3779907226562,0.0,0.0,0.0,3.4761624336242676,0.4239034950733185,-0.5358620285987854,3.6338887214660645,-0.5235844254493713
894.7420043945312,0.0,0.0,0.0,4.20076322555542,0.4683535397052765,-0.40149378776550293,4.163058280944824,-0.6048000454902649
798.1220092773438,0.0,0.0,0.0,4.663413047790527,-0.14754141867160797,0.07035518437623978,4.861759662628174,0.08707807213068008
330.885986328125,0.0,0.0,0.0,4.521695137023926,-0.2789348363876343,0.13544853031635284,4.516306400299072,0.09772490710020065
158.5019989013672,0.0,0.0,0.0,4.135089874267578,-0.5670517086982727,0.4690695106983185,4.396697521209717,0.5164912343025208
840.0180053710938,0.0,0.0,0.0,4.379641056060791,0.4067302942276001,-0.2493847906589508,4.772804260253906,-0.3404061794281006
909.114013671875,0.0,0.0,0.0,4.480877876281738,0.2621917426586151,-0.13419052958488464,4.736241340637207,-0.05846603214740753
585.5139770507812,0.0,0.0,0.0,4.185035228729248,0.37256139516830444,-0.2619544565677643,4.666446208953857,-0.38714608550071716
498.2460021972656,0.0,0.0,0.0,3.0222723484039307,0.0022574213799089193,-0.0006502907490357757,3.087440252304077,-0.02019757404923439
75.70999908447266,0.0,0.0,0.0,4.219338893890381,0.2768189609050751,-0.3461085259914398,3.956451892852783,-0.4633510112762451
484.85400390625,0.0,0.0,0.0,2.5239498615264893,0.2820316255092621,-0.5404583215713501,2.809577703475952,-0.6368193030357361
380.6099853515625,0.0,0.0,0.0,4.107977390289307,-0.40349864959716797,0.2804074287414551,4.362155914306641,0.3255859613418579
603.6420288085938,0.0,0.0,0.0,4.463296890258789,-0.2867640554904938,0.17960937321186066,4.727409362792969,0.2059587836265564
185.67799377441406,0.0,0.0,0.0,2.2227935791015625,-0.09276696294546127,0.14072974026203156,2.245544910430908,0.2072705179452896
982.1099853515625,0.0,0.0,0.0,4.6542768478393555,0.23101241886615753,-0.14253264665603638,4.46638822555542,-0.07869409024715424
501.8340148925781,0.0,0.0,0.0,2.727109670639038,0.2216060310602188,-0.36345773935317993,2.7367987632751465,-0.3980170488357544
775.166015625,0.0,0.0,0.0,4.583835601806641,0.19519256055355072,-0.14359644055366516,4.733231544494629,-0.06414395570755005
198.8300018310547,0.0,0.0,0.0,2.149628162384033,-0.19652186334133148,0.441755086183548,2.309741735458374,0.5228222608566284
279.2019958496094,0.0,0.0,0.0,2.7704291343688965,-0.2064255028963089,0.43389129638671875,3.0572926998138428,0.46626538038253784
898.8460083007812,0.0,0.0,0.0,2.4748334884643555,0.36993902921676636,-0.7130040526390076,2.683260679244995,-0.7571477890014648
858.2100219726562,0.0,0.0,0.0,4.648561000823975,-0.1056327074766159,0.08180569857358932,4.7314043045043945,0.06242046505212784
549.0139770507812,0.0,0.0,0.0,1.77406907081604,-0.1737363636493683,0.5615679621696472,1.8071247339248657,0.6007216572761536
580.6380004882812,0.0,0.0,0.0,4.207330226898193,0.46688368916511536,-0.39164412021636963,4.158222198486328,-0.44529470801353455
928.677978515625,0.0,0.0,0.0,4.525630474090576,-0.21355117857456207,0.1343802660703659,4.610111236572266,0.16529333591461182
680.0139770507812,0.0,0.0,0.0,4.434134006500244,-0.3327448070049286,0.2404233068227768,4.460378170013428,0.1794666349887848
837.9860229492188,0.0,0.0,0.0,4.750373840332031,0.20161005854606628,-0.11236920207738876,4.625283718109131,-0.23382295668125153
248.8419952392578,0.0,0.0,0.0,3.9130172729492188,0.33372244238853455,-0.22594018280506134,4.093074321746826,-0.2919156849384308
578.2780151367188,0.0,0.0,0.0,3.930464744567871,0.6067032217979431,-0.5545588135719299,4.181445598602295,-0.5781183242797852
476.510009765625,0.0,0.0,0.0,3.590111494064331,0.33816635608673096,-0.3709077835083008,3.815688133239746,-0.5028889179229736
879.8099975585938,0.0,0.0,0.0,2.320355176925659,-0.2118220031261444,0.4561029374599457,2.381934404373169,0.5275159478187561
77.05000305175781,0.0,0.0,0.0,3.9247617721557617,0.42948636412620544,-0.44623836874961853,4.263093948364258,-0.4079674780368805
825.5260009765625,0.0,0.0,0.0,4.741761207580566,0.012891510501503944,0.009889191016554832,4.957468509674072,-0.056158397346735
230.82200622558594,0.0,0.0,0.0,4.107121467590332,0.44279026985168457,-0.38271385431289673,4.1629438400268555,-0.3458571434020996
960.1099853515625,0.0,0.0,0.0,4.4986371994018555,-0.395986944437027,0.22926095128059387,4.631909370422363,0.2632291615009308
703.7780151367188,0.0,0.0,0.0,4.659997940063477,0.0998629778623581,-0.033300191164016724,4.842228889465332,-0.08027861267328262
194.68600463867188,0.0,0.0,0.0,4.616017818450928,-0.01567291095852852,0.03473645821213722,4.535232067108154,0.00163456320296973
673.5659790039062,0.0,0.0,0.0,3.891153573989868,-0.4160361886024475,0.3844856321811676,4.176941394805908,0.44959017634391785
348.6300048828125,0.0,0.0,0.0,4.391400337219238,-0.3844786286354065,0.259677916765213,4.5921478271484375,0.2852800488471985
751.4140014648438,0.0,0.0,0.0,4.589052677154541,0.217611163854599,-0.07666389644145966,4.78354024887085,-0.14740341901779175
470.1419982910156,0.0,0.0,0.0,4.696120738983154,-0.05711418390274048,0.030651938170194626,4.864726543426514,0.0717444196343422
209.08200073242188,0.0,0.0,0.0,1.861922025680542,-0.17997100949287415,0.6226682066917419,1.8695902824401855,0.5995873212814331
510.2860107421875,0.0,0.0,0.0,3.9613089561462402,0.33664125204086304,-0.2988462448120117,4.265951156616211,-0.21031266450881958
987.2899780273438,0.0,0.0,0.0,4.770771026611328,0.040449369698762894,-0.04193723574280739,4.950435161590576,-0.07334045320749283
348.8340148925781,0.0,0.0,0.0,4.395022869110107,-0.3270643651485443,0.17917214334011078,4.622903347015381,0.26209139823913574
692.385986328125,0.0,0.0,0.0,3.2039542198181152,0.3361717462539673,-0.4365553855895996,3.3500444889068604,-0.5065973997116089
375.85400390625,0.0,0.0,0.0,3.2078640460968018,-0.3872999846935272,0.4810909628868103,3.504786729812622,0.5582844018936157
819.2979736328125,0.0,0.0,0.0,3.864201784133911,0.4453813135623932,-0.4693277180194855,4.095604419708252,-0.48438748717308044
149.73399353027344,0.0,0.0,0.0,3.0593442916870117,-0.37030303478240967,0.5471819639205933,3.4277729988098145,0.5371752381324768
393.7460021972656,0.0,0.0,0.0,3.655834197998047,0.49918270111083984,-0.47585949301719666,3.714728832244873,-0.487616628408432
232.28599548339844,0.0,0.0,0.0,4.502134799957275,0.30775579810142517,-0.18499554693698883,4.58087682723999,-0.21446850895881653
350.1180114746094,0.0,0.0,0.0,4.655295372009277,-0.25177428126335144,0.16340047121047974,4.673561096191406,0.10403447598218918
693.4180297851562,0.0,0.0,0.0,3.84140944480896,0.3948005139827728,-0.3529466688632965,4.287173271179199,-0.413860946893692
365.0220031738281,0.0,0.0,0.0,3.526921033859253,0.4953121542930603,-0.4912377595901489,3.6844990253448486,-0.5675102472305298
870.3460083007812,0.0,0.0,0.0,3.9110946655273438,-0.3696878254413605,0.3468044698238373,4.206443786621094,0.3446332514286041
458.50201416015625,0.0,0.0,0.0,4.241002559661865,-0.25711408257484436,0.16703134775161743,4.5683770179748535,0.1989138126373291
497.06201171875,0.0,0.0,0.0,3.8868253231048584,0.017725832760334015,0.0022884963545948267,3.658900737762451,0.0012813742505386472
855.0540161132812,0.0,0.0,0.0,4.520544052124023,-0.32347139716148376,0.19834794104099274,4.516820430755615,0.24880588054656982
932.3779907226562,0.0,0.0,0.0,4.502390384674072,0.05172104761004448,0.026119956746697426,4.622071266174316,-0.016609344631433487
446.7139892578125,0.0,0.0,0.0,3.814291000366211,-0.35740089416503906,0.3889169692993164,3.911289691925049,0.4103364646434784
976.3460083007812,0.0,0.0,0.0,2.8185834884643555,0.3222757875919342,-0.5601186156272888,3.0237016677856445,-0.6933348774909973
960.3099975585938,0.0,0.0,0.0,4.488478183746338,-0.36122074723243713,0.24100811779499054,4.795134544372559,0.2184593379497528
444.4580078125,0.0,0.0,0.0,4.202818393707275,-0.4036782681941986,0.2750748097896576,4.256248474121094,0.32336869835853577
516.3740234375,0.0,0.0,0.0,4.343628883361816,0.23021148145198822,-0.18522858619689941,4.608182430267334,-0.22519278526306152
228.6699981689453,0.0,0.0,0.0,4.128097057342529,0.4391208291053772,-0.3797403573989868,4.270992755889893,-0.35013264417648315
246.1739959716797,0.0,0.0,0.0,2.2803118228912354,0.18240083754062653,-0.42517393827438354,2.538947105407715,-0.4894765615463257
517.3820190429688,0.0,0.0,0.0,4.2010955810546875,0.25796985626220703,-0.1705343872308731,4.099004745483398,-0.24160639941692352
284.6940002441406,0.0,0.0,0.0,4.09371280670166,-0.4908028244972229,0.41038137674331665,4.286769866943359,0.5012547969818115
923.4660034179688,0.0,0.0,0.0,3.871950626373291,-0.33895352482795715,0.3246755599975586,3.8998639583587646,0.36900800466537476
431.91400146484375,0.0,0.0,0.0,2.818913459777832,-0.1744740605354309,0.25785067677497864,2.807046413421631,0.41002142429351807
760.2940063476562,0.0,0.0,0.0,3.932960271835327,0.41867178678512573,-0.39763930439949036,4.062108039855957,-0.5486157536506653
893.6699829101562,0.0,0.0,0.0,3.9272470474243164,0.5595483779907227,-0.49444860219955444,4.289431571960449,-0.4986526072025299
252.71800231933594,0.0,0.0,0.0,4.643638610839844,0.054111067205667496,0.002487677615135908,4.71959114074707,-0.01844516396522522
423.46600341796875,0.0,0.0,0.0,4.745272159576416,0.09722539782524109,-0.032814569771289825,4.605203151702881,-0.05008568987250328
998.4140014648438,0.0,0.0,0.0,4.379076957702637,0.1340935379266739,-0.0530858188867569,4.541386604309082,-0.0209329966455698
945.3099975585938,0.0,0.0,0.0,4.674163341522217,0.028850313276052475,0.03970123454928398,4.742130279541016,0.1740517020225525
669.1939697265625,0.0,0.0,0.0,4.18876314163208,-0.33305779099464417,0.38639897108078003,4.070957183837891,0.5300502181053162
632.281982421875,0.0,0.0,0.0,2.436854839324951,-0.06262082606554031,0.08891452103853226,2.4687798023223877,0.023753682151436806
955.7420043945312,0.0,0.0,0.0,3.8586370944976807,-0.46149393916130066,0.3982732892036438,4.314821243286133,0.4413762092590332
374.6419982910156,0.0,0.0,0.0,3.879392147064209,-0.2764250338077545,0.3721013069152832,3.3023736476898193,0.4787498712539673
895.4459838867188,0.0,0.0,0.0,3.454231023788452,0.6154292225837708,-0.7284320592880249,3.4860329627990723,-0.7756313681602478
173.91799926757812,0.0,0.0,0.0,2.9163856506347656,-0.31503692269325256,0.4899575412273407,2.97339129447937,0.46713560819625854
479.7860107421875,0.0,0.0,0.0,4.239493370056152,0.22021295130252838,-0.09837967157363892,4.637423992156982,-0.19565464556217194
642.010009765625,0.0,0.0,0.0,3.7614057064056396,-0.48233723640441895,0.4917321503162384,3.9950509071350098,0.5348588824272156
536.8820190429688,0.0,0.0,0.0,3.268092155456543,0.5529857873916626,-0.7387564778327942,2.785520315170288,-0.85239177942276
124.83399963378906,0.0,0.0,0.0,4.641339302062988,0.16427436470985413,-0.13951721787452698,4.711418628692627,-0.07400517165660858
800.8820190429688,0.0,0.0,0.0,4.091548919677734,-0.44305798411369324,0.5041172504425049,3.5691323280334473,0.5208669304847717
443.03399658203125,0.0,0.0,0.0,4.227486610412598,-0.2218337208032608,0.1336769312620163,4.2790656089782715,0.20775726437568665
389.6180114746094,0.0,0.0,0.0,3.3392629623413086,0.4022454023361206,-0.539656937122345,3.5530741214752197,-0.7083883285522461
153.51800537109375,0.0,0.0,0.0,3.8166582584381104,-0.48857152462005615,0.46288642287254333,3.8371920585632324,0.5081195831298828
995.9140014648438,0.0,0.0,0.0,4.218006610870361,0.3900473713874817,-0.25734764337539673,4.800057411193848,-0.2915719151496887
613.9459838867188,0.0,0.0,0.0,2.75654673576355,-0.4829546809196472,0.6888885498046875,2.734431266784668,0.7716612219810486
917.8099975585938,0.0,0.0,0.0,4.106977462768555,0.42930883169174194,-0.4586079716682434,3.825735569000244,-0.5763584971427917
190.593994140625,0.0,0.0,0.0,3.904648542404175,-0.2821834981441498,0.2611996829509735,4.341148376464844,0.2893013656139374
668.6740112304688,0.0,0.0,0.0,4.709357261657715,-0.08758679777383804,0.16425274312496185,4.011308670043945,0.3164302706718445
267.77398681640625,0.0,0.0,0.0,3.4806952476501465,0.06590249389410019,-0.17534109950065613,3.166862964630127,-0.21799199283123016
798.4099731445312,0.0,0.0,0.0,4.70792818069458,-0.12510338425636292,0.030332952737808228,5.190910816192627,0.08792336285114288
398.6059875488281,0.0,0.0,0.0,4.583110332489014,0.09679561853408813,-0.041573017835617065,4.555966854095459,0.01408514566719532
130.41799926757812,0.0,0.0,0.0,4.090731143951416,0.3916408121585846,-0.3004303574562073,4.460695266723633,-0.3555603623390198
515.1220092773438,0.0,0.0,0.0,4.494275093078613,0.062038518488407135,-0.007110326550900936,4.626229286193848,-0.05400221049785614
891.302001953125,0.0,0.0,0.0,3.8299386501312256,0.4550709128379822,-0.476840615272522,4.165463447570801,-0.546561062335968
473.5379943847656,0.0,0.0,0.0,3.0608229637145996,0.44558092951774597,-0.5535688400268555,3.108698606491089,-0.614783525466919
595.2979736328125,0.0,0.0,0.0,2.7892754077911377,-0.20547230541706085,0.3781023621559143,3.0606460571289062,0.3699597716331482
313.6099853515625,0.0,0.0,0.0,4.603998184204102,-0.25421401858329773,0.1519131362438202,4.760946750640869,0.21941474080085754
756.1339721679688,0.0,0.0,0.0,4.747940540313721,0.2124536782503128,-0.10917872935533524,4.833677768707275,-0.0572512112557888
859.1300048828125,0.0,0.0,0.0,4.7485833168029785,-0.0012128734961152077,-0.045922622084617615,5.107694149017334,0.05465305969119072
285.48199462890625,0.0,0.0,0.0,4.264047145843506,-0.45137152075767517,0.3565618097782135,4.417870044708252,0.480484277009964
662.6019897460938,0.0,0.0,0.0,4.473159313201904,0.2975533902645111,-0.13891981542110443,4.788444519042969,-0.1433883011341095
316.1419982910156,0.0,0.0,0.0,4.6554670333862305,-0.27047088742256165,0.14074161648750305,4.968614101409912,0.13957332074642181
183.54600524902344,0.0,0.0,0.0,2.523167610168457,-0.17901170253753662,0.3656086325645447,2.731168746948242,0.46679309010505676
78.61000061035156,0.0,0.0,0.0,4.226845741271973,0.3211253881454468,-0.28948742151260376,4.371560573577881,-0.2583402991294861
73.97000122070312,0.0,0.0,0.0,4.550248146057129,0.005345701240003109,-0.0032250178046524525,4.731607437133789,-0.015810975804924965
953.1300048828125,0.0,0.0,0.0,4.809353351593018,-0.061732932925224304,0.02079768478870392,4.949374675750732,0.040642496198415756
434.84600830078125,0.0,0.0,0.0,3.4000601768493652,-0.26054584980010986,0.27114930748939514,3.5869219303131104,0.3153841495513916
502.4100036621094,0.0,0.0,0.0,2.9724228382110596,0.22702351212501526,-0.38311874866485596,3.2678184509277344,-0.41978874802589417
277.75,0.0,0.0,0.0,2.0699949264526367,-0.11839770525693893,0.3516295850276947,2.2574121952056885,0.38751035928726196
410.6260070800781,0.0,0.0,0.0,4.600529670715332,0.2334205061197281,-0.09617827832698822,4.674810886383057,0.00023970688926056027
276.41400146484375,0.0,0.0,0.0,1.5743972063064575,-0.040825266391038895,0.16549792885780334,1.6603949069976807,0.22944647073745728
905.197998046875,0.0,0.0,0.0,3.386671304702759,0.5221071839332581,-0.5621960759162903,3.4855096340179443,-0.7218471169471741
666.7459716796875,0.0,0.0,0.0,4.745389461517334,0.027901777997612953,0.05454879626631737,4.8403449058532715,-0.013159560039639473
213.38999938964844,0.0,0.0,0.0,3.2330474853515625,-0.36568230390548706,0.49802425503730774,3.6524624824523926,0.5332870483398438
408.9100036621094,0.0,0.0,0.0,4.646853446960449,0.20892341434955597,-0.1085742935538292,4.984093189239502,-0.20534880459308624
225.45799255371094,0.0,0.0,0.0,4.735343933105469,0.14688396453857422,-0.07800427824258804,4.910590171813965,-0.057104215025901794
265.1180114746094,0.0,0.0,0.0,4.6961259841918945,0.03594866767525673,-0.013019454665482044,4.799689769744873,0.0021329857409000397
693.3140258789062,0.0,0.0,0.0,3.7965924739837646,0.3890957832336426,-0.4044766128063202,4.121665954589844,-0.4488375186920166
81.01000213623047,0.0,0.0,0.0,3.5024654865264893,0.17024658620357513,-0.2603299021720886,3.4553897380828857,-0.3159829080104828
245.68600463867188,0.0,0.0,0.0,2.06500244140625,0.15491774678230286,-0.4624643325805664,2.2636237144470215,-0.45244815945625305
497.79400634765625,0.0,0.0,0.0,3.2475152015686035,-0.015345530584454536,0.02234962396323681,3.175652027130127,-0.017897171899676323
175.05799865722656,0.0,0.0,0.0,2.2478082180023193,-0.2248869091272354,0.4939829707145691,2.187101125717163,0.5943643450737
405.6059875488281,0.0,0.0,0.0,4.3424906730651855,0.1978963017463684,-0.11657584458589554,4.537439823150635,-0.08295998722314835
277.2380065917969,0.0,0.0,0.0,1.8634246587753296,-0.0944804921746254,0.29330188035964966,1.9091222286224365,0.35323795676231384
341.8819885253906,0.0,0.0,0.0,3.9501194953918457,-0.49508368968963623,0.4240613281726837,3.97819447517395,0.48689910769462585
305.4779968261719,0.0,0.0,0.0,4.594446659088135,-0.22919397056102753,0.12772876024246216,4.668157577514648,0.13225698471069336
343.5459899902344,0.0,0.0,0.0,3.895493745803833,-0.44640040397644043,0.46131253242492676,3.6815478801727295,0.5402312278747559
924.1339721679688,0.0,0.0,0.0,4.0913286209106445,-0.326247900724411,0.29091590642929077,4.223357200622559,0.3805864453315735
225.6060028076172,0.0,0.0,0.0,4.730567932128906,0.13799597322940826,-0.07378514111042023,4.860422134399414,-0.09502647072076797
401.5419921875,0.0,0.0,0.0,2.9279398918151855,0.2465771734714508,-0.35373932123184204,3.07226824760437,-0.41913479566574097
732.9539794921875,0.0,0.0,0.0,2.9688549041748047,0.44612759351730347,-0.6084445118904114,2.9448049068450928,-0.7386344075202942
314.27398681640625,0.0,0.0,0.0,4.617257595062256,-0.27383479475975037,0.20659387111663818,4.907541275024414,0.1749771535396576
854.4140014648438,0.0,0.0,0.0,4.213455677032471,-0.4007068872451782,0.25383657217025757,4.746553421020508,0.2603130042552948
319.08599853515625,0.0,0.0,0.0,4.654077529907227,-0.17064765095710754,0.1327923685312271,4.910495758056641,0.13368482887744904
172.69000244140625,0.0,0.0,0.0,2.8513894081115723,-0.38953450322151184,0.5978454351425171,2.640836477279663,0.6743057370185852
677.469970703125,0.0,0.0,0.0,3.8940813541412354,-0.42926356196403503,0.3540573716163635,3.925352096557617,0.44042250514030457
581.0819702148438,0.0,0.0,0.0,4.235834121704102,0.4647313058376312,-0.40897268056869507,4.402292728424072,-0.4052788317203522
426.56201171875,0.0,0.0,0.0,3.2674593925476074,-0.45472532510757446,0.5811059474945068,3.00089430809021,0.5978381633758545
712.3380126953125,0.0,0.0,0.0,4.41044282913208,-0.39929527044296265,0.29325106739997864,4.511637210845947,0.3489801287651062
949.4420166015625,0.0,0.0,0.0,4.547270774841309,-0.2828957438468933,0.13493916392326355,4.744019508361816,0.09566614031791687
431.4700012207031,0.0,0.0,0.0,3.1344783306121826,-0.1029767394065857,0.15911896526813507,2.9606430530548096,0.1938346028327942
380.1419982910156,0.0,0.0,0.0,3.9790751934051514,-0.5159305930137634,0.4287055432796478,4.587765216827393,0.4731179475784302
502.15399169921875,0.0,0.0,0.0,2.754169225692749,0.19990256428718567,-0.33999279141426086,3.1921775341033936,-0.4386099874973297
410.5379943847656,0.0,0.0,0.0,4.630037307739258,0.24357415735721588,-0.06955505162477493,4.599627494812012,-0.09368892759084702
208.85400390625,0.0,0.0,0.0,1.785984754562378,-0.17047910392284393,0.5298164486885071,1.956758975982666,0.6921836137771606
553.2940063476562,0.0,0.0,0.0,1.8585001230239868,-0.20658741891384125,0.6596111059188843,2.0400052070617676,0.8292829394340515
670.5419921875,0.0,0.0,0.0,3.7531514167785645,-0.30978208780288696,0.3621154725551605,4.19335412979126,0.33844029903411865
568.8820190429688,0.0,0.0,0.0,4.474830150604248,0.1733373999595642,-0.0649745836853981,4.718416213989258,-0.12137989699840546
267.4020080566406,0.0,0.0,0.0,4.044500350952148,-0.003891409607604146,-0.02241930551826954,3.5917513370513916,-0.020021727308630943
579.1060180664062,0.0,0.0,0.0,3.9058949947357178,0.5558393597602844,-0.46482348442077637,4.39664888381958,-0.5973425507545471
764.2659912109375,0.0,0.0,0.0,4.39929723739624,0.1943524181842804,-0.09717833250761032,4.580896377563477,-0.15034878253936768
196.88600158691406,0.0,0.0,0.0,3.299684762954712,-0.1493055522441864,0.25057151913642883,3.0170819759368896,0.3936457633972168
483.093994140625,0.0,0.0,0.0,2.8573689460754395,0.3183455169200897,-0.5772156715393066,2.4470624923706055,-0.6231414675712585
72.3499984741211,0.0,0.0,0.0,4.279257774353027,0.04170594736933708,-0.001754707540385425,4.423583030700684,-0.05703399330377579
545.3380126953125,0.0,0.0,0.0,1.6467041969299316,-0.11864549666643143,0.41072922945022583,1.7088558673858643,0.550101637840271
858.1179809570312,0.0,0.0,0.0,4.641088008880615,-0.0738457441329956,0.06372770667076111,4.836950302124023,0.12288954854011536
733.0460205078125,0.0,0.0,0.0,2.8138198852539062,0.43238410353660583,-0.6590778827667236,2.5422799587249756,-0.6704261302947998
440.3699951171875,0.0,0.0,0.0,2.80965518951416,-0.2330811470746994,0.3921128213405609,2.9479966163635254,0.3778438866138458
449.4700012207031,0.0,0.0,0.0,4.304598331451416,-0.2642839252948761,0.14755021035671234,4.365748882293701,0.23616629838943481
472.06201171875,0.0,0.0,0.0,4.601883411407471,0.06071435287594795,-0.11972315609455109,4.2741289138793945,-0.22780504822731018
865.6099853515625,0.0,0.0,0.0,4.49819803237915,-0.0705581083893776,0.04454800859093666,4.822337627410889,0.08946755528450012
156.61000061035156,0.0,0.0,0.0,3.9496021270751953,-0.4790530800819397,0.4268561005592346,4.362565994262695,0.5042474269866943
465.4700012207031,0.0,0.0,0.0,3.2070229053497314,-0.37525519728660583,0.4967426061630249,3.5548973083496094,0.6046956181526184
256.5780029296875,0.0,0.0,0.0,3.302629232406616,0.16864672303199768,-0.20784100890159607,3.51004695892334,-0.22979898750782013
82.59400177001953,0.0,0.0,0.0,3.0918900966644287,0.2834056317806244,-0.4157652258872986,3.419424057006836,-0.41544994711875916
457.0820007324219,0.0,0.0,0.0,3.697732925415039,-0.3556711971759796,0.32172465324401855,3.8941709995269775,0.35520437359809875
281.3179931640625,0.0,0.0,0.0,3.6963045597076416,-0.3831009566783905,0.40471509099006653,3.9579508304595947,0.521639883518219
821.7540283203125,0.0,0.0,0.0,4.494451999664307,0.24481117725372314,-0.1554914265871048,4.652074813842773,-0.144337460398674
494.4700012207031,0.0,0.0,0.0,4.650274753570557,0.09329981356859207,-0.029234010726213455,4.576601505279541,-0.029089173302054405
635.7459716796875,0.0,0.0,0.0,2.5087411403656006,-0.08572755008935928,0.15165869891643524,2.72566294670105,0.1979018747806549
866.0780029296875,0.0,0.0,0.0,4.52058744430542,-0.07072173058986664,0.0025192962493747473,4.480347633361816,0.14738255739212036
745.4459838867188,0.0,0.0,0.0,3.4997003078460693,0.3708641827106476,-0.4062545895576477,3.8457491397857666,-0.4927818775177002
333.1180114746094,0.0,0.0,0.0,4.687929630279541,-0.14535994827747345,0.04711630567908287,5.02669620513916,0.047527629882097244
209.79400634765625,0.0,0.0,0.0,1.8719325065612793,-0.20415779948234558,0.6438226103782654,2.1130809783935547,0.8127266764640808
346.3139953613281,0.0,0.0,0.0,3.925694704055786,-0.43010473251342773,0.3913938105106354,4.555530071258545,0.3000811040401459
436.1780090332031,0.0,0.0,0.0,3.5232431888580322,-0.18057535588741302,0.146689772605896,3.354647636413574,0.1925448775291443
310.4100036621094,0.0,0.0,0.0,4.716910362243652,-0.20883767306804657,0.07936543226242065,4.696661949157715,0.15094879269599915
763.9140014648438,0.0,0.0,0.0,4.342336654663086,0.3099801242351532,-0.23288172483444214,4.555698871612549,-0.12908796966075897
188.51800537109375,0.0,0.0,0.0,2.5877678394317627,-0.19430695474147797,0.3586099445819855,3.1034977436065674,0.4495777189731598
745.5460205078125,0.0,0.0,0.0,3.5594804286956787,0.3751561641693115,-0.37725135684013367,4.020691871643066,-0.4238910973072052
368.3139953613281,0.0,0.0,0.0,3.926985025405884,0.4967453181743622,-0.48271963000297546,3.9596073627471924,-0.6239436268806458
543.64599609375,0.0,0.0,0.0,1.6558092832565308,-0.09024108201265335,0.3638375699520111,1.5466026067733765,0.3241114020347595
422.8940124511719,0.0,0.0,0.0,4.628704071044922,0.080833800137043,-0.09260305017232895,5.07517147064209,-0.013620183803141117
236.35000610351562,0.0,0.0,0.0,4.713201522827148,0.05439630523324013,-0.01087296660989523,4.869178295135498,0.015246597118675709
722.7579956054688,0.0,0.0,0.0,4.66780948638916,-0.27319374680519104,0.22039546072483063,4.735297203063965,0.2914973497390747
720.1019897460938,0.0,0.0,0.0,4.668881893157959,-0.1864386796951294,0.09441938251256943,4.664387226104736,0.07383692264556885
853.9979858398438,0.0,0.0,0.0,4.2014479637146,-0.4215964674949646,0.37578341364860535,4.097095012664795,0.3930005133152008
966.197998046875,0.0,0.0,0.0,3.334364175796509,-0.40801766514778137,0.45051807165145874,3.8051459789276123,0.6780741810798645
915.75,0.0,0.0,0.0,4.522311687469482,0.2427905797958374,-0.1086796298623085,4.626280307769775,-0.212644562125206
364.6860046386719,0.0,0.0,0.0,3.5210063457489014,0.4434824585914612,-0.43999114632606506,3.7567155361175537,-0.5524192452430725
542.72998046875,0.0,0.0,0.0,1.4040451049804688,-0.053406283259391785,0.23985150456428528,1.5724961757659912,0.29057547450065613
164.08599853515625,0.0,0.0,0.0,4.260976314544678,-0.41736122965812683,0.3306240737438202,4.771291255950928,0.3987594246864319
184.75399780273438,0.0,0.0,0.0,2.4660942554473877,-0.1632627248764038,0.29615598917007446,2.4387216567993164,0.2857295870780945
283.2179870605469,0.0,0.0,0.0,4.019793510437012,-0.47145265340805054,0.4003235399723053,4.063528060913086,0.4286333918571472
328.1499938964844,0.0,0.0,0.0,4.606941223144531,-0.23552542924880981,0.17941874265670776,4.869620323181152,0.17500241100788116
204.01400756835938,0.0,0.0,0.0,1.8795146942138672,-0.1732126921415329,0.5838934183120728,1.8531659841537476,0.5545849800109863
325.35400390625,0.0,0.0,0.0,4.70341682434082,-0.3064790368080139,0.16853368282318115,4.622829914093018,0.36202022433280945
742.5419921875,0.0,0.0,0.0,2.3713696002960205,0.31028860807418823,-0.5980555415153503,2.519129991531372,-0.7936487793922424
588.218017578125,0.0,0.0,0.0,4.006493091583252,0.48985061049461365,-0.4628058075904846,3.931817054748535,-0.6016764044761658
636.7780151367188,0.0,0.0,0.0,2.7080297470092773,-0.11549444496631622,0.1587563306093216,2.6640713214874268,0.13372039794921875
836.677978515625,0.0,0.0,0.0,4.573039531707764,0.2618672847747803,-0.09706200659275055,4.800525665283203,-0.24129700660705566
201.11399841308594,0.0,0.0,0.0,1.8852652311325073,-0.20191316306591034,0.5881868004798889,1.8822343349456787,0.7279137969017029
533.718017578125,0.0,0.0,0.0,3.47876238822937,0.39406463503837585,-0.4842315912246704,3.9279658794403076,-0.5076853632926941
809.75,0.0,0.0,0.0,4.328040599822998,0.0343504324555397,-0.05746522918343544,4.384627342224121,-0.04669718071818352
58.0620002746582,0.0,0.0,0.0,-0.0007735785329714417,0.00017885227862279862,-0.00033509780769236386,0.0,0.0
997.8740234375,0.0,0.0,0.0,4.449591159820557,0.14275874197483063,-0.07252711057662964,4.680241107940674,-0.17289991676807404
456.0899963378906,0.0,0.0,0.0,3.0635435581207275,-0.3114031255245209,0.3952942192554474,3.662875175476074,0.5369802117347717
773.0859985351562,0.0,0.0,0.0,4.36671781539917,0.34719932079315186,-0.24086083471775055,4.885818004608154,-0.33883804082870483
178.3979949951172,0.0,0.0,0.0,1.659407615661621,-0.12704110145568848,0.46672871708869934,1.9340262413024902,0.58427494764328
312.6860046386719,0.0,0.0,0.0,4.585809707641602,-0.339516282081604,0.18012560904026031,4.5441179275512695,0.27007415890693665
429.7340087890625,0.0,0.0,0.0,3.822774648666382,-0.2758741080760956,0.193405419588089,3.9092860221862793,0.26891088485717773
188.1739959716797,0.0,0.0,0.0,2.4252984523773193,-0.17340272665023804,0.32937631011009216,2.5888564586639404,0.41220951080322266
980.2860107421875,0.0,0.0,0.0,4.454850673675537,0.28198152780532837,-0.12229222059249878,4.510604381561279,-0.1983298659324646
367.0419921875,0.0,0.0,0.0,4.043163776397705,0.3862730860710144,-0.2845829129219055,4.436629772186279,-0.35129082202911377
739.4340209960938,0.0,0.0,0.0,3.5878727436065674,0.4949122667312622,-0.5152226090431213,3.7993531227111816,-0.6308484077453613
750.8779907226562,0.0,0.0,0.0,4.441769599914551,0.2635502815246582,-0.16431161761283875,4.651034832000732,-0.17524653673171997
579.3060302734375,0.0,0.0,0.0,4.036247730255127,0.5491015315055847,-0.4516391158103943,4.309603691101074,-0.4967607259750366
539.9140014648438,0.0,0.0,0.0,1.8162256479263306,0.216562882065773,-0.6639521718025208,1.8998104333877563,-0.7624815106391907
714.1019897460938,0.0,0.0,0.0,4.453559398651123,-0.43263083696365356,0.2751356065273285,4.586297035217285,0.29751819372177124
862.333984375,0.0,0.0,0.0,4.195765018463135,-0.4576834738254547,0.3442804217338562,4.363584995269775,0.33400383591651917
826.2979736328125,0.0,0.0,0.0,4.798336982727051,0.019287653267383575,0.01085280254483223,4.763177871704102,0.037021704018116
524.4819946289062,0.0,0.0,0.0,3.768198251724243,0.43216896057128906,-0.5393025875091553,3.796210765838623,-0.6803876161575317
512.2059936523438,0.0,0.0,0.0,4.448220252990723,0.16409394145011902,-0.11198519915342331,4.66394567489624,-0.1081136092543602
310.5220031738281,0.0,0.0,0.0,4.709935665130615,-0.2046605497598648,0.13055402040481567,4.356037616729736,0.11629979312419891
791.822021484375,0.0,0.0,0.0,2.176342487335205,-0.2059045284986496,0.5098667144775391,2.5236964225769043,0.6550703048706055
592.4340209960938,0.0,0.0,0.0,1.7817885875701904,0.1530454456806183,-0.38126325607299805,1.7956255674362183,-0.29957956075668335
850.8179931640625,0.0,0.0,0.0,4.089951992034912,-0.46407490968704224,0.31828585267066956,4.398616790771484,0.34117814898490906
121.15399932861328,0.0,0.0,0.0,4.585186004638672,0.11822899430990219,-0.07422585785388947,4.79445743560791,-0.0454537570476532
247.4499969482422,0.0,0.0,0.0,3.10733699798584,0.30206382274627686,-0.43383651971817017,3.480358362197876,-0.48255789279937744
550.5540161132812,0.0,0.0,0.0,1.7604212760925293,-0.19373935461044312,0.6992066502571106,2.0474884510040283,0.7810848951339722
781.9819946289062,0.0,0.0,0.0,4.450047492980957,0.1762351095676422,-0.17839877307415009,4.412734508514404,-0.14586064219474792
742.7860107421875,0.0,0.0,0.0,2.3002846240997314,0.2900535762310028,-0.6899190545082092,2.3272011280059814,-0.766092836856842
630.8740234375,0.0,0.0,0.0,3.0637776851654053,-0.19442930817604065,0.1893380731344223,3.3383841514587402,0.21404218673706055
305.7900085449219,0.0,0.0,0.0,4.5695624351501465,-0.21815542876720428,0.1489541232585907,4.517726421356201,0.3060322403907776
766.35400390625,0.0,0.0,0.0,4.6215620040893555,0.06110970675945282,-0.004597797524183989,4.8845014572143555,0.0021731650922447443
879.14599609375,0.0,0.0,0.0,2.0069544315338135,-0.17142604291439056,0.4975510239601135,2.255655288696289,0.5477439165115356
866.5139770507812,0.0,0.0,0.0,4.219442367553711,-0.21490034461021423,0.3233633041381836,3.772460460662842,0.46142837405204773
372.8059997558594,0.0,0.0,0.0,4.567477226257324,0.30136242508888245,-0.2188512235879898,4.640313148498535,-0.16166163980960846
657.4019775390625,0.0,0.0,0.0,4.461198329925537,0.22940634191036224,-0.1404300332069397,4.51476526260376,-0.1694888323545456
166.9459991455078,0.0,0.0,0.0,4.237788677215576,-0.4530232548713684,0.33446425199508667,4.4358906745910645,0.4139305055141449
970.5380249023438,0.0,0.0,0.0,4.620230197906494,-0.0763338953256607,0.05289219319820404,4.682964324951172,5.315689850249328e-05
206.6739959716797,0.0,0.0,0.0,1.759124517440796,-0.16754759848117828,0.5434139370918274,1.7584534883499146,0.5558984875679016
161.05799865722656,0.0,0.0,0.0,4.477405071258545,-0.3812057673931122,0.17518757283687592,4.586950778961182,0.22053007781505585
119.33000183105469,0.0,0.0,0.0,4.438122749328613,0.32713818550109863,-0.20906615257263184,4.656136989593506,-0.20903819799423218
238.13400268554688,0.0,0.0,0.0,4.700760841369629,0.02317361906170845,0.02074773609638214,4.724847793579102,0.02554306387901306
649.1939697265625,0.0,0.0,0.0,4.3084235191345215,0.3500184416770935,-0.35026365518569946,4.1098856925964355,-0.43564972281455994
344.6059875488281,0.0,0.0,0.0,3.303473711013794,-0.4770817160606384,0.5219094157218933,3.5487401485443115,0.6812300682067871
757.9739990234375,0.0,0.0,0.0,4.328364372253418,0.34441471099853516,-0.26907575130462646,4.434998989105225,-0.24358300864696503
223.41799926757812,0.0,0.0,0.0,4.256638526916504,0.29826483130455017,-0.1923460215330124,4.662114143371582,-0.21901850402355194
546.2139892578125,0.0,0.0,0.0,1.6714352369308472,-0.13729998469352722,0.502306342124939,1.829020380973816,0.5665345788002014
850.1699829101562,0.0,0.0,0.0,3.9238245487213135,-0.4671500027179718,0.3631010055541992,4.11550760269165,0.5199097990989685
222.47000122070312,0.0,0.0,0.0,3.9460527896881104,0.3482131063938141,-0.2961382567882538,4.231978893280029,-0.34160149097442627
937.2340087890625,0.0,0.0,0.0,3.2336599826812744,-0.2768262028694153,0.39574486017227173,3.537631034851074,0.4340003430843353
234.21400451660156,0.0,0.0,0.0,4.740348815917969,0.11864342540502548,-0.027915485203266144,4.681421756744385,-0.07651638239622116
622.1900024414062,0.0,0.0,0.0,4.176906108856201,-0.41559863090515137,0.3105645775794983,4.666018486022949,0.27390533685684204
443.14599609375,0.0,0.0,0.0,4.236833095550537,-0.2245892435312271,0.14598111808300018,4.359142303466797,0.25435882806777954
497.6499938964844,0.0,0.0,0.0,3.341172933578491,-0.006998514756560326,-0.0009806622983887792,3.4280240535736084,0.006416259333491325
122.69000244140625,0.0,0.0,0.0,4.709529399871826,0.046339597553014755,-0.005574717186391354,4.806931495666504,-0.008629471063613892
236.14599609375,0.0,0.0,0.0,4.7249650955200195,0.039660051465034485,-0.012529157102108002,4.418874740600586,-0.04515457525849342
835.0460205078125,0.0,0.0,0.0,4.371778964996338,0.46615079045295715,-0.3446049094200134,4.244875907897949,-0.3675159215927124
491.08599853515625,0.0,0.0,0.0,4.441298484802246,0.35107341408729553,-0.28246060013771057,4.66913366317749,-0.2606803774833679
611.1859741210938,0.0,0.0,0.0,4.286730766296387,-0.4134504795074463,0.3703138530254364,4.260892868041992,0.5062780380249023
242.4219970703125,0.0,0.0,0.0,2.8573389053344727,0.016732772812247276,0.04197581857442856,2.620250701904297,-0.0031091172713786364
648.8820190429688,0.0,0.0,0.0,4.45648717880249,0.1724923700094223,-0.28781434893608093,4.288154125213623,-0.32924437522888184
616.3060302734375,0.0,0.0,0.0,3.436150312423706,-0.503730833530426,0.6272594928741455,3.724905014038086,0.7211621999740601
144.8419952392578,0.0,0.0,0.0,4.728429794311523,-0.11008921265602112,0.031347643584012985,5.009884357452393,0.050068531185388565
147.69000244140625,0.0,0.0,0.0,2.1398203372955322,-0.2402036339044571,0.6274044513702393,2.5009148120880127,0.8183611631393433
370.04998779296875,0.0,0.0,0.0,4.067183971405029,0.37558743357658386,-0.3791597783565521,4.606548309326172,-0.3626377284526825
383.6419982910156,0.0,0.0,0.0,4.507444858551025,0.05654522776603699,-0.07302897423505783,4.693094253540039,-0.0034821690060198307
71.62200164794922,0.0,0.0,0.0,4.12582540512085,0.06205213442444801,-0.05683760717511177,4.436430931091309,-0.07032085210084915
534.302001953125,0.0,0.0,0.0,3.7101590633392334,0.45672884583473206,-0.5732393264770508,3.5943334102630615,-0.6252641081809998
805.8740234375,0.0,0.0,0.0,2.105272054672241,-0.22833754122257233,0.6386493444442749,2.5022854804992676,0.848348081111908
650.406005859375,0.0,0.0,0.0,4.068448066711426,0.43009135127067566,-0.4304182529449463,4.354725360870361,-0.4887005388736725
326.5419921875,0.0,0.0,0.0,4.534052848815918,-0.33355528116226196,0.2230418622493744,4.633590221405029,0.274493932723999
376.906005859375,0.0,0.0,0.0,3.63082218170166,-0.41533902287483215,0.4234212040901184,3.853882074356079,0.40379998087882996
529.8300170898438,0.0,0.0,0.0,3.2801356315612793,0.48845165967941284,-0.5974151492118835,2.985909938812256,-0.7151986360549927
845.2659912109375,0.0,0.0,0.0,3.9589340686798096,-0.32697415351867676,0.46590664982795715,3.5886459350585938,0.47364237904548645
216.85000610351562,0.0,0.0,0.0,2.504243850708008,0.051370710134506226,-0.14024029672145844,2.2569186687469482,-0.21914108097553253
495.5780029296875,0.0,0.0,0.0,4.564583778381348,0.03737057372927666,-0.0034610675647854805,4.386409282684326,-0.0713309496641159
744.6339721679688,0.0,0.0,0.0,3.042673110961914,0.3596111834049225,-0.42765215039253235,3.189823627471924,-0.47146105766296387
422.5740051269531,0.0,0.0,0.0,4.670576095581055,0.06917476654052734,-0.02546982653439045,4.760108470916748,-0.01466340571641922
233.30999755859375,0.0,0.0,0.0,4.649485111236572,0.21943256258964539,-0.10694189369678497,4.772513389587402,-0.1329556256532669
118.48600006103516,0.0,0.0,0.0,4.316407680511475,0.44102540612220764,-0.3293437957763672,4.339742183685303,-0.3258858025074005
256.12200927734375,0.0,0.0,0.0,3.393961191177368,0.07446829229593277,-0.09970118850469589,3.521456003189087,-0.2067275047302246
810.573974609375,0.0,0.0,0.0,4.24293851852417,0.27348780632019043,-0.26177653670310974,4.1519012451171875,-0.3474673628807068
661.6420288085938,0.0,0.0,0.0,4.184757709503174,0.3682006001472473,-0.22479435801506042,4.388516902923584,-0.2846720218658447
979.9979858398438,0.0,0.0,0.0,4.4180707931518555,0.2515697479248047,-0.14361637830734253,4.879082202911377,-0.22603121399879456
336.34600830078125,0.0,0.0,0.0,4.7768659591674805,0.035192497074604034,-0.015896398574113846,4.695916175842285,-0.009915576316416264
563.0859985351562,0.0,0.0,0.0,2.651370048522949,0.37689027190208435,-0.6354680061340332,2.6603705883026123,-0.849672257900238
992.1300048828125,0.0,0.0,0.0,4.393502712249756,0.3823505640029907,-0.3030987083911896,4.83664083480835,-0.2696124315261841
203.09800720214844,0.0,0.0,0.0,1.642724871635437,-0.12673752009868622,0.46975237131118774,1.7525120973587036,0.5920127630233765
147.3419952392578,0.0,0.0,0.0,2.321737051010132,-0.29992803931236267,0.6341902017593384,2.3929717540740967,0.7290070652961731
143.91799926757812,0.0,0.0,0.0,4.656509876251221,-0.14981675148010254,0.06693781912326813,4.6119794845581055,0.10354722291231155
749.469970703125,0.0,0.0,0.0,3.9200024604797363,0.43116748332977295,-0.41287127137184143,4.696461200714111,-0.4568650424480438
744.4340209960938,0.0,0.0,0.0,2.8500020503997803,0.3308129608631134,-0.5286491513252258,3.327572822570801,-0.6232957243919373
345.5260009765625,0.0,0.0,0.0,3.5791432857513428,-0.45225661993026733,0.47070685029029846,3.9473671913146973,0.4174409508705139
568.0819702148438,0.0,0.0,0.0,4.417733192443848,0.2274305820465088,-0.15366391837596893,4.834588527679443,-0.11045563220977783
868.5380249023438,0.0,0.0,0.0,2.896944999694824,-0.3356993794441223,0.5508530735969543,3.3277575969696045,0.6860226392745972
565.3300170898438,0.0,0.0,0.0,3.127268075942993,0.4411067068576813,-0.5094060301780701,3.5069937705993652,-0.605283796787262
678.5059814453125,0.0,0.0,0.0,3.9889161586761475,-0.47412776947021484,0.41799166798591614,4.218512535095215,0.44685623049736023
656.8140258789062,0.0,0.0,0.0,4.382152557373047,0.28439730405807495,-0.14037728309631348,4.667627811431885,-0.22001709043979645
94.88600158691406,0.0,0.0,0.0,4.662117958068848,0.04571707919239998,-0.017235003411769867,4.830417633056641,-0.14783111214637756
355.1619873046875,0.0,0.0,0.0,4.525863170623779,-0.06656797230243683,0.030131898820400238,4.410116672515869,0.008311010897159576
906.9420166015625,0.0,0.0,0.0,3.7586894035339355,0.4192458689212799,-0.4476526081562042,4.128787994384766,-0.34784939885139465
86.14199829101562,0.0,0.0,0.0,3.3601818084716797,0.4283111095428467,-0.46353137493133545,3.1965391635894775,-0.6320531368255615
202.12600708007812,0.0,0.0,0.0,1.7226921319961548,-0.13055087625980377,0.46955201029777527,1.9619394540786743,0.5974076986312866
258.7900085449219,0.0,0.0,0.0,3.9796266555786133,0.2234807163476944,-0.27257829904556274,4.254932403564453,-0.18146418035030365
459.6659851074219,0.0,0.0,0.0,4.540977954864502,-0.15881086885929108,0.10068172216415405,4.670670032501221,0.01781250163912773
804.2979736328125,0.0,0.0,0.0,1.976239800453186,-0.24432559311389923,0.7831290364265442,2.047586679458618,0.852187991142273
754.6060180664062,0.0,0.0,0.0,4.709855556488037,0.2515599727630615,-0.1844833791255951,4.649661064147949,-0.30822718143463135
900.6099853515625,0.0,0.0,0.0,3.1025514602661133,0.4317812919616699,-0.6585737466812134,2.9615752696990967,-0.7731856107711792
264.6180114746094,0.0,0.0,0.0,4.646780967712402,0.04681744426488876,-0.006784717086702585,4.9429755210876465,-0.016063055023550987
249.43800354003906,0.0,0.0,0.0,4.240251541137695,0.29827311635017395,-0.19807733595371246,4.4938554763793945,-0.17596396803855896
842.2100219726562,0.0,0.0,0.0,4.573827743530273,0.18700888752937317,-0.07805827260017395,4.903836727142334,-0.0805487409234047
722.5460205078125,0.0,0.0,0.0,4.639707565307617,-0.26493245363235474,0.1575442999601364,4.736738681793213,0.20096750557422638
193.73399353027344,0.0,0.0,0.0,4.567185878753662,-0.13024358451366425,0.03071621060371399,4.72271728515625,0.04343840852379799
799.6060180664062,0.0,0.0,0.0,4.348827838897705,-0.41341862082481384,0.3156694173812866,4.4491777420043945,0.4381822645664215
369.4179992675781,0.0,0.0,0.0,3.9641671180725098,0.4017500579357147,-0.3964473009109497,4.117554187774658,-0.4437454044818878
176.2100067138672,0.0,0.0,0.0,1.7918047904968262,-0.13099642097949982,0.36511096358299255,1.7906582355499268,0.4863922595977783
653.2739868164062,0.0,0.0,0.0,4.519931316375732,0.2616957128047943,-0.2423700988292694,4.57753324508667,-0.4523196816444397
588.4420166015625,0.0,0.0,0.0,3.8899261951446533,0.532150149345398,-0.5392663478851318,4.006353378295898,-0.6169817447662354
307.7460021972656,0.0,0.0,0.0,4.117970943450928,-0.4733767509460449,0.3822755813598633,4.653987407684326,0.3413143754005432
885.302001953125,0.0,0.0,0.0,4.503281593322754,0.2596689462661743,-0.19133347272872925,4.682892322540283,-0.21539904177188873
565.6820068359375,0.0,0.0,0.0,3.348385810852051,0.4474118649959564,-0.5306763648986816,3.594722270965576,-0.5753983855247498
886.7379760742188,0.0,0.0,0.0,4.44616174697876,0.22179000079631805,-0.15070338547229767,4.676151752471924,-0.23166470229625702
601.6339721679688,0.0,0.0,0.0,4.016402244567871,-0.46111810207366943,0.39195799827575684,4.361718654632568,0.4858059585094452
251.28599548339844,0.0,0.0,0.0,4.5870442390441895,0.06641381978988647,0.02910452149808407,4.6094207763671875,-0.10050689429044724
222.29400634765625,0.0,0.0,0.0,3.890857696533203,0.3602270483970642,-0.27411624789237976,4.088245391845703,-0.3675023913383484
445.5220031738281,0.0,0.0,0.0,4.168721675872803,-0.31638628244400024,0.23479677736759186,4.3176469802856445,0.22268478572368622
724.85400390625,0.0,0.0,0.0,4.397472858428955,-0.4699079096317291,0.28639835119247437,4.594667434692383,0.34940963983535767
212.406005859375,0.0,0.0,0.0,2.7343480587005615,-0.32232239842414856,0.5999255776405334,2.975736618041992,0.6438789367675781
341.2380065917969,0.0,0.0,0.0,4.240684986114502,-0.42836830019950867,0.4249388575553894,4.212729454040527,0.4152190387248993
735.781982421875,0.0,0.0,0.0,3.1825852394104004,0.4309009313583374,-0.5987567901611328,3.5207879543304443,-0.6439180970191956
279.12200927734375,0.0,0.0,0.0,2.7704010009765625,-0.2047843039035797,0.4130861163139343,2.8150899410247803,0.41738569736480713
906.5460205078125,0.0,0.0,0.0,3.5198631286621094,0.4427030086517334,-0.4590578079223633,4.125826835632324,-0.4345109462738037
142.95399475097656,0.0,0.0,0.0,4.576237678527832,-0.004766586236655712,0.0744081437587738,4.81292724609375,0.10980825126171112
215.32200622558594,0.0,0.0,0.0,3.1809659004211426,-0.15992961823940277,0.19121213257312775,3.159546136856079,0.20507289469242096
733.3699951171875,0.0,0.0,0.0,2.4996957778930664,0.3694072961807251,-0.6228662729263306,2.4125678539276123,-0.7035828828811646
428.4939880371094,0.0,0.0,0.0,3.7984273433685303,-0.39741280674934387,0.3879694938659668,3.9009664058685303,0.4145796597003937
884.8460083007812,0.0,0.0,0.0,4.45201301574707,0.2826634645462036,-0.19553665816783905,4.690841197967529,-0.17813120782375336
325.1180114746094,0.0,0.0,0.0,4.617183685302734,-0.3183366060256958,0.26831838488578796,5.0036468505859375,0.14816159009933472
106.95800018310547,0.0,0.0,0.0,3.8391318321228027,0.47963666915893555,-0.5722619295120239,3.7347252368927,-0.7142806053161621
484.0140075683594,0.0,0.0,0.0,2.2086830139160156,0.2494802325963974,-0.6008777618408203,2.5070760250091553,-0.6997935175895691
115.84200286865234,0.0,0.0,0.0,4.4495849609375,0.30012062191963196,-0.17101521790027618,4.724321365356445,-0.1784239262342453
623.2899780273438,0.0,0.0,0.0,4.468594074249268,-0.2999234199523926,0.1959705799818039,4.875653266906738,0.1909049153327942
324.58599853515625,0.0,0.0,0.0,4.583212852478027,-0.35301727056503296,0.2580559253692627,4.894980430603027,0.2187834084033966
948.6859741210938,0.0,0.0,0.0,4.469907760620117,-0.35513898730278015,0.19021466374397278,4.235496520996094,0.1822950541973114
831.0059814453125,0.0,0.0,0.0,4.225281238555908,0.49654343724250793,-0.5178060531616211,4.330499649047852,-0.48634180426597595
75.97000122070312,0.0,0.0,0.0,4.016423225402832,0.3708042800426483,-0.38452062010765076,3.975132703781128,-0.4384356439113617
945.1099853515625,0.0,0.0,0.0,4.678589344024658,0.0624629445374012,0.011634697206318378,4.713502407073975,0.002248165663331747
62.88199996948242,0.0,0.0,0.0,-0.0019820239394903183,0.0005204877234064043,0.0006226060795597732,0.0,0.0
966.7420043945312,0.0,0.0,0.0,3.6565961837768555,-0.4043574035167694,0.40438753366470337,4.325939655303955,0.5437636375427246
300.5060119628906,0.0,0.0,0.0,4.741154193878174,-0.1127200573682785,0.07885824143886566,4.954418659210205,0.13549819588661194
148.91799926757812,0.0,0.0,0.0,2.466527223587036,-0.2638499438762665,0.529679000377655,3.067042350769043,0.6336607336997986
894.1179809570312,0.0,0.0,0.0,4.049526691436768,0.505778968334198,-0.4134944677352905,4.249918460845947,-0.4550490975379944
729.2020263671875,0.0,0.0,0.0,4.773577690124512,-0.06607694178819656,0.006811387836933136,4.708736896514893,0.05203394591808319
748.9140014648438,0.0,0.0,0.0,3.7753281593322754,0.4328547418117523,-0.42515695095062256,3.905697822570801,-0.5584361553192139
776.5659790039062,0.0,0.0,0.0,4.563327789306641,0.05460978299379349,-0.08636520802974701,4.367985725402832,-0.29006579518318176
939.3419799804688,0.0,0.0,0.0,4.20137357711792,-0.24218279123306274,0.14052246510982513,4.638516902923584,0.19505339860916138
394.4419860839844,0.0,0.0,0.0,3.8589484691619873,0.4218084216117859,-0.40973514318466187,4.487539291381836,-0.542985200881958
475.85400390625,0.0,0.0,0.0,3.698988676071167,0.3637148141860962,-0.32660791277885437,3.702235698699951,-0.31120917201042175
487.19000244140625,0.0,0.0,0.0,4.054015159606934,0.38314977288246155,-0.3333912789821625,4.451477527618408,-0.40228748321533203
224.88600158691406,0.0,0.0,0.0,4.640680313110352,0.16712598502635956,-0.09279610961675644,4.682458400726318,0.007560452912002802
608.3740234375,0.0,0.0,0.0,4.565578937530518,-0.33962902426719666,0.21156524121761322,4.859638214111328,0.15546740591526031
429.25,0.0,0.0,0.0,3.8287482261657715,-0.3506941497325897,0.28776463866233826,3.7517952919006348,0.2398315966129303
510.7539978027344,0.0,0.0,0.0,4.197910785675049,0.30157503485679626,-0.24586206674575806,4.277245998382568,-0.21893225610256195
861.3740234375,0.0,0.0,0.0,3.9286556243896484,-0.4593580365180969,0.3975365459918976,4.203351974487305,0.40197843313217163
998.2739868164062,0.0,0.0,0.0,4.41929292678833,0.14058353006839752,-0.08129065483808517,4.49967098236084,-0.06652455031871796
631.8460083007812,0.0,0.0,0.0,2.6405081748962402,-0.0691445916891098,0.053682126104831696,2.3835065364837646,0.09564226120710373
257.593994140625,0.0,0.0,0.0,3.4308383464813232,0.24131330847740173,-0.2716858386993408,3.7529518604278564,-0.31109946966171265
753.8779907226562,0.0,0.0,0.0,4.641229629516602,0.08647948503494263,-0.10895870625972748,4.88106632232666,-0.2707130014896393
793.0900268554688,0.0,0.0,0.0,2.5486104488372803,-0.34229403734207153,0.6184384226799011,2.818798065185547,0.7423883080482483
553.52197265625,0.0,0.0,0.0,1.8524669408798218,-0.20482462644577026,0.6228338479995728,1.8972207307815552,0.6995187997817993
477.6860046386719,0.0,0.0,0.0,3.7174153327941895,0.3440307378768921,-0.3363228440284729,4.210886001586914,-0.3921833038330078
66.00599670410156,0.0,0.0,0.0,2.1954522132873535,0.06255149841308594,-0.16552743315696716,2.5054492950439453,-0.1704186052083969
715.9459838867188,0.0,0.0,0.0,4.469229221343994,-0.43732255697250366,0.32468435168266296,4.89816951751709,0.3466234803199768
718.1900024414062,0.0,0.0,0.0,4.5867228507995605,-0.3776072561740875,0.2860555052757263,4.702854633331299,0.29600706696510315
131.49400329589844,0.0,0.0,0.0,4.382247447967529,0.33633965253829956,-0.1999041587114334,4.747254848480225,-0.12244702875614166
155.13400268554688,0.0,0.0,0.0,4.045272350311279,-0.4830711781978607,0.4637979567050934,4.028652191162109,0.5234799981117249
878.8060302734375,0.0,0.0,0.0,1.9304052591323853,-0.1642017513513565,0.533075213432312,2.0405266284942627,0.5041519999504089
65.45800018310547,0.0,0.0,0.0,1.647391676902771,0.02952520363032818,-0.03298826515674591,1.9124473333358765,-0.0811820775270462
244.97000122070312,0.0,0.0,0.0,1.857171893119812,0.12820087373256683,-0.38998064398765564,2.1471548080444336,-0.48010942339897156
940.8099975585938,0.0,0.0,0.0,4.4899983406066895,-0.07957912981510162,0.062190942466259,4.6486496925354,0.0745595395565033
834.8099975585938,0.0,0.0,0.0,4.430062770843506,0.4882739782333374,-0.32708632946014404,4.3852643966674805,-0.3767193555831909
864.2420043945312,0.0,0.0,0.0,4.557012557983398,-0.2487984448671341,0.13854101300239563,4.694456577301025,0.11380412429571152
371.4779968261719,0.0,0.0,0.0,4.376418590545654,0.3277774155139923,-0.30370384454727173,4.793117046356201,-0.30567970871925354
567.1060180664062,0.0,0.0,0.0,4.169765949249268,0.351024866104126,-0.24679918587207794,4.479769706726074,-0.26057568192481995
771.989990234375,0.0,0.0,0.0,4.352259635925293,0.4361162483692169,-0.33202695846557617,4.326906204223633,-0.33831164240837097
249.56199645996094,0.0,0.0,0.0,4.286099433898926,0.28554078936576843,-0.23271849751472473,4.355027675628662,-0.2135058492422104
286.2380065917969,0.0,0.0,0.0,4.176931858062744,-0.5086109042167664,0.40673312544822693,4.285605430603027,0.5240434408187866
777.114013671875,0.0,0.0,0.0,3.877967357635498,0.3772147595882416,-0.46132275462150574,3.4332847595214844,-0.5283875465393066
213.07400512695312,0.0,0.0,0.0,3.080454111099243,-0.35945215821266174,0.492952823638916,3.318441867828369,0.4662695825099945
708.8939819335938,0.0,0.0,0.0,4.620526313781738,-0.25311869382858276,0.16047589480876923,4.674939155578613,0.13798633217811584
548.6019897460938,0.0,0.0,0.0,1.7618076801300049,-0.16316097974777222,0.5470772385597229,1.8278980255126953,0.7235012054443359
623.8140258789062,0.0,0.0,0.0,4.526180267333984,-0.2721661627292633,0.13099057972431183,4.479514122009277,0.11077225208282471
849.0380249023438,0.0,0.0,0.0,4.217352867126465,-0.4408860206604004,0.3791389465332031,4.069643020629883,0.44837063550949097
566.0900268554688,0.0,0.0,0.0,3.5390663146972656,0.42020347714424133,-0.4111071527004242,4.205618858337402,-0.55570387840271
169.88999938964844,0.0,0.0,0.0,4.615832328796387,-0.21906989812850952,0.0885046124458313,4.9713053703308105,0.07938061654567719
523.1939697265625,0.0,0.0,0.0,3.7415313720703125,0.4562491476535797,-0.46013057231903076,3.669647216796875,-0.5209440588951111
976.5419921875,0.0,0.0,0.0,2.8568625450134277,0.3532675504684448,-0.5688323378562927,3.318429708480835,-0.6522993445396423
294.1940002441406,0.0,0.0,0.0,4.527993202209473,-0.021087870001792908,-0.0391918309032917,4.958842754364014,-0.009607703424990177
329.906005859375,0.0,0.0,0.0,4.722578048706055,-0.2773037850856781,0.17462339997291565,4.680073261260986,0.2293645292520523
994.2379760742188,0.0,0.0,0.0,3.524477958679199,0.4734523594379425,-0.4802194833755493,4.284723281860352,-0.5980714559555054
519.781982421875,0.0,0.0,0.0,4.489562511444092,0.11689002811908722,-0.09824272245168686,4.697506427764893,-0.017314741387963295
242.9219970703125,0.0,0.0,0.0,2.5157485008239746,0.011371581815183163,0.013724151998758316,2.555791139602661,0.009345246478915215
753.3980102539062,0.0,0.0,0.0,4.645914554595947,0.07818245887756348,0.009445056319236755,4.77278995513916,-0.009323901496827602
828.9539794921875,0.0,0.0,0.0,4.438851833343506,0.36255785822868347,-0.19376513361930847,4.714078426361084,-0.31261736154556274
490.0580139160156,0.0,0.0,0.0,4.284694671630859,0.39987269043922424,-0.2533194124698639,4.593810558319092,-0.29434114694595337
562.5339965820312,0.0,0.0,0.0,2.66607403755188,0.34435826539993286,-0.5639670491218567,2.9566452503204346,-0.6878271102905273
345.4100036621094,0.0,0.0,0.0,3.5190131664276123,-0.46058154106140137,0.5244150757789612,3.8874528408050537,0.52126544713974
939.4860229492188,0.0,0.0,0.0,4.310173034667969,-0.23742516338825226,0.169621542096138,4.624674320220947,0.15308503806591034
985.5419921875,0.0,0.0,0.0,4.761079788208008,0.029555747285485268,-0.020659064874053,4.693624496459961,0.030597221106290817
613.6820068359375,0.0,0.0,0.0,2.9352264404296875,-0.5306697487831116,0.7888221144676208,2.868088722229004,0.9044324159622192
658.3460083007812,0.0,0.0,0.0,3.7588326930999756,0.4845868945121765,-0.6066880226135254,3.2083966732025146,-0.6682944297790527
493.91400146484375,0.0,0.0,0.0,4.740904808044434,0.1392974853515625,-0.11218433827161789,4.870799541473389,0.0031891711987555027
538.7899780273438,0.0,0.0,0.0,1.894214153289795,0.251443088054657,-0.6506535410881042,1.989329218864441,-0.8196585178375244
250.91799926757812,0.0,0.0,0.0,4.613666534423828,0.11241664737462997,0.013244382105767727,4.756861209869385,-0.08865851908922195
769.97802734375,0.0,0.0,0.0,4.784508228302002,-0.008029201999306679,0.06180386617779732,4.869702339172363,0.010282473638653755
876.7420043945312,0.0,0.0,0.0,1.894248127937317,-0.1312953680753708,0.38673722743988037,1.8194761276245117,0.4564293920993805
229.58999633789062,0.0,0.0,0.0,4.080122947692871,0.45004886388778687,-0.4698770344257355,4.164796352386475,-0.5589147806167603
524.3820190429688,0.0,0.0,0.0,3.8490147590637207,0.4296311140060425,-0.4442826807498932,3.5669093132019043,-0.6216616630554199
590.27001953125,0.0,0.0,0.0,4.164356708526611,0.5148166418075562,-0.4395127594470978,4.293539047241211,-0.4655534625053406
920.6380004882812,0.0,0.0,0.0,3.262242078781128,-0.20172236859798431,0.4047660231590271,3.253403663635254,0.5044991970062256
370.6820068359375,0.0,0.0,0.0,4.2628960609436035,0.3232477903366089,-0.22678779065608978,4.475846767425537,-0.329799622297287
195.4459991455078,0.0,0.0,0.0,4.2838006019592285,-0.0423668771982193,0.03988104686141014,4.10146951675415,0.04792536795139313
585.2219848632812,0.0,0.0,0.0,4.106925010681152,0.43240484595298767,-0.3556900918483734,4.158841609954834,-0.31937023997306824
593.3699951171875,0.0,0.0,0.0,1.7740012407302856,-0.026740126311779022,0.2610112726688385,1.8331550359725952,0.20366136729717255
797.406005859375,0.0,0.0,0.0,4.630763530731201,-0.2166602611541748,0.09126176685094833,4.4845733642578125,0.08403410017490387
326.1059875488281,0.0,0.0,0.0,4.628988742828369,-0.3388901948928833,0.2789081037044525,4.697558879852295,0.20563003420829773
699.1019897460938,0.0,0.0,0.0,3.88798451423645,0.46861541271209717,-0.4795774817466736,3.611849784851074,-0.5429598689079285
57.38199996948242,0.0,0.0,0.0,-0.000955446797888726,0.00017296071746386588,-0.001806903979741037,0.0,0.0
134.302001953125,0.0,0.0,0.0,4.714882850646973,0.09546253085136414,-0.06112514063715935,4.899130821228027,0.041745737195014954
863.0180053710938,0.0,0.0,0.0,4.312658309936523,-0.3689815104007721,0.27281081676483154,4.23394775390625,0.24759115278720856
480.57000732421875,0.0,0.0,0.0,4.388034343719482,0.15948417782783508,-0.040517408400774,4.68330717086792,-0.06551610678434372
742.4459838867188,0.0,0.0,0.0,2.4295709133148193,0.3097047805786133,-0.6392115950584412,2.2796175479888916,-0.6494364738464355
935.2100219726562,0.0,0.0,0.0,2.589463472366333,-0.1902886927127838,0.3886965811252594,2.653339147567749,0.49173977971076965
858.6060180664062,0.0,0.0,0.0,4.717470169067383,-0.06633573025465012,-0.05334410071372986,4.708855152130127,0.08353291451931
108.22200012207031,0.0,0.0,0.0,2.980940341949463,0.3979959785938263,-0.6160226464271545,2.9626903533935547,-0.5968242287635803
256.6860046386719,0.0,0.0,0.0,3.3055806159973145,0.17932461202144623,-0.2017572522163391,3.273775815963745,-0.27195480465888977
587.3099975585938,0.0,0.0,0.0,4.126668930053711,0.4930722415447235,-0.38268545269966125,4.460431098937988,-0.5166894793510437
141.07400512695312,0.0,0.0,0.0,4.157088279724121,0.3693772256374359,-0.28672391176223755,4.142656326293945,-0.24907290935516357
171.95799255371094,0.0,0.0,0.0,3.8114736080169678,-0.42025938630104065,0.48977741599082947,3.2699878215789795,0.5958198308944702
200.54600524902344,0.0,0.0,0.0,2.1753547191619873,-0.2636913061141968,0.6476003527641296,2.220555067062378,0.7385687828063965
598.166015625,0.0,0.0,0.0,2.3184564113616943,-0.34072595834732056,0.7147604823112488,2.517382860183716,0.7851064801216125
187.1179962158203,0.0,0.0,0.0,2.086836814880371,-0.1103787049651146,0.2982117235660553,2.1648666858673096,0.3615324795246124
148.5780029296875,0.0,0.0,0.0,2.349632978439331,-0.25470277667045593,0.5602372884750366,2.677724599838257,0.7234655618667603
202.7899932861328,0.0,0.0,0.0,1.7222437858581543,-0.1361033320426941,0.4830762445926666,1.7811946868896484,0.550391435623169
180.45799255371094,0.0,0.0,0.0,1.7676326036453247,-0.1322995275259018,0.4503616988658905,1.8943849802017212,0.5167750120162964
267.989990234375,0.0,0.0,0.0,3.1425490379333496,0.14377422630786896,-0.2640913426876068,2.5884664058685303,-0.371624618768692
312.1499938964844,0.0,0.0,0.0,4.475605487823486,-0.33465200662612915,0.20898984372615814,4.563289165496826,0.2833448052406311
510.07000732421875,0.0,0.0,0.0,3.8782541751861572,0.32579275965690613,-0.2699916362762451,4.207802772521973,-0.26953819394111633
109.98999786376953,0.0,0.0,0.0,3.0065083503723145,0.4298325777053833,-0.6305218935012817,3.1566274166107178,-0.7311927080154419
811.6259765625,0.0,0.0,0.0,4.128377437591553,0.30277445912361145,-0.2200498729944229,4.5345458984375,-0.2534978985786438
227.40199279785156,0.0,0.0,0.0,3.9651377201080322,0.5100833773612976,-0.39505887031555176,4.06747579574585,-0.5314694046974182
461.5459899902344,0.0,0.0,0.0,4.592374324798584,-0.03280085697770119,-0.024659374728798866,4.911010265350342,0.04644671082496643
142.38600158691406,0.0,0.0,0.0,4.527355670928955,0.21428322792053223,-0.12319952249526978,4.6914544105529785,0.023168353363871574
640.7100219726562,0.0,0.0,0.0,3.8296396732330322,-0.37636107206344604,0.30492088198661804,4.064868927001953,0.4126819372177124
64.61399841308594,0.0,0.0,0.0,-0.0009074556874111295,0.0009228544658981264,-0.0017733636777848005,0.0,0.0
933.4979858398438,0.0,0.0,0.0,3.9493894577026367,-0.06273183971643448,0.06696659326553345,3.7869863510131836,0.06107855215668678
454.5140075683594,0.0,0.0,0.0,3.151463031768799,-0.3253159821033478,0.4427342414855957,3.327100992202759,0.5148534774780273
888.8179931640625,0.0,0.0,0.0,3.7463836669921875,0.46012115478515625,-0.4984884560108185,3.189666271209717,-0.633344829082489
109.85800170898438,0.0,0.0,0.0,3.0547101497650146,0.42228299379348755,-0.6050790548324585,2.913350820541382,-0.6444767117500305
772.2940063476562,0.0,0.0,0.0,4.334478378295898,0.41577446460723877,-0.3278740644454956,4.538220405578613,-0.38744524121284485
861.530029296875,0.0,0.0,0.0,3.956894874572754,-0.4348691701889038,0.386388897895813,3.9716291427612305,0.4729980230331421
769.4459838867188,0.0,0.0,0.0,4.723095893859863,0.05291686952114105,0.02838442102074623,4.72567081451416,0.07811813056468964
326.6419982910156,0.0,0.0,0.0,4.525964260101318,-0.3194425106048584,0.24911785125732422,4.62988805770874,0.30801087617874146
392.6419982910156,0.0,0.0,0.0,3.630554437637329,0.46515846252441406,-0.4598686993122101,3.669588804244995,-0.6035480499267578
675.1019897460938,0.0,0.0,0.0,3.5086348056793213,-0.42907875776290894,0.4435722529888153,3.8619418144226074,0.4744437038898468
581.8140258789062,0.0,0.0,0.0,4.37875509262085,0.4959620237350464,-0.3879500925540924,4.722065448760986,-0.3269638419151306
617.3699951171875,0.0,0.0,0.0,3.873495101928711,-0.4386538863182068,0.40399879217147827,4.274227142333984,0.43156835436820984
246.697998046875,0.0,0.0,0.0,2.55243182182312,0.23152093589305878,-0.45238086581230164,2.8893463611602783,-0.5575886964797974
554.1619873046875,0.0,0.0,0.0,1.7694916725158691,-0.19105398654937744,0.5953512191772461,1.8574657440185547,0.7145472168922424
896.5380249023438,0.0,0.0,0.0,2.871215581893921,0.4288811981678009,-0.6565836071968079,3.5771830081939697,-0.8332054018974304
203.4499969482422,0.0,0.0,0.0,1.7514755725860596,-0.13128972053527832,0.550304651260376,1.9929039478302002,0.6705179214477539
415.2460021972656,0.0,0.0,0.0,3.8601837158203125,0.5008479952812195,-0.42880335450172424,4.067460536956787,-0.5128411054611206
284.8059997558594,0.0,0.0,0.0,4.090466022491455,-0.4990661144256592,0.4152161777019501,4.315761566162109,0.4382241666316986
458.12200927734375,0.0,0.0,0.0,4.074899196624756,-0.2845810651779175,0.18241378664970398,4.423038959503174,0.24377687275409698
766.0659790039062,0.0,0.0,0.0,4.638611793518066,0.09712902456521988,-0.02375805750489235,4.5622944831848145,-0.05377797409892082
840.8820190429688,0.0,0.0,0.0,4.510887622833252,0.33071133494377136,-0.20325541496276855,4.644684314727783,-0.19691990315914154
117.34200286865234,0.0,0.0,0.0,4.4727935791015625,0.32763704657554626,-0.24312439560890198,4.79352331161499,-0.3628309667110443
326.7179870605469,0.0,0.0,0.0,4.516599655151367,-0.33325186371803284,0.25913724303245544,4.960132598876953,0.24952194094657898
819.3980102539062,0.0,0.0,0.0,3.88775897026062,0.4687822759151459,-0.42428576946258545,4.3963799476623535,-0.42090174555778503
659.3779907226562,0.0,0.0,0.0,3.1688339710235596,0.45893579721450806,-0.5890370607376099,3.3268377780914307,-0.6824927926063538
974.8419799804688,0.0,0.0,0.0,3.4142792224884033,0.401345819234848,-0.5252769589424133,2.91628360748291,-0.6402043700218201
206.80599975585938,0.0,0.0,0.0,1.7328059673309326,-0.15500544011592865,0.49999913573265076,2.077138900756836,0.7554842829704285
447.5299987792969,0.0,0.0,0.0,3.774085760116577,-0.3766174018383026,0.3333268165588379,3.997201919555664,0.42758163809776306
435.0140075683594,0.0,0.0,0.0,3.4731757640838623,-0.2495875358581543,0.24665629863739014,3.7071263790130615,0.2616703510284424
667.7420043945312,0.0,0.0,0.0,4.815864562988281,-0.029750259593129158,0.07781437784433365,5.14341402053833,0.0972624272108078
650.2780151367188,0.0,0.0,0.0,4.074361324310303,0.4245474338531494,-0.30539029836654663,4.2218523025512695,-0.4935689866542816
275.3900146484375,0.0,0.0,0.0,1.5341635942459106,-0.01610768400132656,0.08615733683109283,1.444771647453308,0.10222262889146805
349.9100036621094,0.0,0.0,0.0,4.62649393081665,-0.2776460349559784,0.21973082423210144,4.670096397399902,0.19800859689712524
684.2139892578125,0.0,0.0,0.0,3.7000701427459717,0.4519251883029938,-0.5142203569412231,3.5663764476776123,-0.6181496381759644
523.77001953125,0.0,0.0,0.0,3.6854171752929688,0.43115752935409546,-0.40934449434280396,3.9484105110168457,-0.440837562084198
260.77398681640625,0.0,0.0,0.0,4.308798789978027,0.1249140128493309,-0.11934912204742432,4.515140056610107,-0.08851988613605499
178.45799255371094,0.0,0.0,0.0,1.6944459676742554,-0.1121743842959404,0.4958890676498413,1.748787522315979,0.5095467567443848
659.4819946289062,0.0,0.0,0.0,3.157149076461792,0.45100587606430054,-0.5853087306022644,3.370931625366211,-0.6918611526489258
819.9940185546875,0.0,0.0,0.0,4.09902286529541,0.4554692208766937,-0.3482224941253662,4.401031494140625,-0.3227662742137909
658.14599609375,0.0,0.0,0.0,3.9800655841827393,0.45825493335723877,-0.5133563876152039,3.8483424186706543,-0.540554404258728
598.0460205078125,0.0,0.0,0.0,2.3907063007354736,-0.3647874593734741,0.6655049920082092,2.3720216751098633,0.8087620735168457
992.0139770507812,0.0,0.0,0.0,4.369266986846924,0.4034334123134613,-0.3073599934577942,4.859663486480713,-0.3559384346008301
415.489990234375,0.0,0.0,0.0,3.826510190963745,0.49590274691581726,-0.43585675954818726,4.04810905456543,-0.4994586110115051
902.9340209960938,0.0,0.0,0.0,3.575838565826416,0.44615742564201355,-0.5145170092582703,3.7931082248687744,-0.5491889715194702
734.1339721679688,0.0,0.0,0.0,2.4531972408294678,0.31013235449790955,-0.6161537766456604,2.7323269844055176,-0.6385822892189026
501.5260009765625,0.0,0.0,0.0,2.5224432945251465,0.18758389353752136,-0.37494370341300964,2.66910982131958,-0.3962031602859497
120.18599700927734,0.0,0.0,0.0,4.592405796051025,0.2897334098815918,-0.16382227838039398,4.415369510650635,-0.07126215845346451
717.6099853515625,0.0,0.0,0.0,4.48270845413208,-0.3453882336616516,0.20818793773651123,4.791143417358398,0.3374294638633728
765.1380004882812,0.0,0.0,0.0,4.562682628631592,0.13695716857910156,-0.10891056060791016,4.670499324798584,-0.09006761014461517
969.64599609375,0.0,0.0,0.0,4.632277965545654,-0.15364976227283478,0.07268409430980682,4.480087757110596,0.09693125635385513
854.2100219726562,0.0,0.0,0.0,4.186317443847656,-0.429028183221817,0.35540539026260376,4.615975856781006,0.31584230065345764
585.8460083007812,0.0,0.0,0.0,4.3668389320373535,0.37797608971595764,-0.3123566210269928,4.608187675476074,-0.30621829628944397
844.72998046875,0.0,0.0,0.0,4.509819984436035,-0.030817382037639618,0.1837497055530548,4.383563995361328,0.22297239303588867
946.8060302734375,0.0,0.0,0.0,3.9725747108459473,-0.4875853955745697,0.39135268330574036,4.208531856536865,0.4807767868041992
682.4340209960938,0.0,0.0,0.0,4.452974319458008,0.27477550506591797,-0.2353665977716446,4.668665409088135,-0.2973323464393616
601.2940063476562,0.0,0.0,0.0,3.908879518508911,-0.4386554956436157,0.40452826023101807,4.403957366943359,0.5100961327552795
496.9580078125,0.0,0.0,0.0,3.92030930519104,0.02030659094452858,-0.014481955207884312,3.9525868892669678,0.007095524575561285
245.21800231933594,0.0,0.0,0.0,1.9162240028381348,0.13305653631687164,-0.3880098760128021,2.155128240585327,-0.4692932069301605
570.4140014648438,0.0,0.0,0.0,3.7442786693573,0.47400254011154175,-0.4817011058330536,3.988269090652466,-0.47732624411582947
602.2860107421875,0.0,0.0,0.0,4.15747594833374,-0.42493194341659546,0.35726407170295715,4.362107753753662,0.3951243460178375
935.6740112304688,0.0,0.0,0.0,2.5927107334136963,-0.20352913439273834,0.38945111632347107,2.640291690826416,0.4651066064834595
69.29399871826172,0.0,0.0,0.0,3.4196081161499023,0.1250603049993515,-0.09087437391281128,3.6555726528167725,-0.175706148147583
562.8460083007812,0.0,0.0,0.0,2.7207062244415283,0.3552899658679962,-0.5951642990112305,2.7751264572143555,-0.7993950247764587
422.4700012207031,0.0,0.0,0.0,4.689011096954346,0.08214899152517319,-0.023830490186810493,4.675695896148682,-0.03748351335525513
151.78599548339844,0.0,0.0,0.0,4.34168815612793,-0.31875187158584595,0.2599674165248871,4.682986736297607,0.20314732193946838
973.25,0.0,0.0,0.0,4.667701721191406,0.011277619749307632,-0.04385252669453621,4.871196269989014,0.0024134621489793062
438.4259948730469,0.0,0.0,0.0,2.575822353363037,-0.1382114589214325,0.309177964925766,2.5232112407684326,0.3959699869155884
162.91000366210938,0.0,0.0,0.0,4.261560440063477,-0.46112367510795593,0.39313745498657227,4.194201946258545,0.35978084802627563
163.68600463867188,0.0,0.0,0.0,4.195310592651367,-0.4014357626438141,0.3320130705833435,4.379711151123047,0.3418272137641907
723.8179931640625,0.0,0.0,0.0,4.1099629402160645,-0.5590380430221558,0.4775380492210388,4.382856369018555,0.5804060697555542
957.197998046875,0.0,0.0,0.0,4.35684871673584,-0.35603684186935425,0.23682424426078796,4.51855993270874,0.2735615670681
924.7020263671875,0.0,0.0,0.0,3.8409547805786133,-0.49399426579475403,0.49526286125183105,4.000572681427002,0.6042934060096741
443.7019958496094,0.0,0.0,0.0,4.155669212341309,-0.37240251898765564,0.3076851963996887,4.294616222381592,0.353511780500412
611.4819946289062,0.0,0.0,0.0,4.178560256958008,-0.5029000639915466,0.48586326837539673,3.674039125442505,0.6944302916526794
404.2300109863281,0.0,0.0,0.0,3.8814873695373535,0.26781508326530457,-0.17378272116184235,3.9726123809814453,-0.20345482230186462
369.1780090332031,0.0,0.0,0.0,3.9201650619506836,0.41677823662757874,-0.40560802817344666,3.965864896774292,-0.5020273923873901
737.2659912109375,0.0,0.0,0.0,4.061472415924072,0.47557494044303894,-0.4026429355144501,4.345290660858154,-0.38281747698783875
106.12200164794922,0.0,0.0,0.0,3.343379497528076,0.42106521129608154,-0.4919494390487671,3.5620269775390625,-0.5172492861747742
933.197998046875,0.0,0.0,0.0,4.122363567352295,-0.0372515507042408,0.08564338088035583,4.041861534118652,0.10173585265874863
730.3660278320312,0.0,0.0,0.0,4.7906270027160645,0.04080650210380554,-0.033078547567129135,4.820018291473389,0.003945694305002689
474.9020080566406,0.0,0.0,0.0,3.522169589996338,0.4116993248462677,-0.4401257038116455,3.647190809249878,-0.445272296667099
774.1099853515625,0.0,0.0,0.0,4.554675579071045,0.2814386188983917,-0.13491135835647583,4.801821708679199,-0.11556749790906906
311.2860107421875,0.0,0.0,0.0,4.465273857116699,-0.3076099753379822,0.2715877294540405,4.461406230926514,0.31132715940475464
602.5139770507812,0.0,0.0,0.0,4.185618877410889,-0.4246206283569336,0.3110695779323578,4.438821315765381,0.31750375032424927
779.6740112304688,0.0,0.0,0.0,3.6059300899505615,0.45293715596199036,-0.47882139682769775,3.860363721847534,-0.5234270095825195
445.8699951171875,0.0,0.0,0.0,4.142175674438477,-0.26661771535873413,0.1938285529613495,4.274115085601807,0.19685178995132446
453.7820129394531,0.0,0.0,0.0,3.9855611324310303,-0.11524126678705215,0.2461952567100525,3.70656156539917,0.3314157724380493
335.5459899902344,0.0,0.0,0.0,4.849095821380615,0.017634322866797447,0.017420034855604172,5.059910297393799,-0.017199698835611343
871.5460205078125,0.0,0.0,0.0,4.381439685821533,-0.3101694881916046,0.1867288053035736,4.758946895599365,0.09795080870389938
689.385986328125,0.0,0.0,0.0,1.688128113746643,0.12567776441574097,-0.44512155652046204,1.7903542518615723,-0.5179149508476257
506.9939880371094,0.0,0.0,0.0,3.5463526248931885,0.20539915561676025,-0.2919522523880005,3.4500951766967773,-0.32152074575424194
664.7100219726562,0.0,0.0,0.0,4.574310779571533,0.26449331641197205,-0.18012042343616486,5.080191135406494,-0.11891292780637741
563.3820190429688,0.0,0.0,0.0,2.5559136867523193,0.38144657015800476,-0.7309433221817017,2.643157958984375,-0.8293839693069458
662.1179809570312,0.0,0.0,0.0,4.2592573165893555,0.30566853284835815,-0.18128125369548798,4.677602291107178,-0.2878396809101105
363.0660095214844,0.0,0.0,0.0,2.5092413425445557,0.2973073720932007,-0.5659908056259155,2.747957468032837,-0.5805920958518982
614.1820068359375,0.0,0.0,0.0,2.723238229751587,-0.42874422669410706,0.7023701667785645,3.1812920570373535,0.8521725535392761
249.70599365234375,0.0,0.0,0.0,4.282657623291016,0.2860442101955414,-0.1756342351436615,4.429252624511719,-0.17089618742465973
387.12200927734375,0.0,0.0,0.0,4.57190465927124,-0.018758470192551613,0.02459145523607731,4.948744297027588,0.0872296690940857
752.2780151367188,0.0,0.0,0.0,4.686031341552734,0.17030204832553864,-0.060554664582014084,4.780149936676025,0.012463724240660667
394.906005859375,0.0,0.0,0.0,4.077338695526123,0.43160635232925415,-0.3165266513824463,4.285984039306641,-0.29297149181365967
266.8580017089844,0.0,0.0,0.0,4.47456169128418,0.0009502063039690256,0.0318647101521492,4.487329006195068,0.02085752598941326
695.1300048828125,0.0,0.0,0.0,4.5587639808654785,0.2504057288169861,-0.12903030216693878,4.674796104431152,-0.11077267676591873
694.6380004882812,0.0,0.0,0.0,4.379592418670654,0.30735212564468384,-0.16869135200977325,4.657979488372803,-0.1938440352678299
968.27001953125,0.0,0.0,0.0,4.328485012054443,-0.2861591875553131,0.1981956660747528,4.753253936767578,0.2723780572414398
828.8619995117188,0.0,0.0,0.0,4.406929969787598,0.35893210768699646,-0.264314204454422,4.784424304962158,-0.2185063660144806
545.1220092773438,0.0,0.0,0.0,1.714134931564331,-0.13784494996070862,0.47176140546798706,1.7553805112838745,0.5470039248466492
267.0899963378906,0.0,0.0,0.0,4.379425048828125,-0.014825088903307915,-0.02566903829574585,4.201108932495117,0.010130973532795906
713.2659912109375,0.0,0.0,0.0,4.603994369506836,-0.3838704824447632,0.23497295379638672,4.325282573699951,0.3300201892852783
294.75,0.0,0.0,0.0,4.544096946716309,0.062990702688694,-0.04387526959180832,4.61485481262207,-0.030612558126449585
481.5140075683594,0.0,0.0,0.0,4.431797981262207,0.09519013017416,-0.08651791512966156,4.467988967895508,-0.08819899708032608
818.4459838867188,0.0,0.0,0.0,3.3795084953308105,0.4346015751361847,-0.5019116401672363,3.7902283668518066,-0.6411042809486389
282.15399169921875,0.0,0.0,0.0,3.8677265644073486,-0.4138650596141815,0.4621032178401947,3.996974229812622,0.5480290055274963
937.6060180664062,0.0,0.0,0.0,3.472730875015259,-0.29208672046661377,0.3549189865589142,3.58558988571167,0.3701493442058563
773.8779907226562,0.0,0.0,0.0,4.540206432342529,0.3124096095561981,-0.16279453039169312,4.886324882507324,-0.2101835459470749
924.0339965820312,0.0,0.0,0.0,4.080337047576904,-0.3436664938926697,0.2391110509634018,4.327152729034424,0.27181118726730347
189.38999938964844,0.0,0.0,0.0,3.1579291820526123,-0.25443747639656067,0.30923765897750854,3.7281813621520996,0.3971479833126068
541.6380004882812,0.0,0.0,0.0,1.6071972846984863,0.033776022493839264,-0.10377689450979233,1.4304218292236328,-0.029474761337041855
987.8419799804688,0.0,0.0,0.0,4.7675700187683105,0.013822249136865139,-0.034676458686590195,4.819509506225586,-0.06179124116897583
93.55400085449219,0.0,0.0,0.0,4.457172870635986,0.13221554458141327,-0.06459422409534454,4.628537654876709,-0.10402937978506088
525.2379760742188,0.0,0.0,0.0,3.011606454849243,0.5420295000076294,-0.7158012986183167,2.9404244422912598,-0.7950083017349243
130.07400512695312,0.0,0.0,0.0,4.058326721191406,0.42112138867378235,-0.3436998128890991,4.178716659545898,-0.3861921727657318
100.52200317382812,0.0,0.0,0.0,4.546211242675781,0.30367645621299744,-0.219058096408844,4.552731990814209,-0.2925025522708893
157.41799926757812,0.0,0.0,0.0,4.23656702041626,-0.433199942111969,0.2899005115032196,4.81488561630249,0.2818586826324463
588.5180053710938,0.0,0.0,0.0,3.8667843341827393,0.5341441631317139,-0.5688400268554688,4.109437942504883,-0.5626340508460999
431.7820129394531,0.0,0.0,0.0,2.9061946868896484,-0.17656679451465607,0.31111177802085876,2.7668654918670654,0.30595704913139343
84.9540023803711,0.0,0.0,0.0,4.09883975982666,0.30141016840934753,-0.24539175629615784,4.084070205688477,-0.35837507247924805
605.3699951171875,0.0,0.0,0.0,4.367655277252197,-0.39551663398742676,0.30649974942207336,4.445202350616455,0.3453148901462555
72.2300033569336,0.0,0.0,0.0,4.255699157714844,0.07734151929616928,0.03824065998196602,4.530191421508789,-0.047051724046468735
523.3419799804688,0.0,0.0,0.0,3.6217093467712402,0.43539127707481384,-0.4764896035194397,3.5141592025756836,-0.5895538330078125
173.79400634765625,0.0,0.0,0.0,2.8359639644622803,-0.3049282729625702,0.3722313344478607,3.192735195159912,0.6058143377304077
293.3940124511719,0.0,0.0,0.0,4.511292934417725,-0.03493756800889969,-0.01951420120894909,4.988346099853516,-0.02556345798075199
774.4860229492188,0.0,0.0,0.0,4.619452476501465,0.26229554414749146,-0.16960227489471436,4.640324592590332,-0.15758906304836273
344.7179870605469,0.0,0.0,0.0,3.317622661590576,-0.4730505049228668,0.5786436200141907,3.3636271953582764,0.6333815455436707
591.4140014648438,0.0,0.0,0.0,2.531550407409668,0.2619805335998535,-0.45374956727027893,2.2028355598449707,-0.5675870776176453
988.614013671875,0.0,0.0,0.0,4.729533672332764,-0.012809381820261478,-0.08629881590604782,4.661821365356445,-0.1334041804075241
379.54998779296875,0.0,0.0,0.0,3.7524614334106445,-0.52128666639328,0.46437373757362366,4.206242084503174,0.6109294891357422
707.2659912109375,0.0,0.0,0.0,4.673084735870361,-0.15322354435920715,0.20912373065948486,4.674144268035889,0.268215149641037
706.0659790039062,0.0,0.0,0.0,4.784453392028809,0.04976608231663704,-0.06355799734592438,4.850153923034668,-0.00842028483748436
858.0139770507812,0.0,0.0,0.0,4.6757283210754395,-0.08778958022594452,0.0073539153672754765,4.641817569732666,0.06855855137109756
874.3660278320312,0.0,0.0,0.0,4.169358730316162,-0.036592382937669754,0.006607078947126865,3.7319881916046143,0.04538758471608162
220.91799926757812,0.0,0.0,0.0,3.336291790008545,0.3653743863105774,-0.4720837473869324,3.670776605606079,-0.5781009197235107
780.1900024414062,0.0,0.0,0.0,3.784619092941284,0.4262199401855469,-0.3328019678592682,4.413136959075928,-0.42234736680984497
203.2100067138672,0.0,0.0,0.0,1.640875220298767,-0.1190425232052803,0.5069636106491089,1.8925511837005615,0.6059967279434204
91.50599670410156,0.0,0.0,0.0,4.3316779136657715,0.2216997593641281,-0.16164922714233398,4.555483818054199,-0.1934601217508316
862.22998046875,0.0,0.0,0.0,4.201356887817383,-0.4567773640155792,0.395760178565979,4.287253379821777,0.44381558895111084
265.01800537109375,0.0,0.0,0.0,4.687920570373535,0.05924784392118454,0.026872018352150917,4.824998378753662,-0.03100498579442501
152.31399536132812,0.0,0.0,0.0,4.492703437805176,-0.2716890871524811,0.17708958685398102,4.392877101898193,0.20711791515350342
566.4860229492188,0.0,0.0,0.0,3.7818732261657715,0.36001524329185486,-0.3686540126800537,4.230902194976807,-0.3768001198768616
900.302001953125,0.0,0.0,0.0,3.146688938140869,0.4026932120323181,-0.5522863864898682,3.4310617446899414,-0.7454039454460144
652.14599609375,0.0,0.0,0.0,4.621196746826172,0.3160921037197113,-0.17986136674880981,4.837616920471191,-0.10747835785150528
235.12600708007812,0.0,0.0,0.0,4.692555904388428,0.06985916942358017,0.0014789190609008074,4.973945617675781,-0.017943603917956352
216.45799255371094,0.0,0.0,0.0,2.5864744186401367,-0.03190891444683075,0.015660040080547333,2.4531333446502686,-0.07154551148414612
153.74600219726562,0.0,0.0,0.0,3.768984794616699,-0.45728424191474915,0.42212560772895813,3.782633066177368,0.4727926552295685
988.4819946289062,0.0,0.0,0.0,4.727482318878174,-0.004127465654164553,0.041290003806352615,4.728454113006592,-0.10181264579296112
155.69000244140625,0.0,0.0,0.0,3.8967926502227783,-0.5611557364463806,0.48887595534324646,3.73173189163208,0.5201539993286133
782.7540283203125,0.0,0.0,0.0,4.353766441345215,0.14075474441051483,-0.12752553820610046,4.51963472366333,-0.0177273228764534
543.5380249023438,0.0,0.0,0.0,1.6447619199752808,-0.09670889377593994,0.30734431743621826,1.7050799131393433,0.3668508231639862
649.7139892578125,0.0,0.0,0.0,3.957735538482666,0.4160950779914856,-0.41066455841064453,4.165950298309326,-0.42432281374931335
470.0140075683594,0.0,0.0,0.0,4.705992698669434,-0.09088829159736633,0.03148102015256882,4.736663341522217,-0.021591177210211754
57.95399856567383,0.0,0.0,0.0,-0.0017938276287168264,0.0007990656304173172,0.0005040231044404209,0.0,0.0
192.64999389648438,0.0,0.0,0.0,4.336798667907715,-0.129444420337677,0.07609981298446655,4.350344657897949,0.10954565554857254
255.48199462890625,0.0,0.0,0.0,3.7524571418762207,0.04189954698085785,0.027700917795300484,3.7855582237243652,-0.04467388615012169
837.47802734375,0.0,0.0,0.0,4.702202320098877,0.17750822007656097,-0.09486137330532074,4.791244983673096,-0.13962481915950775
442.4259948730469,0.0,0.0,0.0,4.0439558029174805,-0.24286212027072906,0.21968844532966614,4.23753023147583,0.2501167058944702
228.41799926757812,0.0,0.0,0.0,3.9998419284820557,0.45365914702415466,-0.3392030596733093,4.424641132354736,-0.3502734899520874
578.0819702148438,0.0,0.0,0.0,3.986114263534546,0.5605223774909973,-0.5440158843994141,4.327348709106445,-0.6922584176063538
804.5059814453125,0.0,0.0,0.0,1.9274861812591553,-0.22692511975765228,0.7433804869651794,2.2006893157958984,0.9676993489265442
1001.5180053710938,0.0,0.0,0.0,2.8890278339385986,0.016818897798657417,0.0025297573301941156,2.7493443489074707,-0.005698952823877335
331.5539855957031,0.0,0.0,0.0,4.5460686683654785,-0.23630794882774353,0.18555155396461487,5.017991065979004,0.19867180287837982
589.885986328125,0.0,0.0,0.0,3.926910161972046,0.499396413564682,-0.46885165572166443,4.406619548797607,-0.5146238207817078
176.42999267578125,0.0,0.0,0.0,1.734950065612793,-0.12148281931877136,0.4509870409965515,1.7218793630599976,0.47051987051963806
167.71800231933594,0.0,0.0,0.0,4.418619155883789,-0.45027241110801697,0.2557484805583954,4.463145732879639,0.33222833275794983
864.4099731445312,0.0,0.0,0.0,4.578933238983154,-0.2241421788930893,0.11607508361339569,4.541710376739502,0.17850928008556366
74.34200286865234,0.0,0.0,0.0,4.547232151031494,0.013769636861979961,0.030927501618862152,4.60378885269165,0.0899852067232132
112.44999694824219,0.0,0.0,0.0,3.7411508560180664,0.38521260023117065,-0.40837687253952026,4.083528995513916,-0.29585590958595276
723.6060180664062,0.0,0.0,0.0,4.215061187744141,-0.5250817537307739,0.43061158061027527,4.293241024017334,0.5989322066307068
934.614013671875,0.0,0.0,0.0,3.102546215057373,-0.15523661673069,0.3097308874130249,2.799434185028076,0.3766229748725891
186.79800415039062,0.0,0.0,0.0,2.0369014739990234,-0.08693435788154602,0.24603679776191711,1.9307613372802734,0.2531355321407318
78.69400024414062,0.0,0.0,0.0,4.2341203689575195,0.30406907200813293,-0.21686837077140808,4.7789435386657715,-0.2545797824859619
820.6060180664062,0.0,0.0,0.0,4.299989700317383,0.42369213700294495,-0.27633702754974365,4.5507988929748535,-0.2686035633087158
978.6099853515625,0.0,0.0,0.0,3.993424415588379,0.3430337607860565,-0.32322365045547485,4.246392726898193,-0.35458821058273315
855.3740234375,0.0,0.0,0.0,4.528854846954346,-0.2906246483325958,0.1655721515417099,4.315770626068115,0.11076878756284714
817.72998046875,0.0,0.0,0.0,2.9668185710906982,0.38033220171928406,-0.5032351016998291,3.5139319896698,-0.6452356576919556
855.530029296875,0.0,0.0,0.0,4.466310024261475,-0.2656586766242981,0.13502396643161774,4.448760509490967,0.16684472560882568
272.1059875488281,0.0,0.0,0.0,2.548758029937744,0.16996388137340546,-0.225142702460289,2.649190902709961,-0.13586173951625824
221.48599243164062,0.0,0.0,0.0,3.5315606594085693,0.4043762981891632,-0.4001266062259674,3.6783900260925293,-0.43004652857780457
644.47802734375,0.0,0.0,0.0,4.3170037269592285,-0.36105161905288696,0.27433788776397705,4.497418403625488,0.23048986494541168
677.677978515625,0.0,0.0,0.0,3.8432788848876953,-0.4412277936935425,0.39437198638916016,3.9796080589294434,0.4528675973415375
719.6019897460938,0.0,0.0,0.0,4.617074012756348,-0.24092024564743042,0.17073769867420197,5.103268623352051,0.19833306968212128
349.24200439453125,0.0,0.0,0.0,4.385293960571289,-0.28110355138778687,0.1879708468914032,4.55210542678833,0.21934254467487335
668.5700073242188,0.0,0.0,0.0,4.847498416900635,-0.06435289978981018,0.09808515757322311,4.0042924880981445,0.15243054926395416
756.8779907226562,0.0,0.0,0.0,4.756728172302246,0.14890657365322113,-0.1372961401939392,4.679485321044922,-0.34233155846595764
620.2860107421875,0.0,0.0,0.0,3.9758009910583496,-0.46511927247047424,0.4770876169204712,3.9254190921783447,0.5505233407020569
361.9580078125,0.0,0.0,0.0,2.653291702270508,0.24519962072372437,-0.5079091787338257,2.561872720718384,-0.5467793345451355
940.030029296875,0.0,0.0,0.0,4.359463214874268,-0.16617350280284882,0.08695847541093826,4.669800281524658,0.10401033610105515
108.79399871826172,0.0,0.0,0.0,3.110686779022217,0.37802425026893616,-0.47262710332870483,3.3410074710845947,-0.6364882588386536
507.4100036621094,0.0,0.0,0.0,3.3526430130004883,0.3076950013637543,-0.43247923254966736,3.0565481185913086,-0.5252951383590698
499.1180114746094,0.0,0.0,0.0,2.4976072311401367,-0.002318324288353324,0.023297004401683807,2.335566759109497,0.011407511308789253
826.197998046875,0.0,0.0,0.0,4.817484378814697,0.03175140172243118,-0.02160799689590931,4.711071014404297,0.00817091390490532
372.01800537109375,0.0,0.0,0.0,4.485208511352539,0.31427517533302307,-0.24111849069595337,4.542648792266846,-0.19525404274463654
569.27001953125,0.0,0.0,0.0,4.562155723571777,0.12212637811899185,-0.11608502268791199,4.3715291023254395,-0.15660135447978973
886.47802734375,0.0,0.0,0.0,4.448808193206787,0.24038518965244293,-0.2195078581571579,4.530233860015869,-0.10456469655036926
688.6500244140625,0.0,0.0,0.0,1.6079323291778564,0.11874386668205261,-0.41975054144859314,1.728283405303955,-0.5578622817993164
559.781982421875,0.0,0.0,0.0,4.577027797698975,-0.24604180455207825,0.1215774342417717,4.517324447631836,0.19925889372825623
62.09400177001953,0.0,0.0,0.0,-0.0010691932402551174,0.0004472235741559416,-0.0015440440038219094,0.0,0.0
150.79400634765625,0.0,0.0,0.0,3.8439199924468994,-0.3656550645828247,0.2592726945877075,4.4776291847229,0.3953970670700073
307.2460021972656,0.0,0.0,0.0,4.133202075958252,-0.5234891772270203,0.3894529640674591,4.116164684295654,0.45582616329193115
411.0459899902344,0.0,0.0,0.0,4.561792373657227,0.08608520776033401,-0.000826593313831836,4.827362060546875,0.026658304035663605
714.5180053710938,0.0,0.0,0.0,4.48730993270874,-0.41381898522377014,0.28616613149642944,4.855849266052246,0.248527392745018
214.906005859375,0.0,0.0,0.0,3.395629405975342,-0.20567606389522552,0.2073085606098175,3.215761661529541,0.22899043560028076
185.08599853515625,0.0,0.0,0.0,2.380504608154297,-0.13468866050243378,0.2142062932252884,2.313509702682495,0.20964476466178894
243.12600708007812,0.0,0.0,0.0,2.436716318130493,-0.008436271920800209,-0.007961636409163475,2.1292989253997803,-0.06603457033634186
358.41400146484375,0.0,0.0,0.0,2.3112802505493164,0.0018412454519420862,-0.015311801806092262,2.358236789703369,-0.01539312582463026
811.72998046875,0.0,0.0,0.0,4.181532382965088,0.2964373528957367,-0.1967921108007431,4.283900260925293,-0.20301060378551483
72.802001953125,0.0,0.0,0.0,4.438513278961182,0.02305741049349308,-0.0036935023963451385,4.619841575622559,-0.016291938722133636
772.5339965820312,0.0,0.0,0.0,4.340587139129639,0.42796120047569275,-0.32359087467193604,4.324653148651123,-0.36285144090652466
188.6739959716797,0.0,0.0,0.0,2.6974613666534424,-0.2131001055240631,0.37422776222229004,3.0895543098449707,0.4565597176551819
81.81800079345703,0.0,0.0,0.0,2.952002763748169,0.2787212133407593,-0.4452688694000244,3.2737314701080322,-0.48076650500297546
846.8779907226562,0.0,0.0,0.0,3.601269006729126,-0.46191897988319397,0.5062874555587769,3.7551512718200684,0.49820584058761597
215.64999389648438,0.0,0.0,0.0,3.0874133110046387,-0.13203556835651398,0.1387730836868286,2.793304443359375,0.08793620765209198
560.0180053710938,0.0,0.0,0.0,4.614804267883301,-0.20052547752857208,0.033342257142066956,4.730205059051514,0.14852866530418396
254.4739990234375,0.0,0.0,0.0,4.1161627769470215,-0.002469458384439349,0.001338100410066545,4.294150352478027,-0.04177332669496536
759.7459716796875,0.0,0.0,0.0,4.45910120010376,0.22949229180812836,-0.17790235579013824,4.0957350730896,-0.311456561088562
544.9219970703125,0.0,0.0,0.0,1.7656186819076538,-0.13714370131492615,0.49021604657173157,1.8010636568069458,0.5794832706451416
568.5419921875,0.0,0.0,0.0,4.47681188583374,0.1700122356414795,-0.1409633755683899,4.632892608642578,-0.1997639536857605
487.5459899902344,0.0,0.0,0.0,4.166834831237793,0.3694348633289337,-0.25798094272613525,4.557085990905762,-0.23176392912864685
770.177978515625,0.0,0.0,0.0,4.814964294433594,0.0072283195331692696,-0.01020746398717165,5.089108943939209,-0.007244085427373648
805.3099975585938,0.0,0.0,0.0,2.000786542892456,-0.23340851068496704,0.7209848761558533,2.1470906734466553,0.7341808080673218
198.97799682617188,0.0,0.0,0.0,2.2193148136138916,-0.18750399351119995,0.4631965458393097,2.3832051753997803,0.502994179725647
255.98599243164062,0.0,0.0,0.0,3.4409966468811035,0.04214185103774071,-0.10134513676166534,3.4150772094726562,-0.11849389970302582
213.95399475097656,0.0,0.0,0.0,3.3171114921569824,-0.34973403811454773,0.37508493661880493,3.444389581680298,0.4342443346977234
949.1420288085938,0.0,0.0,0.0,4.531546592712402,-0.30194875597953796,0.14965829253196716,4.686082363128662,0.16491414606571198
321.6780090332031,0.0,0.0,0.0,4.714511394500732,-0.21868212521076202,0.08887302130460739,4.908024787902832,0.1045587882399559
567.6019897460938,0.0,0.0,0.0,4.346630096435547,0.32274118065834045,-0.25445985794067383,4.542056083679199,-0.248348206281662
536.1259765625,0.0,0.0,0.0,3.71708083152771,0.4779841899871826,-0.41790899634361267,4.214771270751953,-0.4612482190132141
72.49400329589844,0.0,0.0,0.0,4.309678077697754,0.05476590618491173,-0.015334974974393845,4.620302677154541,0.02857322432100773
384.95001220703125,0.0,0.0,0.0,4.687417030334473,0.005214246455579996,-0.008340546861290932,4.852020263671875,-0.015664657577872276
642.1179809570312,0.0,0.0,0.0,3.7816121578216553,-0.480146586894989,0.4938846826553345,4.238692760467529,0.6307117938995361
717.4299926757812,0.0,0.0,0.0,4.462490558624268,-0.35577192902565,0.20768342912197113,4.763151168823242,0.21987994015216827
145.08599853515625,0.0,0.0,0.0,4.773869514465332,-0.09284297376871109,0.03693859279155731,4.601670265197754,0.04795131832361221
767.9420166015625,0.0,0.0,0.0,4.721420764923096,0.03399622067809105,0.004067650530487299,4.9467902183532715,0.044464968144893646
435.3659973144531,0.0,0.0,0.0,3.5047109127044678,-0.23594532907009125,0.22105571627616882,3.8829972743988037,0.24778030812740326
891.530029296875,0.0,0.0,0.0,3.856015682220459,0.45910847187042236,-0.4238274395465851,3.998448610305786,-0.4864515960216522
654.989990234375,0.0,0.0,0.0,3.8767106533050537,0.4473472535610199,-0.4029631018638611,3.987704277038574,-0.4972130358219147
457.70599365234375,0.0,0.0,0.0,3.901740550994873,-0.301172137260437,0.2845725417137146,4.2277374267578125,0.2900736331939697
333.8699951171875,0.0,0.0,0.0,4.738230228424072,-0.07348093390464783,-0.025922253727912903,4.916392803192139,-0.051033128052949905
351.5220031738281,0.0,0.0,0.0,4.621426105499268,-0.159280925989151,0.14685288071632385,5.013662815093994,0.11037439852952957
358.9460144042969,0.0,0.0,0.0,2.076869249343872,-0.004287682939320803,-0.03849678114056587,2.299975633621216,-0.05905556306242943
812.4660034179688,0.0,0.0,0.0,4.300049781799316,0.28947243094444275,-0.15402598679065704,4.433493137359619,-0.12903891503810883
404.8179931640625,0.0,0.0,0.0,4.092970848083496,0.27244019508361816,-0.16984835267066956,4.2880635261535645,-0.18567179143428802
960.6420288085938,0.0,0.0,0.0,4.518091201782227,-0.3361597955226898,0.20399700105190277,4.483076095581055,0.2861422300338745
419.98199462890625,0.0,0.0,0.0,4.362422466278076,0.3770700991153717,-0.25768736004829407,4.419983863830566,-0.25840896368026733
681.989990234375,0.0,0.0,0.0,4.444091796875,0.28378087282180786,-0.20907767117023468,4.691399574279785,-0.26614394783973694
322.8420104980469,0.0,0.0,0.0,4.749488830566406,-0.19302228093147278,0.10178311914205551,5.232969284057617,0.1470915824174881
727.8779907226562,0.0,0.0,0.0,4.632942199707031,-0.10607623308897018,0.05140814185142517,4.600578784942627,0.06637082993984222
96.33799743652344,0.0,0.0,0.0,4.488285064697266,0.16272059082984924,-0.17275920510292053,4.52790641784668,-0.06994345039129257
113.34600067138672,0.0,0.0,0.0,4.0644965171813965,0.42994147539138794,-0.4037037789821625,4.026240348815918,-0.418062299489975
531.2620239257812,0.0,0.0,0.0,2.822932481765747,0.4751857817173004,-0.7355608940124512,2.707120656967163,-0.9076641798019409
191.69000244140625,0.0,0.0,0.0,4.165023326873779,-0.18646380305290222,0.10963167250156403,4.375497817993164,0.15988460183143616
215.21800231933594,0.0,0.0,0.0,3.2744061946868896,-0.1743667721748352,0.17049041390419006,3.0396065711975098,0.25080588459968567
740.9500122070312,0.0,0.0,0.0,3.065492630004883,0.4051823318004608,-0.4823136329650879,3.3119194507598877,-0.5866605639457703
336.1180114746094,0.0,0.0,0.0,4.80709171295166,0.007802206091582775,-0.061897240579128265,4.699281692504883,-0.11353595554828644
609.614013671875,0.0,0.0,0.0,4.389843940734863,-0.38933372497558594,0.38139504194259644,4.282870769500732,0.3452494144439697
199.4980010986328,0.0,0.0,0.0,2.473332166671753,-0.23046664893627167,0.477293998003006,2.791121482849121,0.6378535628318787
224.5540008544922,0.0,0.0,0.0,4.577747344970703,0.16874314844608307,-0.1158292144536972,4.567303657531738,-0.10631370544433594
660.3060302734375,0.0,0.0,0.0,3.4476771354675293,0.4381369948387146,-0.4420592188835144,3.7731127738952637,-0.5791232585906982
835.8779907226562,0.0,0.0,0.0,4.465338706970215,0.41189274191856384,-0.27181851863861084,4.534297466278076,-0.20996981859207153
809.0780029296875,0.0,0.0,0.0,4.308048248291016,-0.0007097049965523183,0.015547213144600391,4.209827899932861,-0.06275799125432968
598.3419799804688,0.0,0.0,0.0,2.304374933242798,-0.31487852334976196,0.6356788277626038,2.8285319805145264,0.8462554216384888
848.7420043945312,0.0,0.0,0.0,4.3661322593688965,-0.3444780111312866,0.3007136881351471,4.42521858215332,0.42278119921684265
219.44200134277344,0.0,0.0,0.0,3.2932639122009277,0.2561975121498108,-0.31334012746810913,3.57448410987854,-0.3296811282634735
620.72998046875,0.0,0.0,0.0,3.905150890350342,-0.49432024359703064,0.47942930459976196,4.081623554229736,0.573905348777771
384.6419982910156,0.0,0.0,0.0,4.627033233642578,0.0032468088902533054,0.0006733188638463616,4.77234411239624,-0.09859061241149902
915.197998046875,0.0,0.0,0.0,4.305643081665039,0.2926812767982483,-0.23755371570587158,4.418589115142822,-0.13969305157661438
698.6300048828125,0.0,0.0,0.0,4.189883232116699,0.368847519159317,-0.4072038233280182,3.790836811065674,-0.45688608288764954
292.3219909667969,0.0,0.0,0.0,4.466632843017578,-0.10931212455034256,0.027332549914717674,5.000105381011963,0.14113135635852814
250.32200622558594,0.0,0.0,0.0,4.3703293800354,0.19832047820091248,-0.13520844280719757,4.342745780944824,-0.04721621051430702
448.74200439453125,0.0,0.0,0.0,4.058544158935547,-0.3342830538749695,0.2209136188030243,4.411685466766357,0.27980828285217285
927.3460083007812,0.0,0.0,0.0,4.263666152954102,-0.4177267253398895,0.2925555109977722,4.36848783493042,0.33561527729034424
265.885986328125,0.0,0.0,0.0,4.731487274169922,0.019451245665550232,0.00027028858312405646,4.69519567489624,-0.010572448372840881
979.8460083007812,0.0,0.0,0.0,4.393092155456543,0.23588867485523224,-0.1928008794784546,4.8207526206970215,-0.14882974326610565
149.28599548339844,0.0,0.0,0.0,2.7620062828063965,-0.30679649114608765,0.618816614151001,3.0443193912506104,0.627842366695404
708.989990234375,0.0,0.0,0.0,4.613977909088135,-0.24231034517288208,0.13943536579608917,4.780726909637451,0.12772640585899353
259.4020080566406,0.0,0.0,0.0,4.167517185211182,0.19111981987953186,-0.13664676249027252,4.223201274871826,-0.16659559309482574
743.2659912109375,0.0,0.0,0.0,2.3049824237823486,0.2612626850605011,-0.6276613473892212,2.5214664936065674,-0.6792014837265015
432.7820129394531,0.0,0.0,0.0,2.6003968715667725,-0.25145214796066284,0.40882670879364014,2.8422513008117676,0.47118252515792847
465.1059875488281,0.0,0.0,0.0,2.9702770709991455,-0.3408215343952179,0.5521358251571655,3.4755032062530518,0.6146519780158997
225.7100067138672,0.0,0.0,0.0,4.739908218383789,0.15241862833499908,-0.07949329912662506,4.944575309753418,-0.07584480196237564
759.2979736328125,0.0,0.0,0.0,4.46788215637207,0.26911333203315735,-0.2178756296634674,4.603270530700684,-0.24077476561069489
394.1180114746094,0.0,0.0,0.0,3.7174015045166016,0.4408257305622101,-0.4031848609447479,3.8112661838531494,-0.46751120686531067
423.22601318359375,0.0,0.0,0.0,4.6987738609313965,0.08028537780046463,-0.07012519985437393,4.85512638092041,-0.0664667934179306
505.54998779296875,0.0,0.0,0.0,4.207352161407471,0.17978142201900482,-0.09288370609283447,4.008203506469727,-0.1531044840812683
436.6860046386719,0.0,0.0,0.0,3.372225761413574,-0.14331911504268646,0.1161939799785614,3.252737045288086,0.13291217386722565
892.6060180664062,0.0,0.0,0.0,4.25437593460083,0.41091451048851013,-0.3438168168067932,4.242128849029541,-0.4476793110370636
95.75399780273438,0.0,0.0,0.0,4.54255485534668,0.1789366900920868,-0.1401176005601883,4.606420516967773,-0.17873723804950714
844.0499877929688,0.0,0.0,0.0,4.699611186981201,0.0987517461180687,0.009813488461077213,4.862609386444092,0.04581242799758911
953.9140014648438,0.0,0.0,0.0,4.811212539672852,-0.000930038804654032,-0.0419798381626606,4.774617671966553,0.03966506943106651
684.469970703125,0.0,0.0,0.0,3.440471887588501,0.44953566789627075,-0.533204197883606,3.2523915767669678,-0.6561621427536011
824.6859741210938,0.0,0.0,0.0,4.6770405769348145,0.03345991298556328,-0.03685035556554794,4.94397497177124,0.004315873142331839
237.85400390625,0.0,0.0,0.0,4.706870079040527,0.04070788621902466,0.00820334255695343,4.717777729034424,-0.05327858775854111
340.15399169921875,0.0,0.0,0.0,4.607122898101807,-0.33729293942451477,0.20806212723255157,4.769156455993652,0.1375928819179535
817.8099975585938,0.0,0.0,0.0,3.0509092807769775,0.3924643397331238,-0.5176231265068054,3.2937495708465576,-0.5878995060920715
128.01800537109375,0.0,0.0,0.0,4.203081130981445,0.44154274463653564,-0.4803912341594696,3.802276134490967,-0.5449995994567871
749.6740112304688,0.0,0.0,0.0,4.135344505310059,0.42654141783714294,-0.3385779559612274,4.420283317565918,-0.30103111267089844
207.41799926757812,0.0,0.0,0.0,1.79761803150177,-0.16603617370128632,0.5403660535812378,1.9448350667953491,0.7333938479423523
445.3900146484375,0.0,0.0,0.0,4.240483283996582,-0.3338169455528259,0.2529376745223999,4.025867938995361,0.2582259178161621
701.1220092773438,0.0,0.0,0.0,4.217630386352539,0.3823017179965973,-0.2643855810165405,4.5684685707092285,-0.27455607056617737
716.8779907226562,0.0,0.0,0.0,4.550566673278809,-0.38016101717948914,0.20588982105255127,4.70173978805542,0.3024100065231323
214.54600524902344,0.0,0.0,0.0,3.419570207595825,-0.26886260509490967,0.29084470868110657,3.5294189453125,0.24714478850364685
728.02197265625,0.0,0.0,0.0,4.618124961853027,-0.09948862344026566,0.027714230120182037,5.0608601570129395,0.10269885510206223
700.64599609375,0.0,0.0,0.0,4.059551239013672,0.4628463387489319,-0.3458387553691864,4.448329448699951,-0.4447733163833618
637.3699951171875,0.0,0.0,0.0,2.891542434692383,-0.11476779729127884,0.16489818692207336,3.2258212566375732,0.18115375936031342
566.6259765625,0.0,0.0,0.0,3.879430055618286,0.36829739809036255,-0.32447269558906555,4.282844066619873,-0.42605310678482056
733.4619750976562,0.0,0.0,0.0,2.413832664489746,0.3520517647266388,-0.6767724752426147,2.9103333950042725,-0.8262500762939453
232.48599243164062,0.0,0.0,0.0,4.489621162414551,0.29114750027656555,-0.11153686791658401,4.8968119621276855,-0.16347597539424896
316.0299987792969,0.0,0.0,0.0,4.636015892028809,-0.2718382179737091,0.1826370805501938,4.869679927825928,0.1611926257610321
792.5339965820312,0.0,0.0,0.0,2.446096897125244,-0.2752220332622528,0.6246383786201477,2.591169595718384,0.6921644806861877
349.13800048828125,0.0,0.0,0.0,4.368982315063477,-0.2954687774181366,0.20652513206005096,4.633725166320801,0.23713235557079315
624.6019897460938,0.0,0.0,0.0,4.534424781799316,-0.201145738363266,0.11625833809375763,4.718608379364014,0.059545617550611496
189.71800231933594,0.0,0.0,0.0,3.4310247898101807,-0.30023929476737976,0.3607718348503113,3.7782111167907715,0.3591668903827667
637.1539916992188,0.0,0.0,0.0,2.8400940895080566,-0.10287397354841232,0.16845911741256714,2.9559624195098877,0.21968281269073486
848.4180297851562,0.0,0.0,0.0,4.2236127853393555,-0.33759617805480957,0.18298660218715668,4.585367679595947,0.27250856161117554
75.21800231933594,0.0,0.0,0.0,4.535861968994141,0.021924041211605072,-0.01685546711087227,4.39403772354126,-0.21358038485050201
956.1900024414062,0.0,0.0,0.0,3.845353841781616,-0.4292723834514618,0.3658224940299988,4.233027935028076,0.45345932245254517
881.8499755859375,0.0,0.0,0.0,3.6713953018188477,-0.39748498797416687,0.3861921727657318,4.327645778656006,0.375888854265213
994.9099731445312,0.0,0.0,0.0,3.82405161857605,0.45092281699180603,-0.40771523118019104,4.164647102355957,-0.4611203074455261
802.97802734375,0.0,0.0,0.0,2.155939817428589,-0.31047138571739197,0.7941022515296936,2.3237545490264893,0.9472902417182922
796.9739990234375,0.0,0.0,0.0,4.596578598022461,-0.29117509722709656,0.12845200300216675,4.752232074737549,0.19092844426631927
503.1340026855469,0.0,0.0,0.0,3.3807291984558105,0.2612522542476654,-0.2631685733795166,3.6734559535980225,-0.3324398100376129
356.5140075683594,0.0,0.0,0.0,3.784144878387451,-0.03857358545064926,0.09897688776254654,3.5648975372314453,-0.005619972478598356
201.406005859375,0.0,0.0,0.0,1.8257408142089844,-0.1936016082763672,0.6455662250518799,1.9146991968154907,0.6297855377197266
702.6740112304688,0.0,0.0,0.0,4.598408222198486,0.22341470420360565,-0.1613691747188568,4.6626434326171875,-0.13582614064216614
874.6060180664062,0.0,0.0,0.0,4.072340488433838,-0.04527788609266281,0.02818029560148716,3.997964859008789,0.009196896106004715
760.0859985351562,0.0,0.0,0.0,4.115267276763916,0.3410063683986664,-0.3558546304702759,4.079766750335693,-0.5247838497161865
684.6859741210938,0.0,0.0,0.0,3.2320709228515625,0.43905821442604065,-0.5615503191947937,3.406585454940796,-0.6846938729286194
768.5059814453125,0.0,0.0,0.0,4.696388244628906,0.014870472252368927,0.05267114192247391,4.826347351074219,0.03772697597742081
73.85800170898438,0.0,0.0,0.0,4.5045247077941895,0.023765401914715767,0.03526593744754791,4.693729877471924,0.002062763087451458
701.0139770507812,0.0,0.0,0.0,4.178208827972412,0.3983968198299408,-0.33329305052757263,4.321028709411621,-0.3123842477798462
572.8499755859375,0.0,0.0,0.0,4.17340612411499,0.4799805283546448,-0.38454023003578186,4.416975975036621,-0.5149071216583252
885.3980102539062,0.0,0.0,0.0,4.514243125915527,0.26582539081573486,-0.200010746717453,4.471743106842041,-0.20519526302814484
248.07400512695312,0.0,0.0,0.0,3.5775954723358154,0.36289501190185547,-0.4130409359931946,3.809173822402954,-0.31154313683509827
648.114013671875,0.0,0.0,0.0,4.709349632263184,-0.058417536318302155,0.028279615566134453,4.950378894805908,0.03852878510951996
674.8179931640625,0.0,0.0,0.0,3.517303705215454,-0.4390019476413727,0.4532943367958069,3.5886359214782715,0.5201992988586426
921.197998046875,0.0,0.0,0.0,3.055713415145874,-0.3190448582172394,0.49103277921676636,3.035930871963501,0.5206825137138367
311.8219909667969,0.0,0.0,0.0,4.4250407218933105,-0.3549351096153259,0.24193713068962097,4.523070812225342,0.22058096528053284
812.2659912109375,0.0,0.0,0.0,4.26537561416626,0.3032780885696411,-0.24856016039848328,4.45869779586792,-0.2064151167869568
430.74200439453125,0.0,0.0,0.0,3.6408450603485107,-0.17220044136047363,0.11483867466449738,3.6472713947296143,0.11176452040672302
302.3500061035156,0.0,0.0,0.0,4.761196613311768,-0.2333444058895111,0.14188982546329498,4.407829761505127,0.1208447590470314
547.14599609375,0.0,0.0,0.0,1.8852040767669678,-0.18164610862731934,0.6151264905929565,2.129647970199585,0.7702218294143677
158.28199768066406,0.0,0.0,0.0,4.213192939758301,-0.5198394656181335,0.508689284324646,4.433557033538818,0.5165953636169434
447.8340148925781,0.0,0.0,0.0,3.893995523452759,-0.3945087194442749,0.2983038127422333,4.001482963562012,0.31947290897369385
467.22601318359375,0.0,0.0,0.0,4.258185386657715,-0.336860716342926,0.24136438965797424,4.707324504852295,0.2479306161403656
926.2459716796875,0.0,0.0,0.0,3.926107406616211,-0.5114293694496155,0.5082531571388245,4.070053577423096,0.4017692804336548
131.59800720214844,0.0,0.0,0.0,4.389225959777832,0.3232298493385315,-0.14632602035999298,4.741060256958008,-0.2142038494348526
188.38600158691406,0.0,0.0,0.0,2.506873607635498,-0.18470968306064606,0.3627548813819885,2.830568790435791,0.435005247592926
507.8580017089844,0.0,0.0,0.0,3.1168277263641357,0.3230285346508026,-0.4394834637641907,3.1133360862731934,-0.51349937915802
530.7020263671875,0.0,0.0,0.0,3.183248519897461,0.45694127678871155,-0.5827928781509399,3.262211322784424,-0.6847177743911743
832.8779907226562,0.0,0.0,0.0,4.263056755065918,0.44959917664527893,-0.31576037406921387,4.329619884490967,-0.3270931541919708
112.22599792480469,0.0,0.0,0.0,3.614764928817749,0.37777966260910034,-0.3281051218509674,4.009218692779541,-0.4898878335952759
90.74199676513672,0.0,0.0,0.0,4.309516906738281,0.1965257227420807,-0.1397392898797989,4.292261123657227,-0.07136157155036926
647.3060302734375,0.0,0.0,0.0,4.630608081817627,-0.08976083248853683,0.09318491816520691,5.0571699142456055,0.06572834402322769
831.4099731445312,0.0,0.0,0.0,3.817060947418213,0.5005533695220947,-0.41098669171333313,3.7718923091888428,-0.5750513672828674
930.9500122070312,0.0,0.0,0.0,4.695676803588867,0.09683586657047272,-0.06443162262439728,4.552855014801025,-0.13680599629878998
239.02200317382812,0.0,0.0,0.0,4.612194061279297,0.02703624777495861,0.006458396557718515,4.890509128570557,0.023771855980157852
656.3660278320312,0.0,0.0,0.0,4.222570419311523,0.3268383741378784,-0.24307453632354736,4.338567733764648,-0.20103153586387634
857.6740112304688,0.0,0.0,0.0,4.679745197296143,-0.09116023033857346,0.05709622800350189,4.8760600090026855,0.0903257504105568
986.2620239257812,0.0,0.0,0.0,4.7405314445495605,-0.01287433598190546,0.0775606706738472,5.0112833976745605,0.04198642820119858
361.01800537109375,0.0,0.0,0.0,2.43111515045166,0.10190650820732117,-0.2750372588634491,2.7511420249938965,-0.3292505443096161
726.0780029296875,0.0,0.0,0.0,4.559453964233398,-0.33356979489326477,0.1959373503923416,4.587311267852783,0.21433991193771362
929.3660278320312,0.0,0.0,0.0,4.655275344848633,-0.16364873945713043,0.09337762743234634,4.921235084533691,0.08743713796138763
971.9660034179688,0.0,0.0,0.0,4.7696919441223145,-0.06251820176839828,0.04264471307396889,4.665019989013672,-0.011881382204592228
683.8779907226562,0.0,0.0,0.0,4.0749287605285645,0.37264761328697205,-0.41870811581611633,3.8778181076049805,-0.4845813512802124
967.0419921875,0.0,0.0,0.0,3.9053077697753906,-0.4398438036441803,0.4239214360713959,4.544375419616699,0.35855236649513245
525.114013671875,0.0,0.0,0.0,3.136058807373047,0.5600141286849976,-0.7692169547080994,3.0357067584991455,-0.8578668832778931
710.8820190429688,0.0,0.0,0.0,4.533938407897949,-0.36656489968299866,0.22370894253253937,4.370141506195068,0.24084308743476868
971.1259765625,0.0,0.0,0.0,4.617166996002197,-0.0702081173658371,0.024312101304531097,4.84822940826416,0.04111713171005249
122.29000091552734,0.0,0.0,0.0,4.650649070739746,0.06878477334976196,0.02098950557410717,5.1169867515563965,-0.05095720291137695
896.2659912109375,0.0,0.0,0.0,2.827362537384033,0.4709067940711975,-0.6459766030311584,3.042895555496216,-0.7008920907974243
930.6740112304688,0.0,0.0,0.0,4.671792984008789,0.09921792149543762,-0.060044899582862854,4.783195972442627,-0.019267486408352852
514.06201171875,0.0,0.0,0.0,4.606459617614746,0.0774182602763176,-0.030596613883972168,4.541986465454102,-0.029849618673324585
630.989990234375,0.0,0.0,0.0,3.0893521308898926,-0.17225877940654755,0.20523834228515625,2.8659539222717285,0.12290379405021667
587.7100219726562,0.0,0.0,0.0,4.138174057006836,0.4540635049343109,-0.35443565249443054,4.272908687591553,-0.3614349961280823
894.3140258789062,0.0,0.0,0.0,4.12156867980957,0.48836514353752136,-0.378046452999115,4.546952724456787,-0.40451323986053467
59.55799865722656,0.0,0.0,0.0,-0.0007897206232883036,0.0003013534878846258,-0.0023620936553925276,0.0,0.0
861.8820190429688,0.0,0.0,0.0,3.996342658996582,-0.4403191804885864,0.3936763405799866,4.460267066955566,0.41682520508766174
971.2379760742188,0.0,0.0,0.0,4.646173477172852,-0.06863407045602798,0.052826713770627975,4.964309215545654,-0.021940816193819046
453.93798828125,0.0,0.0,0.0,3.830552577972412,-0.18793347477912903,0.3067574203014374,3.3592514991760254,0.3793703317642212
544.2739868164062,0.0,0.0,0.0,1.7982906103134155,-0.11159379035234451,0.3950025141239166,1.8928357362747192,0.4882662892341614
218.08599853515625,0.0,0.0,0.0,2.5607986450195312,0.1856599599123001,-0.3235273063182831,2.6298587322235107,-0.3472539782524109
697.1859741210938,0.0,0.0,0.0,4.766386985778809,-0.006264344323426485,0.030009206384420395,4.636813640594482,0.009173981845378876
923.0460205078125,0.0,0.0,0.0,3.6680309772491455,-0.38579073548316956,0.4247018098831177,3.9158976078033447,0.2678472399711609
886.6060180664062,0.0,0.0,0.0,4.430872440338135,0.23356087505817413,-0.15263493359088898,4.710391998291016,-0.19799980521202087
531.3660278320312,0.0,0.0,0.0,2.756016969680786,0.4699581265449524,-0.8300694227218628,2.6740379333496094,-0.8691852688789368
277.1300048828125,0.0,0.0,0.0,1.8256373405456543,-0.07790888100862503,0.28687965869903564,2.0163040161132812,0.33153000473976135
702.5059814453125,0.0,0.0,0.0,4.548581600189209,0.2521703839302063,-0.14529286324977875,4.686356067657471,-0.14465801417827606
608.6740112304688,0.0,0.0,0.0,4.5684027671813965,-0.29509446024894714,0.16435211896896362,4.7209978103637695,0.13395126163959503
378.36199951171875,0.0,0.0,0.0,4.073878288269043,-0.4254887104034424,0.3227217197418213,4.26961088180542,0.3398095369338989
850.6259765625,0.0,0.0,0.0,4.065922737121582,-0.49325597286224365,0.3918663263320923,4.1992058753967285,0.47661295533180237
766.6820068359375,0.0,0.0,0.0,4.687328815460205,0.00029965315479785204,0.01544260699301958,5.042307376861572,-0.0012679352657869458
339.50201416015625,0.0,0.0,0.0,4.554556369781494,-0.3724401295185089,0.20595024526119232,4.394774913787842,0.211222842335701
260.8739929199219,0.0,0.0,0.0,4.326045036315918,0.13127337396144867,-0.10577830672264099,4.611410617828369,-0.08545398712158203
98.88999938964844,0.0,0.0,0.0,4.689321517944336,0.06696784496307373,-0.05414928123354912,4.757230758666992,-0.03705872222781181
643.0339965820312,0.0,0.0,0.0,3.9389584064483643,-0.5152525305747986,0.4225162863731384,4.0045061111450195,0.43714356422424316
501.92999267578125,0.0,0.0,0.0,2.71598219871521,0.21923309564590454,-0.3466867208480835,2.8329334259033203,-0.38791611790657043
486.2820129394531,0.0,0.0,0.0,3.4347150325775146,0.4063256084918976,-0.45610368251800537,3.853793144226074,-0.4667295515537262
882.197998046875,0.0,0.0,0.0,3.937002658843994,-0.3811091482639313,0.31347209215164185,4.46755313873291,0.35592660307884216
978.7540283203125,0.0,0.0,0.0,4.116090774536133,0.3549700081348419,-0.3265758752822876,4.813790321350098,-0.295118123292923
230.1540069580078,0.0,0.0,0.0,4.06773042678833,0.47813957929611206,-0.4808375835418701,4.139705657958984,-0.4249863028526306
650.1060180664062,0.0,0.0,0.0,4.040869235992432,0.43251049518585205,-0.4003775119781494,4.355273723602295,-0.44780245423316956
996.1099853515625,0.0,0.0,0.0,4.316840648651123,0.35080257058143616,-0.2509726881980896,4.159221649169922,-0.3016712963581085
621.9819946289062,0.0,0.0,0.0,4.092280387878418,-0.4282374680042267,0.33629074692726135,4.23502254486084,0.4068300127983093
285.906005859375,0.0,0.0,0.0,4.178505897521973,-0.4959452748298645,0.43493667244911194,4.541276454925537,0.4153061807155609
311.010009765625,0.0,0.0,0.0,4.56854772567749,-0.2618100047111511,0.20509035885334015,4.3671770095825195,0.260448694229126
727.43798828125,0.0,0.0,0.0,4.576985836029053,-0.17778824269771576,0.1025577262043953,4.83150053024292,0.0696345865726471
366.0260009765625,0.0,0.0,0.0,3.5048062801361084,0.4980352222919464,-0.4987095594406128,4.305511474609375,-0.6663451790809631
842.0780029296875,0.0,0.0,0.0,4.616105079650879,0.19230835139751434,-0.11095452308654785,4.489384174346924,-0.15469425916671753
538.2139892578125,0.0,0.0,0.0,2.088258981704712,0.31223639845848083,-0.7740108370780945,2.3007757663726807,-0.92325758934021
952.1500244140625,0.0,0.0,0.0,4.719786643981934,-0.05397362262010574,0.022452853620052338,4.961395263671875,0.04915415868163109
610.7260131835938,0.0,0.0,0.0,4.250578880310059,-0.44155195355415344,0.30957409739494324,4.312119483947754,0.3579433858394623
726.7579956054688,0.0,0.0,0.0,4.577003002166748,-0.22735895216464996,0.15282493829727173,4.794461727142334,0.18538670241832733
201.49400329589844,0.0,0.0,0.0,1.8134466409683228,-0.18901638686656952,0.5536450743675232,1.743178129196167,0.5309791564941406
883.3779907226562,0.0,0.0,0.0,4.561774253845215,-0.31516924500465393,0.17890143394470215,4.558690547943115,0.19129988551139832
900.0659790039062,0.0,0.0,0.0,3.0214803218841553,0.36868658661842346,-0.6111664772033691,3.407731056213379,-0.6983763575553894
615.5339965820312,0.0,0.0,0.0,3.120837926864624,-0.4585700035095215,0.6245473027229309,3.440476894378662,0.7598481178283691
844.166015625,0.0,0.0,0.0,4.681378364562988,0.08879142254590988,-0.022399498149752617,4.837865352630615,-0.041341863572597504
56.821998596191406,0.0,0.0,0.0,-0.0007418624009005725,0.00027208926621824503,-0.00020803553343284875,0.0,0.0
270.4259948730469,0.0,0.0,0.0,1.9776660203933716,0.15784329175949097,-0.48998403549194336,2.0610530376434326,-0.5220617055892944
903.4420166015625,0.0,0.0,0.0,3.917220115661621,0.451014906167984,-0.4582251310348511,3.9707236289978027,-0.4863835275173187
260.12200927734375,0.0,0.0,0.0,4.269379615783691,0.13987930119037628,-0.06931883841753006,4.431954383850098,-0.055214736610651016
321.3059997558594,0.0,0.0,0.0,4.641679286956787,-0.1246727779507637,0.12217161804437637,4.958244800567627,0.1940903663635254
117.44599914550781,0.0,0.0,0.0,4.50665807723999,0.36465781927108765,-0.24265308678150177,4.688070297241211,-0.3048132359981537
179.57400512695312,0.0,0.0,0.0,1.642853856086731,-0.12029965221881866,0.460986465215683,1.7444024085998535,0.4709961712360382
818.6699829101562,0.0,0.0,0.0,3.5281968116760254,0.45967841148376465,-0.4673120379447937,3.615623712539673,-0.47620725631713867
384.74200439453125,0.0,0.0,0.0,4.63566780090332,0.009716990403831005,-0.02541397325694561,4.94640588760376,-0.014310539700090885
503.22601318359375,0.0,0.0,0.0,3.413287401199341,0.2593076825141907,-0.2888077199459076,3.685988664627075,-0.2501445412635803
981.010009765625,0.0,0.0,0.0,4.5034708976745605,0.2713727355003357,-0.12870225310325623,5.07610559463501,-0.1689862310886383
509.593994140625,0.0,0.0,0.0,3.679689407348633,0.3368243873119354,-0.3148174285888672,3.945327043533325,-0.32257381081581116
897.010009765625,0.0,0.0,0.0,3.069282054901123,0.4212202727794647,-0.6000316739082336,3.435926914215088,-0.7137920260429382
481.3819885253906,0.0,0.0,0.0,4.446052551269531,0.0842479020357132,-0.03348155692219734,4.548709392547607,-0.07770022749900818
488.14599609375,0.0,0.0,0.0,4.341221332550049,0.2497543841600418,-0.11447683721780777,4.556344032287598,-0.12456017732620239
997.3300170898438,0.0,0.0,0.0,4.479619979858398,0.24002690613269806,-0.12426719069480896,4.995589733123779,-0.14342722296714783
540.4140014648438,0.0,0.0,0.0,1.864956021308899,0.1992119997739792,-0.5314967632293701,2.000148057937622,-0.6116605997085571
98.55799865722656,0.0,0.0,0.0,4.684396266937256,0.05986378714442253,-0.07504184544086456,4.658975124359131,-0.057422783225774765
449.0260009765625,0.0,0.0,0.0,4.290668487548828,-0.3306827247142792,0.2128715217113495,4.374719619750977,0.24419088661670685
805.7420043945312,0.0,0.0,0.0,2.064263105392456,-0.2359013706445694,0.626740574836731,2.203500270843506,0.7120279669761658
600.3140258789062,0.0,0.0,0.0,3.295923948287964,-0.4075514078140259,0.504743754863739,3.7409396171569824,0.5773839950561523
603.7139892578125,0.0,0.0,0.0,4.496473789215088,-0.28476840257644653,0.17596712708473206,4.8592424392700195,0.22621682286262512
626.9140014648438,0.0,0.0,0.0,4.358823776245117,0.2572488486766815,-0.1858414262533188,4.5701003074646,-0.2195054143667221
912.1420288085938,0.0,0.0,0.0,3.9410512447357178,0.44423216581344604,-0.42049264907836914,3.9979426860809326,-0.5339112877845764
962.2420043945312,0.0,0.0,0.0,4.467128753662109,-0.3855952322483063,0.2490561157464981,4.613354206085205,0.22357451915740967
861.197998046875,0.0,0.0,0.0,3.8943469524383545,-0.4426174759864807,0.3911488354206085,4.077979564666748,0.5694637298583984
952.5419921875,0.0,0.0,0.0,4.774524688720703,-0.07257044315338135,0.019269337877631187,4.9419074058532715,0.04104077070951462
965.4940185546875,0.0,0.0,0.0,3.3043713569641113,-0.4514336884021759,0.5380019545555115,3.417088747024536,0.5985610485076904
257.1180114746094,0.0,0.0,0.0,3.213087558746338,0.1989898979663849,-0.2788020372390747,3.719550371170044,-0.35641539096832275
313.0419921875,0.0,0.0,0.0,4.544516086578369,-0.28374484181404114,0.15440940856933594,4.606631278991699,0.1674063354730606
493.0820007324219,0.0,0.0,0.0,4.662233352661133,0.14523708820343018,-0.09360438585281372,4.808592319488525,-0.13860511779785156
145.30599975585938,0.0,0.0,0.0,4.7085747718811035,-0.08756964653730392,0.03117857687175274,4.7189106941223145,0.08387741446495056
899.7420043945312,0.0,0.0,0.0,2.7970476150512695,0.35736986994743347,-0.5667247176170349,3.174144744873047,-0.6850961446762085
504.7380065917969,0.0,0.0,0.0,4.130820274353027,0.22439828515052795,-0.15689073503017426,4.012301921844482,-0.18346354365348816
594.9819946289062,0.0,0.0,0.0,2.657245635986328,-0.17228096723556519,0.32317501306533813,2.719864845275879,0.32867494225502014
659.6300048828125,0.0,0.0,0.0,3.1727914810180664,0.45015597343444824,-0.4927566945552826,3.4401092529296875,-0.5078995227813721
460.48199462890625,0.0,0.0,0.0,4.52372932434082,-0.1253572404384613,0.043204113841056824,4.618005752563477,0.010147175751626492
256.4700012207031,0.0,0.0,0.0,3.3379998207092285,0.15721705555915833,-0.22684766352176666,3.239912509918213,-0.20311501622200012
68.3219985961914,0.0,0.0,0.0,3.041292905807495,0.10294083505868912,-0.12701019644737244,3.414144515991211,-0.12713676691055298
190.16600036621094,0.0,0.0,0.0,3.7527921199798584,-0.31090590357780457,0.3111773431301117,4.068920612335205,0.3883325457572937
364.8059997558594,0.0,0.0,0.0,3.542628526687622,0.46775636076927185,-0.4610670804977417,3.5989301204681396,-0.5205919742584229
249.17799377441406,0.0,0.0,0.0,4.0771331787109375,0.3137446343898773,-0.2560998797416687,4.546116352081299,-0.217194065451622
912.2780151367188,0.0,0.0,0.0,3.8582098484039307,0.4494297206401825,-0.46650707721710205,3.7177441120147705,-0.5103039145469666
65.62200164794922,0.0,0.0,0.0,1.8159295320510864,0.021858181804418564,-0.10077124089002609,2.2625322341918945,-0.12709762156009674
672.3460083007812,0.0,0.0,0.0,4.033125400543213,-0.315260648727417,0.29363638162612915,4.216728210449219,0.29646173119544983
668.3660278320312,0.0,0.0,0.0,4.849224090576172,-0.07939472794532776,0.07982305437326431,4.994960308074951,0.0078072259202599525
470.8059997558594,0.0,0.0,0.0,4.722414493560791,-0.051844581961631775,-0.03043457865715027,4.701757907867432,0.08441559225320816
289.1820068359375,0.0,0.0,0.0,4.640195846557617,-0.18605682253837585,0.050705574452877045,4.601284503936768,0.12375565618276596
542.6259765625,0.0,0.0,0.0,1.3861392736434937,-0.05211668834090233,0.26321694254875183,1.4775773286819458,0.2748766541481018
671.1220092773438,0.0,0.0,0.0,4.098476409912109,-0.348178893327713,0.28985512256622314,4.132897853851318,0.2931487560272217
363.8500061035156,0.0,0.0,0.0,2.9194822311401367,0.3554796874523163,-0.4880686104297638,3.319974184036255,-0.4963766634464264
478.0419921875,0.0,0.0,0.0,3.944150447845459,0.34998124837875366,-0.28126969933509827,3.9819350242614746,-0.3080648183822632
291.65399169921875,0.0,0.0,0.0,4.381058216094971,-0.2693919241428375,0.11238447576761246,4.687345504760742,0.09403295814990997
162.11000061035156,0.0,0.0,0.0,4.447440147399902,-0.26544713973999023,0.18988174200057983,4.275039196014404,0.36906734108924866
95.62999725341797,0.0,0.0,0.0,4.6104888916015625,0.15910889208316803,-0.10478516668081284,4.480170726776123,-0.11911986023187637
360.1260070800781,0.0,0.0,0.0,2.172010660171509,0.02665741741657257,-0.14098507165908813,2.3398752212524414,-0.16547289490699768
718.56201171875,0.0,0.0,0.0,4.493495464324951,-0.3411749005317688,0.1614074856042862,4.705724716186523,0.2671965956687927
592.885986328125,0.0,0.0,0.0,1.7216613292694092,0.04764201119542122,0.02888614311814308,1.754702091217041,0.05169905349612236
520.9140014648438,0.0,0.0,0.0,4.6593918800354,0.0654037743806839,-0.027518581598997116,4.666436672210693,0.0076483446173369884
690.6339721679688,0.0,0.0,0.0,2.0037522315979004,0.14573892951011658,-0.4326809346675873,2.1340324878692627,-0.5229613184928894
515.6019897460938,0.0,0.0,0.0,4.545765399932861,0.06245382875204086,-0.02231043577194214,4.8113250732421875,-0.1280270218849182
464.2179870605469,0.0,0.0,0.0,2.5851309299468994,-0.31590738892555237,0.6311758756637573,2.7935009002685547,0.7913556694984436
360.8900146484375,0.0,0.0,0.0,2.4281842708587646,0.09426224231719971,-0.2983073890209198,2.475703239440918,-0.2746422290802002
408.3380126953125,0.0,0.0,0.0,4.617712020874023,0.15591779351234436,-0.03563348576426506,4.361447811126709,-0.02678779326379299
608.1220092773438,0.0,0.0,0.0,4.481254577636719,-0.37743526697158813,0.24263396859169006,4.653672218322754,0.26482072472572327
845.5700073242188,0.0,0.0,0.0,3.5762009620666504,-0.3975992500782013,0.5603018403053284,3.8128135204315186,0.47427332401275635
215.5260009765625,0.0,0.0,0.0,3.1403541564941406,-0.14005433022975922,0.12295673042535782,3.226501941680908,0.12717068195343018
207.7899932861328,0.0,0.0,0.0,1.7661155462265015,-0.1722097247838974,0.5330663323402405,1.9668275117874146,0.6450896263122559
94.15399932861328,0.0,0.0,0.0,4.5102128982543945,0.05756812542676926,0.0541713610291481,4.563037395477295,-0.03369493409991264
117.6780014038086,0.0,0.0,0.0,4.47106409072876,0.4234071671962738,-0.3258790373802185,4.523073673248291,-0.33005398511886597
772.8779907226562,0.0,0.0,0.0,4.33558464050293,0.40124186873435974,-0.22837413847446442,4.6014323234558105,-0.23078259825706482
783.5460205078125,0.0,0.0,0.0,4.028520107269287,0.07429297268390656,-0.03529541194438934,3.923612356185913,-0.003648992395028472
78.19400024414062,0.0,0.0,0.0,4.094593048095703,0.33697080612182617,-0.24169974029064178,4.526289463043213,-0.39160051941871643
632.5260009765625,0.0,0.0,0.0,2.3947441577911377,-0.03674071654677391,0.03582296893000603,2.1299073696136475,0.014934134669601917
119.4739990234375,0.0,0.0,0.0,4.477734565734863,0.32200151681900024,-0.21838535368442535,4.7756500244140625,-0.21757550537586212
400.8699951171875,0.0,0.0,0.0,3.5034103393554688,0.12445023655891418,-0.16550739109516144,3.485602855682373,-0.2319220006465912
714.926025390625,0.0,0.0,0.0,4.6103668212890625,-0.3871731460094452,0.26432323455810547,4.7342753410339355,0.2879487872123718
304.1419982910156,0.0,0.0,0.0,4.600008487701416,-0.37563928961753845,0.27483707666397095,4.633841037750244,0.3450852632522583
303.0539855957031,0.0,0.0,0.0,4.689023017883301,-0.24249446392059326,0.15959769487380981,4.943828582763672,0.29098066687583923
910.97802734375,0.0,0.0,0.0,4.6677703857421875,0.11428902298212051,-0.061561938375234604,4.892701148986816,-0.0734059065580368
624.1060180664062,0.0,0.0,0.0,4.501553058624268,-0.2212076187133789,0.09731339663267136,4.744869232177734,0.1435035765171051
833.9660034179688,0.0,0.0,0.0,4.403576850891113,0.44623416662216187,-0.4089634120464325,4.455313205718994,-0.41338253021240234
138.73399353027344,0.0,0.0,0.0,2.704164981842041,0.36435312032699585,-0.5523632168769836,2.935784339904785,-0.648525059223175
58.97800064086914,0.0,0.0,0.0,-0.0020134933292865753,0.00037763285217806697,0.0018287849379703403,0.0,0.0
730.27001953125,0.0,0.0,0.0,4.799447536468506,0.03699573501944542,-0.060674943029880524,4.640189170837402,0.003525787265971303
279.6780090332031,0.0,0.0,0.0,3.099668025970459,-0.26415449380874634,0.38097426295280457,3.4661686420440674,0.41259443759918213
534.6099853515625,0.0,0.0,0.0,3.4747543334960938,0.49297767877578735,-0.5818339586257935,3.4672281742095947,-0.705974280834198
375.6499938964844,0.0,0.0,0.0,3.3134639263153076,-0.4099728763103485,0.45166659355163574,3.09768009185791,0.5280831456184387
566.3820190429688,0.0,0.0,0.0,3.706495761871338,0.3742741048336029,-0.3416668772697449,4.171923637390137,-0.42740148305892944
481.72601318359375,0.0,0.0,0.0,4.428967475891113,0.07488901913166046,-0.0850398987531662,4.440492630004883,0.021817829459905624
234.1179962158203,0.0,0.0,0.0,4.762839317321777,0.11885477602481842,-0.08935939520597458,4.5593085289001465,-0.05833801254630089
959.1420288085938,0.0,0.0,0.0,4.484189510345459,-0.22629764676094055,0.16886644065380096,4.36240291595459,0.20782767236232758
309.20599365234375,0.0,0.0,0.0,4.497663974761963,-0.3223598897457123,0.1846758872270584,4.668147087097168,0.26952433586120605
787.9180297851562,0.0,0.0,0.0,2.0943217277526855,-0.12430509924888611,0.39603757858276367,1.9186832904815674,0.47297972440719604
501.0419921875,0.0,0.0,0.0,2.3128910064697266,0.15161332488059998,-0.3174521028995514,2.5738589763641357,-0.37993285059928894
242.67799377441406,0.0,0.0,0.0,2.691584587097168,-0.01033006701618433,-0.008985049091279507,2.3869783878326416,0.022251060232520103
846.302001953125,0.0,0.0,0.0,3.347236156463623,-0.41331547498703003,0.5331375598907471,3.5864217281341553,0.5940836071968079
352.4179992675781,0.0,0.0,0.0,4.677337646484375,-0.16317036747932434,0.17587727308273315,4.9614763259887695,0.18875303864479065
534.8499755859375,0.0,0.0,0.0,3.3505489826202393,0.5023561716079712,-0.6563685536384583,3.666337490081787,-0.7372400760650635
642.2139892578125,0.0,0.0,0.0,3.841491937637329,-0.4914427697658539,0.5448745489120483,4.136263847351074,0.5907412171363831
880.9099731445312,0.0,0.0,0.0,2.9639735221862793,-0.3249533772468567,0.4666755497455597,3.545099973678589,0.5012293457984924
593.4459838867188,0.0,0.0,0.0,1.776914358139038,-0.038435257971286774,0.16857974231243134,2.084348201751709,0.22599048912525177
161.7779998779297,0.0,0.0,0.0,4.50054931640625,-0.23713718354701996,0.16880187392234802,4.700239658355713,0.17399875819683075
366.906005859375,0.0,0.0,0.0,3.96547794342041,0.38665324449539185,-0.3053865134716034,4.489415168762207,-0.4070563018321991
644.0780029296875,0.0,0.0,0.0,4.154385089874268,-0.43613508343696594,0.32525435090065,4.683414459228516,0.3558827340602875
897.2780151367188,0.0,0.0,0.0,3.349604606628418,0.4561763107776642,-0.5977134108543396,3.6336543560028076,-0.595556378364563
661.2379760742188,0.0,0.0,0.0,3.986032724380493,0.4394797086715698,-0.3095235824584961,4.381208419799805,-0.4166281521320343
427.0820007324219,0.0,0.0,0.0,3.2365660667419434,-0.44606828689575195,0.608344316482544,3.5510716438293457,0.6470661163330078
902.5380249023438,0.0,0.0,0.0,3.283139944076538,0.4136878252029419,-0.5362062454223633,3.8133385181427,-0.641475260257721
72.88999938964844,0.0,0.0,0.0,4.451709270477295,0.02759496122598648,0.0022043536882847548,4.7209696769714355,0.02073284052312374
524.0819702148438,0.0,0.0,0.0,3.7842423915863037,0.4125983417034149,-0.37480804324150085,4.178144454956055,-0.47918564081192017
555.8460083007812,0.0,0.0,0.0,2.090024948120117,-0.1971309930086136,0.489478200674057,2.3012709617614746,0.6531702280044556
630.2940063476562,0.0,0.0,0.0,3.298794746398926,-0.2673994302749634,0.217145636677742,3.6220715045928955,0.29357150197029114
247.6540069580078,0.0,0.0,0.0,3.229140281677246,0.31583330035209656,-0.4457757771015167,3.412773847579956,-0.41451945900917053
928.010009765625,0.0,0.0,0.0,4.378488063812256,-0.3203309178352356,0.19810491800308228,4.637207508087158,0.14866410195827484
913.8460083007812,0.0,0.0,0.0,4.033265113830566,0.39928728342056274,-0.2972663938999176,4.311493396759033,-0.47514569759368896
400.99798583984375,0.0,0.0,0.0,3.434034585952759,0.1724373698234558,-0.23960155248641968,3.124619960784912,-0.32054048776626587
468.7380065917969,0.0,0.0,0.0,4.6185078620910645,-0.17825935781002045,0.09360750019550323,4.624314308166504,0.0476892925798893
255.74200439453125,0.0,0.0,0.0,3.5691943168640137,0.03954099863767624,0.03118269145488739,3.4542899131774902,0.039774563163518906
805.64599609375,0.0,0.0,0.0,2.0210514068603516,-0.2295752614736557,0.6644259095191956,2.3070273399353027,0.7049392461776733
719.9459838867188,0.0,0.0,0.0,4.685179710388184,-0.19440467655658722,0.09056612849235535,4.700385570526123,0.07249133288860321
587.52197265625,0.0,0.0,0.0,4.122084140777588,0.4781695008277893,-0.3490190804004669,4.356687545776367,-0.41390830278396606
402.08599853515625,0.0,0.0,0.0,2.9746429920196533,0.2830754816532135,-0.43222877383232117,3.298778533935547,-0.45824259519577026
538.0900268554688,0.0,0.0,0.0,2.208530902862549,0.35285595059394836,-0.6445877552032471,2.0431182384490967,-0.7926834225654602
757.0980224609375,0.0,0.0,0.0,4.710745334625244,0.2562147378921509,-0.2522870898246765,4.671702861785889,-0.27863261103630066
692.177978515625,0.0,0.0,0.0,3.0705068111419678,0.3197864592075348,-0.3872915506362915,3.324766159057617,-0.4881112575531006
748.4459838867188,0.0,0.0,0.0,3.60421085357666,0.4571686089038849,-0.48840487003326416,4.1369500160217285,-0.6137151718139648
120.78199768066406,0.0,0.0,0.0,4.5919928550720215,0.1856701821088791,-0.06259338557720184,4.731836795806885,-0.051171477884054184
126.75399780273438,0.0,0.0,0.0,4.627500534057617,0.163144052028656,-0.0973605066537857,4.912638187408447,-0.11422710120677948
791.3779907226562,0.0,0.0,0.0,2.020447254180908,-0.17191053926944733,0.5589956641197205,2.1427760124206543,0.5023955702781677
640.1939697265625,0.0,0.0,0.0,3.6117615699768066,-0.3955164849758148,0.4377743601799011,3.7284247875213623,0.49713823199272156
983.5780029296875,0.0,0.0,0.0,4.817671775817871,0.03960265964269638,-0.05022937431931496,4.6963114738464355,-0.022636204957962036
451.41400146484375,0.0,0.0,0.0,4.533945083618164,-0.12117787450551987,0.06975846737623215,4.562024116516113,0.06124700605869293
744.9459838867188,0.0,0.0,0.0,3.2294952869415283,0.36037811636924744,-0.51203852891922,3.577828884124756,-0.4133216142654419
345.20599365234375,0.0,0.0,0.0,3.4701881408691406,-0.4512282609939575,0.4852019250392914,3.7160515785217285,0.6074379682540894
620.3820190429688,0.0,0.0,0.0,3.9260635375976562,-0.491386353969574,0.4946364164352417,4.018259048461914,0.5517695546150208
110.32599639892578,0.0,0.0,0.0,2.954968214035034,0.4314245879650116,-0.6433065533638,3.280600070953369,-0.6639530658721924
784.6259765625,0.0,0.0,0.0,3.512957811355591,0.028040608391165733,-0.051678769290447235,3.384387969970703,-0.03767126426100731
747.5020141601562,0.0,0.0,0.0,3.6106159687042236,0.48407888412475586,-0.5404407978057861,3.8952205181121826,-0.6746110916137695
96.4739990234375,0.0,0.0,0.0,4.483415603637695,0.172909215092659,-0.08170317858457565,4.5738844871521,-0.06946782767772675
71.38600158691406,0.0,0.0,0.0,4.0977373123168945,0.08398964256048203,-0.02221669815480709,4.352156162261963,0.0005137423286214471
965.3419799804688,0.0,0.0,0.0,3.337934970855713,-0.45408323407173157,0.5696511268615723,3.553770065307617,0.6158486008644104
347.19000244140625,0.0,0.0,0.0,4.221959590911865,-0.34704673290252686,0.27777740359306335,4.7343974113464355,0.23359525203704834
871.2780151367188,0.0,0.0,0.0,4.356106758117676,-0.37021130323410034,0.2209780067205429,4.688314914703369,0.18616966903209686
396.53399658203125,0.0,0.0,0.0,4.558352470397949,0.24121958017349243,-0.07235182076692581,4.800825119018555,-0.06744175404310226
934.7579956054688,0.0,0.0,0.0,2.9920952320098877,-0.17648497223854065,0.3463049530982971,2.4726686477661133,0.32487696409225464
327.80999755859375,0.0,0.0,0.0,4.555409908294678,-0.24280869960784912,0.1153031513094902,4.616390228271484,0.1799551546573639
263.5379943847656,0.0,0.0,0.0,4.655834674835205,0.037499167025089264,-0.08323540538549423,5.001446723937988,-0.031633540987968445
486.3819885253906,0.0,0.0,0.0,3.502636194229126,0.39802834391593933,-0.4893648624420166,3.8477437496185303,-0.4187077581882477
138.1820068359375,0.0,0.0,0.0,2.6798460483551025,0.381242036819458,-0.5819386839866638,2.888267993927002,-0.763127863407135
320.3900146484375,0.0,0.0,0.0,4.71677303314209,-0.08211199194192886,0.008090067654848099,4.745151042938232,-0.006286938209086657
442.7980041503906,0.0,0.0,0.0,4.146871089935303,-0.26330482959747314,0.16945119202136993,4.354842185974121,0.14486880600452423
394.5539855957031,0.0,0.0,0.0,3.9824740886688232,0.43450286984443665,-0.3807947039604187,4.2130656242370605,-0.40460941195487976
691.677978515625,0.0,0.0,0.0,2.639350652694702,0.2550601065158844,-0.4651079773902893,3.1771905422210693,-0.5286456942558289
316.6180114746094,0.0,0.0,0.0,4.653453826904297,-0.2370302677154541,0.16847331821918488,4.700518608093262,0.21897681057453156
230.25399780273438,0.0,0.0,0.0,4.065128326416016,0.4897426664829254,-0.40849539637565613,4.180703163146973,-0.4411435127258301
877.4420166015625,0.0,0.0,0.0,1.6966708898544312,-0.1325301080942154,0.42989274859428406,1.8111735582351685,0.5015062689781189
304.3500061035156,0.0,0.0,0.0,4.560882568359375,-0.39376798272132874,0.2317117154598236,4.76533842086792,0.20369957387447357
522.3579711914062,0.0,0.0,0.0,4.4769744873046875,0.14623168110847473,-0.24008002877235413,4.003305435180664,-0.384811133146286
850.3779907226562,0.0,0.0,0.0,3.909637212753296,-0.4719604253768921,0.448393315076828,4.363988399505615,0.4784884452819824
352.54998779296875,0.0,0.0,0.0,4.675358295440674,-0.18584594130516052,0.1759921908378601,5.106021404266357,0.19191423058509827
599.469970703125,0.0,0.0,0.0,2.659759044647217,-0.3397246301174164,0.524514377117157,2.894033193588257,0.6435406804084778
549.3419799804688,0.0,0.0,0.0,1.726993441581726,-0.17763875424861908,0.6804231405258179,1.8724459409713745,0.7581573128700256
692.72998046875,0.0,0.0,0.0,3.461858034133911,0.3930422067642212,-0.44717609882354736,3.8543405532836914,-0.5152265429496765
378.0580139160156,0.0,0.0,0.0,4.11109733581543,-0.42810526490211487,0.30535048246383667,4.173344612121582,0.3628244698047638
571.8099975585938,0.0,0.0,0.0,4.041175842285156,0.3988543748855591,-0.36758100986480713,4.639461040496826,-0.4669588506221771
530.3740234375,0.0,0.0,0.0,3.1710691452026367,0.4617479145526886,-0.5687811374664307,3.315739393234253,-0.6799712777137756
99.55400085449219,0.0,0.0,0.0,4.592778205871582,0.0652940571308136,-0.05218468979001045,4.890405178070068,-0.2377733290195465
521.0380249023438,0.0,0.0,0.0,4.687034606933594,0.05164085701107979,0.03055902011692524,4.844475269317627,0.01214376837015152
164.9219970703125,0.0,0.0,0.0,4.423028469085693,-0.30289149284362793,0.18552859127521515,4.979170322418213,0.19192327558994293
219.3419952392578,0.0,0.0,0.0,3.244297504425049,0.25674694776535034,-0.2860395014286041,3.5541293621063232,-0.3743714988231659
479.34600830078125,0.0,0.0,0.0,4.147249698638916,0.23391489684581757,-0.18366104364395142,4.354445934295654,-0.2505653500556946
606.2139892578125,0.0,0.0,0.0,4.616243839263916,-0.36322271823883057,0.3239436149597168,4.812746524810791,0.33426833152770996
185.88999938964844,0.0,0.0,0.0,2.172625780105591,-0.08576630800962448,0.20763561129570007,2.0225934982299805,0.14631935954093933
547.2459716796875,0.0,0.0,0.0,1.8975311517715454,-0.18044432997703552,0.6477869749069214,1.9679597616195679,0.6276247501373291
64.35399627685547,0.0,0.0,0.0,-0.00221704738214612,0.0005476010264828801,0.001116440282203257,0.0,0.0
262.1700134277344,0.0,0.0,0.0,4.498159885406494,0.08981059491634369,-0.05675642564892769,4.588554859161377,-0.03781910985708237
551.3740234375,0.0,0.0,0.0,1.8895708322525024,-0.22327908873558044,0.6780185699462891,1.8641400337219238,0.7272713780403137
574.4539794921875,0.0,0.0,0.0,4.317354679107666,0.4610145092010498,-0.3735247552394867,4.477565288543701,-0.41699984669685364
448.2820129394531,0.0,0.0,0.0,3.9990615844726562,-0.3704789876937866,0.307571679353714,4.089016914367676,0.3309735059738159
208.64199829101562,0.0,0.0,0.0,1.774045705795288,-0.18945828080177307,0.6060622334480286,1.833799123764038,0.6756314039230347
671.5659790039062,0.0,0.0,0.0,4.080398082733154,-0.32259321212768555,0.24522002041339874,4.361908912658691,0.3390554189682007
776.7459716796875,0.0,0.0,0.0,4.443178653717041,0.15491046011447906,-0.25761929154396057,3.772432804107666,-0.3556055724620819
466.6419982910156,0.0,0.0,0.0,4.002804756164551,-0.40689152479171753,0.30070793628692627,4.507346153259277,0.3034907281398773
102.52200317382812,0.0,0.0,0.0,3.7624902725219727,0.5276350378990173,-0.5300513505935669,3.559432029724121,-0.6052275896072388
264.3940124511719,0.0,0.0,0.0,4.681299209594727,0.06885848194360733,-0.04017672315239906,4.852602481842041,-0.001267756219021976
260.0459899902344,0.0,0.0,0.0,4.267998218536377,0.12818469107151031,-0.09522394835948944,4.372213363647461,-0.12840376794338226
141.95399475097656,0.0,0.0,0.0,4.466717720031738,0.3034414052963257,-0.2440856546163559,4.76815128326416,-0.22393545508384705
361.2460021972656,0.0,0.0,0.0,2.5825324058532715,0.11977557092905045,-0.3775504529476166,2.6411030292510986,-0.40332871675491333
126.43800354003906,0.0,0.0,0.0,4.565761566162109,0.2018245905637741,-0.07421338558197021,4.602341175079346,-0.12611763179302216
726.989990234375,0.0,0.0,0.0,4.52013635635376,-0.22711780667304993,0.13229818642139435,4.834174156188965,0.058988869190216064
524.6179809570312,0.0,0.0,0.0,3.7032253742218018,0.482232004404068,-0.5846970081329346,3.492954730987549,-0.6744943857192993
185.57400512695312,0.0,0.0,0.0,2.2453453540802,-0.09886076301336288,0.1683512032032013,2.2193844318389893,0.16147230565547943
877.3380126953125,0.0,0.0,0.0,1.683259129524231,-0.13305090367794037,0.49795135855674744,1.698136568069458,0.47632458806037903
74.08999633789062,0.0,0.0,0.0,4.5668230056762695,0.009127548895776272,-0.008793306536972523,4.654460430145264,-0.04260241612792015
198.14999389648438,0.0,0.0,0.0,2.147589683532715,-0.20953369140625,0.5160076022148132,2.043078660964966,0.5439435243606567
834.9420166015625,0.0,0.0,0.0,4.397902011871338,0.470995157957077,-0.3834472596645355,4.351660251617432,-0.32158163189888
838.9819946289062,0.0,0.0,0.0,4.292158126831055,0.4516211450099945,-0.4131300449371338,4.510744094848633,-0.3666471242904663
398.2460021972656,0.0,0.0,0.0,4.5843505859375,0.12111742049455643,0.006140634883195162,4.4876909255981445,-0.05206817016005516
332.5740051269531,0.0,0.0,0.0,4.676488399505615,-0.16792933642864227,0.07600586116313934,4.7529401779174805,0.044666290283203125
585.1220092773438,0.0,0.0,0.0,4.1044793128967285,0.41147559881210327,-0.3650117516517639,4.336496353149414,-0.4777490496635437
812.02197265625,0.0,0.0,0.0,4.212454319000244,0.30756673216819763,-0.21394933760166168,4.141844272613525,-0.21615804731845856
241.95799255371094,0.0,0.0,0.0,3.1619484424591064,0.009091610088944435,-0.007560293190181255,2.874499559402466,-0.09105083346366882
393.4020080566406,0.0,0.0,0.0,3.5871565341949463,0.5194650292396545,-0.5677396059036255,3.893385171890259,-0.5582024455070496
447.0740051269531,0.0,0.0,0.0,3.7209320068359375,-0.3676983416080475,0.3956422209739685,4.076672554016113,0.46533966064453125
339.2860107421875,0.0,0.0,0.0,4.519104957580566,-0.38595616817474365,0.2350202351808548,4.7569499015808105,0.2482653111219406
643.3419799804688,0.0,0.0,0.0,3.945525646209717,-0.48087048530578613,0.4129351079463959,4.265936374664307,0.4453248083591461
517.2620239257812,0.0,0.0,0.0,4.224445343017578,0.273001104593277,-0.22776909172534943,4.168846607208252,-0.24417012929916382
345.6180114746094,0.0,0.0,0.0,3.5933260917663574,-0.4548666775226593,0.45057612657546997,3.8992598056793213,0.5325475931167603
195.67799377441406,0.0,0.0,0.0,4.181171417236328,-0.047402672469615936,0.01262875646352768,4.093441009521484,0.0009009187342599034
666.510009765625,0.0,0.0,0.0,4.745921611785889,0.08523119986057281,0.020751390606164932,4.830837249755859,0.020802004262804985
694.5419921875,0.0,0.0,0.0,4.369678497314453,0.30826234817504883,-0.17305245995521545,4.580860137939453,-0.19155709445476532
794.2739868164062,0.0,0.0,0.0,3.2533161640167236,-0.42482325434684753,0.4884756803512573,3.5365171432495117,0.5253937244415283
414.34600830078125,0.0,0.0,0.0,4.2095818519592285,0.3850395381450653,-0.3795310854911804,3.938988447189331,-0.5686412453651428
373.0260009765625,0.0,0.0,0.0,4.621542453765869,0.2631373703479767,-0.13418027758598328,4.486128807067871,-0.14705169200897217
933.3980102539062,0.0,0.0,0.0,4.01357889175415,-0.06300678104162216,0.03806754946708679,3.9375412464141846,0.06744466722011566
316.95001220703125,0.0,0.0,0.0,4.662065029144287,-0.2518523633480072,0.1259247362613678,4.910613059997559,0.18719549477100372
462.0140075683594,0.0,0.0,0.0,4.522119998931885,-0.06702358275651932,0.0861511379480362,4.053787708282471,0.23958051204681396
771.8779907226562,0.0,0.0,0.0,4.379262447357178,0.42795509099960327,-0.30066561698913574,4.408857345581055,-0.38727274537086487
367.1419982910156,0.0,0.0,0.0,4.075897693634033,0.3568339943885803,-0.29315707087516785,4.289254188537598,-0.3189832270145416
465.2380065917969,0.0,0.0,0.0,3.0581748485565186,-0.35654014348983765,0.5125619769096375,3.4603381156921387,0.5548561811447144
344.9620056152344,0.0,0.0,0.0,3.332193374633789,-0.4677817225456238,0.5168692469596863,3.8904244899749756,0.6619853377342224
715.010009765625,0.0,0.0,0.0,4.606101036071777,-0.39405858516693115,0.2406962513923645,4.835554599761963,0.26072201132774353
337.1059875488281,0.0,0.0,0.0,4.831770896911621,-0.053939469158649445,0.01354996208101511,5.028750896453857,0.03113626502454281
837.6539916992188,0.0,0.0,0.0,4.706900596618652,0.18566152453422546,-0.07558386027812958,4.966192245483398,-0.07212936878204346
68.55400085449219,0.0,0.0,0.0,3.142144203186035,0.11623883992433548,-0.16175976395606995,3.217991828918457,-0.16669850051403046
954.2139892578125,0.0,0.0,0.0,4.7110748291015625,-0.1465987116098404,0.2611808478832245,4.456980228424072,0.33187007904052734
725.073974609375,0.0,0.0,0.0,4.429594993591309,-0.45349231362342834,0.2968023717403412,4.3200602531433105,0.2806165814399719
331.697998046875,0.0,0.0,0.0,4.626100063323975,-0.2462085634469986,0.1865283101797104,4.7598371505737305,0.17784634232521057
412.7179870605469,0.0,0.0,0.0,4.711156845092773,0.07197751104831696,-0.003906414844095707,4.833527565002441,-0.08761225640773773
513.7780151367188,0.0,0.0,0.0,4.6162590980529785,0.06460108608007431,-0.11850069463253021,4.830301761627197,0.022058606147766113
164.19400024414062,0.0,0.0,0.0,4.333086013793945,-0.41978156566619873,0.31657296419143677,4.6262102127075195,0.33613768219947815
898.2420043945312,0.0,0.0,0.0,2.6765575408935547,0.45564886927604675,-0.759680986404419,2.4915711879730225,-0.8410336971282959
941.197998046875,0.0,0.0,0.0,4.557747840881348,-0.0681711956858635,0.11261110752820969,5.003714561462402,0.02403012104332447
639.2059936523438,0.0,0.0,0.0,3.325441598892212,-0.2741115093231201,0.332120805978775,3.640634775161743,0.455569326877594
625.14599609375,0.0,0.0,0.0,4.673602104187012,-0.1869361698627472,0.10496912151575089,4.89118766784668,0.07174079120159149
502.51800537109375,0.0,0.0,0.0,3.029560089111328,0.24959015846252441,-0.34783509373664856,3.190830945968628,-0.35941505432128906
958.030029296875,0.0,0.0,0.0,4.427858352661133,-0.25514352321624756,0.13262253999710083,4.877302169799805,0.16631342470645905
618.4140014648438,0.0,0.0,0.0,4.335418701171875,-0.3608626425266266,0.287409245967865,4.575417518615723,0.25229039788246155
181.01400756835938,0.0,0.0,0.0,1.8546205759048462,-0.14027206599712372,0.4525521695613861,1.9341176748275757,0.554564893245697
443.8059997558594,0.0,0.0,0.0,4.1453375816345215,-0.37384679913520813,0.2948673665523529,4.0252275466918945,0.37103110551834106
71.1500015258789,0.0,0.0,0.0,4.063906192779541,0.12411992996931076,-0.0678444504737854,4.295830249786377,-0.022099072113633156
751.3060302734375,0.0,0.0,0.0,4.55004358291626,0.2195013016462326,-0.1600872278213501,4.815770626068115,-0.08201145380735397
218.00599670410156,0.0,0.0,0.0,2.5320701599121094,0.18180277943611145,-0.31084975600242615,2.730332851409912,-0.38642212748527527
247.3419952392578,0.0,0.0,0.0,3.0202629566192627,0.2903088331222534,-0.4521074891090393,3.354527235031128,-0.46046334505081177
160.83799743652344,0.0,0.0,0.0,4.357738494873047,-0.37076833844184875,0.25033581256866455,4.755642890930176,0.2818954586982727
193.07400512695312,0.0,0.0,0.0,4.419845104217529,-0.13665181398391724,0.09775438904762268,4.305712699890137,0.06835303455591202
838.8779907226562,0.0,0.0,0.0,4.291647911071777,0.43323850631713867,-0.37356626987457275,4.5402960777282715,-0.45160725712776184
609.3140258789062,0.0,0.0,0.0,4.56260871887207,-0.319772869348526,0.2728288769721985,4.65819787979126,0.31689149141311646
454.01800537109375,0.0,0.0,0.0,3.7016372680664062,-0.22821871936321259,0.3725025951862335,3.4262120723724365,0.333408385515213
974.7420043945312,0.0,0.0,0.0,3.6321730613708496,0.41745826601982117,-0.4698295593261719,2.908278465270996,-0.6321533918380737
419.7380065917969,0.0,0.0,0.0,4.2916412353515625,0.3958974778652191,-0.26240456104278564,4.4352126121521,-0.2920740842819214
461.3179931640625,0.0,0.0,0.0,4.579723834991455,-0.07873517274856567,0.044149450957775116,4.728003025054932,0.0696318969130516
664.2940063476562,0.0,0.0,0.0,4.592990875244141,0.3180207908153534,-0.16782402992248535,5.144576549530029,-0.08354596793651581
804.7459716796875,0.0,0.0,0.0,1.9651967287063599,-0.25059643387794495,0.8648883104324341,2.1315407752990723,0.9253935813903809
998.197998046875,0.0,0.0,0.0,4.461240291595459,0.15092714130878448,-0.17310376465320587,4.254915714263916,-0.07641173899173737
476.6180114746094,0.0,0.0,0.0,3.6077375411987305,0.35687702894210815,-0.4084862768650055,3.735103130340576,-0.3985770046710968
762.8099975585938,0.0,0.0,0.0,3.9365670680999756,0.4069957733154297,-0.35033342242240906,4.2156805992126465,-0.38114625215530396
494.6820068359375,0.0,0.0,0.0,4.628976345062256,0.06813841313123703,-0.02322879247367382,4.698417663574219,0.016384819522500038
217.30999755859375,0.0,0.0,0.0,2.360227584838867,0.11228855699300766,-0.24453002214431763,2.7308688163757324,-0.3652774393558502
329.3940124511719,0.0,0.0,0.0,4.658297538757324,-0.1775365173816681,0.11395648866891861,5.181112289428711,0.17654001712799072
382.5780029296875,0.0,0.0,0.0,4.617712497711182,-0.04753053933382034,-0.08552539348602295,5.01386022567749,0.06476330757141113
90.25399780273438,0.0,0.0,0.0,4.3495402336120605,0.20173941552639008,-0.17789699137210846,4.437880992889404,-0.08643534779548645
485.9700012207031,0.0,0.0,0.0,3.203458547592163,0.352554589509964,-0.5368929505348206,3.513874053955078,-0.5691811442375183
858.75,0.0,0.0,0.0,4.709753513336182,-0.060565803200006485,0.02116294391453266,4.9079742431640625,-0.04582858458161354
248.97799682617188,0.0,0.0,0.0,3.9625473022460938,0.31711435317993164,-0.25254157185554504,4.183022975921631,-0.1949285864830017
549.5460205078125,0.0,0.0,0.0,1.7495330572128296,-0.19130964577198029,0.6323813796043396,1.8575812578201294,0.6804167032241821
339.7380065917969,0.0,0.0,0.0,4.534555912017822,-0.3381207287311554,0.17925824224948883,5.055081844329834,0.1356942057609558
841.7420043945312,0.0,0.0,0.0,4.618110656738281,0.25149545073509216,-0.07598654180765152,4.573981761932373,-0.0750337615609169
740.8140258789062,0.0,0.0,0.0,3.1074421405792236,0.42820844054222107,-0.5206897258758545,2.9983229637145996,-0.5418210029602051
434.6180114746094,0.0,0.0,0.0,3.3764889240264893,-0.2510955035686493,0.301449179649353,3.595781087875366,0.3198675215244293
151.41000366210938,0.0,0.0,0.0,4.164532661437988,-0.32642999291419983,0.27521827816963196,4.409040927886963,0.24898461997509003
371.6059875488281,0.0,0.0,0.0,4.435018539428711,0.3360547721385956,-0.2687678039073944,4.6322550773620605,-0.28271597623825073
380.406005859375,0.0,0.0,0.0,4.075415134429932,-0.4638364911079407,0.3302101492881775,4.20870304107666,0.250846266746521
182.94200134277344,0.0,0.0,0.0,2.404249429702759,-0.20478002727031708,0.45615965127944946,2.4493608474731445,0.38763952255249023
284.0220031738281,0.0,0.0,0.0,4.076847553253174,-0.5018810033798218,0.45113006234169006,4.2628397941589355,0.5663706660270691
989.7459716796875,0.0,0.0,0.0,4.4544854164123535,0.32745689153671265,-0.22550420463085175,4.725302219390869,-0.2775200307369232
369.9700012207031,0.0,0.0,0.0,4.053614616394043,0.3695369362831116,-0.35079845786094666,4.329906940460205,-0.4140052795410156
951.4459838867188,0.0,0.0,0.0,4.664582252502441,-0.1085486188530922,0.06915352493524551,4.603047847747803,0.05352016165852547
516.4979858398438,0.0,0.0,0.0,4.352686405181885,0.2265617847442627,-0.1955774873495102,4.313128471374512,-0.2680491805076599
689.9459838867188,0.0,0.0,0.0,1.7489560842514038,0.12241287529468536,-0.43429452180862427,2.0604419708251953,-0.6223406791687012
491.75,0.0,0.0,0.0,4.562839984893799,0.2737967371940613,-0.15398554503917694,4.685601711273193,-0.18157798051834106
288.0899963378906,0.0,0.0,0.0,4.489687919616699,-0.3597816824913025,0.21682050824165344,4.564043998718262,0.09033312648534775
899.8460083007812,0.0,0.0,0.0,2.918912172317505,0.3468848764896393,-0.5256069898605347,3.243077039718628,-0.6449331045150757
645.7540283203125,0.0,0.0,0.0,4.476824760437012,-0.13432413339614868,0.06271881610155106,5.031245231628418,0.02324344590306282
356.3900146484375,0.0,0.0,0.0,3.9025609493255615,-0.02071559615433216,0.03250101953744888,3.5720138549804688,0.10903853178024292
416.41400146484375,0.0,0.0,0.0,4.083755970001221,0.42729082703590393,-0.3703593313694,4.4391255378723145,-0.3723227381706238
555.4019775390625,0.0,0.0,0.0,1.8754024505615234,-0.1969480812549591,0.5796695351600647,1.998380184173584,0.7037762403488159
489.1059875488281,0.0,0.0,0.0,4.452540874481201,0.3028391897678375,-0.271851122379303,4.372965335845947,-0.26526978611946106
650.8779907226562,0.0,0.0,0.0,4.1384992599487305,0.3798198699951172,-0.2710968852043152,4.744001388549805,-0.31378841400146484
888.6740112304688,0.0,0.0,0.0,3.857105016708374,0.4482007324695587,-0.4603119194507599,3.846144676208496,-0.5693724751472473
513.6500244140625,0.0,0.0,0.0,4.623081684112549,0.06353607028722763,-0.016747305169701576,4.814561367034912,-0.12351713329553604
762.5020141601562,0.0,0.0,0.0,3.8692755699157715,0.42386937141418457,-0.3914712965488434,4.341983795166016,-0.40684154629707336
426.9620056152344,0.0,0.0,0.0,3.188692331314087,-0.4185277819633484,0.4960901439189911,3.3809826374053955,0.7174937725067139
616.8820190429688,0.0,0.0,0.0,3.6459524631500244,-0.4947409927845001,0.5194540023803711,3.7104310989379883,0.5212103724479675
687.2780151367188,0.0,0.0,0.0,2.1413772106170654,0.15526843070983887,-0.3927881717681885,1.8944228887557983,-0.3412747085094452
537.0180053710938,0.0,0.0,0.0,3.000363826751709,0.5467200875282288,-0.7621078491210938,3.0187063217163086,-0.8696784973144531
241.64199829101562,0.0,0.0,0.0,3.226811647415161,0.00902252085506916,-0.016485143452882767,3.258388042449951,-0.00621563196182251
717.8820190429688,0.0,0.0,0.0,4.48844051361084,-0.37923872470855713,0.25400426983833313,4.927529811859131,0.2862643897533417
478.6820068359375,0.0,0.0,0.0,4.017843246459961,0.28754401206970215,-0.22852125763893127,4.241899013519287,-0.31127339601516724
141.2899932861328,0.0,0.0,0.0,4.183341026306152,0.3223426938056946,-0.247343048453331,4.489655017852783,-0.2691373825073242
403.6099853515625,0.0,0.0,0.0,3.56368088722229,0.3229028582572937,-0.304109662771225,3.6836321353912354,-0.2936798334121704
574.0499877929688,0.0,0.0,0.0,4.244259357452393,0.47890615463256836,-0.3417215347290039,4.444446563720703,-0.42071133852005005
787.6740112304688,0.0,0.0,0.0,2.2102818489074707,-0.11398174613714218,0.361730694770813,2.195404291152954,0.35575687885284424
140.6179962158203,0.0,0.0,0.0,3.80521297454834,0.35417574644088745,-0.31626713275909424,4.424466609954834,-0.336448073387146
818.5780029296875,0.0,0.0,0.0,3.4668142795562744,0.45346543192863464,-0.5352820754051208,3.8889410495758057,-0.4890267848968506
725.677978515625,0.0,0.0,0.0,4.402724742889404,-0.3958742916584015,0.27985191345214844,4.752456188201904,0.2571007311344147
202.99400329589844,0.0,0.0,0.0,1.7061766386032104,-0.13589343428611755,0.5233670473098755,1.584618091583252,0.4995329678058624
512.4180297851562,0.0,0.0,0.0,4.483978748321533,0.1683962643146515,-0.14915677905082703,4.828372955322266,-0.025272086262702942
283.1419982910156,0.0,0.0,0.0,3.9745607376098633,-0.48856791853904724,0.40868285298347473,4.250134468078613,0.4768487811088562
617.6019897460938,0.0,0.0,0.0,3.965869903564453,-0.4275522530078888,0.30566391348838806,4.318113327026367,0.40225303173065186
854.7420043945312,0.0,0.0,0.0,4.410000801086426,-0.32872915267944336,0.19442543387413025,4.899839878082275,0.269337922334671
975.8820190429688,0.0,0.0,0.0,2.6534667015075684,0.32931649684906006,-0.6030499339103699,2.9155449867248535,-0.6684383153915405
941.6099853515625,0.0,0.0,0.0,4.649600028991699,-0.003912664484232664,-0.08026810735464096,4.933393478393555,-0.10770108550786972
853.093994140625,0.0,0.0,0.0,4.210946083068848,-0.5049691200256348,0.4167526662349701,4.165932655334473,0.4420090913772583
920.0700073242188,0.0,0.0,0.0,3.952042579650879,0.2375471293926239,0.013356571085751057,3.590336561203003,0.13160881400108337
980.510009765625,0.0,0.0,0.0,4.458922863006592,0.2855469286441803,-0.20737683773040771,4.586907863616943,-0.13591118156909943
922.030029296875,0.0,0.0,0.0,3.108412265777588,-0.34444597363471985,0.4644146263599396,3.3300702571868896,0.5220758318901062
875.0780029296875,0.0,0.0,0.0,3.974222421646118,-0.04675482213497162,0.05165528133511543,3.6799654960632324,0.03028349205851555
206.92599487304688,0.0,0.0,0.0,1.815976619720459,-0.17114031314849854,0.6050907373428345,1.9836641550064087,0.7358645796775818
820.093994140625,0.0,0.0,0.0,4.140894889831543,0.4387766420841217,-0.32302501797676086,4.634300231933594,-0.3117404282093048
312.2900085449219,0.0,0.0,0.0,4.51414680480957,-0.33831173181533813,0.2398073524236679,4.7606377601623535,0.2118498831987381
540.0139770507812,0.0,0.0,0.0,1.804669976234436,0.2168503701686859,-0.6821903586387634,1.9544146060943604,-0.8098881840705872
867.7420043945312,0.0,0.0,0.0,2.6964032649993896,-0.3202117681503296,0.5432383418083191,2.826960325241089,0.65531986951828
802.5339965820312,0.0,0.0,0.0,2.4221813678741455,-0.37075352668762207,0.7027825713157654,2.2219836711883545,0.7737455368041992
527.1859741210938,0.0,0.0,0.0,2.672529935836792,0.38433635234832764,-0.5598198771476746,2.9855575561523438,-0.8707528710365295
984.6420288085938,0.0,0.0,0.0,4.6954522132873535,0.08293069154024124,-0.07603359967470169,4.736468315124512,0.04515387490391731
919.8099975585938,0.0,0.0,0.0,3.991131544113159,0.4037904441356659,-0.2687603533267975,4.053299427032471,-0.1641990840435028
603.010009765625,0.0,0.0,0.0,4.367983818054199,-0.4025847911834717,0.2745066285133362,4.4762091636657715,0.258201539516449
481.25,0.0,0.0,0.0,4.48826789855957,0.10027272254228592,-0.05942321941256523,4.424396514892578,-0.08788884431123734
459.4580078125,0.0,0.0,0.0,4.4806413650512695,-0.15164974331855774,0.07307525724172592,4.760019302368164,0.13325099647045135
680.2659912109375,0.0,0.0,0.0,4.429012775421143,-0.2813543677330017,0.1657770872116089,4.6992058753967285,0.18187031149864197
69.73799896240234,0.0,0.0,0.0,3.5807790756225586,0.13540078699588776,-0.1151275783777237,3.8074638843536377,-0.15484850108623505
917.9099731445312,0.0,0.0,0.0,3.9902548789978027,0.4769960939884186,-0.5105606317520142,3.917914628982544,-0.6588073372840881
636.6500244140625,0.0,0.0,0.0,2.665393352508545,-0.11905862390995026,0.11297009885311127,2.8750553131103516,0.18911577761173248
518.6859741210938,0.0,0.0,0.0,4.411224842071533,0.14966993033885956,-0.0947280302643776,4.92758846282959,-0.1448487490415573
676.0460205078125,0.0,0.0,0.0,3.7766427993774414,-0.3579373359680176,0.2839655578136444,4.102109909057617,0.4327261745929718
351.1059875488281,0.0,0.0,0.0,4.6510210037231445,-0.15817245841026306,0.10957437008619308,4.840559959411621,0.09537629783153534
212.9739990234375,0.0,0.0,0.0,3.0249714851379395,-0.3393579423427582,0.5172327756881714,3.2929108142852783,0.5256469249725342
441.5140075683594,0.0,0.0,0.0,3.478577136993408,-0.2898416519165039,0.30806079506874084,3.724127769470215,0.3039402961730957
920.2780151367188,0.0,0.0,0.0,3.803382158279419,0.05807541683316231,0.17732292413711548,3.464310884475708,0.2410852313041687
849.3060302734375,0.0,0.0,0.0,4.02877950668335,-0.4928862452507019,0.46155279874801636,4.036936283111572,0.4997752606868744
487.6820068359375,0.0,0.0,0.0,4.235091686248779,0.3518536388874054,-0.23119862377643585,4.597161769866943,-0.2284015715122223
107.55400085449219,0.0,0.0,0.0,3.2156882286071777,0.5241838693618774,-0.5796814560890198,3.2264487743377686,-0.736783504486084
957.6019897460938,0.0,0.0,0.0,4.357518196105957,-0.3400004804134369,0.21680153906345367,4.4459075927734375,0.24145065248012543
798.3140258789062,0.0,0.0,0.0,4.6730475425720215,-0.14029286801815033,0.025269893929362297,4.97465705871582,0.06133681535720825
864.3140258789062,0.0,0.0,0.0,4.561651706695557,-0.24175924062728882,0.11418978124856949,4.788856029510498,0.11769001930952072
888.6019897460938,0.0,0.0,0.0,3.980724334716797,0.43662744760513306,-0.47385475039482117,3.518765687942505,-0.5441396236419678
422.0459899902344,0.0,0.0,0.0,4.700630187988281,0.11002085357904434,-0.09691686928272247,4.919908046722412,-0.03752690181136131
625.5780029296875,0.0,0.0,0.0,4.502058506011963,-0.13570956885814667,0.08768817037343979,4.414985179901123,-0.09570438414812088
557.0139770507812,0.0,0.0,0.0,2.899686098098755,-0.295523464679718,0.5160357356071472,3.3490068912506104,0.5368956327438354
547.677978515625,0.0,0.0,0.0,1.851464867591858,-0.1784714013338089,0.6095055937767029,1.857887625694275,0.6185476183891296
82.48200225830078,0.0,0.0,0.0,3.0381968021392822,0.2994951903820038,-0.40370285511016846,3.4621541500091553,-0.5170952677726746
497.4179992675781,0.0,0.0,0.0,3.5541889667510986,-0.009675961919128895,0.024756664410233498,3.326754570007324,0.007178080268204212
528.3179931640625,0.0,0.0,0.0,3.428908348083496,0.38867300748825073,-0.4423171877861023,3.7434380054473877,-0.5765883922576904
335.14599609375,0.0,0.0,0.0,4.777195930480957,0.09471163898706436,-0.09121857583522797,4.914229393005371,-0.08613491803407669
421.8420104980469,0.0,0.0,0.0,4.705257415771484,0.1495472490787506,-0.10533130913972855,4.987286567687988,-0.036539893597364426
408.10198974609375,0.0,0.0,0.0,4.636577606201172,0.13256461918354034,-0.10512597858905792,4.662353515625,-0.032417573034763336
278.32598876953125,0.0,0.0,0.0,2.304631471633911,-0.15418437123298645,0.40958529710769653,2.4360175132751465,0.41943880915641785
646.677978515625,0.0,0.0,0.0,4.645483016967773,-0.08609933406114578,0.01723930984735489,5.069946765899658,0.102167047560215
65.25,0.0,0.0,0.0,1.3530384302139282,0.017459742724895477,-0.016395067796111107,1.7243640422821045,-0.05987561121582985
72.08599853515625,0.0,0.0,0.0,4.217902660369873,0.08769676834344864,-0.04410306364297867,4.467246055603027,-0.033391643315553665
229.01400756835938,0.0,0.0,0.0,4.1821770668029785,0.4060687720775604,-0.3217095136642456,4.112002372741699,-0.43182191252708435
144.25799560546875,0.0,0.0,0.0,4.6021504402160645,-0.1145334541797638,0.04109623283147812,4.897401809692383,0.07741985470056534
302.8380126953125,0.0,0.0,0.0,4.676530838012695,-0.22719605267047882,0.11175914108753204,4.65406608581543,0.13562309741973877
767.1339721679688,0.0,0.0,0.0,4.749129295349121,0.017545726150274277,-0.005101616960018873,4.79128360748291,0.019701119512319565
173.24200439453125,0.0,0.0,0.0,2.7247533798217773,-0.3153173625469208,0.5164009928703308,2.9003219604492188,0.59050053358078
129.35400390625,0.0,0.0,0.0,3.6517956256866455,0.47202321887016296,-0.4302540421485901,4.193984031677246,-0.561332106590271
262.6419982910156,0.0,0.0,0.0,4.509883880615234,0.04315289109945297,0.014185390435159206,4.622837543487549,-0.052702244371175766
541.5139770507812,0.0,0.0,0.0,1.6890026330947876,0.06216507405042648,-0.12811794877052307,1.6252076625823975,-0.12034988403320312
866.9500122070312,0.0,0.0,0.0,3.418644905090332,-0.41746747493743896,0.5618401765823364,3.030897617340088,0.6407335996627808
401.1860046386719,0.0,0.0,0.0,3.198859691619873,0.20446725189685822,-0.33824196457862854,3.05558180809021,-0.3887959420681
785.2659912109375,0.0,0.0,0.0,3.0965018272399902,0.011588132940232754,0.003699230495840311,3.0304179191589355,0.02928919903934002
545.0180053710938,0.0,0.0,0.0,1.7491028308868408,-0.1334773749113083,0.4810321033000946,1.6352853775024414,0.499796062707901
787.2459716796875,0.0,0.0,0.0,2.3320183753967285,-0.10180375725030899,0.2160537987947464,2.464534044265747,0.23437517881393433
344.0260009765625,0.0,0.0,0.0,3.6397151947021484,-0.5276092290878296,0.5619317293167114,3.91723895072937,0.6473711133003235
751.8820190429688,0.0,0.0,0.0,4.6985578536987305,0.2017461657524109,-0.1487865149974823,4.963293075561523,-0.12314797937870026
591.5139770507812,0.0,0.0,0.0,2.3748457431793213,0.239813894033432,-0.44146573543548584,2.0658740997314453,-0.5211994647979736
566.1820068359375,0.0,0.0,0.0,3.6254825592041016,0.39504656195640564,-0.44908004999160767,3.8841967582702637,-0.4353243410587311
365.25,0.0,0.0,0.0,3.4661319255828857,0.5123223662376404,-0.5443008542060852,3.8888168334960938,-0.5648666024208069
870.010009765625,0.0,0.0,0.0,3.7439215183258057,-0.38325148820877075,0.38355281949043274,3.89316987991333,0.38356903195381165
950.2659912109375,0.0,0.0,0.0,4.740476608276367,-0.1967579573392868,0.1263822764158249,4.6425018310546875,0.17523877322673798
116.98600006103516,0.0,0.0,0.0,4.482975959777832,0.22038529813289642,-0.19353023171424866,4.838019847869873,-0.3116176724433899
76.4540023803711,0.0,0.0,0.0,3.8219311237335205,0.435435026884079,-0.43993574380874634,4.111023902893066,-0.4783092439174652
452.1419982910156,0.0,0.0,0.0,4.54622745513916,-0.08722769469022751,-0.005661390256136656,4.3867974281311035,-0.06252263486385345
951.8140258789062,0.0,0.0,0.0,4.721965312957764,-0.10144143551588058,0.05431605875492096,4.800943851470947,-0.06289716809988022
93.15399932861328,0.0,0.0,0.0,4.421494483947754,0.1262766569852829,-0.09123039990663528,4.651383399963379,-0.06972009688615799
482.75,0.0,0.0,0.0,3.4409029483795166,0.25432640314102173,-0.3567645251750946,3.0742990970611572,-0.3827551305294037
137.35400390625,0.0,0.0,0.0,3.238914728164673,0.451887845993042,-0.5978107452392578,2.898451089859009,-0.7024560570716858
814.1939697265625,0.0,0.0,0.0,4.684658527374268,0.17645810544490814,-0.1129579022526741,4.6359171867370605,-0.07773958891630173
731.4660034179688,0.0,0.0,0.0,4.7171478271484375,-0.011949481442570686,-0.016007989645004272,4.908263683319092,0.022625375539064407
724.3779907226562,0.0,0.0,0.0,4.225230693817139,-0.5034627318382263,0.4101998507976532,4.351532459259033,0.42069104313850403
618.3140258789062,0.0,0.0,0.0,4.309850692749023,-0.3621388077735901,0.26756855845451355,4.588029861450195,0.38934457302093506
147.08999633789062,0.0,0.0,0.0,2.586322546005249,-0.36174437403678894,0.6125941276550293,2.4135384559631348,0.6988455653190613
302.2539978027344,0.0,0.0,0.0,4.741308212280273,-0.2198314219713211,0.1414484828710556,4.922351837158203,0.14258864521980286
197.81399536132812,0.0,0.0,0.0,2.0549638271331787,-0.20966477692127228,0.5423073172569275,2.270045518875122,0.5759422779083252
67.27799987792969,0.0,0.0,0.0,2.919539451599121,0.13152438402175903,-0.20521873235702515,3.0047008991241455,-0.1738610863685608
532.7860107421875,0.0,0.0,0.0,2.8037991523742676,0.3446650803089142,-0.5645374655723572,3.6174862384796143,-0.7710013389587402
190.25399780273438,0.0,0.0,0.0,3.8346707820892334,-0.324800968170166,0.3496236503124237,3.899972677230835,0.1961703598499298
341.3699951171875,0.0,0.0,0.0,4.137500286102295,-0.4724639654159546,0.4150652587413788,4.065744400024414,0.4787074625492096
200.30999755859375,0.0,0.0,0.0,2.3528389930725098,-0.28047844767570496,0.6291887760162354,2.1411380767822266,0.636454701423645
169.00999450683594,0.0,0.0,0.0,4.538577079772949,-0.31371796131134033,0.18475347757339478,4.750814914703369,0.16600088775157928
466.30999755859375,0.0,0.0,0.0,3.772092342376709,-0.38971415162086487,0.39743438363075256,4.265078544616699,0.5194798707962036
272.7659912109375,0.0,0.0,0.0,2.3209633827209473,0.05046210065484047,0.003508573630824685,2.1177144050598145,0.03639483451843262
427.3139953613281,0.0,0.0,0.0,3.3100786209106445,-0.45737114548683167,0.5351181030273438,3.5458266735076904,0.5038806200027466
585.43798828125,0.0,0.0,0.0,4.124086856842041,0.3929373025894165,-0.28828269243240356,4.417924880981445,-0.3185322880744934
761.47802734375,0.0,0.0,0.0,3.502323865890503,0.426204651594162,-0.4335874915122986,3.763471841812134,-0.5904468894004822
736.2379760742188,0.0,0.0,0.0,3.468386650085449,0.4606238305568695,-0.5393103957176208,3.6958882808685303,-0.5800289511680603
479.4460144042969,0.0,0.0,0.0,4.156618118286133,0.22721683979034424,-0.1680646389722824,4.239373683929443,-0.15493087470531464
696.614013671875,0.0,0.0,0.0,4.780160903930664,0.08748485893011093,-0.03942951560020447,5.006918430328369,-0.0036053555086255074
155.02200317382812,0.0,0.0,0.0,4.05034065246582,-0.44622641801834106,0.4463467001914978,4.166196823120117,0.5851916074752808
315.6099853515625,0.0,0.0,0.0,4.652885437011719,-0.2629387676715851,0.1365475356578827,4.913149356842041,0.15800078213214874
304.7300109863281,0.0,0.0,0.0,4.662261486053467,-0.3268515169620514,0.17867274582386017,4.874261856079102,0.1988615095615387
384.39801025390625,0.0,0.0,0.0,4.5765061378479,0.04057324305176735,0.0002107552718371153,4.750537872314453,0.04076419398188591
123.94999694824219,0.0,0.0,0.0,4.634297847747803,-0.03370310366153717,0.0518672838807106,4.657395839691162,-0.051305435597896576
477.4620056152344,0.0,0.0,0.0,3.6929478645324707,0.36483174562454224,-0.39826273918151855,3.945986032485962,-0.3722604513168335
223.17799377441406,0.0,0.0,0.0,4.236396789550781,0.3071962893009186,-0.20195724070072174,4.165932655334473,-0.26221105456352234
437.93798828125,0.0,0.0,0.0,2.7747714519500732,-0.06671445071697235,0.09712812304496765,2.4753358364105225,0.1761033833026886
340.2980041503906,0.0,0.0,0.0,4.593669414520264,-0.32736122608184814,0.14589758217334747,4.847955703735352,0.12310951948165894
296.9219970703125,0.0,0.0,0.0,4.725139617919922,-0.06824416667222977,0.14025655388832092,4.51258659362793,0.06962884962558746
669.4340209960938,0.0,0.0,0.0,3.9926514625549316,-0.41305309534072876,0.4289765954017639,3.9706883430480957,0.49560633301734924
204.8300018310547,0.0,0.0,0.0,2.0132694244384766,-0.18165113031864166,0.5608210563659668,2.140458583831787,0.640027642250061
184.56199645996094,0.0,0.0,0.0,2.522186517715454,-0.16106118261814117,0.298210471868515,2.3936545848846436,0.340705007314682
57.150001525878906,0.0,0.0,0.0,-0.0007728565251454711,0.0004354337288532406,-0.0017765534576028585,0.0,0.0
400.72198486328125,0.0,0.0,0.0,3.595515727996826,0.11406981199979782,-0.12843680381774902,3.4365625381469727,-0.18986046314239502
917.5419921875,0.0,0.0,0.0,4.22843599319458,0.39892467856407166,-0.2534034550189972,4.277889728546143,-0.5233591794967651
570.5460205078125,0.0,0.0,0.0,3.7580690383911133,0.46690845489501953,-0.4497535824775696,3.8737399578094482,-0.5308740139007568
345.95001220703125,0.0,0.0,0.0,3.7429540157318115,-0.42653781175613403,0.449912428855896,4.101271152496338,0.3929796516895294
726.5139770507812,0.0,0.0,0.0,4.611408233642578,-0.2578616440296173,0.15421181917190552,4.583133220672607,0.09036313742399216
286.0379943847656,0.0,0.0,0.0,4.203223705291748,-0.4890042245388031,0.40454620122909546,4.031449794769287,0.49315786361694336
322.7460021972656,0.0,0.0,0.0,4.713357448577881,-0.20148922502994537,0.07522549480199814,5.038404941558838,0.08408113569021225
208.04600524902344,0.0,0.0,0.0,1.7595386505126953,-0.1688719391822815,0.5452765822410583,1.8779854774475098,0.6958766579627991
113.88600158691406,0.0,0.0,0.0,4.040885925292969,0.4702025353908539,-0.3351224958896637,4.297341823577881,-0.42080676555633545
584.6740112304688,0.0,0.0,0.0,4.2304182052612305,0.44260767102241516,-0.3758043348789215,3.989814281463623,-0.38174736499786377
663.2020263671875,0.0,0.0,0.0,4.597535610198975,0.22222736477851868,-0.12206865847110748,4.759482383728027,-0.11495351791381836
677.3660278320312,0.0,0.0,0.0,3.8968424797058105,-0.42834895849227905,0.39849087595939636,3.9769599437713623,0.38936328887939453
129.47799682617188,0.0,0.0,0.0,3.7478392124176025,0.4638318717479706,-0.4688517451286316,3.978175163269043,-0.4885930120944977
873.9420166015625,0.0,0.0,0.0,4.313106060028076,-0.07906650751829147,0.042039256542921066,4.395320892333984,0.01245572417974472
275.8500061035156,0.0,0.0,0.0,1.4720242023468018,-0.020978381857275963,0.0978361964225769,1.4855185747146606,0.08071669191122055
246.03799438476562,0.0,0.0,0.0,2.1927244663238525,0.17013835906982422,-0.38816192746162415,2.515838623046875,-0.5181350111961365
979.6060180664062,0.0,0.0,0.0,4.349921703338623,0.23879872262477875,-0.13262030482292175,4.586764335632324,-0.17893290519714355
851.14599609375,0.0,0.0,0.0,4.179255962371826,-0.40425625443458557,0.3037768006324768,4.550109386444092,0.40850135684013367
832.2219848632812,0.0,0.0,0.0,4.107757091522217,0.47395941615104675,-0.37499308586120605,4.130500316619873,-0.4267179071903229
123.84600067138672,0.0,0.0,0.0,4.699894428253174,-0.02083376608788967,0.028786150738596916,4.459280014038086,0.009381136856973171
371.1419982910156,0.0,0.0,0.0,4.386292457580566,0.34682464599609375,-0.2901240289211273,4.771216869354248,-0.24605421721935272
582.302001953125,0.0,0.0,0.0,4.361065864562988,0.41713955998420715,-0.3179534375667572,4.421625137329102,-0.3625461459159851
385.6419982910156,0.0,0.0,0.0,4.620413780212402,-0.030413860455155373,0.015615472570061684,4.952118873596191,-0.071696437895298
232.6300048828125,0.0,0.0,0.0,4.5635504722595215,0.2588992714881897,-0.09289848804473877,4.809316158294678,-0.14420494437217712
977.0419921875,0.0,0.0,0.0,3.1460845470428467,0.3503071665763855,-0.4249759912490845,3.580798864364624,-0.5172361731529236
839.3099975585938,0.0,0.0,0.0,4.160971164703369,0.42424657940864563,-0.3626214265823364,4.534273624420166,-0.43336573243141174
733.25,0.0,0.0,0.0,2.6171035766601562,0.39800944924354553,-0.6386622190475464,2.419767141342163,-0.7331687808036804
159.91799926757812,0.0,0.0,0.0,4.208411693572998,-0.46715423464775085,0.32271406054496765,4.4207940101623535,0.38173970580101013
612.4019775390625,0.0,0.0,0.0,3.4713501930236816,-0.49343475699424744,0.5075080394744873,3.9659461975097656,0.6143994331359863
555.47802734375,0.0,0.0,0.0,1.8881757259368896,-0.1870003640651703,0.6309316158294678,2.0519187450408936,0.6101323962211609
495.1260070800781,0.0,0.0,0.0,4.603126525878906,0.04142868146300316,-0.07537226378917694,4.956114292144775,-0.0005953583167865872
337.9100036621094,0.0,0.0,0.0,4.783283710479736,-0.19722455739974976,0.09465131163597107,4.929135322570801,0.1391509622335434
568.4099731445312,0.0,0.0,0.0,4.46327018737793,0.2026687115430832,-0.1041262224316597,4.692389965057373,-0.2002100944519043
128.2779998779297,0.0,0.0,0.0,3.9134607315063477,0.5107573866844177,-0.47507497668266296,3.6247689723968506,-0.5396360754966736
589.6740112304688,0.0,0.0,0.0,3.789602279663086,0.5099248886108398,-0.48270776867866516,4.099061489105225,-0.49731287360191345
904.677978515625,0.0,0.0,0.0,3.754788398742676,0.548909068107605,-0.5639857053756714,3.6743314266204834,-0.681883692741394
814.6099853515625,0.0,0.0,0.0,4.626595497131348,0.11657178401947021,0.010077312588691711,4.862174034118652,-0.05525482818484306
392.9540100097656,0.0,0.0,0.0,3.6458277702331543,0.49339860677719116,-0.5990277528762817,3.5884034633636475,-0.584848165512085
621.2020263671875,0.0,0.0,0.0,3.875274896621704,-0.5018521547317505,0.46152517199516296,4.084724426269531,0.5771190524101257
91.05799865722656,0.0,0.0,0.0,4.302542209625244,0.19018127024173737,-0.1705590784549713,4.310454845428467,-0.16321200132369995
421.4100036621094,0.0,0.0,0.0,4.576552391052246,0.22616034746170044,-0.10830290615558624,4.986560344696045,-0.10667825490236282
571.2459716796875,0.0,0.0,0.0,3.8333113193511963,0.42956480383872986,-0.4189309775829315,3.777620792388916,-0.4692860245704651
112.01000213623047,0.0,0.0,0.0,3.5953924655914307,0.401438444852829,-0.4456947147846222,3.8641629219055176,-0.42237141728401184
184.41400146484375,0.0,0.0,0.0,2.4234559535980225,-0.15284676849842072,0.2705545425415039,2.723750591278076,0.3504963517189026
815.8140258789062,0.0,0.0,0.0,4.7263617515563965,0.03791432082653046,0.018286770209670067,4.17275857925415,-0.2602800130844116
793.97802734375,0.0,0.0,0.0,3.0607333183288574,-0.40059736371040344,0.5690249800682068,3.5835092067718506,0.7638238668441772
990.2979736328125,0.0,0.0,0.0,4.471210479736328,0.3469555675983429,-0.19648678600788116,4.6390604972839355,-0.24700258672237396
355.0220031738281,0.0,0.0,0.0,4.619657039642334,-0.06102513149380684,0.04979957640171051,4.348016262054443,0.0010437421733513474
263.84600830078125,0.0,0.0,0.0,4.644336700439453,0.0645928755402565,-0.04920003563165665,4.850020408630371,-0.02204771526157856
99.11000061035156,0.0,0.0,0.0,4.677309513092041,0.07125891745090485,-0.019595446065068245,4.724344730377197,-0.03977997973561287
487.7900085449219,0.0,0.0,0.0,4.302927494049072,0.33504292368888855,-0.2520418167114258,4.423696517944336,-0.24327485263347626
395.6820068359375,0.0,0.0,0.0,4.324525833129883,0.3482428789138794,-0.2473238706588745,4.571295738220215,-0.19086332619190216
783.0180053710938,0.0,0.0,0.0,4.347462177276611,0.12402934581041336,-0.06472131609916687,4.120639324188232,-0.023674335330724716
477.8059997558594,0.0,0.0,0.0,3.793396234512329,0.34507429599761963,-0.3578326106071472,4.1999921798706055,-0.32866379618644714
925.677978515625,0.0,0.0,0.0,3.688425064086914,-0.4887862205505371,0.5001257061958313,3.978925943374634,0.5311793684959412
671.666015625,0.0,0.0,0.0,4.121835708618164,-0.32722556591033936,0.2669632136821747,4.199403285980225,0.29339781403541565
282.3580017089844,0.0,0.0,0.0,3.805326223373413,-0.46111175417900085,0.46491867303848267,4.16534948348999,0.5831235647201538
948.2100219726562,0.0,0.0,0.0,4.361077308654785,-0.3886803388595581,0.2383819818496704,4.51989221572876,0.3159467577934265
107.24199676513672,0.0,0.0,0.0,3.644108295440674,0.576562225818634,-0.6403710842132568,3.2101941108703613,-0.6969704031944275
978.2979736328125,0.0,0.0,0.0,3.7769691944122314,0.3630034327507019,-0.36183804273605347,4.229133129119873,-0.2883155047893524
873.114013671875,0.0,0.0,0.0,4.5669074058532715,-0.10035321861505508,0.02007562667131424,4.546777725219727,0.08336696028709412
329.99798583984375,0.0,0.0,0.0,4.696269989013672,-0.2863524556159973,0.190576434135437,4.642319202423096,0.2920336425304413
783.9660034179688,0.0,0.0,0.0,3.7936551570892334,0.060722723603248596,-0.08321268111467361,3.883106231689453,-0.024081332609057426
538.4340209960938,0.0,0.0,0.0,2.041815996170044,0.30459147691726685,-0.7582342624664307,2.0693488121032715,-0.8604649305343628
144.58599853515625,0.0,0.0,0.0,4.7103352546691895,-0.10977005213499069,0.0689980536699295,4.850418567657471,0.031597163528203964
224.68600463867188,0.0,0.0,0.0,4.599449634552002,0.15820306539535522,-0.09295443445444107,4.748828411102295,-0.12537792325019836
830.4660034179688,0.0,0.0,0.0,4.625023365020752,0.3110061585903168,-0.26821479201316833,4.459327697753906,-0.38047298789024353
867.8779907226562,0.0,0.0,0.0,2.71549916267395,-0.3238133490085602,0.5678454637527466,2.9146885871887207,0.6594664454460144
182.1580047607422,0.0,0.0,0.0,2.252533197402954,-0.17764611542224884,0.4845760762691498,2.533853530883789,0.5886804461479187
227.28199768066406,0.0,0.0,0.0,3.98823881149292,0.5105730295181274,-0.453166127204895,4.097567081451416,-0.43018659949302673
970.030029296875,0.0,0.0,0.0,4.517513751983643,-0.12460371851921082,0.07542426884174347,4.7014617919921875,0.0819540023803711
99.44599914550781,0.0,0.0,0.0,4.618258476257324,0.05014970526099205,-0.017558617517352104,4.61462926864624,-0.12533539533615112
169.95399475097656,0.0,0.0,0.0,4.631619453430176,-0.20936404168605804,0.07097064703702927,4.494993209838867,0.1601182073354721
236.03799438476562,0.0,0.0,0.0,4.695168495178223,0.044269807636737823,-0.02101830206811428,4.92082405090332,-0.02595384232699871
814.0900268554688,0.0,0.0,0.0,4.645025253295898,0.1757136434316635,-0.1379016786813736,4.9441351890563965,-0.11500529944896698
358.84600830078125,0.0,0.0,0.0,2.06955885887146,-0.02050646021962166,-0.029281742870807648,2.0429975986480713,-0.032367266714572906
127.79000091552734,0.0,0.0,0.0,4.397043704986572,0.34631699323654175,-0.3932182788848877,4.236720085144043,-0.40601760149002075
818.3660278320312,0.0,0.0,0.0,3.336195945739746,0.44018223881721497,-0.5441951155662537,3.8041200637817383,-0.5905305743217468
241.04600524902344,0.0,0.0,0.0,3.790740966796875,-0.009183217771351337,0.0528644360601902,3.3104238510131836,-0.06417642533779144
395.22601318359375,0.0,0.0,0.0,4.166142463684082,0.3618543744087219,-0.2453429102897644,4.569969654083252,-0.26686763763427734
470.35400390625,0.0,0.0,0.0,4.7365570068359375,-0.06693290919065475,0.022293776273727417,5.117137432098389,0.06101950630545616
863.822021484375,0.0,0.0,0.0,4.443312644958496,-0.25452113151550293,0.17851586639881134,4.678653240203857,0.253767192363739
540.2139892578125,0.0,0.0,0.0,1.8225922584533691,0.2120932638645172,-0.6410597562789917,1.9434301853179932,-0.7031625509262085
142.85000610351562,0.0,0.0,0.0,4.58580207824707,0.025064220651984215,0.04481532797217369,4.684335231781006,0.01920905150473118
257.7380065917969,0.0,0.0,0.0,3.47904109954834,0.2556615173816681,-0.3011524975299835,3.706707000732422,-0.29219427704811096
563.9500122070312,0.0,0.0,0.0,2.463918924331665,0.3981935977935791,-0.7089388966560364,2.413583993911743,-0.7301151752471924
253.50999450683594,0.0,0.0,0.0,4.627616882324219,0.03892054036259651,0.0001257714902749285,4.755924701690674,0.06365633755922318
384.8139953613281,0.0,0.0,0.0,4.659786701202393,0.018542010337114334,0.007235991768538952,4.831374645233154,-0.02993887849152088
677.0139770507812,0.0,0.0,0.0,3.8019516468048096,-0.3881781995296478,0.33551526069641113,4.039421081542969,0.43206924200057983
684.3499755859375,0.0,0.0,0.0,3.5625364780426025,0.4680745303630829,-0.5393136143684387,3.2469117641448975,-0.5765601992607117
330.24200439453125,0.0,0.0,0.0,4.615244388580322,-0.3311586380004883,0.21641942858695984,4.495788097381592,0.26306578516960144
372.3580017089844,0.0,0.0,0.0,4.463456630706787,0.2566184401512146,-0.15015502274036407,4.753580570220947,-0.2692289352416992
330.3420104980469,0.0,0.0,0.0,4.57867431640625,-0.3390304148197174,0.23194855451583862,4.888477325439453,0.2282896786928177
796.1900024414062,0.0,0.0,0.0,4.359134674072266,-0.36069416999816895,0.2712182402610779,4.640329360961914,0.19491495192050934
100.75800323486328,0.0,0.0,0.0,4.460464000701904,0.33008405566215515,-0.24748824536800385,4.449673175811768,-0.2590276896953583
548.27001953125,0.0,0.0,0.0,1.790623426437378,-0.17470593750476837,0.5833491683006287,1.8720955848693848,0.7048524022102356
727.6380004882812,0.0,0.0,0.0,4.587929725646973,-0.16274991631507874,0.0683666244149208,4.814980983734131,-0.011684591881930828
629.3820190429688,0.0,0.0,0.0,3.7346861362457275,-0.3332492411136627,0.46201854944229126,4.026731967926025,0.39286983013153076
592.7420043945312,0.0,0.0,0.0,1.7705624103546143,0.07931338250637054,-0.13601140677928925,1.6976299285888672,0.07573696970939636
121.71800231933594,0.0,0.0,0.0,4.648858070373535,0.10359706729650497,-0.017021173611283302,4.7340898513793945,-0.0004386677173897624
329.75,0.0,0.0,0.0,4.673640251159668,-0.25590914487838745,0.19606120884418488,4.890748023986816,0.18476785719394684
402.3940124511719,0.0,0.0,0.0,3.0710465908050537,0.293595552444458,-0.34387674927711487,3.5033602714538574,-0.47824564576148987
558.5900268554688,0.0,0.0,0.0,4.086427211761475,-0.36542680859565735,0.2717614471912384,4.22407341003418,0.285532683134079
631.9500122070312,0.0,0.0,0.0,2.5606296062469482,-0.07663659006357193,0.10463540256023407,2.4297730922698975,0.09977671504020691
341.7820129394531,0.0,0.0,0.0,3.9760148525238037,-0.5075945854187012,0.42867356538772583,4.025826454162598,0.4722905158996582
864.6740112304688,0.0,0.0,0.0,4.511441707611084,-0.1988537311553955,0.10121585428714752,4.436530113220215,0.11442478746175766
333.3219909667969,0.0,0.0,0.0,4.7358479499816895,-0.13477735221385956,0.07924719154834747,4.965476989746094,0.06493624299764633
339.1700134277344,0.0,0.0,0.0,4.512050628662109,-0.39526262879371643,0.24042397737503052,4.512994289398193,0.26408272981643677
670.4459838867188,0.0,0.0,0.0,3.697397232055664,-0.3175373077392578,0.2917015552520752,4.039238452911377,0.4945495128631592
105.21800231933594,0.0,0.0,0.0,2.805706739425659,0.41202476620674133,-0.6306661367416382,3.13877272605896,-0.6557347774505615
934.2780151367188,0.0,0.0,0.0,3.5480544567108154,-0.09760206192731857,0.09678636491298676,3.2609665393829346,0.22425983846187592
273.57000732421875,0.0,0.0,0.0,1.9427978992462158,-0.0230697151273489,0.06120352819561958,1.9400858879089355,0.10001549869775772
203.91000366210938,0.0,0.0,0.0,1.8779786825180054,-0.16097652912139893,0.6186153888702393,1.998396873474121,0.6497414708137512
137.25399780273438,0.0,0.0,0.0,3.471059560775757,0.42384031414985657,-0.6134997010231018,2.9606692790985107,-0.6614598631858826
114.55799865722656,0.0,0.0,0.0,4.024500370025635,0.3817518353462219,-0.2278120070695877,4.469040870666504,-0.33719563484191895
852.8820190429688,0.0,0.0,0.0,4.207676887512207,-0.47773686051368713,0.39863941073417664,4.209733486175537,0.5075198411941528
264.93798828125,0.0,0.0,0.0,4.694699764251709,0.06872199475765228,0.013328559696674347,4.758726596832275,0.023129455745220184
774.5499877929688,0.0,0.0,0.0,4.61252498626709,0.26512041687965393,-0.16429054737091064,4.733325481414795,-0.09561248123645782
253.82200622558594,0.0,0.0,0.0,4.508820533752441,-0.0016449321992695332,0.008290530182421207,4.477893829345703,-0.07112086564302444
409.25,0.0,0.0,0.0,4.669055938720703,0.27931052446365356,-0.17836402356624603,4.72261905670166,-0.18199355900287628
704.6019897460938,0.0,0.0,0.0,4.676819801330566,0.03724292665719986,-0.0379415862262249,4.977420330047607,-0.037462953478097916
445.03399658203125,0.0,0.0,0.0,4.164070129394531,-0.34790828824043274,0.22019274532794952,4.299352169036865,0.32497638463974
251.07400512695312,0.0,0.0,0.0,4.595584869384766,0.09100998193025589,-0.0379023551940918,4.5392279624938965,-0.03753483295440674
384.5379943847656,0.0,0.0,0.0,4.587100982666016,0.023607267066836357,0.04036906734108925,5.010422706604004,0.042917605489492416
553.8820190429688,0.0,0.0,0.0,1.8239901065826416,-0.20585665106773376,0.6256362795829773,1.8043040037155151,0.6808230876922607
612.1019897460938,0.0,0.0,0.0,3.61187481880188,-0.5483836531639099,0.6027950644493103,3.2475075721740723,0.6394815444946289
577.9619750976562,0.0,0.0,0.0,3.9711947441101074,0.5360263586044312,-0.4979076087474823,4.173155784606934,-0.6311426758766174
897.4660034179688,0.0,0.0,0.0,3.4197044372558594,0.487035870552063,-0.5954344868659973,3.0710058212280273,-0.6553942561149597
862.4219970703125,0.0,0.0,0.0,4.201775074005127,-0.4393237233161926,0.31145554780960083,4.588833808898926,0.27680322527885437
383.2980041503906,0.0,0.0,0.0,4.5701494216918945,0.06926899403333664,-0.07914988696575165,4.814800262451172,-0.14422762393951416
644.4140014648438,0.0,0.0,0.0,4.268588066101074,-0.37394434213638306,0.24767228960990906,4.752297878265381,0.3222717344760895
851.573974609375,0.0,0.0,0.0,4.357913494110107,-0.3811141550540924,0.2831542193889618,4.397957801818848,0.27267396450042725
56.374000549316406,0.0,0.0,0.0,-0.000760457303840667,0.0005169388605281711,-0.002239591907709837,0.0,0.0
474.08599853515625,0.0,0.0,0.0,3.127742052078247,0.3995892107486725,-0.5651233792304993,3.4178545475006104,-0.6496455669403076
501.6300048828125,0.0,0.0,0.0,2.5729258060455322,0.19180284440517426,-0.4072709083557129,3.0433859825134277,-0.514155924320221
366.2380065917969,0.0,0.0,0.0,3.6893727779388428,0.4820422828197479,-0.4206293523311615,4.403981685638428,-0.47956836223602295
884.281982421875,0.0,0.0,0.0,4.491667747497559,0.13874271512031555,-0.20614856481552124,4.579061508178711,-0.11668068170547485
498.4580078125,0.0,0.0,0.0,2.947639226913452,0.010410461574792862,-0.0162500087171793,2.5114355087280273,-0.032691650092601776
926.1500244140625,0.0,0.0,0.0,3.885435104370117,-0.49286118149757385,0.4992731511592865,4.008505344390869,0.5714282393455505
255.64199829101562,0.0,0.0,0.0,3.6899948120117188,0.04014655947685242,-0.020858034491539,3.355242967605591,-0.028750402852892876
906.4420166015625,0.0,0.0,0.0,3.4486138820648193,0.4445161819458008,-0.4894590675830841,3.8284153938293457,-0.5338656306266785
998.4739990234375,0.0,0.0,0.0,4.377456188201904,0.11270478367805481,0.002235342748463154,4.379358291625977,-0.15065449476242065
425.989990234375,0.0,0.0,0.0,3.7711730003356934,-0.4366864562034607,0.5193554162979126,3.145855665206909,0.4892413318157196
135.5780029296875,0.0,0.0,0.0,4.743785381317139,0.024894433096051216,-0.011117890477180481,5.095760345458984,0.040486015379428864
484.406005859375,0.0,0.0,0.0,2.30033278465271,0.24826261401176453,-0.5782109498977661,2.444176435470581,-0.5871593952178955
117.08599853515625,0.0,0.0,0.0,4.517237186431885,0.25282904505729675,-0.20530782639980316,4.562510013580322,-0.2966766655445099
707.3660278320312,0.0,0.0,0.0,4.654809951782227,-0.2078123241662979,0.23609378933906555,4.732859134674072,0.24869394302368164
140.9219970703125,0.0,0.0,0.0,4.087131500244141,0.35859230160713196,-0.3495720326900482,4.332873821258545,-0.3010973632335663
484.64599609375,0.0,0.0,0.0,2.3660454750061035,0.258663147687912,-0.5485435724258423,2.6069302558898926,-0.6489577293395996
285.2900085449219,0.0,0.0,0.0,4.234529495239258,-0.4733855426311493,0.3401572108268738,4.525416851043701,0.3568001091480255
206.5540008544922,0.0,0.0,0.0,1.7537318468093872,-0.18135565519332886,0.590958833694458,1.8332411050796509,0.6076287627220154
439.0899963378906,0.0,0.0,0.0,2.452766180038452,-0.17275996506214142,0.35656633973121643,2.530991315841675,0.4422164559364319
921.0579833984375,0.0,0.0,0.0,3.125206708908081,-0.2964998185634613,0.43470504879951477,3.0776185989379883,0.5641776323318481
164.33399963378906,0.0,0.0,0.0,4.380211353302002,-0.40224820375442505,0.26059529185295105,4.921661853790283,0.24916201829910278
741.2739868164062,0.0,0.0,0.0,3.0494160652160645,0.3595126271247864,-0.5050133466720581,3.535034656524658,-0.5977564454078674
448.5140075683594,0.0,0.0,0.0,4.029961585998535,-0.370635062456131,0.32003727555274963,4.221944808959961,0.3099689185619354
195.3179931640625,0.0,0.0,0.0,4.31343412399292,-0.03147261217236519,0.016572879627346992,4.301797389984131,-0.013547264039516449
976.1300048828125,0.0,0.0,0.0,2.694140672683716,0.3173730671405792,-0.5242218375205994,2.9948008060455322,-0.6876325607299805
242.7899932861328,0.0,0.0,0.0,2.579986095428467,-0.010081809014081955,0.005422666668891907,2.5094268321990967,-0.01696818321943283
739.7100219726562,0.0,0.0,0.0,3.6291933059692383,0.4691716730594635,-0.4175994396209717,4.134406089782715,-0.6092897653579712
204.37399291992188,0.0,0.0,0.0,1.9240964651107788,-0.1687401831150055,0.5114465951919556,2.1657910346984863,0.6117666363716125
697.6339721679688,0.0,0.0,0.0,4.69846248626709,0.0037988938856869936,0.012090877629816532,5.042053699493408,-0.061217889189720154
247.0540008544922,0.0,0.0,0.0,2.766880750656128,0.26625365018844604,-0.44184431433677673,3.289518356323242,-0.5418931841850281
640.0859985351562,0.0,0.0,0.0,3.577543020248413,-0.37737980484962463,0.4082536995410919,3.882075071334839,0.5067645311355591
406.4939880371094,0.0,0.0,0.0,4.458355903625488,0.1426822990179062,-0.08123643696308136,4.722753047943115,-0.09762464463710785
158.95399475097656,0.0,0.0,0.0,4.022403717041016,-0.5425608158111572,0.4397445619106293,3.864236831665039,0.46815773844718933
985.43798828125,0.0,0.0,0.0,4.755535125732422,0.044737622141838074,-0.006663760636001825,4.522786617279053,-0.03170047700405121
365.5780029296875,0.0,0.0,0.0,3.445554494857788,0.5105494856834412,-0.6042683720588684,3.8434085845947266,-0.5504412055015564
695.9459838867188,0.0,0.0,0.0,4.653500080108643,0.1370558887720108,-0.0073211826384067535,4.907586574554443,-0.014850703999400139
363.5419921875,0.0,0.0,0.0,2.6464080810546875,0.31283408403396606,-0.4551228880882263,3.168433904647827,-0.6223262548446655
204.58599853515625,0.0,0.0,0.0,1.9848833084106445,-0.16737666726112366,0.5112566947937012,2.057877540588379,0.5810264945030212
150.3419952392578,0.0,0.0,0.0,3.516425132751465,-0.39531028270721436,0.47116848826408386,3.9172229766845703,0.5015684962272644
224.2100067138672,0.0,0.0,0.0,4.4696245193481445,0.2201853096485138,-0.09528898447751999,4.615347862243652,-0.15392161905765533
1000.2420043945312,0.0,0.0,0.0,3.534548282623291,0.011539801955223083,0.038277968764305115,3.4485297203063965,-0.001547656487673521
125.28199768066406,0.0,0.0,0.0,4.6221699714660645,0.17777906358242035,-0.1883569359779358,4.756515026092529,-0.1071975976228714
850.0659790039062,0.0,0.0,0.0,3.929283857345581,-0.48749518394470215,0.3609529137611389,4.0764970779418945,0.4287785291671753
918.75,0.0,0.0,0.0,3.8675074577331543,0.5299276113510132,-0.530079185962677,3.8841428756713867,-0.5410918593406677
582.4019775390625,0.0,0.0,0.0,4.338752269744873,0.4152635633945465,-0.33188435435295105,4.476437568664551,-0.30762848258018494
693.2059936523438,0.0,0.0,0.0,3.7318270206451416,0.39202141761779785,-0.2531045079231262,4.126075744628906,-0.4643827974796295
478.8900146484375,0.0,0.0,0.0,4.057107925415039,0.29089510440826416,-0.22123649716377258,4.4003753662109375,-0.21117256581783295
741.5339965820312,0.0,0.0,0.0,3.053933620452881,0.3326135277748108,-0.4605156183242798,3.1812140941619873,-0.5669466257095337
805.4340209960938,0.0,0.0,0.0,1.9969570636749268,-0.24136750400066376,0.6491929292678833,2.110927104949951,0.7682240605354309
274.406005859375,0.0,0.0,0.0,1.6832256317138672,-0.03059462644159794,0.1070956438779831,1.7158783674240112,0.09902598708868027
503.6820068359375,0.0,0.0,0.0,3.676745891571045,0.24987511336803436,-0.26737838983535767,4.111496448516846,-0.31134405732154846
349.4540100097656,0.0,0.0,0.0,4.434676170349121,-0.264685720205307,0.19940617680549622,4.663267135620117,0.1840212494134903
516.2659912109375,0.0,0.0,0.0,4.348729610443115,0.20958520472049713,-0.18711955845355988,4.516359329223633,-0.23033994436264038
179.0500030517578,0.0,0.0,0.0,1.6580487489700317,-0.11443252116441727,0.44115251302719116,1.8426032066345215,0.5822181105613708
196.5540008544922,0.0,0.0,0.0,3.7927474975585938,-0.04121162369847298,0.0979730635881424,3.279633045196533,0.1695854663848877
847.8980102539062,0.0,0.0,0.0,3.9776082038879395,-0.3903031647205353,0.23852889239788055,4.29925537109375,0.43419235944747925
777.7420043945312,0.0,0.0,0.0,3.079017162322998,0.46276333928108215,-0.549574613571167,3.1660354137420654,-0.7236204743385315
106.4219970703125,0.0,0.0,0.0,3.5263946056365967,0.4335411489009857,-0.5032641291618347,4.09217643737793,-0.5075875520706177
291.0539855957031,0.0,0.0,0.0,4.09581184387207,-0.425507515668869,0.29764053225517273,4.369704723358154,0.27661579847335815
127.48200225830078,0.0,0.0,0.0,4.681405067443848,0.19977347552776337,-0.2630256414413452,4.334399223327637,-0.2838013768196106
919.9099731445312,0.0,0.0,0.0,3.9820334911346436,0.35131385922431946,-0.16345000267028809,4.088559150695801,0.04476518929004669
61.534000396728516,0.0,0.0,0.0,-0.0008033773628994823,0.00018904889293480664,-0.001837375806644559,0.0,0.0
737.8140258789062,0.0,0.0,0.0,4.397323131561279,0.4133312404155731,-0.2906345725059509,4.723666667938232,-0.23954707384109497
275.98199462890625,0.0,0.0,0.0,1.4613491296768188,-0.020265990868210793,0.15273426473140717,1.618985891342163,0.13735105097293854
492.1820068359375,0.0,0.0,0.0,4.534909248352051,0.2097792625427246,-0.13174329698085785,4.964455604553223,-0.1167389452457428
236.8179931640625,0.0,0.0,0.0,4.711927890777588,0.043207988142967224,-0.02376728691160679,4.91984748840332,0.050575822591781616
127.05400085449219,0.0,0.0,0.0,4.7003607749938965,0.19056063890457153,-0.1340092122554779,4.916594982147217,-0.039854951202869415
249.07400512695312,0.0,0.0,0.0,3.9918274879455566,0.32381099462509155,-0.2212015688419342,4.494029521942139,-0.23219802975654602
488.45001220703125,0.0,0.0,0.0,4.4462151527404785,0.21267463266849518,-0.12629443407058716,4.577221393585205,-0.19513317942619324
177.02200317382812,0.0,0.0,0.0,1.6755622625350952,-0.1133224293589592,0.426726758480072,1.551450490951538,0.47132667899131775
323.7179870605469,0.0,0.0,0.0,4.619860649108887,-0.3385871946811676,0.26155897974967957,4.527007102966309,0.29795312881469727
777.8779907226562,0.0,0.0,0.0,2.9933907985687256,0.43697091937065125,-0.6294324398040771,2.924417495727539,-0.7586100697517395
695.6019897460938,0.0,0.0,0.0,4.5503106117248535,0.21607911586761475,-0.04131218418478966,4.8972859382629395,-0.12548629939556122
587.614013671875,0.0,0.0,0.0,4.118371963500977,0.46884027123451233,-0.34355273842811584,4.380917549133301,-0.36656516790390015
678.989990234375,0.0,0.0,0.0,4.175707817077637,-0.47832778096199036,0.30205562710762024,4.2600250244140625,0.3842574656009674
775.3740234375,0.0,0.0,0.0,4.542546272277832,0.16166813671588898,-0.0491567887365818,4.876838684082031,-0.008667709305882454
156.92599487304688,0.0,0.0,0.0,4.014583587646484,-0.4606926441192627,0.36388540267944336,4.5874247550964355,0.3962003290653229
288.8219909667969,0.0,0.0,0.0,4.612183094024658,-0.23281441628932953,0.1530722975730896,4.954938888549805,0.13592956960201263
834.197998046875,0.0,0.0,0.0,4.390624523162842,0.4844426214694977,-0.42941710352897644,4.821705341339111,-0.4058365225791931
537.7420043945312,0.0,0.0,0.0,2.4830989837646484,0.4086146652698517,-0.7775324583053589,2.392951011657715,-0.9472491145133972
239.25399780273438,0.0,0.0,0.0,4.622344970703125,0.015099766664206982,-0.029018642380833626,4.684823513031006,0.025526756420731544
857.2659912109375,0.0,0.0,0.0,4.668188095092773,-0.1083560436964035,0.04453881084918976,5.048614025115967,0.0045164511539042
189.08999633789062,0.0,0.0,0.0,2.953195095062256,-0.23652151226997375,0.35348665714263916,3.364823341369629,0.46782687306404114
880.35400390625,0.0,0.0,0.0,2.6116769313812256,-0.26450151205062866,0.4822700619697571,3.0956482887268066,0.6121823191642761
154.68600463867188,0.0,0.0,0.0,3.9682750701904297,-0.43341708183288574,0.40680018067359924,4.202478885650635,0.4199734628200531
731.1500244140625,0.0,0.0,0.0,4.720518112182617,-0.021161099895834923,-0.008255638182163239,4.7821784019470215,-0.024904590100049973
780.2940063476562,0.0,0.0,0.0,3.8883471488952637,0.4174913763999939,-0.33097484707832336,4.285439491271973,-0.4175169765949249
352.2820129394531,0.0,0.0,0.0,4.649789810180664,-0.15388992428779602,0.1464189887046814,4.865207195281982,0.2002931833267212
186.5540008544922,0.0,0.0,0.0,2.070045232772827,-0.07864106446504593,0.23974406719207764,2.123551368713379,0.2739202678203583
198.58999633789062,0.0,0.0,0.0,2.139204740524292,-0.19974058866500854,0.4736354351043701,2.08221173286438,0.5070343017578125
339.9419860839844,0.0,0.0,0.0,4.602231502532959,-0.3212723433971405,0.2016579657793045,4.931646347045898,0.24809718132019043
129.86199951171875,0.0,0.0,0.0,3.9266433715820312,0.457825630903244,-0.3782820403575897,4.430980682373047,-0.3312155306339264
506.8500061035156,0.0,0.0,0.0,3.62829852104187,0.14484423398971558,-0.22405995428562164,3.699587106704712,-0.34949785470962524
90.61000061035156,0.0,0.0,0.0,4.278051376342773,0.1807785928249359,-0.09747377783060074,4.624356269836426,-0.22422760725021362
780.6019897460938,0.0,0.0,0.0,4.011131286621094,0.4052496552467346,-0.35327059030532837,4.399590492248535,-0.25659704208374023
751.7579956054688,0.0,0.0,0.0,4.6891961097717285,0.2040974348783493,-0.12474802136421204,4.752011299133301,-0.17634209990501404
642.3140258789062,0.0,0.0,0.0,3.8626625537872314,-0.5166652798652649,0.5074325799942017,4.095302104949951,0.5668137073516846
938.8099975585938,0.0,0.0,0.0,4.0351643562316895,-0.2999911904335022,0.26408442854881287,4.331797122955322,0.24628089368343353
695.697998046875,0.0,0.0,0.0,4.586192607879639,0.19656828045845032,-0.07625778764486313,4.944067478179932,-0.06509167701005936
745.14599609375,0.0,0.0,0.0,3.3475043773651123,0.35238954424858093,-0.4135776162147522,3.8645968437194824,-0.5099583864212036
981.7940063476562,0.0,0.0,0.0,4.581502437591553,0.24738571047782898,-0.11479534208774567,4.781805038452148,-0.10986325889825821
747.8099975585938,0.0,0.0,0.0,3.551138401031494,0.5184498429298401,-0.5612310767173767,3.4110164642333984,-0.5605063438415527
602.0819702148438,0.0,0.0,0.0,4.085122585296631,-0.42674222588539124,0.312087744474411,4.3970746994018555,0.41558709740638733
795.1099853515625,0.0,0.0,0.0,3.8189029693603516,-0.40048226714134216,0.34165525436401367,4.3512115478515625,0.5079972743988037
103.91400146484375,0.0,0.0,0.0,3.1707653999328613,0.42377981543540955,-0.573984682559967,3.537966251373291,-0.6640231609344482
181.61000061035156,0.0,0.0,0.0,2.072446584701538,-0.1634245216846466,0.5331906080245972,2.1324431896209717,0.5445091724395752
282.802001953125,0.0,0.0,0.0,3.8560311794281006,-0.4727298617362976,0.43415725231170654,4.1534647941589355,0.5087637901306152
545.7780151367188,0.0,0.0,0.0,1.6238991022109985,-0.11335743963718414,0.43103182315826416,1.7324881553649902,0.5877973437309265
489.0060119628906,0.0,0.0,0.0,4.462774276733398,0.25985461473464966,-0.279263436794281,4.53831672668457,-0.3608299493789673
128.48599243164062,0.0,0.0,0.0,3.7390642166137695,0.5120310187339783,-0.4658512473106384,3.6346468925476074,-0.5477102994918823
438.29400634765625,0.0,0.0,0.0,2.605931282043457,-0.1277373731136322,0.27998536825180054,2.660780906677246,0.32788020372390747
250.2220001220703,0.0,0.0,0.0,4.340395450592041,0.19607031345367432,-0.16742581129074097,4.616075038909912,-0.15197192132472992
544.781982421875,0.0,0.0,0.0,1.7787061929702759,-0.13620030879974365,0.48981866240501404,1.8481721878051758,0.5237699747085571
187.41799926757812,0.0,0.0,0.0,2.1429319381713867,-0.13366077840328217,0.3252071440219879,2.322465181350708,0.3817269206047058
845.8099975585938,0.0,0.0,0.0,3.5036733150482178,-0.37890884280204773,0.5020049214363098,3.494262456893921,0.6246669888496399
746.9459838867188,0.0,0.0,0.0,3.973154067993164,0.3878163993358612,-0.4331374168395996,3.8966825008392334,-0.5890156626701355
217.38600158691406,0.0,0.0,0.0,2.41988205909729,0.11912385374307632,-0.29666227102279663,2.643037796020508,-0.3385588526725769
667.2940063476562,0.0,0.0,0.0,4.728492736816406,0.012288019061088562,0.015989797189831734,5.374420166015625,-0.011670545674860477
118.55799865722656,0.0,0.0,0.0,4.297126293182373,0.4465205669403076,-0.3141445219516754,4.545727729797363,-0.3564772307872772
970.9099731445312,0.0,0.0,0.0,4.678302764892578,-0.08299235999584198,0.07553035765886307,4.569570541381836,0.02438870258629322
364.0780029296875,0.0,0.0,0.0,3.0864710807800293,0.37052440643310547,-0.4456796646118164,3.5708529949188232,-0.534808874130249
282.45001220703125,0.0,0.0,0.0,3.804443597793579,-0.45455870032310486,0.4917864501476288,3.981351613998413,0.5593607425689697
286.8179931640625,0.0,0.0,0.0,4.362697124481201,-0.48256367444992065,0.3118439018726349,4.324993133544922,0.36196935176849365
888.969970703125,0.0,0.0,0.0,3.5117125511169434,0.4722786545753479,-0.541802167892456,3.5990991592407227,-0.6129472255706787
870.8099975585938,0.0,0.0,0.0,4.163791656494141,-0.3752857446670532,0.3084338307380676,4.6460795402526855,0.34697267413139343
358.0979919433594,0.0,0.0,0.0,2.625699281692505,-0.02072860486805439,-0.04212937876582146,2.253814220428467,-0.020923694595694542
401.65399169921875,0.0,0.0,0.0,2.9337317943573,0.24135470390319824,-0.333143413066864,3.1576812267303467,-0.47589439153671265
817.1740112304688,0.0,0.0,0.0,3.0668516159057617,0.42572304606437683,-0.5310149788856506,2.9814350605010986,-0.6900250315666199
823.47802734375,0.0,0.0,0.0,4.713634967803955,0.06854813545942307,-0.02326539158821106,4.923410415649414,0.010828160680830479
657.8099975585938,0.0,0.0,0.0,4.3596649169921875,0.3019948899745941,-0.34129780530929565,4.212094783782959,-0.3755745589733124
526.6420288085938,0.0,0.0,0.0,2.6090173721313477,0.41511771082878113,-0.6445527672767639,2.6603899002075195,-0.7795310020446777
62.198001861572266,0.0,0.0,0.0,-0.0008728629327379167,0.0007657897658646107,-0.0018052133964374661,0.0,0.0
440.4700012207031,0.0,0.0,0.0,2.8395607471466064,-0.24586036801338196,0.34539294242858887,3.1791679859161377,0.42369356751441956
218.78199768066406,0.0,0.0,0.0,2.9027562141418457,0.21680209040641785,-0.3354259431362152,3.1060307025909424,-0.3684070110321045
771.0059814453125,0.0,0.0,0.0,4.667987823486328,0.15232481062412262,-0.18508581817150116,4.494755268096924,-0.27033495903015137
353.36199951171875,0.0,0.0,0.0,4.798582553863525,-0.14171075820922852,0.08525054901838303,4.846571445465088,0.10635059326887131
738.4219970703125,0.0,0.0,0.0,4.151968479156494,0.42955848574638367,-0.427092969417572,4.031674861907959,-0.5711976885795593
645.614013671875,0.0,0.0,0.0,4.463709354400635,-0.16845326125621796,0.1137474849820137,4.91159200668335,0.08923505991697311
902.0180053710938,0.0,0.0,0.0,2.9624810218811035,0.40251198410987854,-0.6047019958496094,3.3467202186584473,-0.7190834283828735
560.8140258789062,0.0,0.0,0.0,4.649441242218018,-0.13849815726280212,-0.0001334218104602769,4.258814811706543,-0.17070692777633667
994.0380249023438,0.0,0.0,0.0,3.5880019664764404,0.5149886012077332,-0.5656624436378479,3.5185351371765137,-0.5257452726364136
142.75399780273438,0.0,0.0,0.0,4.582688331604004,0.08240154385566711,-0.025919463485479355,4.675362586975098,0.05498606711626053
670.1580200195312,0.0,0.0,0.0,3.7439382076263428,-0.3723854720592499,0.3644110858440399,3.7393064498901367,0.3331006169319153
725.2780151367188,0.0,0.0,0.0,4.359617233276367,-0.41515180468559265,0.26715904474258423,4.651768207550049,0.31425800919532776
977.7459716796875,0.0,0.0,0.0,3.5128121376037598,0.3761760890483856,-0.3949764668941498,3.8804197311401367,-0.49958062171936035
191.46200561523438,0.0,0.0,0.0,4.182952880859375,-0.19299213588237762,0.15743984282016754,4.411243438720703,0.20417404174804688
229.49000549316406,0.0,0.0,0.0,4.131079196929932,0.43492352962493896,-0.40340107679367065,4.0409369468688965,-0.5327922105789185
205.29400634765625,0.0,0.0,0.0,2.047513008117676,-0.22098100185394287,0.6632877588272095,2.137852191925049,0.7611684203147888
667.6380004882812,0.0,0.0,0.0,4.795990467071533,-0.008396521210670471,0.04226403683423996,4.950281620025635,0.05562779679894447
415.75,0.0,0.0,0.0,3.842057228088379,0.4830130338668823,-0.5009261965751648,4.352058410644531,-0.4844571053981781
144.37399291992188,0.0,0.0,0.0,4.621177673339844,-0.11346002668142319,0.059939056634902954,5.0038862228393555,0.061753809452056885
299.14599609375,0.0,0.0,0.0,4.764493942260742,-0.20186293125152588,0.10443605482578278,4.729508399963379,0.13265852630138397
151.6699981689453,0.0,0.0,0.0,4.29302453994751,-0.30957362055778503,0.24236685037612915,4.500021457672119,0.2996172308921814
94.77799987792969,0.0,0.0,0.0,4.658142566680908,0.04569709300994873,0.011159814894199371,4.82259464263916,-0.08533865958452225
830.5659790039062,0.0,0.0,0.0,4.5551862716674805,0.3384752571582794,-0.36723431944847107,4.414051532745361,-0.35378363728523254
619.4340209960938,0.0,0.0,0.0,4.646285057067871,-0.21673187613487244,0.09428984671831131,4.5286784172058105,0.26970040798187256
388.7619934082031,0.0,0.0,0.0,4.407408714294434,0.13295938074588776,-0.20578762888908386,4.018564701080322,-0.30585265159606934
70.55400085449219,0.0,0.0,0.0,3.8743038177490234,0.1457466185092926,-0.0643925815820694,4.298879623413086,-0.09247098863124847
665.7420043945312,0.0,0.0,0.0,4.743025779724121,0.21416451036930084,-0.09295668452978134,4.993058204650879,-0.09682382643222809
496.4859924316406,0.0,0.0,0.0,4.252260208129883,0.0051126196049153805,0.08445422351360321,4.099978923797607,-0.015134644694626331
180.1300048828125,0.0,0.0,0.0,1.7522614002227783,-0.12866856157779694,0.4897710084915161,1.8398445844650269,0.5524514317512512
843.469970703125,0.0,0.0,0.0,4.7389607429504395,0.1315123289823532,-0.03008130006492138,4.854969501495361,-0.052377909421920776
928.4660034179688,0.0,0.0,0.0,4.471750736236572,-0.23974770307540894,0.15023748576641083,4.8675408363342285,0.10477703809738159
755.4099731445312,0.0,0.0,0.0,4.763214588165283,0.2837705612182617,-0.1278255730867386,4.937201499938965,-0.12876977026462555
300.406005859375,0.0,0.0,0.0,4.734038352966309,-0.11675749719142914,0.031807903200387955,4.898181915283203,0.11557844281196594
458.8059997558594,0.0,0.0,0.0,4.311280727386475,-0.24697138369083405,0.18348205089569092,4.6870927810668945,0.18591070175170898
927.47802734375,0.0,0.0,0.0,4.310032844543457,-0.4068441390991211,0.3028704524040222,4.361197471618652,0.23712173104286194
856.718017578125,0.0,0.0,0.0,4.7271623611450195,-0.1680934578180313,0.04928254336118698,4.7257609367370605,0.03206821158528328
828.6740112304688,0.0,0.0,0.0,4.41046667098999,0.39211738109588623,-0.18415917456150055,4.292501449584961,-0.2759361267089844
463.8699951171875,0.0,0.0,0.0,2.3928987979888916,-0.3040517568588257,0.6372275352478027,2.931274890899658,0.7680407762527466
733.7780151367188,0.0,0.0,0.0,2.476353406906128,0.3351190686225891,-0.5670093894004822,2.7123098373413086,-0.7878552079200745
896.9180297851562,0.0,0.0,0.0,3.055680751800537,0.4256642162799835,-0.5181965231895447,3.241056442260742,-0.6416125893592834
671.4660034179688,0.0,0.0,0.0,4.058778285980225,-0.35130852460861206,0.27824825048446655,4.335147857666016,0.28979212045669556
323.04998779296875,0.0,0.0,0.0,4.77957820892334,-0.20240338146686554,0.14661769568920135,4.790900230407715,0.23769767582416534
747.6019897460938,0.0,0.0,0.0,3.6224069595336914,0.5079270005226135,-0.5760789513587952,3.5685558319091797,-0.6305839419364929
855.6539916992188,0.0,0.0,0.0,4.467350482940674,-0.237981915473938,0.16342774033546448,4.845522880554199,0.21516047418117523
420.19000244140625,0.0,0.0,0.0,4.360363483428955,0.35144057869911194,-0.18969903886318207,4.432065010070801,-0.24359998106956482
672.6420288085938,0.0,0.0,0.0,4.032529830932617,-0.3221209943294525,0.26970162987709045,4.423584461212158,0.42050284147262573
151.55799865722656,0.0,0.0,0.0,4.225394248962402,-0.3215307593345642,0.24045398831367493,4.704349994659424,0.2814294397830963
482.1940002441406,0.0,0.0,0.0,4.287697792053223,0.04580237343907356,-0.08649443089962006,3.910653829574585,-0.10660361498594284
851.2620239257812,0.0,0.0,0.0,4.2324299812316895,-0.3998282849788666,0.3262190818786621,4.393595218658447,0.35686826705932617
199.40199279785156,0.0,0.0,0.0,2.449221611022949,-0.22259433567523956,0.48608362674713135,2.6029844284057617,0.541107714176178
937.3300170898438,0.0,0.0,0.0,3.287299394607544,-0.2869218587875366,0.3903600871562958,3.4922616481781006,0.4270412027835846
396.19000244140625,0.0,0.0,0.0,4.429049015045166,0.3040103316307068,-0.1949693262577057,4.802037715911865,-0.2093646079301834
512.6179809570312,0.0,0.0,0.0,4.535553455352783,0.15851959586143494,-0.05425102263689041,4.558896541595459,-0.06811534613370895
674.0180053710938,0.0,0.0,0.0,3.8336071968078613,-0.45098066329956055,0.42036890983581543,3.56305193901062,0.4920654594898224
83.71399688720703,0.0,0.0,0.0,3.5911407470703125,0.3232536017894745,-0.3635766804218292,3.8734803199768066,-0.3638245761394501
186.0019989013672,0.0,0.0,0.0,2.103379487991333,-0.08516326546669006,0.14224325120449066,2.1129441261291504,0.18224772810935974
968.4739990234375,0.0,0.0,0.0,4.409084320068359,-0.28436189889907837,0.18483206629753113,4.581181526184082,0.22915151715278625
440.22198486328125,0.0,0.0,0.0,2.744293689727783,-0.23460543155670166,0.35064950585365295,3.039825677871704,0.4482455551624298
604.0900268554688,0.0,0.0,0.0,4.548701286315918,-0.25596150755882263,0.1720927506685257,4.830915451049805,0.3319205343723297
80.72200012207031,0.0,0.0,0.0,3.8343162536621094,0.12052363157272339,-0.12492719292640686,3.374521255493164,-0.19783417880535126
327.15399169921875,0.0,0.0,0.0,4.613996982574463,-0.2985582649707794,0.15027092397212982,4.566712379455566,0.19911769032478333
940.3300170898438,0.0,0.0,0.0,4.432884216308594,-0.12063246220350266,0.03124055452644825,4.717126369476318,0.043302297592163086
336.802001953125,0.0,0.0,0.0,4.739820957183838,-0.017580918967723846,0.09212542325258255,5.22513484954834,-0.01937314122915268
121.0780029296875,0.0,0.0,0.0,4.59307861328125,0.13941816985607147,-0.043730538338422775,4.7612786293029785,-0.07607206702232361
709.4660034179688,0.0,0.0,0.0,4.6359992027282715,-0.2659792900085449,0.1688360869884491,4.918092250823975,0.20605577528476715
739.2979736328125,0.0,0.0,0.0,3.66747784614563,0.4962618350982666,-0.5725679397583008,3.6272969245910645,-0.57439124584198
860.2659912109375,0.0,0.0,0.0,4.5079874992370605,-0.13073907792568207,0.19842223823070526,4.059103488922119,0.36736780405044556
782.885986328125,0.0,0.0,0.0,4.36962366104126,0.1344437450170517,-0.06100563332438469,4.428846836090088,-0.09136083722114563
556.7420043945312,0.0,0.0,0.0,2.594742774963379,-0.2658768892288208,0.5275903344154358,3.181119441986084,0.6201102137565613
95.85399627685547,0.0,0.0,0.0,4.508382797241211,0.19486673176288605,-0.09379159659147263,4.728488922119141,-0.146671861410141
701.2659912109375,0.0,0.0,0.0,4.251306056976318,0.3641608953475952,-0.2651177644729614,4.582119941711426,-0.31815534830093384
671.3699951171875,0.0,0.0,0.0,4.066061496734619,-0.3491070568561554,0.2806762754917145,4.0681867599487305,0.28988778591156006
170.4459991455078,0.0,0.0,0.0,4.635957717895508,-0.17927782237529755,0.05387502163648605,5.138749599456787,0.11833816021680832
348.2860107421875,0.0,0.0,0.0,4.435932159423828,-0.43012380599975586,0.31730470061302185,4.664975166320801,0.38917115330696106
479.01800537109375,0.0,0.0,0.0,4.102940559387207,0.2825222313404083,-0.22978290915489197,4.12060546875,-0.10856770724058151
369.8739929199219,0.0,0.0,0.0,4.054863452911377,0.37928304076194763,-0.3497224748134613,4.144374370574951,-0.4013787508010864
903.5499877929688,0.0,0.0,0.0,3.956089496612549,0.4623600244522095,-0.4156399071216583,4.27235221862793,-0.37436339259147644
566.72998046875,0.0,0.0,0.0,3.9511117935180664,0.35452204942703247,-0.3377702832221985,4.536298751831055,-0.35817089676856995
735.64599609375,0.0,0.0,0.0,3.1147561073303223,0.434020459651947,-0.5646407008171082,3.5680081844329834,-0.6769983768463135
380.8420104980469,0.0,0.0,0.0,4.170354843139648,-0.35833093523979187,0.24029040336608887,4.470422267913818,0.22052140533924103
341.4700012207031,0.0,0.0,0.0,4.0864691734313965,-0.47765785455703735,0.4573623239994049,4.202089309692383,0.4294338822364807
65.7300033569336,0.0,0.0,0.0,1.919645071029663,0.03563084080815315,-0.10773703455924988,2.2186875343322754,-0.12769906222820282
975.0659790039062,0.0,0.0,0.0,2.988438129425049,0.41013234853744507,-0.5691580176353455,2.7692339420318604,-0.6410988569259644
169.08999633789062,0.0,0.0,0.0,4.535947322845459,-0.3039996922016144,0.15921452641487122,4.739265441894531,0.1284884661436081
924.5460205078125,0.0,0.0,0.0,3.9687137603759766,-0.43553051352500916,0.5249950289726257,3.7232415676116943,0.5485787987709045
86.47799682617188,0.0,0.0,0.0,3.2201287746429443,0.4205566644668579,-0.5569961667060852,3.2657861709594727,-0.6103633046150208
645.4140014648438,0.0,0.0,0.0,4.415045261383057,-0.18800696730613708,0.1052117571234703,4.670585632324219,0.1335381418466568
694.0819702148438,0.0,0.0,0.0,4.235871315002441,0.3807838261127472,-0.28348809480667114,4.6031389236450195,-0.26752614974975586
156.29400634765625,0.0,0.0,0.0,3.8488123416900635,-0.48778456449508667,0.4629848897457123,4.314932346343994,0.5117465853691101
807.1099853515625,0.0,0.0,0.0,3.456322431564331,-0.18817982077598572,0.17189142107963562,3.55606746673584,0.10655740648508072
242.32200622558594,0.0,0.0,0.0,2.9590585231781006,0.014751346781849861,0.022413866594433784,2.686251163482666,0.03911885619163513
981.8820190429688,0.0,0.0,0.0,4.58548641204834,0.23974676430225372,-0.15287092328071594,4.9136738777160645,-0.1279507726430893
953.3660278320312,0.0,0.0,0.0,4.807243347167969,-0.06013302877545357,-0.013916651718318462,4.762088775634766,0.0033210094552487135
63.02199935913086,0.0,0.0,0.0,-0.0009069815278053284,0.0005410315352492034,-0.0016076298197731376,0.0,0.0
731.3699951171875,0.0,0.0,0.0,4.738101005554199,-0.008355362340807915,0.011216708458960056,4.650683879852295,-0.04622830078005791
744.2020263671875,0.0,0.0,0.0,2.6975655555725098,0.32166093587875366,-0.5094439387321472,2.9827682971954346,-0.5952566862106323
441.0140075683594,0.0,0.0,0.0,3.168283224105835,-0.2696319818496704,0.3098166882991791,3.533034563064575,0.4071284234523773
840.7459716796875,0.0,0.0,0.0,4.525295734405518,0.3246285319328308,-0.23331138491630554,4.491056442260742,-0.21590004861354828
258.0899963378906,0.0,0.0,0.0,3.602445125579834,0.22277714312076569,-0.2065047323703766,3.803255796432495,-0.21889112889766693
486.8739929199219,0.0,0.0,0.0,3.873537302017212,0.4129789173603058,-0.41959527134895325,4.185232162475586,-0.2926377058029175
970.3660278320312,0.0,0.0,0.0,4.631079196929932,-0.0789724588394165,0.059973105788230896,4.624650478363037,0.03596547618508339
422.1180114746094,0.0,0.0,0.0,4.676934719085693,0.10299786925315857,-0.09199825674295425,4.641415119171143,-0.08803083002567291
188.8820037841797,0.0,0.0,0.0,2.836172342300415,-0.22064822912216187,0.32572904229164124,3.046206474304199,0.3927808701992035
642.9340209960938,0.0,0.0,0.0,3.893948793411255,-0.5061931014060974,0.4868721663951874,4.36800479888916,0.5473464727401733
907.3779907226562,0.0,0.0,0.0,4.034247398376465,0.4211166203022003,-0.37282609939575195,4.412875175476074,-0.35570865869522095
154.57400512695312,0.0,0.0,0.0,3.9780070781707764,-0.43481048941612244,0.38761502504348755,3.9497509002685547,0.4230289161205292
351.8739929199219,0.0,0.0,0.0,4.636962413787842,-0.17395035922527313,0.13392576575279236,4.959446430206299,0.09948907792568207
1000.114013671875,0.0,0.0,0.0,3.5894432067871094,0.03599056228995323,0.024616986513137817,3.561887264251709,0.053191348910331726
698.4180297851562,0.0,0.0,0.0,4.48291015625,0.2423514723777771,-0.2924574911594391,4.103555202484131,-0.45281869173049927
922.4340209960938,0.0,0.0,0.0,3.378488302230835,-0.38576972484588623,0.48311400413513184,3.6421782970428467,0.5087675452232361
521.6820068359375,0.0,0.0,0.0,4.679691791534424,0.028704281896352768,-0.013929789885878563,4.654296875,0.02666459046304226
217.71800231933594,0.0,0.0,0.0,2.526860237121582,0.15764205157756805,-0.2968115210533142,2.6130330562591553,-0.3408920466899872
498.114013671875,0.0,0.0,0.0,3.0698375701904297,0.008310453034937382,-0.0870935246348381,2.988253116607666,-0.01881161704659462
257.3739929199219,0.0,0.0,0.0,3.363150119781494,0.23509113490581512,-0.27667751908302307,3.6734619140625,-0.32065242528915405
133.07400512695312,0.0,0.0,0.0,4.7085957527160645,0.1646488457918167,-0.031051650643348694,4.885454177856445,-0.12028677761554718
636.5460205078125,0.0,0.0,0.0,2.62605881690979,-0.12316126376390457,0.16808660328388214,2.8027048110961914,0.11500705778598785
788.030029296875,0.0,0.0,0.0,1.998063325881958,-0.1271236389875412,0.37203848361968994,1.9408379793167114,0.44217342138290405
174.9459991455078,0.0,0.0,0.0,2.354174852371216,-0.2506604790687561,0.4783342480659485,2.1983771324157715,0.553817629814148
303.906005859375,0.0,0.0,0.0,4.582455158233643,-0.3676948845386505,0.20871740579605103,4.900807857513428,0.3868872821331024
645.3060302734375,0.0,0.0,0.0,4.391788005828857,-0.2168848216533661,0.15474523603916168,4.647335052490234,0.07407283782958984
502.84600830078125,0.0,0.0,0.0,3.2590537071228027,0.25674301385879517,-0.30640220642089844,3.395843505859375,-0.35404154658317566
237.07400512695312,0.0,0.0,0.0,4.696123123168945,0.002304875524714589,0.011045534163713455,4.707721710205078,0.06019935756921768
532.2139892578125,0.0,0.0,0.0,2.636843204498291,0.3781906068325043,-0.671205997467041,2.9208712577819824,-0.6870243549346924
289.7900085449219,0.0,0.0,0.0,4.398173809051514,-0.35957276821136475,0.3488028347492218,4.306710720062256,0.44586125016212463
700.1699829101562,0.0,0.0,0.0,3.776883602142334,0.46835097670555115,-0.46029427647590637,4.114003658294678,-0.525631844997406
433.95001220703125,0.0,0.0,0.0,3.0267069339752197,-0.2530900239944458,0.3865848779678345,3.372833013534546,0.39937087893486023
280.24200439453125,0.0,0.0,0.0,3.4998786449432373,-0.27000129222869873,0.2846534848213196,3.5118324756622314,0.32354867458343506
363.74200439453125,0.0,0.0,0.0,2.8489370346069336,0.3405124843120575,-0.4635787308216095,3.165379047393799,-0.5299938917160034
732.2020263671875,0.0,0.0,0.0,4.404364109039307,0.1935715526342392,-0.2670452296733856,3.66447114944458,-0.4407513439655304
66.4739990234375,0.0,0.0,0.0,2.5027191638946533,0.10110370814800262,-0.18540333211421967,2.8204023838043213,-0.1938168853521347
328.8699951171875,0.0,0.0,0.0,4.642691135406494,-0.19834430515766144,0.10599149763584137,4.9930315017700195,0.04706193506717682
976.2420043945312,0.0,0.0,0.0,2.747727632522583,0.3108343482017517,-0.49760037660598755,3.2929482460021973,-0.7167024612426758
783.6699829101562,0.0,0.0,0.0,3.9215121269226074,0.06285826861858368,-0.026169156655669212,3.8232576847076416,-0.08614125102758408
891.3740234375,0.0,0.0,0.0,3.86189866065979,0.4609365165233612,-0.4606843590736389,3.8945086002349854,-0.4915406405925751
440.8819885253906,0.0,0.0,0.0,3.136301279067993,-0.2600197494029999,0.34614717960357666,3.262877941131592,0.3498191237449646
232.68600463867188,0.0,0.0,0.0,4.589580059051514,0.25531429052352905,-0.13985708355903625,4.782758712768555,-0.22895966470241547
496.3500061035156,0.0,0.0,0.0,4.240729331970215,0.029866443946957588,0.01727425865828991,4.396226406097412,0.07270727306604385
710.4660034179688,0.0,0.0,0.0,4.569087028503418,-0.3488355875015259,0.2712656259536743,4.552496433258057,0.3578265607357025
906.8419799804688,0.0,0.0,0.0,3.716287136077881,0.4339006841182709,-0.4104442596435547,4.195887088775635,-0.5005872249603271
314.3739929199219,0.0,0.0,0.0,4.622605323791504,-0.2888983488082886,0.18548639118671417,4.860332012176514,0.23400865495204926
859.2659912109375,0.0,0.0,0.0,4.736612796783447,-0.023287344723939896,0.052998680621385574,4.664987087249756,0.048726886510849
782.0780029296875,0.0,0.0,0.0,4.426035404205322,0.18034571409225464,-0.18342983722686768,4.241077423095703,-0.18503287434577942
233.20599365234375,0.0,0.0,0.0,4.634218692779541,0.23181451857089996,-0.15830539166927338,4.846442222595215,-0.12436046451330185
802.6099853515625,0.0,0.0,0.0,2.323198080062866,-0.3511638641357422,0.7274935841560364,2.184100389480591,0.7558696269989014
519.9099731445312,0.0,0.0,0.0,4.502538681030273,0.10430817306041718,-0.07638588547706604,4.710829734802246,0.0020272673573344946
258.3900146484375,0.0,0.0,0.0,3.6541857719421387,0.2262352555990219,-0.22716064751148224,4.108367443084717,-0.2647589445114136
514.4580078125,0.0,0.0,0.0,4.518919467926025,-0.0026494876947253942,-0.017104294151067734,4.367708206176758,-0.036268047988414764
513.4420166015625,0.0,0.0,0.0,4.611763954162598,0.08577682822942734,-0.006778374779969454,4.818672180175781,-0.03300004452466965
613.5819702148438,0.0,0.0,0.0,3.033566951751709,-0.5561375021934509,0.6907358169555664,2.894507884979248,0.9005683064460754
635.6740112304688,0.0,0.0,0.0,2.5079843997955322,-0.0801914855837822,0.11555082350969315,2.4839088916778564,0.1592087745666504
801.9860229492188,0.0,0.0,0.0,2.518941879272461,-0.4201826751232147,0.6901557445526123,2.638697862625122,0.7878994345664978
898.3779907226562,0.0,0.0,0.0,2.4970626831054688,0.4227113127708435,-0.7602739334106445,2.662400960922241,-0.8296613097190857
125.4260025024414,0.0,0.0,0.0,4.631246566772461,0.18308864533901215,-0.09952814877033234,4.478781700134277,-0.18765032291412354
668.0139770507812,0.0,0.0,0.0,4.852259159088135,-0.052073489874601364,0.0556819774210453,4.831079959869385,0.038523778319358826
682.2139892578125,0.0,0.0,0.0,4.468438625335693,0.3002886474132538,-0.23033805191516876,4.681516170501709,-0.23872439563274384
512.0819702148438,0.0,0.0,0.0,4.474750518798828,0.19422118365764618,-0.056630343198776245,4.478604316711426,-0.12658052146434784
764.8820190429688,0.0,0.0,0.0,4.505054950714111,0.1556229591369629,-0.06513779610395432,4.912148475646973,-0.05870719254016876
516.6019897460938,0.0,0.0,0.0,4.311209201812744,0.25144442915916443,-0.2597194015979767,4.42935848236084,-0.21651780605316162
809.510009765625,0.0,0.0,0.0,4.33716344833374,0.02330213412642479,-0.03453223034739494,4.556168556213379,-0.054365746676921844
595.8460083007812,0.0,0.0,0.0,3.1596429347991943,-0.2321416437625885,0.3534919321537018,3.473299026489258,0.30656978487968445
704.9459838867188,0.0,0.0,0.0,4.771543025970459,0.06299767643213272,-0.04070573300123215,4.662955284118652,-0.03483336791396141
729.1019897460938,0.0,0.0,0.0,4.788015365600586,-0.054833654314279556,0.03472936153411865,4.826359272003174,0.019874194636940956
791.6300048828125,0.0,0.0,0.0,2.1314027309417725,-0.18546593189239502,0.5290055274963379,2.282458782196045,0.61578369140625
482.9939880371094,0.0,0.0,0.0,3.062296152114868,0.29904836416244507,-0.498599648475647,2.538350820541382,-0.6511382460594177
215.42599487304688,0.0,0.0,0.0,3.1486940383911133,-0.14785084128379822,0.16150936484336853,2.9717860221862793,0.16427850723266602
639.43798828125,0.0,0.0,0.0,3.364405632019043,-0.3036700189113617,0.36896878480911255,3.4411075115203857,0.45819488167762756
108.4739990234375,0.0,0.0,0.0,2.949401378631592,0.3806867301464081,-0.523129403591156,3.312299966812134,-0.7037727236747742
289.6820068359375,0.0,0.0,0.0,4.461503028869629,-0.31689560413360596,0.36768099665641785,4.487601280212402,0.4049329161643982
620.1820068359375,0.0,0.0,0.0,4.0143842697143555,-0.44175079464912415,0.4792340099811554,4.178635597229004,0.619830846786499
340.39801025390625,0.0,0.0,0.0,4.618285179138184,-0.3181067407131195,0.12027251720428467,4.738589763641357,0.26521196961402893
472.3940124511719,0.0,0.0,0.0,4.266997337341309,0.280255526304245,-0.39018958806991577,3.8497724533081055,-0.49500876665115356
429.48199462890625,0.0,0.0,0.0,3.7716052532196045,-0.342373251914978,0.32998982071876526,4.197822093963623,0.21630744636058807
94.28600311279297,0.0,0.0,0.0,4.492091655731201,0.02738453447818756,0.00018177104357164353,4.723636150360107,-0.03682062774896622
955.85400390625,0.0,0.0,0.0,3.8814446926116943,-0.45267197489738464,0.3738096356391907,3.929295063018799,0.4537818133831024
78.40599822998047,0.0,0.0,0.0,4.167967796325684,0.3332664966583252,-0.2642064690589905,4.443132400512695,-0.2694115936756134
106.85399627685547,0.0,0.0,0.0,3.847651958465576,0.4493176341056824,-0.43498533964157104,3.8990049362182617,-0.5683207511901855
480.802001953125,0.0,0.0,0.0,4.431666851043701,0.11815881729125977,-0.05936446040868759,4.531507968902588,-0.038419079035520554
889.0659790039062,0.0,0.0,0.0,3.4176688194274902,0.4789761006832123,-0.5370025634765625,3.797466516494751,-0.5867032408714294
393.08599853515625,0.0,0.0,0.0,3.581571578979492,0.5081489086151123,-0.5073426365852356,3.6963138580322266,-0.6454199552536011
556.9019775390625,0.0,0.0,0.0,2.7742373943328857,-0.27280163764953613,0.5168303847312927,3.270209789276123,0.644652247428894
897.9580078125,0.0,0.0,0.0,2.9367122650146484,0.5399625897407532,-0.8127846717834473,2.6809871196746826,-0.7695268392562866
691.6300048828125,0.0,0.0,0.0,2.6141674518585205,0.24998214840888977,-0.4588875472545624,2.8594303131103516,-0.5384708642959595
455.7380065917969,0.0,0.0,0.0,2.891545295715332,-0.3349505066871643,0.4550507664680481,3.069443464279175,0.5465644001960754
328.77398681640625,0.0,0.0,0.0,4.611073970794678,-0.19178670644760132,0.06309187412261963,4.807344913482666,0.12588030099868774
959.5380249023438,0.0,0.0,0.0,4.442404270172119,-0.2791729271411896,0.2117246389389038,4.556816577911377,0.292011559009552
701.7059936523438,0.0,0.0,0.0,4.400843620300293,0.3009139597415924,-0.2181556224822998,4.861081123352051,-0.26846131682395935
700.0460205078125,0.0,0.0,0.0,3.777796506881714,0.4574282765388489,-0.458100825548172,3.888777256011963,-0.512719452381134
590.1259765625,0.0,0.0,0.0,4.0872721672058105,0.5196053385734558,-0.41742128133773804,4.274549961090088,-0.4872078597545624
777.4099731445312,0.0,0.0,0.0,3.4151830673217773,0.4605900049209595,-0.6182548999786377,3.533430576324463,-0.5761953592300415
67.84200286865234,0.0,0.0,0.0,3.080686330795288,0.16391289234161377,-0.18976040184497833,2.9996235370635986,-0.18087662756443024
462.57000732421875,0.0,0.0,0.0,3.5751311779022217,-0.34059685468673706,0.4632187783718109,3.1118853092193604,0.6675740480422974
744.7100219726562,0.0,0.0,0.0,3.0568628311157227,0.35448941588401794,-0.43011555075645447,3.593541145324707,-0.6046902537345886
763.1539916992188,0.0,0.0,0.0,4.119723796844482,0.3356069028377533,-0.23827727138996124,4.385444641113281,-0.2997135519981384
488.3500061035156,0.0,0.0,0.0,4.42173433303833,0.22156687080860138,-0.1615048348903656,4.529573440551758,-0.12173426151275635
776.8900146484375,0.0,0.0,0.0,4.275573253631592,0.25731003284454346,-0.334574818611145,3.7633070945739746,-0.4510953426361084
226.62600708007812,0.0,0.0,0.0,4.168911933898926,0.35781410336494446,-0.3818110227584839,4.175345420837402,-0.5099471807479858
663.8900146484375,0.0,0.0,0.0,4.5975260734558105,0.34945017099380493,-0.24098680913448334,4.625367164611816,-0.22888045012950897
386.0140075683594,0.0,0.0,0.0,4.6633734703063965,-0.005429613869637251,-0.0020331195555627346,4.571094512939453,0.004004913382232189
586.5339965820312,0.0,0.0,0.0,4.195297718048096,0.44223469495773315,-0.3615042567253113,4.193996429443359,-0.4825987219810486
510.8900146484375,0.0,0.0,0.0,4.218315124511719,0.29867613315582275,-0.21582473814487457,4.26304292678833,-0.16995753347873688
292.2099914550781,0.0,0.0,0.0,4.473024845123291,-0.116575688123703,0.05659029632806778,4.616360664367676,0.020047621801495552
410.1059875488281,0.0,0.0,0.0,4.626912593841553,0.2894510328769684,-0.1758231818675995,4.746996879577637,-0.22220705449581146
614.6300048828125,0.0,0.0,0.0,2.8750154972076416,-0.44118115305900574,0.5986908078193665,2.9707846641540527,0.6948075294494629
291.27801513671875,0.0,0.0,0.0,4.174585342407227,-0.37730714678764343,0.2607901096343994,4.772288799285889,0.24189433455467224
428.3500061035156,0.0,0.0,0.0,3.7085306644439697,-0.39847633242607117,0.35884374380111694,4.1886115074157715,0.4841544032096863
841.2940063476562,0.0,0.0,0.0,4.596358776092529,0.31916478276252747,-0.16904279589653015,5.053718090057373,-0.23480752110481262
955.281982421875,0.0,0.0,0.0,3.9670827388763428,-0.49860629439353943,0.36506715416908264,4.013885974884033,0.44898027181625366
484.7460021972656,0.0,0.0,0.0,2.442013740539551,0.25464192032814026,-0.5945727825164795,2.875593662261963,-0.7460035085678101
721.6900024414062,0.0,0.0,0.0,4.50501823425293,-0.2983151972293854,0.1875045895576477,4.688810348510742,0.2153463363647461
394.65399169921875,0.0,0.0,0.0,4.038686275482178,0.44402551651000977,-0.37846681475639343,4.4854254722595215,-0.4019109308719635
493.7019958496094,0.0,0.0,0.0,4.832479476928711,0.1389881670475006,-0.05136018246412277,4.566385746002197,-0.04100649803876877
967.9739990234375,0.0,0.0,0.0,4.286015033721924,-0.341298907995224,0.18806877732276917,4.451981544494629,0.23430585861206055
746.0180053710938,0.0,0.0,0.0,3.8514769077301025,0.39128750562667847,-0.31836044788360596,4.141646862030029,-0.27576085925102234
756.9860229492188,0.0,0.0,0.0,4.709291458129883,0.19237655401229858,-0.27844294905662537,4.916274547576904,-0.2710387706756592
980.1740112304688,0.0,0.0,0.0,4.489558219909668,0.27983808517456055,-0.21121318638324738,4.464867115020752,-0.12138049304485321
496.8699951171875,0.0,0.0,0.0,3.9912452697753906,0.007782718166708946,-0.01679202914237976,3.8664186000823975,-0.000991713022813201
522.4860229492188,0.0,0.0,0.0,4.335540294647217,0.2267782986164093,-0.34197062253952026,4.178865432739258,-0.42684313654899597
301.6099853515625,0.0,0.0,0.0,4.721529006958008,-0.26170939207077026,0.14925280213356018,4.962629795074463,0.1478850543498993
462.7900085449219,0.0,0.0,0.0,3.175248861312866,-0.3780376613140106,0.546035885810852,2.6985623836517334,0.7132863402366638
432.8819885253906,0.0,0.0,0.0,2.6273558139801025,-0.23137469589710236,0.43347448110580444,2.8474795818328857,0.506865918636322
777.010009765625,0.0,0.0,0.0,4.079104900360107,0.3312818706035614,-0.4640248417854309,3.5268681049346924,-0.445794939994812
940.6820068359375,0.0,0.0,0.0,4.484153747558594,-0.08049524575471878,0.053744837641716,4.569014072418213,0.10421956330537796
100.38600158691406,0.0,0.0,0.0,4.5905914306640625,0.298475444316864,-0.16752664744853973,4.5639472007751465,-0.31510129570961
115.9540023803711,0.0,0.0,0.0,4.491477012634277,0.29223474860191345,-0.1716035157442093,4.885157108306885,-0.17593765258789062
334.1820068359375,0.0,0.0,0.0,4.765838623046875,0.00983001571148634,-0.021315336227416992,4.763976097106934,-0.11795803904533386
823.0540161132812,0.0,0.0,0.0,4.736130714416504,0.12335554510354996,-0.000677259115036577,4.923413276672363,-0.011398755945265293
678.614013671875,0.0,0.0,0.0,4.000247478485107,-0.4708893895149231,0.38732755184173584,4.153110504150391,0.46136215329170227
932.6099853515625,0.0,0.0,0.0,4.430487155914307,0.021239787340164185,0.043289780616760254,4.3276166915893555,0.05468630790710449
561.6339721679688,0.0,0.0,0.0,3.2689075469970703,0.3918484151363373,-0.455873042345047,3.0283396244049072,-0.6211515665054321
313.4540100097656,0.0,0.0,0.0,4.559149265289307,-0.273838073015213,0.10961367934942245,4.943297386169434,0.19852551817893982
960.9099731445312,0.0,0.0,0.0,4.549399375915527,-0.3691658675670624,0.2847924530506134,4.523146152496338,0.25268468260765076
489.56201171875,0.0,0.0,0.0,4.344620227813721,0.38641157746315,-0.32165777683258057,4.501166820526123,-0.31699371337890625
993.9420166015625,0.0,0.0,0.0,3.5927295684814453,0.5056621432304382,-0.6216292381286621,3.8765974044799805,-0.5467771291732788
131.2899932861328,0.0,0.0,0.0,4.359934329986572,0.3498031497001648,-0.2714637219905853,4.722792148590088,-0.21590909361839294
603.114013671875,0.0,0.0,0.0,4.353127479553223,-0.3733378052711487,0.2267913669347763,4.557436466217041,0.21029283106327057
467.4700012207031,0.0,0.0,0.0,4.366680145263672,-0.3100583553314209,0.18144236505031586,4.583789825439453,0.18587236106395721
465.3699951171875,0.0,0.0,0.0,3.1623387336730957,-0.3610934615135193,0.5063179135322571,3.4152731895446777,0.5662907361984253
825.6099853515625,0.0,0.0,0.0,4.785106658935547,-0.01972673274576664,0.01766308955848217,4.81995153427124,0.009387179277837276
907.2780151367188,0.0,0.0,0.0,3.961650848388672,0.4279676675796509,-0.30130842328071594,4.418614864349365,-0.4015626907348633
782.2020263671875,0.0,0.0,0.0,4.34721565246582,0.1979604810476303,-0.169774129986763,4.7091898918151855,-0.16166937351226807
794.6380004882812,0.0,0.0,0.0,3.5066142082214355,-0.40724050998687744,0.4638632535934448,3.887166738510132,0.4809395670890808
577.43798828125,0.0,0.0,0.0,3.860072612762451,0.5429176688194275,-0.48349857330322266,4.025745868682861,-0.6006536483764648
628.5819702148438,0.0,0.0,0.0,3.9664247035980225,-0.08749672025442123,0.1695133000612259,3.7632594108581543,0.2261216938495636
814.5380249023438,0.0,0.0,0.0,4.62550163269043,0.13727740943431854,-0.03322676569223404,4.749460220336914,-0.04328059032559395
510.1499938964844,0.0,0.0,0.0,3.907862663269043,0.3205181360244751,-0.2130846381187439,4.20752477645874,-0.37418773770332336
697.0859985351562,0.0,0.0,0.0,4.771962642669678,-0.018719196319580078,-0.004431173205375671,4.853007793426514,-0.02015846222639084
472.98199462890625,0.0,0.0,0.0,3.419832706451416,0.4503624141216278,-0.5315632224082947,3.2431187629699707,-0.6648659110069275
440.7820129394531,0.0,0.0,0.0,3.0550687313079834,-0.26086193323135376,0.37624475359916687,3.5124173164367676,0.38761579990386963
236.24200439453125,0.0,0.0,0.0,4.681340217590332,0.04560382664203644,-0.04631683975458145,4.8166584968566895,0.018962061032652855
298.1860046386719,0.0,0.0,0.0,4.66579008102417,-0.2274121344089508,0.1461014300584793,4.843061923980713,0.12600043416023254
539.4539794921875,0.0,0.0,0.0,1.8699764013290405,0.22725261747837067,-0.6719340682029724,2.1123158931732178,-0.8043407201766968
963.885986328125,0.0,0.0,0.0,4.599161624908447,-0.20284271240234375,0.15897798538208008,4.086101531982422,0.2546437084674835
428.13800048828125,0.0,0.0,0.0,3.55224347114563,-0.411600798368454,0.3884252905845642,4.080948352813721,0.4963378608226776
835.3740234375,0.0,0.0,0.0,4.3389692306518555,0.46987223625183105,-0.3381177484989166,4.642398357391357,-0.3547510802745819
760.43798828125,0.0,0.0,0.0,3.8787193298339844,0.44387733936309814,-0.4546874761581421,3.5116891860961914,-0.5370913147926331
606.0139770507812,0.0,0.0,0.0,4.568183898925781,-0.36962828040122986,0.2337971329689026,4.780477523803711,0.2004857063293457
93.02200317382812,0.0,0.0,0.0,4.421640872955322,0.13723374903202057,-0.04317184165120125,4.495367527008057,-0.08735008537769318
460.6099853515625,0.0,0.0,0.0,4.519037246704102,-0.10647639632225037,-0.0079019321128726,4.500800132751465,0.06497079133987427
187.0260009765625,0.0,0.0,0.0,2.0359485149383545,-0.09870839864015579,0.2993941605091095,2.2868528366088867,0.33416175842285156
779.9500122070312,0.0,0.0,0.0,3.711155414581299,0.4660518169403076,-0.42579716444015503,3.869079113006592,-0.3586714267730713
123.12999725341797,0.0,0.0,0.0,4.726428508758545,0.060513585805892944,-0.02298278920352459,4.76071834564209,-0.03276438266038895
98.41000366210938,0.0,0.0,0.0,4.671706199645996,0.04736766219139099,-0.07265324145555496,4.879710674285889,-0.030865484848618507
554.72998046875,0.0,0.0,0.0,1.8200894594192505,-0.20187951624393463,0.6486695408821106,1.8815419673919678,0.7268560528755188
405.4739990234375,0.0,0.0,0.0,4.341559886932373,0.2026233971118927,-0.07847190648317337,4.4302144050598145,-0.1599903553724289
403.1419982910156,0.0,0.0,0.0,3.4104433059692383,0.3248346149921417,-0.38094228506088257,3.80859112739563,-0.42028114199638367
446.07000732421875,0.0,0.0,0.0,4.072781562805176,-0.2634502649307251,0.2915913462638855,3.999805450439453,0.27831563353538513
468.2019958496094,0.0,0.0,0.0,4.473246097564697,-0.23332273960113525,0.12132061272859573,4.711616516113281,0.1397816687822342
576.8699951171875,0.0,0.0,0.0,4.09945011138916,0.5320243835449219,-0.47593724727630615,4.143625736236572,-0.56941157579422
884.5180053710938,0.0,0.0,0.0,4.475059986114502,0.18643291294574738,-0.14317487180233002,4.812714576721191,-0.22796857357025146
606.114013671875,0.0,0.0,0.0,4.588074207305908,-0.35414958000183105,0.2599487006664276,4.815271854400635,0.39016756415367126
270.7179870605469,0.0,0.0,0.0,2.098449945449829,0.1818208545446396,-0.5528737306594849,2.4552345275878906,-0.6326233148574829
116.28600311279297,0.0,0.0,0.0,4.571827411651611,0.23446382582187653,-0.052966926246881485,4.7989277839660645,-0.19577716290950775
74.58200073242188,0.0,0.0,0.0,4.558658123016357,0.003419366432353854,-0.0418422557413578,4.727589130401611,-0.037032369524240494
355.25799560546875,0.0,0.0,0.0,4.4816508293151855,-0.05110958591103554,0.02185121551156044,4.230637073516846,0.038802336901426315
450.6260070800781,0.0,0.0,0.0,4.414461612701416,-0.17271438241004944,0.08574074506759644,4.631523609161377,0.11210864782333374
153.40199279785156,0.0,0.0,0.0,3.890298843383789,-0.4853104054927826,0.46790164709091187,3.801337480545044,0.5336641073226929
83.22200012207031,0.0,0.0,0.0,3.385429859161377,0.3187432289123535,-0.35965126752853394,3.5255720615386963,-0.425136536359787
249.80599975585938,0.0,0.0,0.0,4.286933898925781,0.2716832756996155,-0.16184411942958832,4.443063735961914,-0.12185773253440857
656.5659790039062,0.0,0.0,0.0,4.292786121368408,0.2984848916530609,-0.19053223729133606,4.601958274841309,-0.30799946188926697
552.4019775390625,0.0,0.0,0.0,1.8060141801834106,-0.23093664646148682,0.6535524725914001,1.9963270425796509,0.8604094386100769
426.1059875488281,0.0,0.0,0.0,3.5413007736206055,-0.4382368326187134,0.45597711205482483,3.5380208492279053,0.5909509658813477
297.7139892578125,0.0,0.0,0.0,4.587721347808838,-0.18059463798999786,0.1528858095407486,4.899876594543457,0.16654770076274872
164.56199645996094,0.0,0.0,0.0,4.431182384490967,-0.3551395833492279,0.2712852358818054,4.475100994110107,0.2818140387535095
313.7380065917969,0.0,0.0,0.0,4.604452133178711,-0.2634972929954529,0.16384707391262054,4.701982021331787,0.167209655046463
294.0899963378906,0.0,0.0,0.0,4.582108020782471,-0.04738903045654297,-0.04001021012663841,4.451596736907959,-0.029137959703803062
925.0380249023438,0.0,0.0,0.0,3.6382596492767334,-0.5104615688323975,0.5198619961738586,4.083086013793945,0.6151841282844543
906.0579833984375,0.0,0.0,0.0,3.482893705368042,0.4745733439922333,-0.5007897615432739,3.617488384246826,-0.5433410406112671
278.4219970703125,0.0,0.0,0.0,2.3214938640594482,-0.1638113111257553,0.39411407709121704,2.548600435256958,0.428289532661438
606.3140258789062,0.0,0.0,0.0,4.627559185028076,-0.37065279483795166,0.303981214761734,4.476714611053467,0.32670068740844727
890.281982421875,0.0,0.0,0.0,3.435030460357666,0.4073438048362732,-0.4450310468673706,3.8197712898254395,-0.5238091945648193
857.9099731445312,0.0,0.0,0.0,4.697505950927734,-0.09988024830818176,0.008024870418012142,4.724197864532471,-0.020965613424777985
940.4099731445312,0.0,0.0,0.0,4.462303638458252,-0.09384813159704208,0.03632195666432381,4.5272369384765625,0.08292363584041595
87.30999755859375,0.0,0.0,0.0,3.436649799346924,0.37318262457847595,-0.47149914503097534,3.6424286365509033,-0.5220497250556946
720.7059936523438,0.0,0.0,0.0,4.680930137634277,-0.16743060946464539,0.1223280057311058,4.802304744720459,0.31398263573646545
66.24199676513672,0.0,0.0,0.0,2.3582217693328857,0.0848231166601181,-0.14977216720581055,2.4911060333251953,-0.1781260371208191
728.6019897460938,0.0,0.0,0.0,4.758380889892578,-0.07753117382526398,0.023826083168387413,4.818591594696045,-0.0011700254399329424
895.677978515625,0.0,0.0,0.0,3.14327073097229,0.5897260308265686,-0.7537639141082764,3.0316457748413086,-0.7946814894676208
716.3060302734375,0.0,0.0,0.0,4.521657466888428,-0.4395029544830322,0.29813623428344727,4.455175399780273,0.3412790894508362
373.5140075683594,0.0,0.0,0.0,4.518309593200684,0.23530615866184235,-0.12400849908590317,4.431886672973633,-0.07602309435606003
370.4219970703125,0.0,0.0,0.0,4.1661906242370605,0.3797997236251831,-0.35556069016456604,4.4023027420043945,-0.26418381929397583
587.2059936523438,0.0,0.0,0.0,4.0833740234375,0.5005285143852234,-0.44807198643684387,4.435348033905029,-0.416567325592041
715.677978515625,0.0,0.0,0.0,4.477257251739502,-0.40040427446365356,0.31562021374702454,4.78648042678833,0.3463048040866852
207.67799377441406,0.0,0.0,0.0,1.7946422100067139,-0.188302144408226,0.6277747750282288,1.7936170101165771,0.5906297564506531
407.4100036621094,0.0,0.0,0.0,4.549159049987793,0.1581139862537384,-0.06432028114795685,4.869246959686279,-0.09421463310718536
755.6099853515625,0.0,0.0,0.0,4.746255397796631,0.26559028029441833,-0.18698252737522125,5.0532546043396,-0.06694312393665314
997.030029296875,0.0,0.0,0.0,4.517256259918213,0.23705585300922394,-0.14157217741012573,4.500271320343018,-0.17632420361042023
720.9459838867188,0.0,0.0,0.0,4.646707057952881,-0.2444421648979187,0.2338310033082962,4.898761749267578,0.2329409122467041
851.469970703125,0.0,0.0,0.0,4.285898208618164,-0.3951718509197235,0.2672711908817291,4.809680938720703,0.3110906779766083
58.5260009765625,0.0,0.0,0.0,-0.0006373679498210549,0.0004347215290181339,-0.002086307154968381,0.0,0.0
979.0419921875,0.0,0.0,0.0,4.243433475494385,0.3648377060890198,-0.280911922454834,4.326117515563965,-0.1523265540599823
179.9219970703125,0.0,0.0,0.0,1.7187532186508179,-0.12803107500076294,0.4527914226055145,1.8375924825668335,0.5407300591468811
428.69000244140625,0.0,0.0,0.0,3.8514604568481445,-0.4184452295303345,0.37911751866340637,3.818606376647949,0.3693690001964569
622.969970703125,0.0,0.0,0.0,4.4533586502075195,-0.35669010877609253,0.25933605432510376,4.771721363067627,0.18390969932079315
943.7420043945312,0.0,0.0,0.0,4.6085638999938965,0.1958443969488144,-0.09658320248126984,5.021864891052246,-0.09559346735477448
620.4860229492188,0.0,0.0,0.0,3.892604112625122,-0.48608139157295227,0.43817558884620667,4.098989009857178,0.5740802884101868
495.4939880371094,0.0,0.0,0.0,4.593796730041504,0.05424746125936508,0.013868056237697601,4.557788372039795,0.015659339725971222
723.469970703125,0.0,0.0,0.0,4.309576034545898,-0.5127905011177063,0.3986838757991791,4.15300989151001,0.47368499636650085
527.989990234375,0.0,0.0,0.0,3.2205276489257812,0.40407055616378784,-0.46267396211624146,3.6316418647766113,-0.6329599022865295
925.8099975585938,0.0,0.0,0.0,3.7423064708709717,-0.4738999903202057,0.44089508056640625,4.2233076095581055,0.5636916160583496
974.6099853515625,0.0,0.0,0.0,3.727449655532837,0.3701550364494324,-0.502061665058136,3.180896759033203,-0.45531517267227173
382.1780090332031,0.0,0.0,0.0,4.589734077453613,-0.18811370432376862,0.07019124180078506,4.907472610473633,0.001698330044746399
362.7860107421875,0.0,0.0,0.0,2.4576563835144043,0.29102686047554016,-0.5257840156555176,2.6037471294403076,-0.6143587231636047
307.34600830078125,0.0,0.0,0.0,4.113620758056641,-0.4945121109485626,0.3990766108036041,4.487714767456055,0.4700622856616974
689.6820068359375,0.0,0.0,0.0,1.7083568572998047,0.11928737163543701,-0.4619995653629303,1.847678780555725,-0.5204669833183289
388.6180114746094,0.0,0.0,0.0,4.4826555252075195,0.06212812289595604,-0.1547129899263382,4.121639728546143,-0.2303323596715927
689.1220092773438,0.0,0.0,0.0,1.6837035417556763,0.11837919056415558,-0.4599682688713074,1.7266008853912354,-0.49395808577537537
936.2100219726562,0.0,0.0,0.0,2.6947741508483887,-0.21335822343826294,0.44026148319244385,3.0622339248657227,0.5159391760826111
427.45001220703125,0.0,0.0,0.0,3.3888471126556396,-0.4423640966415405,0.44613584876060486,3.8315632343292236,0.610241174697876
924.8099975585938,0.0,0.0,0.0,3.813002586364746,-0.49647486209869385,0.5284655690193176,3.8740079402923584,0.6138986349105835
307.12200927734375,0.0,0.0,0.0,4.171209335327148,-0.5091157555580139,0.4386371970176697,4.254848480224609,0.4296127259731293
722.2059936523438,0.0,0.0,0.0,4.568332672119141,-0.28913164138793945,0.2274440973997116,5.07553768157959,0.19338437914848328
634.2739868164062,0.0,0.0,0.0,2.281038999557495,-0.033708807080984116,0.04099670797586441,2.2942581176757812,0.06550958752632141
476.8219909667969,0.0,0.0,0.0,3.59938645362854,0.3469107449054718,-0.346261203289032,3.693685531616211,-0.43176910281181335
219.70199584960938,0.0,0.0,0.0,3.3783135414123535,0.25944235920906067,-0.20826783776283264,3.6995930671691895,-0.3435593843460083
946.6820068359375,0.0,0.0,0.0,4.014698028564453,-0.4887748956680298,0.4336485266685486,4.035808086395264,0.4434358477592468
937.0339965820312,0.0,0.0,0.0,3.101732015609741,-0.2620951235294342,0.3794240355491638,3.653421401977539,0.4723506271839142
435.7139892578125,0.0,0.0,0.0,3.5271739959716797,-0.20892679691314697,0.22225187718868256,3.474527359008789,0.2222375124692917
459.2179870605469,0.0,0.0,0.0,4.457701683044434,-0.1945028007030487,0.09317493438720703,4.604679584503174,0.08329498022794724
648.322021484375,0.0,0.0,0.0,4.755150318145752,-0.07966333627700806,0.0734623521566391,4.959512710571289,0.0741075649857521
458.6059875488281,0.0,0.0,0.0,4.2955803871154785,-0.2563451826572418,0.2089882344007492,4.449837684631348,0.17993485927581787
541.3060302734375,0.0,0.0,0.0,1.7783467769622803,0.07133441418409348,-0.21028468012809753,1.6547132730484009,-0.11359014362096786
473.74200439453125,0.0,0.0,0.0,2.9803099632263184,0.41230934858322144,-0.5797720551490784,2.9770681858062744,-0.6891141533851624
323.8139953613281,0.0,0.0,0.0,4.5787224769592285,-0.3487103283405304,0.2738577723503113,4.52846622467041,0.24169723689556122
98.71800231933594,0.0,0.0,0.0,4.680102825164795,0.07126996666193008,-0.09161144495010376,4.817150115966797,-0.042015716433525085
801.8779907226562,0.0,0.0,0.0,2.6183507442474365,-0.4534375071525574,0.7201303243637085,2.6053273677825928,0.7835620045661926
101.74199676513672,0.0,0.0,0.0,4.600374221801758,0.2747403085231781,-0.1735123246908188,4.615816593170166,-0.14245456457138062
958.9340209960938,0.0,0.0,0.0,4.512662410736084,-0.18637889623641968,0.11073877662420273,4.8434224128723145,0.20607134699821472
804.8779907226562,0.0,0.0,0.0,1.9401755332946777,-0.25628921389579773,0.7811082005500793,2.2007827758789062,0.8388975858688354
800.073974609375,0.0,0.0,0.0,4.311150074005127,-0.414163202047348,0.26924365758895874,4.304952621459961,0.3930155038833618
444.80999755859375,0.0,0.0,0.0,4.168102741241455,-0.3859788477420807,0.2911772131919861,4.286722660064697,0.2713315486907959
357.19000244140625,0.0,0.0,0.0,3.348701000213623,-0.040817126631736755,0.10208515077829361,3.4487497806549072,0.04277670755982399
621.8460083007812,0.0,0.0,0.0,4.022077560424805,-0.44849106669425964,0.3343876898288727,4.472834587097168,0.40865081548690796
492.302001953125,0.0,0.0,0.0,4.568905830383301,0.20329958200454712,-0.10793201625347137,4.552141189575195,-0.1321152299642563
971.6099853515625,0.0,0.0,0.0,4.788308620452881,-0.03159224987030029,0.040074411779642105,4.68516206741333,0.02347785048186779
308.74200439453125,0.0,0.0,0.0,4.391422748565674,-0.38983574509620667,0.23750460147857666,4.66046142578125,0.23190702497959137
986.9739990234375,0.0,0.0,0.0,4.774991989135742,0.009498894214630127,-0.00523865781724453,4.780086040496826,-0.0731378123164177
847.2940063476562,0.0,0.0,0.0,3.712473154067993,-0.44299575686454773,0.4327331781387329,4.0042619705200195,0.4143926203250885
948.0139770507812,0.0,0.0,0.0,4.230029106140137,-0.41366684436798096,0.2533065676689148,4.723564624786377,0.33488398790359497
998.7420043945312,0.0,0.0,0.0,4.264515399932861,0.11539032310247421,-0.09070450067520142,4.42513370513916,-0.049223240464925766
406.95001220703125,0.0,0.0,0.0,4.532985210418701,0.1771019846200943,-0.09650660306215286,4.51981782913208,-0.02027500979602337
889.3380126953125,0.0,0.0,0.0,3.344644069671631,0.4572921693325043,-0.5412480235099792,3.3353848457336426,-0.6936638355255127
131.8419952392578,0.0,0.0,0.0,4.454100608825684,0.2709007263183594,-0.13939161598682404,4.575516223907471,-0.12421183288097382
454.37799072265625,0.0,0.0,0.0,3.3261752128601074,-0.3197471499443054,0.40057843923568726,2.936708450317383,0.5056021809577942
581.72998046875,0.0,0.0,0.0,4.329892635345459,0.4808667302131653,-0.4154263138771057,4.8003034591674805,-0.4871179163455963
867.2020263671875,0.0,0.0,0.0,3.040513038635254,-0.4309651553630829,0.5958818793296814,2.8898637294769287,0.6138200759887695
413.22601318359375,0.0,0.0,0.0,4.521024227142334,0.19953353703022003,-0.1777304857969284,4.651465892791748,-0.18348677456378937
333.2019958496094,0.0,0.0,0.0,4.717038154602051,-0.13348016142845154,0.07129107415676117,4.897718906402588,0.10931771993637085
630.0780029296875,0.0,0.0,0.0,3.3794784545898438,-0.297069251537323,0.26123693585395813,3.5075957775115967,0.4056095778942108
865.7379760742188,0.0,0.0,0.0,4.5084710121154785,-0.08568844944238663,0.04657287150621414,4.795895576477051,0.07858581095933914
887.85400390625,0.0,0.0,0.0,4.485973834991455,0.19443947076797485,-0.14424636960029602,4.7014689445495605,-0.08342462033033371
910.4219970703125,0.0,0.0,0.0,4.544118404388428,0.11411534994840622,-0.03566158190369606,5.039770126342773,0.009922646917402744
346.8139953613281,0.0,0.0,0.0,4.129674434661865,-0.4143805205821991,0.3348850905895233,4.279536247253418,0.2882702946662903
625.4500122070312,0.0,0.0,0.0,4.539060115814209,-0.13972628116607666,0.05387872830033302,4.458184719085693,0.08437725156545639
462.15399169921875,0.0,0.0,0.0,4.389280796051025,-0.1354389190673828,0.24759630858898163,3.819891929626465,0.24513573944568634
974.1820068359375,0.0,0.0,0.0,4.50971794128418,0.06773142516613007,-0.1922147423028946,3.9111204147338867,-0.35750001668930054
397.89801025390625,0.0,0.0,0.0,4.639590263366699,0.1380201280117035,-0.08382849395275116,4.6824846267700195,-0.13146908581256866
64.8499984741211,0.0,0.0,0.0,0.4888328015804291,-0.00032275376725010574,-0.004996222909539938,1.2100900411605835,-0.03938112407922745
107.34200286865234,0.0,0.0,0.0,3.495425224304199,0.5563410520553589,-0.6106306910514832,3.4530813694000244,-0.6724548935890198
609.4219970703125,0.0,0.0,0.0,4.550426483154297,-0.34042632579803467,0.309268981218338,4.122139930725098,0.35686105489730835
560.27001953125,0.0,0.0,0.0,4.615545272827148,-0.15742363035678864,0.11961893737316132,4.6090874671936035,0.09419731795787811
413.35400390625,0.0,0.0,0.0,4.540998458862305,0.22761854529380798,-0.1568141132593155,4.427874565124512,-0.21251697838306427
996.010009765625,0.0,0.0,0.0,4.3015851974487305,0.3757086992263794,-0.24429427087306976,4.42160701751709,-0.29097500443458557
152.9459991455078,0.0,0.0,0.0,4.107680320739746,-0.4006606340408325,0.4185590445995331,4.158400058746338,0.5160107612609863
420.9540100097656,0.0,0.0,0.0,4.499025344848633,0.25746631622314453,-0.19216585159301758,4.777514457702637,-0.1293184608221054
991.5380249023438,0.0,0.0,0.0,4.306281566619873,0.41424140334129333,-0.2888820767402649,4.586949825286865,-0.3650699257850647
725.177978515625,0.0,0.0,0.0,4.401395797729492,-0.44138675928115845,0.26272115111351013,4.380570888519287,0.3077649474143982
586.9500122070312,0.0,0.0,0.0,4.116979122161865,0.4814041256904602,-0.4748239815235138,4.190541744232178,-0.5620192885398865
636.1179809570312,0.0,0.0,0.0,2.5911858081817627,-0.0941174179315567,0.14768685400485992,2.7028849124908447,0.2010103464126587
876.530029296875,0.0,0.0,0.0,2.188235282897949,-0.11752422899007797,0.2752595543861389,1.8781206607818604,0.3334464132785797
245.91799926757812,0.0,0.0,0.0,2.1712124347686768,0.16337816417217255,-0.4066525995731354,2.259976625442505,-0.4515797197818756
137.70599365234375,0.0,0.0,0.0,2.798292398452759,0.4161892533302307,-0.6519544124603271,3.095319986343384,-0.857651948928833
588.7340087890625,0.0,0.0,0.0,3.8637032508850098,0.5298628807067871,-0.4934198260307312,3.9148385524749756,-0.6570931077003479
455.17401123046875,0.0,0.0,0.0,2.8312885761260986,-0.35812845826148987,0.5376689434051514,3.2950596809387207,0.6357187628746033
210.47000122070312,0.0,0.0,0.0,1.9033199548721313,-0.21697892248630524,0.5975449681282043,2.0443708896636963,0.7829073667526245
397.4179992675781,0.0,0.0,0.0,4.632346153259277,0.15625910460948944,-0.07123558968305588,5.0653252601623535,-0.07415004819631577
537.6420288085938,0.0,0.0,0.0,2.5494322776794434,0.42675700783729553,-0.7257947325706482,2.4053189754486084,-0.8607398271560669
224.3419952392578,0.0,0.0,0.0,4.495337009429932,0.19127826392650604,-0.04500734433531761,4.860100746154785,-0.049182333052158356
675.281982421875,0.0,0.0,0.0,3.531256914138794,-0.4125693440437317,0.386335551738739,3.620232105255127,0.43156689405441284
228.2100067138672,0.0,0.0,0.0,3.9715962409973145,0.46593374013900757,-0.3748025596141815,4.118069648742676,-0.4576932191848755
564.4340209960938,0.0,0.0,0.0,2.5978312492370605,0.36163637042045593,-0.6635779142379761,2.81893253326416,-0.7510508298873901
833.72998046875,0.0,0.0,0.0,4.465300559997559,0.3851083815097809,-0.2819374203681946,4.344940185546875,-0.39182910323143005
144.13400268554688,0.0,0.0,0.0,4.5725016593933105,-0.14721663296222687,0.03847040608525276,4.681427478790283,0.02552340179681778
432.5780029296875,0.0,0.0,0.0,2.6047513484954834,-0.22033889591693878,0.40778300166130066,2.714479923248291,0.5567559003829956
173.3459930419922,0.0,0.0,0.0,2.7595763206481934,-0.31681933999061584,0.5176638960838318,3.0523595809936523,0.6194771528244019
478.8340148925781,0.0,0.0,0.0,4.045949459075928,0.29414647817611694,-0.246008962392807,4.259344577789307,-0.2581123411655426
944.2899780273438,0.0,0.0,0.0,4.670383453369141,0.17310035228729248,-0.170309916138649,4.58243465423584,-0.07477796077728271
256.2179870605469,0.0,0.0,0.0,3.346475839614868,0.09581167250871658,-0.13084591925144196,3.448098659515381,-0.17446471750736237
727.510009765625,0.0,0.0,0.0,4.598544597625732,-0.17067673802375793,0.08561109006404877,4.510529518127441,0.05990755558013916
363.9540100097656,0.0,0.0,0.0,2.9926676750183105,0.3685091733932495,-0.4385601282119751,3.5354020595550537,-0.5440504550933838
135.36599731445312,0.0,0.0,0.0,4.7133307456970215,0.008989301510155201,-0.014943973161280155,4.97684383392334,-0.008931512013077736
261.3179931640625,0.0,0.0,0.0,4.506701946258545,0.11520259827375412,-0.054112233221530914,4.529977321624756,0.04365427419543266
792.4340209960938,0.0,0.0,0.0,2.3629343509674072,-0.26367834210395813,0.5573920011520386,2.875053882598877,0.8432199954986572
280.3420104980469,0.0,0.0,0.0,3.51916766166687,-0.2670620381832123,0.2799384593963623,3.632537603378296,0.40488380193710327
116.5739974975586,0.0,0.0,0.0,4.55803108215332,0.23965510725975037,-0.10911204665899277,4.5006914138793945,-0.14603416621685028
865.8779907226562,0.0,0.0,0.0,4.562730312347412,-0.08328365534543991,0.04268588870763779,4.354348182678223,0.06660661846399307
905.6339721679688,0.0,0.0,0.0,3.3020002841949463,0.49835196137428284,-0.5739001035690308,3.745507001876831,-0.6503308415412903
812.1220092773438,0.0,0.0,0.0,4.276731491088867,0.29111701250076294,-0.2103612869977951,4.489250659942627,-0.26804396510124207
312.7860107421875,0.0,0.0,0.0,4.560027122497559,-0.33012545108795166,0.2236090451478958,4.808974266052246,0.1925475299358368
973.1580200195312,0.0,0.0,0.0,4.645843029022217,0.032153140753507614,0.00860062800347805,4.802676677703857,-0.0010186105500906706
87.75,0.0,0.0,0.0,3.611053943634033,0.3627648949623108,-0.39480456709861755,4.276565074920654,-0.4955727159976959
619.9459838867188,0.0,0.0,0.0,4.253761291503906,-0.387078195810318,0.3838498890399933,4.036130905151367,0.5111701488494873
311.5419921875,0.0,0.0,0.0,4.4123311042785645,-0.3568620979785919,0.22581608593463898,4.6460089683532715,0.26421836018562317
577.7100219726562,0.0,0.0,0.0,3.893131732940674,0.5327790975570679,-0.514251708984375,4.239469528198242,-0.5379990935325623
463.9859924316406,0.0,0.0,0.0,2.4748973846435547,-0.2971585690975189,0.6319631934165955,2.777022123336792,0.7277470827102661
925.9099731445312,0.0,0.0,0.0,3.8278183937072754,-0.47601523995399475,0.5035432577133179,4.0924835205078125,0.44828978180885315
318.7980041503906,0.0,0.0,0.0,4.746806621551514,-0.13615693151950836,0.1173933818936348,4.846123695373535,0.11193195730447769
76.34200286865234,0.0,0.0,0.0,3.8213813304901123,0.4201106131076813,-0.4529503583908081,3.959714412689209,-0.5163351893424988
869.3939819335938,0.0,0.0,0.0,3.372652292251587,-0.39317619800567627,0.4646734595298767,3.828164577484131,0.5306766629219055
99.00199890136719,0.0,0.0,0.0,4.677659511566162,0.07633673399686813,-0.043247073888778687,4.808756351470947,-0.03907603397965431
534.4019775390625,0.0,0.0,0.0,3.650212287902832,0.46966710686683655,-0.5568637251853943,3.6820785999298096,-0.628976047039032
761.677978515625,0.0,0.0,0.0,3.5283429622650146,0.442767471075058,-0.43719249963760376,3.840794563293457,-0.5363261699676514
547.781982421875,0.0,0.0,0.0,1.8271420001983643,-0.17791414260864258,0.5412607789039612,2.020128011703491,0.6606335043907166
122.48200225830078,0.0,0.0,0.0,4.694984436035156,0.05976561829447746,0.015830136835575104,4.853785514831543,0.04854224622249603
677.5700073242188,0.0,0.0,0.0,3.865149736404419,-0.4213631749153137,0.38822758197784424,3.964755058288574,0.4661523401737213
72.58599853515625,0.0,0.0,0.0,4.3446269035339355,0.042830538004636765,-0.0044207461178302765,4.494518280029297,0.0021647915709763765
471.15399169921875,0.0,0.0,0.0,4.699553966522217,-0.0481472909450531,0.0008373320451937616,4.8523268699646,-0.047333117574453354
314.8219909667969,0.0,0.0,0.0,4.690885543823242,-0.3160994350910187,0.22819918394088745,4.761406421661377,0.2111004889011383
716.6420288085938,0.0,0.0,0.0,4.437680244445801,-0.4180079400539398,0.2775701880455017,4.738443374633789,0.2108769565820694
599.5700073242188,0.0,0.0,0.0,2.6895580291748047,-0.33093488216400146,0.5717626810073853,3.0368709564208984,0.6173259615898132
454.27801513671875,0.0,0.0,0.0,3.394563674926758,-0.31291162967681885,0.430143803358078,3.305251359939575,0.4614845812320709
891.197998046875,0.0,0.0,0.0,3.7964437007904053,0.4463759958744049,-0.4635893702507019,4.061934471130371,-0.5731097459793091
639.5139770507812,0.0,0.0,0.0,3.4122626781463623,-0.31055909395217896,0.4049946069717407,3.7138564586639404,0.46079376339912415
290.4620056152344,0.0,0.0,0.0,4.0383687019348145,-0.5158029794692993,0.48669129610061646,4.09641170501709,0.55600506067276
226.7259979248047,0.0,0.0,0.0,4.133222579956055,0.4016649127006531,-0.352132111787796,4.239863872528076,-0.4447951018810272
259.0459899902344,0.0,0.0,0.0,4.053464412689209,0.23016953468322754,-0.11338841170072556,4.247872829437256,-0.10413346439599991
765.3579711914062,0.0,0.0,0.0,4.610388278961182,0.125950425863266,-0.09505672752857208,4.896429538726807,-0.07129397243261337
562.4340209960938,0.0,0.0,0.0,2.6424360275268555,0.34910815954208374,-0.5719342231750488,2.838843584060669,-0.6371587514877319
545.6019897460938,0.0,0.0,0.0,1.605800986289978,-0.11614184081554413,0.41722068190574646,1.7397434711456299,0.5417309999465942
494.12200927734375,0.0,0.0,0.0,4.725988864898682,0.10140135884284973,-0.00043133142753504217,4.672316074371338,-0.1087113693356514
719.4500122070312,0.0,0.0,0.0,4.6130828857421875,-0.24603362381458282,0.13274233043193817,4.729130744934082,0.20974697172641754
115.48600006103516,0.0,0.0,0.0,4.373483657836914,0.31571078300476074,-0.14233718812465668,4.836410045623779,-0.22295284271240234
433.34600830078125,0.0,0.0,0.0,2.8404533863067627,-0.25377318263053894,0.4266144931316376,2.9005050659179688,0.45474761724472046
297.5140075683594,0.0,0.0,0.0,4.622999668121338,-0.15453927218914032,0.10296930372714996,4.519315242767334,0.14873459935188293
97.48200225830078,0.0,0.0,0.0,4.562746524810791,0.1236373782157898,-0.06267701834440231,4.83088493347168,-0.0019449456594884396
401.2860107421875,0.0,0.0,0.0,3.109269857406616,0.2306717038154602,-0.32218021154403687,2.6688530445098877,-0.33237671852111816
940.1300048828125,0.0,0.0,0.0,4.393459320068359,-0.14862976968288422,0.11481790989637375,4.6019182205200195,0.08825232833623886
593.6019897460938,0.0,0.0,0.0,1.8676446676254272,-0.04162054508924484,0.186605766415596,1.9869794845581055,0.25488072633743286
871.4459838867188,0.0,0.0,0.0,4.3942742347717285,-0.345770925283432,0.1794174760580063,4.638334274291992,0.15965229272842407
662.3660278320312,0.0,0.0,0.0,4.385121822357178,0.30150726437568665,-0.254556804895401,4.575191020965576,-0.1375943124294281
712.5380249023438,0.0,0.0,0.0,4.424870014190674,-0.412187397480011,0.27604028582572937,4.763561725616455,0.27860066294670105
601.1900024414062,0.0,0.0,0.0,3.8608198165893555,-0.4388069808483124,0.4009310007095337,4.186456680297852,0.47529488801956177
75.33000183105469,0.0,0.0,0.0,4.486261367797852,0.04184611141681671,-0.13620281219482422,4.408203601837158,-0.1998545080423355
417.7980041503906,0.0,0.0,0.0,4.390239238739014,0.31140193343162537,-0.3155665695667267,4.447569847106934,-0.2752606272697449
351.7380065917969,0.0,0.0,0.0,4.703222751617432,-0.17114925384521484,0.1251671314239502,4.575937271118164,0.14568768441677094
130.2779998779297,0.0,0.0,0.0,4.031680107116699,0.4133033752441406,-0.2538388669490814,4.376218318939209,-0.3488273620605469
528.4459838867188,0.0,0.0,0.0,3.504136562347412,0.4150178134441376,-0.4858196973800659,3.8396928310394287,-0.5199181437492371
488.6860046386719,0.0,0.0,0.0,4.488335609436035,0.19587329030036926,-0.132981538772583,4.730127334594727,-0.2497669905424118
560.6820068359375,0.0,0.0,0.0,4.654070854187012,-0.1618143618106842,0.029949819669127464,4.577035903930664,-0.004310424439609051
61.32600021362305,0.0,0.0,0.0,-0.0009816798847168684,0.0003737667575478554,-0.0016317920526489615,0.0,0.0
774.9459838867188,0.0,0.0,0.0,4.603083610534668,0.21543143689632416,-0.1327199935913086,4.966848373413086,-0.06825576722621918
187.57400512695312,0.0,0.0,0.0,2.208836555480957,-0.14030030369758606,0.3515600264072418,2.3575661182403564,0.4102860689163208
785.469970703125,0.0,0.0,0.0,2.9767656326293945,-0.005981407593935728,0.07227663695812225,2.784534454345703,0.13110508024692535
376.6419982910156,0.0,0.0,0.0,3.50459885597229,-0.4182042181491852,0.4746578633785248,3.8261661529541016,0.5462983250617981
655.8779907226562,0.0,0.0,0.0,4.002470016479492,0.3341618478298187,-0.2771998643875122,4.41834831237793,-0.3705504238605499
931.7540283203125,0.0,0.0,0.0,4.565135478973389,0.09480945020914078,-0.025693492963910103,4.49708890914917,-0.01580723747611046
820.1939697265625,0.0,0.0,0.0,4.21878719329834,0.4341740012168884,-0.26489147543907166,4.210148334503174,-0.32022666931152344
542.27001953125,0.0,0.0,0.0,1.388838291168213,-0.036879293620586395,0.17895792424678802,1.3222770690917969,0.18331649899482727
843.3460083007812,0.0,0.0,0.0,4.725551128387451,0.12053399533033371,-0.07759730517864227,4.821137428283691,-0.039134230464696884
751.6380004882812,0.0,0.0,0.0,4.651917934417725,0.21047012507915497,-0.11432938277721405,4.892922401428223,-0.11721242964267731
352.8900146484375,0.0,0.0,0.0,4.677971839904785,-0.1763211041688919,0.09445581585168839,4.931249141693115,0.18687555193901062
596.9500122070312,0.0,0.0,0.0,3.5720269680023193,-0.30668169260025024,0.4281931221485138,3.486192464828491,0.6135445833206177
376.5459899902344,0.0,0.0,0.0,3.485941171646118,-0.4137842059135437,0.4722020924091339,3.6210761070251465,0.5188794136047363
991.4299926757812,0.0,0.0,0.0,4.389201641082764,0.4046494960784912,-0.35360175371170044,4.206972122192383,-0.317868173122406
175.8939971923828,0.0,0.0,0.0,1.7943147420883179,-0.1451413929462433,0.43288469314575195,1.9311412572860718,0.5938263535499573
375.57000732421875,0.0,0.0,0.0,3.327893018722534,-0.408946692943573,0.5029368996620178,3.354914665222168,0.45517978072166443
832.4340209960938,0.0,0.0,0.0,4.092545986175537,0.4616299569606781,-0.34502390027046204,4.349174499511719,-0.32137513160705566
509.4779968261719,0.0,0.0,0.0,3.6105239391326904,0.3370889127254486,-0.3446950316429138,3.953228712081909,-0.3233681917190552
621.1060180664062,0.0,0.0,0.0,3.873730182647705,-0.5081335306167603,0.44694018363952637,4.076167583465576,0.5430381298065186
66.08999633789062,0.0,0.0,0.0,2.2652933597564697,0.0688048005104065,-0.1399725377559662,2.5169858932495117,-0.16460426151752472
464.3699951171875,0.0,0.0,0.0,2.654958486557007,-0.3351203203201294,0.6670612096786499,2.872525453567505,0.7015320658683777
501.3819885253906,0.0,0.0,0.0,2.4995429515838623,0.17891134321689606,-0.3922000825405121,2.597275733947754,-0.4130125045776367
912.010009765625,0.0,0.0,0.0,3.9945178031921387,0.43719232082366943,-0.4379407465457916,4.152539253234863,-0.48609215021133423
74.24600219726562,0.0,0.0,0.0,4.557574272155762,0.02078293263912201,-0.037303585559129715,4.645969867706299,-0.020799439400434494
539.6019897460938,0.0,0.0,0.0,1.9100689888000488,0.22554457187652588,-0.7415398359298706,2.063218832015991,-0.8106769323348999
432.2340087890625,0.0,0.0,0.0,2.6282198429107666,-0.2060806155204773,0.34046217799186707,2.7288293838500977,0.3856731057167053
347.51800537109375,0.0,0.0,0.0,4.366110324859619,-0.3239199221134186,0.2740820646286011,4.573118686676025,0.3108861446380615
357.57000732421875,0.0,0.0,0.0,3.145205020904541,-0.029661744832992554,0.02911459282040596,2.603804588317871,0.045415036380290985
319.32598876953125,0.0,0.0,0.0,4.6810150146484375,-0.17013880610466003,0.10015124827623367,5.026757717132568,0.08042913675308228
720.6019897460938,0.0,0.0,0.0,4.643787860870361,-0.1728571653366089,0.14239922165870667,5.1921916007995605,0.12226604670286179
120.44599914550781,0.0,0.0,0.0,4.515918731689453,0.21934300661087036,-0.11789694428443909,4.676907062530518,-0.15172690153121948
868.9099731445312,0.0,0.0,0.0,3.138856887817383,-0.37807154655456543,0.4852372407913208,3.35258150100708,0.5241151452064514
492.9540100097656,0.0,0.0,0.0,4.649076461791992,0.14228229224681854,-0.10887034982442856,4.8948187828063965,-0.06374283879995346
211.64999389648438,0.0,0.0,0.0,2.289491891860962,-0.25902482867240906,0.6434003114700317,2.459378242492676,0.7425018548965454
605.4420166015625,0.0,0.0,0.0,4.374978065490723,-0.3938322067260742,0.3068663775920868,4.864480018615723,0.3634052574634552
880.2620239257812,0.0,0.0,0.0,2.553072690963745,-0.25428226590156555,0.5164058804512024,2.710998058319092,0.504600465297699
827.4140014648438,0.0,0.0,0.0,4.642796993255615,0.30978867411613464,-0.29175645112991333,4.549706935882568,-0.3940933048725128
922.22998046875,0.0,0.0,0.0,3.1831698417663574,-0.36304736137390137,0.48688003420829773,3.6136281490325928,0.5972183346748352
237.28599548339844,0.0,0.0,0.0,4.688446044921875,-0.014822004362940788,0.008588163182139397,5.015440464019775,-0.005794229917228222
591.9860229492188,0.0,0.0,0.0,1.9570626020431519,0.19055421650409698,-0.5145586133003235,1.9244197607040405,-0.6819308400154114
775.9180297851562,0.0,0.0,0.0,4.669796943664551,0.09376554191112518,0.007094769738614559,4.734113693237305,0.044721901416778564
980.0700073242188,0.0,0.0,0.0,4.4641313552856445,0.2558206021785736,-0.1775352507829666,4.595727443695068,-0.28307026624679565
417.6499938964844,0.0,0.0,0.0,4.390191555023193,0.277636855840683,-0.24227914214134216,4.511362552642822,-0.4041253924369812
934.97802734375,0.0,0.0,0.0,2.677405834197998,-0.18483689427375793,0.3234442472457886,2.6839377880096436,0.47632303833961487
875.7420043945312,0.0,0.0,0.0,3.454420328140259,-0.014505919069051743,0.038371387869119644,3.065631628036499,0.09985330700874329
351.9700012207031,0.0,0.0,0.0,4.656167507171631,-0.16156673431396484,0.11131997406482697,4.579867362976074,0.09178601950407028
975.197998046875,0.0,0.0,0.0,2.825985908508301,0.3923737108707428,-0.5731375813484192,2.8458638191223145,-0.7987279295921326
489.7699890136719,0.0,0.0,0.0,4.3004913330078125,0.3851061165332794,-0.30722418427467346,4.424045562744141,-0.4040095806121826
477.0379943847656,0.0,0.0,0.0,3.5811502933502197,0.3505938947200775,-0.34732329845428467,3.6008455753326416,-0.3739742934703827
495.8139953613281,0.0,0.0,0.0,4.421534061431885,0.03815043717622757,-0.014181995764374733,4.100415229797363,-0.009390365332365036
688.0499877929688,0.0,0.0,0.0,1.6322921514511108,0.11906690895557404,-0.4042351543903351,1.633299708366394,-0.5050521492958069
175.64599609375,0.0,0.0,0.0,1.832407832145691,-0.17616893351078033,0.4594164788722992,1.8429615497589111,0.5069195032119751
667.1939697265625,0.0,0.0,0.0,4.7331719398498535,0.0403042733669281,0.04977057874202728,4.838183403015137,0.06909599900245667
530.0180053710938,0.0,0.0,0.0,3.1513876914978027,0.48626381158828735,-0.6808159351348877,3.32118821144104,-0.7137148380279541
242.1060028076172,0.0,0.0,0.0,3.0763087272644043,0.02741152048110962,-0.05161279812455177,2.9523024559020996,0.013716147281229496
469.2820129394531,0.0,0.0,0.0,4.706282138824463,-0.13801473379135132,0.08628752082586288,4.988396644592285,-0.06458160281181335
292.6180114746094,0.0,0.0,0.0,4.596492290496826,-0.08434557169675827,-0.01969851553440094,4.480269432067871,0.00435006245970726
975.5540161132812,0.0,0.0,0.0,2.623791456222534,0.35741037130355835,-0.5724493861198425,2.790526866912842,-0.7075634598731995
78.91799926757812,0.0,0.0,0.0,4.286810874938965,0.28839007019996643,-0.1819893717765808,4.447469711303711,-0.19777008891105652
540.9819946289062,0.0,0.0,0.0,1.85465669631958,0.1293640285730362,-0.26275378465652466,1.8143082857131958,-0.2670040726661682
246.83799743652344,0.0,0.0,0.0,2.660642623901367,0.2549547255039215,-0.4734463095664978,2.928762435913086,-0.48227640986442566
705.9500122070312,0.0,0.0,0.0,4.777735233306885,0.03856047987937927,-0.050853975117206573,4.74411678314209,-0.024160638451576233
665.4140014648438,0.0,0.0,0.0,4.709138870239258,0.21929699182510376,-0.054320793598890305,5.002991676330566,-0.11129755526781082
578.9500122070312,0.0,0.0,0.0,3.8521015644073486,0.5573781728744507,-0.5196437239646912,4.258657455444336,-0.5708380341529846
588.614013671875,0.0,0.0,0.0,3.846428155899048,0.5419386029243469,-0.5494085550308228,4.023505687713623,-0.5796957015991211
618.6259765625,0.0,0.0,0.0,4.389473915100098,-0.3412468433380127,0.2249920666217804,4.742516040802002,0.2805019021034241
787.5419921875,0.0,0.0,0.0,2.292599678039551,-0.10084407776594162,0.25128573179244995,2.2413861751556396,0.3988035321235657
312.0740051269531,0.0,0.0,0.0,4.452697277069092,-0.33912762999534607,0.21895073354244232,4.884200096130371,0.20494182407855988
227.53799438476562,0.0,0.0,0.0,3.9455459117889404,0.49507805705070496,-0.38588133454322815,4.349266529083252,-0.4961288869380951
80.85399627685547,0.0,0.0,0.0,3.748868703842163,0.13438156247138977,-0.1831037402153015,3.23197865486145,-0.2948853075504303
530.7780151367188,0.0,0.0,0.0,3.177342176437378,0.44317901134490967,-0.602013885974884,2.988405466079712,-0.7606507539749146
249.29400634765625,0.0,0.0,0.0,4.173041343688965,0.31980496644973755,-0.2110297977924347,4.446975231170654,-0.15003293752670288
725.6300048828125,0.0,0.0,0.0,4.411255836486816,-0.4004175066947937,0.29428043961524963,4.464277267456055,0.3301386833190918
453.50201416015625,0.0,0.0,0.0,4.296103477478027,-0.03138786926865578,0.00862953718751669,3.8905835151672363,0.12215258926153183
262.75,0.0,0.0,0.0,4.498717308044434,0.03796060383319855,-0.030254453420639038,4.855856418609619,-0.01950090192258358
732.4019775390625,0.0,0.0,0.0,3.9416801929473877,0.3409459590911865,-0.47129401564598083,3.2947518825531006,-0.4861401319503784
782.6380004882812,0.0,0.0,0.0,4.369782447814941,0.14223916828632355,-0.10989668220281601,4.496819019317627,-0.10153351724147797
669.8660278320312,0.0,0.0,0.0,3.708043336868286,-0.41524094343185425,0.41697922348976135,4.1729865074157715,0.4201008081436157
114.01000213623047,0.0,0.0,0.0,4.062809467315674,0.4494742751121521,-0.38961508870124817,4.177700996398926,-0.4452066421508789
378.7139892578125,0.0,0.0,0.0,3.9891457557678223,-0.45651671290397644,0.4098380506038666,3.926600933074951,0.478067010641098
960.7780151367188,0.0,0.0,0.0,4.477180480957031,-0.3472660779953003,0.2782179117202759,5.001143455505371,0.32871708273887634
226.28199768066406,0.0,0.0,0.0,4.578174591064453,0.17710983753204346,-0.273154616355896,4.238676071166992,-0.3344916105270386
769.3060302734375,0.0,0.0,0.0,4.681973457336426,0.051509104669094086,0.04084325581789017,4.940273761749268,0.08015993237495422
998.8419799804688,0.0,0.0,0.0,4.188310146331787,0.11972054094076157,-0.047371480613946915,4.29841423034668,-0.11235262453556061
592.0980224609375,0.0,0.0,0.0,1.903005599975586,0.19592249393463135,-0.6534414291381836,1.7296769618988037,-0.5820313692092896
499.03399658203125,0.0,0.0,0.0,2.499842643737793,0.00720527907833457,-0.011087344028055668,2.509185552597046,-0.00802488625049591
491.95001220703125,0.0,0.0,0.0,4.599748611450195,0.23336656391620636,-0.1181885227560997,4.5191192626953125,-0.12248260527849197
601.5380249023438,0.0,0.0,0.0,3.9930315017700195,-0.45861348509788513,0.38582491874694824,4.214524745941162,0.4808432161808014
174.19400024414062,0.0,0.0,0.0,2.898756265640259,-0.3103514015674591,0.4695521295070648,3.1215171813964844,0.5156951546669006
896.822021484375,0.0,0.0,0.0,3.0188918113708496,0.4378449022769928,-0.5504007339477539,3.306622266769409,-0.6035897135734558
796.1060180664062,0.0,0.0,0.0,4.3574018478393555,-0.36678096652030945,0.2342986911535263,4.442454814910889,0.2660115957260132
983.22998046875,0.0,0.0,0.0,4.731078147888184,0.07305483520030975,0.02564459666609764,4.81266450881958,0.05834992602467537
292.46600341796875,0.0,0.0,0.0,4.525394439697266,-0.09601081162691116,0.07801716774702072,4.823781490325928,-0.07172409445047379
300.2699890136719,0.0,0.0,0.0,4.755105018615723,-0.13384588062763214,0.04401494190096855,4.7788405418396,0.036354344338178635
970.2340087890625,0.0,0.0,0.0,4.557343482971191,-0.08861429244279861,0.026408253237605095,4.818783760070801,0.06396052241325378
558.8499755859375,0.0,0.0,0.0,4.187325954437256,-0.330462247133255,0.27331215143203735,4.366148471832275,0.27779126167297363
765.2459716796875,0.0,0.0,0.0,4.567379951477051,0.1289246529340744,-0.10024590790271759,4.62956428527832,-0.10119377076625824
285.7139892578125,0.0,0.0,0.0,4.267922401428223,-0.46994176506996155,0.38127878308296204,4.144657135009766,0.49002784490585327
343.6820068359375,0.0,0.0,0.0,3.7747671604156494,-0.4798886179924011,0.4831865429878235,3.842151641845703,0.6274205446243286
901.1300048828125,0.0,0.0,0.0,2.829695463180542,0.45861518383026123,-0.7218928337097168,2.989030361175537,-0.7774951457977295
999.3980102539062,0.0,0.0,0.0,4.081867694854736,0.06753857433795929,-0.05143612250685692,4.149962902069092,-0.05207843706011772
432.4580078125,0.0,0.0,0.0,2.613492250442505,-0.21113301813602448,0.35054707527160645,2.7018656730651855,0.45630863308906555
966.5339965820312,0.0,0.0,0.0,3.529829502105713,-0.41205477714538574,0.4106072187423706,3.9382741451263428,0.5179010033607483
107.83399963378906,0.0,0.0,0.0,3.0534539222717285,0.44657373428344727,-0.5985392332077026,2.968428611755371,-0.7346035838127136
530.4500122070312,0.0,0.0,0.0,3.182960033416748,0.44834384322166443,-0.5885229110717773,3.268193244934082,-0.7180418372154236
360.4460144042969,0.0,0.0,0.0,2.2624123096466064,0.061567272990942,-0.22870634496212006,2.2735414505004883,-0.2059340924024582
961.8099975585938,0.0,0.0,0.0,4.4372639656066895,-0.43131810426712036,0.3441678583621979,4.519022464752197,0.31885984539985657
809.8779907226562,0.0,0.0,0.0,4.307209014892578,0.04633977264165878,-0.04256490245461464,4.340497016906738,-0.10462334752082825
431.3699951171875,0.0,0.0,0.0,3.212552547454834,-0.1019626185297966,0.08052296936511993,3.087712049484253,0.14958235621452332
758.6259765625,0.0,0.0,0.0,4.517789840698242,0.3214155435562134,-0.22486841678619385,4.524878978729248,-0.2599998116493225
474.5820007324219,0.0,0.0,0.0,3.442547559738159,0.4330449104309082,-0.435567170381546,3.5518958568573,-0.562630832195282
648.02197265625,0.0,0.0,0.0,4.6933088302612305,-0.07457944750785828,0.03253478184342384,4.902907371520996,0.060473766177892685
907.6099853515625,0.0,0.0,0.0,4.221303939819336,0.40879786014556885,-0.27633237838745117,4.454781532287598,-0.3191877007484436
806.4340209960938,0.0,0.0,0.0,2.5917861461639404,-0.2338508814573288,0.38599061965942383,3.010301351547241,0.4312858581542969
733.14599609375,0.0,0.0,0.0,2.732370615005493,0.42409414052963257,-0.6038458943367004,2.648879289627075,-0.7314862012863159
896.6740112304688,0.0,0.0,0.0,2.9896841049194336,0.44086411595344543,-0.6909167170524597,3.100442886352539,-0.6715488433837891
972.2979736328125,0.0,0.0,0.0,4.750886917114258,-0.03727858141064644,0.021084392443299294,4.523754596710205,-0.07581480592489243
80.51799774169922,0.0,0.0,0.0,3.9792897701263428,0.14876528084278107,-0.057071372866630554,3.6482503414154053,-0.0728393942117691
953.0260009765625,0.0,0.0,0.0,4.812212944030762,-0.0408591628074646,0.015607934445142746,4.833358287811279,0.025715801864862442
630.406005859375,0.0,0.0,0.0,3.3443410396575928,-0.2521493136882782,0.24417264759540558,3.089808940887451,0.2994638681411743
767.8099975585938,0.0,0.0,0.0,4.710515022277832,0.03229378163814545,-0.04557144269347191,5.076552391052246,0.007177481893450022
161.97799682617188,0.0,0.0,0.0,4.506824493408203,-0.2651951313018799,0.233811154961586,4.351359844207764,0.23005931079387665
905.510009765625,0.0,0.0,0.0,3.332400321960449,0.5162314772605896,-0.5565962195396423,3.384284496307373,-0.6591028571128845
94.5739974975586,0.0,0.0,0.0,4.585628986358643,0.0458528958261013,0.004621123429387808,4.842624664306641,0.003245739033445716
646.27001953125,0.0,0.0,0.0,4.656383514404297,-0.11871211230754852,0.08624033629894257,4.976881980895996,0.09331154823303223
867.3980102539062,0.0,0.0,0.0,2.8817803859710693,-0.3927980065345764,0.578444242477417,2.854163408279419,0.6075360774993896
792.2020263671875,0.0,0.0,0.0,2.332390546798706,-0.2334863692522049,0.5227130651473999,2.63466477394104,0.6945691704750061
280.85400390625,0.0,0.0,0.0,3.610426187515259,-0.33232688903808594,0.41726917028427124,3.868659257888794,0.46239009499549866
997.7420043945312,0.0,0.0,0.0,4.481945514678955,0.19119301438331604,-0.060530345886945724,4.396361351013184,-0.10478121787309647
510.4020080566406,0.0,0.0,0.0,4.005396842956543,0.3202488422393799,-0.20349791646003723,4.3253865242004395,-0.26959097385406494
676.469970703125,0.0,0.0,0.0,3.8275156021118164,-0.3611464500427246,0.34016796946525574,4.040500164031982,0.3469702899456024
516.1539916992188,0.0,0.0,0.0,4.383166790008545,0.16980792582035065,-0.22891011834144592,4.5890398025512695,-0.2452811449766159
869.4660034179688,0.0,0.0,0.0,3.4268927574157715,-0.40227073431015015,0.4623282849788666,3.784183979034424,0.41995105147361755
970.6740112304688,0.0,0.0,0.0,4.615527629852295,-0.07009861618280411,0.014382845722138882,4.990390300750732,0.12122374027967453
826.1060180664062,0.0,0.0,0.0,4.803155422210693,0.024998802691698074,-0.0666942372918129,5.134481906890869,-0.024942558258771896
981.5059814453125,0.0,0.0,0.0,4.539103984832764,0.23475053906440735,-0.1587689220905304,4.763440132141113,-0.24425055086612701
879.9420166015625,0.0,0.0,0.0,2.39192795753479,-0.22237230837345123,0.49168479442596436,2.690403461456299,0.6058386564254761
145.71800231933594,0.0,0.0,0.0,4.714810371398926,-0.06707312911748886,0.01150006614625454,4.738914489746094,0.03676431626081467
659.1859741210938,0.0,0.0,0.0,3.146030902862549,0.45560914278030396,-0.5521047711372375,3.475476026535034,-0.718675434589386
291.9540100097656,0.0,0.0,0.0,4.451279640197754,-0.19751809537410736,0.03655501455068588,4.674001693725586,-0.041806094348430634
424.8900146484375,0.0,0.0,0.0,4.670356750488281,0.01546449027955532,-0.00801328755915165,4.691859722137451,0.06243646889925003
91.71399688720703,0.0,0.0,0.0,4.295186996459961,0.22571341693401337,-0.14571316540241241,4.2853899002075195,-0.1802961528301239
91.93399810791016,0.0,0.0,0.0,4.267377853393555,0.2190897911787033,-0.17638902366161346,4.425466537475586,-0.08585833758115768
696.5020141601562,0.0,0.0,0.0,4.756332874298096,0.05769621208310127,-0.02306622453033924,5.048029899597168,-0.11750636994838715
729.8900146484375,0.0,0.0,0.0,4.7023210525512695,-0.004912020172923803,-0.030892416834831238,4.912020206451416,-0.008080136962234974
613.2459716796875,0.0,0.0,0.0,3.4125094413757324,-0.5525347590446472,0.6900023221969604,3.3708114624023438,0.8929548263549805
211.28599548339844,0.0,0.0,0.0,2.1340839862823486,-0.25543150305747986,0.6936100125312805,2.2467498779296875,0.6144163608551025
205.07400512695312,0.0,0.0,0.0,2.065335750579834,-0.21485914289951324,0.6178189516067505,2.150696277618408,0.7188306450843811
408.802001953125,0.0,0.0,0.0,4.612421035766602,0.18672142922878265,-0.15588633716106415,4.952860355377197,-0.15198060870170593
715.27001953125,0.0,0.0,0.0,4.624152660369873,-0.37336352467536926,0.2592964768409729,4.371091365814209,0.28942906856536865
719.3660278320312,0.0,0.0,0.0,4.5945563316345215,-0.2737414836883545,0.156652569770813,4.901304721832275,0.1570071578025818
611.9459838867188,0.0,0.0,0.0,3.7551581859588623,-0.5402141809463501,0.5414625406265259,3.457899332046509,0.6892182230949402
455.5379943847656,0.0,0.0,0.0,2.915837049484253,-0.35442468523979187,0.45139962434768677,3.1538174152374268,0.545096218585968
72.68599700927734,0.0,0.0,0.0,4.360992431640625,0.016252823173999786,0.02015344612300396,4.8878583908081055,-0.024570845067501068
687.6339721679688,0.0,0.0,0.0,1.8686132431030273,0.13583359122276306,-0.3834303021430969,1.6731168031692505,-0.39065974950790405
74.78199768066406,0.0,0.0,0.0,4.587456703186035,0.03322881460189819,-0.07640697807073593,4.662041187286377,0.034369707107543945
296.510009765625,0.0,0.0,0.0,4.737409591674805,0.013423699885606766,0.019606146961450577,4.891156196594238,-0.02370586059987545
674.3699951171875,0.0,0.0,0.0,3.673504590988159,-0.4565328061580658,0.443556547164917,3.7322916984558105,0.4672984480857849
607.3779907226562,0.0,0.0,0.0,4.310268402099609,-0.4037811756134033,0.25295212864875793,4.315585613250732,0.4326997697353363
713.5659790039062,0.0,0.0,0.0,4.516889572143555,-0.45525187253952026,0.3792375922203064,4.4393696784973145,0.37524428963661194
276.77801513671875,0.0,0.0,0.0,1.6693938970565796,-0.05131293088197708,0.24577787518501282,1.977414608001709,0.3215912878513336
325.6180114746094,0.0,0.0,0.0,4.655418395996094,-0.3367169201374054,0.20738661289215088,4.520941257476807,0.207744300365448
773.2020263671875,0.0,0.0,0.0,4.438222885131836,0.3467442989349365,-0.2354133427143097,4.568236351013184,-0.2747935354709625
801.010009765625,0.0,0.0,0.0,3.8719472885131836,-0.48850342631340027,0.5665300488471985,3.6291987895965576,0.693454384803772
485.8739929199219,0.0,0.0,0.0,3.119520664215088,0.3376515805721283,-0.46057143807411194,3.601067066192627,-0.6414276957511902
788.2659912109375,0.0,0.0,0.0,1.8844585418701172,-0.13951808214187622,0.47601985931396484,1.7638884782791138,0.4768158197402954
353.70599365234375,0.0,0.0,0.0,4.796263694763184,-0.11104585975408554,0.05197686329483986,4.775561809539795,0.002656870288774371
244.406005859375,0.0,0.0,0.0,1.816504955291748,0.09855490922927856,-0.3725399374961853,1.8969712257385254,-0.39494606852531433
569.8179931640625,0.0,0.0,0.0,4.243732452392578,0.3844509720802307,-0.38434967398643494,3.979905843734741,-0.45751461386680603
713.677978515625,0.0,0.0,0.0,4.479708671569824,-0.48277637362480164,0.3445852994918823,4.3469648361206055,0.3741289973258972
442.1940002441406,0.0,0.0,0.0,3.8957629203796387,-0.2526210844516754,0.20616142451763153,4.259532928466797,0.2198587954044342
964.1300048828125,0.0,0.0,0.0,4.382558822631836,-0.28404945135116577,0.2960852384567261,4.11690092086792,0.39664772152900696
758.8099975585938,0.0,0.0,0.0,4.4960246086120605,0.28902801871299744,-0.16412432491779327,4.420027256011963,-0.23290780186653137
885.0540161132812,0.0,0.0,0.0,4.463053226470947,0.2780626714229584,-0.23648884892463684,4.795651435852051,-0.14099906384944916
676.1420288085938,0.0,0.0,0.0,3.84189510345459,-0.344364732503891,0.3294309079647064,3.5870182514190674,0.38252630829811096
232.38999938964844,0.0,0.0,0.0,4.506375312805176,0.307897686958313,-0.21049638092517853,4.525639057159424,-0.1533694565296173
92.1780014038086,0.0,0.0,0.0,4.2995100021362305,0.20915791392326355,-0.08487178385257721,4.600423336029053,-0.09489382803440094
960.5139770507812,0.0,0.0,0.0,4.542460918426514,-0.3514847755432129,0.24453838169574738,4.5956926345825195,0.178286612033844
420.2980041503906,0.0,0.0,0.0,4.345505237579346,0.3271882236003876,-0.213691845536232,4.819628715515137,-0.2158287614583969
711.9340209960938,0.0,0.0,0.0,4.443442344665527,-0.378107488155365,0.30200329422950745,4.606606960296631,0.31191927194595337
303.593994140625,0.0,0.0,0.0,4.610842704772949,-0.369169145822525,0.28721460700035095,4.734111309051514,0.3195621073246002
400.2699890136719,0.0,0.0,0.0,3.9498469829559326,0.021219545975327492,0.004174063913524151,3.7951645851135254,-0.07986335456371307
627.4459838867188,0.0,0.0,0.0,4.19824743270874,0.2381274551153183,-0.16223548352718353,4.099360942840576,-0.2531174421310425
91.40599822998047,0.0,0.0,0.0,4.330290794372559,0.20914404094219208,-0.20456425845623016,4.449427604675293,-0.1438501477241516
728.8140258789062,0.0,0.0,0.0,4.770110607147217,-0.06031889095902443,0.04162592813372612,5.055420398712158,0.05894041806459427
378.6059875488281,0.0,0.0,0.0,4.040956974029541,-0.44027477502822876,0.40205445885658264,3.993894100189209,0.48989665508270264
919.0339965820312,0.0,0.0,0.0,3.9002177715301514,0.502619743347168,-0.4581032991409302,4.251397609710693,-0.4497434198856354
778.5380249023438,0.0,0.0,0.0,2.8944997787475586,0.3956662118434906,-0.5162736773490906,3.1276755332946777,-0.6646488904953003
432.1180114746094,0.0,0.0,0.0,2.6961307525634766,-0.20474873483181,0.3259531557559967,2.726858615875244,0.4031270444393158
781.4340209960938,0.0,0.0,0.0,4.3674540519714355,0.268269807100296,-0.14196236431598663,4.795586109161377,-0.1710197925567627
828.4459838867188,0.0,0.0,0.0,4.297873020172119,0.40324753522872925,-0.32719531655311584,4.7239089012146,-0.36593878269195557
607.64599609375,0.0,0.0,0.0,4.3316330909729,-0.41227373480796814,0.3281564712524414,4.6286516189575195,0.3434949517250061
419.6419982910156,0.0,0.0,0.0,4.274698257446289,0.40840524435043335,-0.2782905101776123,4.536377429962158,-0.33307257294654846
589.1099853515625,0.0,0.0,0.0,3.7151970863342285,0.5450738072395325,-0.5827391147613525,3.8764920234680176,-0.5754988789558411
959.030029296875,0.0,0.0,0.0,4.552306175231934,-0.20376430451869965,0.15404415130615234,4.362268447875977,0.15765094757080078
720.302001953125,0.0,0.0,0.0,4.658447742462158,-0.17370858788490295,0.13508039712905884,5.228336334228516,0.11727201193571091
928.8099975585938,0.0,0.0,0.0,4.523969650268555,-0.21566225588321686,0.15557609498500824,4.839090824127197,0.23113733530044556
214.6540069580078,0.0,0.0,0.0,3.4002091884613037,-0.2660907506942749,0.22735664248466492,3.281403064727783,0.22220644354820251
451.54998779296875,0.0,0.0,0.0,4.528086185455322,-0.1261960119009018,0.07724939286708832,4.679866790771484,0.061381902545690536
275.17401123046875,0.0,0.0,0.0,1.5855646133422852,-0.020708633586764336,0.11636726558208466,1.5179640054702759,0.10336261987686157
736.7780151367188,0.0,0.0,0.0,3.734379529953003,0.4710576832294464,-0.4788133502006531,4.151381969451904,-0.5376734733581543
536.6740112304688,0.0,0.0,0.0,3.6036925315856934,0.5412951111793518,-0.643563985824585,3.449509859085083,-0.7091295719146729
766.1500244140625,0.0,0.0,0.0,4.615962505340576,0.08806958794593811,-0.05200228840112686,4.776751518249512,-0.003834481118246913
191.9219970703125,0.0,0.0,0.0,4.197203159332275,-0.17819459736347198,0.1264074295759201,4.512381076812744,0.1362847536802292
823.3099975585938,0.0,0.0,0.0,4.669806003570557,0.0717744305729866,-0.0380159467458725,5.06149959564209,-0.05950884148478508
816.2979736328125,0.0,0.0,0.0,4.222686767578125,0.3154965341091156,-0.40484678745269775,3.5217552185058594,-0.43258073925971985
634.4619750976562,0.0,0.0,0.0,2.257641077041626,-0.03445601835846901,0.03422703593969345,2.217308282852173,0.04261386767029762
112.9219970703125,0.0,0.0,0.0,3.999940872192383,0.3611012101173401,-0.29181087017059326,3.988607406616211,-0.4341686964035034
803.47802734375,0.0,0.0,0.0,1.9539002180099487,-0.2537168562412262,0.7238116264343262,2.0636587142944336,0.8887647390365601
953.56201171875,0.0,0.0,0.0,4.794547080993652,-0.02344498597085476,-0.008471997454762459,4.735570907592773,0.014581948518753052
956.510009765625,0.0,0.0,0.0,4.042210578918457,-0.4082888662815094,0.38060829043388367,4.37456750869751,0.43451565504074097
596.8140258789062,0.0,0.0,0.0,3.5996062755584717,-0.2747131288051605,0.29976439476013184,3.543105363845825,0.4876934289932251
863.9180297851562,0.0,0.0,0.0,4.46818208694458,-0.2621971070766449,0.19153393805027008,4.798211574554443,0.2020510584115982
389.9540100097656,0.0,0.0,0.0,3.2676665782928467,0.4093145728111267,-0.5212271213531494,3.4711949825286865,-0.461620569229126
316.85400390625,0.0,0.0,0.0,4.653286933898926,-0.26538166403770447,0.1538892537355423,4.695557594299316,0.1327517032623291
800.510009765625,0.0,0.0,0.0,4.339800834655762,-0.4037545621395111,0.2537230849266052,4.3674540519714355,0.3978287875652313
356.95001220703125,0.0,0.0,0.0,3.411233425140381,-0.020852450281381607,0.023773061111569405,3.426117181777954,0.07991733402013779
868.4459838867188,0.0,0.0,0.0,2.8273465633392334,-0.33130255341529846,0.5390472412109375,3.2207391262054443,0.639264702796936
79.56600189208984,0.0,0.0,0.0,4.305119037628174,0.24116569757461548,-0.1661076694726944,4.300123691558838,-0.18122895061969757
535.4099731445312,0.0,0.0,0.0,3.524916887283325,0.4945424199104309,-0.5744814276695251,3.724275588989258,-0.6948345899581909
61.874000549316406,0.0,0.0,0.0,-0.0016994881443679333,0.0007898011826910079,0.000761027040425688,0.0,0.0
401.9460144042969,0.0,0.0,0.0,2.9316277503967285,0.26977434754371643,-0.44482243061065674,3.228881597518921,-0.4658501446247101
92.56600189208984,0.0,0.0,0.0,4.407691955566406,0.1893368810415268,-0.12673118710517883,4.510432720184326,-0.09988151490688324
781.8980102539062,0.0,0.0,0.0,4.431773662567139,0.19293271005153656,-0.12222632765769958,4.622373580932617,-0.17642799019813538
515.9140014648438,0.0,0.0,0.0,4.5007829666137695,0.11942941695451736,-0.13804657757282257,4.399660587310791,-0.10270221531391144
230.3939971923828,0.0,0.0,0.0,4.052962779998779,0.4788339138031006,-0.47661107778549194,4.197047710418701,-0.3982016146183014
599.9140014648438,0.0,0.0,0.0,2.9482643604278564,-0.3589327931404114,0.524133026599884,3.3354806900024414,0.6435306072235107
124.51799774169922,0.0,0.0,0.0,4.704926013946533,0.063332699239254,-0.10073177516460419,4.665098667144775,-0.1864866018295288
840.9819946289062,0.0,0.0,0.0,4.505306243896484,0.3204473555088043,-0.1653376668691635,4.875527381896973,-0.24203723669052124
839.5380249023438,0.0,0.0,0.0,4.1897149085998535,0.45495855808258057,-0.40609312057495117,4.761902332305908,-0.30331191420555115
239.17799377441406,0.0,0.0,0.0,4.647160530090332,0.01970028318464756,0.03536344692111015,4.640653610229492,-0.03173298016190529
77.28199768066406,0.0,0.0,0.0,3.9867658615112305,0.4274677038192749,-0.4231882095336914,3.981797695159912,-0.4246378540992737
314.58599853515625,0.0,0.0,0.0,4.679604530334473,-0.29803815484046936,0.21311502158641815,4.840017318725586,0.1466444730758667
996.4420166015625,0.0,0.0,0.0,4.250324726104736,0.33196648955345154,-0.24822278320789337,4.676670551300049,-0.22210976481437683
283.58599853515625,0.0,0.0,0.0,3.992039442062378,-0.45130518078804016,0.42348915338516235,4.422982215881348,0.44595617055892944
208.25799560546875,0.0,0.0,0.0,1.7339401245117188,-0.1619642823934555,0.6055057048797607,1.8638888597488403,0.6770550608634949
149.6179962158203,0.0,0.0,0.0,2.9921746253967285,-0.34916916489601135,0.5375679135322571,3.2940049171447754,0.6180832386016846
682.093994140625,0.0,0.0,0.0,4.46173620223999,0.29357048869132996,-0.2432411015033722,4.632930278778076,-0.27477142214775085
693.7579956054688,0.0,0.0,0.0,4.077182292938232,0.38680899143218994,-0.2941749691963196,4.318896293640137,-0.25204089283943176
308.510009765625,0.0,0.0,0.0,4.2945332527160645,-0.4032130837440491,0.3097681701183319,4.550675868988037,0.25438323616981506
99.68199920654297,0.0,0.0,0.0,4.608080863952637,0.10694213956594467,-0.15711967647075653,4.804728031158447,-0.19936580955982208
271.197998046875,0.0,0.0,0.0,2.3094444274902344,0.21861819922924042,-0.5264366269111633,2.438610792160034,-0.4994243383407593
143.80999755859375,0.0,0.0,0.0,4.659518718719482,-0.1271175891160965,0.11316172778606415,4.76009464263916,0.08945450931787491
131.9459991455078,0.0,0.0,0.0,4.477224826812744,0.24953565001487732,-0.16154241561889648,4.867191791534424,-0.16179141402244568
748.8099975585938,0.0,0.0,0.0,3.7444581985473633,0.4381351172924042,-0.3875088393688202,4.063490867614746,-0.48955783247947693
125.15399932861328,0.0,0.0,0.0,4.647925853729248,0.15373563766479492,-0.1314098834991455,4.618585586547852,-0.23264366388320923
567.302001953125,0.0,0.0,0.0,4.276733875274658,0.3267914354801178,-0.2950023114681244,4.283461570739746,-0.28456035256385803
442.8900146484375,0.0,0.0,0.0,4.172845840454102,-0.23992760479450226,0.13219402730464935,4.4988532066345215,0.19319579005241394
808.197998046875,0.0,0.0,0.0,4.064736366271973,-0.09560377895832062,0.02669607847929001,4.114022254943848,-0.019571419805288315
829.0460205078125,0.0,0.0,0.0,4.474570274353027,0.34122973680496216,-0.2789371609687805,4.377740859985352,-0.2968887686729431
930.4660034179688,0.0,0.0,0.0,4.707613468170166,0.08040683716535568,-0.07782606035470963,4.578505039215088,-0.02560489811003208
643.2379760742188,0.0,0.0,0.0,3.936002492904663,-0.4745691418647766,0.44581761956214905,4.238563537597656,0.5598166584968567
462.25799560546875,0.0,0.0,0.0,4.215695381164551,-0.19255948066711426,0.27046817541122437,3.4245777130126953,0.3752605617046356
586.1939697265625,0.0,0.0,0.0,4.383657455444336,0.37125226855278015,-0.2734296917915344,4.344338893890381,-0.4540546238422394
579.4019775390625,0.0,0.0,0.0,4.055278778076172,0.5406800508499146,-0.41739749908447266,4.300806522369385,-0.5282222628593445
564.2940063476562,0.0,0.0,0.0,2.53725266456604,0.361110657453537,-0.647773802280426,2.7958786487579346,-0.7610455751419067
972.197998046875,0.0,0.0,0.0,4.767745018005371,-0.04976438730955124,0.03448614478111267,4.756555080413818,0.052767716348171234
182.2899932861328,0.0,0.0,0.0,2.3307723999023438,-0.2008868157863617,0.5143469572067261,2.3447649478912354,0.5044873356819153
216.69000244140625,0.0,0.0,0.0,2.508256196975708,0.017237812280654907,-0.080096535384655,2.5818450450897217,-0.13184551894664764
128.1739959716797,0.0,0.0,0.0,3.994933605194092,0.49246639013290405,-0.47820380330085754,3.7687463760375977,-0.5837652683258057
283.6860046386719,0.0,0.0,0.0,4.046802520751953,-0.4486204981803894,0.3863227069377899,4.385195732116699,0.5229223966598511
446.9700012207031,0.0,0.0,0.0,3.7531838417053223,-0.36951160430908203,0.3402140140533447,3.7970147132873535,0.4705430269241333
828.5460205078125,0.0,0.0,0.0,4.314412593841553,0.4035083055496216,-0.3072633445262909,4.976589679718018,-0.2084544599056244
997.4340209960938,0.0,0.0,0.0,4.558263301849365,0.21813011169433594,-0.14071471989154816,4.460346221923828,-0.16550041735172272
127.28600311279297,0.0,0.0,0.0,4.716266632080078,0.17863069474697113,-0.11591910570859909,4.805759429931641,-0.1622026562690735
876.2780151367188,0.0,0.0,0.0,2.542442560195923,-0.09199134260416031,0.20747067034244537,1.9860930442810059,0.27847960591316223
252.6060028076172,0.0,0.0,0.0,4.659013748168945,0.05485851690173149,-0.045396629720926285,4.737274169921875,-0.009540745057165623
616.7420043945312,0.0,0.0,0.0,3.5368895530700684,-0.5028453469276428,0.494871586561203,4.076689720153809,0.6263322234153748
987.530029296875,0.0,0.0,0.0,4.793421268463135,0.023849835619330406,0.05054664611816406,4.833393573760986,0.01705322228372097
635.3699951171875,0.0,0.0,0.0,2.3554601669311523,-0.0647922083735466,0.18413162231445312,2.4353952407836914,0.09282951056957245
190.49000549316406,0.0,0.0,0.0,3.8632121086120605,-0.2901163101196289,0.17372557520866394,4.172513961791992,0.3338880240917206
355.72198486328125,0.0,0.0,0.0,4.3052167892456055,-0.01620722934603691,0.04413042590022087,3.8672475814819336,0.041845787316560745
843.010009765625,0.0,0.0,0.0,4.7259674072265625,0.14461258053779602,-0.10904260724782944,4.729308128356934,-0.08716586232185364
455.3940124511719,0.0,0.0,0.0,2.9243764877319336,-0.35106372833251953,0.5177186727523804,3.003533124923706,0.5747078061103821
181.35400390625,0.0,0.0,0.0,1.9379304647445679,-0.14267678558826447,0.49693870544433594,2.1741116046905518,0.49580612778663635
539.7020263671875,0.0,0.0,0.0,1.9256706237792969,0.23123781383037567,-0.7280824780464172,1.9631662368774414,-0.8461713790893555
784.72998046875,0.0,0.0,0.0,3.447718858718872,0.03032088465988636,-0.03686739131808281,3.36678409576416,0.011700575239956379
266.95001220703125,0.0,0.0,0.0,4.443015098571777,-0.02827031910419464,0.019639218226075172,4.242247581481934,-0.028436122462153435
118.16999816894531,0.0,0.0,0.0,4.403918743133545,0.4378875195980072,-0.2981964647769928,4.5289154052734375,-0.2808896005153656
232.04600524902344,0.0,0.0,0.0,4.436435222625732,0.354659765958786,-0.19068677723407745,4.789765357971191,-0.2003650665283203
132.7220001220703,0.0,0.0,0.0,4.648017406463623,0.21737505495548248,-0.11851974576711655,4.890227317810059,-0.10339078307151794
282.5979919433594,0.0,0.0,0.0,3.825211763381958,-0.48378539085388184,0.4815449118614197,3.981236219406128,0.552308201789856
819.7459716796875,0.0,0.0,0.0,4.0217976570129395,0.46532508730888367,-0.3704959452152252,4.233044147491455,-0.33430081605911255
261.6180114746094,0.0,0.0,0.0,4.499999046325684,0.06417647749185562,-0.02900843694806099,4.9288177490234375,-0.0006545876967720687
674.9459838867188,0.0,0.0,0.0,3.4921391010284424,-0.43652254343032837,0.4570997953414917,3.7238175868988037,0.5258970856666565
388.12200927734375,0.0,0.0,0.0,4.660001277923584,-0.032124534249305725,0.024242637678980827,4.7995781898498535,-0.00316397356800735
528.1220092773438,0.0,0.0,0.0,3.2845005989074707,0.4048060476779938,-0.43037348985671997,3.3981316089630127,-0.4936610460281372
979.2739868164062,0.0,0.0,0.0,4.242631435394287,0.3115401864051819,-0.20570704340934753,4.698642730712891,-0.2244742512702942
390.5820007324219,0.0,0.0,0.0,3.4082417488098145,0.3747130036354065,-0.4071899354457855,3.7326221466064453,-0.4692409336566925
373.2460021972656,0.0,0.0,0.0,4.559516906738281,0.23731712996959686,-0.1386622041463852,4.539462566375732,-0.16209496557712555
61.737998962402344,0.0,0.0,0.0,-0.0017383311642333865,0.00044948465074412525,0.0006646009278483689,0.0,0.0
57.262001037597656,0.0,0.0,0.0,-0.0007761709275655448,0.0002312524156877771,-0.0018154123099520802,0.0,0.0
359.4700012207031,0.0,0.0,0.0,2.08652663230896,0.005920180585235357,-0.07153677195310593,1.9920270442962646,-0.09624643623828888
413.04998779296875,0.0,0.0,0.0,4.564402103424072,0.167622372508049,-0.10078776627779007,4.912883758544922,-0.12740732729434967
479.8940124511719,0.0,0.0,0.0,4.300484657287598,0.23333504796028137,-0.15241174399852753,4.444819927215576,-0.1325870007276535
874.5059814453125,0.0,0.0,0.0,4.080872058868408,-0.046190883964300156,0.016685431823134422,4.241734504699707,0.02212972566485405
698.5139770507812,0.0,0.0,0.0,4.363206386566162,0.31031253933906555,-0.3848191499710083,3.995467185974121,-0.4435282051563263
551.14599609375,0.0,0.0,0.0,1.882667064666748,-0.2263997197151184,0.6712195873260498,2.0553011894226074,0.7327820658683777
946.22998046875,0.0,0.0,0.0,4.137753963470459,-0.45807135105133057,0.4568306803703308,3.9553966522216797,0.49690333008766174
438.8139953613281,0.0,0.0,0.0,2.4289143085479736,-0.18105866014957428,0.3607814610004425,2.5269060134887695,0.3903561234474182
381.1940002441406,0.0,0.0,0.0,4.398196220397949,-0.3495575785636902,0.3007127046585083,4.334747791290283,0.23702915012836456
84.15399932861328,0.0,0.0,0.0,3.8146421909332275,0.3040899336338043,-0.25871965289115906,3.941708564758301,-0.33737367391586304
506.4460144042969,0.0,0.0,0.0,3.820936679840088,0.07249052077531815,-0.05216854438185692,3.8049516677856445,-0.05358094349503517
317.4179992675781,0.0,0.0,0.0,4.665249347686768,-0.21796588599681854,0.14227992296218872,4.975015640258789,0.12463870644569397
721.4860229492188,0.0,0.0,0.0,4.455376625061035,-0.2881466746330261,0.1752016395330429,4.717735290527344,0.29301148653030396
925.2420043945312,0.0,0.0,0.0,3.6085097789764404,-0.48221588134765625,0.5182565450668335,3.739912986755371,0.678629457950592
709.7420043945312,0.0,0.0,0.0,4.693447589874268,-0.287457138299942,0.23415936529636383,4.496891021728516,0.29346027970314026
400.01800537109375,0.0,0.0,0.0,4.114228248596191,0.0018774711061269045,0.03596554696559906,3.9376778602600098,0.01641479693353176
948.8140258789062,0.0,0.0,0.0,4.414571285247803,-0.3163236677646637,0.17353467643260956,4.654574394226074,0.23953983187675476
228.55799865722656,0.0,0.0,0.0,4.075798034667969,0.44339966773986816,-0.3425638973712921,4.417802810668945,-0.46539798378944397
84.25,0.0,0.0,0.0,3.8530070781707764,0.2981840968132019,-0.285509318113327,4.060629367828369,-0.3529576361179352
765.5540161132812,0.0,0.0,0.0,4.62559175491333,0.13909485936164856,-0.08374187350273132,4.857085704803467,-0.04300839453935623
685.5139770507812,0.0,0.0,0.0,3.3009541034698486,0.3420206308364868,-0.47958076000213623,3.437002182006836,-0.607169508934021
629.9940185546875,0.0,0.0,0.0,3.432605028152466,-0.333297997713089,0.3253915011882782,3.281604528427124,0.24085189402103424
845.1259765625,0.0,0.0,0.0,4.14570426940918,-0.24820265173912048,0.3407500684261322,3.9141321182250977,0.5497309565544128
361.48199462890625,0.0,0.0,0.0,2.657087564468384,0.17667387425899506,-0.37753644585609436,2.695570945739746,-0.45756372809410095
389.7179870605469,0.0,0.0,0.0,3.335477352142334,0.4141875207424164,-0.5678849816322327,3.3272454738616943,-0.5594249963760376
423.885986328125,0.0,0.0,0.0,4.660851955413818,0.05998402461409569,-0.04408809915184975,4.99932336807251,0.03272015228867531
471.2659912109375,0.0,0.0,0.0,4.697143077850342,-0.02946297824382782,-0.036000873893499374,4.803164958953857,0.023241892457008362
450.1180114746094,0.0,0.0,0.0,4.382282257080078,-0.21631217002868652,0.07058614492416382,4.52355432510376,0.10089528560638428
260.62200927734375,0.0,0.0,0.0,4.3308610916137695,0.1014285534620285,-0.03898242861032486,4.36982536315918,-0.1656290888786316
690.1019897460938,0.0,0.0,0.0,1.807590365409851,0.14494043588638306,-0.5366096496582031,1.9158040285110474,-0.5636623501777649
405.0220031738281,0.0,0.0,0.0,4.153660297393799,0.24693408608436584,-0.1484450101852417,4.668849468231201,-0.1862243115901947
724.3099975585938,0.0,0.0,0.0,4.211003303527832,-0.5148935914039612,0.3509952425956726,4.443706035614014,0.4551819860935211
212.25799560546875,0.0,0.0,0.0,2.612093210220337,-0.3178565800189972,0.5644407272338867,3.0716676712036133,0.6859647035598755
532.0859985351562,0.0,0.0,0.0,2.6722660064697266,0.3803552985191345,-0.7704942226409912,2.7216007709503174,-0.7639714479446411
605.27001953125,0.0,0.0,0.0,4.3421950340271,-0.39747852087020874,0.3436146676540375,4.673745632171631,0.2904742658138275
229.12600708007812,0.0,0.0,0.0,4.148332118988037,0.40963801741600037,-0.36204034090042114,4.395435810089111,-0.45174920558929443
225.1580047607422,0.0,0.0,0.0,4.670709133148193,0.13823577761650085,-0.11521977931261063,5.024594783782959,-0.1179356724023819
885.7459716796875,0.0,0.0,0.0,4.421204566955566,0.22502535581588745,-0.12295182794332504,4.341479778289795,-0.18788893520832062
561.4340209960938,0.0,0.0,0.0,3.6260838508605957,0.36067795753479004,-0.4942752718925476,3.3681082725524902,-0.6082096099853516
661.7860107421875,0.0,0.0,0.0,4.181984901428223,0.34713271260261536,-0.22519539296627045,4.3749680519104,-0.2590917646884918
587.9500122070312,0.0,0.0,0.0,4.1073899269104,0.4234205186367035,-0.3890376389026642,4.100653648376465,-0.549102783203125
740.35400390625,0.0,0.0,0.0,3.3713369369506836,0.5042094588279724,-0.5321997404098511,3.7904112339019775,-0.7404454946517944
685.885986328125,0.0,0.0,0.0,3.377605676651001,0.3746493458747864,-0.45444348454475403,3.747619390487671,-0.5835581421852112
281.5459899902344,0.0,0.0,0.0,3.776772975921631,-0.3897876441478729,0.36879411339759827,3.8352558612823486,0.4227268099784851
138.99000549316406,0.0,0.0,0.0,2.726796865463257,0.3401464819908142,-0.517984926700592,3.0223777294158936,-0.6509789228439331
77.99400329589844,0.0,0.0,0.0,4.071426868438721,0.3460787832736969,-0.3254116475582123,4.464224338531494,-0.34049370884895325
459.114013671875,0.0,0.0,0.0,4.371753215789795,-0.20677152276039124,0.11219660937786102,4.622183322906494,0.06340791285037994
453.0140075683594,0.0,0.0,0.0,4.536210536956787,-0.08778686076402664,0.0347074493765831,4.602249622344971,0.08716703951358795
97.12200164794922,0.0,0.0,0.0,4.559303283691406,0.13290278613567352,-0.07924186438322067,4.729308605194092,-0.12099704146385193
788.9459838867188,0.0,0.0,0.0,1.7647287845611572,-0.1263595074415207,0.4218998849391937,1.925477385520935,0.5117694735527039
183.95799255371094,0.0,0.0,0.0,2.50174617767334,-0.1728345900774002,0.3118577003479004,2.518073558807373,0.3724987208843231
931.8699951171875,0.0,0.0,0.0,4.559235572814941,0.06762433797121048,-0.07134947925806046,4.694587707519531,0.021468965336680412
900.8939819335938,0.0,0.0,0.0,2.9218807220458984,0.46014174818992615,-0.764594554901123,2.9323160648345947,-0.8078539371490479
437.4779968261719,0.0,0.0,0.0,3.05167555809021,-0.11100807040929794,0.10449539124965668,2.9716548919677734,0.06821338087320328
872.2659912109375,0.0,0.0,0.0,4.431851387023926,-0.17226627469062805,0.060863178223371506,4.8696818351745605,0.06763780862092972
888.4019775390625,0.0,0.0,0.0,4.205236911773682,0.331216961145401,-0.4069867432117462,4.084680080413818,-0.5984423160552979
755.2139892578125,0.0,0.0,0.0,4.730370998382568,0.29832392930984497,-0.2248130738735199,4.873866558074951,-0.1623767912387848
691.0419921875,0.0,0.0,0.0,2.3030667304992676,0.19772861897945404,-0.4579841196537018,2.531811475753784,-0.5147027969360352
387.0140075683594,0.0,0.0,0.0,4.52744197845459,0.005270208232104778,0.004321923479437828,4.877777576446533,0.03756104037165642
968.3820190429688,0.0,0.0,0.0,4.394079208374023,-0.2841888666152954,0.18080812692642212,4.465297222137451,0.1705939769744873
277.01800537109375,0.0,0.0,0.0,1.7825087308883667,-0.0624890998005867,0.2931273281574249,1.9439477920532227,0.3257370889186859
519.0499877929688,0.0,0.0,0.0,4.480373859405518,0.17001938819885254,-0.18437881767749786,4.753971576690674,-0.14686991274356842
751.97802734375,0.0,0.0,0.0,4.72785758972168,0.21376100182533264,-0.1313766986131668,4.824482440948486,-0.08706068247556686
352.1940002441406,0.0,0.0,0.0,4.634696006774902,-0.14098918437957764,0.11982451379299164,4.847609519958496,0.1420980840921402
724.614013671875,0.0,0.0,0.0,4.256641864776611,-0.5059027075767517,0.35500475764274597,4.892175674438477,0.4156903624534607
771.6179809570312,0.0,0.0,0.0,4.504580497741699,0.38080310821533203,-0.33022239804267883,4.408413410186768,-0.360378235578537
780.073974609375,0.0,0.0,0.0,3.741154909133911,0.4384881258010864,-0.34788912534713745,4.194957733154297,-0.4421670436859131
699.302001953125,0.0,0.0,0.0,3.7918243408203125,0.4709501564502716,-0.4553089737892151,3.76373291015625,-0.5284693241119385
512.718017578125,0.0,0.0,0.0,4.568873405456543,0.14473441243171692,-0.06324812024831772,4.7507147789001465,-0.024322206154465675
797.3140258789062,0.0,0.0,0.0,4.596855640411377,-0.23488865792751312,0.10782239586114883,4.872357368469238,0.10278818011283875
366.4419860839844,0.0,0.0,0.0,3.8284153938293457,0.44908779859542847,-0.4028675854206085,4.235605239868164,-0.4410368502140045
148.71800231933594,0.0,0.0,0.0,2.4145865440368652,-0.2683541178703308,0.6385335922241211,2.6717607975006104,0.6418416500091553
271.69000244140625,0.0,0.0,0.0,2.544119358062744,0.23956802487373352,-0.46806463599205017,2.5085561275482178,-0.362801730632782
404.9179992675781,0.0,0.0,0.0,4.111159324645996,0.26445844769477844,-0.12294880300760269,4.366662979125977,-0.11103865504264832
815.0780029296875,0.0,0.0,0.0,4.7524003982543945,0.07760648429393768,-0.07269036769866943,4.630372047424316,-0.11392685025930405
331.4419860839844,0.0,0.0,0.0,4.492283344268799,-0.24229860305786133,0.1400751769542694,4.880399703979492,0.11944394558668137
750.2780151367188,0.0,0.0,0.0,4.31502628326416,0.3613235652446747,-0.18469703197479248,4.836174964904785,-0.2955136299133301
82.02200317382812,0.0,0.0,0.0,2.988201856613159,0.2868764102458954,-0.44855988025665283,3.2353343963623047,-0.5133108496665955
603.3140258789062,0.0,0.0,0.0,4.350122451782227,-0.3055647611618042,0.13204990327358246,4.639316082000732,0.28372862935066223
251.94200134277344,0.0,0.0,0.0,4.687778949737549,0.042739562690258026,0.02167084440588951,4.995843410491943,0.002902454463765025
219.906005859375,0.0,0.0,0.0,3.460176944732666,0.26050442457199097,-0.3364614248275757,3.457378387451172,-0.4034256339073181
696.4019775390625,0.0,0.0,0.0,4.751250267028809,0.08347796648740768,-0.03805031254887581,4.900777816772461,-0.03234182298183441
205.54600524902344,0.0,0.0,0.0,1.957558274269104,-0.20727960765361786,0.6196194291114807,1.854124903678894,0.6939231753349304
295.302001953125,0.0,0.0,0.0,4.496708869934082,0.02943303808569908,-0.01626398228108883,4.782627105712891,0.03438925743103027
624.2020263671875,0.0,0.0,0.0,4.523534774780273,-0.2192147821187973,0.1179475262761116,4.878716945648193,0.19459369778633118
383.7179870605469,0.0,0.0,0.0,4.494240760803223,0.05362012982368469,0.005508291535079479,4.328700542449951,0.00908423401415348
529.9219970703125,0.0,0.0,0.0,3.1593265533447266,0.48274901509284973,-0.6501404643058777,3.358717203140259,-0.8016439080238342
133.69000244140625,0.0,0.0,0.0,4.677988529205322,0.13091568648815155,-0.0436064675450325,4.681982040405273,-0.03370600566267967
568.2139892578125,0.0,0.0,0.0,4.466351509094238,0.2101549506187439,-0.11686913669109344,4.580438137054443,-0.16172780096530914
260.9779968261719,0.0,0.0,0.0,4.36791467666626,0.12944717705249786,-0.08153458684682846,4.415828704833984,-0.05041195824742317
508.6860046386719,0.0,0.0,0.0,3.272946357727051,0.3280920684337616,-0.3427163064479828,3.744560956954956,-0.4701395034790039
296.25,0.0,0.0,0.0,4.679426193237305,0.003176006954163313,-0.021745817735791206,5.017104148864746,-0.032141655683517456
561.5380249023438,0.0,0.0,0.0,3.4675333499908447,0.3984517455101013,-0.46109437942504883,2.901456594467163,-0.501068115234375
556.4340209960938,0.0,0.0,0.0,2.3817543983459473,-0.21146680414676666,0.5505176186561584,2.751185417175293,0.6883277297019958
160.6219940185547,0.0,0.0,0.0,4.308893203735352,-0.4144802689552307,0.25730210542678833,4.484434604644775,0.22843892872333527
253.04600524902344,0.0,0.0,0.0,4.646768093109131,0.036033887416124344,-0.01920897886157036,4.939013957977295,-0.051299575716257095
851.6740112304688,0.0,0.0,0.0,4.363049030303955,-0.3781602084636688,0.20016491413116455,4.659318923950195,0.2664478123188019
290.35400390625,0.0,0.0,0.0,4.180629730224609,-0.5214059352874756,0.48077985644340515,3.8244988918304443,0.5914017558097839
125.81400299072266,0.0,0.0,0.0,4.626629829406738,0.23361466825008392,-0.15138080716133118,4.494822978973389,-0.12169215083122253
813.4140014648438,0.0,0.0,0.0,4.434208869934082,0.21586103737354279,-0.12369406968355179,4.72653865814209,-0.10384490340948105
418.25,0.0,0.0,0.0,4.247652530670166,0.40610915422439575,-0.3800294101238251,4.157082557678223,-0.28980880975723267
740.4660034179688,0.0,0.0,0.0,3.365072250366211,0.4862199127674103,-0.5809116959571838,3.427762508392334,-0.6774595379829407
438.04998779296875,0.0,0.0,0.0,2.6728718280792236,-0.08029275387525558,0.17931367456912994,2.8696465492248535,0.2565755546092987
901.333984375,0.0,0.0,0.0,2.8941259384155273,0.4462476670742035,-0.6867260932922363,2.9582550525665283,-0.7339401245117188
833.385986328125,0.0,0.0,0.0,4.355618476867676,0.384086936712265,-0.23058529198169708,4.771123886108398,-0.27140218019485474
489.20599365234375,0.0,0.0,0.0,4.419036865234375,0.3230641782283783,-0.2980259358882904,4.495097637176514,-0.31562289595603943
70.18199920654297,0.0,0.0,0.0,3.749696969985962,0.14790062606334686,-0.10416658967733383,3.986098289489746,-0.0934985801577568
730.8779907226562,0.0,0.0,0.0,4.721870422363281,0.0032857663463801146,0.07456082850694656,4.970815181732178,-0.007765119895339012
163.01400756835938,0.0,0.0,0.0,4.242312431335449,-0.4648888111114502,0.35878872871398926,4.354878902435303,0.4635319411754608
271.5539855957031,0.0,0.0,0.0,2.5123205184936523,0.2329304814338684,-0.5639914274215698,2.6325297355651855,-0.46565163135528564
624.4019775390625,0.0,0.0,0.0,4.519375324249268,-0.21802929043769836,0.1388755589723587,4.697507858276367,0.15998658537864685
210.96200561523438,0.0,0.0,0.0,1.994242787361145,-0.22446957230567932,0.5622060298919678,2.195416212081909,0.8447647094726562
64.99800109863281,0.0,0.0,0.0,0.8659461736679077,0.0009346901788376272,-0.027289342135190964,1.383170485496521,-0.02572811208665371
60.54199981689453,0.0,0.0,0.0,-0.0009498640429228544,0.000927865447010845,-0.0017708746017888188,0.0,0.0
293.0539855957031,0.0,0.0,0.0,4.552071571350098,-0.016215888783335686,-0.06410925090312958,4.447972774505615,0.02350320667028427
333.9700012207031,0.0,0.0,0.0,4.7524919509887695,-0.05674583464860916,-0.05403607338666916,4.924227714538574,-0.08287178725004196
386.22198486328125,0.0,0.0,0.0,4.591115951538086,-0.016807910054922104,-0.02778477780520916,4.61902379989624,-0.12391764670610428
110.71399688720703,0.0,0.0,0.0,3.002661943435669,0.3965331017971039,-0.5609692335128784,3.314321994781494,-0.7290524840354919
170.24200439453125,0.0,0.0,0.0,4.570321559906006,-0.20778034627437592,0.09510616213083267,4.717040061950684,0.035984765738248825
831.1099853515625,0.0,0.0,0.0,4.1931538581848145,0.5023002028465271,-0.4310391843318939,3.857013702392578,-0.58118736743927
539.0139770507812,0.0,0.0,0.0,1.8818002939224243,0.24682334065437317,-0.7650095820426941,2.160346269607544,-0.9244157075881958
964.4099731445312,0.0,0.0,0.0,3.9557924270629883,-0.4000355005264282,0.42078086733818054,4.000975608825684,0.5449451208114624
572.6179809570312,0.0,0.0,0.0,4.057249546051025,0.49188295006752014,-0.40771663188934326,4.543394088745117,-0.4312782287597656
512.5139770507812,0.0,0.0,0.0,4.48330020904541,0.17010697722434998,-0.09313274174928665,4.825474739074707,-0.05080018565058708
288.6180114746094,0.0,0.0,0.0,4.623075485229492,-0.2764620780944824,0.1316453516483307,4.784975051879883,0.15241992473602295
930.8140258789062,0.0,0.0,0.0,4.674516201019287,0.10199040174484253,-0.03682012856006622,4.804881572723389,-0.07705432921648026
454.8699951171875,0.0,0.0,0.0,2.9360830783843994,-0.3504653871059418,0.4890139102935791,3.0906083583831787,0.645923912525177
820.2899780273438,0.0,0.0,0.0,4.22675895690918,0.426483690738678,-0.2890997529029846,4.629734516143799,-0.39442020654678345
173.1219940185547,0.0,0.0,0.0,2.7030911445617676,-0.3256000876426697,0.5441247820854187,2.888399124145508,0.5901932716369629
473.8500061035156,0.0,0.0,0.0,2.9505908489227295,0.4102121889591217,-0.5205579996109009,3.3603310585021973,-0.6666042804718018
636.2459716796875,0.0,0.0,0.0,2.6116092205047607,-0.10975319892168045,0.17816051840782166,2.7320125102996826,0.16041478514671326
932.9500122070312,0.0,0.0,0.0,4.275814533233643,-0.018873130902647972,-0.041240762919187546,4.153208255767822,0.04158545657992363
416.906005859375,0.0,0.0,0.0,4.245587348937988,0.3393334746360779,-0.19340477883815765,4.7624640464782715,-0.2605368196964264
666.8779907226562,0.0,0.0,0.0,4.761220932006836,0.018636230379343033,0.008638488128781319,4.981829643249512,-0.04410182684659958
154.3179931640625,0.0,0.0,0.0,3.9090428352355957,-0.43921270966529846,0.4382269084453583,3.999969720840454,0.5593487620353699
796.6099853515625,0.0,0.0,0.0,4.519281387329102,-0.36004164814949036,0.2178167849779129,4.69842004776001,0.16989515721797943
323.4779968261719,0.0,0.0,0.0,4.747188568115234,-0.29380711913108826,0.21117378771305084,4.561976432800293,0.2251041680574417
882.3980102539062,0.0,0.0,0.0,4.09168004989624,-0.3913668692111969,0.3071545958518982,4.275755882263184,0.29471492767333984
283.8139953613281,0.0,0.0,0.0,4.098252773284912,-0.4625095725059509,0.42020660638809204,4.070703983306885,0.520548939704895
386.1180114746094,0.0,0.0,0.0,4.612614154815674,-0.0009915748378261924,-0.004683320410549641,4.679197311401367,0.007770962547510862
527.093994140625,0.0,0.0,0.0,2.693063735961914,0.3810271620750427,-0.6713383793830872,2.7682764530181885,-0.6161547303199768
233.6540069580078,0.0,0.0,0.0,4.714579105377197,0.1927676647901535,-0.04924970865249634,4.745141506195068,-0.043200861662626266
961.9099731445312,0.0,0.0,0.0,4.418367385864258,-0.4323630928993225,0.30116862058639526,4.588273048400879,0.198875293135643
337.00201416015625,0.0,0.0,0.0,4.803582191467285,-0.03980877622961998,0.045653536915779114,5.195556640625,0.0483010932803154
502.2860107421875,0.0,0.0,0.0,2.8497161865234375,0.21119935810565948,-0.3353600800037384,3.333158016204834,-0.4468204081058502
286.1419982910156,0.0,0.0,0.0,4.14497184753418,-0.500451385974884,0.42880675196647644,4.481996059417725,0.4926568567752838
847.2020263671875,0.0,0.0,0.0,3.745612144470215,-0.4241963028907776,0.43687257170677185,3.6348912715911865,0.4921149015426636
799.0859985351562,0.0,0.0,0.0,4.445949554443359,-0.3121148645877838,0.3003699481487274,4.724536895751953,0.31980422139167786
569.0339965820312,0.0,0.0,0.0,4.502500534057617,0.15105488896369934,-0.1048760935664177,4.515482425689697,-0.005623607896268368
572.2059936523438,0.0,0.0,0.0,4.12375020980835,0.46045559644699097,-0.4422403872013092,4.116147041320801,-0.5554695725440979
312.4939880371094,0.0,0.0,0.0,4.574324607849121,-0.3358619511127472,0.23031067848205566,4.6922783851623535,0.2766639292240143
433.4859924316406,0.0,0.0,0.0,2.8102877140045166,-0.25964805483818054,0.4006226360797882,3.0397541522979736,0.41539546847343445
279.32598876953125,0.0,0.0,0.0,2.8328945636749268,-0.24315997958183289,0.4119580388069153,3.121273994445801,0.44810155034065247
972.9539794921875,0.0,0.0,0.0,4.622260093688965,0.025129135698080063,0.023201962932944298,4.693427562713623,-0.031006433069705963
786.2979736328125,0.0,0.0,0.0,2.527278184890747,-0.1087145060300827,0.2090693861246109,2.597623586654663,0.26559776067733765
273.7820129394531,0.0,0.0,0.0,1.9480606317520142,-0.037395086139440536,0.09821475297212601,1.6987495422363281,0.09703618288040161
679.8820190429688,0.0,0.0,0.0,4.362305641174316,-0.342412531375885,0.18920721113681793,4.796233177185059,0.2575230896472931
575.781982421875,0.0,0.0,0.0,4.3498687744140625,0.47630977630615234,-0.4076245129108429,4.44739294052124,-0.4287859797477722
208.75399780273438,0.0,0.0,0.0,1.7695232629776,-0.17812009155750275,0.6125273108482361,1.9209520816802979,0.6353570818901062
623.0819702148438,0.0,0.0,0.0,4.4957990646362305,-0.3443693220615387,0.18542180955410004,4.411590099334717,0.19659170508384705
752.6300048828125,0.0,0.0,0.0,4.6353373527526855,0.09814678132534027,-0.06866642087697983,4.719357013702393,-0.1294977217912674
289.0820007324219,0.0,0.0,0.0,4.669386863708496,-0.20862090587615967,0.0945829302072525,4.577464580535889,0.06827124953269958
406.2699890136719,0.0,0.0,0.0,4.409147262573242,0.1567804217338562,-0.061243943870067596,4.526731967926025,-0.03714149817824364
829.47802734375,0.0,0.0,0.0,4.492982864379883,0.33075621724128723,-0.19222886860370636,4.424711227416992,-0.2286870777606964
832.9860229492188,0.0,0.0,0.0,4.262124538421631,0.43502435088157654,-0.3095683157444,4.417004585266113,-0.2897780239582062
814.9739990234375,0.0,0.0,0.0,4.725537300109863,0.08183001726865768,-0.023389233276247978,4.965727806091309,-0.10512366145849228
880.5380249023438,0.0,0.0,0.0,2.724478006362915,-0.2821119725704193,0.5364522933959961,3.0861010551452637,0.5261269211769104
706.781982421875,0.0,0.0,0.0,4.697221755981445,0.028476987034082413,0.013698904775083065,4.621994495391846,0.15297000110149384
413.8139953613281,0.0,0.0,0.0,4.4559783935546875,0.27711087465286255,-0.1782170981168747,4.546622276306152,-0.21172435581684113
690.7579956054688,0.0,0.0,0.0,2.0491108894348145,0.1585025042295456,-0.43845969438552856,2.4726483821868896,-0.584018886089325
83.08599853515625,0.0,0.0,0.0,3.267580270767212,0.3077212870121002,-0.4094318449497223,3.739156484603882,-0.39895758032798767
579.9819946289062,0.0,0.0,0.0,4.188930034637451,0.5082435011863708,-0.4257908761501312,4.25767707824707,-0.36006298661231995
928.1580200195312,0.0,0.0,0.0,4.386198997497559,-0.2961640954017639,0.145724356174469,4.436469554901123,0.11574828624725342
500.27801513671875,0.0,0.0,0.0,2.187065601348877,0.10004872828722,-0.24122470617294312,2.2584340572357178,-0.2838149666786194
102.9739990234375,0.0,0.0,0.0,3.2053821086883545,0.4883967339992523,-0.6232600808143616,3.5419580936431885,-0.6714571118354797
347.0140075683594,0.0,0.0,0.0,4.186336517333984,-0.3777620196342468,0.267499178647995,4.492895603179932,0.2552529275417328
299.91400146484375,0.0,0.0,0.0,4.719127178192139,-0.1309615671634674,0.06527886539697647,4.881497859954834,0.09756115823984146
931.47802734375,0.0,0.0,0.0,4.626556873321533,0.11042008548974991,-0.06844369322061539,4.665170669555664,-0.06183978542685509
374.85400390625,0.0,0.0,0.0,3.6539814472198486,-0.3822239637374878,0.49618521332740784,3.2560338973999023,0.5295968055725098
363.406005859375,0.0,0.0,0.0,2.6155130863189697,0.32236379384994507,-0.4358351528644562,2.7336437702178955,-0.5288453698158264
194.58999633789062,0.0,0.0,0.0,4.647706985473633,-0.02726683020591736,-0.014318344183266163,4.399765968322754,0.0499408096075058
546.4140014648438,0.0,0.0,0.0,1.722135305404663,-0.13332755863666534,0.5468790531158447,1.9408663511276245,0.6663019061088562
886.9860229492188,0.0,0.0,0.0,4.4779052734375,0.24477778375148773,-0.208576962351799,4.8430562019348145,-0.22805795073509216
963.4180297851562,0.0,0.0,0.0,4.5116868019104,-0.26989611983299255,0.11104363203048706,4.898204326629639,0.09924817085266113
402.2860107421875,0.0,0.0,0.0,3.0716049671173096,0.2882544994354248,-0.4225348234176636,3.148658037185669,-0.41809600591659546
708.6179809570312,0.0,0.0,0.0,4.591636657714844,-0.28679561614990234,0.18463736772537231,4.830336093902588,0.1192595362663269
299.01800537109375,0.0,0.0,0.0,4.745677947998047,-0.22329765558242798,0.139268696308136,4.907895565032959,0.10612019896507263
759.406005859375,0.0,0.0,0.0,4.479771137237549,0.267586350440979,-0.18530036509037018,4.624144077301025,-0.1627292037010193
177.2259979248047,0.0,0.0,0.0,1.671653151512146,-0.12379427254199982,0.4605361521244049,1.8741509914398193,0.5395175218582153
162.6739959716797,0.0,0.0,0.0,4.2118916511535645,-0.4329099655151367,0.39073699712753296,4.452085494995117,0.4708183705806732
246.28199768066406,0.0,0.0,0.0,2.344315528869629,0.1847715526819229,-0.45099252462387085,2.492672920227051,-0.49350202083587646
211.96200561523438,0.0,0.0,0.0,2.4676361083984375,-0.3141545057296753,0.6560061573982239,2.823575019836426,0.735240638256073
753.2979736328125,0.0,0.0,0.0,4.645292282104492,0.07846762984991074,-0.03173643723130226,4.737624168395996,0.026885254308581352
763.6820068359375,0.0,0.0,0.0,4.319796562194824,0.32130077481269836,-0.17271289229393005,4.639839172363281,-0.31123027205467224
269.5740051269531,0.0,0.0,0.0,1.800429105758667,0.14657549560070038,-0.5399926900863647,1.859766960144043,-0.5502439141273499
527.614013671875,0.0,0.0,0.0,2.9631288051605225,0.41918063163757324,-0.5726423263549805,3.5309572219848633,-0.6664760708808899
488.0379943847656,0.0,0.0,0.0,4.314693450927734,0.2877735197544098,-0.12980081140995026,4.542394161224365,-0.13754358887672424
688.25,0.0,0.0,0.0,1.572906255722046,0.11135412752628326,-0.41249337792396545,1.6114184856414795,-0.5111183524131775
449.1300048828125,0.0,0.0,0.0,4.32795524597168,-0.3185957968235016,0.19743286073207855,4.352072715759277,0.16653268039226532
752.8099975585938,0.0,0.0,0.0,4.659046649932861,0.13187111914157867,-0.07346013933420181,4.952454566955566,-0.07002678513526917
757.1859741210938,0.0,0.0,0.0,4.679959774017334,0.2798006236553192,-0.26149988174438477,4.441348075866699,-0.2784978151321411
677.1259765625,0.0,0.0,0.0,3.813495635986328,-0.3796541690826416,0.3319756090641022,4.165711879730225,0.45191648602485657
132.95799255371094,0.0,0.0,0.0,4.695333003997803,0.17160357534885406,-0.04199235886335373,4.926899433135986,-0.08227783441543579
702.9459838867188,0.0,0.0,0.0,4.6315155029296875,0.18548770248889923,-0.086589016020298,4.597046375274658,-0.044315122067928314
882.4979858398438,0.0,0.0,0.0,4.121769905090332,-0.3738701343536377,0.3062282204627991,4.3180155754089355,0.19194543361663818
835.5059814453125,0.0,0.0,0.0,4.381159782409668,0.45035627484321594,-0.34037187695503235,4.503378391265869,-0.2935669422149658
886.3460083007812,0.0,0.0,0.0,4.463891983032227,0.23232650756835938,-0.1698921173810959,4.427886486053467,-0.2521393895149231
511.14599609375,0.0,0.0,0.0,4.203720569610596,0.27169328927993774,-0.1540294736623764,4.5534796714782715,-0.16107730567455292
986.5700073242188,0.0,0.0,0.0,4.788796901702881,-0.028600772842764854,0.04210256040096283,4.716609954833984,-0.004164137411862612
855.2979736328125,0.0,0.0,0.0,4.497446060180664,-0.29715073108673096,0.19188301265239716,4.82879638671875,0.14820533990859985
111.18199920654297,0.0,0.0,0.0,3.1059751510620117,0.37824779748916626,-0.5487406253814697,3.6013641357421875,-0.6620202660560608
452.48199462890625,0.0,0.0,0.0,4.482423305511475,-0.07439374178647995,0.08197666704654694,4.571218490600586,0.10645123571157455
710.5659790039062,0.0,0.0,0.0,4.52844762802124,-0.37201350927352905,0.31011834740638733,4.68661642074585,0.29892075061798096
696.8820190429688,0.0,0.0,0.0,4.786108493804932,0.001805390347726643,0.042602527886629105,4.770960330963135,-0.0016714130761101842
657.9459838867188,0.0,0.0,0.0,4.210438251495361,0.37716102600097656,-0.35295966267585754,3.820923089981079,-0.5398629307746887
468.4259948730469,0.0,0.0,0.0,4.589998722076416,-0.2064138799905777,0.11681275069713593,4.713565349578857,0.1254081130027771
926.3699951171875,0.0,0.0,0.0,3.9228978157043457,-0.5053271651268005,0.4003733694553375,4.165338516235352,0.46304723620414734
642.4539794921875,0.0,0.0,0.0,3.8605222702026367,-0.5124472379684448,0.4481861889362335,4.301523685455322,0.5694039463996887
337.6860046386719,0.0,0.0,0.0,4.674350738525391,-0.13397212326526642,0.14098577201366425,5.1735992431640625,0.09479264169931412
956.0780029296875,0.0,0.0,0.0,3.8561112880706787,-0.4358672499656677,0.39952367544174194,3.994130849838257,0.39875516295433044
112.74199676513672,0.0,0.0,0.0,3.8928136825561523,0.3668452501296997,-0.2961118519306183,4.289920806884766,-0.3190377950668335
297.1780090332031,0.0,0.0,0.0,4.621959209442139,-0.13913778960704803,0.10550128668546677,4.602021217346191,0.03149137273430824
946.9099731445312,0.0,0.0,0.0,3.9922173023223877,-0.4918455183506012,0.4033047556877136,4.197467803955078,0.5510866641998291
518.469970703125,0.0,0.0,0.0,4.287903308868408,0.17962779104709625,-0.08275182545185089,4.689768314361572,-0.06685134768486023
799.8820190429688,0.0,0.0,0.0,4.312957763671875,-0.4412466287612915,0.30423253774642944,4.446371078491211,0.3469853401184082
96.08599853515625,0.0,0.0,0.0,4.54226016998291,0.1706412136554718,-0.11406785994768143,4.474847793579102,-0.14447276294231415
69.85399627685547,0.0,0.0,0.0,3.6022255420684814,0.13299117982387543,-0.1488267481327057,3.8558263778686523,-0.12801307439804077
656.9539794921875,0.0,0.0,0.0,4.436757564544678,0.27538368105888367,-0.19663220643997192,4.728662014007568,-0.19990350306034088
600.8460083007812,0.0,0.0,0.0,3.631312370300293,-0.4053792655467987,0.3843538463115692,4.322887897491455,0.6803203225135803
148.35400390625,0.0,0.0,0.0,2.277433395385742,-0.24897068738937378,0.5839512348175049,2.5228331089019775,0.6930768489837646
520.6859741210938,0.0,0.0,0.0,4.630166530609131,0.06218712404370308,-0.052212849259376526,4.796084403991699,-0.11908438801765442
607.0460205078125,0.0,0.0,0.0,4.4503397941589355,-0.4725155234336853,0.3212910294532776,4.269514083862305,0.3399202525615692
862.9099731445312,0.0,0.0,0.0,4.2845139503479,-0.35179388523101807,0.24045422673225403,4.161508083343506,0.28146475553512573
399.7019958496094,0.0,0.0,0.0,4.1915788650512695,0.020531348884105682,-0.08254028856754303,4.188174724578857,0.049880873411893845
515.3699951171875,0.0,0.0,0.0,4.581025123596191,0.05439752712845802,-0.031193509697914124,4.686068534851074,-0.0647863894701004
79.41799926757812,0.0,0.0,0.0,4.351679801940918,0.2526722550392151,-0.1833513081073761,4.255985736846924,-0.17784880101680756
716.5499877929688,0.0,0.0,0.0,4.437750816345215,-0.4234147369861603,0.2860338091850281,4.873355865478516,0.34404662251472473
868.1300048828125,0.0,0.0,0.0,2.7504513263702393,-0.3320136070251465,0.5428704619407654,2.768165349960327,0.6064883470535278
522.1619873046875,0.0,0.0,0.0,4.556400775909424,0.03568559139966965,-0.14315570890903473,4.5232062339782715,-0.27143916487693787
861.0540161132812,0.0,0.0,0.0,3.9290263652801514,-0.4441155195236206,0.41838616132736206,4.0880231857299805,0.4555511772632599
676.64599609375,0.0,0.0,0.0,3.844092607498169,-0.3728737533092499,0.41094809770584106,3.8929195404052734,0.33491384983062744
894.0380249023438,0.0,0.0,0.0,4.011359214782715,0.502011239528656,-0.3965398967266083,4.386591911315918,-0.5336071252822876
578.177978515625,0.0,0.0,0.0,4.011270999908447,0.5864182710647583,-0.578193187713623,3.6928913593292236,-0.6095275282859802
997.6099853515625,0.0,0.0,0.0,4.504277229309082,0.20207740366458893,-0.16068965196609497,4.611175060272217,-0.12858764827251434
768.0540161132812,0.0,0.0,0.0,4.753782272338867,0.020738258957862854,0.045991722494363785,4.783400058746338,-0.04507404565811157
868.22998046875,0.0,0.0,0.0,2.7350656986236572,-0.323383092880249,0.5397498607635498,2.8831191062927246,0.660971999168396
154.1060028076172,0.0,0.0,0.0,3.810080051422119,-0.43802839517593384,0.4656083881855011,3.834190845489502,0.4454583525657654
490.8699951171875,0.0,0.0,0.0,4.4597368240356445,0.3562709391117096,-0.2414606511592865,4.659142017364502,-0.2835407257080078
570.9140014648438,0.0,0.0,0.0,3.7603676319122314,0.45292308926582336,-0.46402591466903687,4.017844200134277,-0.5018996596336365
391.0419921875,0.0,0.0,0.0,3.625633478164673,0.3687106668949127,-0.40855148434638977,3.9926772117614746,-0.41946399211883545
285.58599853515625,0.0,0.0,0.0,4.261626720428467,-0.47287148237228394,0.41506585478782654,4.42610502243042,0.4282423257827759
793.2940063476562,0.0,0.0,0.0,2.5787880420684814,-0.3320818245410919,0.5966513156890869,2.9285988807678223,0.7375662326812744
96.69400024414062,0.0,0.0,0.0,4.4727888107299805,0.1411426067352295,-0.09713607281446457,4.598720073699951,-0.111884705722332
480.00201416015625,0.0,0.0,0.0,4.315863132476807,0.21765613555908203,-0.14176297187805176,4.558399200439453,-0.11175787448883057
919.22998046875,0.0,0.0,0.0,3.937697172164917,0.4714280664920807,-0.37448516488075256,4.3250412940979,-0.4601193964481354
506.75,0.0,0.0,0.0,3.8014121055603027,0.09919547289609909,-0.17928282916545868,3.244269371032715,-0.2951316237449646
305.69000244140625,0.0,0.0,0.0,4.58148193359375,-0.223850280046463,0.12316393107175827,4.625911712646484,0.17079411447048187
349.3500061035156,0.0,0.0,0.0,4.401683330535889,-0.2856653034687042,0.1988886296749115,4.642621994018555,0.2420312911272049
223.0540008544922,0.0,0.0,0.0,4.182506561279297,0.3215615153312683,-0.2632879316806793,4.628427028656006,-0.26353326439857483
456.5740051269531,0.0,0.0,0.0,3.4671175479888916,-0.37987491488456726,0.4310937523841858,3.823435068130493,0.4310067296028137
989.4739990234375,0.0,0.0,0.0,4.510128021240234,0.2895817160606384,-0.24040383100509644,4.5687456130981445,-0.3557729423046112
433.75,0.0,0.0,0.0,2.905723810195923,-0.25008320808410645,0.3839527368545532,3.0916574001312256,0.3694286644458771
119.78199768066406,0.0,0.0,0.0,4.504014015197754,0.3003193438053131,-0.1365891396999359,4.716039180755615,-0.1990893930196762
680.6019897460938,0.0,0.0,0.0,4.4505815505981445,-0.2413284331560135,0.11284426599740982,4.672196865081787,0.0181207787245512
267.2980041503906,0.0,0.0,0.0,4.280177593231201,-0.014043077826499939,-0.013853891752660275,3.242428779602051,-0.021253323182463646
941.302001953125,0.0,0.0,0.0,4.617846965789795,-0.07060182839632034,0.015343616716563702,4.79344367980957,0.008981634862720966
929.9340209960938,0.0,0.0,0.0,4.767740249633789,-0.07225129753351212,-0.02982781082391739,4.832726955413818,0.0026084643322974443
987.2059936523438,0.0,0.0,0.0,4.751260757446289,0.030412672087550163,0.01904529146850109,4.976657390594482,-0.058435771614313126
467.3699951171875,0.0,0.0,0.0,4.325955390930176,-0.32942330837249756,0.2135009914636612,4.504838943481445,0.17504951357841492
903.9420166015625,0.0,0.0,0.0,4.07162618637085,0.4264301359653473,-0.2984955310821533,4.229419231414795,-0.37666386365890503
958.3419799804688,0.0,0.0,0.0,4.573164939880371,-0.2394934445619583,0.1553858071565628,4.572740077972412,0.14311200380325317
434.51800537109375,0.0,0.0,0.0,3.2810757160186768,-0.25200897455215454,0.3220043480396271,3.7573788166046143,0.36199504137039185
343.4179992675781,0.0,0.0,0.0,4.072669506072998,-0.4345315098762512,0.40813305974006653,3.957993507385254,0.5031381249427795
220.33399963378906,0.0,0.0,0.0,3.3634934425354004,0.3467249870300293,-0.393358051776886,3.441678047180176,-0.5163803100585938
872.1500244140625,0.0,0.0,0.0,4.405763149261475,-0.20083120465278625,0.09497926384210587,4.655096054077148,0.044049203395843506
513.5579833984375,0.0,0.0,0.0,4.63438606262207,0.06769634038209915,-0.03125384449958801,4.651264190673828,-0.004420297686010599
563.4860229492188,0.0,0.0,0.0,2.534322500228882,0.3794296085834503,-0.7305285334587097,2.5244863033294678,-0.8993406891822815
803.677978515625,0.0,0.0,0.0,1.9504058361053467,-0.252840131521225,0.8447625041007996,2.1584720611572266,0.8374953269958496
854.8460083007812,0.0,0.0,0.0,4.433746814727783,-0.3089360296726227,0.2314509153366089,4.822394847869873,0.30298665165901184
715.3699951171875,0.0,0.0,0.0,4.562289237976074,-0.39294368028640747,0.2647757828235626,4.806827068328857,0.30786895751953125
907.7459716796875,0.0,0.0,0.0,4.191902160644531,0.36089086532592773,-0.23253384232521057,4.300405025482178,-0.3101375997066498
720.5139770507812,0.0,0.0,0.0,4.661830902099609,-0.17521432042121887,0.11122150719165802,4.738374710083008,0.14395374059677124
941.8460083007812,0.0,0.0,0.0,4.632083892822266,0.09940146654844284,-0.10781780630350113,4.884103775024414,-0.11806605756282806
169.18600463867188,0.0,0.0,0.0,4.5507636070251465,-0.28387436270713806,0.12489285320043564,4.592016220092773,0.1585378348827362
506.34600830078125,0.0,0.0,0.0,3.8556063175201416,0.08343586325645447,-0.034881286323070526,3.816901445388794,-0.020510897040367126
436.80999755859375,0.0,0.0,0.0,3.3212833404541016,-0.13075155019760132,0.11668084561824799,3.1678929328918457,0.08552417159080505
78.84200286865234,0.0,0.0,0.0,4.3065900802612305,0.29564300179481506,-0.2202676385641098,4.26727294921875,-0.20373640954494476
370.79400634765625,0.0,0.0,0.0,4.278738498687744,0.31140339374542236,-0.24670162796974182,4.74739933013916,-0.327605664730072
397.2860107421875,0.0,0.0,0.0,4.6006388664245605,0.1558937132358551,-0.10293707996606827,4.8727569580078125,-0.04500972479581833
475.010009765625,0.0,0.0,0.0,3.524013042449951,0.41001051664352417,-0.39806967973709106,3.6796112060546875,-0.43548399209976196
324.27398681640625,0.0,0.0,0.0,4.514906406402588,-0.3517910838127136,0.1975041925907135,4.709621906280518,0.2941548228263855
178.6060028076172,0.0,0.0,0.0,1.706343173980713,-0.12645196914672852,0.3921884000301361,1.6645933389663696,0.5140295028686523
201.8179931640625,0.0,0.0,0.0,1.7692489624023438,-0.15133889019489288,0.5312176942825317,1.7774580717086792,0.5376009345054626
364.32598876953125,0.0,0.0,0.0,3.298703193664551,0.4205076992511749,-0.4807133674621582,3.644942045211792,-0.39893612265586853
240.83799743652344,0.0,0.0,0.0,3.8581528663635254,0.01570328138768673,0.019713951274752617,3.754389524459839,0.03895103558897972
705.6099853515625,0.0,0.0,0.0,4.766543388366699,0.054672662168741226,-0.10486739873886108,4.595239162445068,0.041310906410217285
929.5419921875,0.0,0.0,0.0,4.705768585205078,-0.13065782189369202,0.09005599468946457,4.852510929107666,0.08421547710895538
496.7539978027344,0.0,0.0,0.0,4.075782299041748,0.02000410668551922,0.005950986873358488,3.6915395259857178,-0.02821640484035015
637.0460205078125,0.0,0.0,0.0,2.79502272605896,-0.10348392277956009,0.12189306318759918,2.866692543029785,0.16076894104480743
299.24200439453125,0.0,0.0,0.0,4.738664627075195,-0.20134609937667847,0.04572908207774162,4.833299160003662,-0.00249258684925735
71.77400207519531,0.0,0.0,0.0,4.1832098960876465,0.060247331857681274,-0.05523315444588661,4.204902172088623,-0.11714823544025421
869.9099731445312,0.0,0.0,0.0,3.6726186275482178,-0.38398227095603943,0.3652648329734802,4.0531086921691895,0.3872343599796295
977.197998046875,0.0,0.0,0.0,3.231992721557617,0.34753021597862244,-0.41169077157974243,3.3032195568084717,-0.4166714549064636
925.3460083007812,0.0,0.0,0.0,3.5664846897125244,-0.48116591572761536,0.566340982913971,3.9058682918548584,0.5505712628364563
474.3940124511719,0.0,0.0,0.0,3.332401752471924,0.4276161193847656,-0.558164119720459,3.697679042816162,-0.6051614880561829
856.22998046875,0.0,0.0,0.0,4.591251850128174,-0.19626788794994354,0.08244901150465012,4.654966831207275,0.09963782876729965
235.5500030517578,0.0,0.0,0.0,4.768786430358887,0.02438424341380596,-0.014861640520393848,4.806002140045166,-0.019096804782748222
471.9580078125,0.0,0.0,0.0,4.661728858947754,0.04068595916032791,-0.07862299680709839,4.5869526863098145,-0.050738099962472916
857.3499755859375,0.0,0.0,0.0,4.649721145629883,-0.11102057993412018,-0.00276546529494226,4.979860305786133,0.06234528124332428
185.78199768066406,0.0,0.0,0.0,2.2012486457824707,-0.09285983443260193,0.1843525469303131,2.214012622833252,0.22875069081783295
641.614013671875,0.0,0.0,0.0,3.7506370544433594,-0.4763496220111847,0.48880535364151,4.0499067306518555,0.5320621728897095
883.2459716796875,0.0,0.0,0.0,4.496070384979248,-0.30901899933815,0.2317439168691635,4.568079948425293,0.13695402443408966
726.1939697265625,0.0,0.0,0.0,4.55804967880249,-0.32751786708831787,0.1921372413635254,4.787687301635742,0.1073702722787857
644.281982421875,0.0,0.0,0.0,4.2329864501953125,-0.4024529457092285,0.28146618604660034,4.515478610992432,0.28653770685195923
198.406005859375,0.0,0.0,0.0,2.068953514099121,-0.1935238242149353,0.44652044773101807,2.3406331539154053,0.5564455986022949
832.7379760742188,0.0,0.0,0.0,4.224187850952148,0.44606906175613403,-0.4208481013774872,4.501248359680176,-0.3817061483860016
237.52200317382812,0.0,0.0,0.0,4.719429969787598,0.01360810175538063,-0.06393905729055405,4.873987197875977,-0.010403144173324108
430.41400146484375,0.0,0.0,0.0,3.7255425453186035,-0.19668857753276825,0.13181184232234955,3.782660484313965,0.14904020726680756
514.6859741210938,0.0,0.0,0.0,4.438448905944824,0.015593244694173336,-0.022754443809390068,4.801367282867432,0.011273123323917389
498.5580139160156,0.0,0.0,0.0,2.84346866607666,1.5202072063402738e-05,-0.018462305888533592,2.563690185546875,-0.022916635498404503
922.677978515625,0.0,0.0,0.0,3.4979000091552734,-0.38836172223091125,0.41996926069259644,3.706972122192383,0.4767429530620575
441.19000244140625,0.0,0.0,0.0,3.353788137435913,-0.2821408808231354,0.3349180817604065,3.5913450717926025,0.4419328570365906
873.6740112304688,0.0,0.0,0.0,4.484625816345215,-0.08340825885534286,0.0783032700419426,4.145947456359863,0.021587157621979713
456.4100036621094,0.0,0.0,0.0,3.3810389041900635,-0.3537195324897766,0.4600999057292938,3.7714059352874756,0.4635775089263916
679.4099731445312,0.0,0.0,0.0,4.239182949066162,-0.39124536514282227,0.23737992346286774,4.406317234039307,0.2838367521762848
158.74600219726562,0.0,0.0,0.0,4.098407745361328,-0.5504660606384277,0.4357355535030365,4.110084533691406,0.5471528172492981
146.06199645996094,0.0,0.0,0.0,4.617368221282959,-0.11642051488161087,0.1653640866279602,4.158394813537598,0.13467727601528168
188.03399658203125,0.0,0.0,0.0,2.3846487998962402,-0.16451185941696167,0.32354193925857544,2.6147704124450684,0.38309580087661743
233.76199340820312,0.0,0.0,0.0,4.715080738067627,0.1730145812034607,-0.017592603340744972,5.016565799713135,-0.13003860414028168
154.91799926757812,0.0,0.0,0.0,4.015803337097168,-0.43367207050323486,0.41699498891830444,4.299793720245361,0.5285090804100037
101.98200225830078,0.0,0.0,0.0,4.519322872161865,0.2873382270336151,-0.33876147866249084,4.4354729652404785,-0.3104248046875
370.2900085449219,0.0,0.0,0.0,4.136230945587158,0.3685692846775055,-0.3630048930644989,4.415585517883301,-0.39695507287979126
969.510009765625,0.0,0.0,0.0,4.5683698654174805,-0.17261208593845367,0.07861907035112381,4.708000659942627,0.09100478887557983
351.010009765625,0.0,0.0,0.0,4.702419281005859,-0.15125106275081635,0.16740135848522186,4.597392559051514,0.11863894760608673
320.5379943847656,0.0,0.0,0.0,4.69666862487793,-0.03530202433466911,0.017920266836881638,4.9212470054626465,0.03193875774741173
485.4179992675781,0.0,0.0,0.0,2.786437749862671,0.3062053322792053,-0.5438705086708069,3.1274216175079346,-0.6455973386764526
892.14599609375,0.0,0.0,0.0,4.154844760894775,0.43155062198638916,-0.34819772839546204,4.489832401275635,-0.4388863444328308
288.3179931640625,0.0,0.0,0.0,4.5353474617004395,-0.29952913522720337,0.1815575659275055,4.799642086029053,0.23222073912620544
258.6860046386719,0.0,0.0,0.0,3.893754720687866,0.20289839804172516,-0.21921265125274658,4.335323333740234,-0.2750777006149292
398.4739990234375,0.0,0.0,0.0,4.540759563446045,0.09413913637399673,-0.05280859395861626,4.8311638832092285,-0.08149874210357666
908.0780029296875,0.0,0.0,0.0,4.296853542327881,0.3487222492694855,-0.2870005965232849,4.423096179962158,-0.2469489425420761
202.68600463867188,0.0,0.0,0.0,1.7561085224151611,-0.1384476274251938,0.4921717941761017,1.7423510551452637,0.5274201035499573
522.0460205078125,0.0,0.0,0.0,4.625183582305908,-0.018036188557744026,-0.033948399126529694,4.353019714355469,-0.2611793577671051
141.1739959716797,0.0,0.0,0.0,4.138824462890625,0.3527598977088928,-0.20112912356853485,4.477417945861816,-0.29861220717430115
512.8619995117188,0.0,0.0,0.0,4.55593729019165,0.12450934201478958,-0.03483142331242561,4.7080769538879395,-0.05874035134911537
347.6300048828125,0.0,0.0,0.0,4.377330780029297,-0.33844009041786194,0.30596932768821716,4.31308126449585,0.2504940330982208
903.2420043945312,0.0,0.0,0.0,3.7967958450317383,0.456889808177948,-0.39405709505081177,4.129186630249023,-0.4601304233074188
58.38600158691406,0.0,0.0,0.0,-0.0019042864441871643,0.00023605409660376608,0.0015626803506165743,0.0,0.0
750.4340209960938,0.0,0.0,0.0,4.379340648651123,0.3177807033061981,-0.22433410584926605,4.48140811920166,-0.27846747636795044
945.4420166015625,0.0,0.0,0.0,4.682914733886719,-0.017606858164072037,0.08494395017623901,5.034031867980957,0.14247027039527893
451.6820068359375,0.0,0.0,0.0,4.538274765014648,-0.13410277664661407,0.08769356459379196,4.771759510040283,0.1326310932636261
597.5139770507812,0.0,0.0,0.0,2.9430885314941406,-0.44261395931243896,0.7228977084159851,2.6227869987487793,0.7029833793640137
420.6579895019531,0.0,0.0,0.0,4.471591472625732,0.2914295494556427,-0.24139341711997986,4.636139869689941,-0.16311366856098175
690.2739868164062,0.0,0.0,0.0,1.8838614225387573,0.1396629363298416,-0.46397632360458374,2.060250997543335,-0.5076379179954529
778.7420043945312,0.0,0.0,0.0,2.9297478199005127,0.3921235501766205,-0.5517326593399048,3.6029536724090576,-0.582689106464386
573.2940063476562,0.0,0.0,0.0,4.245994567871094,0.4719351828098297,-0.34430140256881714,4.528883934020996,-0.34375062584877014
310.62200927734375,0.0,0.0,0.0,4.701847553253174,-0.2235455960035324,0.15875953435897827,4.517898082733154,0.17754477262496948
62.78200149536133,0.0,0.0,0.0,-0.0007409314275719225,0.0010139300720766187,-0.0018047104822471738,0.0,0.0
572.5380249023438,0.0,0.0,0.0,4.089565753936768,0.4896729290485382,-0.4035223126411438,4.259732246398926,-0.5082234740257263
853.1900024414062,0.0,0.0,0.0,4.191967964172363,-0.4987243413925171,0.3773382902145386,4.241258144378662,0.5065600275993347
550.0460205078125,0.0,0.0,0.0,1.7285747528076172,-0.16696619987487793,0.5914345979690552,1.9311162233352661,0.7957088351249695
325.01800537109375,0.0,0.0,0.0,4.603480339050293,-0.3100278377532959,0.19793662428855896,5.0822858810424805,0.1735575944185257
582.9140014648438,0.0,0.0,0.0,4.510082721710205,0.3608822226524353,-0.16041876375675201,4.737089157104492,-0.2283826768398285
110.4739990234375,0.0,0.0,0.0,2.9349679946899414,0.4018884003162384,-0.5929059386253357,3.080845594406128,-0.634084939956665
839.4099731445312,0.0,0.0,0.0,4.201186656951904,0.43312305212020874,-0.3272888958454132,4.307784557342529,-0.4720960557460785
209.5780029296875,0.0,0.0,0.0,1.9140695333480835,-0.1997017115354538,0.6343470215797424,1.8902772665023804,0.6492757797241211
499.72198486328125,0.0,0.0,0.0,2.2212791442871094,0.029441697522997856,-0.14944112300872803,2.2522952556610107,-0.21460452675819397
280.0260009765625,0.0,0.0,0.0,3.392937660217285,-0.28874310851097107,0.3664923310279846,3.533437728881836,0.2927177846431732
119.69400024414062,0.0,0.0,0.0,4.5029168128967285,0.3117213249206543,-0.19904252886772156,4.664974212646484,-0.14826050400733948
660.4140014648438,0.0,0.0,0.0,3.494722843170166,0.4302886128425598,-0.4649069607257843,3.933816432952881,-0.46631309390068054
505.8900146484375,0.0,0.0,0.0,4.091684341430664,0.13539427518844604,-0.0684504359960556,3.80368709564209,-0.10916349291801453
380.70599365234375,0.0,0.0,0.0,4.125424385070801,-0.39079076051712036,0.2760639488697052,4.425987243652344,0.2506393492221832
90.01799774169922,0.0,0.0,0.0,4.38119649887085,0.2580616772174835,-0.15852908790111542,4.430099964141846,-0.09814136475324631
552.85400390625,0.0,0.0,0.0,1.771501064300537,-0.19563038647174835,0.6100769639015198,1.9000070095062256,0.7102700471878052
874.1420288085938,0.0,0.0,0.0,4.284249782562256,-0.08005081862211227,0.013197515159845352,3.9177069664001465,-0.0078212795779109
719.0139770507812,0.0,0.0,0.0,4.5172343254089355,-0.29001718759536743,0.15421739220619202,4.940448760986328,0.14371004700660706
595.5339965820312,0.0,0.0,0.0,2.9340455532073975,-0.22870305180549622,0.34378257393836975,3.1240429878234863,0.3989657163619995
330.43798828125,0.0,0.0,0.0,4.609072685241699,-0.3336598575115204,0.2299465835094452,4.808347225189209,0.274893194437027
68.12200164794922,0.0,0.0,0.0,3.0151634216308594,0.11648941040039062,-0.11478913575410843,3.189448833465576,-0.10745009034872055
678.2020263671875,0.0,0.0,0.0,3.8307361602783203,-0.43530577421188354,0.37585046887397766,4.072649955749512,0.4415135979652405
873.010009765625,0.0,0.0,0.0,4.605669021606445,-0.10042034089565277,0.03698570281267166,4.498287200927734,0.01799006760120392
311.2139892578125,0.0,0.0,0.0,4.49878454208374,-0.29542267322540283,0.24020352959632874,4.421916484832764,0.34130486845970154
266.7380065917969,0.0,0.0,0.0,4.533461570739746,0.011070719920098782,0.03328593447804451,4.419448375701904,-0.013230533339083195
427.9100036621094,0.0,0.0,0.0,3.4779841899871826,-0.4392112195491791,0.4809891879558563,3.72786021232605,0.45486414432525635
964.22998046875,0.0,0.0,0.0,4.257666110992432,-0.33557310700416565,0.388878732919693,3.826115369796753,0.5621475577354431
1000.030029296875,0.0,0.0,0.0,3.653068780899048,0.044933564960956573,-0.009257772006094456,3.489617109298706,0.011987265199422836
195.5500030517578,0.0,0.0,0.0,4.251275539398193,-0.04814868047833443,0.06978984922170639,4.155056953430176,-0.04725317656993866
533.1220092773438,0.0,0.0,0.0,3.1299936771392822,0.372823029756546,-0.4913999140262604,3.598231315612793,-0.618410587310791
155.3780059814453,0.0,0.0,0.0,3.987807273864746,-0.5226225256919861,0.5160393118858337,4.21464204788208,0.6204974055290222
272.3179931640625,0.0,0.0,0.0,2.4776272773742676,0.11089850217103958,-0.11856107413768768,2.233712911605835,-0.08513207733631134
782.3099975585938,0.0,0.0,0.0,4.38462495803833,0.18430198729038239,-0.1399489790201187,4.541522026062012,-0.031958505511283875
733.9219970703125,0.0,0.0,0.0,2.4868180751800537,0.33419305086135864,-0.6326766014099121,2.533661127090454,-0.7385818958282471
799.5380249023438,0.0,0.0,0.0,4.366976261138916,-0.41454264521598816,0.283119797706604,4.40051794052124,0.3347649574279785
770.8900146484375,0.0,0.0,0.0,4.719366073608398,0.11132460087537766,-0.15069350600242615,4.623617172241211,-0.20312196016311646
746.2659912109375,0.0,0.0,0.0,4.009486675262451,0.35776033997535706,-0.21618816256523132,4.330496788024902,-0.25335806608200073
828.010009765625,0.0,0.0,0.0,4.353957653045654,0.4267309606075287,-0.30533793568611145,4.185679912567139,-0.34286606311798096
326.9219970703125,0.0,0.0,0.0,4.6000542640686035,-0.32196831703186035,0.16378410160541534,4.59264612197876,0.21722009778022766
889.1580200195312,0.0,0.0,0.0,3.438577651977539,0.4580323398113251,-0.45181527733802795,3.143345355987549,-0.6245922446250916
303.1579895019531,0.0,0.0,0.0,4.682419776916504,-0.2551841735839844,0.2122878134250641,4.615442752838135,0.1970599889755249
668.4660034179688,0.0,0.0,0.0,4.887678146362305,-0.05960049852728844,0.05527419224381447,4.768318176269531,0.157924622297287
452.5580139160156,0.0,0.0,0.0,4.4891486167907715,-0.08540921658277512,0.08064460754394531,4.746776103973389,0.0011938584502786398
508.19000244140625,0.0,0.0,0.0,3.200070381164551,0.32533901929855347,-0.43655750155448914,3.4799575805664062,-0.513697624206543
928.2659912109375,0.0,0.0,0.0,4.4021124839782715,-0.26333263516426086,0.10321836173534393,4.845998764038086,0.13976521790027618
295.9460144042969,0.0,0.0,0.0,4.615598201751709,-0.013142704032361507,0.006256250198930502,4.931230545043945,-0.03946051746606827
234.593994140625,0.0,0.0,0.0,4.68021821975708,0.12828697264194489,-0.03594981133937836,5.014729022979736,-0.006280026864260435
575.469970703125,0.0,0.0,0.0,4.401082992553711,0.4173036813735962,-0.39762017130851746,4.496070861816406,-0.505203366279602
942.2780151367188,0.0,0.0,0.0,4.638051509857178,0.1643635779619217,-0.09933946281671524,4.785219669342041,-0.1427529901266098
57.75400161743164,0.0,0.0,0.0,-0.002110337605699897,0.0001768717193044722,0.0019051899434998631,0.0,0.0
205.44200134277344,0.0,0.0,0.0,2.014824867248535,-0.2330022156238556,0.62690669298172,1.9789659976959229,0.6391241550445557
745.6500244140625,0.0,0.0,0.0,3.624799966812134,0.3865981698036194,-0.3847562074661255,3.9512040615081787,-0.4001528322696686
1000.97802734375,0.0,0.0,0.0,3.2669146060943604,0.009834790602326393,-0.020629407837986946,2.986555814743042,0.018287863582372665
349.98199462890625,0.0,0.0,0.0,4.612607955932617,-0.27321657538414,0.1753869205713272,4.994243144989014,0.1752862185239792
623.3900146484375,0.0,0.0,0.0,4.5152716636657715,-0.30066919326782227,0.15121027827262878,4.683440208435059,0.26277029514312744
843.8140258789062,0.0,0.0,0.0,4.7410173416137695,0.10503339022397995,-0.05793137103319168,4.883584976196289,-0.0388420894742012
226.83399963378906,0.0,0.0,0.0,4.117556095123291,0.4122927486896515,-0.3565368056297302,4.291165351867676,-0.47755905985832214
597.64599609375,0.0,0.0,0.0,2.7542941570281982,-0.42798924446105957,0.6749871373176575,2.685468912124634,0.8740574717521667
116.4219970703125,0.0,0.0,0.0,4.603509426116943,0.23082153499126434,-0.11647281795740128,4.431973934173584,-0.10962209850549698
504.5140075683594,0.0,0.0,0.0,4.062240123748779,0.22178934514522552,-0.14540989696979523,4.253669738769531,-0.15816716849803925
808.2940063476562,0.0,0.0,0.0,4.068582057952881,-0.06452085822820663,0.02314480021595955,4.226764678955078,-0.06219129636883736
660.9340209960938,0.0,0.0,0.0,3.8297605514526367,0.42823973298072815,-0.40386033058166504,4.362207412719727,-0.4605259597301483
424.3340148925781,0.0,0.0,0.0,4.682694911956787,0.04381517320871353,0.012944812886416912,5.115723609924316,0.03582143783569336
581.9459838867188,0.0,0.0,0.0,4.351637363433838,0.4764080345630646,-0.3295155167579651,4.374262809753418,-0.3338119089603424
663.3060302734375,0.0,0.0,0.0,4.615011215209961,0.21780692040920258,-0.0650748685002327,4.990065097808838,-0.11669539660215378
994.1699829101562,0.0,0.0,0.0,3.561459541320801,0.4976685643196106,-0.4818926155567169,3.832195997238159,-0.5139939188957214
883.47802734375,0.0,0.0,0.0,4.547331809997559,-0.29966044425964355,0.2170693725347519,4.901391983032227,0.07790498435497284
387.6579895019531,0.0,0.0,0.0,4.5477776527404785,-0.05437126010656357,0.007696270942687988,4.768365383148193,0.024319099262356758
679.5419921875,0.0,0.0,0.0,4.337026119232178,-0.38886764645576477,0.26153749227523804,4.507781982421875,0.32571348547935486
145.54200744628906,0.0,0.0,0.0,4.685441970825195,-0.0902482196688652,0.012302798219025135,4.789327621459961,-0.028570987284183502
540.7620239257812,0.0,0.0,0.0,1.8910502195358276,0.1494770050048828,-0.372080534696579,1.924031138420105,-0.504480242729187
270.6180114746094,0.0,0.0,0.0,2.0273797512054443,0.17401529848575592,-0.48319917917251587,2.232083320617676,-0.59940505027771
626.7020263671875,0.0,0.0,0.0,4.2336626052856445,0.2678905427455902,-0.13251039385795593,4.5535759925842285,-0.21698184311389923
389.1099853515625,0.0,0.0,0.0,3.9922125339508057,0.29001080989837646,-0.36269882321357727,3.610543727874756,-0.48888975381851196
658.2459716796875,0.0,0.0,0.0,3.8253867626190186,0.4821607172489166,-0.4933532476425171,3.6685702800750732,-0.764622688293457
804.0659790039062,0.0,0.0,0.0,1.98306405544281,-0.230357825756073,0.6509893536567688,2.110762119293213,0.8697742819786072
67.9219970703125,0.0,0.0,0.0,3.04679274559021,0.15160147845745087,-0.15080897510051727,3.019451379776001,-0.12674923241138458
600.6099853515625,0.0,0.0,0.0,3.481759786605835,-0.40716466307640076,0.4374350905418396,3.9558169841766357,0.5327116847038269
678.7579956054688,0.0,0.0,0.0,4.001885890960693,-0.47034549713134766,0.4065241515636444,4.617781162261963,0.4658125936985016
834.5980224609375,0.0,0.0,0.0,4.354869842529297,0.5112407803535461,-0.364223837852478,4.589105606079102,-0.4049898386001587
574.64599609375,0.0,0.0,0.0,4.313220977783203,0.46685919165611267,-0.35058948397636414,4.30235481262207,-0.3300717771053314
399.34600830078125,0.0,0.0,0.0,4.3255696296691895,0.04145248234272003,0.010035412386059761,4.260463237762451,-0.018248891457915306
560.5819702148438,0.0,0.0,0.0,4.6054840087890625,-0.16646215319633484,0.08199122548103333,4.823581695556641,0.013522776775062084
187.3179931640625,0.0,0.0,0.0,2.115518093109131,-0.12403350323438644,0.31408780813217163,2.272664785385132,0.3788073658943176
429.1419982910156,0.0,0.0,0.0,3.8473777770996094,-0.36095181107521057,0.2885432243347168,3.8603596687316895,0.30465587973594666
292.77398681640625,0.0,0.0,0.0,4.554935455322266,-0.06763628870248795,0.0016309622442349792,4.703974723815918,0.0037780364509671926
281.2099914550781,0.0,0.0,0.0,3.6991381645202637,-0.3750847280025482,0.4113720953464508,3.808305263519287,0.5116528272628784
131.3939971923828,0.0,0.0,0.0,4.415019989013672,0.3459430932998657,-0.20012077689170837,4.331345081329346,-0.22647537291049957
235.33799743652344,0.0,0.0,0.0,4.752902984619141,0.04467283561825752,0.03456073999404907,4.806424617767334,0.017958350479602814
405.1260070800781,0.0,0.0,0.0,4.240856647491455,0.23811860382556915,-0.15624569356441498,4.352296352386475,-0.11035564541816711
776.666015625,0.0,0.0,0.0,4.485464572906494,0.10519450902938843,-0.22563116252422333,4.379990577697754,-0.3050653636455536
304.8179931640625,0.0,0.0,0.0,4.673038959503174,-0.3099392354488373,0.16666480898857117,4.512308120727539,0.18258275091648102
187.78599548339844,0.0,0.0,0.0,2.2636847496032715,-0.15129278600215912,0.34788593649864197,2.6210732460021973,0.43878060579299927
198.71800231933594,0.0,0.0,0.0,2.11425518989563,-0.19110466539859772,0.40213677287101746,2.2695226669311523,0.5159021019935608
635.5700073242188,0.0,0.0,0.0,2.4548604488372803,-0.07617533206939697,0.11466724425554276,2.6215503215789795,0.11296591907739639
599.1339721679688,0.0,0.0,0.0,2.450924873352051,-0.3118126690387726,0.6509686708450317,2.862116813659668,0.7734203934669495
745.7860107421875,0.0,0.0,0.0,3.7050387859344482,0.3898794651031494,-0.3332075774669647,3.944721221923828,-0.4337751269340515
190.406005859375,0.0,0.0,0.0,3.858853578567505,-0.31253841519355774,0.21719235181808472,3.955360174179077,0.2749190032482147
641.1859741210938,0.0,0.0,0.0,3.9116547107696533,-0.4283010959625244,0.5033299922943115,4.034376621246338,0.46572908759117126
90.11799621582031,0.0,0.0,0.0,4.362669467926025,0.2309727966785431,-0.14080823957920074,4.49951171875,-0.09778554737567902
732.72998046875,0.0,0.0,0.0,3.3428709506988525,0.43067294359207153,-0.5939997434616089,2.9170825481414795,-0.6498153805732727
797.2100219726562,0.0,0.0,0.0,4.590021133422852,-0.25081056356430054,0.04885590076446533,4.714992523193359,0.187735453248024
202.02200317382812,0.0,0.0,0.0,1.67153000831604,-0.13832587003707886,0.45101621747016907,1.8899266719818115,0.536192774772644
650.7379760742188,0.0,0.0,0.0,4.126644611358643,0.4109044671058655,-0.3160187602043152,4.2286224365234375,-0.31521615386009216
497.54998779296875,0.0,0.0,0.0,3.416825294494629,-0.009094086475670338,0.029759714379906654,3.1267950534820557,0.02820505015552044
904.9099731445312,0.0,0.0,0.0,3.504258632659912,0.5598806142807007,-0.6418074369430542,3.439371347427368,-0.6620481014251709
510.6579895019531,0.0,0.0,0.0,4.124793529510498,0.307978093624115,-0.23567409813404083,4.577781677246094,-0.24068701267242432
76.68199920654297,0.0,0.0,0.0,3.8722267150878906,0.42152005434036255,-0.38703733682632446,3.9417805671691895,-0.41804179549217224
361.7539978027344,0.0,0.0,0.0,2.638211965560913,0.21368855237960815,-0.4452756345272064,2.8121888637542725,-0.5515345335006714
336.54998779296875,0.0,0.0,0.0,4.760191917419434,0.036956313997507095,-0.007530940696597099,4.687877178192139,0.10771957784891129
994.5419921875,0.0,0.0,0.0,3.7108817100524902,0.4618814289569855,-0.4585254192352295,4.041343688964844,-0.5165198445320129
281.89801025390625,0.0,0.0,0.0,3.8629627227783203,-0.3765644133090973,0.3640085458755493,4.0569539070129395,0.5333578586578369
559.6939697265625,0.0,0.0,0.0,4.560766696929932,-0.2606600224971771,0.1601320207118988,4.68141508102417,0.12691359221935272
477.5780029296875,0.0,0.0,0.0,3.735888957977295,0.36354324221611023,-0.32180678844451904,3.7704715728759766,-0.3447030782699585
284.27398681640625,0.0,0.0,0.0,4.1385650634765625,-0.5137401819229126,0.4048192799091339,4.351629734039307,0.4402185380458832
141.52200317382812,0.0,0.0,0.0,4.272115707397461,0.30409547686576843,-0.25510144233703613,4.643345355987549,-0.25819388031959534
840.4099731445312,0.0,0.0,0.0,4.488358020782471,0.3518613278865814,-0.2146216779947281,4.772503852844238,-0.2569844722747803
184.21800231933594,0.0,0.0,0.0,2.436569929122925,-0.1645757108926773,0.30120009183883667,2.4574227333068848,0.337788462638855
293.8500061035156,0.0,0.0,0.0,4.571640968322754,-0.059257544577121735,0.01293154526501894,4.6330156326293945,0.08363014459609985
442.5459899902344,0.0,0.0,0.0,4.073964595794678,-0.2352743297815323,0.200331449508667,4.378052711486816,0.28828397393226624
204.1179962158203,0.0,0.0,0.0,1.847744345664978,-0.16731572151184082,0.4528389573097229,1.9737906455993652,0.5797275900840759
567.8460083007812,0.0,0.0,0.0,4.373223304748535,0.27624109387397766,-0.11007024347782135,4.739644527435303,-0.16701272130012512
630.7139892578125,0.0,0.0,0.0,3.1041362285614014,-0.21416075527668,0.18395690619945526,2.9744622707366943,0.22121472656726837
144.97799682617188,0.0,0.0,0.0,4.76239538192749,-0.09464260190725327,0.03056059591472149,4.895282745361328,0.057288918644189835
978.3699951171875,0.0,0.0,0.0,3.8289713859558105,0.3569236993789673,-0.27265945076942444,4.198922157287598,-0.3296971619129181
758.3779907226562,0.0,0.0,0.0,4.415096282958984,0.3036452531814575,-0.2335011214017868,4.709155082702637,-0.26580899953842163
551.0139770507812,0.0,0.0,0.0,1.825258731842041,-0.20706701278686523,0.7044121026992798,1.9996932744979858,0.7522108554840088
564.6339721679688,0.0,0.0,0.0,2.6332335472106934,0.3790174126625061,-0.6924365162849426,3.0706570148468018,-0.7661231756210327
949.573974609375,0.0,0.0,0.0,4.548169136047363,-0.24923494458198547,0.10821826010942459,4.7295823097229,0.143361434340477
976.43798828125,0.0,0.0,0.0,2.875227928161621,0.33772310614585876,-0.5844395160675049,2.9607653617858887,-0.711532711982727
897.8099975585938,0.0,0.0,0.0,3.136795997619629,0.5239899158477783,-0.7726514935493469,2.75104022026062,-0.8698437809944153
115.22200012207031,0.0,0.0,0.0,4.299805641174316,0.3516453504562378,-0.2806272506713867,4.391986846923828,-0.26781925559043884
739.6339721679688,0.0,0.0,0.0,3.5879452228546143,0.4780752658843994,-0.47385987639427185,4.004543304443359,-0.5414063334465027
992.6820068359375,0.0,0.0,0.0,4.391563415527344,0.3482533097267151,-0.3488251566886902,4.295025825500488,-0.41062113642692566
957.0579833984375,0.0,0.0,0.0,4.268497467041016,-0.3840849697589874,0.24430522322654724,4.687593936920166,0.280376672744751
914.4019775390625,0.0,0.0,0.0,4.081765651702881,0.3446751534938812,-0.2143039107322693,4.4633097648620605,-0.23016783595085144
123.22200012207031,0.0,0.0,0.0,4.756410598754883,0.04251183569431305,-0.013535556383430958,4.815934181213379,-0.012053480371832848
685.177978515625,0.0,0.0,0.0,3.1916799545288086,0.3912307322025299,-0.48966121673583984,3.571873426437378,-0.5102192759513855
712.1339721679688,0.0,0.0,0.0,4.42293119430542,-0.3819282352924347,0.2641293406486511,4.4080376625061035,0.33802980184555054
385.30999755859375,0.0,0.0,0.0,4.689598560333252,-0.011324291117489338,-0.017124740406870842,4.65126371383667,0.07186735421419144
295.41400146484375,0.0,0.0,0.0,4.472644329071045,0.013796421699225903,0.00033575098495930433,5.0283589363098145,-0.005240572150796652
261.7179870605469,0.0,0.0,0.0,4.504804611206055,0.07162148505449295,-0.0034491820260882378,4.22700309753418,-0.07428156584501266
178.92599487304688,0.0,0.0,0.0,1.6552162170410156,-0.11608132719993591,0.47323140501976013,1.639898657798767,0.4771901071071625
819.5180053710938,0.0,0.0,0.0,3.9787638187408447,0.47066667675971985,-0.33747488260269165,4.178828716278076,-0.4456510543823242
742.9180297851562,0.0,0.0,0.0,2.255448579788208,0.28704336285591125,-0.6186398267745972,2.3668148517608643,-0.6571462154388428
823.8140258789062,0.0,0.0,0.0,4.747519493103027,0.06234321743249893,-0.06589814275503159,4.680094242095947,0.004560863133519888
137.14199829101562,0.0,0.0,0.0,3.6822545528411865,0.38670551776885986,-0.5364148020744324,3.3104445934295654,-0.6211735606193542
300.01800537109375,0.0,0.0,0.0,4.72940731048584,-0.13491319119930267,0.08146120607852936,4.952852249145508,0.1255861073732376
818.1259765625,0.0,0.0,0.0,3.2182681560516357,0.4247821271419525,-0.5977595448493958,3.5574047565460205,-0.5925918817520142
479.24200439453125,0.0,0.0,0.0,4.117109298706055,0.23898647725582123,-0.14920735359191895,4.414068698883057,-0.1335759162902832
990.64599609375,0.0,0.0,0.0,4.471118927001953,0.3318112790584564,-0.25857147574424744,4.297648906707764,-0.2960140109062195
415.0299987792969,0.0,0.0,0.0,3.7916550636291504,0.5056985020637512,-0.47733983397483826,4.080182075500488,-0.5911555290222168
734.5700073242188,0.0,0.0,0.0,2.6652159690856934,0.3126378357410431,-0.5230858325958252,2.932952642440796,-0.6530188322067261
173.41400146484375,0.0,0.0,0.0,2.7921695709228516,-0.3273668587207794,0.5226409435272217,2.881610870361328,0.6346094608306885
468.5539855957031,0.0,0.0,0.0,4.6176323890686035,-0.20211897790431976,0.11347994208335876,4.529719352722168,0.022418685257434845
707.9500122070312,0.0,0.0,0.0,4.643890857696533,-0.2822445034980774,0.18028365075588226,4.577860355377197,0.21538561582565308
189.92599487304688,0.0,0.0,0.0,3.536588430404663,-0.3116304874420166,0.300157755613327,4.01629638671875,0.32358843088150024
417.54998779296875,0.0,0.0,0.0,4.387794494628906,0.28823384642601013,-0.1503746509552002,4.513267517089844,-0.3228391110897064
398.906005859375,0.0,0.0,0.0,4.4767165184021,0.056202929466962814,-0.005712652113288641,4.3608832359313965,-0.0033016526140272617
552.6060180664062,0.0,0.0,0.0,1.7838356494903564,-0.2128826379776001,0.6527837514877319,1.868621826171875,0.857177734375
199.1820068359375,0.0,0.0,0.0,2.279144048690796,-0.20032189786434174,0.46161946654319763,2.597273111343384,0.5592638850212097
552.5020141601562,0.0,0.0,0.0,1.8198962211608887,-0.22497031092643738,0.7374758124351501,1.8545901775360107,0.7487891316413879
824.1259765625,0.0,0.0,0.0,4.642813205718994,0.045741207897663116,-0.021894965320825577,4.957334995269775,-0.01681819185614586
290.14599609375,0.0,0.0,0.0,4.246368885040283,-0.44579899311065674,0.4257265627384186,4.317198276519775,0.5360362529754639
122.84200286865234,0.0,0.0,0.0,4.701967239379883,0.04819620028138161,-0.0682123601436615,4.876548767089844,-0.03835694119334221
104.11399841308594,0.0,0.0,0.0,3.1913340091705322,0.44088324904441833,-0.6978737711906433,3.178370237350464,-0.7641411423683167
616.6380004882812,0.0,0.0,0.0,3.476102590560913,-0.5087959170341492,0.5725359916687012,3.9824817180633545,0.5590847730636597
786.677978515625,0.0,0.0,0.0,2.4330196380615234,-0.12082631140947342,0.21279916167259216,2.575744390487671,0.27933189272880554
359.77801513671875,0.0,0.0,0.0,2.0812644958496094,0.00944236945360899,-0.10107451677322388,2.158093214035034,-0.1721288561820984
75.58599853515625,0.0,0.0,0.0,4.317533493041992,0.2001735270023346,-0.2768539488315582,4.122406482696533,-0.3407607972621918
611.6259765625,0.0,0.0,0.0,3.98545241355896,-0.560309886932373,0.5564556121826172,3.897324800491333,0.6414486765861511
941.9619750976562,0.0,0.0,0.0,4.6222615242004395,0.11862492561340332,-0.12122569978237152,4.849940299987793,-0.1785864382982254
402.7099914550781,0.0,0.0,0.0,3.2359619140625,0.3098089098930359,-0.4020054042339325,3.3164875507354736,-0.46272432804107666
428.593994140625,0.0,0.0,0.0,3.812641143798828,-0.4167158305644989,0.3585141897201538,4.173088550567627,0.4745662808418274
483.385986328125,0.0,0.0,0.0,2.4180920124053955,0.299741268157959,-0.5660523772239685,2.7105419635772705,-0.724306046962738
447.7340087890625,0.0,0.0,0.0,3.8624463081359863,-0.3893519937992096,0.3488319516181946,4.17726469039917,0.37711748480796814
290.0299987792969,0.0,0.0,0.0,4.282742023468018,-0.4239068627357483,0.34094980359077454,4.368109226226807,0.4957923889160156
910.1859741210938,0.0,0.0,0.0,4.559413909912109,0.12926450371742249,-0.06233314424753189,4.5292510986328125,-0.07148346304893494
568.302001953125,0.0,0.0,0.0,4.460277557373047,0.19933964312076569,-0.18430662155151367,4.632969379425049,-0.1363065391778946
292.9739990234375,0.0,0.0,0.0,4.557918071746826,-0.03574877232313156,-0.05183665454387665,4.552838325500488,-0.017481546849012375
322.51800537109375,0.0,0.0,0.0,4.685854911804199,-0.22933107614517212,0.12732891738414764,5.034187316894531,0.1286812126636505
398.01800537109375,0.0,0.0,0.0,4.628472328186035,0.15129907429218292,-0.10624228417873383,4.63319730758667,-0.07046791911125183
456.95001220703125,0.0,0.0,0.0,3.645763397216797,-0.38911184668540955,0.3383609652519226,4.096555233001709,0.3550691604614258
768.2860107421875,0.0,0.0,0.0,4.749767303466797,0.04396950080990791,-0.013526245951652527,4.615434646606445,0.0027266039978712797
153.18600463867188,0.0,0.0,0.0,3.9370975494384766,-0.46117350459098816,0.45683997869491577,3.9700794219970703,0.597032904624939
927.8820190429688,0.0,0.0,0.0,4.390336990356445,-0.3521561026573181,0.1949911266565323,4.390303611755371,0.2519415318965912
737.6019897460938,0.0,0.0,0.0,4.281426906585693,0.4478740394115448,-0.3072420060634613,4.766506195068359,-0.2779202461242676
512.9819946289062,0.0,0.0,0.0,4.559791088104248,0.11136901378631592,-0.02546895481646061,4.786447525024414,-0.04252289980649948
57.066001892089844,0.0,0.0,0.0,-0.0019283286528661847,0.00041236935066990554,0.0015374870272353292,0.0,0.0
664.8699951171875,0.0,0.0,0.0,4.645756244659424,0.26289549469947815,-0.15017174184322357,4.417630195617676,-0.17474381625652313
608.0139770507812,0.0,0.0,0.0,4.438830852508545,-0.38260629773139954,0.26229098439216614,4.809212684631348,0.20936264097690582
289.4259948730469,0.0,0.0,0.0,4.636838912963867,-0.20173124969005585,0.19914834201335907,4.4792327880859375,0.2545534372329712
790.2940063476562,0.0,0.0,0.0,1.8623677492141724,-0.1589048206806183,0.5480157732963562,1.9755083322525024,0.5830678343772888
95.5260009765625,0.0,0.0,0.0,4.627575397491455,0.13672204315662384,-0.13949613273143768,4.741213321685791,-0.16760703921318054
243.8939971923828,0.0,0.0,0.0,1.8085469007492065,0.09244051575660706,-0.3530741333961487,1.8761794567108154,-0.4112231433391571
523.6619873046875,0.0,0.0,0.0,3.636131763458252,0.42815664410591125,-0.48092249035835266,4.117942810058594,-0.4911688268184662
318.9020080566406,0.0,0.0,0.0,4.733081817626953,-0.14679570496082306,0.08386223763227463,4.562950611114502,0.14756415784358978
169.54600524902344,0.0,0.0,0.0,4.521969795227051,-0.2067377269268036,0.07656830549240112,4.812202453613281,0.0525086484849453
167.0540008544922,0.0,0.0,0.0,4.2386393547058105,-0.4441765248775482,0.3278760612010956,4.543116092681885,0.466759592294693
742.64599609375,0.0,0.0,0.0,2.325218439102173,0.29110103845596313,-0.6418563723564148,2.349630832672119,-0.7758117914199829
761.0819702148438,0.0,0.0,0.0,3.370405673980713,0.45711296796798706,-0.4911680817604065,3.535087823867798,-0.6176782846450806
864.114013671875,0.0,0.0,0.0,4.5194807052612305,-0.25649014115333557,0.16979478299617767,4.799598217010498,0.1615716516971588
648.2139892578125,0.0,0.0,0.0,4.731618881225586,-0.06337308138608932,0.02519424445927143,4.964807987213135,0.16168785095214844
951.6699829101562,0.0,0.0,0.0,4.667397975921631,-0.10869643837213516,0.017750704661011696,5.1319146156311035,0.05198240652680397
180.3459930419922,0.0,0.0,0.0,1.7565008401870728,-0.1310049593448639,0.46873489022254944,1.8180148601531982,0.5295273065567017
334.5459899902344,0.0,0.0,0.0,4.732992172241211,0.06893128901720047,-0.052546851336956024,5.1633100509643555,-0.062043461948633194
241.85800170898438,0.0,0.0,0.0,3.173222064971924,0.018260188400745392,-0.033641666173934937,3.340357780456543,-0.016179954633116722
279.0140075683594,0.0,0.0,0.0,2.624901533126831,-0.20356278121471405,0.3837079703807831,3.18215274810791,0.4598151743412018
739.1939697265625,0.0,0.0,0.0,3.737839937210083,0.49855098128318787,-0.5219066143035889,3.486248254776001,-0.6561264991760254
309.4540100097656,0.0,0.0,0.0,4.559398651123047,-0.32575705647468567,0.1699923276901245,4.7927045822143555,0.17752599716186523
273.2179870605469,0.0,0.0,0.0,2.043365240097046,-0.012012881226837635,0.05020597577095032,2.11489200592041,0.05054120719432831
146.30599975585938,0.0,0.0,0.0,4.166361331939697,-0.1977623701095581,0.19671057164669037,3.3021421432495117,0.34627699851989746
443.91400146484375,0.0,0.0,0.0,4.078020095825195,-0.3727825880050659,0.34973567724227905,4.272751808166504,0.3387323319911957
189.19000244140625,0.0,0.0,0.0,3.0316011905670166,-0.24666783213615417,0.39847198128700256,3.3585524559020996,0.38248488306999207
238.80599975585938,0.0,0.0,0.0,4.60154390335083,0.02246047556400299,-0.050308771431446075,4.794771671295166,-0.04710521921515465
362.3219909667969,0.0,0.0,0.0,2.5173306465148926,0.28003665804862976,-0.5577673316001892,2.5155651569366455,-0.5867812633514404
557.3699951171875,0.0,0.0,0.0,3.1056602001190186,-0.3256356716156006,0.5141839385032654,3.598782539367676,0.607962429523468
69.04199981689453,0.0,0.0,0.0,3.2274696826934814,0.12227866798639297,-0.0863165408372879,3.621004819869995,-0.11921531707048416
942.197998046875,0.0,0.0,0.0,4.639860153198242,0.16360117495059967,-0.12493190169334412,4.735855579376221,-0.11460714042186737
77.5260009765625,0.0,0.0,0.0,3.9574313163757324,0.41964346170425415,-0.32510626316070557,3.8330793380737305,-0.3808031976222992
980.9099731445312,0.0,0.0,0.0,4.4674601554870605,0.2997280955314636,-0.13576698303222656,4.827220916748047,-0.1409241408109665
523.114013671875,0.0,0.0,0.0,3.8367373943328857,0.4494117498397827,-0.5256134271621704,3.565192937850952,-0.5111962556838989
870.4420166015625,0.0,0.0,0.0,3.986582040786743,-0.3856610953807831,0.3615450859069824,4.050764560699463,0.2572934329509735
934.1699829101562,0.0,0.0,0.0,3.6136512756347656,-0.10134416073560715,0.10535821318626404,3.3670766353607178,0.07974260300397873
979.75,0.0,0.0,0.0,4.399876117706299,0.23169170320034027,-0.16002056002616882,4.3486833572387695,-0.2430030256509781
666.9860229492188,0.0,0.0,0.0,4.772370338439941,0.029211534187197685,-0.02076810598373413,4.819425582885742,-0.03254500776529312
352.0740051269531,0.0,0.0,0.0,4.649230003356934,-0.1588507741689682,0.08880789577960968,4.69482946395874,0.14704033732414246
253.58599853515625,0.0,0.0,0.0,4.625643253326416,0.020863056182861328,0.03312942758202553,4.427627086639404,0.05298672616481781
687.8460083007812,0.0,0.0,0.0,1.6884222030639648,0.11050494760274887,-0.3809961676597595,1.816270112991333,-0.6154364943504333
139.68600463867188,0.0,0.0,0.0,3.275480031967163,0.37581300735473633,-0.5483329892158508,3.724219799041748,-0.5354393720626831
285.3819885253906,0.0,0.0,0.0,4.264268398284912,-0.45999717712402344,0.32594648003578186,4.343013286590576,0.4585471749305725
415.95001220703125,0.0,0.0,0.0,3.9548134803771973,0.4731394648551941,-0.35508793592453003,4.199777603149414,-0.35438066720962524
790.0819702148438,0.0,0.0,0.0,1.8253105878829956,-0.14096565544605255,0.5169326066970825,1.9467524290084839,0.6023626923561096
715.8060302734375,0.0,0.0,0.0,4.487987041473389,-0.40982499718666077,0.2919972240924835,4.927623748779297,0.3698098063468933
429.3500061035156,0.0,0.0,0.0,3.8116114139556885,-0.34663328528404236,0.2710811495780945,3.8900303840637207,0.4063645899295807
968.073974609375,0.0,0.0,0.0,4.322476387023926,-0.32950201630592346,0.2078358680009842,4.339548110961914,0.19103136658668518
199.95799255371094,0.0,0.0,0.0,2.470118522644043,-0.2695201337337494,0.47091177105903625,2.7842657566070557,0.6682154536247253
612.302001953125,0.0,0.0,0.0,3.4711129665374756,-0.507699191570282,0.49964529275894165,3.6735448837280273,0.6278029084205627
226.51800537109375,0.0,0.0,0.0,4.305349349975586,0.32416701316833496,-0.32381224632263184,3.886406660079956,-0.3428035080432892
356.8500061035156,0.0,0.0,0.0,3.5048818588256836,-0.025356115773320198,0.03689802810549736,3.4201841354370117,0.025785990059375763
954.35400390625,0.0,0.0,0.0,4.577291965484619,-0.2615366280078888,0.33912089467048645,4.372732162475586,0.416951984167099
137.47000122070312,0.0,0.0,0.0,3.061027765274048,0.44393742084503174,-0.5755524635314941,2.7812788486480713,-0.7251726984977722
657.6740112304688,0.0,0.0,0.0,4.503015518188477,0.22733944654464722,-0.2463594228029251,4.043190002441406,-0.36621254682540894
931.281982421875,0.0,0.0,0.0,4.561609268188477,0.10740690678358078,-0.03554443269968033,5.024840831756592,-0.09936805814504623
389.84600830078125,0.0,0.0,0.0,3.2838499546051025,0.4080972373485565,-0.5032848119735718,3.404921770095825,-0.6070504784584045
421.95001220703125,0.0,0.0,0.0,4.730044841766357,0.11935897171497345,-0.04029944911599159,4.747954368591309,-0.06338370591402054
682.3380126953125,0.0,0.0,0.0,4.447880268096924,0.2742190659046173,-0.1833038330078125,4.4964423179626465,-0.2288866937160492
526.5419921875,0.0,0.0,0.0,2.613401174545288,0.4341561198234558,-0.7304053902626038,2.8336472511291504,-0.7929450273513794
294.85400390625,0.0,0.0,0.0,4.5445990562438965,0.057157304137945175,-0.024353496730327606,4.745352745056152,-0.0586371012032032
297.4179992675781,0.0,0.0,0.0,4.636546611785889,-0.14077843725681305,0.14853134751319885,4.734094619750977,0.1661364734172821
966.8419799804688,0.0,0.0,0.0,3.753293752670288,-0.4156704843044281,0.4612073302268982,4.234318256378174,0.4959793984889984
818.2659912109375,0.0,0.0,0.0,3.3014230728149414,0.44470980763435364,-0.5057042837142944,3.5405728816986084,-0.5721207857131958
803.0780029296875,0.0,0.0,0.0,2.1376800537109375,-0.3211723268032074,0.8165108561515808,2.1148641109466553,0.8263933062553406
257.95001220703125,0.0,0.0,0.0,3.5518908500671387,0.24946404993534088,-0.21530237793922424,3.8639349937438965,-0.23237229883670807
622.6380004882812,0.0,0.0,0.0,4.298864841461182,-0.36957818269729614,0.23459646105766296,4.756046772003174,0.28555530309677124
908.3140258789062,0.0,0.0,0.0,4.337862491607666,0.3237735629081726,-0.17663832008838654,4.394545078277588,-0.25711992383003235
791.0859985351562,0.0,0.0,0.0,1.9410043954849243,-0.16588960587978363,0.5310528874397278,2.172497272491455,0.5984714031219482
73.4219970703125,0.0,0.0,0.0,4.464179039001465,0.02463461644947529,-0.022186921909451485,4.725033283233643,-0.08582212030887604
559.9299926757812,0.0,0.0,0.0,4.559786319732666,-0.23298510909080505,0.07419642060995102,4.953999996185303,0.03823401778936386
351.6619873046875,0.0,0.0,0.0,4.689886093139648,-0.16644127666950226,0.1326085329055786,4.516042232513428,0.14012446999549866
574.5460205078125,0.0,0.0,0.0,4.323606967926025,0.46816685795783997,-0.3559565842151642,4.398258686065674,-0.39074569940567017
835.97802734375,0.0,0.0,0.0,4.461172580718994,0.38766351342201233,-0.26078763604164124,4.7525954246521,-0.3250891864299774
937.5339965820312,0.0,0.0,0.0,3.4162371158599854,-0.2900387942790985,0.3396689295768738,3.7928667068481445,0.42888379096984863
907.4860229492188,0.0,0.0,0.0,4.099433898925781,0.42708635330200195,-0.3246477246284485,4.702637195587158,-0.2438000738620758
572.2780151367188,0.0,0.0,0.0,4.10085916519165,0.4630431532859802,-0.488928884267807,4.205000877380371,-0.4811039865016937
499.5140075683594,0.0,0.0,0.0,2.3438880443573,0.00013255140220280737,-0.08130743354558945,2.2155110836029053,-0.06362241506576538
107.08599853515625,0.0,0.0,0.0,3.7927699089050293,0.5176070332527161,-0.6438533067703247,3.5587158203125,-0.7405263185501099
678.8779907226562,0.0,0.0,0.0,4.118685722351074,-0.48863664269447327,0.40018385648727417,4.4864115715026855,0.3141404390335083
169.6540069580078,0.0,0.0,0.0,4.575232028961182,-0.19919656217098236,0.11469428986310959,4.752096176147461,0.12115906924009323
655.302001953125,0.0,0.0,0.0,3.9304041862487793,0.43263569474220276,-0.399555504322052,4.339796543121338,-0.4583042860031128
307.010009765625,0.0,0.0,0.0,4.1793084144592285,-0.5208112001419067,0.42190876603126526,4.3484697341918945,0.4712560772895813
786.4979858398438,0.0,0.0,0.0,2.5596187114715576,-0.11281371116638184,0.2540545165538788,2.305094003677368,0.22688913345336914
990.093994140625,0.0,0.0,0.0,4.442992687225342,0.3503872752189636,-0.30428197979927063,4.755478382110596,-0.2701384425163269
113.0780029296875,0.0,0.0,0.0,3.9868247509002686,0.38743874430656433,-0.38201144337654114,4.372369289398193,-0.3936329483985901
170.08599853515625,0.0,0.0,0.0,4.615899085998535,-0.2036418914794922,0.14587223529815674,4.589659214019775,0.09706643968820572
675.43798828125,0.0,0.0,0.0,3.502202272415161,-0.3852837085723877,0.3778393566608429,3.545302629470825,0.4322117269039154
838.1939697265625,0.0,0.0,0.0,4.692282199859619,0.24756109714508057,-0.1876576542854309,4.512753486633301,-0.29849541187286377
287.1860046386719,0.0,0.0,0.0,4.407169342041016,-0.4504711627960205,0.3429126739501953,4.789367198944092,0.3726006746292114
281.7820129394531,0.0,0.0,0.0,3.8328778743743896,-0.38967838883399963,0.37156954407691956,3.9973888397216797,0.4379809498786926
583.64599609375,0.0,0.0,0.0,4.604512691497803,0.281277060508728,-0.12522481381893158,4.8363037109375,-0.3022513687610626
569.5700073242188,0.0,0.0,0.0,4.442335605621338,0.2540782690048218,-0.3336848318576813,4.412471294403076,-0.3711695075035095
475.510009765625,0.0,0.0,0.0,3.64052414894104,0.3951164782047272,-0.37844669818878174,3.921592950820923,-0.3599148988723755
876.8779907226562,0.0,0.0,0.0,1.8063488006591797,-0.1413358598947525,0.4073612093925476,1.8388243913650513,0.4151672124862671
468.3219909667969,0.0,0.0,0.0,4.504024505615234,-0.21454060077667236,0.11449703574180603,5.043750762939453,0.14089404046535492
920.9500122070312,0.0,0.0,0.0,3.0993552207946777,-0.28435105085372925,0.4219290018081665,3.1681766510009766,0.49881118535995483
280.489990234375,0.0,0.0,0.0,3.5119330883026123,-0.2701786160469055,0.3546832501888275,3.6899971961975098,0.44782617688179016
706.9340209960938,0.0,0.0,0.0,4.668990612030029,-0.033807456493377686,0.11743126064538956,5.042055130004883,0.14076855778694153
429.802001953125,0.0,0.0,0.0,3.81854510307312,-0.2819722890853882,0.2172074317932129,4.0485992431640625,0.2885154187679291
686.2659912109375,0.0,0.0,0.0,3.4491493701934814,0.36656996607780457,-0.41364553570747375,3.047013521194458,-0.39290714263916016
1001.197998046875,0.0,0.0,0.0,3.158863067626953,0.012051970697939396,-0.01277774665504694,2.9399750232696533,-0.020435480400919914
150.18600463867188,0.0,0.0,0.0,3.3938937187194824,-0.38493600487709045,0.44935116171836853,3.7877230644226074,0.5685464143753052
799.2979736328125,0.0,0.0,0.0,4.428913593292236,-0.37727540731430054,0.30392229557037354,4.532820701599121,0.3589635491371155
374.7380065917969,0.0,0.0,0.0,3.7254366874694824,-0.3260992169380188,0.4496532082557678,3.755770206451416,0.5492165088653564
734.9459838867188,0.0,0.0,0.0,2.890366792678833,0.35690680146217346,-0.6016568541526794,3.2280113697052,-0.6355718970298767
181.14999389648438,0.0,0.0,0.0,1.882413387298584,-0.14166255295276642,0.46788597106933594,2.0338616371154785,0.5420135855674744
998.0780029296875,0.0,0.0,0.0,4.450770378112793,0.15144553780555725,-0.10190016776323318,4.602116107940674,-0.18364065885543823
867.6339721679688,0.0,0.0,0.0,2.7066588401794434,-0.3615812659263611,0.5542935729026794,3.091503620147705,0.7110774517059326
979.177978515625,0.0,0.0,0.0,4.248406887054443,0.332550972700119,-0.18585902452468872,4.352745056152344,-0.24069757759571075
999.8980102539062,0.0,0.0,0.0,3.7803046703338623,0.06080698221921921,-0.022809218615293503,3.5450754165649414,-0.053091537207365036
200.91000366210938,0.0,0.0,0.0,1.9026801586151123,-0.20950737595558167,0.5612157583236694,2.087552309036255,0.737664520740509
425.34600830078125,0.0,0.0,0.0,4.52020788192749,-0.08029386401176453,0.1687156856060028,4.578808784484863,0.2840999960899353
929.1220092773438,0.0,0.0,0.0,4.5445122718811035,-0.20760227739810944,0.0861206203699112,5.068458080291748,0.06348562985658646
852.302001953125,0.0,0.0,0.0,4.391277313232422,-0.39496979117393494,0.35497164726257324,4.352594375610352,0.42568904161453247
276.2860107421875,0.0,0.0,0.0,1.5761200189590454,-0.031924355775117874,0.15074536204338074,1.5941243171691895,0.15824264287948608
271.4179992675781,0.0,0.0,0.0,2.349544048309326,0.2107909768819809,-0.49419891834259033,2.633810043334961,-0.5894142389297485
533.85400390625,0.0,0.0,0.0,3.5959343910217285,0.40058407187461853,-0.45184433460235596,3.9692654609680176,-0.4751269817352295
695.3740234375,0.0,0.0,0.0,4.547978401184082,0.2607921361923218,-0.07965979725122452,4.895793437957764,-0.1679551601409912
827.510009765625,0.0,0.0,0.0,4.57960319519043,0.361494779586792,-0.32901787757873535,4.77553653717041,-0.3904712200164795
220.42599487304688,0.0,0.0,0.0,3.3419790267944336,0.35402631759643555,-0.44494521617889404,3.2375175952911377,-0.5414844155311584
716.4140014648438,0.0,0.0,0.0,4.464951515197754,-0.45053932070732117,0.3015427589416504,4.45851993560791,0.38212352991104126
561.2940063476562,0.0,0.0,0.0,3.871450185775757,0.2672577500343323,-0.40440303087234497,3.2657341957092285,-0.5925672650337219
470.70599365234375,0.0,0.0,0.0,4.713775634765625,-0.06658321619033813,0.010935560800135136,4.884618759155273,-0.06675597280263901
205.17799377441406,0.0,0.0,0.0,2.078301429748535,-0.224810391664505,0.6780906915664673,2.079256057739258,0.7219932675361633
65.85399627685547,0.0,0.0,0.0,2.061201572418213,0.04837251827120781,-0.13939747214317322,2.3704323768615723,-0.17238172888755798
610.1939697265625,0.0,0.0,0.0,4.2967658042907715,-0.45765864849090576,0.3405105769634247,4.388608932495117,0.43041667342185974
522.7100219726562,0.0,0.0,0.0,4.139029026031494,0.3286201059818268,-0.3832060992717743,3.8861544132232666,-0.4810100495815277
492.6700134277344,0.0,0.0,0.0,4.567934036254883,0.18356190621852875,-0.08212124556303024,4.895624160766602,0.009617962874472141
486.5220031738281,0.0,0.0,0.0,3.587742567062378,0.3880491852760315,-0.37449806928634644,3.798142910003662,-0.4571985900402069
546.64599609375,0.0,0.0,0.0,1.767948865890503,-0.1450415998697281,0.5509071946144104,1.920947790145874,0.6440441608428955
452.802001953125,0.0,0.0,0.0,4.504357814788818,-0.09829437732696533,0.0492963045835495,4.883782386779785,0.09128075838088989
413.49798583984375,0.0,0.0,0.0,4.478384017944336,0.2696942687034607,-0.18233367800712585,4.780269145965576,-0.24391305446624756
187.67799377441406,0.0,0.0,0.0,2.234524965286255,-0.1537511795759201,0.3705988824367523,2.4030559062957764,0.3774636387825012
724.0460205078125,0.0,0.0,0.0,4.109609127044678,-0.548791766166687,0.4282900094985962,4.514444828033447,0.48279690742492676
565.9539794921875,0.0,0.0,0.0,3.455744504928589,0.43571022152900696,-0.4233405292034149,3.939497470855713,-0.5381937026977539
817.0659790039062,0.0,0.0,0.0,3.0898773670196533,0.4230635166168213,-0.5909192562103271,3.2677624225616455,-0.6470960378646851
950.6740112304688,0.0,0.0,0.0,4.772284030914307,-0.18525683879852295,0.07419715821743011,4.994305610656738,0.08998718857765198
982.3619995117188,0.0,0.0,0.0,4.611047267913818,0.20765320956707,-0.0483340322971344,5.007433891296387,-0.015864955261349678
764.7420043945312,0.0,0.0,0.0,4.452031135559082,0.1696043461561203,-0.0753561332821846,4.752108573913574,-0.0834866389632225
944.177978515625,0.0,0.0,0.0,4.695980072021484,0.1795080602169037,-0.09514768421649933,4.565793514251709,-0.15278702974319458
520.3740234375,0.0,0.0,0.0,4.615942478179932,0.04848180711269379,-0.053542397916316986,4.751505374908447,-0.019154634326696396
278.885986328125,0.0,0.0,0.0,2.537757396697998,-0.19678297638893127,0.40884557366371155,2.887190103530884,0.4178115725517273
859.8140258789062,0.0,0.0,0.0,4.685738563537598,-0.02478543110191822,0.004207550082355738,4.959338665008545,0.018529286608099937
344.46600341796875,0.0,0.0,0.0,3.346951961517334,-0.5228031873703003,0.5773881673812866,3.4911398887634277,0.5994232892990112
448.14599609375,0.0,0.0,0.0,3.963481903076172,-0.3685600161552429,0.3025647699832916,4.087401390075684,0.3646920621395111
388.24200439453125,0.0,0.0,0.0,4.664925575256348,-0.013410446234047413,-0.026733264327049255,4.691261291503906,-0.06844495236873627
249.91000366210938,0.0,0.0,0.0,4.2967848777771,0.23722034692764282,-0.11233963072299957,4.752638339996338,-0.1841237097978592
870.1740112304688,0.0,0.0,0.0,3.7806990146636963,-0.37164896726608276,0.3072305917739868,4.229762554168701,0.3724922835826874
846.7459716796875,0.0,0.0,0.0,3.517895221710205,-0.4293496012687683,0.5137323141098022,3.8297832012176514,0.5982224345207214
222.05799865722656,0.0,0.0,0.0,3.7708241939544678,0.365714967250824,-0.331498920917511,4.004822731018066,-0.3477188050746918
231.6739959716797,0.0,0.0,0.0,4.304402828216553,0.3643723726272583,-0.2663685977458954,4.814672470092773,-0.21437670290470123
168.06199645996094,0.0,0.0,0.0,4.50152063369751,-0.4228542447090149,0.30010664463043213,4.591818332672119,0.3072068393230438
462.7019958496094,0.0,0.0,0.0,3.3571858406066895,-0.3720993101596832,0.5617613196372986,2.821171998977661,0.6235907077789307
122.38999938964844,0.0,0.0,0.0,4.693026065826416,0.0662190392613411,0.013933214358985424,4.761959552764893,-0.03510814160108566
565.8140258789062,0.0,0.0,0.0,3.369575023651123,0.43344584107398987,-0.4623323082923889,3.783297538757324,-0.5082865953445435
596.385986328125,0.0,0.0,0.0,3.4729855060577393,-0.27504459023475647,0.30618345737457275,3.7259416580200195,0.29723086953163147
972.5020141601562,0.0,0.0,0.0,4.663264274597168,0.0138543164357543,-0.006952289026230574,4.992555618286133,-0.008691038005053997
607.4500122070312,0.0,0.0,0.0,4.290622234344482,-0.40573567152023315,0.3279185891151428,4.731761932373047,0.4105176627635956
846.0540161132812,0.0,0.0,0.0,3.368354320526123,-0.39947932958602905,0.5138148665428162,3.6160664558410645,0.7070050239562988
105.58999633789062,0.0,0.0,0.0,2.9576895236968994,0.37990638613700867,-0.5754715800285339,3.356759786605835,-0.6301760077476501
200.08599853515625,0.0,0.0,0.0,2.494643211364746,-0.27096793055534363,0.5646482706069946,2.3605103492736816,0.6513786911964417
518.1259765625,0.0,0.0,0.0,4.432680130004883,0.2413708120584488,-0.1690264642238617,4.1208906173706055,-0.1206967756152153
762.3980102539062,0.0,0.0,0.0,3.85146427154541,0.4421592354774475,-0.4182671308517456,3.9858524799346924,-0.36111128330230713
93.96199798583984,0.0,0.0,0.0,4.498723983764648,0.10287903994321823,0.03305250406265259,4.618698596954346,0.0006317828665487468
802.4340209960938,0.0,0.0,0.0,2.5288970470428467,-0.37004292011260986,0.7314440011978149,2.483950138092041,0.803712785243988
436.3139953613281,0.0,0.0,0.0,3.4522297382354736,-0.1840740442276001,0.1725577414035797,3.453402042388916,0.1516002118587494
658.677978515625,0.0,0.0,0.0,3.3248813152313232,0.5116250514984131,-0.6397517323493958,3.1451351642608643,-0.6606793999671936
548.3419799804688,0.0,0.0,0.0,1.7909795045852661,-0.17399178445339203,0.6043259501457214,1.9872575998306274,0.750324547290802
160.52200317382812,0.0,0.0,0.0,4.300267696380615,-0.4316900074481964,0.2890535593032837,4.529452323913574,0.23403656482696533
860.1220092773438,0.0,0.0,0.0,4.6279730796813965,-0.055994968861341476,0.10428617149591446,4.26704740524292,0.22128929197788239
500.07000732421875,0.0,0.0,0.0,2.142077922821045,0.07675386220216751,-0.22961923480033875,2.2925662994384766,-0.21751244366168976
628.4739990234375,0.0,0.0,0.0,4.076839923858643,-0.02709045633673668,0.15349458158016205,3.4509434700012207,0.17004574835300446
961.4619750976562,0.0,0.0,0.0,4.462138652801514,-0.43287914991378784,0.3183964788913727,4.557129383087158,0.2554524540901184
697.4340209960938,0.0,0.0,0.0,4.69460916519165,-0.004409050103276968,0.0008495139773003757,4.6576666831970215,-0.03725143149495125
146.51400756835938,0.0,0.0,0.0,3.690310478210449,-0.2812044620513916,0.383807897567749,2.7781898975372314,0.5449045896530151
595.43798828125,0.0,0.0,0.0,2.874382734298706,-0.21772770583629608,0.3762286305427551,3.205369710922241,0.42327070236206055
113.27799987792969,0.0,0.0,0.0,4.055474758148193,0.41826361417770386,-0.35662639141082764,4.0426764488220215,-0.41300493478775024
126.02200317382812,0.0,0.0,0.0,4.634489059448242,0.20603500306606293,-0.04876895993947983,4.547277450561523,-0.17223304510116577
414.1300048828125,0.0,0.0,0.0,4.355562686920166,0.30700430274009705,-0.29248878359794617,4.331503391265869,-0.4065713584423065
284.36199951171875,0.0,0.0,0.0,4.144201755523682,-0.5031337141990662,0.38255512714385986,4.354346752166748,0.4598535895347595
246.6020050048828,0.0,0.0,0.0,2.4500303268432617,0.21906501054763794,-0.505605161190033,2.935821056365967,-0.49867895245552063
993.7219848632812,0.0,0.0,0.0,3.511478900909424,0.5020623803138733,-0.5046448707580566,4.038944244384766,-0.6834368705749512
792.614013671875,0.0,0.0,0.0,2.456225872039795,-0.28472861647605896,0.6228068470954895,2.803232431411743,0.8300647139549255
158.1739959716797,0.0,0.0,0.0,4.270575046539307,-0.5001515746116638,0.4683016240596771,4.29062032699585,0.5408180356025696
193.87399291992188,0.0,0.0,0.0,4.606022357940674,-0.12051357328891754,0.017161961644887924,4.872064590454102,-0.0019748839549720287
571.0540161132812,0.0,0.0,0.0,3.76574444770813,0.4482613801956177,-0.42658156156539917,4.149415016174316,-0.40679097175598145
585.614013671875,0.0,0.0,0.0,4.216550350189209,0.375042200088501,-0.2785569727420807,4.650710582733154,-0.3302832841873169
441.3139953613281,0.0,0.0,0.0,3.415992498397827,-0.2898440361022949,0.36932456493377686,3.571993112564087,0.32212314009666443
219.197998046875,0.0,0.0,0.0,3.1596481800079346,0.2620263397693634,-0.27916017174720764,3.611372947692871,-0.37565675377845764
863.5659790039062,0.0,0.0,0.0,4.324036121368408,-0.2986549437046051,0.1797064244747162,4.782886028289795,0.1140691488981247
663.9860229492188,0.0,0.0,0.0,4.537099361419678,0.3483654260635376,-0.16010098159313202,4.825257301330566,-0.24863730370998383
806.0020141601562,0.0,0.0,0.0,2.1968729496002197,-0.25044459104537964,0.7145059108734131,2.4283032417297363,0.6329122185707092
990.7860107421875,0.0,0.0,0.0,4.418657302856445,0.34667205810546875,-0.26617005467414856,4.743720531463623,-0.34912940859794617
670.64599609375,0.0,0.0,0.0,3.819300889968872,-0.32973363995552063,0.338785856962204,4.406113624572754,0.3156845271587372
152.69000244140625,0.0,0.0,0.0,4.3535075187683105,-0.3080150783061981,0.3317394256591797,4.354852676391602,0.45412370562553406
319.4700012207031,0.0,0.0,0.0,4.707774639129639,-0.14866603910923004,0.09901753067970276,4.627458572387695,0.07603370398283005
827.8779907226562,0.0,0.0,0.0,4.450073719024658,0.4333885610103607,-0.30560359358787537,4.292231559753418,-0.33421236276626587
759.510009765625,0.0,0.0,0.0,4.489878177642822,0.25422707200050354,-0.1371753215789795,4.571730613708496,-0.23527781665325165
702.4019775390625,0.0,0.0,0.0,4.519967555999756,0.25645890831947327,-0.17193716764450073,4.746426582336426,-0.1939784586429596
661.1339721679688,0.0,0.0,0.0,3.964780807495117,0.44411852955818176,-0.3938203752040863,4.158829689025879,-0.40004202723503113
79.84200286865234,0.0,0.0,0.0,4.265107154846191,0.21659442782402039,-0.10232346504926682,4.523311138153076,-0.0880623534321785
911.197998046875,0.0,0.0,0.0,4.669587135314941,0.12442556768655777,-0.08072935789823532,4.239760398864746,-0.14728137850761414
859.9099731445312,0.0,0.0,0.0,4.717894077301025,-0.01908201351761818,0.03076479211449623,4.376723766326904,0.10940653085708618
444.6940002441406,0.0,0.0,0.0,4.209010601043701,-0.3711281716823578,0.2904995083808899,4.187103748321533,0.379604697227478
836.9459838867188,0.0,0.0,0.0,4.579226016998291,0.2544097602367401,-0.16868802905082703,4.825641632080078,-0.1271330863237381
890.9500122070312,0.0,0.0,0.0,3.6807374954223633,0.431292325258255,-0.4700668156147003,3.949807643890381,-0.5698969960212708
847.0859985351562,0.0,0.0,0.0,3.6610567569732666,-0.43807294964790344,0.37265291810035706,4.096103191375732,0.4802674949169159
627.2459716796875,0.0,0.0,0.0,4.2552409172058105,0.25185516476631165,-0.22948704659938812,4.261124610900879,-0.11566577106714249
380.25799560546875,0.0,0.0,0.0,4.034235000610352,-0.5061419010162354,0.36362600326538086,4.423897743225098,0.3369540274143219
829.2459716796875,0.0,0.0,0.0,4.414699554443359,0.3551085889339447,-0.2552187442779541,4.9596991539001465,-0.25393280386924744
564.8460083007812,0.0,0.0,0.0,2.781087875366211,0.40613412857055664,-0.6573723554611206,3.207551956176758,-0.7618691325187683
124.9739990234375,0.0,0.0,0.0,4.693182468414307,0.16839466989040375,-0.07865316420793533,4.504008769989014,-0.12841327488422394
71.22599792480469,0.0,0.0,0.0,4.064901828765869,0.11043095588684082,-0.025875480845570564,4.176830291748047,-0.029267026111483574
789.9860229492188,0.0,0.0,0.0,1.7957103252410889,-0.13577476143836975,0.5038032531738281,1.9884217977523804,0.5807230472564697
278.6780090332031,0.0,0.0,0.0,2.422488212585449,-0.17808260023593903,0.41593554615974426,2.6937365531921387,0.3969592750072479
962.9580078125,0.0,0.0,0.0,4.556271553039551,-0.37248557806015015,0.19217081367969513,4.768138885498047,0.21682801842689514
462.91400146484375,0.0,0.0,0.0,2.9411122798919678,-0.40204960107803345,0.6060158014297485,2.922260046005249,0.7532638311386108
930.0339965820312,0.0,0.0,0.0,4.757572650909424,-0.05069752782583237,-0.037515927106142044,4.854978561401367,-0.019476043060421944
231.1540069580078,0.0,0.0,0.0,4.147799968719482,0.40440863370895386,-0.3067946135997772,4.09426212310791,-0.3058508634567261
890.85400390625,0.0,0.0,0.0,3.638599157333374,0.4189055263996124,-0.48694148659706116,4.002993106842041,-0.5518483519554138
669.5339965820312,0.0,0.0,0.0,3.930936813354492,-0.4197380840778351,0.40353167057037354,3.687459945678711,0.4060356020927429
136.58599853515625,0.0,0.0,0.0,4.578166484832764,0.046467967331409454,-0.08178213983774185,4.3862786293029785,-0.24722525477409363
322.302001953125,0.0,0.0,0.0,4.670125484466553,-0.23434995114803314,0.17516860365867615,4.842090129852295,0.08887403458356857
601.8460083007812,0.0,0.0,0.0,4.036716938018799,-0.4647939205169678,0.4031544625759125,4.4242095947265625,0.3997625410556793
396.9179992675781,0.0,0.0,0.0,4.6356048583984375,0.16939431428909302,-0.08024884015321732,4.919103145599365,-0.15240594744682312
366.3380126953125,0.0,0.0,0.0,3.789867639541626,0.45474138855934143,-0.4014829695224762,4.179062843322754,-0.4974350929260254
347.8699951171875,0.0,0.0,0.0,4.368987560272217,-0.38663384318351746,0.33136674761772156,4.2942609786987305,0.339627742767334
856.030029296875,0.0,0.0,0.0,4.605351448059082,-0.22732117772102356,0.09425267577171326,4.8006086349487305,0.10567032545804977
71.98999786376953,0.0,0.0,0.0,4.191440105438232,0.08587054908275604,-0.027597561478614807,4.4855055809021,-0.06218087300658226
634.7780151367188,0.0,0.0,0.0,2.2572245597839355,-0.04174282029271126,0.09590257704257965,2.292020797729492,0.07260272651910782
145.8179931640625,0.0,0.0,0.0,4.6918230056762695,-0.06099362671375275,0.045858804136514664,4.746742248535156,0.13533496856689453
143.2220001220703,0.0,0.0,0.0,4.569118976593018,-0.04527297243475914,0.07351076602935791,5.0277419090271,0.12798207998275757
945.0059814453125,0.0,0.0,0.0,4.657494068145752,0.0801643431186676,0.02805814892053604,4.936598300933838,-0.001316496287472546
257.22601318359375,0.0,0.0,0.0,3.3023927211761475,0.22023724019527435,-0.318261057138443,3.6289968490600586,-0.30043989419937134
699.8460083007812,0.0,0.0,0.0,3.6571359634399414,0.4317134618759155,-0.4115096628665924,4.171021461486816,-0.534618079662323
110.10600280761719,0.0,0.0,0.0,2.9866714477539062,0.42745241522789,-0.6273915767669678,3.094120740890503,-0.6872431039810181
289.5459899902344,0.0,0.0,0.0,4.610555171966553,-0.25616228580474854,0.2379872351884842,4.094779968261719,0.45871320366859436
721.3820190429688,0.0,0.0,0.0,4.474377155303955,-0.3033507466316223,0.22335630655288696,4.581338882446289,0.22685912251472473
174.68600463867188,0.0,0.0,0.0,2.5664889812469482,-0.2782682776451111,0.5028393864631653,2.404372453689575,0.5627375245094299
334.79400634765625,0.0,0.0,0.0,4.80817985534668,0.07842883467674255,-0.05746852234005928,5.332033634185791,-0.03793128952383995
706.14599609375,0.0,0.0,0.0,4.775856018066406,0.06295310705900192,-0.02339956909418106,4.736509323120117,0.07957153767347336
808.7420043945312,0.0,0.0,0.0,4.219207763671875,-0.008388244546949863,0.01418314129114151,4.56479549407959,0.023247938603162766
836.1820068359375,0.0,0.0,0.0,4.524831295013428,0.4085995554924011,-0.28326576948165894,4.663641929626465,-0.13581277430057526
762.2979736328125,0.0,0.0,0.0,3.7574493885040283,0.42879733443260193,-0.46535253524780273,4.305865287780762,-0.4984683096408844
136.78599548339844,0.0,0.0,0.0,4.422242164611816,0.16945451498031616,-0.3123253881931305,3.9222285747528076,-0.4321679472923279
681.5180053710938,0.0,0.0,0.0,4.514252662658691,0.16791951656341553,-0.21611720323562622,4.567898273468018,-0.2224736362695694
910.7420043945312,0.0,0.0,0.0,4.640883445739746,0.06636056303977966,-0.054873086512088776,4.76853609085083,-0.13217966258525848
592.2020263671875,0.0,0.0,0.0,1.7928739786148071,0.18778865039348602,-0.583465039730072,1.930622935295105,-0.5749324560165405
306.65399169921875,0.0,0.0,0.0,4.2126994132995605,-0.47557777166366577,0.4472556710243225,4.723686218261719,0.5156981348991394
155.97799682617188,0.0,0.0,0.0,3.8013803958892822,-0.5130033493041992,0.436367392539978,3.7961580753326416,0.49943721294403076
665.8779907226562,0.0,0.0,0.0,4.758759498596191,0.21731647849082947,-0.11855591833591461,4.865914821624756,-0.010985427536070347
682.64599609375,0.0,0.0,0.0,4.4418110847473145,0.28930553793907166,-0.2274359166622162,4.586252212524414,-0.1965012103319168
332.885986328125,0.0,0.0,0.0,4.673446178436279,-0.1420924961566925,0.08416782319545746,4.87510871887207,0.11171207576990128
172.18600463867188,0.0,0.0,0.0,3.429842472076416,-0.469844251871109,0.5408432483673096,2.813673734664917,0.6517300009727478
741.2020263671875,0.0,0.0,0.0,3.0791983604431152,0.3597283363342285,-0.4947906732559204,3.0815556049346924,-0.5725775361061096
683.7420043945312,0.0,0.0,0.0,4.308435916900635,0.30380821228027344,-0.37658077478408813,3.6307361125946045,-0.47098055481910706
294.9580078125,0.0,0.0,0.0,4.541616916656494,0.05168907344341278,-0.08188214898109436,4.834652900695801,-0.03829140588641167
325.4859924316406,0.0,0.0,0.0,4.656009674072266,-0.320685476064682,0.26808851957321167,4.839148044586182,0.20916110277175903
497.8580017089844,0.0,0.0,0.0,3.2079529762268066,-0.004596810322254896,-0.006036725360900164,3.147782802581787,0.01652696169912815
708.43798828125,0.0,0.0,0.0,4.613245964050293,-0.28990334272384644,0.14124149084091187,4.635140895843506,0.21334075927734375
265.3179931640625,0.0,0.0,0.0,4.70526647567749,0.04114331305027008,-0.013329559937119484,4.927440166473389,-0.031152596697211266
221.69000244140625,0.0,0.0,0.0,3.590547561645508,0.3736887276172638,-0.3771640658378601,4.035730838775635,-0.4746791124343872
98.62200164794922,0.0,0.0,0.0,4.6740593910217285,0.06360021978616714,-0.08254072815179825,4.75361967086792,0.009770326316356659
881.614013671875,0.0,0.0,0.0,3.503889799118042,-0.37799933552742004,0.4087143540382385,3.7902603149414062,0.44213274121284485
558.7100219726562,0.0,0.0,0.0,4.104641437530518,-0.3447722792625427,0.23515360057353973,4.583117961883545,0.3209270238876343
777.2139892578125,0.0,0.0,0.0,3.7083730697631836,0.4164043068885803,-0.4860442578792572,3.3714847564697266,-0.5542135834693909
999.197998046875,0.0,0.0,0.0,4.191861629486084,0.07530101388692856,-0.030005473643541336,4.3491530418396,-0.08891657739877701
163.49000549316406,0.0,0.0,0.0,4.199524879455566,-0.4278835654258728,0.28756386041641235,4.332122325897217,0.35954058170318604
548.7860107421875,0.0,0.0,0.0,1.7418543100357056,-0.17139925062656403,0.7027269601821899,1.9649502038955688,0.6908810138702393
815.6859741210938,0.0,0.0,0.0,4.704324722290039,0.0736885741353035,0.0327974371612072,4.912066459655762,0.027022674679756165
638.6900024414062,0.0,0.0,0.0,3.286044120788574,-0.22680483758449554,0.24993455410003662,3.5855910778045654,0.35071372985839844
687.2020263671875,0.0,0.0,0.0,2.257786273956299,0.1843627542257309,-0.3523533344268799,1.8039354085922241,-0.38529616594314575
637.5659790039062,0.0,0.0,0.0,2.9685990810394287,-0.13439540565013885,0.1883823573589325,3.025665044784546,0.21279750764369965
206.2100067138672,0.0,0.0,0.0,1.8351659774780273,-0.1966257095336914,0.642989456653595,1.9594569206237793,0.7549821138381958
311.93798828125,0.0,0.0,0.0,4.419661521911621,-0.3337652385234833,0.1981302797794342,4.511169910430908,0.22471289336681366
201.9219970703125,0.0,0.0,0.0,1.7333048582077026,-0.16320893168449402,0.5008518695831299,1.6417304277420044,0.5218724012374878
119.22200012207031,0.0,0.0,0.0,4.370945930480957,0.34027403593063354,-0.1974661946296692,4.5964531898498535,-0.19914063811302185
132.48599243164062,0.0,0.0,0.0,4.6310858726501465,0.21608494222164154,-0.1215909942984581,4.749917984008789,-0.09961406886577606
344.1419982910156,0.0,0.0,0.0,3.623931646347046,-0.5159305334091187,0.5955219864845276,3.4310996532440186,0.7636701464653015
690.43798828125,0.0,0.0,0.0,1.9524579048156738,0.15260203182697296,-0.44530120491981506,2.204573392868042,-0.5648735165596008
358.2019958496094,0.0,0.0,0.0,2.4969513416290283,-0.008254583925008774,-0.04993286728858948,2.2743008136749268,-0.05344093590974808
692.47802734375,0.0,0.0,0.0,3.249685525894165,0.3530895709991455,-0.4540193974971771,3.7660181522369385,-0.5482021570205688
725.3820190429688,0.0,0.0,0.0,4.37301778793335,-0.4085158407688141,0.2814570963382721,4.695652961730957,0.3417178690433502
86.35800170898438,0.0,0.0,0.0,3.2148537635803223,0.4299348294734955,-0.5104445219039917,3.4340949058532715,-0.6327950954437256
354.01800537109375,0.0,0.0,0.0,4.774668216705322,-0.06414470821619034,0.029035886749625206,4.718583583831787,0.06935297697782516
99.34600067138672,0.0,0.0,0.0,4.644811153411865,0.04223927855491638,0.040724556893110275,4.6538496017456055,-0.06701813638210297
289.29400634765625,0.0,0.0,0.0,4.592932224273682,-0.1658620834350586,0.09780529886484146,4.9420061111450195,0.272712379693985
494.885986328125,0.0,0.0,0.0,4.625897407531738,0.03421220928430557,0.037652309983968735,4.794256687164307,-0.015492567792534828
90.37000274658203,0.0,0.0,0.0,4.327279567718506,0.19908826053142548,-0.07299992442131042,4.350041389465332,-0.12507982552051544
305.5780029296875,0.0,0.0,0.0,4.593692779541016,-0.2253992110490799,0.135646790266037,4.623310565948486,0.13959020376205444
404.3699951171875,0.0,0.0,0.0,3.9256999492645264,0.2685585916042328,-0.2074635922908783,4.040990829467773,-0.23866888880729675
968.9500122070312,0.0,0.0,0.0,4.452060222625732,-0.21731659770011902,0.10600696504116058,4.7634429931640625,0.1424669772386551
718.885986328125,0.0,0.0,0.0,4.522917747497559,-0.3168005645275116,0.14854639768600464,4.678958892822266,0.16778141260147095
271.8179931640625,0.0,0.0,0.0,2.5349137783050537,0.23116859793663025,-0.39928993582725525,2.8282923698425293,-0.4256541430950165
269.4259948730469,0.0,0.0,0.0,1.7995489835739136,0.15994244813919067,-0.49963855743408203,1.9850369691848755,-0.6135701537132263
606.9140014648438,0.0,0.0,0.0,4.494766712188721,-0.45828977227211,0.3236513137817383,4.1755452156066895,0.30703726410865784
531.7059936523438,0.0,0.0,0.0,2.6619863510131836,0.4055016338825226,-0.6965677738189697,2.8168609142303467,-0.8080989122390747
425.8500061035156,0.0,0.0,0.0,3.9627585411071777,-0.3642667829990387,0.46833160519599915,3.534101724624634,0.5753545761108398
704.8140258789062,0.0,0.0,0.0,4.767831325531006,0.05797781050205231,-0.06645939499139786,4.929840564727783,0.0074601429514586926
488.7619934082031,0.0,0.0,0.0,4.5168609619140625,0.19579540193080902,-0.16408567130565643,4.466183662414551,-0.22971689701080322
803.3140258789062,0.0,0.0,0.0,2.0338149070739746,-0.2870925962924957,0.7353194355964661,2.059357166290283,0.7715767621994019
823.1699829101562,0.0,0.0,0.0,4.715306758880615,0.091631680727005,-0.005452846176922321,4.655294418334961,-0.006691973190754652
123.05000305175781,0.0,0.0,0.0,4.711855411529541,0.06610554456710815,-0.05209668353199959,4.900759696960449,0.00434897979721427
361.8500061035156,0.0,0.0,0.0,2.6431477069854736,0.2221190482378006,-0.4583599865436554,2.684241771697998,-0.6134030818939209
203.56199645996094,0.0,0.0,0.0,1.7995661497116089,-0.14837443828582764,0.5687204003334045,1.9474527835845947,0.6329034566879272
569.6900024414062,0.0,0.0,0.0,4.3609747886657715,0.32817021012306213,-0.384034663438797,4.127110004425049,-0.4153343737125397
665.1820068359375,0.0,0.0,0.0,4.668225288391113,0.2424939125776291,-0.12256316840648651,4.738086223602295,-0.11814076453447342
703.64599609375,0.0,0.0,0.0,4.666118144989014,0.11937492340803146,-0.051552195101976395,4.755985260009766,-0.06528156250715256
266.1260070800781,0.0,0.0,0.0,4.658315658569336,0.03713737428188324,0.0008472703630104661,4.870584011077881,-0.05125453323125839
544.1740112304688,0.0,0.0,0.0,1.768214464187622,-0.10008828341960907,0.3690798282623291,1.955906867980957,0.38746821880340576
181.25399780273438,0.0,0.0,0.0,1.886216402053833,-0.13439303636550903,0.4391573965549469,2.1562294960021973,0.600839376449585
395.89801025390625,0.0,0.0,0.0,4.395810604095459,0.3087470829486847,-0.18334898352622986,4.529635429382324,-0.19362002611160278
373.8699951171875,0.0,0.0,0.0,4.387615203857422,0.16922594606876373,-0.0637851431965828,4.688710689544678,-0.07760290801525116
703.14599609375,0.0,0.0,0.0,4.6078691482543945,0.1598672717809677,-0.09792052954435349,4.952846050262451,-0.06527337431907654
651.5900268554688,0.0,0.0,0.0,4.402069568634033,0.30018988251686096,-0.17848537862300873,4.848705768585205,-0.26678434014320374
357.2980041503906,0.0,0.0,0.0,3.354116201400757,-0.046723660081624985,0.0625038668513298,3.1888673305511475,0.03360194340348244
268.6419982910156,0.0,0.0,0.0,2.119046926498413,0.1854235678911209,-0.44377803802490234,1.8712836503982544,-0.550808846950531
903.14599609375,0.0,0.0,0.0,3.717130422592163,0.4480144679546356,-0.42357519268989563,4.084953784942627,-0.4165778160095215
784.3779907226562,0.0,0.0,0.0,3.5750768184661865,0.021680587902665138,-0.011974179185926914,3.59043550491333,-0.02194257080554962
271.0780029296875,0.0,0.0,0.0,2.295459032058716,0.2038513720035553,-0.5103747844696045,2.4012343883514404,-0.5629370212554932
316.35400390625,0.0,0.0,0.0,4.688362121582031,-0.24931298196315765,0.17665712535381317,4.774647235870361,0.13073846697807312
809.2780151367188,0.0,0.0,0.0,4.277966499328613,0.010342094115912914,-0.05548345670104027,4.4721269607543945,0.014551304280757904
382.80999755859375,0.0,0.0,0.0,4.685341835021973,-0.020526746287941933,-0.04925766959786415,4.976442337036133,0.01346521731466055
128.38600158691406,0.0,0.0,0.0,3.8248555660247803,0.5158326029777527,-0.5488744974136353,3.738675594329834,-0.48991987109184265
924.4459838867188,0.0,0.0,0.0,4.032979488372803,-0.38826677203178406,0.4591696262359619,4.071921348571777,0.6278730630874634
437.8380126953125,0.0,0.0,0.0,2.8922924995422363,-0.0561886727809906,0.03860821947455406,2.6598541736602783,0.11129408329725266
496.2099914550781,0.0,0.0,0.0,4.241140365600586,0.03776657581329346,-0.019482918083667755,4.444068908691406,0.026640573516488075
609.218017578125,0.0,0.0,0.0,4.593420505523682,-0.2914445996284485,0.25102129578590393,4.559555530548096,0.3113393485546112
633.677978515625,0.0,0.0,0.0,2.2755537033081055,0.009436164051294327,-0.026501238346099854,2.415867567062378,0.0644068643450737
261.4179992675781,0.0,0.0,0.0,4.485685348510742,0.10254313051700592,-0.05201512202620506,4.684108257293701,-0.01134551502764225
604.64599609375,0.0,0.0,0.0,4.470344543457031,-0.39760443568229675,0.3336092531681061,4.576417446136475,0.4209146499633789
516.7059936523438,0.0,0.0,0.0,4.290714263916016,0.25151482224464417,-0.19849836826324463,4.319402694702148,-0.22831568121910095
573.4340209960938,0.0,0.0,0.0,4.2770609855651855,0.4340793490409851,-0.3184254765510559,4.534608364105225,-0.4615568518638611
743.6740112304688,0.0,0.0,0.0,2.3906986713409424,0.2760346829891205,-0.5936254262924194,2.4677584171295166,-0.5653659105300903
653.3779907226562,0.0,0.0,0.0,4.4778313636779785,0.3018358051776886,-0.34522730112075806,3.881342649459839,-0.41603323817253113
398.80999755859375,0.0,0.0,0.0,4.493433952331543,0.06803405284881592,-0.023643124848604202,4.511867523193359,-0.001530420151539147
281.6619873046875,0.0,0.0,0.0,3.7672927379608154,-0.3881506323814392,0.35840266942977905,4.183099269866943,0.45075687766075134
153.96200561523438,0.0,0.0,0.0,3.7447023391723633,-0.43161553144454956,0.41839656233787537,4.173912048339844,0.5522567629814148
664.4340209960938,0.0,0.0,0.0,4.6345624923706055,0.2816663980484009,-0.11672621220350266,4.524731159210205,-0.23510374128818512
472.8699951171875,0.0,0.0,0.0,3.543222427368164,0.455489844083786,-0.5217799544334412,3.4999465942382812,-0.6588670015335083
273.1059875488281,0.0,0.0,0.0,2.085261106491089,0.003279397264122963,0.0748467743396759,2.0441665649414062,0.04806297644972801
650.614013671875,0.0,0.0,0.0,4.089985370635986,0.4305295944213867,-0.27989131212234497,4.4037275314331055,-0.3237762153148651
75.83399963378906,0.0,0.0,0.0,4.094879150390625,0.33290895819664,-0.34027668833732605,4.033591270446777,-0.45902252197265625
386.7820129394531,0.0,0.0,0.0,4.51670503616333,0.018494801595807076,-0.013956451788544655,4.764091491699219,-0.036581896245479584
86.01799774169922,0.0,0.0,0.0,3.362746477127075,0.43948864936828613,-0.5181601643562317,3.552701234817505,-0.5968196392059326
259.91400146484375,0.0,0.0,0.0,4.29902982711792,0.14326371252536774,-0.10606641322374344,4.280810832977295,-0.0922522246837616
551.4819946289062,0.0,0.0,0.0,1.8444533348083496,-0.23031702637672424,0.668424129486084,1.91586434841156,0.6957967281341553
413.1180114746094,0.0,0.0,0.0,4.589319229125977,0.1747434437274933,-0.1259365677833557,4.784555912017822,-0.1986446976661682
614.093994140625,0.0,0.0,0.0,2.699812650680542,-0.4413725435733795,0.6724537014961243,3.0373892784118652,0.8571983575820923
459.0379943847656,0.0,0.0,0.0,4.3599748611450195,-0.22839374840259552,0.1025712862610817,4.853437423706055,0.12475913763046265
934.85400390625,0.0,0.0,0.0,2.8487863540649414,-0.18915140628814697,0.3244876265525818,2.5433173179626465,0.36099323630332947
262.34600830078125,0.0,0.0,0.0,4.505114555358887,0.07769877463579178,-0.005105783697217703,4.742389678955078,0.04815353825688362
101.35399627685547,0.0,0.0,0.0,4.521869659423828,0.2987305521965027,-0.1675759255886078,4.790554046630859,-0.2293805480003357
763.3460083007812,0.0,0.0,0.0,4.196750164031982,0.3385414779186249,-0.2372129112482071,4.528680324554443,-0.2954382598400116
342.3219909667969,0.0,0.0,0.0,3.8053195476531982,-0.476187527179718,0.3803398311138153,3.926044464111328,0.5534046292304993
861.302001953125,0.0,0.0,0.0,3.8911802768707275,-0.4553295373916626,0.43970349431037903,4.3712897300720215,0.46226999163627625
448.4100036621094,0.0,0.0,0.0,3.9938647747039795,-0.3681584298610687,0.28963685035705566,4.284257888793945,0.41549593210220337
935.4340209960938,0.0,0.0,0.0,2.5870046615600586,-0.1879708468914032,0.38867050409317017,2.690589666366577,0.49246078729629517
112.3499984741211,0.0,0.0,0.0,3.693464756011963,0.3687672019004822,-0.3916388154029846,4.054200172424316,-0.4052824079990387
558.9860229492188,0.0,0.0,0.0,4.244033336639404,-0.31999486684799194,0.24477626383304596,4.525130271911621,0.3179829716682434
561.7059936523438,0.0,0.0,0.0,3.172170400619507,0.39535030722618103,-0.5066009759902954,3.0453648567199707,-0.6452175974845886
92.0780029296875,0.0,0.0,0.0,4.290398120880127,0.22204524278640747,-0.1324567347764969,4.450264930725098,-0.1342078447341919
424.79400634765625,0.0,0.0,0.0,4.6416096687316895,0.027096886187791824,0.0397428497672081,4.9388628005981445,0.01839039847254753
422.7820129394531,0.0,0.0,0.0,4.628859996795654,0.05976717919111252,-0.04784287512302399,4.796603679656982,-0.14958465099334717
691.9459838867188,0.0,0.0,0.0,2.89078688621521,0.288574755191803,-0.4348610043525696,3.3702642917633057,-0.4801154136657715
89.69000244140625,0.0,0.0,0.0,4.4159932136535645,0.2750970721244812,-0.22585462033748627,4.5463666915893555,-0.15243257582187653
233.906005859375,0.0,0.0,0.0,4.755121231079102,0.15958815813064575,-0.06543079018592834,4.577772617340088,-0.003701926674693823
360.3179931640625,0.0,0.0,0.0,2.281754732131958,0.05076645687222481,-0.218345046043396,2.1287882328033447,-0.22765997052192688
88.58599853515625,0.0,0.0,0.0,4.0808587074279785,0.35619717836380005,-0.29211217164993286,4.558318614959717,-0.34456661343574524
950.0180053710938,0.0,0.0,0.0,4.670088291168213,-0.20775413513183594,0.10293417423963547,4.805959224700928,0.11565308272838593
398.3580017089844,0.0,0.0,0.0,4.549300670623779,0.10683371126651764,-0.019732071086764336,4.68284273147583,-0.024699317291378975
326.30999755859375,0.0,0.0,0.0,4.616408348083496,-0.32204172015190125,0.1936408132314682,4.45966911315918,0.282153844833374
656.0180053710938,0.0,0.0,0.0,4.108438968658447,0.3441063165664673,-0.3210020363330841,4.555386066436768,-0.28751882910728455
792.989990234375,0.0,0.0,0.0,2.553194999694824,-0.3309600055217743,0.6930140256881714,2.669039487838745,0.7225049138069153
118.82599639892578,0.0,0.0,0.0,4.329675674438477,0.41413524746894836,-0.25743451714515686,4.2631049156188965,-0.19690462946891785
943.1339721679688,0.0,0.0,0.0,4.621640205383301,0.1790454089641571,-0.107286736369133,4.557632923126221,-0.17804452776908875
320.8500061035156,0.0,0.0,0.0,4.682916164398193,-0.01703508198261261,0.022597428411245346,4.846402168273926,0.01910879649221897
238.70599365234375,0.0,0.0,0.0,4.62590217590332,-0.0015522687463089824,0.008070574142038822,4.634378433227539,-0.07293350994586945
871.0419921875,0.0,0.0,0.0,4.263744831085205,-0.37450265884399414,0.29982489347457886,4.461323261260986,0.2580410838127136
367.2539978027344,0.0,0.0,0.0,4.095124244689941,0.3398665189743042,-0.3086576759815216,4.418986797332764,-0.3691653311252594
327.9179992675781,0.0,0.0,0.0,4.5409345626831055,-0.2442999631166458,0.16552011668682098,4.816971778869629,0.11334268003702164
235.79800415039062,0.0,0.0,0.0,4.711259841918945,0.024677207693457603,0.014185067266225815,4.7565107345581055,-0.05331579968333244
633.0139770507812,0.0,0.0,0.0,2.2563090324401855,-0.015021084807813168,0.003378006862476468,2.2727982997894287,0.005611753091216087
152.58200073242188,0.0,0.0,0.0,4.397219181060791,-0.2773785889148712,0.23447243869304657,4.384525775909424,0.42809903621673584
421.2099914550781,0.0,0.0,0.0,4.598453998565674,0.25086069107055664,-0.15062886476516724,4.80271053314209,-0.16194118559360504
967.2659912109375,0.0,0.0,0.0,4.065689563751221,-0.43592268228530884,0.34442803263664246,4.3773298263549805,0.39417389035224915
231.35800170898438,0.0,0.0,0.0,4.142195224761963,0.37460803985595703,-0.2737928628921509,4.435797691345215,-0.36137083172798157
895.5460205078125,0.0,0.0,0.0,3.3057827949523926,0.6128077507019043,-0.6745962500572205,2.8158187866210938,-0.8143396973609924
80.28600311279297,0.0,0.0,0.0,4.093514442443848,0.20335355401039124,-0.07842990756034851,3.995424270629883,-0.08895894140005112
604.1859741210938,0.0,0.0,0.0,4.562462329864502,-0.2592110335826874,0.2501235902309418,4.596138000488281,0.28329724073410034
852.197998046875,0.0,0.0,0.0,4.397796154022217,-0.3684901297092438,0.27459317445755005,4.532212734222412,0.46094006299972534
385.4100036621094,0.0,0.0,0.0,4.6481099128723145,-0.02389291115105152,0.03292497619986534,4.737013816833496,-0.05272874981164932
947.8179931640625,0.0,0.0,0.0,4.181112766265869,-0.4453440010547638,0.3399796187877655,4.1796135902404785,0.32544559240341187
666.010009765625,0.0,0.0,0.0,4.76146125793457,0.18402265012264252,-0.016897324472665787,4.878632068634033,0.022808611392974854
603.5380249023438,0.0,0.0,0.0,4.441684722900391,-0.28979432582855225,0.22828133404254913,4.723593711853027,0.21448786556720734
526.9819946289062,0.0,0.0,0.0,2.701782703399658,0.3810662031173706,-0.6873368620872498,2.7495832443237305,-0.7449973225593567
306.3179931640625,0.0,0.0,0.0,4.322147369384766,-0.3954804837703705,0.3845278024673462,4.351774215698242,0.4830220341682434
85.55799865722656,0.0,0.0,0.0,3.844991683959961,0.4047488272190094,-0.4018894135951996,3.1722095012664795,-0.45438235998153687
672.781982421875,0.0,0.0,0.0,4.052122116088867,-0.3351971209049225,0.35510268807411194,4.207611083984375,0.25867122411727905
142.19000244140625,0.0,0.0,0.0,4.494171619415283,0.2664293050765991,-0.10908174514770508,4.722935676574707,-0.11333104223012924
646.3660278320312,0.0,0.0,0.0,4.648662090301514,-0.11181758344173431,0.09484054148197174,4.982977867126465,0.04285812750458717
468.614013671875,0.0,0.0,0.0,4.630397796630859,-0.19130386412143707,0.08005861192941666,4.785231113433838,0.10251782834529877
653.8179931640625,0.0,0.0,0.0,4.0090250968933105,0.42541101574897766,-0.44286930561065674,3.9362809658050537,-0.47745224833488464
214.76600646972656,0.0,0.0,0.0,3.389136552810669,-0.22910837829113007,0.20077699422836304,3.3564059734344482,0.2319411188364029
482.6419982910156,0.0,0.0,0.0,3.6097590923309326,0.21069562435150146,-0.357492059469223,3.176830768585205,-0.409152090549469
62.52199935913086,0.0,0.0,0.0,-0.0016899894690141082,0.000498966546729207,0.0004815058200620115,0.0,0.0
727.7420043945312,0.0,0.0,0.0,4.568758010864258,-0.14919054508209229,0.03734593093395233,4.995309829711914,0.06913559138774872
441.9700012207031,0.0,0.0,0.0,3.722870349884033,-0.2622912526130676,0.20353516936302185,4.242477893829346,0.31276631355285645
717.218017578125,0.0,0.0,0.0,4.528712749481201,-0.35113269090652466,0.21481525897979736,4.514902591705322,0.3364076614379883
268.4179992675781,0.0,0.0,0.0,2.4182276725769043,0.19033819437026978,-0.37870076298713684,2.1983532905578613,-0.5210973620414734
472.25799560546875,0.0,0.0,0.0,4.417222499847412,0.17377357184886932,-0.26763948798179626,3.9899141788482666,-0.4748637080192566
303.3580017089844,0.0,0.0,0.0,4.650684356689453,-0.31186747550964355,0.25496333837509155,4.909134864807129,0.29975950717926025
790.8779907226562,0.0,0.0,0.0,1.8977159261703491,-0.16917584836483002,0.5629044771194458,2.143981695175171,0.6152599453926086
517.6259765625,0.0,0.0,0.0,4.226382255554199,0.2347707599401474,-0.21557343006134033,4.455859184265137,-0.19053611159324646
962.7100219726562,0.0,0.0,0.0,4.613132476806641,-0.38972896337509155,0.2848605215549469,4.646755695343018,0.20840753614902496
914.4819946289062,0.0,0.0,0.0,4.113683223724365,0.32708677649497986,-0.2491241693496704,4.610932350158691,-0.25602468848228455
305.885986328125,0.0,0.0,0.0,4.543973445892334,-0.23206102848052979,0.2302011400461197,4.295631408691406,0.3346010446548462
637.9180297851562,0.0,0.0,0.0,3.0521230697631836,-0.15024246275424957,0.19775138795375824,3.090437173843384,0.23478856682777405
982.2260131835938,0.0,0.0,0.0,4.655749797821045,0.23214656114578247,-0.14977191388607025,4.49667501449585,-0.08602797985076904
645.5139770507812,0.0,0.0,0.0,4.447773456573486,-0.1809014230966568,0.11821853369474411,4.442366600036621,0.035550180822610855
329.6419982910156,0.0,0.0,0.0,4.664606094360352,-0.23743833601474762,0.18584765493869781,4.770555019378662,0.17937110364437103
657.2020263671875,0.0,0.0,0.0,4.446252822875977,0.24241282045841217,-0.15882515907287598,4.453899383544922,-0.1613292545080185
915.8779907226562,0.0,0.0,0.0,4.548483371734619,0.2364598661661148,-0.1679755449295044,4.551093101501465,-0.2641708552837372
147.44200134277344,0.0,0.0,0.0,2.2681150436401367,-0.2912242114543915,0.6264224052429199,2.260312557220459,0.7046992182731628
358.5220031738281,0.0,0.0,0.0,2.3070385456085205,-0.0007030414417386055,0.010139652527868748,2.305192470550537,-0.013023546896874905
748.2459716796875,0.0,0.0,0.0,3.4973056316375732,0.46722477674484253,-0.5165107250213623,3.9300217628479004,-0.5629971027374268
220.21800231933594,0.0,0.0,0.0,3.414656400680542,0.3424077033996582,-0.43286171555519104,3.400243043899536,-0.49185463786125183
942.6099853515625,0.0,0.0,0.0,4.607985019683838,0.17788787186145782,-0.14794480800628662,4.864904880523682,-0.1453639715909958
132.0500030517578,0.0,0.0,0.0,4.518282890319824,0.2503790259361267,-0.1162472814321518,4.677854061126709,-0.16886213421821594
534.7100219726562,0.0,0.0,0.0,3.4221115112304688,0.4947241544723511,-0.6214883923530579,3.359316349029541,-0.769088864326477
392.07000732421875,0.0,0.0,0.0,3.9741203784942627,0.33776846528053284,-0.32873597741127014,3.824345111846924,-0.46293172240257263
745.2420043945312,0.0,0.0,0.0,3.395859956741333,0.36164548993110657,-0.4294615387916565,3.592302083969116,-0.42277154326438904
88.93000030517578,0.0,0.0,0.0,4.2594313621521,0.33360403776168823,-0.17031355202198029,4.60571813583374,-0.24727590382099152
428.8940124511719,0.0,0.0,0.0,3.863417387008667,-0.3952864110469818,0.3303743302822113,3.865196943283081,0.3321165442466736
987.9420166015625,0.0,0.0,0.0,4.752691745758057,0.033352091908454895,-0.04693382978439331,4.852628707885742,0.04709067568182945
767.6699829101562,0.0,0.0,0.0,4.702704429626465,0.014683554880321026,-0.01657852530479431,4.779542922973633,-0.023528141900897026
713.4660034179688,0.0,0.0,0.0,4.509556293487549,-0.4099760055541992,0.3549993634223938,4.737112045288086,0.4585053324699402
738.614013671875,0.0,0.0,0.0,4.00640869140625,0.48078808188438416,-0.4906696379184723,3.66387677192688,-0.5697243213653564
405.6780090332031,0.0,0.0,0.0,4.357422351837158,0.19984759390354156,-0.07792540639638901,4.583722114562988,0.013308010995388031
395.1180114746094,0.0,0.0,0.0,4.099826812744141,0.3996998369693756,-0.2642178535461426,4.434926986694336,-0.29339632391929626
56.95399856567383,0.0,0.0,0.0,-0.0018250832799822092,0.0007719123968854547,0.00051122932927683,0.0,0.0
777.510009765625,0.0,0.0,0.0,3.3697457313537598,0.4672490060329437,-0.4996344745159149,3.112567186355591,-0.6782433390617371
545.9140014648438,0.0,0.0,0.0,1.6285858154296875,-0.12027256935834885,0.5239349603652954,1.78471839427948,0.6042860150337219
128.58999633789062,0.0,0.0,0.0,3.6729776859283447,0.4901117980480194,-0.46712613105773926,3.628842830657959,-0.619726300239563
123.74199676513672,0.0,0.0,0.0,4.718347549438477,-0.008984667249023914,-0.018275514245033264,4.85763692855835,0.026927664875984192
613.8099975585938,0.0,0.0,0.0,2.8288137912750244,-0.5250424146652222,0.8098722100257874,3.071640729904175,0.7921592593193054
648.4140014648438,0.0,0.0,0.0,4.762411117553711,-0.08488204330205917,0.07686114311218262,4.674659729003906,-0.005613195244222879
731.9459838867188,0.0,0.0,0.0,4.750029563903809,0.05128377303481102,-0.10350767523050308,4.09617805480957,-0.2057638168334961
129.25399780273438,0.0,0.0,0.0,3.6197969913482666,0.46789276599884033,-0.4565409719944,3.9240567684173584,-0.48649999499320984
379.89801025390625,0.0,0.0,0.0,3.8560287952423096,-0.5011944770812988,0.42892515659332275,4.164350509643555,0.5543665885925293
450.19000244140625,0.0,0.0,0.0,4.387842178344727,-0.19568315148353577,0.05594697967171669,4.754099369049072,0.17251037061214447
770.75,0.0,0.0,0.0,4.81260347366333,0.059514593333005905,-0.07074790447950363,4.5313825607299805,-0.19253678619861603
524.3099975585938,0.0,0.0,0.0,3.864532709121704,0.42217278480529785,-0.4121643602848053,3.8871283531188965,-0.5601204633712769
1000.47802734375,0.0,0.0,0.0,3.44785213470459,0.006745170336216688,-0.00193362170830369,3.244112014770508,0.02256801351904869
941.3740234375,0.0,0.0,0.0,4.643393039703369,-0.07364390790462494,0.014222315512597561,4.78220272064209,-0.07325770705938339
297.8139953613281,0.0,0.0,0.0,4.628533840179443,-0.20564596354961395,0.1935628056526184,4.819910526275635,0.13395920395851135
824.8099975585938,0.0,0.0,0.0,4.700857162475586,0.029892371967434883,0.03813738003373146,4.8589630126953125,-0.005611399654299021
891.7459716796875,0.0,0.0,0.0,4.005947113037109,0.4606255292892456,-0.40502896904945374,4.333634376525879,-0.44500696659088135
152.0780029296875,0.0,0.0,0.0,4.455146312713623,-0.2985546290874481,0.19280052185058594,4.746607780456543,0.1779189109802246
674.2659912109375,0.0,0.0,0.0,3.671827793121338,-0.45262524485588074,0.4273204803466797,4.01212739944458,0.5341755747795105
355.8739929199219,0.0,0.0,0.0,4.168925762176514,-0.022607410326600075,0.026751363649964333,3.899150848388672,0.10317472368478775
946.5419921875,0.0,0.0,0.0,4.046741008758545,-0.4938594400882721,0.40942439436912537,3.9172046184539795,0.5129523873329163
943.6220092773438,0.0,0.0,0.0,4.643543243408203,0.19650189578533173,-0.166062131524086,4.662933826446533,-0.08292199671268463
133.56199645996094,0.0,0.0,0.0,4.709928035736084,0.13041378557682037,-0.03870540112257004,4.504978179931641,-0.049388766288757324
414.8900146484375,0.0,0.0,0.0,3.8876707553863525,0.5191516280174255,-0.5325319170951843,3.761406183242798,-0.5678636431694031
79.1500015258789,0.0,0.0,0.0,4.397623538970947,0.2458515763282776,-0.158742755651474,4.494403839111328,-0.2438894659280777
271.95001220703125,0.0,0.0,0.0,2.6044647693634033,0.21405623853206635,-0.3009212911128998,2.5517828464508057,-0.2528926134109497
824.4660034179688,0.0,0.0,0.0,4.679721355438232,0.03454577177762985,0.01366100087761879,4.825094699859619,-0.04294648393988609
631.6339721679688,0.0,0.0,0.0,2.800426483154297,-0.10585241764783859,0.08053172379732132,2.564544916152954,0.0692458376288414
451.89801025390625,0.0,0.0,0.0,4.585519313812256,-0.13371458649635315,0.09384112060070038,4.618363857269287,0.034354858100414276
327.2539978027344,0.0,0.0,0.0,4.598272323608398,-0.26826754212379456,0.17158128321170807,4.580907344818115,0.07850143313407898
244.14199829101562,0.0,0.0,0.0,1.7663154602050781,0.10305462032556534,-0.33601105213165283,1.9623481035232544,-0.39951929450035095
667.5139770507812,0.0,0.0,0.0,4.785441875457764,0.012801436707377434,0.05004755035042763,5.128241062164307,0.11871181428432465
813.8779907226562,0.0,0.0,0.0,4.598278522491455,0.17691007256507874,-0.07790157943964005,4.741832733154297,-0.15312166512012482
355.51800537109375,0.0,0.0,0.0,4.412293434143066,-0.029774343594908714,0.07933110743761063,4.323453903198242,0.019116198644042015
614.72998046875,0.0,0.0,0.0,2.878539800643921,-0.41667795181274414,0.6007624864578247,3.369379758834839,0.777134895324707
877.1339721679688,0.0,0.0,0.0,1.733293890953064,-0.13516999781131744,0.4308028817176819,1.757163643836975,0.48204758763313293
651.6500244140625,0.0,0.0,0.0,4.4467620849609375,0.30469703674316406,-0.23782192170619965,4.600381374359131,-0.25428280234336853
364.5780029296875,0.0,0.0,0.0,3.4707753658294678,0.4161178469657898,-0.41308239102363586,3.748331069946289,-0.5219686031341553
141.62600708007812,0.0,0.0,0.0,4.319530010223389,0.2973593473434448,-0.23453395068645477,4.5221686363220215,-0.2771131992340088
822.6820068359375,0.0,0.0,0.0,4.705226898193359,0.18598642945289612,-0.029978659003973007,4.81666374206543,-0.13242511451244354
255.87399291992188,0.0,0.0,0.0,3.468489646911621,0.02420371025800705,0.0015834312653169036,3.596447467803955,-0.16270485520362854
981.3099975585938,0.0,0.0,0.0,4.529376983642578,0.2577176094055176,-0.1510199010372162,4.667735576629639,-0.13306763768196106
299.7980041503906,0.0,0.0,0.0,4.754287242889404,-0.1235443577170372,0.08167196810245514,4.677722930908203,0.07858021557331085
254.79800415039062,0.0,0.0,0.0,4.085291862487793,0.027201920747756958,0.013300498016178608,3.9769630432128906,-0.0019667919259518385
641.385986328125,0.0,0.0,0.0,3.8366658687591553,-0.46385884284973145,0.4880507290363312,3.709650754928589,0.5686372518539429
303.2860107421875,0.0,0.0,0.0,4.674417018890381,-0.2978832423686981,0.20379337668418884,4.612152099609375,0.30072709918022156
670.2459716796875,0.0,0.0,0.0,3.7071144580841064,-0.3613908886909485,0.3298310339450836,3.6978020668029785,0.3171776831150055
494.01800537109375,0.0,0.0,0.0,4.737407207489014,0.1221478134393692,0.012832824140787125,4.671370983123779,-0.0019948985427618027
843.1380004882812,0.0,0.0,0.0,4.720915794372559,0.14174267649650574,-0.014548983424901962,5.011272430419922,-0.03900619596242905
956.614013671875,0.0,0.0,0.0,4.0851263999938965,-0.4216105341911316,0.3582407832145691,4.378681182861328,0.3534420132637024
112.60600280761719,0.0,0.0,0.0,3.8203814029693604,0.37018513679504395,-0.2861083745956421,4.179160118103027,-0.3946913778781891
599.2739868164062,0.0,0.0,0.0,2.567243814468384,-0.3300771117210388,0.6634295582771301,2.888695240020752,0.6640676259994507
961.2260131835938,0.0,0.0,0.0,4.4927077293396,-0.41138479113578796,0.32445842027664185,4.504982948303223,0.3685172200202942
860.3779907226562,0.0,0.0,0.0,4.386671543121338,-0.19567304849624634,0.28654712438583374,4.707248210906982,0.3715743124485016
273.91400146484375,0.0,0.0,0.0,1.849810242652893,-0.03827952966094017,0.09388388693332672,2.0114428997039795,0.1630634218454361
140.47799682617188,0.0,0.0,0.0,3.7076778411865234,0.3751916289329529,-0.3103761672973633,4.139350414276123,-0.3650546073913574
946.4420166015625,0.0,0.0,0.0,4.06610107421875,-0.482389897108078,0.4335803985595703,4.255490303039551,0.41280752420425415
914.6539916992188,0.0,0.0,0.0,4.240324020385742,0.306413471698761,-0.19980916380882263,4.650245666503906,-0.21762171387672424
653.9500122070312,0.0,0.0,0.0,3.911984920501709,0.4649703800678253,-0.4269369840621948,4.065326690673828,-0.5549560189247131
566.8179931640625,0.0,0.0,0.0,4.043463230133057,0.3617202937602997,-0.3154188394546509,4.371303081512451,-0.3561636209487915
198.48199462890625,0.0,0.0,0.0,2.1097469329833984,-0.19168439507484436,0.5087337493896484,2.2816693782806396,0.5392473340034485
230.45399475097656,0.0,0.0,0.0,4.047661781311035,0.4881258010864258,-0.3894713521003723,4.375537395477295,-0.5113544464111328
593.0139770507812,0.0,0.0,0.0,1.7014744281768799,0.020661653950810432,0.015809478238224983,1.7987544536590576,0.10433637350797653
159.406005859375,0.0,0.0,0.0,3.959399938583374,-0.5363213419914246,0.478176474571228,4.428302764892578,0.4751434326171875
188.99000549316406,0.0,0.0,0.0,2.900256872177124,-0.22980961203575134,0.3488175570964813,3.1320595741271973,0.3895973861217499
532.3300170898438,0.0,0.0,0.0,2.6367459297180176,0.3601085841655731,-0.5653701424598694,2.825382947921753,-0.6629865169525146
783.43798828125,0.0,0.0,0.0,4.054285049438477,0.08923283219337463,-0.08631838858127594,4.097710132598877,-0.019657069817185402
609.010009765625,0.0,0.0,0.0,4.5726823806762695,-0.24808341264724731,0.12822534143924713,4.700148582458496,0.3246753513813019
860.6099853515625,0.0,0.0,0.0,4.314707279205322,-0.3255096971988678,0.3721475601196289,4.042362689971924,0.5103274583816528
314.0459899902344,0.0,0.0,0.0,4.605286598205566,-0.25747376680374146,0.1643477827310562,4.735738754272461,0.1863853633403778
879.3499755859375,0.0,0.0,0.0,2.098992109298706,-0.18945610523223877,0.48291367292404175,2.227912664413452,0.5154951810836792
863.4660034179688,0.0,0.0,0.0,4.274125099182129,-0.31836941838264465,0.22533579170703888,4.6269097328186035,0.1739737093448639
146.41000366210938,0.0,0.0,0.0,3.905447006225586,-0.2279796302318573,0.2930465340614319,3.2932844161987305,0.433063268661499
184.3459930419922,0.0,0.0,0.0,2.4184627532958984,-0.15450944006443024,0.28524741530418396,2.5085742473602295,0.3220844268798828
250.70599365234375,0.0,0.0,0.0,4.528350353240967,0.17818297445774078,-0.04993133619427681,4.746443271636963,0.024030499160289764
280.7460021972656,0.0,0.0,0.0,3.6124322414398193,-0.3201815187931061,0.40301844477653503,3.6548588275909424,0.48046308755874634
866.2739868164062,0.0,0.0,0.0,4.498536586761475,-0.07831214368343353,0.10070474445819855,4.227924823760986,0.34637072682380676
665.5139770507812,0.0,0.0,0.0,4.710037708282471,0.22456510365009308,-0.15921920537948608,4.887359142303467,-0.096607506275177
707.8140258789062,0.0,0.0,0.0,4.639269828796387,-0.2891491651535034,0.20754435658454895,4.586880683898926,0.21376323699951172
741.4340209960938,0.0,0.0,0.0,3.0877115726470947,0.35037466883659363,-0.44822001457214355,3.094214916229248,-0.44355976581573486
820.8779907226562,0.0,0.0,0.0,4.3833537101745605,0.35112160444259644,-0.19810564815998077,5.052956581115723,-0.2873418927192688
801.47802734375,0.0,0.0,0.0,3.2201664447784424,-0.5147400498390198,0.6102414131164551,2.908564329147339,0.763247549533844
146.9739990234375,0.0,0.0,0.0,2.8168516159057617,-0.37846314907073975,0.6562684774398804,2.4202961921691895,0.6394867300987244
648.614013671875,0.0,0.0,0.0,4.599499702453613,-0.01957906410098076,-0.14255587756633759,4.804914474487305,-0.17789007723331451
644.6259765625,0.0,0.0,0.0,4.35864782333374,-0.3483840823173523,0.22016023099422455,4.7526373863220215,0.27570581436157227
594.85400390625,0.0,0.0,0.0,2.557352304458618,-0.16709940135478973,0.3181575536727905,2.9246902465820312,0.446188747882843
818.8179931640625,0.0,0.0,0.0,3.5721161365509033,0.4458902180194855,-0.4536948800086975,4.1268696784973145,-0.460991770029068
457.9020080566406,0.0,0.0,0.0,3.9801580905914307,-0.3176608383655548,0.26172149181365967,4.32684326171875,0.21541567146778107
558.3060302734375,0.0,0.0,0.0,3.8421268463134766,-0.39143475890159607,0.3630062937736511,4.398176670074463,0.4084957242012024
273.3179931640625,0.0,0.0,0.0,2.0420374870300293,-0.023040566593408585,0.03323766216635704,1.7937238216400146,0.0990058109164238
222.37399291992188,0.0,0.0,0.0,3.9174296855926514,0.3562779426574707,-0.3252779543399811,4.4510369300842285,-0.331747829914093
554.6259765625,0.0,0.0,0.0,1.7899187803268433,-0.20908747613430023,0.6582346558570862,1.9940440654754639,0.7720080018043518
539.27001953125,0.0,0.0,0.0,1.9189796447753906,0.24532827734947205,-0.7281162738800049,1.9717082977294922,-0.7723838686943054
610.2940063476562,0.0,0.0,0.0,4.2891435623168945,-0.4590005576610565,0.3865906596183777,4.4627509117126465,0.3735891580581665
584.27001953125,0.0,0.0,0.0,4.375712871551514,0.3989448845386505,-0.3497471511363983,4.225137710571289,-0.3679993152618408
598.4420166015625,0.0,0.0,0.0,2.361715078353882,-0.2939966022968292,0.6498222351074219,2.4656271934509277,0.8297573924064636
71.48600006103516,0.0,0.0,0.0,4.121000289916992,0.06459512561559677,-0.00014373025624081492,4.242618560791016,-0.05417802184820175
922.3099975585938,0.0,0.0,0.0,3.2459511756896973,-0.36538997292518616,0.5251233577728271,3.55814266204834,0.5025615096092224
747.1060180664062,0.0,0.0,0.0,3.853739023208618,0.4362366199493408,-0.49308180809020996,3.611438274383545,-0.6181822419166565
957.8820190429688,0.0,0.0,0.0,4.360518932342529,-0.29243800044059753,0.1180947870016098,4.698055744171143,0.21087469160556793
789.2979736328125,0.0,0.0,0.0,1.8026098012924194,-0.13125763833522797,0.417231023311615,1.950663447380066,0.4923311769962311
841.97802734375,0.0,0.0,0.0,4.590097904205322,0.2052987813949585,-0.06511201709508896,4.841166973114014,-0.13794386386871338
174.8419952392578,0.0,0.0,0.0,2.4330430030822754,-0.2567462623119354,0.47167617082595825,2.402292251586914,0.6363388895988464
783.8099975585938,0.0,0.0,0.0,3.852257490158081,0.07003463059663773,-0.04807406663894653,3.8869407176971436,-0.09637026488780975
87.98600006103516,0.0,0.0,0.0,3.7517755031585693,0.36369189620018005,-0.30383530259132385,4.171393871307373,-0.4506130516529083
194.45399475097656,0.0,0.0,0.0,4.670203685760498,-0.03577808290719986,0.00727126095443964,4.718498229980469,-0.0267889853566885
248.71800231933594,0.0,0.0,0.0,3.8958098888397217,0.3444061875343323,-0.2618730962276459,4.150450706481934,-0.23657281696796417
598.822021484375,0.0,0.0,0.0,2.4626171588897705,-0.3240320682525635,0.6611002087593079,2.658869743347168,0.7636199593544006
305.1300048828125,0.0,0.0,0.0,4.639434337615967,-0.2809433043003082,0.14708127081394196,4.6256422996521,0.16477161645889282
129.14999389648438,0.0,0.0,0.0,3.589174270629883,0.4747718870639801,-0.505172848701477,3.857008457183838,-0.4967269003391266
337.45001220703125,0.0,0.0,0.0,4.740427017211914,-0.11558446288108826,0.09536382555961609,4.615589141845703,0.06298170238733292
929.8140258789062,0.0,0.0,0.0,4.738926410675049,-0.12438594549894333,0.06226245313882828,5.04266881942749,-0.08690067380666733
165.26199340820312,0.0,0.0,0.0,4.5122480392456055,-0.24970513582229614,0.17834308743476868,4.550799369812012,0.09205649048089981
813.1300048828125,0.0,0.0,0.0,4.415259838104248,0.245831698179245,-0.17525172233581543,4.5097222328186035,-0.14004822075366974
444.57000732421875,0.0,0.0,0.0,4.199089050292969,-0.3758600056171417,0.26747927069664,4.440668106079102,0.3364226520061493
837.75,0.0,0.0,0.0,4.726688385009766,0.18724359571933746,-0.09022819995880127,4.933680534362793,-0.15126819908618927
788.6259765625,0.0,0.0,0.0,1.7500460147857666,-0.13185817003250122,0.4447678327560425,1.82503342628479,0.49747011065483093
73.19000244140625,0.0,0.0,0.0,4.447882175445557,0.009870007634162903,-0.014516561292111874,4.646373271942139,0.0054738703183829784
800.6099853515625,0.0,0.0,0.0,4.319448471069336,-0.3820621371269226,0.2425532191991806,4.0954413414001465,0.3928564786911011
520.5819702148438,0.0,0.0,0.0,4.654904842376709,0.05050293356180191,-0.05942520126700401,4.590911865234375,-0.0169544480741024
172.45399475097656,0.0,0.0,0.0,2.9561238288879395,-0.4285411238670349,0.5234658718109131,2.883035659790039,0.635546863079071
251.41799926757812,0.0,0.0,0.0,4.568100452423096,0.07824904471635818,-0.10547690093517303,4.507509708404541,-0.05534312501549721
304.4580078125,0.0,0.0,0.0,4.552501678466797,-0.3798719048500061,0.18257859349250793,4.9247894287109375,0.27493077516555786
961.3619995117188,0.0,0.0,0.0,4.460824966430664,-0.4367970824241638,0.32194703817367554,4.541268348693848,0.3400120139122009
504.1820068359375,0.0,0.0,0.0,3.931939125061035,0.27132079005241394,-0.2284262627363205,4.169663429260254,-0.20495837926864624
335.75799560546875,0.0,0.0,0.0,4.8242506980896,-0.0188785158097744,-0.055200014263391495,4.945277690887451,-0.05884452909231186
94.4219970703125,0.0,0.0,0.0,4.512847900390625,0.0366591140627861,0.001263761892914772,4.8173041343688965,-0.04957069456577301
465.0379943847656,0.0,0.0,0.0,2.9306931495666504,-0.33683130145072937,0.5323373079299927,3.234718084335327,0.6431583762168884
92.80999755859375,0.0,0.0,0.0,4.4166951179504395,0.1652618795633316,-0.08593576401472092,4.612303256988525,-0.08761011809110641
125.56600189208984,0.0,0.0,0.0,4.641500949859619,0.1778467744588852,-0.14505526423454285,4.551246166229248,-0.18825651705265045
461.8819885253906,0.0,0.0,0.0,4.629488945007324,-0.034182075411081314,0.10494356602430344,4.31147575378418,0.10767760872840881
891.8779907226562,0.0,0.0,0.0,4.105685234069824,0.4537137746810913,-0.3728701174259186,4.492276668548584,-0.42254066467285156
416.30999755859375,0.0,0.0,0.0,4.070035934448242,0.4281371235847473,-0.34945082664489746,4.290873050689697,-0.46983465552330017
348.1820068359375,0.0,0.0,0.0,4.457268238067627,-0.42676976323127747,0.3142848312854767,4.330292701721191,0.2999546527862549
902.4660034179688,0.0,0.0,0.0,3.221283197402954,0.42154523730278015,-0.5466352701187134,3.6055099964141846,-0.5959981083869934
731.8140258789062,0.0,0.0,0.0,4.7595014572143555,0.007625195663422346,-0.032951030880212784,4.5197272300720215,-0.0895819291472435
504.9779968261719,0.0,0.0,0.0,4.126091480255127,0.2215220183134079,-0.1822059154510498,4.437549114227295,-0.2062152624130249
253.71400451660156,0.0,0.0,0.0,4.555352210998535,0.0030236216261982918,0.04893091320991516,4.547083377838135,0.028419112786650658
962.4819946289062,0.0,0.0,0.0,4.518336296081543,-0.37870514392852783,0.256433367729187,4.778587818145752,0.26739227771759033
734.6900024414062,0.0,0.0,0.0,2.7089529037475586,0.3299749493598938,-0.5466667413711548,3.2413902282714844,-0.7960000038146973
941.4860229492188,0.0,0.0,0.0,4.641329765319824,-0.03998353332281113,-0.020133942365646362,4.819810390472412,-0.07905378192663193
74.71399688720703,0.0,0.0,0.0,4.5754570960998535,0.03157620131969452,-0.06059205159544945,4.774085521697998,-0.030766908079385757
736.9140014648438,0.0,0.0,0.0,3.820783853530884,0.4694882929325104,-0.4679137170314789,4.076561450958252,-0.4606349468231201
337.80999755859375,0.0,0.0,0.0,4.732728004455566,-0.16942156851291656,0.11755511164665222,5.010503768920898,0.06449738144874573
813.9860229492188,0.0,0.0,0.0,4.620490074157715,0.16579177975654602,-0.12803611159324646,4.84276819229126,-0.13291549682617188
759.8820190429688,0.0,0.0,0.0,4.325138568878174,0.2620304524898529,-0.2845526933670044,4.13232946395874,-0.378412663936615
