974.6099853515625,0.49436935782432556,0.0280592143535614,-0.061690568923950195,3.7431793212890625,0.1396479606628418,-0.502061665058136
326.5419921875,0.6183719635009766,-0.03410952538251877,0.03160715103149414,4.542328834533691,-0.19010402262210846,0.2230418622493744
786.9500122070312,0.33700740337371826,-0.010313712060451508,0.02997303009033203,2.387558937072754,-0.0428466796875,0.2001154124736786
315.3580017089844,0.5218252539634705,-0.027953624725341797,0.018882274627685547,4.646770477294922,-0.20360511541366577,0.1845679134130478
314.7139892578125,0.6002938747406006,-0.031071536242961884,0.023995399475097656,4.695526599884033,-0.19070422649383545,0.17793557047843933
981.1099853515625,0.4545096755027771,0.024045266211032867,-0.013422012329101562,4.579442977905273,0.21579718589782715,-0.1380884200334549
593.6019897460938,0.28298112750053406,-0.002155303955078125,0.03180694580078125,1.8680236339569092,0.017794430255889893,0.186605766415596
654.2059936523438,0.4019376039505005,0.03873392939567566,-0.05102825164794922,3.8474349975585938,0.2872910499572754,-0.5112480521202087
305.885986328125,0.43781566619873047,-0.017960816621780396,0.017642498016357422,4.547360420227051,-0.15186190605163574,0.2302011400461197
754.1900024414062,0.46710431575775146,0.017698779702186584,-0.020643234252929688,4.686885833740234,0.14363443851470947,-0.19553613662719727
62.78200149536133,-6.722517719026655e-05,5.4142499720910564e-05,-6.56023621559143e-05,-0.0007408649544231594,0.0010139786172658205,-0.0018047104822471738
252.6060028076172,0.4485718309879303,0.00482746958732605,-0.0037482529878616333,4.659186840057373,0.03739506006240845,-0.045396629720926285
429.3500061035156,0.38319456577301025,-0.02916533499956131,0.02921772003173828,3.82011079788208,-0.23513472080230713,0.2710811495780945
481.72601318359375,0.4084738492965698,0.0055944547057151794,-0.0070667266845703125,4.429386138916016,0.043589115142822266,-0.0850398987531662
409.1180114746094,0.48716315627098083,0.021642319858074188,-0.015893936157226562,4.684912204742432,0.179886594414711,-0.12763962149620056
733.4619750976562,0.22677671909332275,0.026203125715255737,-0.05977916717529297,2.430553913116455,0.2072119116783142,-0.6767724752426147
344.24200439453125,0.35764259099960327,-0.04147776588797569,0.06516361236572266,3.534395694732666,-0.3172854483127594,0.6360401511192322
344.34600830078125,0.36046406626701355,-0.043940864503383636,0.06521129608154297,3.4385807514190674,-0.3174189329147339,0.5859186053276062
208.75399780273438,0.19850283861160278,-0.013483412563800812,0.0670309066772461,1.777479887008667,-0.05919623374938965,0.6125273108482361
945.1099853515625,0.4847499430179596,0.006914809346199036,-0.00026607513427734375,4.678605556488037,0.06121790409088135,0.011634697206318378
913.97802734375,0.5329700708389282,0.039866477251052856,-0.04275989532470703,4.053930282592773,0.21384257078170776,-0.386942982673645
731.0139770507812,0.6451777219772339,-0.0001602470874786377,0.005390644073486328,4.760910987854004,0.004395008087158203,0.01939997263252735
371.03399658203125,0.539762020111084,0.029384300112724304,-0.04044532775878906,4.3572797775268555,0.15698564052581787,-0.3025221824645996
140.86599731445312,0.5620487332344055,0.03584863245487213,-0.04412269592285156,4.069827556610107,0.17377841472625732,-0.3829117715358734
947.677978515625,0.3495597839355469,-0.03482578694820404,0.024627685546875,4.165404319763184,-0.36074626445770264,0.26239341497421265
701.0139770507812,0.33218562602996826,0.02743220515549183,-0.025522589683532715,4.187015056610107,0.29163992404937744,-0.33329305052757263
470.9179992675781,0.52725750207901,-0.004264047369360924,0.004530906677246094,4.69637393951416,-0.023162299767136574,0.07710932940244675
306.7820129394531,0.5377991199493408,-0.046509698033332825,0.05779218673706055,4.233572006225586,-0.25566673278808594,0.43510907888412476
550.5540161132812,0.18217718601226807,-0.0133991539478302,0.06593537330627441,1.7693610191345215,-0.07732844352722168,0.6992066502571106
773.6099853515625,0.45243963599205017,0.027907773852348328,-0.027991294860839844,4.562483787536621,0.24002790451049805,-0.29079970717430115
761.47802734375,0.35086166858673096,0.03409494459629059,-0.04754924774169922,3.5186233520507812,0.2592529058456421,-0.4335874915122986
248.8419952392578,0.4842280149459839,0.03361339867115021,-0.031765878200531006,3.921642303466797,0.20927464962005615,-0.22594018280506134
867.6339721679688,0.3651634156703949,-0.03358517587184906,0.07642555236816406,2.726365327835083,-0.1538691520690918,0.5542935729026794
244.50599670410156,0.1817929744720459,0.007367871701717377,-0.03455233573913574,1.8181023597717285,0.04616200923919678,-0.31715330481529236
311.6419982910156,0.442405104637146,-0.02920345962047577,0.023842334747314453,4.426279067993164,-0.22951102256774902,0.2343938648700714
247.20599365234375,0.43169665336608887,0.024665310978889465,-0.06941258907318115,2.920797824859619,0.0703384280204773,-0.47326910495758057
551.6820068359375,0.10475875437259674,-0.010185894556343555,0.03768587112426758,1.8837451934814453,-0.1555928736925125,0.6758819818496704
983.4660034179688,0.5702964663505554,0.0054236650466918945,0.0024042129516601562,4.7621941566467285,0.0455927848815918,-0.039715562015771866
728.02197265625,0.6674836874008179,-0.011932581663131714,0.007437705993652344,4.61873722076416,-0.06513786315917969,0.027714230120182037
842.0780029296875,0.46027857065200806,0.017486227676272392,-0.008664131164550781,4.617598533630371,0.15230709314346313,-0.11095452308654785
570.1019897460938,0.6263104677200317,0.04543004930019379,-0.07306504249572754,3.9131436347961426,0.16726994514465332,-0.5133457183837891
225.9499969482422,0.4919339418411255,0.013780981302261353,-0.0045528411865234375,4.722201347351074,0.12241506576538086,-0.06863421201705933
510.07000732421875,0.6187090277671814,0.03874022513628006,-0.040390968322753906,3.888246774673462,0.16892319917678833,-0.2699916362762451
536.6740112304688,0.3811069130897522,0.043201055377721786,-0.06427526473999023,3.631019115447998,0.3087084889411926,-0.643563985824585
885.7459716796875,0.5680025219917297,0.025209248065948486,-0.017076343297958374,4.424402236938477,0.14949822425842285,-0.12295182794332504
183.67799377441406,0.33618873357772827,-0.016834024339914322,0.048047542572021484,2.542942762374878,-0.06964030861854553,0.3130882680416107
558.5059814453125,0.41455087065696716,-0.03230401873588562,0.03439211845397949,4.024078369140625,-0.23932409286499023,0.3089573085308075
726.1939697265625,0.5300688743591309,-0.03215114772319794,0.022351741790771484,4.564230918884277,-0.22556424140930176,0.1921372413635254
501.0419921875,0.22956237196922302,0.010661080479621887,-0.033118247985839844,2.3166427612304688,0.07494521141052246,-0.3174521028995514
907.0499877929688,0.4114849269390106,0.037198882550001144,-0.04600811004638672,3.8455021381378174,0.26809442043304443,-0.3704647421836853
362.3219909667969,0.2965598702430725,0.022011078894138336,-0.06299114227294922,2.529966354370117,0.12101662158966064,-0.5577673316001892
382.0780029296875,0.5823150873184204,-0.023321375250816345,0.012944221496582031,4.557430744171143,-0.15106767416000366,0.09345687925815582
764.0139770507812,0.4348469376564026,0.024885915219783783,-0.01974773406982422,4.353904724121094,0.20716743171215057,-0.17392222583293915
769.3060302734375,0.5248801112174988,0.006057292222976685,-0.0021953582763671875,4.682075023651123,0.04123044013977051,0.04084325581789017
235.12600708007812,0.4885375499725342,0.0068124085664749146,-0.00023603439331054688,4.692572116851807,0.06875157356262207,0.0014789190609008074
196.41799926757812,0.4920971095561981,-0.0033507496118545532,0.0001068115234375,3.809476852416992,-0.016606450080871582,-0.011664100922644138
381.95001220703125,0.4747149348258972,-0.02199745923280716,0.010393142700195312,4.557958602905273,-0.17459285259246826,0.10386461764574051
590.1259765625,0.4558386206626892,0.044199734926223755,-0.052486419677734375,4.108903408050537,0.3044619560241699,-0.41742128133773804
559.6939697265625,0.6678946018218994,-0.03263610601425171,0.023040771484375,4.565561294555664,-0.1555168628692627,0.1601320207118988
381.2659912109375,0.31616201996803284,-0.022130845114588737,0.01931285858154297,4.373049736022949,-0.2686578631401062,0.26517587900161743
758.9459838867188,0.6121524572372437,0.031031399965286255,-0.02738332748413086,4.4914231300354,0.16229569911956787,-0.20628948509693146
283.2179870605469,0.30455225706100464,-0.03146931901574135,0.030283700674772263,4.032225131988525,-0.34952086210250854,0.4003235399723053
775.0460205078125,0.4579918086528778,0.018847346305847168,-0.0111541748046875,4.568041801452637,0.16737985610961914,-0.06738993525505066
961.3619995117188,0.6092793941497803,-0.042999349534511566,0.045645713806152344,4.476109981536865,-0.23279517889022827,0.32194703817367554
431.3699951171875,0.3514813184738159,-0.011226728558540344,0.006131172180175781,3.2131171226501465,-0.08226406574249268,0.08052296936511993
652.9459838867188,0.6303393244743347,0.02433151938021183,-0.01981353759765625,4.63468074798584,0.12645211815834045,-0.13837547600269318
76.68199920654297,0.4331972897052765,0.03838393837213516,-0.04447948932647705,3.8871397972106934,0.2489253282546997,-0.38703733682632446
428.8940124511719,0.2617754340171814,-0.024148833006620407,0.021749496459960938,3.871100425720215,-0.3111723065376282,0.3303743302822113
195.67799377441406,0.5391702651977539,-0.005338698625564575,0.004997730255126953,4.181356430053711,-0.026505708694458008,0.01262875646352768
581.6259765625,0.6172305345535278,0.05399426072835922,-0.05342388153076172,4.3126397132873535,0.25354164838790894,-0.32611796259880066
971.1259765625,0.4820781648159027,-0.007239252328872681,0.0037033557891845703,4.617395401000977,-0.05310869216918945,0.024312101304531097
199.1820068359375,0.2363620102405548,-0.01494898647069931,0.046881914138793945,2.286027669906616,-0.09329023957252502,0.46161946654319763
199.4980010986328,0.2372066229581833,-0.01680101454257965,0.0459141731262207,2.4813032150268555,-0.11670267581939697,0.477293998003006
695.2659912109375,0.6210464835166931,0.02886095643043518,-0.019540131092071533,4.569092750549316,0.1821674108505249,-0.12246710807085037
389.84600830078125,0.4240027368068695,0.038993626832962036,-0.06519412994384766,3.3034605979919434,0.19329416751861572,-0.5032848119735718
78.19400024414062,0.3128963112831116,0.022350333631038666,-0.021699190139770508,4.100940704345703,0.24804913997650146,-0.24169974029064178
774.833984375,0.7391120791435242,0.0322173535823822,-0.017264366149902344,4.630573272705078,0.14908647537231445,-0.10891565680503845
980.4099731445312,0.5506712198257446,0.02867678552865982,-0.017750263214111328,4.4318156242370605,0.18385064601898193,-0.17462044954299927
306.12200927734375,0.46349895000457764,-0.025251835584640503,0.03337430953979492,4.441787242889404,-0.19187426567077637,0.3221159875392914
75.33000183105469,0.5053126215934753,0.0025441795587539673,-0.005905747413635254,4.4864301681518555,0.015350580215454102,-0.13620281219482422
967.469970703125,0.5141846537590027,-0.04011768102645874,0.04431581497192383,4.180961608886719,-0.23340368270874023,0.3519008457660675
93.28199768066406,0.5703915357589722,0.013160869479179382,-0.010449409484863281,4.479477405548096,0.08579659461975098,-0.11809729784727097
59.321998596191406,-3.6870958865620196e-05,5.7423949328949675e-05,-1.865718513727188e-05,-0.0018113618716597557,0.0008128336630761623,-0.00017874425975605845
685.177978515625,0.35791024565696716,0.035440199077129364,-0.053408145904541016,3.2080140113830566,0.220292329788208,-0.48966121673583984
240.68600463867188,0.36423856019973755,0.0010148435831069946,-0.0023627281188964844,3.911724805831909,0.012497186660766602,0.006957356818020344
332.12200927734375,0.629457950592041,-0.026501864194869995,0.015707015991210938,4.644847869873047,-0.1466662883758545,0.08351048827171326
94.77799987792969,0.48372501134872437,0.004974357783794403,0.0008482933044433594,4.658102035522461,0.04964858293533325,0.011159814894199371
634.7780151367188,0.2952193319797516,-0.0028337091207504272,0.010016202926635742,2.2575292587280273,-0.019132137298583984,0.09590257704257965
895.9099731445312,0.2856338918209076,0.04227208346128464,-0.0700383186340332,2.9600119590759277,0.32858139276504517,-0.7555794715881348
899.8460083007812,0.299245148897171,0.027279049158096313,-0.05723285675048828,2.9339752197265625,0.17935025691986084,-0.5256069898605347
709.114013671875,0.5733439326286316,-0.025076106190681458,0.016989707946777344,4.634366035461426,-0.16454029083251953,0.12568828463554382
90.74199676513672,0.5680586695671082,0.019143223762512207,-0.021320819854736328,4.312726974487305,0.10460543632507324,-0.1397392898797989
447.906005859375,0.28054818511009216,-0.02442539483308792,0.020437240600585938,3.89855694770813,-0.3002387285232544,0.27683910727500916
518.27001953125,0.6306785345077515,0.026269763708114624,-0.019593238830566406,4.322257041931152,0.12612926959991455,-0.0680927112698555
94.15399932861328,0.43344417214393616,0.006829343736171722,0.003692626953125,4.509969234466553,0.07422226667404175,0.0541713610291481
683.4660034179688,0.45021703839302063,0.015105128288269043,-0.019565105438232422,4.503538131713867,0.11337137222290039,-0.22324228286743164
570.4140014648438,0.40707677602767944,0.040811773389577866,-0.05309748649597168,3.764158010482788,0.2746161222457886,-0.4817011058330536
235.5500030517578,0.5150041580200195,0.0027269572019577026,0.00033402442932128906,4.768777847290039,0.025977373123168945,-0.014861640520393848
520.3740234375,0.4770156741142273,0.0046369656920433044,-0.0034532546997070312,4.616082668304443,0.032541513442993164,-0.053542397916316986
289.29400634765625,0.5167029500007629,-0.01756608486175537,0.008427262306213379,4.5941667556762695,-0.12715089321136475,0.09780529886484146
435.96600341796875,0.37476640939712524,-0.01820291578769684,0.019896507263183594,3.5069313049316406,-0.1306840181350708,0.16957953572273254
475.010009765625,0.3813771903514862,0.03555149957537651,-0.043854713439941406,3.538599967956543,0.25512129068374634,-0.39806967973709106
685.885986328125,0.40542739629745483,0.03308189660310745,-0.05213594436645508,3.392540216445923,0.19812539219856262,-0.45444348454475403
781.9819946289062,0.3733871281147003,0.013027288019657135,-0.013570785522460938,4.452028751373291,0.11582982540130615,-0.17839877307415009
960.6420288085938,0.5806320905685425,-0.03610582649707794,0.026203155517578125,4.525347709655762,-0.21766960620880127,0.20399700105190277
62.321998596191406,-5.367803169065155e-05,7.095680484781042e-05,7.891561836004257e-06,-0.0021433697547763586,0.0009282553219236434,0.0010959074134007096
199.0780029296875,0.22510170936584473,-0.01418934017419815,0.044359803199768066,2.264589786529541,-0.09886184334754944,0.4266943037509918
317.22601318359375,0.5623127818107605,-0.023741602897644043,0.017401695251464844,4.69898796081543,-0.161238431930542,0.13843269646167755
959.1420288085938,0.5065402984619141,-0.01870250701904297,0.017629623413085938,4.487482070922852,-0.14721202850341797,0.16886644065380096
492.57000732421875,0.6935341358184814,0.023731783032417297,-0.017029762268066406,4.57869815826416,0.11014378070831299,-0.10460690408945084
724.85400390625,0.6153904795646667,-0.05417469143867493,0.0425034761428833,4.413468360900879,-0.2826319932937622,0.28639835119247437
898.6060180664062,0.3171241879463196,0.03348212689161301,-0.10103511810302734,2.5043108463287354,0.14362765848636627,-0.8063591122627258
175.18600463867188,0.2817451059818268,-0.01931263506412506,0.06605148315429688,2.145507335662842,-0.06845271587371826,0.5073891878128052
723.25,0.6258265972137451,-0.041663095355033875,0.0590747594833374,4.43083381652832,-0.19971561431884766,0.43784523010253906
778.2940063476562,0.287937730550766,0.03270433098077774,-0.06311321258544922,2.8748719692230225,0.2385234832763672,-0.6464056968688965
788.2659912109375,0.27477970719337463,-0.010323259979486465,0.06248760223388672,1.8894932270050049,-0.02156713604927063,0.47601985931396484
75.97000122070312,0.5530672669410706,0.033986613154411316,-0.05012857913970947,4.029958248138428,0.16908526420593262,-0.38452062010765076
704.0180053710938,0.4863901138305664,0.00796172022819519,-0.009743690490722656,4.677459716796875,0.06138801574707031,-0.06797245144844055
227.53799438476562,0.5385124087333679,0.05169500410556793,-0.05806112289428711,3.9676260948181152,0.26528966426849365,-0.38588133454322815
249.29400634765625,0.47957849502563477,0.029664650559425354,-0.02861049771308899,4.180481910705566,0.20029771327972412,-0.2110297977924347
868.1300048828125,0.2760539948940277,-0.02482461743056774,0.05579662322998047,2.7646865844726562,-0.17811065912246704,0.5428704619407654
914.6539916992188,0.7194152474403381,0.0398184210062027,-0.037364959716796875,4.248810768127441,0.1477968692779541,-0.19980916380882263
175.8939971923828,0.2672977149486542,-0.01245124638080597,0.06891918182373047,1.8000502586364746,-0.021232008934020996,0.43288469314575195
65.7300033569336,0.2019878774881363,0.002707377076148987,-0.010001357644796371,1.919905424118042,0.016430318355560303,-0.10773703455924988
259.91400146484375,0.32562705874443054,0.010341018438339233,-0.005189180374145508,4.299715042114258,0.12095332145690918,-0.10606641322374344
508.3139953613281,0.4025699496269226,0.030200764536857605,-0.055568695068359375,3.2737903594970703,0.15994834899902344,-0.45024561882019043
200.64999389648438,0.2248402237892151,-0.018987484276294708,0.0677192211151123,2.1483688354492188,-0.11593979597091675,0.6706116199493408
249.80599975585938,0.4286312162876129,0.024388685822486877,-0.015971481800079346,4.290726184844971,0.20318293571472168,-0.16184411942958832
758.8099975585938,0.36008480191230774,0.02189914882183075,-0.012322425842285156,4.4992451667785645,0.23360538482666016,-0.16412432491779327
866.8460083007812,0.39143604040145874,-0.0292493999004364,0.04920053482055664,3.671891212463379,-0.20068109035491943,0.524303674697876
399.45001220703125,0.44670140743255615,0.003482108935713768,0.0012726783752441406,4.2768144607543945,0.03185629844665527,0.012868788093328476
646.5659790039062,0.4706841707229614,-0.008974999189376831,0.006984233856201172,4.703144073486328,-0.0703585147857666,0.06495284289121628
652.6300048828125,0.701698362827301,0.031042974442243576,-0.02256011962890625,4.618917465209961,0.14757753908634186,-0.14963358640670776
328.77398681640625,0.7161176204681396,-0.02876739203929901,0.010592460632324219,4.612846851348877,-0.14293420314788818,0.06309187412261963
180.45799255371094,0.19696880877017975,-0.009703640826046467,0.050814151763916016,1.7720708847045898,-0.04234665632247925,0.4503616988658905
354.2539978027344,0.4548131823539734,-0.004538193345069885,0.0054225921630859375,4.721543312072754,-0.03877687454223633,0.028071867302060127
795.9860229492188,0.44648951292037964,-0.033278241753578186,0.026376724243164062,4.325891494750977,-0.2623264789581299,0.2725227177143097
139.68600463867188,0.41935375332832336,0.033810243010520935,-0.06843948364257812,3.2935123443603516,0.15093612670898438,-0.5483329892158508
758.47802734375,0.4431259036064148,0.025262176990509033,-0.024869918823242188,4.449894428253174,0.1927638053894043,-0.21699154376983643
801.3499755859375,0.4769853949546814,-0.0518069714307785,0.08833789825439453,3.3432459831237793,-0.23238730430603027,0.6712002754211426
914.2780151367188,0.3612825274467468,0.028415720909833908,-0.02508258819580078,4.1142048835754395,0.2823198437690735,-0.2610684037208557
126.28199768066406,0.591087818145752,0.01737534999847412,-0.01756000518798828,4.622559547424316,0.0979151725769043,-0.15314356982707977
666.010009765625,0.6290329694747925,0.024288296699523926,-0.008516788482666016,4.7628560066223145,0.1434640884399414,-0.016897324472665787
748.4459838867188,0.3440486788749695,0.034887418150901794,-0.04659080505371094,3.621591567993164,0.28881001472473145,-0.48840487003326416
303.489990234375,0.6137773394584656,-0.03180678188800812,0.03578352928161621,4.665372848510742,-0.1771402359008789,0.28524136543273926
288.96600341796875,0.664844274520874,-0.027188822627067566,0.019063711166381836,4.641398906707764,-0.13273882865905762,0.14084330201148987
844.4819946289062,0.45011013746261597,0.005970291793346405,-0.0039501190185546875,4.682650089263916,0.04814022779464722,-0.05513124540448189
896.3660278320312,0.28513967990875244,0.035881057381629944,-0.06278419494628906,2.867244005203247,0.25664982199668884,-0.617446780204773
998.4140014648438,0.6145021319389343,0.016172591596841812,-0.009493827819824219,4.380152702331543,0.09251388907432556,-0.0530858188867569
723.469970703125,0.5385434627532959,-0.04872440546751022,0.04953598976135254,4.329680919647217,-0.29876959323883057,0.3986838757991791
233.54600524902344,0.5042532086372375,0.02031758427619934,-0.011817693710327148,4.6842145919799805,0.1523205041885376,-0.07928917557001114
663.7459716796875,0.6108687520027161,0.025660812854766846,-0.030874252319335938,4.610614776611328,0.14187908172607422,-0.3036852478981018
80.28600311279297,0.36221861839294434,0.01511228084564209,-0.013217687606811523,4.095844745635986,0.14923059940338135,-0.07842990756034851
474.7860107421875,0.3183072805404663,0.031770072877407074,-0.04241371154785156,3.476357936859131,0.2779650092124939,-0.43385016918182373
853.9979858398438,0.5034095644950867,-0.03965204209089279,0.040787696838378906,4.215145111083984,-0.24992603063583374,0.37578341364860535
697.6339721679688,0.4496151804924011,-2.5779008865356445e-05,0.0011840462684631348,4.698454856872559,0.009361982345581055,0.012090877629816532
672.3460083007812,0.40700840950012207,-0.02479700744152069,0.028622031211853027,4.0404953956604,-0.1997111439704895,0.29363638162612915
925.677978515625,0.3532918691635132,-0.03702422231435776,0.050766944885253906,3.7084763050079346,-0.30098679661750793,0.5001257061958313
421.0979919433594,0.6515471339225769,0.028408735990524292,-0.024235010147094727,4.548311710357666,0.14722931385040283,-0.16638439893722534
1001.2739868164062,0.23833666741847992,0.0005913078784942627,-0.0019960403442382812,3.104891777038574,0.003344237804412842,-0.051829878240823746
489.0060119628906,0.610751748085022,0.023414909839630127,-0.03228473663330078,4.468836784362793,0.11566460132598877,-0.279263436794281
241.85800170898438,0.37004703283309937,0.0008700042963027954,-0.004370212554931641,3.173271417617798,0.004392385482788086,-0.033641666173934937
697.3259887695312,0.6627198457717896,-0.0012456178665161133,0.0019328594207763672,4.701604843139648,-0.013664960861206055,-0.0015565473586320877
455.3940124511719,0.33766624331474304,-0.0303102508187294,0.06068992614746094,2.9402854442596436,-0.17304646968841553,0.5177186727523804
413.49798583984375,0.6506791114807129,0.028443962335586548,-0.023928165435791016,4.483554363250732,0.1624675989151001,-0.18233367800712585
972.7100219726562,0.6365005373954773,0.0010490119457244873,-0.002315998077392578,4.62894868850708,0.01580214500427246,-0.01681293174624443
919.4140014648438,0.3335721492767334,0.03297121077775955,-0.032627105712890625,3.9654362201690674,0.3321566581726074,-0.3903566002845764
888.2020263671875,0.5830063819885254,0.01898902654647827,-0.032061755657196045,4.354963779449463,0.09833931922912598,-0.24769604206085205
155.58599853515625,0.43316465616226196,-0.046909719705581665,0.057244300842285156,4.0054473876953125,-0.3376826047897339,0.509553074836731
553.2940063476562,0.19411906599998474,-0.014856293797492981,0.06903791427612305,1.868323802947998,-0.07789021730422974,0.6596111059188843
893.2059936523438,0.4048897922039032,0.04208353906869888,-0.04822850227355957,4.051065921783447,0.33960849046707153,-0.5070642232894897
936.2100219726562,0.2636335492134094,-0.015125546604394913,0.04468727111816406,2.701615333557129,-0.09276312589645386,0.44026148319244385
938.1099853515625,0.4733535647392273,-0.027029842138290405,0.03801250457763672,3.622650623321533,-0.13746869564056396,0.3008675277233124
786.6019897460938,0.26397159695625305,-0.009261652827262878,0.023819923400878906,2.4921250343322754,-0.05688917636871338,0.2203999161720276
946.5419921875,0.40608033537864685,-0.03932765871286392,0.04475593566894531,4.064784526824951,-0.3123096525669098,0.40942439436912537
210.14199829101562,0.23282566666603088,-0.01742141880095005,0.07958364486694336,1.873033881187439,-0.07214191555976868,0.6656628847122192
255.0540008544922,0.4629128575325012,0.0031100958585739136,-0.0032638907432556152,3.9700865745544434,0.021951496601104736,-0.027005551382899284
924.8099975585938,0.41454675793647766,-0.041765183210372925,0.0544281005859375,3.834365129470825,-0.28830766677856445,0.5284655690193176
469.4339904785156,0.7209986448287964,-0.017246145755052567,0.0054759979248046875,4.760552406311035,-0.08104324340820312,0.02887982688844204
616.4099731445312,0.360007643699646,-0.04193076491355896,0.06337183713912964,3.481539249420166,-0.2994006872177124,0.6167555451393127
104.35399627685547,0.34413138031959534,0.03897446021437645,-0.0691518783569336,3.059244155883789,0.24180728197097778,-0.599980354309082
147.7899932861328,0.21662452816963196,-0.01723436266183853,0.06515121459960938,2.1940054893493652,-0.11191725730895996,0.6618486642837524
867.7420043945312,0.29089298844337463,-0.02791089564561844,0.057025909423828125,2.710270881652832,-0.16600972414016724,0.5432383418083191
467.4700012207031,0.4360775947570801,-0.027680061757564545,0.020421981811523438,4.372101783752441,-0.2208235263824463,0.18144236505031586
681.7420043945312,0.5377231240272522,0.01964801549911499,-0.02678060531616211,4.477840423583984,0.11464810371398926,-0.21925513446331024
899.9500122070312,0.3073609471321106,0.027181312441825867,-0.060471534729003906,2.9840574264526367,0.18576526641845703,-0.5682602524757385
471.15399169921875,0.6587247252464294,-0.0067697493359446526,0.0022068023681640625,4.699648857116699,-0.037776194512844086,0.0008373320451937616
263.2099914550781,0.47889548540115356,0.002450883388519287,0.0008004903793334961,4.600747108459473,0.02448725700378418,-0.019678417593240738
325.6180114746094,0.6143414378166199,-0.033474236726760864,0.02940654754638672,4.66330623626709,-0.19969123601913452,0.20738661289215088
78.84200286865234,0.6325678825378418,0.033904388546943665,-0.03342604637145996,4.3140645027160645,0.1515522003173828,-0.2202676385641098
120.55799865722656,0.506839394569397,0.021496519446372986,-0.012673377990722656,4.55140495300293,0.14752256870269775,-0.07294425368309021
674.0180053710938,0.5412980318069458,-0.04590688645839691,0.05866122245788574,3.8534529209136963,-0.22544968128204346,0.42036890983581543
369.6260070800781,0.42408907413482666,0.032901618629693985,-0.04239177703857422,3.9497008323669434,0.22612276673316956,-0.430059015750885
963.4180297851562,0.5029398798942566,-0.02755415439605713,0.015832901000976562,4.51539421081543,-0.19843196868896484,0.11104363203048706
274.72198486328125,0.1868090182542801,-0.002568267285823822,0.010924816131591797,1.6675477027893066,-0.010446548461914062,0.11149415373802185
802.4340209960938,0.3554825782775879,-0.032763220369815826,0.10180854797363281,2.553410530090332,-0.11110794544219971,0.7314440011978149
923.0460205078125,0.49161088466644287,-0.038026392459869385,0.05285358428955078,3.6832900047302246,-0.1914738416671753,0.4247018098831177
792.614013671875,0.19663278758525848,-0.017659544944763184,0.049304962158203125,2.467273712158203,-0.16332745552062988,0.6228068470954895
266.010009765625,0.5839101672172546,0.0025766193866729736,-0.0013480186462402344,4.6917338371276855,0.027065753936767578,-0.015083438716828823
952.4420166015625,0.4370425343513489,-0.005878537893295288,0.0037078857421875,4.759483337402344,-0.06028604507446289,0.034981828182935715
938.3419799804688,0.4637243151664734,-0.025650754570961,0.033379554748535156,3.769071340560913,-0.1503819227218628,0.3085940480232239
336.1180114746094,0.5200605988502502,-0.0012347102165222168,-0.0036640167236328125,4.8070878982543945,-0.009810924530029297,-0.061897240579128265
864.5700073242188,0.7279318571090698,-0.026388466358184814,0.020496845245361328,4.52639102935791,-0.12033069133758545,0.11782427132129669
797.6339721679688,0.5707415342330933,-0.020235687494277954,0.0067005157470703125,4.594052791595459,-0.13681161403656006,0.07820744067430496
664.093994140625,0.48970985412597656,0.03254874050617218,-0.0208127498626709,4.5457282066345215,0.25815391540527344,-0.24181418120861053
359.2460021972656,0.27298325300216675,-0.0007311180233955383,-0.009123802185058594,2.138090133666992,-0.021944820880889893,-0.04146139696240425
416.5459899902344,0.544851541519165,0.043069787323474884,-0.04629945755004883,4.167810916900635,0.2293442189693451,-0.3031827509403229
257.1180114746094,0.3489152789115906,0.01672491803765297,-0.02646852284669876,3.217228651046753,0.11388441920280457,-0.2788020372390747
214.76600646972656,0.3787667453289032,-0.02263966202735901,0.02401113510131836,3.393660068511963,-0.1476731300354004,0.20077699422836304
695.6019897460938,0.6193112730979919,0.027025043964385986,-0.013147473335266113,4.55275821685791,0.15623736381530762,-0.04131218418478966
937.5339965820312,0.33789724111557007,-0.022594809532165527,0.034366607666015625,3.4241857528686523,-0.17248618602752686,0.3396689295768738
911.5380249023438,0.5663871169090271,0.01903274655342102,-0.03442859649658203,4.383516311645508,0.11604952812194824,-0.2862975001335144
322.7460021972656,0.4709194302558899,-0.018697679042816162,0.009833812713623047,4.715111255645752,-0.15512990951538086,0.07522549480199814
76.24199676513672,0.49824729561805725,0.037747979164123535,-0.05486655235290527,3.860426187515259,0.20664870738983154,-0.4266253709793091
473.5379943847656,0.4473460912704468,0.04392625391483307,-0.08626461029052734,3.087831497192383,0.18021082878112793,-0.5535688400268555
546.114013671875,0.16752532124519348,-0.007928654551506042,0.052642822265625,1.6917839050292969,-0.03714364767074585,0.5190043449401855
769.6420288085938,0.49223026633262634,0.003421984612941742,0.0019979476928710938,4.737973213195801,0.04091024398803711,0.02209281735122204
436.6860046386719,0.3497680425643921,-0.012932047247886658,0.01426839828491211,3.373927354812622,-0.09518992900848389,0.1161939799785614
112.9219970703125,0.31906136870384216,0.024992458522319794,-0.022644996643066406,4.007091522216797,0.27043765783309937,-0.29181087017059326
817.0659790039062,0.37499988079071045,0.03755299746990204,-0.06980609893798828,3.111860752105713,0.2065160572528839,-0.5909192562103271
140.25799560546875,0.3705468475818634,0.03414149209856987,-0.042507171630859375,3.583531379699707,0.24369654059410095,-0.3890632092952728
243.7779998779297,0.19082945585250854,0.005503445863723755,-0.02853679656982422,1.8746044635772705,0.030920803546905518,-0.3144627809524536
976.2420043945312,0.3060852289199829,0.026266245171427727,-0.06022787094116211,2.7614550590515137,0.1448809802532196,-0.49760037660598755
526.1939697265625,0.2842816412448883,0.032460615038871765,-0.08006858825683594,2.6216635704040527,0.20347708463668823,-0.7095255255699158
916.9180297851562,0.4477837085723877,0.039303258061409,-0.03873157501220703,4.104852676391602,0.28136777877807617,-0.3208116590976715
75.14199829101562,0.5678356289863586,0.004157394170761108,-0.0009684562683105469,4.562647819519043,0.0227205753326416,0.02768068015575409
416.906005859375,0.6068889498710632,0.04065535217523575,-0.03525686264038086,4.254910469055176,0.18946751952171326,-0.19340477883815765
896.9180297851562,0.29303309321403503,0.033429719507694244,-0.053151607513427734,3.073979377746582,0.2627251148223877,-0.5181965231895447
828.114013671875,0.4484251141548157,0.03692926466464996,-0.030771255493164062,4.28013277053833,0.2803539037704468,-0.3440758287906647
547.677978515625,0.22318626940250397,-0.01292824000120163,0.07010221481323242,1.8594183921813965,-0.0483475923538208,0.6095055937767029
451.54998779296875,0.6161532998085022,-0.013087406754493713,0.011948585510253906,4.529270648956299,-0.07208406925201416,0.07724939286708832
407.1059875488281,0.7043952941894531,0.023562274873256683,-0.008756637573242188,4.4985785484313965,0.12737822532653809,-0.04443615302443504
712.4099731445312,0.31734079122543335,-0.02534589171409607,0.022058606147766113,4.406953811645508,-0.30966341495513916,0.30607205629348755
136.78599548339844,0.3939240872859955,0.007447533309459686,-0.021902084350585938,4.424892902374268,0.07256543636322021,-0.3123253881931305
504.4259948730469,0.401153028011322,0.021615877747535706,-0.01826620101928711,4.0387492179870605,0.17227351665496826,-0.18623235821723938
165.0500030517578,0.5725511312484741,-0.030204862356185913,0.02235698699951172,4.509554862976074,-0.18601393699645996,0.1368296593427658
593.9500122070312,0.20176419615745544,-0.004460431635379791,0.02682781219482422,2.050384998321533,-0.018665313720703125,0.26025813817977905
159.8179931640625,0.4085898995399475,-0.03990375995635986,0.03731727600097656,4.137216567993164,-0.32149243354797363,0.3811672031879425
231.6739959716797,0.4105862081050873,0.029453374445438385,-0.024323225021362305,4.3119916915893555,0.2595779299736023,-0.2663685977458954
331.114013671875,0.41501426696777344,-0.018525004386901855,0.012682914733886719,4.530896186828613,-0.16644573211669922,0.1569867581129074
243.12600708007812,0.25675883889198303,0.00031413137912750244,0.0007169246673583984,2.4367218017578125,-0.006689310073852539,-0.007961636409163475
961.8099975585938,0.5719935297966003,-0.04306194558739662,0.03928565979003906,4.450780868530273,-0.2567092776298523,0.3441678583621979
322.64599609375,0.6036324501037598,-0.023538172245025635,0.015626907348632812,4.72255802154541,-0.1460893154144287,0.11729121208190918
808.97802734375,0.34370461106300354,-0.0004841163754463196,0.0009920597076416016,4.2988762855529785,-0.00806117057800293,0.00113490701187402
709.5659790039062,0.46614331007003784,-0.022136203944683075,0.018094658851623535,4.682644367218018,-0.18480253219604492,0.1894160360097885
610.4340209960938,0.6026461124420166,-0.04851570725440979,0.049410343170166016,4.298011302947998,-0.24840056896209717,0.34529387950897217
58.625999450683594,-5.711880476155784e-06,5.309794141794555e-05,6.520655006170273e-06,-0.0018330429447814822,0.0007765984046272933,-9.909470099955797e-05
922.22998046875,0.31635478138923645,-0.02769143134355545,0.04700756072998047,3.196713447570801,-0.21306833624839783,0.48688003420829773
910.97802734375,0.391364187002182,0.00774402916431427,-0.0072193145751953125,4.668474197387695,0.08058834075927734,-0.061561938375234604
883.47802734375,0.4558551013469696,-0.025582559406757355,0.020054757595062256,4.552426338195801,-0.20841073989868164,0.2170693725347519
955.4819946289062,0.4078240692615509,-0.03977418690919876,0.0412755012512207,3.9063942432403564,-0.3061779737472534,0.43500983715057373
221.37399291992188,0.4483611285686493,0.03784576430916786,-0.05452919006347656,3.524888515472412,0.20868712663650513,-0.4209910035133362
998.197998046875,0.5349391102790833,0.014145196415483952,-0.01348114013671875,4.462869644165039,0.09077262878417969,-0.17310376465320587
188.51800537109375,0.33707842230796814,-0.01657785475254059,0.049326181411743164,2.59420108795166,-0.0664777159690857,0.3586099445819855
449.4700012207031,0.430444598197937,-0.024016007781028748,0.014591217041015625,4.3079962730407715,-0.20144855976104736,0.14755021035671234
710.7420043945312,0.34444478154182434,-0.02518342435359955,0.01973092555999756,4.534107208251953,-0.2884516417980194,0.22648467123508453
399.34600830078125,0.4177069664001465,0.003967307507991791,0.0004076957702636719,4.325552463531494,0.04321596026420593,0.010035412386059761
342.4339904785156,0.42565131187438965,-0.04208265244960785,0.049373626708984375,3.804983139038086,-0.28854310512542725,0.4761925935745239
126.65799713134766,0.4752897620201111,0.014974772930145264,-0.010848045349121094,4.573768138885498,0.11998105049133301,-0.134066641330719
131.18600463867188,0.46044057607650757,0.03253079950809479,-0.026498794555664062,4.285379886627197,0.2381908893585205,-0.23305493593215942
188.38600158691406,0.24802419543266296,-0.01328238844871521,0.03710651397705078,2.51200008392334,-0.0915825366973877,0.3627548813819885
853.8779907226562,0.56963050365448,-0.0448269285261631,0.0432276725769043,4.190446376800537,-0.24179071187973022,0.310933381319046
67.17400360107422,0.2890448570251465,0.010035596787929535,-0.017332732677459717,2.9077558517456055,0.07298576831817627,-0.1687181293964386
481.25,0.5930150151252747,0.009072132408618927,-0.011028289794921875,4.489100933074951,0.050769686698913574,-0.05942321941256523
903.0339965820312,0.36059001088142395,0.035927340388298035,-0.04848480224609375,3.63826847076416,0.28463053703308105,-0.4457424283027649
530.1220092773438,0.32822054624557495,0.03852967917919159,-0.07101115584373474,3.158435344696045,0.26078200340270996,-0.6653727293014526
269.30999755859375,0.21859629452228546,0.011692073196172714,-0.059645652770996094,1.830557107925415,0.03845059871673584,-0.5346236824989319
777.989990234375,0.33308812975883484,0.037106674164533615,-0.0696868896484375,2.9405360221862793,0.22594290971755981,-0.6300629377365112
929.5419921875,0.35727235674858093,-0.00981418788433075,0.005230903625488281,4.706387519836426,-0.10604095458984375,0.09005599468946457
474.3940124511719,0.35352805256843567,0.034424737095832825,-0.0565643310546875,3.3512473106384277,0.23853754997253418,-0.558164119720459
711.3740234375,0.7127747535705566,-0.04250966012477875,0.030533909797668457,4.481163501739502,-0.19527402520179749,0.2138892263174057
578.6220092773438,0.40037721395492554,0.048342712223529816,-0.05226612091064453,3.8417651653289795,0.3681906461715698,-0.47380343079566956
373.1619873046875,0.6254072189331055,0.026888668537139893,-0.02310466766357422,4.575931549072266,0.14658069610595703,-0.1318320333957672
552.4019775390625,0.18524187803268433,-0.016808565706014633,0.06531405448913574,1.817236065864563,-0.11256995797157288,0.6535524725914001
157.06199645996094,0.554639995098114,-0.048640742897987366,0.050354957580566406,4.1469621658325195,-0.2497248649597168,0.3953431248664856
125.15399932861328,0.35417115688323975,0.010749384760856628,-0.008649826049804688,4.649081707000732,0.11352658271789551,-0.1314098834991455
451.89801025390625,0.47646331787109375,-0.011902794241905212,0.009844779968261719,4.586613655090332,-0.08856546878814697,0.09384112060070038
146.7259979248047,0.3736567199230194,-0.026855841279029846,0.05053138732910156,3.250156879425049,-0.1675034761428833,0.47977349162101746
268.84600830078125,0.20572052896022797,0.01310557872056961,-0.052393198013305664,1.9562329053878784,0.06863880157470703,-0.4602902829647064
622.2979736328125,0.4567292332649231,-0.03590850159525871,0.03157401084899902,4.2737298011779785,-0.26798442006111145,0.2722301483154297
786.2979736328125,0.25483211874961853,-0.008382268249988556,0.0195159912109375,2.528918504714966,-0.05937457084655762,0.2090693861246109
282.9100036621094,0.41953083872795105,-0.040462881326675415,0.047649942338466644,3.9096951484680176,-0.2903054356575012,0.43296316266059875
718.3099975585938,0.5507749915122986,-0.036545440554618835,0.032799214124679565,4.58656644821167,-0.23549997806549072,0.24953603744506836
118.16999816894531,0.816088855266571,0.057291481643915176,-0.057544708251953125,4.421813488006592,0.18388034403324127,-0.2981964647769928
706.9340209960938,0.7111079096794128,0.0036113858222961426,0.012357711791992188,4.6690521240234375,0.023891687393188477,0.11743126064538956
971.9660034179688,0.591182291507721,-0.004175812005996704,0.0068891048431396484,4.770009517669678,-0.029658079147338867,0.04264471307396889
780.073974609375,0.46485432982444763,0.04439781606197357,-0.04810047149658203,3.757911205291748,0.2580990195274353,-0.34788912534713745
575.781982421875,0.34975823760032654,0.03258287161588669,-0.029279232025146484,4.361948490142822,0.34876322746276855,-0.4076245129108429
95.62999725341797,0.48078376054763794,0.011508964002132416,-0.014971256256103516,4.612354278564453,0.09006887674331665,-0.10478516668081284
860.0180053710938,0.5099353790283203,-0.0025887787342071533,0.0017337799072265625,4.722373962402344,-0.022139787673950195,0.037085775285959244
269.77801513671875,0.17928919196128845,0.010303430259227753,-0.04882478713989258,1.7943751811981201,0.06187544763088226,-0.45446455478668213
175.05799865722656,0.2575729489326477,-0.01932758092880249,0.05702686309814453,2.256971836090088,-0.09640532732009888,0.4939829707145691
650.2780151367188,0.37505000829696655,0.03287594020366669,-0.03212118148803711,4.0858941078186035,0.29347777366638184,-0.30539029836654663
615.8460083007812,0.4186282753944397,-0.045834362506866455,0.08563476800918579,3.3181676864624023,-0.23589229583740234,0.7042222619056702
752.0780029296875,0.4744008779525757,0.01823468506336212,-0.011835575103759766,4.747363090515137,0.14967727661132812,-0.08243821561336517
260.62200927734375,0.4841325879096985,0.01033000648021698,-0.0056986212730407715,4.331368446350098,0.07674717903137207,-0.03898242861032486
562.8460083007812,0.3516743779182434,0.031088098883628845,-0.07574784755706787,2.73979115486145,0.14838051795959473,-0.5951642990112305
218.78199768066406,0.3080926835536957,0.01767885684967041,-0.034560203552246094,2.9085140228271484,0.11637282371520996,-0.3354259431362152
226.20199584960938,0.5994400978088379,0.01341758668422699,-0.011728763580322266,4.657142162322998,0.08034968376159668,-0.148116797208786
186.24200439453125,0.3009636104106903,-0.007536612451076508,0.019738197326660156,2.108224630355835,-0.027985036373138428,0.12601208686828613
373.63800048828125,0.5577607154846191,0.023112475872039795,-0.013443946838378906,4.4790754318237305,0.14197790622711182,-0.08341819047927856
857.9099731445312,0.46946802735328674,-0.008621037006378174,0.005710601806640625,4.697999954223633,-0.07305312156677246,0.008024870418012142
185.32200622558594,0.23797813057899475,-0.009767401963472366,0.018258094787597656,2.2612552642822266,-0.07272523641586304,0.18125955760478973
91.61399841308594,0.4692862629890442,0.019185245037078857,-0.017210960388183594,4.359001636505127,0.15210425853729248,-0.1872229278087616
363.27801513671875,0.2672331929206848,0.025166600942611694,-0.05562782287597656,2.614435911178589,0.17143118381500244,-0.5405510067939758
934.0419921875,0.3502455949783325,-0.007732272148132324,0.011891365051269531,3.6346845626831055,-0.061388611793518066,0.11939118802547455
999.781982421875,0.5474660396575928,0.005395926535129547,-0.009617805480957031,3.86561918258667,0.01499176025390625,-0.06755264848470688
898.0419921875,0.24264098703861237,0.03574628382921219,-0.06803417205810547,2.8389806747436523,0.31866538524627686,-0.7588096261024475
862.5460205078125,0.5218580365180969,-0.04323948919773102,0.03643798828125,4.2294392585754395,-0.26385951042175293,0.28518959879875183
209.5780029296875,0.28380101919174194,-0.016161225736141205,0.09221839904785156,1.9243264198303223,-0.022590816020965576,0.6343470215797424
223.17799377441406,0.5216878652572632,0.03217284381389618,-0.025839805603027344,4.242919445037842,0.19763803482055664,-0.20195724070072174
541.8779907226562,0.20548130571842194,0.0019564107060432434,0.0005211830139160156,1.4946043491363525,0.006552934646606445,0.06727702915668488
365.6940002441406,0.40355491638183594,0.04654718562960625,-0.0625448226928711,3.512576103210449,0.2914518117904663,-0.5063878893852234
988.614013671875,0.6254055500030518,-0.001297295093536377,0.0010657310485839844,4.729544639587402,-0.007768988609313965,-0.08629881590604782
775.2459716796875,0.3659517765045166,0.013957984745502472,-0.007460594177246094,4.575913429260254,0.1470881700515747,-0.05732323229312897
248.28599548339844,0.36697497963905334,0.028976157307624817,-0.03257375955581665,3.685934066772461,0.22739160060882568,-0.31080853939056396
655.302001953125,0.4416966140270233,0.038950443267822266,-0.04465532302856445,3.945798873901367,0.25674939155578613,-0.399555504322052
320.95001220703125,0.4686525762081146,-0.0019480884075164795,0.0015287399291992188,4.686143398284912,-0.018842220306396484,0.02525314688682556
817.9299926757812,0.3685682713985443,0.03435330092906952,-0.06902551651000977,3.0893356800079346,0.1960771083831787,-0.5244520902633667
548.9180297851562,0.2328951507806778,-0.01310613751411438,0.08174872398376465,1.789209008216858,-0.03192555904388428,0.5734195709228516
887.85400390625,0.48504868149757385,0.016139879822731018,-0.01660376787185669,4.488583564758301,0.11993193626403809,-0.14424636960029602
638.27001953125,0.47183990478515625,-0.019882529973983765,0.032384634017944336,3.20554256439209,-0.08312222361564636,0.19634975492954254
539.6019897460938,0.27958250045776367,0.018764212727546692,-0.10041332244873047,1.9230573177337646,0.03293424844741821,-0.7415398359298706
922.1300048828125,0.31300437450408936,-0.02766011469066143,0.04574775695800781,3.1496102809906006,-0.21357101202011108,0.4603634774684906
178.45799255371094,0.1004709005355835,-0.00562923401594162,0.02929830551147461,1.697004795074463,-0.06248897314071655,0.4958890676498413
993.3419799804688,0.2985513210296631,0.03314044326543808,-0.040232181549072266,3.8917267322540283,0.36111971735954285,-0.5765299201011658
343.5459899902344,0.509625256061554,-0.042329058051109314,0.05550670623779297,3.914259910583496,-0.22959792613983154,0.46131253242492676
371.24200439453125,0.4420514404773712,0.028459712862968445,-0.024059295654296875,4.435945510864258,0.22523462772369385,-0.2514629065990448
965.4940185546875,0.5050479769706726,-0.046651825308799744,0.08385610580444336,3.330571413040161,-0.1730804443359375,0.5380019545555115
397.69000244140625,0.6721888184547424,0.01865372806787491,-0.010149478912353516,4.629352569580078,0.10766822099685669,-0.05482594668865204
639.614013671875,0.3403938412666321,-0.025091633200645447,0.04175376892089844,3.3997812271118164,-0.19098705053329468,0.41188812255859375
847.8980102539062,0.6221235394477844,-0.04726129770278931,0.04857444763183594,3.991868019104004,-0.19670867919921875,0.23852889239788055
560.8140258789062,0.6153507232666016,-0.017159387469291687,0.0071773529052734375,4.650315284729004,-0.10512387752532959,-0.0001334218104602769
716.6420288085938,0.40801286697387695,-0.03331658989191055,0.028023935854434967,4.447649955749512,-0.29349881410598755,0.2775701880455017
722.2059936523438,0.5835344195365906,-0.029469996690750122,0.027838468551635742,4.574610710144043,-0.16186058521270752,0.2274440973997116
663.8900146484375,0.6630949378013611,0.033350974321365356,-0.040242910385131836,4.607862949371338,0.1641993522644043,-0.24098680913448334
511.510009765625,0.4180287718772888,0.02079784870147705,-0.016328811645507812,4.349952697753906,0.1838914155960083,-0.18154539167881012
997.97802734375,0.4610391855239868,0.013484781607985497,-0.00855255126953125,4.436641216278076,0.11127346754074097,-0.15032407641410828
316.85400390625,0.5013980865478516,-0.02368762344121933,0.019599437713623047,4.657594203948975,-0.1741347312927246,0.1538892537355423
668.9500122070312,0.5945595502853394,-0.014084160327911377,0.04314565658569336,4.287731170654297,-0.05428576469421387,0.3657274842262268
894.2100219726562,0.3738541007041931,0.03859595209360123,-0.03602719306945801,4.076409816741943,0.33905553817749023,-0.38644441962242126
804.3980102539062,0.1969429850578308,-0.016690939664840698,0.07652950286865234,1.962188720703125,-0.10237956047058105,0.7556712627410889
891.302001953125,0.3980509042739868,0.03747127950191498,-0.0500791072845459,3.847917079925537,0.2627805471420288,-0.476840615272522
167.71800231933594,0.4960137903690338,-0.04332637041807175,0.03081798553466797,4.430395603179932,-0.3139071762561798,0.2557484805583954
139.3419952392578,0.4644022583961487,0.03445996344089508,-0.08547401428222656,2.936969757080078,0.09634840488433838,-0.4778527617454529
766.25,0.46017900109291077,0.0072311535477638245,-0.0039615631103515625,4.598765850067139,0.05899709463119507,0.022090531885623932
71.22599792480469,0.3088994026184082,0.008391380310058594,-0.003329455852508545,4.065247058868408,0.09689629077911377,-0.025875480845570564
926.9340209960938,0.509399950504303,-0.04631282389163971,0.047690391540527344,4.1309638023376465,-0.2772759199142456,0.3443776071071625
184.3459930419922,0.31074246764183044,-0.014426558278501034,0.03774261474609375,2.4225704669952393,-0.06314197927713394,0.28524741530418396
354.93798828125,0.4605388343334198,-0.004229798913002014,0.0046234130859375,4.602684020996094,-0.026279687881469727,0.05534963309764862
123.35399627685547,0.6263980269432068,0.004955589771270752,8.392333984375e-05,4.738910675048828,0.025789260864257812,0.011127588339149952
592.6380004882812,0.2229001522064209,0.010893695056438446,-0.03240013122558594,1.8084884881973267,0.05239880084991455,-0.26826539635658264
699.6300048828125,0.4816005825996399,0.04494638741016388,-0.06337618827819824,3.622678518295288,0.22374892234802246,-0.4975924491882324
639.3060302734375,0.33585092425346375,-0.02190779522061348,0.03641533851623535,3.3854422569274902,-0.16627192497253418,0.3834379017353058
882.9420166015625,0.545478105545044,-0.034283146262168884,0.028359025716781616,4.297693729400635,-0.2022038698196411,0.2333320528268814
675.8460083007812,0.3934556245803833,-0.02801482379436493,0.03953051567077637,3.68381404876709,-0.19833803176879883,0.38482797145843506
724.0460205078125,0.3304806649684906,-0.036964766681194305,0.03644096851348877,4.1268744468688965,-0.3987024426460266,0.4282900094985962
403.6099853515625,0.5522468090057373,0.03644135594367981,-0.04672384262084961,3.574873447418213,0.15610218048095703,-0.304109662771225
994.3419799804688,0.3700093626976013,0.03956899046897888,-0.048583984375,3.605205774307251,0.2945709228515625,-0.5253090858459473
839.0780029296875,0.4128739535808563,0.03630159795284271,-0.03252696990966797,4.309447288513184,0.30717945098876953,-0.3261532783508301
753.3980102539062,0.46469587087631226,0.007750794291496277,-0.001316070556640625,4.6460137367248535,0.07206809520721436,0.009445056319236755
247.3419952392578,0.40526995062828064,0.02551892399787903,-0.06230926513671875,3.0324790477752686,0.10167694091796875,-0.4521074891090393
333.0140075683594,0.6006374955177307,-0.014548182487487793,0.011629104614257812,4.7007598876953125,-0.08631706237792969,0.09278585016727448
963.5180053710938,0.4532166123390198,-0.0231577530503273,0.010303974151611328,4.556652545928955,-0.20004093647003174,0.09257414191961288
920.85400390625,0.33525094389915466,-0.019670940935611725,0.04669380187988281,3.064379930496216,-0.11877763271331787,0.42420274019241333
369.74200439453125,0.46076658368110657,0.03387128934264183,-0.04621696472167969,4.006491661071777,0.1975950300693512,-0.35804688930511475
193.07400512695312,0.6870529055595398,-0.016595393419265747,0.011685371398925781,4.421140193939209,-0.08499610424041748,0.09775438904762268
101.74199676513672,0.7142143249511719,0.033314287662506104,-0.028748035430908203,4.606370449066162,0.14239323139190674,-0.1735123246908188
961.4619750976562,0.44720223546028137,-0.036262668669223785,0.03176546096801758,4.473636150360107,-0.2909427285194397,0.3183964788913727
663.3060302734375,0.4797894358634949,0.019957169890403748,-0.011524200439453125,4.617214679718018,0.16460955142974854,-0.0650748685002327
700.3660278320312,0.46023449301719666,0.04493478685617447,-0.051023125648498535,3.8704278469085693,0.29071569442749023,-0.3992890417575836
162.56199645996094,0.6167160868644714,-0.039510577917099,0.055329322814941406,4.27263069152832,-0.1741611659526825,0.4151903986930847
470.35400390625,0.4553619921207428,-0.005180900916457176,0.0016765594482421875,4.7366623878479,-0.05899170786142349,0.022293776273727417
218.88600158691406,0.3061954081058502,0.017565801739692688,-0.03479337692260742,2.9693307876586914,0.13113081455230713,-0.29122358560562134
366.5740051269531,0.5108010768890381,0.04411517083644867,-0.05164813995361328,3.9040207862854004,0.21876907348632812,-0.39772000908851624
859.677978515625,0.6542755365371704,-0.006110638380050659,-0.00170135498046875,4.6626787185668945,-0.04286980628967285,-0.00443224748596549
686.4500122070312,0.275972455739975,0.02418544515967369,-0.028861522674560547,3.2261250019073486,0.22712743282318115,-0.3105872869491577
133.1739959716797,0.4719122052192688,0.014002054929733276,-0.007171630859375,4.728828430175781,0.12262284755706787,-0.09868801385164261
321.8500061035156,0.36170077323913574,-0.013579651713371277,0.007311344146728516,4.772421836853027,-0.1583240032196045,0.08461564779281616
387.5299987792969,0.493528813123703,-0.005023546516895294,0.0018224716186523438,4.561400890350342,-0.052197396755218506,0.03987839072942734
425.5539855957031,0.4773753881454468,-0.013381101191043854,0.026061534881591797,4.374256134033203,-0.09621810913085938,0.30579665303230286
890.281982421875,0.3541678190231323,0.034059226512908936,-0.047489047050476074,3.4504950046539307,0.24381953477859497,-0.4450310468673706
903.5499877929688,0.42763790488243103,0.03866729512810707,-0.04535961151123047,3.9729855060577393,0.2824993133544922,-0.4156399071216583
904.5540161132812,0.39668649435043335,0.03998611867427826,-0.0542755126953125,3.9382505416870117,0.30985909700393677,-0.556131899356842
544.9219970703125,0.2480769157409668,-0.010667480528354645,0.06656408309936523,1.7708308696746826,-0.019399940967559814,0.49021604657173157
544.1740112304688,0.2162342220544815,-0.007376242429018021,0.04653739929199219,1.77095627784729,-0.017721474170684814,0.3690798282623291
161.97799682617188,0.5593876242637634,-0.024116992950439453,0.024860382080078125,4.512024402618408,-0.15308332443237305,0.233811154961586
65.45800018310547,0.17215116322040558,0.0020041055977344513,-0.005987117066979408,1.6475390195846558,0.01966160535812378,-0.03298826515674591
937.3300170898438,0.31408146023750305,-0.0211818665266037,0.036800384521484375,3.2956299781799316,-0.16578125953674316,0.3903600871562958
995.7780151367188,0.4155805706977844,0.03656597435474396,-0.030181884765625,4.184630393981934,0.30123960971832275,-0.26431506872177124
425.0140075683594,0.5789204835891724,0.0020297393202781677,0.003565073013305664,4.662264347076416,0.017879009246826172,0.04301121458411217
784.166015625,0.4508799910545349,0.006132856011390686,-0.0020093917846679688,3.6856307983398438,0.03234660625457764,-0.004871939774602652
170.4459991455078,0.47987979650497437,-0.01720087230205536,0.006178855895996094,4.636977195739746,-0.15062963962554932,0.05387502163648605
311.8219909667969,0.35395967960357666,-0.024069324135780334,0.02015209197998047,4.431293964385986,-0.26569533348083496,0.24193713068962097
344.9620056152344,0.37254172563552856,-0.0394459068775177,0.06425285339355469,3.3553531169891357,-0.2528608441352844,0.5168692469596863
904.1420288085938,0.41048476099967957,0.033094633370637894,-0.030486106872558594,4.113979816436768,0.2742072343826294,-0.34460097551345825
254.67799377441406,0.42940446734428406,-2.4147331714630127e-05,-0.0036979764699935913,4.1177144050598145,0.0064070820808410645,-0.02690403163433075
251.1820068359375,0.4962692856788635,0.007749676704406738,-0.004879117012023926,4.582645893096924,0.06501549482345581,-0.018606511875987053
842.4099731445312,0.47748470306396484,0.016226179897785187,-0.009478569030761719,4.566077709197998,0.13872070610523224,-0.0973605066537857
259.8380126953125,0.5634075403213501,0.019486546516418457,-0.00856006145477295,4.270378112792969,0.12136566638946533,-0.07945394515991211
609.614013671875,0.44510623812675476,-0.030373528599739075,0.03550577163696289,4.400897979736328,-0.23325634002685547,0.38139504194259644
830.8779907226562,0.5933476686477661,0.04116147384047508,-0.05526447296142578,4.32167911529541,0.20398011803627014,-0.466718852519989
964.5380249023438,0.5010159015655518,-0.038965076208114624,0.06134748458862305,3.8896851539611816,-0.2091083526611328,0.48904192447662354
736.1380004882812,0.3518855571746826,0.03493832051753998,-0.060960620641708374,3.4473979473114014,0.25368404388427734,-0.5485780835151672
568.6500244140625,0.48492375016212463,0.015907928347587585,-0.016839027404785156,4.495065689086914,0.11783933639526367,-0.13264338672161102
937.2340087890625,0.33478671312332153,-0.02229979634284973,0.03911876678466797,3.2420125007629395,-0.15014994144439697,0.39574486017227173
566.1820068359375,0.3301064670085907,0.03007037192583084,-0.040176957845687866,3.6384241580963135,0.2491060495376587,-0.44908004999160767
524.1820068359375,0.3806915581226349,0.03321187198162079,-0.038251399993896484,3.839717388153076,0.2594902515411377,-0.3953079283237457
843.3460083007812,0.5106971263885498,0.012489177286624908,-0.005260467529296875,4.7261199951171875,0.09567385911941528,-0.07759730517864227
418.9700012207031,0.4173594117164612,0.03577573597431183,-0.03333759307861328,4.1804118156433105,0.294649600982666,-0.32478076219558716
516.9099731445312,0.5627660751342773,0.026425540447235107,-0.022269248962402344,4.269869804382324,0.1468130350112915,-0.1493527889251709
228.55799865722656,0.5671292543411255,0.04789401590824127,-0.052179813385009766,4.093376159667969,0.23021817207336426,-0.3425638973712921
403.0379943847656,0.36176973581314087,0.027609005570411682,-0.038837432861328125,3.3642492294311523,0.19167602062225342,-0.33481714129447937
754.5339965820312,0.45155876874923706,0.019306853413581848,-0.013645648956298828,4.714537620544434,0.17183780670166016,-0.16486550867557526
604.4340209960938,0.6371681690216064,-0.03128032386302948,0.042272090911865234,4.5514116287231445,-0.1623079776763916,0.320168673992157
637.9180297851562,0.42493993043899536,-0.015737570822238922,0.02529454231262207,3.0549466609954834,-0.07300055027008057,0.19775138795375824
462.57000732421875,0.4280855655670166,-0.02524295449256897,0.051952362060546875,3.587994337081909,-0.15448427200317383,0.4632187783718109
90.11799621582031,0.4370609521865845,0.021373838186264038,-0.011821269989013672,4.365095138549805,0.17938566207885742,-0.14080823957920074
92.44999694824219,0.7188585996627808,0.02557055652141571,-0.013336181640625,4.403565883636475,0.12307345867156982,-0.10993880778551102
652.47802734375,0.4259134531021118,0.021500665694475174,-0.01577281951904297,4.623175621032715,0.19652898609638214,-0.1530309021472931
633.7780151367188,0.22794775664806366,-0.00023408979177474976,0.0012311935424804688,2.2903623580932617,0.0074912309646606445,0.04595918208360672
823.6300048828125,0.717781662940979,0.008467495441436768,0.0004367828369140625,4.727721214294434,0.038925886154174805,-0.02903287671506405
223.41799926757812,0.4403221011161804,0.025837302207946777,-0.02122354507446289,4.262009620666504,0.20786309242248535,-0.1923460215330124
970.2340087890625,0.5444517731666565,-0.011117726564407349,0.0038535594940185547,4.557651519775391,-0.07105159759521484,0.026408253237605095
409.87799072265625,0.36804476380348206,0.01876598596572876,-0.013560771942138672,4.587315082550049,0.20642757415771484,-0.16503246128559113
205.66200256347656,0.22327150404453278,-0.015516184270381927,0.07419466972351074,1.9086382389068604,-0.06454741954803467,0.6475757360458374
923.6740112304688,0.403369665145874,-0.029367640614509583,0.03317832946777344,3.9095592498779297,-0.22566092014312744,0.3068668842315674
567.8460083007812,0.5763065814971924,0.03211987018585205,-0.021675705909729004,4.378183364868164,0.18139076232910156,-0.11007024347782135
535.5380249023438,0.45435434579849243,0.047157302498817444,-0.07531285285949707,3.568352460861206,0.2372126579284668,-0.6295725107192993
982.3619995117188,0.6282960176467896,0.0263749361038208,-0.011510372161865234,4.613131523132324,0.154565691947937,-0.0483340322971344
537.6420288085938,0.33056217432022095,0.0386001318693161,-0.09669828414916992,2.5787246227264404,0.17862176895141602,-0.7257947325706482
666.9860229492188,0.5145192742347717,0.001992255449295044,-0.001758575439453125,4.772414684295654,0.02081894874572754,-0.02076810598373413
872.2659912109375,0.5118935108184814,-0.018635045737028122,0.010437250137329102,4.433407783508301,-0.12600144743919373,0.060863178223371506
278.1099853515625,0.21994639933109283,-0.009768053889274597,0.03929615020751953,2.225858688354492,-0.052206993103027344,0.4173288345336914
270.7179870605469,0.20693020522594452,0.012541353702545166,-0.050169944763183594,2.1049277782440186,0.07635700702667236,-0.5528737306594849
776.4660034179688,0.4582357406616211,0.004516094923019409,-0.002742767333984375,4.580286026000977,0.0342487096786499,-0.03374452516436577
58.762001037597656,-5.204296758165583e-05,5.579096978181042e-05,2.118060365319252e-05,-0.0017610606737434864,0.000929760339204222,0.001953594386577606
487.7900085449219,0.46175286173820496,0.03007715940475464,-0.025969505310058594,4.310176372528076,0.22319769859313965,-0.2520418167114258
246.6020050048828,0.26355496048927307,0.01625293679535389,-0.05002009868621826,2.457918882369995,0.09629136323928833,-0.505605161190033
690.2059936523438,0.18942609429359436,0.009587306529283524,-0.05306804180145264,1.8314085006713867,0.05864575505256653,-0.5150365829467773
259.0459899902344,0.5340712666511536,0.02527478337287903,-0.019345223903656006,4.05715799331665,0.15171599388122559,-0.11338841170072556
157.41799926757812,0.5369933247566223,-0.04540718346834183,0.03742027282714844,4.249807357788086,-0.2744002938270569,0.2899005115032196
115.48600006103516,0.5782190561294556,0.03498636186122894,-0.027421951293945312,4.380496025085449,0.19567787647247314,-0.14233718812465668
341.6820068359375,0.4517035484313965,-0.044517502188682556,0.046802520751953125,4.014207363128662,-0.3071126937866211,0.4577503204345703
152.9459991455078,0.4356030523777008,-0.031023859977722168,0.04205322265625,4.120892524719238,-0.22761619091033936,0.4185590445995331
872.3660278320312,0.44616320729255676,-0.015090137720108032,0.005002260208129883,4.494744300842285,-0.14000540971755981,0.061093203723430634
713.4660034179688,0.4523685872554779,-0.03274889290332794,0.032709717750549316,4.520551681518555,-0.26227664947509766,0.3549993634223938
727.6380004882812,0.5888187289237976,-0.017613738775253296,0.010922908782958984,4.589433670043945,-0.11262726783752441,0.0683666244149208
501.3819885253906,0.24857419729232788,0.012699484825134277,-0.03844928741455078,2.504573106765747,0.08269727230072021,-0.3922000825405121
191.46200561523438,0.5039646029472351,-0.01952861249446869,0.015457868576049805,4.185436248779297,-0.1283121109008789,0.15743984282016754
383.8699951171875,0.6887118816375732,0.006402343511581421,-0.006144523620605469,4.52858829498291,0.027742326259613037,-0.023192374035716057
237.73399353027344,0.45297718048095703,0.001627594232559204,-0.0010881423950195312,4.702678680419922,0.01107633113861084,-0.039149414747953415
801.1339721679688,0.4717192053794861,-0.04572748392820358,0.07147026062011719,3.717210531234741,-0.2540056109428406,0.5528408885002136
454.27801513671875,0.5872086882591248,-0.03036322072148323,0.06332015991210938,3.4075610637664795,-0.0974838137626648,0.430143803358078
812.3660278320312,0.42831045389175415,0.02496601641178131,-0.021948814392089844,4.298232078552246,0.19837164878845215,-0.21412232518196106
944.6099853515625,0.6174169182777405,0.017465397715568542,-0.010903358459472656,4.685006141662598,0.1017235517501831,-0.025393536314368248
134.41799926757812,0.5480726361274719,0.00870274007320404,-0.00135040283203125,4.729355335235596,0.06957697868347168,0.024638133123517036
845.677978515625,0.3879702389240265,-0.0328051783144474,0.053943634033203125,3.6049387454986572,-0.2141379714012146,0.4344606101512909
110.10600280761719,0.34803950786590576,0.0365043580532074,-0.07099246978759766,3.0094690322875977,0.21452254056930542,-0.6273915767669678
792.5339965820312,0.2417134940624237,-0.0187823548913002,0.06380271911621094,2.458667755126953,-0.11870026588439941,0.6246383786201477
659.9459838867188,0.450225830078125,0.04146566987037659,-0.06675970554351807,3.380246639251709,0.19005465507507324,-0.5229944586753845
99.55400085449219,0.49728548526763916,0.004348978400230408,-0.008900165557861328,4.59317684173584,0.02441549301147461,-0.05218468979001045
298.79400634765625,0.5030741095542908,-0.021050870418548584,0.013691186904907227,4.685877799987793,-0.1593596339225769,0.11683199554681778
980.6339721679688,0.5549560785293579,0.02824297547340393,-0.023899078369140625,4.476390361785889,0.17468354105949402,-0.18654391169548035
328.2820129394531,0.609642744064331,-0.02518618106842041,0.01885509490966797,4.635214805603027,-0.1458587646484375,0.15227724611759186
693.1019897460938,0.5684704184532166,0.04626116156578064,-0.06134537607431412,3.706343173980713,0.18910366296768188,-0.38044145703315735
768.75,0.4317310154438019,0.0007919967174530029,0.00183868408203125,4.6834187507629395,0.018616080284118652,0.040358904749155045
913.1380004882812,0.36804914474487305,0.03309386596083641,-0.03899955749511719,3.843474864959717,0.2715218663215637,-0.3849174678325653
499.62200927734375,0.24853749573230743,0.00022092461585998535,-0.009549140930175781,2.2628328800201416,0.005508303642272949,-0.09101944416761398
697.4340209960938,0.5079142451286316,-0.0009954720735549927,0.0019184350967407227,4.69460916519165,0.00459742546081543,0.0008495139773003757
839.7459716796875,0.3799206018447876,0.03391598165035248,-0.027326583862304688,4.345475196838379,0.32411372661590576,-0.3341313898563385
547.4819946289062,0.25120314955711365,-0.014512971043586731,0.07639741897583008,1.907213568687439,-0.03529125452041626,0.5820626020431519
510.6579895019531,0.489731103181839,0.031137675046920776,-0.024960041046142578,4.131195068359375,0.20493781566619873,-0.23567409813404083
494.7900085449219,0.500135600566864,0.006226018071174622,-0.0003032684326171875,4.627663612365723,0.05381762981414795,0.016177698969841003
262.6419982910156,0.7239137291908264,0.007821589708328247,0.00042068958282470703,4.509864807128906,0.04505014419555664,0.014185390435159206
139.78599548339844,0.33546948432922363,0.030138514935970306,-0.05142021179199219,3.3944754600524902,0.22068196535110474,-0.4755086302757263
889.75,0.4838782250881195,0.04546539485454559,-0.07809901237487793,3.368170738220215,0.18135353922843933,-0.4975624084472656
532.4539794921875,0.33146169781684875,0.031190425157546997,-0.07332503795623779,2.691195487976074,0.14830458164215088,-0.6232129335403442
257.8500061035156,0.39145007729530334,0.022313661873340607,-0.02867920696735382,3.527144432067871,0.15192663669586182,-0.2816411256790161
137.6060028076172,0.406723290681839,0.04216665029525757,-0.08683204650878906,2.906440496444702,0.18782714009284973,-0.6542052626609802
906.0579833984375,0.3613283038139343,0.039678171277046204,-0.05422782897949219,3.5034966468811035,0.28509843349456787,-0.5007897615432739
109.72599792480469,0.3299783766269684,0.031402427703142166,-0.0630331039428711,3.136735439300537,0.2055322527885437,-0.6355137825012207
857.3499755859375,0.39052456617355347,-0.008605808019638062,0.0019941329956054688,4.649932861328125,-0.10174822807312012,-0.00276546529494226
538.2139892578125,0.2675967812538147,0.029093705117702484,-0.08641767501831055,2.1074156761169434,0.13083329796791077,-0.7740108370780945
522.3579711914062,0.4142356216907501,0.00650700181722641,-0.019928932189941406,4.478999614715576,0.05698719620704651,-0.24008002877235413
826.5380249023438,0.6135321855545044,0.0005002319812774658,0.002540111541748047,4.805154800415039,0.006568431854248047,0.005329167004674673
129.7259979248047,0.46079081296920776,0.044338688254356384,-0.04963111877441406,3.8813226222991943,0.2691136598587036,-0.4010171592235565
184.56199645996094,0.3670899271965027,-0.014833910390734673,0.04177522659301758,2.526712417602539,-0.05558638274669647,0.298210471868515
633.1220092773438,0.24270233511924744,-0.0011693909764289856,-9.393692016601562e-05,2.2384862899780273,-0.018851399421691895,-0.00038975742063485086
757.9739990234375,0.41690593957901,0.02878779172897339,-0.02496051788330078,4.3356122970581055,0.23628032207489014,-0.26907575130462646
513.9180297851562,0.6473199129104614,0.007445633411407471,-0.005573272705078125,4.631322860717773,0.04187321662902832,-0.05909670516848564
800.177978515625,0.44809454679489136,-0.036439843475818634,0.03136444091796875,4.2969489097595215,-0.2845916748046875,0.33416375517845154
812.1220092773438,0.42561763525009155,0.024851977825164795,-0.022893190383911133,4.282275199890137,0.19314146041870117,-0.2103612869977951
615.6339721679688,0.3156496286392212,-0.03549528121948242,0.0648878812789917,3.1846930980682373,-0.2561597228050232,0.6889572143554688
75.83399963378906,0.5157966613769531,0.025750145316123962,-0.04721486568450928,4.1060285568237305,0.13927054405212402,-0.34027668833732605
662.1179809570312,0.3578457534313202,0.023353494703769684,-0.017559051513671875,4.263967990875244,0.23083674907684326,-0.18128125369548798
465.1059875488281,0.20133748650550842,-0.019327938556671143,0.03741455078125,2.9809470176696777,-0.2294774055480957,0.5521358251571655
594.2940063476562,0.2521102726459503,-0.007746092975139618,0.03725147247314453,2.2624101638793945,-0.034262657165527344,0.34417641162872314
839.8779907226562,0.5761763453483582,0.04535588622093201,-0.04375267028808594,4.3919477462768555,0.26000380516052246,-0.3084871768951416
277.5539855957031,0.2175714671611786,-0.007853753864765167,0.03683328628540039,1.970937728881836,-0.033709704875946045,0.31291383504867554
384.8139953613281,0.33466780185699463,0.0005335547029972076,-0.001758575439453125,4.6598124504089355,0.010347306728363037,0.007235991768538952
387.7460021972656,0.40097784996032715,-0.005055110901594162,0.0036363601684570312,4.5787482261657715,-0.05643266439437866,0.013818345963954926
719.8179931640625,0.6721643209457397,-0.027791649103164673,0.017010033130645752,4.678246021270752,-0.1413712501525879,0.056642528623342514
942.8939819335938,0.596015453338623,0.01952396333217621,-0.015549659729003906,4.679470539093018,0.12453126907348633,-0.0727505013346672
316.6180114746094,0.6524107456207275,-0.028134040534496307,0.019052505493164062,4.657124996185303,-0.1483326554298401,0.16847331821918488
813.510009765625,0.42792263627052307,0.017352014780044556,-0.010409355163574219,4.476345062255859,0.16052401065826416,-0.10288427770137787
175.302001953125,0.24341881275177002,-0.017000608146190643,0.061308860778808594,2.0759475231170654,-0.08859747648239136,0.5227445960044861
603.5380249023438,0.5482317805290222,-0.028729498386383057,0.026584625244140625,4.447818756103516,-0.17162537574768066,0.22828133404254913
684.8099975585938,0.4003705382347107,0.038995325565338135,-0.07109498977661133,3.2330002784729004,0.2037670612335205,-0.62530916929245
185.08599853515625,0.24971985816955566,-0.011584680527448654,0.027010440826416016,2.3832738399505615,-0.07034885883331299,0.2142062932252884
653.6300048828125,0.6339780688285828,0.03848429024219513,-0.05720663070678711,4.217700004577637,0.1661745309829712,-0.3680131435394287
181.35400390625,0.1911243349313736,-0.009647946804761887,0.04803323745727539,1.9425456523895264,-0.04946291446685791,0.49693870544433594
332.885986328125,0.4843970835208893,-0.012320607900619507,0.008728981018066406,4.674508571624756,-0.10129308700561523,0.08416782319545746
825.197998046875,0.6698387861251831,0.0025705695152282715,-0.0013136863708496094,4.650753498077393,0.016260623931884766,0.015118269249796867
859.5380249023438,0.33852052688598633,-0.003108114004135132,0.0018677711486816406,4.695161819458008,-0.03506302833557129,0.010722648352384567
215.21800231933594,0.3697861135005951,-0.01654338836669922,0.020145416259765625,3.277254104614258,-0.10837161540985107,0.17049041390419006
847.7420043945312,0.4074431359767914,-0.03685419261455536,0.033695220947265625,3.9460906982421875,-0.2845412492752075,0.3431529998779297
539.7020263671875,0.19256088137626648,0.015730775892734528,-0.07172966003417969,1.9372910261154175,0.09263390302658081,-0.7280824780464172
975.4099731445312,0.26325690746307373,0.02909359335899353,-0.06288003921508789,2.7181320190429688,0.22277605533599854,-0.600872814655304
645.4140014648438,0.47583532333374023,-0.01867648959159851,0.011499404907226562,4.416915416717529,-0.13722538948059082,0.1052117571234703
792.989990234375,0.2630500793457031,-0.024895086884498596,0.06865787506103516,2.569884777069092,-0.15502095222473145,0.6930140256881714
637.5659790039062,0.35665184259414673,-0.011410251259803772,0.019211769104003906,2.9706332683563232,-0.07734203338623047,0.1883823573589325
459.4580078125,0.429982990026474,-0.013815291225910187,0.006022453308105469,4.481473922729492,-0.12466269731521606,0.07307525724172592
868.3300170898438,0.2749914228916168,-0.02419290691614151,0.05623483657836914,2.772101402282715,-0.17130449414253235,0.574203610420227
843.5460205078125,0.36033785343170166,0.008502017706632614,-0.0026111602783203125,4.744252681732178,0.09250697493553162,-0.03058103285729885
860.75,0.5938431620597839,-0.03368791937828064,0.05859088897705078,4.174627304077148,-0.14666569232940674,0.39389029145240784
486.5220031738281,0.4987473487854004,0.04030349850654602,-0.056854248046875,3.6039962768554688,0.18355369567871094,-0.37449806928634644
925.1699829101562,0.47469693422317505,-0.048338860273361206,0.06731986999511719,3.6107380390167236,-0.2361358404159546,0.5085875988006592
670.0499877929688,0.3929545283317566,-0.032443657517433167,0.037400126457214355,3.7922449111938477,-0.2390080690383911,0.3523623049259186
245.11000061035156,0.2645333707332611,0.01015479862689972,-0.05534625053405762,1.9334332942962646,0.01891767978668213,-0.404710978269577
458.6780090332031,0.3096562623977661,-0.016523031517863274,0.012826919555664062,4.3009819984436035,-0.1925772726535797,0.17570792138576508
639.5139770507812,0.2581996023654938,-0.01964118331670761,0.028840303421020508,3.4197990894317627,-0.21203291416168213,0.4049946069717407
546.9140014648438,0.24613210558891296,-0.011129536665976048,0.07714080810546875,1.8421177864074707,-0.020029183477163315,0.5692297220230103
156.19000244140625,0.39829546213150024,-0.04142028093338013,0.047499656677246094,3.860429286956787,-0.29908549785614014,0.46499043703079224
102.9739990234375,0.4783034026622772,0.050893113017082214,-0.08510351181030273,3.235295295715332,0.21416926383972168,-0.6232600808143616
785.6820068359375,0.30864080786705017,-0.0023340433835983276,0.016101837158203125,2.822166919708252,-0.016731619834899902,0.16609933972358704
82.12200164794922,0.29921627044677734,0.022122405469417572,-0.04122781753540039,2.9947309494018555,0.16123360395431519,-0.4318144619464874
1000.030029296875,0.4904555678367615,0.005330696702003479,-0.0062694549560546875,3.6532785892486572,0.0220300555229187,-0.009257772006094456
594.1019897460938,0.3225066661834717,-0.0061652809381484985,0.04227924346923828,2.186774253845215,-0.0012919902801513672,0.286934494972229
968.8419799804688,0.44172921776771545,-0.019373968243598938,0.01447153091430664,4.434121131896973,-0.15290474891662598,0.14398759603500366
885.197998046875,0.6452407240867615,0.02979406714439392,-0.02832677960395813,4.512069225311279,0.139754056930542,-0.17099210619926453
787.0499877929688,0.23766879737377167,-0.007829293608665466,0.022020339965820312,2.3738691806793213,-0.04480171203613281,0.23487557470798492
776.8900146484375,0.6315903067588806,0.017768964171409607,-0.04156780242919922,4.2825727462768555,0.07941257953643799,-0.334574818611145
334.6820068359375,0.6470654606819153,0.006480425596237183,-0.008798599243164062,4.779033660888672,0.037876129150390625,-0.04397276043891907
107.4540023803711,0.3878735899925232,0.048358649015426636,-0.06518268585205078,3.4083096981048584,0.30832362174987793,-0.6193342804908752
888.4979858398438,0.40065568685531616,0.025663569569587708,-0.043031156063079834,4.143481731414795,0.2103201150894165,-0.5173024535179138
780.2940063476562,0.400045782327652,0.03575274348258972,-0.0364532470703125,3.9009792804718018,0.2755025327205658,-0.33097484707832336
223.0540008544922,0.5647409558296204,0.03345659375190735,-0.03550291061401367,4.191284656524658,0.1728990077972412,-0.2632879316806793
845.9459838867188,0.468004047870636,-0.035879746079444885,0.07421684265136719,3.406562089920044,-0.13639211654663086,0.5426312685012817
424.79400634765625,0.5204539895057678,0.0034577548503875732,-0.0012807846069335938,4.6416401863098145,0.021152079105377197,0.0397428497672081
321.95001220703125,0.47868257761001587,-0.016476601362228394,0.009314537048339844,4.796998023986816,-0.13816523551940918,0.08616958558559418
706.2459716796875,0.47726351022720337,0.004430264234542847,-0.002958536148071289,4.763501167297363,0.025393247604370117,-0.0016499162884429097
177.2259979248047,0.172075092792511,-0.00803675688803196,0.05140352249145508,1.675805687904358,-0.037739720195531845,0.4605361521244049
213.74200439453125,0.4864971935749054,-0.03825877606868744,0.06306314468383789,3.3978071212768555,-0.15274429321289062,0.4061279594898224
261.5539855957031,0.6092883348464966,0.012519627809524536,-0.001067519187927246,4.4878082275390625,0.0741884708404541,-0.014288241043686867
400.1180114746094,0.4098718464374542,-0.00019984878599643707,-0.004963874816894531,4.085513591766357,-0.005494892597198486,-0.07506963610649109
796.6099853515625,0.34223854541778564,-0.024091988801956177,0.017022132873535156,4.524755001068115,-0.2830653190612793,0.2178167849779129
509.593994140625,0.4237051010131836,0.03161441534757614,-0.036272525787353516,3.689483880996704,0.20316043496131897,-0.3148174285888672
283.4700012207031,0.6140426993370056,-0.05228210240602493,0.05849072337150574,4.014902591705322,-0.2292349636554718,0.3694133162498474
754.75,0.6763554215431213,0.028597712516784668,-0.025000572204589844,4.680866718292236,0.15463101863861084,-0.21713687479496002
673.0380249023438,0.42352262139320374,-0.028986185789108276,0.027389049530029297,4.079164028167725,-0.21451342105865479,0.24788503348827362
600.4140014648438,0.3354668617248535,-0.03211250901222229,0.050162315368652344,3.3989810943603516,-0.239485502243042,0.49493318796157837
532.0859985351562,0.27777233719825745,0.02927619218826294,-0.074013352394104,2.693075656890869,0.18171119689941406,-0.7704942226409912
988.3499755859375,0.5103978514671326,0.001079261302947998,0.003950595855712891,4.715182304382324,0.009510040283203125,0.009517446160316467
359.6780090332031,0.2554005980491638,-0.00036347657442092896,-0.010161399841308594,2.059723138809204,-0.01226496696472168,-0.06661951541900635
530.7020263671875,0.31813111901283264,0.03566255420446396,-0.0582101047039032,3.2044403553009033,0.2709747552871704,-0.5827928781509399
666.2139892578125,0.47483277320861816,0.01407177746295929,-0.005199730396270752,4.738460063934326,0.1292741298675537,-0.041942428797483444
613.2459716796875,0.3490367829799652,-0.04227813333272934,0.06621193885803223,3.441589832305908,-0.3255401849746704,0.6900023221969604
636.1179809570312,0.25974366068840027,-0.00751013308763504,0.014839887619018555,2.592297077178955,-0.055655479431152344,0.14768685400485992
214.906005859375,0.4775569438934326,-0.023502454161643982,0.029320716857910156,3.4001996517181396,-0.10603964328765869,0.2073085606098175
255.48199462890625,0.2707875967025757,0.0027530118823051453,0.00010569393634796143,3.752452850341797,0.04229617118835449,0.027700917795300484
982.5460205078125,0.37089085578918457,0.011768318712711334,-0.0029578208923339844,4.622236251831055,0.13211899995803833,-0.032591767609119415
999.6420288085938,0.5125296711921692,0.00657276064157486,-0.0047054290771484375,3.969576835632324,0.04426342248916626,-0.07795435190200806
71.98999786376953,0.4861859083175659,0.00763683021068573,-0.010060608386993408,4.192091941833496,0.04369831085205078,-0.027597561478614807
354.7380065917969,0.7480570077896118,-0.004048764705657959,0.011866569519042969,4.661285400390625,-0.00157928466796875,0.038424067199230194
383.3900146484375,0.41957908868789673,0.005628347396850586,-0.009260177612304688,4.56300163269043,0.05475074052810669,-0.12331288307905197
169.6540069580078,0.49090543389320374,-0.01996438205242157,0.00807952880859375,4.576692581176758,-0.1622248888015747,0.11469428986310959
307.6180114746094,0.5633975267410278,-0.051319606602191925,0.053227901458740234,4.132410526275635,-0.2606830894947052,0.3887382447719574
633.9140014648438,0.31365349888801575,-0.0004500150680541992,0.004178524017333984,2.3208060264587402,-0.009406328201293945,0.011080179363489151
369.0820007324219,0.3859691917896271,0.03539656102657318,-0.04651069641113281,3.8797621726989746,0.2599702477455139,-0.4362703859806061
865.0460205078125,0.4019363224506378,-0.012035518884658813,0.008950233459472656,4.597243309020996,-0.11611509323120117,0.0706821084022522
573.64599609375,0.5656378269195557,0.044403254985809326,-0.05070805549621582,4.287731170654297,0.2360454797744751,-0.40823134779930115
58.0620002746582,-5.0408121751388535e-05,4.061871732119471e-05,-1.0763294994831085e-05,-0.0007735766703262925,0.00017886060231830925,-0.00033509780769236386
196.7779998779297,0.368169367313385,-0.007152825593948364,0.02099776268005371,3.4907517433166504,-0.0556485652923584,0.2449626922607422
586.85400390625,0.5621640086174011,0.04697844386100769,-0.05336475372314453,4.131656169891357,0.23972690105438232,-0.4261482059955597
460.7539978027344,0.6495956778526306,-0.011453434824943542,0.0030355453491210938,4.495194911956787,-0.06362253427505493,0.04206254333257675
670.1580200195312,0.40764376521110535,-0.032120704650878906,0.040228962898254395,3.7558860778808594,-0.22151005268096924,0.3644110858440399
824.9459838867188,0.6405608654022217,0.0030861198902130127,-0.0008158683776855469,4.714125633239746,0.007649421691894531,0.004872274585068226
934.2780151367188,0.38777923583984375,-0.008423849940299988,0.011607170104980469,3.548948287963867,-0.05641353130340576,0.09678636491298676
979.9979858398438,0.6675063371658325,0.028019964694976807,-0.027283668518066406,4.423288822174072,0.1309499740600586,-0.14361637830734253
923.4660034179688,0.401198148727417,-0.02997797727584839,0.030057907104492188,3.8803882598876953,-0.2224351167678833,0.3246755599975586
625.4500122070312,0.4773038625717163,-0.01447632908821106,0.004103422164916992,4.539595603942871,-0.12109959125518799,0.05387872830033302
190.9739990234375,0.530548095703125,-0.02841039001941681,0.02351832389831543,4.034383296966553,-0.16671276092529297,0.21909601986408234
440.7820129394531,0.3029334247112274,-0.019472874701023102,0.035859107971191406,3.0624570846557617,-0.15116572380065918,0.37624475359916687
455.27801513671875,0.29524001479148865,-0.02796747535467148,0.055274009704589844,2.8811566829681396,-0.1897035837173462,0.5223361849784851
257.22601318359375,0.3522176742553711,0.0170331671833992,-0.030796267092227936,3.307608127593994,0.11844749748706818,-0.318261057138443
227.17799377441406,0.41672348976135254,0.039059970527887344,-0.04964780807495117,4.011700630187988,0.29264387488365173,-0.468370258808136
583.3419799804688,0.4426642954349518,0.025253675878047943,-0.01833629608154297,4.613227844238281,0.22197341918945312,-0.18041887879371643
984.2979736328125,0.4760596454143524,0.005097493529319763,-0.004269123077392578,4.738183498382568,0.04384922981262207,-0.030903857201337814
130.41799926757812,0.5691655278205872,0.044116824865341187,-0.04115104675292969,4.103379726409912,0.22301888465881348,-0.3004303574562073
514.6220092773438,0.7346042394638062,-0.001785874366760254,-0.007875919342041016,4.434743404388428,-0.018656253814697266,-0.07205524295568466
361.9580078125,0.287216454744339,0.01744730770587921,-0.05243682861328125,2.662496328353882,0.10579609870910645,-0.5079091787338257
509.9100036621094,0.2761884927749634,0.020815987139940262,-0.018026351928710938,3.8484930992126465,0.2510190010070801,-0.21339167654514313
973.47802734375,0.6418646574020386,0.0018711090087890625,-0.0002944469451904297,4.719292640686035,0.008634090423583984,0.012487283907830715
481.6340026855469,0.533869743347168,0.007822684943675995,-0.007939338684082031,4.4556989669799805,0.04756355285644531,-0.0677666887640953
715.27001953125,0.670129656791687,-0.04287390410900116,0.03394418954849243,4.634160041809082,-0.2162156105041504,0.2592964768409729
764.1420288085938,0.5587965250015259,0.029091283679008484,-0.015832901000976562,4.3707966804504395,0.18254049122333527,-0.07620123773813248
351.6619873046875,0.6521807909011841,-0.016954869031906128,0.01692962646484375,4.6920318603515625,-0.08702301979064941,0.1326085329055786
572.8499755859375,0.5478428602218628,0.04925677180290222,-0.05312800407409668,4.1930060386657715,0.25768256187438965,-0.38454023003578186
688.14599609375,0.15235403180122375,0.007605694234371185,-0.039899587631225586,1.5667991638183594,0.05242246389389038,-0.4403764009475708
917.469970703125,0.41707101464271545,0.033366382122039795,-0.03090381622314453,4.2014479637146,0.27697575092315674,-0.27950170636177063
170.24200439453125,0.7156397700309753,-0.025273263454437256,0.018705368041992188,4.573408126831055,-0.12225949764251709,0.09510616213083267
348.906005859375,0.3168485760688782,-0.020970668643712997,0.014062881469726562,4.408591270446777,-0.2517825961112976,0.18719135224819183
376.4419860839844,0.3554151654243469,-0.031756460666656494,0.04781913757324219,3.459284782409668,-0.22815996408462524,0.4621022641658783
802.2100219726562,0.28202882409095764,-0.03162907063961029,0.07282352447509766,2.5538625717163086,-0.18159592151641846,0.6583631038665771
649.2979736328125,0.44497424364089966,0.029941797256469727,-0.0396723747253418,4.238516807556152,0.22572100162506104,-0.43680766224861145
753.0540161132812,0.5068645477294922,0.010817572474479675,-0.004642009735107422,4.686444282531738,0.08418381214141846,-0.02874758094549179
466.6419982910156,0.509138286113739,-0.04108943045139313,0.04439735412597656,4.016919136047363,-0.2288351058959961,0.30070793628692627
498.2460021972656,0.4011918604373932,0.0006795376539230347,-0.004154205322265625,3.0222556591033936,-0.010297656059265137,-0.0006502907490357757
179.64999389648438,0.12519945204257965,-0.006403449922800064,0.03455924987792969,1.65329909324646,-0.053879618644714355,0.4341717064380646
433.0299987792969,0.39305976033210754,-0.023325853049755096,0.06223249435424805,2.6823880672454834,-0.08568447828292847,0.4304409325122833
569.27001953125,0.5822523236274719,0.01531168818473816,-0.007237672805786133,4.562920093536377,0.0891040563583374,-0.11608502268791199
87.75,0.4300644099712372,0.03385918587446213,-0.04816102981567383,3.624331474304199,0.18849951028823853,-0.39480456709861755
291.65399169921875,0.6260841488838196,-0.03557848930358887,0.021428823471069336,4.385824680328369,-0.17545640468597412,0.11238447576761246
934.4099731445312,0.45994728803634644,-0.009269073605537415,0.020275115966796875,3.423513889312744,-0.03708946704864502,0.20388436317443848
280.24200439453125,0.3904532790184021,-0.024644777178764343,0.03161334991455078,3.5066640377044678,-0.1592419147491455,0.2846534848213196
459.2179870605469,0.45972996950149536,-0.01860562339425087,0.010984420776367188,4.459568977355957,-0.1455267071723938,0.09317493438720703
517.9099731445312,0.3115861117839813,0.012574933469295502,-0.012982845306396484,4.336863040924072,0.15544939041137695,-0.16942425072193146
497.54998779296875,0.4610522389411926,-0.0007552504539489746,0.0022802352905273438,3.416837215423584,-0.0013028383255004883,0.029759714379906654
511.14599609375,0.5372970700263977,0.030262261629104614,-0.021593093872070312,4.208606719970703,0.18086552619934082,-0.1540294736623764
617.3699951171875,0.3833543658256531,-0.036387935280799866,0.038720354437828064,3.8875725269317627,-0.288379430770874,0.40399879217147827
181.45799255371094,0.20492897927761078,-0.010327480733394623,0.0511317253112793,2.001030445098877,-0.049884796142578125,0.4544016420841217
588.322021484375,0.41343915462493896,0.039898864924907684,-0.052926063537597656,3.952073574066162,0.30196404457092285,-0.5257779955863953
325.75,0.6156041026115417,-0.03535192459821701,0.028856754302978516,4.653542995452881,-0.2040197253227234,0.2030918300151825
331.697998046875,0.6603970527648926,-0.025142908096313477,0.026006698608398438,4.6309380531311035,-0.12582945823669434,0.1865283101797104
881.0180053710938,0.3273852467536926,-0.026463016867637634,0.05142790079116821,3.0858538150787354,-0.17341256141662598,0.4683286249637604
683.0180053710938,0.6122545599937439,0.027039140462875366,-0.019560813903808594,4.518173694610596,0.1515517234802246,-0.14498892426490784
88.69400024414062,0.4459553062915802,0.03191368281841278,-0.030953407287597656,4.171525001525879,0.2335909605026245,-0.3280740976333618
579.1060180664062,0.6072617769241333,0.06128692626953125,-0.07883930206298828,3.9375393390655518,0.24649369716644287,-0.46482348442077637
418.01800537109375,0.4504360556602478,0.028998129069805145,-0.03218269348144531,4.298548698425293,0.2180282473564148,-0.37803730368614197
115.5979995727539,0.49185699224472046,0.030090898275375366,-0.019051551818847656,4.4275665283203125,0.20663070678710938,-0.1704535037279129
737.1300048828125,0.4227743148803711,0.03983683884143829,-0.04407988488674164,3.9680089950561523,0.2846328616142273,-0.40777289867401123
954.9420166015625,0.5311499834060669,-0.04475438594818115,0.054556846618652344,4.116286277770996,-0.2519721984863281,0.44393390417099
388.7619934082031,0.6428378820419312,0.006685443222522736,-0.023118972778320312,4.409304618835449,0.03103816509246826,-0.20578762888908386
568.0819702148438,0.4257035255432129,0.019973278045654297,-0.013085901737213135,4.420331001281738,0.169602632522583,-0.15366391837596893
685.3900146484375,0.3668972849845886,0.03070637583732605,-0.04867386817932129,3.297826051712036,0.19497358798980713,-0.4276372194290161
804.8779907226562,0.25813260674476624,-0.019125960767269135,0.10392141342163086,1.9562944173812866,-0.053643494844436646,0.7811082005500793
326.8500061035156,0.600115954875946,-0.034638140350580215,0.030710697174072266,4.580281734466553,-0.19531723856925964,0.19229380786418915
831.75,0.5357745289802551,0.05059291422367096,-0.06436443328857422,3.787656784057617,0.22068285942077637,-0.3923695683479309
674.3699951171875,0.3819451332092285,-0.037918493151664734,0.04614853858947754,3.6906542778015137,-0.28657984733581543,0.443556547164917
300.6820068359375,0.36090776324272156,-0.008684191852807999,0.006185054779052734,4.726199626922607,-0.10746773332357407,0.09396863728761673
79.22599792480469,0.3346002399921417,0.016506358981132507,-0.01624321937561035,4.403968334197998,0.18588602542877197,-0.2216377705335617
445.9700012207031,0.41163021326065063,-0.022687550634145737,0.016638755798339844,4.115863800048828,-0.18868592381477356,0.18363986909389496
463.6300048828125,0.28733623027801514,-0.024303972721099854,0.07059288024902344,2.501624822616577,-0.12226319313049316,0.6404095888137817
662.9459838867188,0.5981866121292114,0.027886882424354553,-0.015730977058410645,4.547743320465088,0.17475295066833496,-0.14274507761001587
596.281982421875,0.33840298652648926,-0.020128725096583366,0.03214740753173828,3.3954575061798096,-0.15129119157791138,0.31509825587272644
820.8779907226562,0.5768298506736755,0.04039394110441208,-0.027952194213867188,4.391455173492432,0.22847604751586914,-0.19810564815998077
529.0499877929688,0.5138206481933594,0.044423267245292664,-0.06606471538543701,3.760155439376831,0.219124436378479,-0.49620234966278076
418.8699951171875,0.6052071452140808,0.046258941292762756,-0.050762176513671875,4.1931281089782715,0.21695995330810547,-0.3597623407840729
983.1380004882812,0.5661439299583435,0.012048475444316864,-0.0027475357055664062,4.719017505645752,0.08608400821685791,-0.010689899325370789
494.01800537109375,0.4928564131259918,0.012534797191619873,-0.0046863555908203125,4.737927436828613,0.0999453067779541,0.012832824140787125
603.3140258789062,0.4180712401866913,-0.02765728533267975,0.013697147369384766,4.3538994789123535,-0.24595361948013306,0.13204990327358246
75.70999908447266,0.529721200466156,0.019192159175872803,-0.0402989387512207,4.227065563201904,0.1066054105758667,-0.3461085259914398
438.29400634765625,0.2967093288898468,-0.008240357041358948,0.029042720794677734,2.608541488647461,-0.05201077461242676,0.27998536825180054
647.3060302734375,0.48323410749435425,-0.007651463150978088,0.006112575531005859,4.631070137023926,-0.06145453453063965,0.09318491816520691
344.1419982910156,0.4248897135257721,-0.04650605469942093,0.0645132064819336,3.6496541500091553,-0.28122788667678833,0.5955219864845276
649.7139892578125,0.31783509254455566,0.02794337272644043,-0.03232097625732422,3.9691147804260254,0.28798210620880127,-0.41066455841064453
959.030029296875,0.4349932074546814,-0.015407681465148926,0.013660907745361328,4.554664611816406,-0.14155864715576172,0.15404415130615234
164.33399963378906,0.6108532547950745,-0.044370487332344055,0.0433349609375,4.393524646759033,-0.21211373805999756,0.26059529185295105
228.1060028076172,0.5827985405921936,0.0526396781206131,-0.059735774993896484,3.9552345275878906,0.23721498250961304,-0.4332808256149292
442.0740051269531,0.3920544385910034,-0.022200673818588257,0.02297687530517578,3.8212132453918457,-0.15875494480133057,0.2214948534965515
197.81399536132812,0.24368596076965332,-0.01744910329580307,0.059065937995910645,2.0637569427490234,-0.08799141645431519,0.5423073172569275
875.8779907226562,0.4611465632915497,-0.0020676939748227596,0.007913589477539062,3.316645383834839,-0.008714515715837479,0.09937765449285507
770.5139770507812,0.5228414535522461,0.004207335412502289,-0.0053462982177734375,4.84229040145874,0.03155016899108887,-0.04401677846908569
886.6060180664062,0.567863404750824,0.024505510926246643,-0.019612789154052734,4.434600830078125,0.1466200351715088,-0.15263493359088898
578.7139892578125,0.35224273800849915,0.04285544157028198,-0.04511117935180664,3.840517520904541,0.37713804841041565,-0.48527655005455017
657.6740112304688,0.3248059153556824,0.013784134760499,-0.01384878158569336,4.50573205947876,0.1649583876132965,-0.2463594228029251
638.3740234375,0.3348071277141571,-0.016577839851379395,0.019626855850219727,3.2508130073547363,-0.1233380138874054,0.17786991596221924
773.2020263671875,0.5104855298995972,0.03302524983882904,-0.027803421020507812,4.4461469650268555,0.22322845458984375,-0.2354133427143097
363.74200439453125,0.28177204728126526,0.02707681804895401,-0.04796314239501953,2.8619866371154785,0.2035292387008667,-0.4635787308216095
313.4540100097656,0.4387103021144867,-0.02281196415424347,0.016266345977783203,4.563000202178955,-0.1996443271636963,0.10961367934942245
370.2900085449219,0.4497709572315216,0.030520178377628326,-0.038102149963378906,4.147268295288086,0.2107405662536621,-0.3630048930644989
811.6259765625,0.5949156880378723,0.03578859567642212,-0.030897140502929688,4.135760307312012,0.1750950813293457,-0.2200498729944229
422.5740051269531,0.4871924817562103,0.006884053349494934,-0.0033872127532958984,4.670783996582031,0.05335414409637451,-0.02546982653439045
992.4619750976562,0.44700536131858826,0.028409361839294434,-0.023520469665527344,4.454000949859619,0.22846901416778564,-0.26159778237342834
988.7459716796875,0.6215766668319702,-0.001558735966682434,-0.011110782623291016,4.7006378173828125,-0.017223358154296875,-0.12984295189380646
973.25,0.42838144302368164,0.0018153190612792969,0.00031304359436035156,4.667697906494141,0.012738943099975586,-0.04385252669453621
360.3179931640625,0.18025654554367065,0.002234242856502533,-0.016547203063964844,2.2822823524475098,0.013004541397094727,-0.218345046043396
179.0500030517578,0.20698748528957367,-0.00829441100358963,0.05808115005493164,1.661895513534546,-0.017992377281188965,0.44115251302719116
427.9100036621094,0.33177095651626587,-0.03422848507761955,0.04576539993286133,3.494436264038086,-0.27963560819625854,0.4809891879558563
705.6099853515625,0.6280117034912109,0.003008335828781128,-0.009680509567260742,4.766849517822266,0.008528470993041992,-0.10486739873886108
563.0859985351562,0.36697903275489807,0.033282436430454254,-0.09137284755706787,2.674699068069458,0.13339176774024963,-0.6354680061340332
126.75399780273438,0.4416903257369995,0.013779044151306152,-0.010233879089355469,4.628927707672119,0.11577916145324707,-0.0973605066537857
305.3739929199219,0.45994290709495544,-0.021940678358078003,0.013195037841796875,4.602081298828125,-0.1755385398864746,0.09702838212251663
485.9700012207031,0.3042409121990204,0.02558230236172676,-0.047842979431152344,3.216653823852539,0.19894663989543915,-0.5368929505348206
489.1059875488281,0.44622159004211426,0.021977901458740234,-0.0291900634765625,4.459482669830322,0.1727585792541504,-0.271851122379303
872.0460205078125,0.5796049237251282,-0.024971380829811096,0.014741182327270508,4.4003825187683105,-0.15289050340652466,0.10848390311002731
471.50201416015625,0.4891544282436371,-0.0014090011827647686,-0.00086212158203125,4.708019256591797,-0.005041215568780899,-0.0018053393578156829
89.59400177001953,0.47863203287124634,0.025718331336975098,-0.018781185150146484,4.440442085266113,0.19388055801391602,-0.19653426110744476
161.19000244140625,0.5944830179214478,-0.04007884860038757,0.02189350128173828,4.500176906585693,-0.22837257385253906,0.19260115921497345
513.114013671875,0.603103518486023,0.011958301067352295,-0.004758358001708984,4.581393241882324,0.0705111026763916,-0.02427550218999386
341.4700012207031,0.4127635061740875,-0.03835122659802437,0.041912078857421875,4.102894306182861,-0.3060160279273987,0.4573623239994049
951.010009765625,0.43090885877609253,-0.014032050967216492,0.004046440124511719,4.6499810218811035,-0.14064598083496094,0.03966693952679634
163.49000549316406,0.47242793440818787,-0.04021162539720535,0.03506660461425781,4.211944580078125,-0.2803876996040344,0.28756386041641235
183.30599975585938,0.31437599658966064,-0.016812406480312347,0.049068450927734375,2.4535512924194336,-0.07235974073410034,0.3739643096923828
473.8500061035156,0.32033437490463257,0.03362554311752319,-0.062323570251464844,2.9704113006591797,0.22564339637756348,-0.5205579996109009
748.3499755859375,0.3674778938293457,0.03739815950393677,-0.05317258834838867,3.5655527114868164,0.270918607711792,-0.49914443492889404
461.6579895019531,0.5126191973686218,-0.004011943936347961,-0.0037403106689453125,4.589620113372803,-0.033582448959350586,0.005786319728940725
830.666015625,0.4511260986328125,0.02851065620779991,-0.035355567932128906,4.4820990562438965,0.23200750350952148,-0.33304885029792786
337.5780029296875,0.6027538180351257,-0.012138545513153076,0.010455131530761719,4.686960220336914,-0.07185840606689453,0.04747693985700607
672.9340209960938,0.6199297904968262,-0.03736014664173126,0.04372572898864746,4.085386753082275,-0.15528929233551025,0.26391807198524475
877.5659790039062,0.20939339697360992,-0.010382138192653656,0.052216529846191406,1.6957416534423828,-0.038346707820892334,0.4260942339897156
730.7459716796875,0.3801451325416565,0.001915261149406433,-9.5367431640625e-06,4.737702369689941,0.023144245147705078,0.02721111662685871
131.3939971923828,0.4573220908641815,0.031232357025146484,-0.0237579345703125,4.421992301940918,0.24096393585205078,-0.20012077689170837
96.79399871826172,0.4460972845554352,0.012684659101068974,-0.009775161743164062,4.458161354064941,0.1121615320444107,-0.11340902000665665
413.7179870605469,0.6103521585464478,0.03154155611991882,-0.021103382110595703,4.48630428314209,0.18230772018432617,-0.14331170916557312
206.11000061035156,0.284048855304718,-0.015495657920837402,0.10281515121459961,1.8598673343658447,-0.015298128128051758,0.6669818162918091
312.3580017089844,0.3073614835739136,-0.020366236567497253,0.015666961669921875,4.531519412994385,-0.26379358768463135,0.2166929841041565
566.9500122070312,0.5379188060760498,0.03594197332859039,-0.03843498229980469,4.101325988769531,0.19585931301116943,-0.29530447721481323
325.4859924316406,0.6181296706199646,-0.03291914612054825,0.026982784271240234,4.662966728210449,-0.19495195150375366,0.26808851957321167
431.6820068359375,0.3253673017024994,-0.010942593216896057,0.024982929229736328,2.9866585731506348,-0.07546281814575195,0.24721920490264893
986.5700073242188,0.49879977107048035,-0.0020744502544403076,0.0014700889587402344,4.7888336181640625,-0.02156078815460205,0.04210256040096283
97.02999877929688,0.522651731967926,0.013445843011140823,-0.00937795639038086,4.51793909072876,0.09979553520679474,-0.06990697234869003
737.2659912109375,0.5460886359214783,0.04610401391983032,-0.058749064803123474,4.082388401031494,0.23628395795822144,-0.4026429355144501
998.8419799804688,0.42214617133140564,0.010006416589021683,-0.0070362091064453125,4.189048767089844,0.09024801850318909,-0.047371480613946915
189.92599487304688,0.26776406168937683,-0.01984536089003086,0.023830413818359375,3.5430099964141846,-0.22727163136005402,0.300157755613327
708.8939819335938,0.6831405758857727,-0.03086303174495697,0.019903182983398438,4.624648571014404,-0.1611114740371704,0.16047589480876923
122.38999938964844,0.4673401713371277,0.005899488925933838,-0.0024356842041015625,4.693173885345459,0.05478811264038086,0.013933214358985424
321.3059997558594,0.482202410697937,-0.008222028613090515,0.013529777526855469,4.642940998077393,-0.06186246871948242,0.12217161804437637
73.97000122070312,0.5082575082778931,0.0026458799839019775,0.003238499164581299,4.550207138061523,0.020081758499145508,-0.0032250178046524525
810.3779907226562,0.7163422703742981,0.020623818039894104,-0.030321836471557617,4.259207725524902,0.07882070541381836,-0.21951571106910706
434.2019958496094,0.45482710003852844,-0.026926076039671898,0.04840803146362305,3.1925928592681885,-0.11279088258743286,0.3326663672924042
957.6019897460938,0.3141096830368042,-0.02172073721885681,0.016161441802978516,4.362443923950195,-0.2695356607437134,0.21680153906345367
188.99000549316406,0.31095999479293823,-0.018541105091571808,0.03698396682739258,2.906770706176758,-0.1224139928817749,0.3488175570964813
740.8140258789062,0.38293376564979553,0.04238860309123993,-0.06314253807067871,3.128269910812378,0.23127371072769165,-0.5206897258758545
569.5700073242188,0.4487296938896179,0.015588611364364624,-0.028946638107299805,4.44782829284668,0.12539911270141602,-0.3336848318576813
351.9700012207031,0.4454481601715088,-0.013195499777793884,0.011940956115722656,4.6577653884887695,-0.1059575080871582,0.11131997406482697
611.4019775390625,0.4923659563064575,-0.04013848304748535,0.052004098892211914,4.226140022277832,-0.259906530380249,0.47634145617485046
287.04998779296875,0.5736795663833618,-0.049126215279102325,0.03845715522766113,4.375059127807617,-0.28682851791381836,0.30251139402389526
148.45799255371094,0.24048081040382385,-0.018325135111808777,0.06131935119628906,2.339245319366455,-0.10542893409729004,0.5989915132522583
783.218017578125,0.4432813823223114,0.009175583720207214,-0.0022716522216796875,4.2457780838012695,0.07394981384277344,-0.03485846519470215
773.7420043945312,0.600386381149292,0.03715208172798157,-0.030153274536132812,4.543156623840332,0.20776081085205078,-0.21582765877246857
891.7459716796875,0.551864504814148,0.04616430401802063,-0.06024622917175293,4.026413440704346,0.21859240531921387,-0.40502896904945374
900.7420043945312,0.4039618968963623,0.03904460370540619,-0.09398126602172852,3.0293991565704346,0.16655504703521729,-0.7846688628196716
889.1580200195312,0.31609445810317993,0.03480830043554306,-0.046824097633361816,3.4562478065490723,0.2965809106826782,-0.45181527733802795
232.14999389648438,0.4615032970905304,0.03032446652650833,-0.01981830596923828,4.453705787658691,0.24096348881721497,-0.18930362164974213
222.47000122070312,0.3775365948677063,0.028054237365722656,-0.02953195571899414,3.9546141624450684,0.23154354095458984,-0.2961382567882538
323.27398681640625,0.761961817741394,-0.025782108306884766,0.03609180450439453,4.741341590881348,-0.11387896537780762,0.23117156326770782
57.87799835205078,-2.0881681848550215e-05,5.146970215719193e-05,9.680632501840591e-06,-0.0009192811558023095,0.0008335299789905548,-0.0015198615146800876
342.6700134277344,0.38599568605422974,-0.03982105851173401,0.04214954376220703,3.862565755844116,-0.31089675426483154,0.4177831709384918
528.9140014648438,0.524377167224884,0.04329735040664673,-0.06413114070892334,3.7789690494537354,0.20229792594909668,-0.4695625305175781
423.01800537109375,0.5773019790649414,0.007536709308624268,-0.0075643062591552734,4.6858110427856445,0.04480636119842529,-0.03286154940724373
287.5140075683594,0.45987024903297424,-0.03917635604739189,0.030303478240966797,4.414348602294922,-0.30336979031562805,0.3046870827674866
331.9859924316406,0.3706367015838623,-0.01703648269176483,0.012778282165527344,4.622439861297607,-0.1916186809539795,0.15134656429290771
688.6500244140625,0.16201020777225494,0.007360026240348816,-0.04476439952850342,1.611635446548462,0.04667079448699951,-0.41975054144859314
520.5819702148438,0.5017136335372925,0.004473201930522919,-0.005712032318115234,4.655117511749268,0.023913323879241943,-0.05942520126700401
526.718017578125,0.1978059709072113,0.02543792873620987,-0.050566673278808594,2.5994808673858643,0.26250696182250977,-0.679434597492218
644.1859741210938,0.4523480534553528,-0.037445902824401855,0.033803462982177734,4.233518123626709,-0.2652643918991089,0.28793588280677795
267.0899963378906,0.6189671754837036,-0.002003014087677002,0.0004068613052368164,4.379430770874023,-0.01304316520690918,-0.02566903829574585
620.3820190429688,0.38103097677230835,-0.03677329421043396,0.047824978828430176,3.945065975189209,-0.30313193798065186,0.4946364164352417
706.0659790039062,0.5554822683334351,0.003502070903778076,-0.006071329116821289,4.784667015075684,0.020717382431030273,-0.06355799734592438
488.6860046386719,0.4296001195907593,0.015987426042556763,-0.01279449462890625,4.490474224090576,0.13843274116516113,-0.132981538772583
808.0859985351562,0.401996374130249,-0.009359985589981079,0.005913257598876953,4.034567356109619,-0.07183408737182617,0.054841168224811554
904.0419921875,0.409267395734787,0.035356078296899796,-0.026803970336914062,4.105422496795654,0.28425031900405884,-0.30089354515075684
132.7220001220703,0.6315069198608398,0.02364325523376465,-0.015949249267578125,4.650892734527588,0.1432182788848877,-0.11851974576711655
732.2020263671875,0.44795769453048706,0.00998552143573761,-0.0250551700592041,4.407831192016602,0.08317005634307861,-0.2670452296733856
98.27799987792969,0.35224050283432007,0.0037618130445480347,-0.003574371337890625,4.645761489868164,0.048180222511291504,-0.07437728345394135
131.9459991455078,0.46375811100006104,0.0244147926568985,-0.012432098388671875,4.479980945587158,0.19385671615600586,-0.16154241561889648
675.281982421875,0.2844499349594116,-0.028463635593652725,0.03241610527038574,3.542773485183716,-0.2979031205177307,0.386335551738739
144.97799682617188,0.645759642124176,-0.012146785855293274,0.005279541015625,4.762828350067139,-0.06949841976165771,0.03056059591472149
926.0260009765625,0.44505587220191956,-0.04265684634447098,0.0603790283203125,3.846914768218994,-0.26306140422821045,0.47901421785354614
819.3980102539062,0.38894176483154297,0.037035927176475525,-0.04433584213256836,3.9047157764434814,0.29601114988327026,-0.42428576946258545
613.5819702148438,0.425290584564209,-0.05599537491798401,0.09663510322570801,3.0730724334716797,-0.26084959506988525,0.6907358169555664
307.95001220703125,0.3236195743083954,-0.03069133311510086,0.025183677673339844,4.2452778816223145,-0.35462942719459534,0.34491294622421265
560.3699951171875,0.45960113406181335,-0.01371745765209198,0.01029658317565918,4.588137626647949,-0.12049925327301025,0.08835577964782715
920.2780151367188,0.3061274290084839,0.008952155709266663,0.012842178344726562,3.8023228645324707,0.10691285133361816,0.17732292413711548
606.2139892578125,0.4608120918273926,-0.02879849076271057,0.02831745147705078,4.6246771812438965,-0.2323744297027588,0.3239436149597168
946.22998046875,0.40276631712913513,-0.03367798775434494,0.04009056091308594,4.1527886390686035,-0.2918628454208374,0.4568306803703308
87.98600006103516,0.49517813324928284,0.037425994873046875,-0.046736717224121094,3.7646703720092773,0.188012957572937,-0.30383530259132385
74.08999633789062,0.5469249486923218,0.0007050931453704834,-0.00021982192993164062,4.566824913024902,0.008123636245727539,-0.008793306536972523
422.1180114746094,0.3372649848461151,0.006619498133659363,-0.0037751197814941406,4.677290439605713,0.08534121513366699,-0.09199825674295425
731.8140258789062,0.5498670339584351,0.00038667023181915283,-0.0033402442932128906,4.759500503540039,-0.008272886276245117,-0.032951030880212784
840.7459716796875,0.5980584025382996,0.03443138301372528,-0.027372360229492188,4.5324859619140625,0.20065432786941528,-0.23331138491630554
567.9860229492188,0.6166753768920898,0.030252903699874878,-0.020006537437438965,4.4340901374816895,0.15142536163330078,-0.15747040510177612
675.1019897460938,0.5471174716949463,-0.047435298562049866,0.06899619102478027,3.5298681259155273,-0.1861674189567566,0.4435722529888153
978.3699951171875,0.2741939425468445,0.023332521319389343,-0.02159404754638672,3.835785388946533,0.27416396141052246,-0.27265945076942444
59.810001373291016,-5.2857936680084094e-05,6.33784948149696e-05,-1.711910590529442e-05,-0.0017753059510141611,0.0007969971629790962,-0.00018370871839579195
867.2979736328125,0.28778040409088135,-0.031911395490169525,0.05441570281982422,2.950037956237793,-0.2471557855606079,0.5403679609298706
663.426025390625,0.5582736730575562,0.02231571078300476,-0.012482941150665283,4.679134368896484,0.15479540824890137,-0.10432061553001404
273.91400146484375,0.2523767054080963,-0.0033574625849723816,0.012963056564331055,1.8501510620117188,-0.014297783374786377,0.09388388693332672
172.69000244140625,0.2960544228553772,-0.030823782086372375,0.059825897216796875,2.8695783615112305,-0.2183523178100586,0.5978454351425171
95.9540023803711,0.4498700201511383,0.01596539467573166,-0.012603759765625,4.500946998596191,0.13137906789779663,-0.12979114055633545
487.6820068359375,0.5718623995780945,0.037620604038238525,-0.03477287292480469,4.2447638511657715,0.20440435409545898,-0.23119862377643585
762.5980224609375,0.3747067451477051,0.03384415805339813,-0.034440040588378906,3.9444642066955566,0.28160977363586426,-0.4044734537601471
886.22998046875,0.44221794605255127,0.018522605299949646,-0.017819583415985107,4.434833526611328,0.1496180295944214,-0.16657498478889465
808.197998046875,0.45362651348114014,-0.00935925543308258,0.0048923492431640625,4.065155506134033,-0.07571661472320557,0.02669607847929001
81.63800048828125,0.48047715425491333,0.025814548134803772,-0.059217214584350586,3.0578722953796387,0.07586193084716797,-0.39344123005867004
626.2739868164062,0.6255506873130798,0.021473675966262817,-0.03845870494842529,4.203740119934082,0.08357572555541992,-0.233091801404953
795.218017578125,0.41853705048561096,-0.0344545841217041,0.043152809143066406,3.9267637729644775,-0.2417823076248169,0.4018380641937256
740.1019897460938,0.5518522262573242,0.05035129934549332,-0.08453047275543213,3.5974953174591064,0.19772934913635254,-0.5485243201255798
718.885986328125,0.6179904341697693,-0.03458666801452637,0.026433348655700684,4.52971076965332,-0.19714784622192383,0.14854639768600464
174.0500030517578,0.38744521141052246,-0.02915046736598015,0.06455707550048828,2.932034730911255,-0.12804536521434784,0.44829311966896057
852.302001953125,0.4574997127056122,-0.032006844878196716,0.03310394287109375,4.401944160461426,-0.24941134452819824,0.35497164726257324
732.302001953125,0.4310065507888794,0.015118226408958435,-0.0336611270904541,4.203677654266357,0.10873758792877197,-0.39556360244750977
637.6500244140625,0.2487175166606903,-0.009146489202976227,0.016734600067138672,2.958221435546875,-0.08420532941818237,0.19218240678310394
487.4100036621094,0.5109543800354004,0.0372476726770401,-0.040508270263671875,4.120327949523926,0.22963929176330566,-0.29586654901504517
648.02197265625,0.6580187082290649,-0.008076369762420654,0.006255149841308594,4.69368314743042,-0.04522097110748291,0.03253478184342384
503.9020080566406,0.45630529522895813,0.024982251226902008,-0.03467845916748047,3.84552001953125,0.16161948442459106,-0.30553844571113586
575.27001953125,0.6611132025718689,0.0479741096496582,-0.039171457290649414,4.4799485206604,0.22678542137145996,-0.2901771068572998
829.6259765625,0.6625689268112183,0.03764811158180237,-0.02804851531982422,4.459291458129883,0.18557560443878174,-0.17713944613933563
974.2780151367188,0.4270351529121399,0.0045855045318603516,-0.023712873458862305,4.37657356262207,0.029424667358398438,-0.2952364385128021
692.47802734375,0.2986036241054535,0.025099821388721466,-0.04130914807319641,3.2614948749542236,0.21858471632003784,-0.4540193974971771
584.27001953125,0.6322938203811646,0.039721980690956116,-0.049977779388427734,4.39017915725708,0.1798495054244995,-0.3497471511363983
487.19000244140625,0.4693029522895813,0.03605058789253235,-0.0366363525390625,4.065328598022461,0.23440170288085938,-0.3333912789821625
963.0859985351562,0.5862728357315063,-0.03697360306978226,0.02588510513305664,4.5944623947143555,-0.2198808193206787,0.2110574096441269
803.0780029296875,0.21574431657791138,-0.022524386644363403,0.08053207397460938,2.156588554382324,-0.14816561341285706,0.8165108561515808
265.57000732421875,0.49158400297164917,0.0034393221139907837,-0.0014862418174743652,4.722443580627441,0.03667402267456055,-0.0003012801462318748
459.0379943847656,0.5756503939628601,-0.026698458939790726,0.01631641387939453,4.363121032714844,-0.15722733736038208,0.1025712862610817
979.75,0.630866289138794,0.02820439636707306,-0.018749237060546875,4.403446197509766,0.14916151762008667,-0.16002056002616882
144.8419952392578,0.7360987067222595,-0.014303207397460938,0.0073642730712890625,4.72911262512207,-0.0752648115158081,0.031347643584012985
318.2380065917969,0.5979206562042236,-0.01628558337688446,0.008248329162597656,4.670790195465088,-0.09895074367523193,0.03550390154123306
206.2100067138672,0.18432623147964478,-0.013726294040679932,0.06372237205505371,1.8439621925354004,-0.07936465740203857,0.642989456653595
553.4340209960938,0.2620396614074707,-0.01721619814634323,0.09619787335395813,1.8788096904754639,-0.04473942518234253,0.5970276594161987
57.150001525878906,-2.0067805962753482e-05,4.388303932501003e-05,-3.967899829149246e-06,-0.0007728548371233046,0.0004354368429630995,-0.0017765534576028585
583.4459838867188,0.4809187352657318,0.02638457715511322,-0.018355369567871094,4.640348434448242,0.20971596240997314,-0.18644000589847565
345.5260009765625,0.4136640727519989,-0.04112614691257477,0.056107521057128906,3.598872661590576,-0.25083351135253906,0.47070685029029846
641.7379760742188,0.46630769968032837,-0.045549213886260986,0.05739116668701172,3.7754812240600586,-0.26587963104248047,0.45392850041389465
336.54998779296875,0.43699201941490173,0.002947703003883362,-0.0024480819702148438,4.760268211364746,0.025302410125732422,-0.007530940696597099
438.9460144042969,0.323045551776886,-0.014665558934211731,0.04833412170410156,2.454026699066162,-0.05225175619125366,0.3544398248195648
121.71800231933594,0.6331028938293457,0.0109386146068573,-0.0063629150390625,4.649422645568848,0.07401490211486816,-0.017021173611283302
940.030029296875,0.6676033735275269,-0.020711615681648254,0.015172958374023438,4.361483097076416,-0.1000109314918518,0.08695847541093826
614.093994140625,0.40871888399124146,-0.0481693297624588,0.10060834884643555,2.7304913997650146,-0.16797494888305664,0.6724537014961243
184.41400146484375,0.16469603776931763,-0.008864537812769413,0.019649505615234375,2.4259912967681885,-0.10520060360431671,0.2705545425415039
431.4700012207031,0.31696656346321106,-0.008786559104919434,0.011479854583740234,3.1354541778564453,-0.06698739528656006,0.15911896526813507
531.0460205078125,0.4194396436214447,0.04239553213119507,-0.09711829572916031,3.0611982345581055,0.17280831933021545,-0.6964529752731323
626.1259765625,0.47527948021888733,0.010025814175605774,-0.03355252742767334,4.22371768951416,0.06379377841949463,-0.2742407023906708
939.3419799804688,0.5321701765060425,-0.026841171085834503,0.01771259307861328,4.2050042152404785,-0.1677314043045044,0.14052246510982513
539.3740234375,0.19809651374816895,0.017739884555339813,-0.07133293151855469,1.8985848426818848,0.09711486101150513,-0.7095085382461548
732.72998046875,0.3444153368473053,0.031927794218063354,-0.05506706237792969,3.3615074157714844,0.2460312843322754,-0.5939997434616089
497.79400634765625,0.47681307792663574,-0.0011113286018371582,0.0032052993774414062,3.2475478649139404,-0.004936337471008301,0.02234962396323681
1000.6019897460938,0.4231860339641571,0.0005728751420974731,0.0006856918334960938,3.368178367614746,-0.003597855567932129,0.05734863504767418
360.1260070800781,0.23125424981117249,0.001118190586566925,-0.018388748168945312,2.172133445739746,-0.013285398483276367,-0.14098507165908813
456.77398681640625,0.35774973034858704,-0.03076399862766266,0.03953075408935547,3.605316400527954,-0.22989308834075928,0.3874568045139313
507.510009765625,0.32964977622032166,0.02378542721271515,-0.04604339599609375,3.244070529937744,0.172174334526062,-0.4801049530506134
418.12200927734375,0.44894883036613464,0.03072167932987213,-0.03420448303222656,4.33855676651001,0.22993969917297363,-0.36401981115341187
352.79400634765625,0.49275287985801697,-0.01578196883201599,0.014016151428222656,4.730646133422852,-0.11625242233276367,0.11718398332595825
550.35400390625,0.19029170274734497,-0.013519920408725739,0.0707709789276123,1.7530399560928345,-0.0727267861366272,0.6555248498916626
189.08999633789062,0.2931993007659912,-0.018045693635940552,0.03488564491271973,2.9596476554870605,-0.13337445259094238,0.35348665714263916
202.5540008544922,0.18823865056037903,-0.010098673403263092,0.04825356602668762,1.7438204288482666,-0.049908459186553955,0.4867168366909027
881.9619750976562,0.4150867760181427,-0.03453744947910309,0.04247844219207764,3.7603707313537598,-0.22423851490020752,0.3709833323955536
521.4739990234375,0.48454558849334717,0.0022960342466831207,-0.005806446075439453,4.655394554138184,0.007237374782562256,-0.06058449670672417
707.1619873046875,0.6920148134231567,-0.0075865089893341064,0.020176172256469727,4.674878120422363,-0.02729487419128418,0.1591339111328125
950.1220092773438,0.4849128723144531,-0.017932802438735962,0.009373664855957031,4.663441181182861,-0.1488645076751709,0.11588004976511002
767.0180053710938,0.49749842286109924,0.00032823532819747925,-0.00293731689453125,4.7903313636779785,0.002194702625274658,-0.023690395057201385
437.7380065917969,0.4279178977012634,-0.009517207741737366,0.006865024566650391,2.942361831665039,-0.04530954360961914,0.07084963470697403
828.5460205078125,0.43048566579818726,0.03330861032009125,-0.03229665756225586,4.325192451477051,0.2639812231063843,-0.3072633445262909
320.1059875488281,0.5627520680427551,-0.011555075645446777,0.00977325439453125,4.669528007507324,-0.07791423797607422,0.051088664680719376
380.01800537109375,0.46590179204940796,-0.04790637642145157,0.05510425567626953,3.903806447982788,-0.3003429174423218,0.4503571689128876
62.88199996948242,-1.9263186914031394e-05,3.6290442949393764e-05,-9.864568710327148e-06,-0.001982018817216158,0.0005205072811804712,0.0006226060795597732
765.6740112304688,0.5538023710250854,0.01324416697025299,-0.011295318603515625,4.623590469360352,0.08368158340454102,-0.06784369051456451
877.677978515625,0.1899005025625229,-0.00955057144165039,0.04718351364135742,1.6911436319351196,-0.046791136264801025,0.41561129689216614
712.0339965820312,0.44498372077941895,-0.03116001933813095,0.02880120277404785,4.4498066902160645,-0.25868260860443115,0.2756093740463257
953.2659912109375,0.653056263923645,-0.006939202547073364,0.0023164749145507812,4.805535316467285,-0.04856753349304199,0.02483249455690384
99.68199920654297,0.5878452062606812,0.007588714361190796,-0.013092994689941406,4.609086513519287,0.046601176261901855,-0.15711967647075653
769.4459838867188,0.6582304835319519,0.006748199462890625,-0.00275421142578125,4.723223686218262,0.03990828990936279,0.02838442102074623
722.5460205078125,0.6141075491905212,-0.029119163751602173,0.020529508590698242,4.644168853759766,-0.16963231563568115,0.1575442999601364
476.9580078125,0.48782289028167725,0.03505469858646393,-0.05155754089355469,3.5883569717407227,0.16669166088104248,-0.4117867946624756
376.1260070800781,0.42219486832618713,-0.03680180013179779,0.05806541442871094,3.3382620811462402,-0.18958133459091187,0.4530382752418518
79.3219985961914,0.4234030842781067,0.02056296169757843,-0.020663022994995117,4.422537803649902,0.17023515701293945,-0.2070351094007492
440.1300048828125,0.3051219880580902,-0.02018563821911812,0.03929471969604492,2.7289888858795166,-0.12506423890590668,0.37228626012802124
930.6740112304688,0.4852409362792969,0.007790520787239075,-0.00632476806640625,4.672327041625977,0.06966817378997803,-0.060044899582862854
158.74600219726562,0.4280432164669037,-0.04769429564476013,0.04672050476074219,4.1196441650390625,-0.35845518112182617,0.4357355535030365
651.9340209960938,0.687075138092041,0.03948219120502472,-0.03288745880126953,4.543043613433838,0.18727296590805054,-0.19557876884937286
110.32599639892578,0.25009068846702576,0.028272338211536407,-0.056427001953125,2.9745960235595703,0.2640862464904785,-0.6433065533638
1001.5180053710938,0.36535871028900146,0.0014387667179107666,-0.0016965866088867188,2.889052152633667,0.011917352676391602,0.0025297573301941156
940.22998046875,0.44122055172920227,-0.012605126947164536,0.007401466369628906,4.424567699432373,-0.1096569299697876,0.06612556427717209
803.8099975585938,0.2609143555164337,-0.01985102891921997,0.10054922103881836,1.9873254299163818,-0.04978758096694946,0.7617742419242859
397.01800537109375,0.4662226140499115,0.013753548264503479,-0.009683609008789062,4.68157958984375,0.10851460695266724,-0.08375437557697296
559.0859985351562,0.42621344327926636,-0.02691994607448578,0.024489164352416992,4.282220363616943,-0.22572994232177734,0.2600780427455902
732.8619995117188,0.43217313289642334,0.03992082178592682,-0.08392214775085449,3.1788954734802246,0.1873096227645874,-0.65378737449646
894.6339721679688,0.5040635466575623,0.044266924262046814,-0.042234182357788086,4.226218223571777,0.2812768220901489,-0.364672988653183
419.5379943847656,0.5726358890533447,0.044881582260131836,-0.04603409767150879,4.221341133117676,0.23996448516845703,-0.35073116421699524
615.197998046875,0.33070507645606995,-0.0343363881111145,0.061745405197143555,3.075469493865967,-0.2332284301519394,0.5874828100204468
179.1820068359375,0.21752384305000305,-0.008945658802986145,0.05999755859375,1.6663341522216797,-0.018665075302124023,0.4640747308731079
798.6099853515625,0.4731450378894806,-0.010931059718132019,0.0072917938232421875,4.716061115264893,-0.09468472003936768,0.07080646604299545
957.8820190429688,0.5781147480010986,-0.03290984034538269,0.023432254791259766,4.36617374420166,-0.19019031524658203,0.1180947870016098
984.197998046875,0.6865242123603821,0.005149275064468384,-0.005945682525634766,4.780064105987549,0.025546789169311523,-0.025891831144690514
196.2899932861328,0.4082711935043335,-0.0022363662719726562,0.002887725830078125,3.8857903480529785,-0.026770949363708496,0.004223016556352377
860.9619750976562,0.36912044882774353,-0.03313516080379486,0.03813982009887695,3.9927926063537598,-0.29251670837402344,0.39457008242607117
797.2100219726562,0.5890459418296814,-0.02928607165813446,0.011925697326660156,4.592685699462891,-0.19605481624603271,0.04885590076446533
434.7139892578125,0.3257630169391632,-0.01990208774805069,0.02704763412475586,3.4085402488708496,-0.16332244873046875,0.29348093271255493
506.010009765625,0.4849897623062134,0.013220757246017456,-0.009681224822998047,3.9885287284851074,0.07872223854064941,-0.08517973870038986
592.5139770507812,0.14165420830249786,0.00961226224899292,-0.02366924285888672,1.768738865852356,0.09454500675201416,-0.2790994942188263
982.1099853515625,0.35277241468429565,0.015539020299911499,-0.009601593017578125,4.656280517578125,0.1863139271736145,-0.14253264665603638
216.7899932861328,0.2509341537952423,0.001881387084722519,-0.010365962982177734,2.507486343383789,0.019429802894592285,-0.09687357395887375
506.34600830078125,0.40300071239471436,0.009217649698257446,-0.004528999328613281,3.8559446334838867,0.06597292423248291,-0.034881286323070526
351.5220031738281,0.44444555044174194,-0.011881589889526367,0.01432037353515625,4.623233318328857,-0.09308648109436035,0.14685288071632385
177.4739990234375,0.22523602843284607,-0.009432457387447357,0.057659149169921875,1.639620304107666,-0.01755930483341217,0.4714777171611786
318.6499938964844,0.4556788504123688,-0.010519623756408691,0.009011268615722656,4.751226425170898,-0.08704686164855957,0.12702876329421997
368.98199462890625,0.4263957440853119,0.038183391094207764,-0.057152748107910156,3.8428802490234375,0.22808468341827393,-0.493262380361557
240.93800354003906,0.383573442697525,0.000714525580406189,0.002779245376586914,3.8226144313812256,0.019934415817260742,0.022423310205340385
792.4340209960938,0.3345911502838135,-0.021342426538467407,0.08078956604003906,2.3765065670013428,-0.07212543487548828,0.5573920011520386
464.2179870605469,0.3597165644168854,-0.026565827429294586,0.08847713470458984,2.602933168411255,-0.08624494075775146,0.6311758756637573
896.4660034179688,0.28612419962882996,0.03412078693509102,-0.06355524063110352,2.875204563140869,0.2476753443479538,-0.6536040902137756
320.8500061035156,0.5072240829467773,-0.002955809235572815,0.0016922950744628906,4.682938098907471,-0.009110450744628906,0.022597428411245346
492.6700134277344,0.4579188823699951,0.016432151198387146,-0.0088958740234375,4.569386005401611,0.14291930198669434,-0.08212124556303024
305.4779968261719,0.47849082946777344,-0.02178904414176941,0.01252436637878418,4.596956729888916,-0.17163538932800293,0.12772876024246216
796.8779907226562,0.6064008474349976,-0.037663161754608154,0.02034759521484375,4.595686912536621,-0.2212204933166504,0.14720478653907776
102.12200164794922,0.6253758668899536,0.03163209557533264,-0.046204566955566406,4.423745155334473,0.1524275541305542,-0.3756885826587677
421.2099914550781,0.5122805237770081,0.022612929344177246,-0.018097639083862305,4.602240562438965,0.16760313510894775,-0.15062886476516724
64.51000213623047,-5.287880776450038e-05,6.335578655125573e-05,1.0369345545768738e-05,-0.0011248213704675436,0.0004406787338666618,-0.0011682723416015506
273.6700134277344,0.19440072774887085,-0.002329941838979721,0.007784843444824219,1.933111548423767,-0.012197732925415039,0.08583084493875504
814.4340209960938,0.6151350140571594,0.019143298268318176,-0.007757663726806641,4.6546196937561035,0.1138772964477539,-0.022480139508843422
725.177978515625,0.4611166715621948,-0.03896588087081909,0.02965569496154785,4.412548542022705,-0.310685396194458,0.26272115111351013
610.9539794921875,0.46145370602607727,-0.03630787134170532,0.032228946685791016,4.269354820251465,-0.27094340324401855,0.27932578325271606
337.3139953613281,0.6186902523040771,-0.005301803350448608,0.006545066833496094,4.818340301513672,-0.03468608856201172,0.07568223029375076
125.4260025024414,0.6656365394592285,0.0204334557056427,-0.019773483276367188,4.633961200714111,0.09148287773132324,-0.09952814877033234
918.0339965820312,0.4910823702812195,0.044550374150276184,-0.06550788879394531,3.930539131164551,0.24713778495788574,-0.4846530854701996
519.0499877929688,0.5932559967041016,0.016064584255218506,-0.020341873168945312,4.482905864715576,0.07885122299194336,-0.18437881767749786
836.3820190429688,0.4358537793159485,0.031189069151878357,-0.013155937194824219,4.540985584259033,0.289082407951355,-0.10179510712623596
899.7420043945312,0.3649599552154541,0.03184954822063446,-0.0779261589050293,2.8163795471191406,0.13854265213012695,-0.5667247176170349
666.7459716796875,0.6250280141830444,0.007385075092315674,0.00639033317565918,4.745114326477051,0.05822563171386719,0.05454879626631737
375.41400146484375,0.3640894889831543,-0.037119925022125244,0.04926490783691406,3.390106201171875,-0.2515733242034912,0.44353824853897095
236.8179931640625,0.5082481503486633,0.004836484789848328,-0.0017535686492919922,4.711996555328369,0.034945130348205566,-0.02376728691160679
610.7260131835938,0.3891596794128418,-0.03468899428844452,0.031958818435668945,4.262516975402832,-0.30550622940063477,0.30957409739494324
989.1939697265625,0.5523601770401001,0.020377978682518005,-0.02825021743774414,4.617595672607422,0.12603604793548584,-0.24624043703079224
1000.3419799804688,0.3505001366138458,0.0007338151335716248,0.0008068084716796875,3.4789159297943115,-0.0025506019592285156,0.0054879337549209595
682.2139892578125,0.5365689396858215,0.026607804000377655,-0.02944803237915039,4.475342750549316,0.16859066486358643,-0.23033805191516876
962.2420043945312,0.5523843169212341,-0.04042615368962288,0.029065608978271484,4.476447582244873,-0.2556108236312866,0.2490561157464981
340.6780090332031,0.3287917673587799,-0.020098509266972542,0.010595321655273438,4.556675910949707,-0.2582412362098694,0.1267414093017578
921.7540283203125,0.417049378156662,-0.03102806769311428,0.06392669677734375,3.089313268661499,-0.130422443151474,0.43396276235580444
877.1339721679688,0.1822139024734497,-0.009319145232439041,0.04214835166931152,1.7374500036239624,-0.062016040086746216,0.4308028817176819
398.906005859375,0.4305582642555237,0.005697108805179596,-0.0013985633850097656,4.476790428161621,0.04994189739227295,-0.005712652113288641
220.68600463867188,0.364533007144928,0.030893122777342796,-0.053278446197509766,3.2688770294189453,0.18910589814186096,-0.43902331590652466
869.3939819335938,0.48158568143844604,-0.03846415877342224,0.0682368278503418,3.3916115760803223,-0.16230034828186035,0.4646734595298767
609.114013671875,0.47641241550445557,-0.02180616557598114,0.021938800811767578,4.584177017211914,-0.176364004611969,0.23651358485221863
876.6019897460938,0.15427334606647491,-0.006977546960115433,0.02103877067565918,2.0903687477111816,-0.0834360271692276,0.3120526075363159
704.8140258789062,0.6446077227592468,0.00372353196144104,-0.007823467254638672,4.768138885498047,0.020675182342529297,-0.06645939499139786
645.614013671875,0.44579023122787476,-0.014374867081642151,0.0117950439453125,4.465385437011719,-0.11579322814941406,0.1137474849820137
243.02200317382812,0.25127092003822327,0.00020572543144226074,-0.00012636184692382812,2.501173496246338,-0.003996729850769043,-0.008108998648822308
299.6820068359375,0.3586459159851074,-0.009420063346624374,0.004735708236694336,4.72553014755249,-0.10033081471920013,0.0718654990196228
460.95001220703125,0.45328429341316223,-0.006062909960746765,0.004069328308105469,4.543434143066406,-0.04390299320220947,0.03404540196061134
980.1740112304688,0.4669246971607208,0.02275025099515915,-0.021130084991455078,4.494468688964844,0.1849178671836853,-0.21121318638324738
312.2900085449219,0.6322095990180969,-0.0368523895740509,0.030473709106445312,4.5223588943481445,-0.2006129026412964,0.2398073524236679
136.1820068359375,0.4510982036590576,0.002083033323287964,-0.001956939697265625,4.664160251617432,0.028125286102294922,-0.005651475396007299
78.69400024414062,0.3556106686592102,0.022520244121551514,-0.01955103874206543,4.239255905151367,0.22123467922210693,-0.21686837077140808
80.51799774169922,0.3684234321117401,0.012661516666412354,-0.006865978240966797,3.9802169799804688,0.12144029140472412,-0.057071372866630554
965.718017578125,0.3905549645423889,-0.038263529539108276,0.0684499740600586,3.2242326736450195,-0.21812856197357178,0.5930637121200562
77.9020004272461,0.7404090166091919,0.047106802463531494,-0.05393362045288086,4.049529552459717,0.1447070837020874,-0.2405702918767929
503.5740051269531,0.36914563179016113,0.020503142848610878,-0.027234554290771484,3.5969345569610596,0.15037930011749268,-0.23327341675758362
977.0419921875,0.40162211656570435,0.03337299823760986,-0.05596733093261719,3.1607539653778076,0.1737726926803589,-0.4249759912490845
349.4540100097656,0.4602457880973816,-0.023325055837631226,0.02054119110107422,4.4391770362854,-0.17354273796081543,0.19940617680549622
263.6260070800781,0.41222137212753296,0.0034446418285369873,-0.006160736083984375,4.703612327575684,0.028469085693359375,-0.028023039922118187
177.1219940185547,0.1648356169462204,-0.008060638792812824,0.04540061950683594,1.6400595903396606,-0.04765886068344116,0.5045925378799438
463.9859924316406,0.2812587022781372,-0.02365230768918991,0.07436370849609375,2.4901347160339355,-0.11246442794799805,0.6319631934165955
694.7420043945312,0.4567379951477051,0.026725858449935913,-0.01737836003303528,4.404587268829346,0.20917141437530518,-0.1690274327993393
590.6820068359375,0.41572147607803345,0.040481727570295334,-0.040808677673339844,3.82181453704834,0.28479236364364624,-0.3389265537261963
648.9860229492188,0.45783430337905884,0.015496253967285156,-0.030610084533691406,4.365131378173828,0.11199474334716797,-0.325151652097702
689.0180053710938,0.1741364598274231,0.008296944200992584,-0.04609274864196777,1.6822830438613892,0.04301658272743225,-0.43409809470176697
226.28199768066406,0.36941856145858765,0.009914889931678772,-0.01484823226928711,4.580299377441406,0.1091151237487793,-0.273154616355896
61.534000396728516,-3.264108499934082e-06,3.0342298487084918e-05,-2.6516616344451904e-05,-0.0008033723570406437,0.00018907018238678575,-0.001837375806644559
972.5020141601562,0.4858868420124054,-0.0017819702625274658,-0.0035314559936523438,4.6632843017578125,-0.002613544464111328,-0.006952289026230574
221.0260009765625,0.364566445350647,0.03134804591536522,-0.051672935485839844,3.4137113094329834,0.2185012698173523,-0.4945528507232666
523.77001953125,0.39515018463134766,0.0364929735660553,-0.047916412353515625,3.701838731765747,0.25413835048675537,-0.40934449434280396
580.7139892578125,0.31839317083358765,0.031085550785064697,-0.029891490936279297,4.175210475921631,0.3546016216278076,-0.37443605065345764
410.010009765625,0.6058424115180969,0.029351867735385895,-0.022997379302978516,4.608983039855957,0.18180572986602783,-0.1222216933965683
122.48200225830078,0.43248969316482544,0.005197197198867798,-0.0028133392333984375,4.695134162902832,0.046556711196899414,0.015830136835575104
392.07000732421875,0.3991166353225708,0.02742399275302887,-0.03169441223144531,3.982828140258789,0.21166253089904785,-0.32873597741127014
240.1739959716797,0.40480589866638184,0.0030833780765533447,-0.0022668838500976562,4.161840438842773,0.023707032203674316,-0.0439298041164875
90.85399627685547,0.48062366247177124,0.018644973635673523,-0.011350154876708984,4.2928667068481445,0.14284265041351318,-0.08926987648010254
858.3060302734375,0.445730060338974,-0.008063465356826782,0.007199287414550781,4.638452529907227,-0.07904458045959473,0.06824842095375061
138.07400512695312,0.4434676766395569,0.042476676404476166,-0.10090827941894531,2.800776243209839,0.1340366005897522,-0.6094426512718201
873.2420043945312,0.5823561549186707,-0.009725594893097878,0.00786137580871582,4.53718376159668,-0.06683601438999176,0.0646008774638176
758.6259765625,0.6646168828010559,0.03444267809391022,-0.0364985466003418,4.526509761810303,0.15634524822235107,-0.22486841678619385
846.8779907226562,0.47350722551345825,-0.04225561022758484,0.06792449951171875,3.6243162155151367,-0.21642744541168213,0.5062874555587769
965.2340087890625,0.30817049741744995,-0.03259001672267914,0.05170726776123047,3.380279541015625,-0.2767757177352905,0.580150306224823
912.4420166015625,0.38067930936813354,0.03708992898464203,-0.04553699493408203,3.80680251121521,0.2828481197357178,-0.4811790883541107
149.73399353027344,0.3525466024875641,-0.03022255003452301,0.06288337707519531,3.0765678882598877,-0.17731598019599915,0.5471819639205933
552.6060180664062,0.1880086362361908,-0.016230568289756775,0.06935107707977295,1.7942993640899658,-0.08875918388366699,0.6527837514877319
368.510009765625,0.38558220863342285,0.03879311680793762,-0.055438995361328125,3.837911367416382,0.2850210666656494,-0.5637946128845215
376.7539978027344,0.39682069420814514,-0.03688933327794075,0.049469947814941406,3.5726420879364014,-0.24911975860595703,0.43551942706108093
679.4099731445312,0.40332910418510437,-0.03366417437791824,0.023383140563964844,4.247171878814697,-0.2920219898223877,0.23737992346286774
879.6740112304688,0.2932124435901642,-0.016404422000050545,0.0698477029800415,2.2433345317840576,-0.054418548941612244,0.5408466458320618
486.7380065917969,0.4603203535079956,0.03695617616176605,-0.046271324157714844,3.780515432357788,0.21441197395324707,-0.3684525191783905
650.1859741210938,0.3245082497596741,0.029551804065704346,-0.029283523559570312,4.07138729095459,0.3102142810821533,-0.3733949661254883
563.822021484375,0.32743343710899353,0.03460976481437683,-0.1012912392616272,2.480867862701416,0.14907509088516235,-0.7855738401412964
72.49400329589844,0.6199876070022583,0.005391299724578857,-0.0036280155181884766,4.309848308563232,0.03912997245788574,-0.015334974974393845
503.6820068359375,0.39380449056625366,0.021767493337392807,-0.028573036193847656,3.6823837757110596,0.14473164081573486,-0.26737838983535767
482.1940002441406,0.43213242292404175,0.0036783367395401,-0.005480766296386719,4.287884712219238,0.022301942110061646,-0.08649443089962006
910.7420043945312,0.278511643409729,0.004385247826576233,-0.001628875732421875,4.640985488891602,0.05880117416381836,-0.054873086512088776
955.6060180664062,0.48238709568977356,-0.044237665832042694,0.05127239227294922,3.8951573371887207,-0.26494914293289185,0.4218587577342987
311.3900146484375,0.46232500672340393,-0.026868179440498352,0.02787017822265625,4.428800582885742,-0.20769596099853516,0.25806382298469543
979.2739868164062,0.40787315368652344,0.027267180383205414,-0.01741170883178711,4.24741268157959,0.2376251220703125,-0.20570704340934753
218.3179931640625,0.2688961625099182,0.013928726315498352,-0.034055233001708984,2.6037511825561523,0.08677470684051514,-0.3701010048389435
569.9459838867188,0.5335432887077332,0.03596991300582886,-0.055711984634399414,4.112682342529297,0.1882251501083374,-0.44713473320007324
742.2459716796875,0.25395750999450684,0.02525445818901062,-0.06329870223999023,2.4996085166931152,0.17067742347717285,-0.6349698901176453
524.9819946289062,0.4321692883968353,0.04810057580471039,-0.09003591537475586,3.3485758304595947,0.2339491844177246,-0.750174880027771
372.8059997558594,0.45634928345680237,0.024937644600868225,-0.020872116088867188,4.572772026062012,0.20597076416015625,-0.2188512235879898
948.469970703125,0.5660107135772705,-0.04033432900905609,0.03319072723388672,4.434841632843018,-0.2427811622619629,0.2659105956554413
704.4459838867188,0.3516312837600708,0.0029152631759643555,-0.00203704833984375,4.650158405303955,0.03094792366027832,-0.0583902969956398
616.6380004882812,0.3199702203273773,-0.038269877433776855,0.05005180835723877,3.4972050189971924,-0.3342459201812744,0.5725359916687012
227.28199768066406,0.41625910997390747,0.04154607281088829,-0.04817485809326172,4.008199214935303,0.3179221451282501,-0.453166127204895
699.2059936523438,0.4000934958457947,0.03863285481929779,-0.04990863800048828,3.7964770793914795,0.2898627519607544,-0.49673908948898315
973.6060180664062,0.6012279391288757,0.0016106963157653809,0.00039649009704589844,4.682210922241211,0.009738445281982422,-0.04991218075156212
711.010009765625,0.5776885151863098,-0.03783383220434189,0.027405738830566406,4.480255126953125,-0.22858208417892456,0.24453739821910858
340.45001220703125,0.24034364521503448,-0.0146845243871212,0.007808685302734375,4.620480060577393,-0.2532408833503723,0.18070538341999054
249.43800354003906,0.6069926619529724,0.03477978706359863,-0.02937018871307373,4.2471818923950195,0.17362534999847412,-0.19807733595371246
715.010009765625,0.3873177468776703,-0.028615564107894897,0.020383626222610474,4.613175392150879,-0.3000941276550293,0.2406962513923645
569.469970703125,0.45158815383911133,0.01223243772983551,-0.02128005027770996,4.509693145751953,0.08926010131835938,-0.25898757576942444
711.64599609375,0.41587236523628235,-0.025202669203281403,0.018878936767578125,4.537999153137207,-0.23954981565475464,0.23294298350811005
826.4099731445312,0.5356589555740356,0.0022167712450027466,0.003927707672119141,4.773406505584717,0.02770090103149414,0.019587909802794456
610.5339965820312,0.42513197660446167,-0.03746442496776581,0.035835981369018555,4.222667694091797,-0.29575419425964355,0.37322545051574707
905.197998046875,0.5044471621513367,0.056378886103630066,-0.08372879028320312,3.418471336364746,0.23704767227172852,-0.5621960759162903
691.9459838867188,0.3650484085083008,0.02539309859275818,-0.05437111854553223,2.9021973609924316,0.13105034828186035,-0.4348610043525696
522.6099853515625,0.5315977334976196,0.02055925875902176,-0.04449605941772461,4.246831893920898,0.10433829575777054,-0.35991668701171875
977.197998046875,0.49841731786727905,0.03722858428955078,-0.06467866897583008,3.247697114944458,0.1379082202911377,-0.41169077157974243
69.52200317382812,0.3350394368171692,0.010586217045783997,-0.01142740249633789,3.5033323764801025,0.08372092247009277,-0.07258085906505585
586.718017578125,0.3490651845932007,0.03266024589538574,-0.031493186950683594,4.152673244476318,0.3320244550704956,-0.349625825881958
264.93798828125,0.4693334996700287,0.005459830164909363,-0.0020791292190551758,4.694832801818848,0.058960914611816406,0.013328559696674347
682.4340209960938,0.4277229607105255,0.022526204586029053,-0.018278121948242188,4.457252502441406,0.1933422088623047,-0.2353665977716446
497.6499938964844,0.3366115987300873,-0.0007259100675582886,0.0014514923095703125,3.341179370880127,-0.002148866653442383,-0.0009806622983887792
654.7459716796875,0.4936901330947876,0.04602733254432678,-0.057048797607421875,3.749998092651367,0.23148870468139648,-0.431936115026474
804.197998046875,0.2629188001155853,-0.017913907766342163,0.0930471420288086,1.9916961193084717,-0.04989045858383179,0.7603810429573059
757.7579956054688,0.6710094213485718,0.0397491455078125,-0.045839786529541016,4.37177038192749,0.16789329051971436,-0.30384111404418945
584.0139770507812,0.45185744762420654,0.025499343872070312,-0.028965473175048828,4.485791206359863,0.2036290168762207,-0.3046039044857025
471.2659912109375,0.5255773663520813,-0.004516414366662502,-0.00012874603271484375,4.697139739990234,-0.030067719519138336,-0.036000873893499374
702.6060180664062,0.45575377345085144,0.02047528326511383,-0.014584779739379883,4.564102649688721,0.1734011173248291,-0.11445745825767517
930.9500122070312,0.6378097534179688,0.010934591293334961,-0.007905960083007812,4.696295738220215,0.05970919132232666,-0.06443162262439728
151.91799926757812,0.5772436857223511,-0.03323864936828613,0.030027389526367188,4.405716896057129,-0.19155454635620117,0.18618670105934143
545.3380126953125,0.1125965565443039,-0.0064895786345005035,0.030628681182861328,1.6495651006698608,-0.06816136837005615,0.41072922945022583
988.0419921875,0.4753541052341461,0.0016201138496398926,-0.004113674163818359,4.754034042358398,0.002828836441040039,-0.027720855548977852
649.4340209960938,0.5681304931640625,0.0408681184053421,-0.048174381256103516,4.1293864250183105,0.20756685733795166,-0.34966978430747986
841.2940063476562,0.36657246947288513,0.021970074623823166,-0.015676498413085938,4.600797176361084,0.2470736801624298,-0.16904279589653015
308.989990234375,0.6046397686004639,-0.03981466591358185,0.032546043395996094,4.4119391441345215,-0.22243332862854004,0.30522793531417847
64.61399841308594,-6.477579881902784e-05,3.137778185191564e-05,-5.381647497415543e-06,-0.0009074507397599518,0.000922859413549304,-0.0017733636777848005
277.75,0.19634324312210083,-0.007906921207904816,0.03503751754760742,2.0728721618652344,-0.04581242799758911,0.3516295850276947
358.302001953125,0.2451062649488449,-0.0006704553961753845,-0.0060272216796875,2.4082155227661133,-0.01032400131225586,-0.03467143326997757
851.469970703125,0.4606896638870239,-0.03576880693435669,0.031856536865234375,4.296309947967529,-0.2584604024887085,0.2672711908817291
379.89801025390625,0.3690594434738159,-0.040652938187122345,0.042560577392578125,3.873861312866211,-0.33667540550231934,0.42892515659332275
298.2860107421875,0.4675898849964142,-0.02004590630531311,0.013828277587890625,4.682738780975342,-0.16578549146652222,0.1447456330060959
250.91799926757812,0.5861573815345764,0.015789881348609924,-0.0009482055902481079,4.613770961761475,0.10804188251495361,0.013244382105767727
984.6420288085938,0.6242200136184692,0.00962752103805542,-0.006780147552490234,4.695906162261963,0.051093220710754395,-0.07603359967470169
193.64599609375,0.5832501649856567,-0.015429168939590454,0.008844137191772461,4.577404499053955,-0.09798002243041992,0.04467577487230301
253.04600524902344,0.46382880210876465,0.0037369802594184875,-0.0004965811967849731,4.646785259246826,0.033726394176483154,-0.01920897886157036
903.2420043945312,0.36253640055656433,0.03527554124593735,-0.0426788330078125,3.8128323554992676,0.29448020458221436,-0.39405709505081177
867.0540161132812,0.3466678559780121,-0.03371542692184448,0.05851888656616211,3.2493879795074463,-0.2320997714996338,0.5732153654098511
93.45800018310547,0.7857376933097839,0.01725977659225464,-0.016950607299804688,4.451311111450195,0.06765234470367432,-0.07660090923309326
969.885986328125,0.5146245360374451,-0.013083875179290771,0.007859945297241211,4.582413196563721,-0.09945416450500488,0.04894609376788139
793.0900268554688,0.25658854842185974,-0.025128662586212158,0.06475067138671875,2.565417766571045,-0.17666780948638916,0.6184384226799011
158.64199829101562,0.5781393647193909,-0.05919359624385834,0.06573963165283203,4.138888359069824,-0.28737276792526245,0.46717262268066406
592.0980224609375,0.21714358031749725,0.014798082411289215,-0.06365776062011719,1.9116148948669434,0.07446640729904175,-0.6534414291381836
988.14599609375,0.4949224293231964,0.002729073166847229,0.0008406639099121094,4.754332542419434,0.022869110107421875,-0.0007219940307550132
541.1859741210938,0.17952755093574524,0.0076265037059783936,-0.019478321075439453,1.7706784009933472,0.05234396457672119,-0.164301335811615
949.573974609375,0.5998338460922241,-0.02976652979850769,0.018093109130859375,4.551934242248535,-0.16690778732299805,0.10821826010942459
652.385986328125,0.5359743237495422,0.028687315061688423,-0.016826629638671875,4.633792400360107,0.19613289833068848,-0.17703469097614288
806.510009765625,0.20121219754219055,-0.014184452593326569,0.029442548751831055,2.6885933876037598,-0.14208579063415527,0.3843618631362915
230.5500030517578,0.39011526107788086,0.03819313645362854,-0.037563323974609375,4.085432052612305,0.3189260959625244,-0.4068398177623749
523.4539794921875,0.40254712104797363,0.03768911212682724,-0.055084228515625,3.5881667137145996,0.2453477382659912,-0.4596782922744751
994.8099975585938,0.48172610998153687,0.045356377959251404,-0.057480812072753906,3.7562575340270996,0.2543911933898926,-0.44059863686561584
390.7380065917969,0.5370189547538757,0.039605170488357544,-0.06188678741455078,3.486910820007324,0.14633190631866455,-0.3924194872379303
220.91799926757812,0.45149949193000793,0.03594125062227249,-0.06268310546875,3.3526272773742676,0.15566463768482208,-0.4720837473869324
581.8140258789062,0.3666333556175232,0.03459259867668152,-0.03251838684082031,4.39256477355957,0.35333484411239624,-0.3879500925540924
896.6740112304688,0.39877891540527344,0.040251050144433975,-0.08953475952148438,3.0171284675598145,0.17177510261535645,-0.6909167170524597
535.3259887695312,0.43337342143058777,0.047177910804748535,-0.06725025177001953,3.549190044403076,0.264310359954834,-0.5218637585639954
229.2259979248047,0.4168352484703064,0.03317476809024811,-0.03670644760131836,4.183866500854492,0.25927019119262695,-0.3882923722267151
90.25399780273438,0.5929036736488342,0.0253027081489563,-0.013016700744628906,4.351797580718994,0.14510750770568848,-0.17789699137210846
549.0139770507812,0.1713143140077591,-0.011596769094467163,0.055150508880615234,1.7809486389160156,-0.07568097114562988,0.5615679621696472
81.95800018310547,0.41925930976867676,0.026230737566947937,-0.05817818641662598,3.0104575157165527,0.10079646110534668,-0.4271872937679291
443.03399658203125,0.6058692336082458,-0.027508944272994995,0.02043628692626953,4.231136798858643,-0.13539910316467285,0.1336769312620163
467.22601318359375,0.4392273426055908,-0.030394718050956726,0.025139808654785156,4.265307426452637,-0.22971570491790771,0.24136438965797424
304.0419921875,0.6273590326309204,-0.03918188810348511,0.038598060607910156,4.627249240875244,-0.22153210639953613,0.2645838260650635
916.3660278320312,0.4429594874382019,0.030137047171592712,-0.036808013916015625,4.401576995849609,0.24704241752624512,-0.3784831762313843
451.3219909667969,0.7798603177070618,-0.01785634458065033,0.009911537170410156,4.545285224914551,-0.07728958129882812,0.04170602187514305
865.7379760742188,0.5752298831939697,-0.0069810450077056885,0.00791788101196289,4.509008407592773,-0.049988508224487305,0.04657287150621414
374.1099853515625,0.5395205020904541,0.01348106563091278,0.005756378173828125,4.287822723388672,0.08320045471191406,0.1525600403547287
82.74199676513672,0.4651951491832733,0.028783906251192093,-0.0558314323425293,3.166006565093994,0.10739192366600037,-0.35999199748039246
999.0819702148438,0.5535593032836914,0.010552547872066498,-0.009665489196777344,4.1909613609313965,0.05515718460083008,-0.06214924156665802
104.84600067138672,0.30829209089279175,0.03774068504571915,-0.07265090942382812,2.9600515365600586,0.25020456314086914,-0.6675525307655334
646.9420166015625,0.6125431656837463,-0.008531689643859863,0.011569023132324219,4.634212017059326,-0.039223432540893555,0.09953880310058594
94.4219970703125,0.6115942001342773,0.004181459546089172,-0.0008459091186523438,4.512877464294434,0.032841622829437256,0.001263761892914772
619.2940063476562,0.386711448431015,-0.019839540123939514,0.012237608432769775,4.627892971038818,-0.19511139392852783,0.11837880313396454
235.69000244140625,0.666107177734375,0.0030785202980041504,-0.0001995563507080078,4.749869346618652,0.017170190811157227,0.03337258845567703
183.17799377441406,0.2545166611671448,-0.015072852373123169,0.041182518005371094,2.459129571914673,-0.09647351503372192,0.4307371973991394
156.70599365234375,0.38278859853744507,-0.03761640191078186,0.04105854034423828,4.02061128616333,-0.3109046220779419,0.42844876646995544
913.0419921875,0.3639669120311737,0.03332177549600601,-0.03809165954589844,3.818242311477661,0.27574992179870605,-0.4102722108364105
844.166015625,0.5431895852088928,0.009621594101190567,-0.0033121109008789062,4.681646823883057,0.07328581809997559,-0.022399498149752617
68.22200012207031,0.30277007818222046,0.009918563067913055,-0.009268462657928467,3.0354082584381104,0.07857561111450195,-0.061467450112104416
127.38600158691406,0.47153276205062866,0.014940425753593445,-0.01114654541015625,4.7241363525390625,0.12180805206298828,-0.14662052690982819
230.9499969482422,0.5269665718078613,0.04358569532632828,-0.041413068771362305,4.11099910736084,0.24715256690979004,-0.2820347249507904
953.4660034179688,0.48020079731941223,-0.004538640379905701,-0.0020971298217773438,4.790360927581787,-0.04659414291381836,-0.019205374643206596
640.0859985351562,0.3579891324043274,-0.030099138617515564,0.04026150703430176,3.5898337364196777,-0.23307561874389648,0.4082536995410919
179.57400512695312,0.2503622770309448,-0.008225642144680023,0.07055282592773438,1.647247314453125,-0.00418853759765625,0.460986465215683
337.00201416015625,0.4790157675743103,-0.0034938454627990723,0.0023736953735351562,4.80366325378418,-0.028406620025634766,0.045653536915779114
241.04600524902344,0.4124498963356018,-0.0001312941312789917,0.002311229705810547,3.7907519340515137,-0.00042188167572021484,0.0528644360601902
660.9340209960938,0.5774044394493103,0.045339185744524,-0.06500053405761719,3.8494889736175537,0.17857415974140167,-0.40386033058166504
347.51800537109375,0.5052604675292969,-0.030335821211338043,0.029438018798828125,4.373753070831299,-0.1952683925628662,0.2740820646286011
271.2860107421875,0.20436085760593414,0.014397487044334412,-0.042540788650512695,2.334906578063965,0.12336850166320801,-0.48264482617378235
436.3139953613281,0.4755405783653259,-0.018880799412727356,0.02342987060546875,3.455594539642334,-0.10314583778381348,0.1725577414035797
212.48599243164062,0.22102853655815125,-0.020695000886917114,0.04709291458129883,2.7815730571746826,-0.19718129932880402,0.5910714268684387
680.1220092773438,0.48237037658691406,-0.029682088643312454,0.018096446990966797,4.4847636222839355,-0.2293872833251953,0.1635477989912033
324.58599853515625,0.4965938925743103,-0.030697107315063477,0.025604724884033203,4.590748310089111,-0.23556256294250488,0.2580559253692627
725.9459838867188,0.5906370878219604,-0.03995677828788757,0.02925252914428711,4.507148742675781,-0.2308046817779541,0.22221176326274872
596.6259765625,0.4924983084201813,-0.027616124600172043,0.03800010681152344,3.513350248336792,-0.13571543991565704,0.27225884795188904
951.2100219726562,0.4821997880935669,-0.012405648827552795,0.0027894973754882812,4.6237640380859375,-0.11460208892822266,0.018540484830737114
336.010009765625,0.48120754957199097,-0.0012184977531433105,-0.0028753280639648438,4.821130752563477,-0.0170285701751709,0.0026546998415142298
734.2659912109375,0.32686880230903625,0.0277936402708292,-0.07818663120269775,2.50555157661438,0.11920873820781708,-0.5550659894943237
98.62200164794922,0.29944267868995667,0.003073418512940407,-0.004189014434814453,4.674285411834717,0.04402002692222595,-0.08254072815179825
725.6300048828125,0.6897697448730469,-0.047745347023010254,0.04351353645324707,4.424498558044434,-0.20814943313598633,0.29428043961524963
333.9700012207031,0.47419339418411255,-0.00713658332824707,-0.0033321380615234375,4.75227689743042,-0.07258141040802002,-0.05403607338666916
260.385986328125,0.4822081923484802,0.012347772717475891,-0.00701904296875,4.312349319458008,0.09063076972961426,-0.06759433448314667
826.8820190429688,0.6507546901702881,2.22623348236084e-05,-0.009088993072509766,4.761588096618652,-0.002283334732055664,-0.1061241403222084
248.97799682617188,0.5375591516494751,0.03436218202114105,-0.03574579954147339,3.971349000930786,0.17529737949371338,-0.25254157185554504
677.0139770507812,0.30424487590789795,-0.02700868248939514,0.026923656463623047,3.811023712158203,-0.2856874465942383,0.33551526069641113
563.4860229492188,0.2660634517669678,0.02962285280227661,-0.07529819011688232,2.555684804916382,0.1877048909664154,-0.7305285334587097
523.3419799804688,0.5474814176559448,0.04674597084522247,-0.0676116943359375,3.6428494453430176,0.18971306085586548,-0.4764896035194397
966.6060180664062,0.255954384803772,-0.024952523410320282,0.03112936019897461,3.57971453666687,-0.29952436685562134,0.43318459391593933
78.91799926757812,0.3265646994113922,0.019659623503684998,-0.014713764190673828,4.290589809417725,0.22528588771820068,-0.1819893717765808
702.1060180664062,0.6920713186264038,0.035113200545310974,-0.030662178993225098,4.5727715492248535,0.1634913682937622,-0.15310664474964142
498.64599609375,0.24546891450881958,0.0006011128425598145,-0.0032396316528320312,2.74261736869812,0.00671076774597168,-0.028858283534646034
885.6179809570312,0.4814029335975647,0.023530378937721252,-0.01590755581855774,4.449682712554932,0.18141436576843262,-0.1332218497991562
558.8499755859375,0.5804250836372375,-0.03660312294960022,0.03533816337585449,4.19638729095459,-0.18231439590454102,0.27331215143203735
978.9500122070312,0.47186487913131714,0.033078595995903015,-0.028759002685546875,4.2467756271362305,0.22794771194458008,-0.26102393865585327
406.1700134277344,0.42382436990737915,0.011918202042579651,-0.007227897644042969,4.400577068328857,0.11098331212997437,-0.08509031683206558
437.36199951171875,0.35192301869392395,-0.009738340973854065,0.013231754302978516,3.1200225353240967,-0.05927550792694092,0.138536736369133
493.5580139160156,0.458950012922287,0.012289583683013916,-0.01047515869140625,4.795011043548584,0.11259877681732178,-0.09618468582630157
365.8819885253906,0.33843252062797546,0.039565399289131165,-0.053470611572265625,3.5255990028381348,0.32756707072257996,-0.5212668776512146
822.0380249023438,0.670780599117279,0.028021901845932007,-0.022899150848388672,4.551937103271484,0.1393265724182129,-0.13708311319351196
811.72998046875,0.43333297967910767,0.026584655046463013,-0.021240711212158203,4.186885356903076,0.20755863189697266,-0.1967921108007431
249.91000366210938,0.4464111030101776,0.023690328001976013,-0.011623591184616089,4.299251556396484,0.18726134300231934,-0.11233963072299957
912.3419799804688,0.24671149253845215,0.02557256817817688,-0.028146743774414062,3.8470141887664795,0.3545260429382324,-0.4618223309516907
413.22601318359375,0.49123647809028625,0.017129048705101013,-0.01509714126586914,4.523521423339844,0.13125884532928467,-0.1777304857969284
420.8500061035156,0.4497101902961731,0.023767530918121338,-0.016867399215698242,4.495802402496338,0.1915067434310913,-0.18340414762496948
304.2460021972656,0.47756439447402954,-0.03304457664489746,0.02968311309814453,4.583412170410156,-0.2548658847808838,0.28488773107528687
744.2020263671875,0.26000669598579407,0.023331418633461,-0.05131363868713379,2.7105133533477783,0.1828765869140625,-0.5094439387321472
915.2860107421875,0.3788773715496063,0.021925121545791626,-0.01701068878173828,4.306072235107422,0.20328748226165771,-0.16151639819145203
482.3900146484375,0.4330407977104187,0.005778048187494278,-0.014850616455078125,4.130288600921631,0.04455074667930603,-0.2044820785522461
945.906005859375,0.7299001216888428,-0.025524228811264038,0.054325103759765625,4.403995513916016,-0.09620189666748047,0.36787405610084534
117.08599853515625,0.4496650695800781,0.019004710018634796,-0.01853656768798828,4.521147727966309,0.16905629634857178,-0.20530782639980316
788.3820190429688,0.21737782657146454,-0.00959060713648796,0.05532073974609375,1.8431233167648315,-0.029455870389938354,0.4443434476852417
80.72200012207031,0.36946797370910645,0.009820446372032166,-0.012291908264160156,3.835508346557617,0.07338464260101318,-0.12492719292640686
446.6419982910156,0.4008650481700897,-0.026990268379449844,0.03786468505859375,3.835897207260132,-0.19476062059402466,0.3768230080604553
965.9500122070312,0.335225909948349,-0.03342586010694504,0.05236959457397461,3.2546920776367188,-0.24252921342849731,0.5055646300315857
925.4459838867188,0.35806170105934143,-0.037800516933202744,0.05492687225341797,3.6050662994384766,-0.2830885648727417,0.4981040060520172
636.3499755859375,0.2720499336719513,-0.008706122636795044,0.016922950744628906,2.627336025238037,-0.06321334838867188,0.15663942694664001
245.68600463867188,0.22154203057289124,0.01109183207154274,-0.0485837459564209,2.070089340209961,0.05444890260696411,-0.4624643325805664
88.4540023803711,0.43067893385887146,0.030568942427635193,-0.03840208053588867,4.0314412117004395,0.22229623794555664,-0.35563090443611145
651.0180053710938,0.5836952924728394,0.040426865220069885,-0.03656768798828125,4.228682518005371,0.20730209350585938,-0.26856914162635803
193.19000244140625,0.5118738412857056,-0.012903526425361633,0.011495113372802734,4.393274784088135,-0.08513402938842773,0.09138953685760498
77.28199768066406,0.3821556866168976,0.03442128002643585,-0.03673851490020752,3.999776601791382,0.280744343996048,-0.4231882095336914
510.1499938964844,0.31175535917282104,0.022342272102832794,-0.021067142486572266,3.913747549057007,0.23812556266784668,-0.2130846381187439
646.4660034179688,0.46751564741134644,-0.008671373128890991,0.007900714874267578,4.696698188781738,-0.07091331481933594,0.07279779016971588
691.1420288085938,0.2340550571680069,0.014526478946208954,-0.047344088554382324,2.368164539337158,0.0929793119430542,-0.47900480031967163
688.25,0.16271817684173584,0.007443927228450775,-0.04523205757141113,1.5763325691223145,0.040118634700775146,-0.41249337792396545
233.6540069580078,0.5083245038986206,0.019788622856140137,-0.007057666778564453,4.715822219848633,0.15948927402496338,-0.04924970865249634
985.030029296875,0.7037738561630249,0.00848802924156189,-0.0026788711547851562,4.764518737792969,0.04702019691467285,-0.03401172533631325
281.89801025390625,0.4481208324432373,-0.03473524749279022,0.04177325963973999,3.8753182888031006,-0.21491432189941406,0.3640085458755493
829.8099975585938,0.3616572618484497,0.02037886530160904,-0.013910770416259766,4.54586124420166,0.22107994556427002,-0.17048797011375427
820.1939697265625,0.418882817029953,0.0371304452419281,-0.031032562255859375,4.230227470397949,0.3030661940574646,-0.26489147543907166
657.4019775390625,0.4445602297782898,0.019988734275102615,-0.014393091201782227,4.4640374183654785,0.16517439484596252,-0.1404300332069397
248.71800231933594,0.37311768531799316,0.028015539050102234,-0.028347551822662354,3.9040064811706543,0.23384582996368408,-0.2618730962276459
847.2020263671875,0.43096256256103516,-0.04013097286224365,0.046540260314941406,3.761291265487671,-0.24947810173034668,0.43687257170677185
606.114013671875,0.458400696516037,-0.0308791846036911,0.021539688110351562,4.594637870788574,-0.2552492618560791,0.2599487006664276
706.781982421875,0.639202356338501,0.002696394920349121,-0.00365447998046875,4.69729471206665,0.01131129264831543,0.013698904775083065
368.72601318359375,0.4057379364967346,0.040187135338783264,-0.050750732421875,3.785022020339966,0.2621786594390869,-0.4695204794406891
375.85400390625,0.30897051095962524,-0.030517995357513428,0.04468536376953125,3.2219626903533936,-0.24361658096313477,0.4810909628868103
660.4140014648438,0.3762072026729584,0.03688807040452957,-0.04996001720428467,3.511850595474243,0.2552279829978943,-0.4649069607257843
586.9500122070312,0.3954218924045563,0.03631248325109482,-0.041876792907714844,4.133522987365723,0.30862659215927124,-0.4748239815235138
527.4219970703125,0.29146239161491394,0.030375897884368896,-0.06947207450866699,2.8636703491210938,0.20684468746185303,-0.6408229470252991
846.7459716796875,0.4782472252845764,-0.041719406843185425,0.06671333312988281,3.538691997528076,-0.19387781620025635,0.5137323141098022
719.6740112304688,0.3334513008594513,-0.015570715069770813,0.011821389198303223,4.648313045501709,-0.1863255500793457,0.169108048081398
851.2620239257812,0.48875200748443604,-0.037590980529785156,0.03446483612060547,4.243693828582764,-0.2537500858306885,0.3262190818786621
385.2019958496094,0.488148033618927,8.472055196762085e-05,0.0014495849609375,4.690186023712158,0.007946312427520752,0.037925541400909424
750.8779907226562,0.584707498550415,0.029421605169773102,-0.020056724548339844,4.44616174697876,0.1744159460067749,-0.16431161761283875
310.20599365234375,0.44821953773498535,-0.019126564264297485,0.010849952697753906,4.66988468170166,-0.17957305908203125,0.13718311488628387
896.822021484375,0.4500202536582947,0.04346255958080292,-0.09331846237182617,3.0465564727783203,0.15463018417358398,-0.5504007339477539
519.9099731445312,0.575172483921051,0.012337453663349152,-0.006985187530517578,4.503157615661621,0.07285475730895996,-0.07638588547706604
128.01800537109375,0.3917134404182434,0.030216291546821594,-0.04241657257080078,4.218023777008057,0.2629188299179077,-0.4803912341594696
878.02197265625,0.19433686137199402,-0.009747005999088287,0.05585122108459473,1.7677247524261475,-0.04709804058074951,0.48882386088371277
327.80999755859375,0.5103256702423096,-0.023606739938259125,0.015152931213378906,4.558566093444824,-0.17375588417053223,0.1153031513094902
856.030029296875,0.6965917348861694,-0.027896374464035034,0.018444538116455078,4.608760833740234,-0.14234375953674316,0.09425267577171326
262.8500061035156,0.4505147337913513,0.0033794939517974854,-0.0016502141952514648,4.52095890045166,0.03301596641540527,-0.007140661124140024
903.14599609375,0.4123315215110779,0.039265990257263184,-0.05129241943359375,3.7352113723754883,0.25684821605682373,-0.42357519268989563
398.2460021972656,0.4785362780094147,0.012523025274276733,-0.0039196014404296875,4.584789276123047,0.10314777493476868,0.006140634883195162
171.08599853515625,0.4893481731414795,-0.008010238409042358,0.00045108795166015625,4.712610721588135,-0.0688469409942627,-0.02577119879424572
864.3140258789062,0.32839423418045044,-0.015799343585968018,0.009038925170898438,4.563650608062744,-0.2005176544189453,0.11418978124856949
598.822021484375,0.4081207811832428,-0.031027719378471375,0.11283349990844727,2.4834418296813965,-0.04469507932662964,0.6611002087593079
242.2100067138672,0.3168332576751709,0.0025296658277511597,-0.001157522201538086,3.0179495811462402,0.024874210357666016,0.021877765655517578
429.906005859375,0.3989327847957611,-0.023717984557151794,0.02464914321899414,3.8519065380096436,-0.18888747692108154,0.24790164828300476
90.94999694824219,0.41323578357696533,0.015177950263023376,-0.012256622314453125,4.308085918426514,0.1326507329940796,-0.13831430673599243
887.9539794921875,0.44845420122146606,0.015763968229293823,-0.013366937637329102,4.4891204833984375,0.12886810302734375,-0.11121834814548492
117.23400115966797,0.6690076589584351,0.027937933802604675,-0.036347389221191406,4.5059099197387695,0.12777411937713623,-0.25196006894111633
384.197998046875,0.383183091878891,0.004795752465724945,-0.004696846008300781,4.566535949707031,0.04816019535064697,-0.029230134561657906
205.54600524902344,0.20756760239601135,-0.01560799777507782,0.0628654956817627,1.9667134284973145,-0.08388829231262207,0.6196194291114807
837.8779907226562,0.6077527403831482,0.01982790231704712,-0.012744903564453125,4.763459205627441,0.11732864379882812,-0.1401500701904297
968.4739990234375,0.40581029653549194,-0.022107109427452087,0.01879262924194336,4.413649559020996,-0.20145845413208008,0.18483206629753113
414.6059875488281,0.5628036856651306,0.04470662772655487,-0.07176399230957031,3.9640021324157715,0.20223283767700195,-0.5653703808784485
170.08599853515625,0.6128231287002563,-0.021949738264083862,0.015004158020019531,4.618434906005859,-0.13436388969421387,0.14587223529815674
796.9739990234375,0.4410064220428467,-0.026422113180160522,0.012701034545898438,4.599905967712402,-0.2327718734741211,0.12845200300216675
676.2459716796875,0.40209874510765076,-0.029914490878582,0.03550553321838379,3.866478443145752,-0.2239382565021515,0.39067816734313965
748.6859741210938,0.5096409916877747,0.04446536302566528,-0.06616449356079102,3.7911949157714844,0.21152019500732422,-0.45213842391967773
375.08599853515625,0.4478774666786194,-0.038760408759117126,0.06339359283447266,3.48370361328125,-0.20329630374908447,0.5013321042060852
427.0820007324219,0.3891775608062744,-0.03865000605583191,0.06734085083007812,3.2592458724975586,-0.22726893424987793,0.608344316482544
970.8099975585938,0.6307637691497803,-0.0074225664138793945,0.008354902267456055,4.6719536781311035,-0.03967595100402832,0.08880964666604996
846.0540161132812,0.3658759295940399,-0.031791090965270996,0.057740211486816406,3.385794162750244,-0.20443224906921387,0.5138148665428162
909.4660034179688,0.40183165669441223,0.015826627612113953,-0.006901741027832031,4.562803268432617,0.16296172142028809,-0.07726059854030609
357.2980041503906,0.36132097244262695,-0.0025450438261032104,0.010886192321777344,3.354426145553589,-0.0102081298828125,0.0625038668513298
292.3219909667969,0.5005922913551331,-0.0102863609790802,0.00635075569152832,4.4672369956970215,-0.08094370365142822,0.027332549914717674
771.1099853515625,0.4820058047771454,0.013618148863315582,-0.022451400756835938,4.606017589569092,0.10511553287506104,-0.23289039731025696
945.510009765625,0.3194471001625061,-0.000807248055934906,0.008063316345214844,4.708312511444092,-0.015306949615478516,0.12953071296215057
459.114013671875,0.3318295180797577,-0.015338050201535225,0.007409095764160156,4.373165130615234,-0.17437541484832764,0.11219660937786102
459.36199951171875,0.6434712409973145,-0.02284514158964157,0.009329795837402344,4.476096153259277,-0.12536212801933289,0.04066891968250275
701.7059936523438,0.4562714993953705,0.027825377881526947,-0.02100980281829834,4.40619421005249,0.20839345455169678,-0.2181556224822998
312.4939880371094,0.6193714737892151,-0.03686240315437317,0.02906036376953125,4.582151889801025,-0.20280730724334717,0.23031067848205566
540.614013671875,0.19036884605884552,0.012478127144277096,-0.05234241485595703,1.9182795286178589,0.0737781673669815,-0.5031749606132507
351.1059875488281,0.44885075092315674,-0.011853531002998352,0.012259483337402344,4.6526103019714355,-0.1011430025100708,0.10957437008619308
600.5139770507812,0.34484755992889404,-0.03319604694843292,0.046620845794677734,3.494811534881592,-0.25785398483276367,0.45743289589881897
658.14599609375,0.3910692632198334,0.03231958672404289,-0.04687666893005371,3.9971671104431152,0.27124762535095215,-0.5133563876152039
545.0180053710938,0.16884055733680725,-0.009004391729831696,0.04865407943725586,1.7535245418548584,-0.048251986503601074,0.4810321033000946
235.02200317382812,0.48891016840934753,0.006930232048034668,-0.0029189586639404297,4.711137771606445,0.06349265575408936,-0.0036482326686382294
660.3060302734375,0.35845229029655457,0.036204397678375244,-0.04903304576873779,3.465007781982422,0.2686280608177185,-0.4420592188835144
498.5580139160156,0.2906968593597412,0.000597439706325531,-0.0017271041870117188,2.8434643745422363,-0.004895806312561035,-0.018462305888533592
543.5380249023438,0.170756995677948,-0.006310233846306801,0.03507041931152344,1.647141456604004,-0.03897874429821968,0.30734431743621826
614.3779907226562,0.1803942173719406,-0.023685988038778305,0.046211957931518555,2.8268074989318848,-0.3091883659362793,0.7193212509155273
962.1179809570312,0.26577210426330566,-0.022779345512390137,0.013906478881835938,4.438685417175293,-0.3464832901954651,0.225169837474823
297.2900085449219,0.5163675546646118,-0.012129798531532288,0.0078122615814208984,4.6035685539245605,-0.08565735816955566,0.04806148633360863
524.7139892578125,0.3480149507522583,0.03692217171192169,-0.05956435203552246,3.5491433143615723,0.29587090015411377,-0.6148115992546082
334.79400634765625,0.5368478894233704,0.006360605359077454,-0.0058803558349609375,4.808557987213135,0.05015420913696289,-0.05746852234005928
430.9460144042969,0.37007012963294983,-0.01365998387336731,0.012403011322021484,3.5177292823791504,-0.10180842876434326,0.12277993559837341
348.7300109863281,0.4378204643726349,-0.03273382410407066,0.023293495178222656,4.375422477722168,-0.25883573293685913,0.193979412317276
790.5419921875,0.24978670477867126,-0.012318551540374756,0.06970787048339844,1.8967088460922241,-0.03153824806213379,0.5608641505241394
281.7820129394531,0.45680153369903564,-0.03526456654071808,0.044962286949157715,3.8465189933776855,-0.21700763702392578,0.37156954407691956
467.8819885253906,0.5100012421607971,-0.026214390993118286,0.022119522094726562,4.395170211791992,-0.18076634407043457,0.1679147630929947
684.3499755859375,0.4960538148880005,0.04331424832344055,-0.07266092300415039,3.5871169567108154,0.20820999145507812,-0.5393136143684387
533.1220092773438,0.3228858709335327,0.028544027358293533,-0.056590914726257324,3.1460702419281006,0.19519153237342834,-0.4913999140262604
565.6820068359375,0.3062388002872467,0.03240664675831795,-0.04950179159641266,3.366422653198242,0.2811804413795471,-0.5306763648986816
622.4340209960938,0.5800114870071411,-0.041119687259197235,0.041512489318847656,4.262968063354492,-0.22243565320968628,0.3009985685348511
412.3500061035156,0.370490700006485,0.0017800107598304749,-0.0016789436340332031,4.647482395172119,0.02436530590057373,-0.032856766134500504
362.989990234375,0.34712299704551697,0.02756503038108349,-0.0713205337524414,2.493967294692993,0.10229012370109558,-0.4760337471961975
976.0339965820312,0.408677339553833,0.03168482333421707,-0.08758878707885742,2.704660654067993,0.09368026256561279,-0.5182575583457947
718.56201171875,0.5774941444396973,-0.03789062798023224,0.02474471926689148,4.500561714172363,-0.22989153861999512,0.1614074856042862
887.6099853515625,0.5774331092834473,0.02108520269393921,-0.010266780853271484,4.50000524520874,0.13495612144470215,-0.06890618801116943
823.677978515625,0.22681546211242676,0.0020010769367218018,-0.0015730857849121094,4.725913047790527,0.039225101470947266,-0.08353786915540695
710.2659912109375,0.6079671382904053,-0.037445344030857086,0.028802156448364258,4.608209133148193,-0.21296697854995728,0.22157913446426392
643.4420166015625,0.3953075408935547,-0.03921867907047272,0.040688514709472656,3.9662609100341797,-0.3062775135040283,0.3895226716995239
341.3699951171875,0.5524932146072388,-0.043347060680389404,0.05566596984863281,4.157378673553467,-0.24153316020965576,0.4150652587413788
354.5780029296875,0.5283033847808838,-0.003103315830230713,0.006438255310058594,4.693984508514404,-0.011195182800292969,0.09684590995311737
799.7420043945312,0.5924262404441833,-0.043616607785224915,0.04439973831176758,4.360226154327393,-0.23436933755874634,0.3671915829181671
645.5139770507812,0.44345423579216003,-0.015560299158096313,0.010912895202636719,4.4494829177856445,-0.1323535442352295,0.11821853369474411
302.2539978027344,0.6063110828399658,-0.022539719939231873,0.019609451293945312,4.744707107543945,-0.12682074308395386,0.1414484828710556
999.5139770507812,0.46853554248809814,0.006502225995063782,-0.0061550140380859375,4.02754545211792,0.04953014850616455,-0.05761837214231491
520.4739990234375,0.4633331596851349,0.003994986414909363,-0.005151271820068359,4.640207767486572,0.030843079090118408,-0.025519678369164467
142.2899932861328,0.45154112577438354,0.022076502442359924,-0.012166976928710938,4.521754264831543,0.1710977554321289,-0.11632701754570007
492.0820007324219,0.6081468462944031,0.025732696056365967,-0.015794754028320312,4.589437484741211,0.1557973027229309,-0.09918814897537231
421.51800537109375,0.49747419357299805,0.019178777933120728,-0.011457443237304688,4.633580684661865,0.1368640661239624,-0.09461958706378937
727.2979736328125,0.4421044886112213,-0.014531821012496948,0.009235858917236328,4.61296272277832,-0.13506627082824707,0.10348445177078247
256.2179870605469,0.3231740891933441,0.006371583789587021,-0.011935010552406311,3.3473808765411377,0.05586555600166321,-0.13084591925144196
780.1900024414062,0.43644803762435913,0.040920551866292953,-0.03966999053955078,3.7985451221466064,0.27578824758529663,-0.3328019678592682
987.7420043945312,0.6478264331817627,0.0019869208335876465,3.147125244140625e-05,4.760895729064941,0.009732961654663086,-0.010057858191430569
506.9939880371094,0.5128667950630188,0.013866961002349854,-0.04413032531738281,3.5519611835479736,0.048748135566711426,-0.2919522523880005
535.8820190429688,0.5022808313369751,0.052632689476013184,-0.07177734375,3.611321210861206,0.23893916606903076,-0.5086635947227478
588.8499755859375,0.44897955656051636,0.048490509390830994,-0.05982398986816406,3.868453025817871,0.30878663063049316,-0.5355722904205322
149.18600463867188,0.2970714569091797,-0.021121054887771606,0.06172943115234375,2.7027695178985596,-0.11512786149978638,0.5486025214195251
815.6259765625,0.681563675403595,0.013314858078956604,-0.0013856887817382812,4.717504978179932,0.0861351490020752,0.00495820352807641
653.0819702148438,0.6296526193618774,0.023805420845746994,-0.02255725860595703,4.621340751647949,0.11720708012580872,-0.16957315802574158
525.6220092773438,0.2947291433811188,0.03843866288661957,-0.07482790946960449,2.819509983062744,0.26303017139434814,-0.7228411436080933
766.8099975585938,0.6029136180877686,3.039836883544922e-05,0.0007810592651367188,4.738670825958252,0.007698774337768555,-0.016692547127604485
525.3140258789062,0.2272081971168518,0.03435556963086128,-0.0543370246887207,2.9647328853607178,0.36742937564849854,-0.6760553121566772
591.5139770507812,0.24632395803928375,0.019826099276542664,-0.042281150817871094,2.382859945297241,0.13921833038330078,-0.44146573543548584
140.0500030517578,0.45490679144859314,0.038753435015678406,-0.05891609191894531,3.5787060260772705,0.21039900183677673,-0.4587608277797699
445.72198486328125,0.26773539185523987,-0.016953837126493454,0.01210784912109375,4.18832540512085,-0.24300584197044373,0.21328109502792358
841.7420043945312,0.5188805460929871,0.027090750634670258,-0.010903358459472656,4.620578289031982,0.20112855732440948,-0.07598654180765152
495.34600830078125,0.5199744701385498,0.004976481199264526,-0.00475311279296875,4.639492034912109,0.034737586975097656,-0.0007407611701637506
833.9660034179688,0.6702045202255249,0.04496407508850098,-0.05788612365722656,4.422017574310303,0.19072329998016357,-0.4089634120464325
81.11399841308594,0.36150455474853516,0.014397412538528442,-0.029418230056762695,3.446239471435547,0.09733760356903076,-0.32466670870780945
902.1259765625,0.32621461153030396,0.03241768479347229,-0.06403446197509766,3.066723108291626,0.205674409866333,-0.5887552499771118
853.5339965820312,0.41554325819015503,-0.0396159291267395,0.0363006591796875,4.210384845733643,-0.3218400180339813,0.3676636815071106
642.2139892578125,0.36722856760025024,-0.03741459548473358,0.049620628356933594,3.8611390590667725,-0.3002987504005432,0.5448745489120483
93.15399932861328,0.5827341675758362,0.014896377921104431,-0.0075206756591796875,4.422318935394287,0.09302079677581787,-0.09123039990663528
688.9140014648438,0.22209113836288452,0.008772917091846466,-0.06193959712982178,1.6650159358978271,0.020329833030700684,-0.4284394681453705
323.8139953613281,0.4417532980442047,-0.02729220688343048,0.02577352523803711,4.586188316345215,-0.2305978536605835,0.2738577723503113
548.7860107421875,0.1463032215833664,-0.010042436420917511,0.0570986270904541,1.7487969398498535,-0.07171636819839478,0.7027269601821899
518.1259765625,0.42448604106903076,0.018408507108688354,-0.019155502319335938,4.436490058898926,0.15642166137695312,-0.1690264642238617
975.0659790039062,0.37501877546310425,0.03707683086395264,-0.06900501251220703,3.0096046924591064,0.203102707862854,-0.5691580176353455
597.197998046875,0.3999730944633484,-0.031163297593593597,0.05849742889404297,3.3741729259490967,-0.18587100505828857,0.5210022330284119
424.54998779296875,0.5997031331062317,0.0028949230909347534,-0.00400543212890625,4.656580924987793,0.02113974094390869,-0.06415829807519913
493.0820007324219,0.5952228307723999,0.013866513967514038,-0.012500762939453125,4.663684844970703,0.08694577217102051,-0.09360438585281372
634.2739868164062,0.22683502733707428,-0.0019569024443626404,0.004635334014892578,2.2811708450317383,-0.02313518524169922,0.04099670797586441
548.27001953125,0.26661017537117004,-0.012674301862716675,0.09071207046508789,1.7990872859954834,-0.011779189109802246,0.5833491683006287
467.5740051269531,0.45569539070129395,-0.02742038667201996,0.017752647399902344,4.396359920501709,-0.21279799938201904,0.17604099214076996
688.4539794921875,0.1703127920627594,0.00751148909330368,-0.04705047607421875,1.5690984725952148,0.030324459075927734,-0.42650550603866577
841.5339965820312,0.46439769864082336,0.026814410462975502,-0.017066001892089844,4.636589050292969,0.23220184445381165,-0.12795434892177582
743.3499755859375,0.1961294561624527,0.016986507922410965,-0.05312514305114746,2.351182222366333,0.14074479043483734,-0.5842726230621338
56.58599853515625,-3.768570240936242e-05,6.5006417571567e-05,6.305519491434097e-06,-0.0019161137752234936,8.854022780724335e-06,0.0014301539631560445
982.6740112304688,0.590955376625061,0.015728481113910675,-0.008761405944824219,4.620727062225342,0.105224609375,-0.11021729558706284
83.22200012207031,0.4535696804523468,0.030547242611646652,-0.05164527893066406,3.3973701000213623,0.1435544788837433,-0.35965126752853394
540.8499755859375,0.16748279333114624,0.009684395045042038,-0.033873558044433594,1.9046778678894043,0.07675574719905853,-0.45934590697288513
781.0859985351562,0.43279823660850525,0.03140120580792427,-0.02295207977294922,4.344061851501465,0.25949615240097046,-0.19389700889587402
567.1060180664062,0.6457841396331787,0.038946449756622314,-0.04472559690475464,4.181290626525879,0.16424095630645752,-0.24679918587207794
519.4660034179688,0.4678184688091278,0.014307215809822083,-0.011723041534423828,4.499117851257324,0.11054843664169312,-0.12123386561870575
826.7459716796875,0.5213184952735901,-0.0008439719676971436,-0.0015802383422851562,4.812350749969482,-0.014934539794921875,-0.014445713721215725
741.6339721679688,0.3058091998100281,0.02557291090488434,-0.048072099685668945,3.040041923522949,0.18707919120788574,-0.5000991225242615
407.989990234375,0.6284778714179993,0.015431851148605347,-0.003937244415283203,4.603917121887207,0.10009253025054932,-0.07843280583620071
396.3219909667969,0.5888617038726807,0.03213876485824585,-0.025218963623046875,4.501506328582764,0.18945062160491943,-0.17591986060142517
285.7860107421875,0.3060672879219055,-0.029876038432121277,0.029032588005065918,4.231804370880127,-0.3524596691131592,0.4392232894897461
193.73399353027344,0.40209367871284485,-0.010875418782234192,0.00302886962890625,4.567559242248535,-0.1164095401763916,0.03071621060371399
443.91400146484375,0.44459521770477295,-0.032541438937187195,0.034186363220214844,4.08837890625,-0.23317945003509521,0.34973567724227905
158.5019989013672,0.5025032162666321,-0.052450697869062424,0.05619525909423828,4.1604108810424805,-0.33390629291534424,0.4690695106983185
92.66999816894531,0.4596058130264282,0.016267642378807068,-0.012678146362304688,4.421959400177002,0.13421201705932617,-0.11745142936706543
547.9180297851562,0.24970439076423645,-0.013168558478355408,0.0751485824584961,1.853877305984497,-0.03297626972198486,0.5592250227928162
390.8380126953125,0.3512093424797058,0.028335750102996826,-0.04171466827392578,3.534276008605957,0.213576078414917,-0.4431641101837158
666.8779907226562,0.6283167600631714,0.004363894462585449,0.004854083061218262,4.761074542999268,0.041747331619262695,0.008638488128781319
286.4460144042969,0.3695409297943115,-0.03831972926855087,0.038089871406555176,4.216707706451416,-0.369238018989563,0.380199134349823
464.79400634765625,0.28364720940589905,-0.02315877005457878,0.05861473083496094,2.7866599559783936,-0.14731299877166748,0.5820814967155457
349.24200439453125,0.4561667740345001,-0.02507573366165161,0.02145099639892578,4.390315055847168,-0.18697726726531982,0.1879708468914032
479.4460144042969,0.41587528586387634,0.01882512867450714,-0.018639564514160156,4.160130977630615,0.14970433712005615,-0.1680646389722824
482.8500061035156,0.33844155073165894,0.019372090697288513,-0.03834342956542969,3.314542531967163,0.14309562742710114,-0.38561922311782837
82.48200225830078,0.3811320662498474,0.026409611105918884,-0.05066943168640137,3.049466609954834,0.14523297548294067,-0.40370285511016846
747.5020141601562,0.3645831048488617,0.03851781040430069,-0.052939414978027344,3.6311726570129395,0.29234611988067627,-0.5404407978057861
294.63800048828125,0.4498055577278137,0.0041011422872543335,-0.007889747619628906,4.504893779754639,0.031766295433044434,-0.07303844392299652
129.25399780273438,0.37596866488456726,0.04014071077108383,-0.04744911193847656,3.637916088104248,0.2956744432449341,-0.4565409719944
997.4340209960938,0.47033438086509705,0.020252596586942673,-0.013575553894042969,4.56080436706543,0.15623095631599426,-0.14071471989154816
273.1059875488281,0.21242061257362366,0.0003718361258506775,0.006309032440185547,2.0851991176605225,0.016435205936431885,0.0748467743396759
109.85800170898438,0.40640485286712646,0.037726785987615585,-0.08384513854980469,3.0793440341949463,0.16497689485549927,-0.6050790548324585
219.5540008544922,0.37233251333236694,0.022654324769973755,-0.032387733459472656,3.336839199066162,0.15088391304016113,-0.3300187587738037
378.8059997558594,0.3651719391345978,-0.035878732800483704,0.036856651306152344,3.9495739936828613,-0.3305310010910034,0.4035128653049469
258.4939880371094,0.38435864448547363,0.017623737454414368,-0.022266477346420288,3.740159034729004,0.1272345781326294,-0.231924906373024
908.8060302734375,0.5847706198692322,0.028212428092956543,-0.023171424865722656,4.476474761962891,0.15958774089813232,-0.22750124335289001
724.5059814453125,0.5425746440887451,-0.05135021358728409,0.04876899719238281,4.244324684143066,-0.29314810037612915,0.3697170913219452
163.01400756835938,0.44446665048599243,-0.03953823819756508,0.03954029083251953,4.257373809814453,-0.29682692885398865,0.35878872871398926
1001.197998046875,0.38093096017837524,0.0005412399768829346,-0.0018072128295898438,3.1588797569274902,0.006343185901641846,-0.01277774665504694
123.4540023803711,0.47379106283187866,0.0023327022790908813,-0.0001583099365234375,4.7335524559021,0.025481224060058594,-0.01953788846731186
428.593994140625,0.38252386450767517,-0.03330814093351364,0.03836250305175781,3.8258185386657715,-0.27018266916275024,0.3585141897201538
138.73399353027344,0.2271709144115448,0.024061046540737152,-0.05084037780761719,2.719186782836914,0.22646081447601318,-0.5523632168769836
747.8099975585938,0.4860977530479431,0.05065508186817169,-0.0779561996459961,3.5807290077209473,0.24032247066497803,-0.5612310767173767
594.7100219726562,0.1832127422094345,-0.008280493319034576,0.025437355041503906,2.4377737045288086,-0.08673751354217529,0.3321855068206787
756.4099731445312,0.41938281059265137,0.011980608105659485,-0.00831460952758789,4.768738746643066,0.10933065414428711,-0.11763908714056015
285.3819885253906,0.39187175035476685,-0.036436185240745544,0.029864966869354248,4.276102542877197,-0.33245849609375,0.32594648003578186
143.1060028076172,0.6962609887123108,-0.00015851855278015137,0.0075702667236328125,4.593642711639404,-0.0055654048919677734,0.07777055352926254
623.3900146484375,0.4491952061653137,-0.025890715420246124,0.0172654390335083,4.519789695739746,-0.2226700782775879,0.15121027827262878
809.8779907226562,0.5518271923065186,0.004713505506515503,-0.005269765853881836,4.307393550872803,0.023641228675842285,-0.04256490245461464
565.2219848632812,0.3841172158718109,0.039438653737306595,-0.08293560147285461,3.074140787124634,0.182435542345047,-0.6252846717834473
131.59800720214844,0.4550965130329132,0.029336988925933838,-0.01922607421875,4.394629001617432,0.23878788948059082,-0.14632602035999298
925.8099975585938,0.4922206699848175,-0.047228239476680756,0.06222820281982422,3.764533758163452,-0.2402559220790863,0.44089508056640625
229.58999633789062,0.41179174184799194,0.03509606420993805,-0.0433354377746582,4.095789432525635,0.27286767959594727,-0.4698770344257355
815.989990234375,0.8226847648620605,0.005345582962036133,-0.015319347381591797,4.569337368011475,0.028870224952697754,-0.2079620659351349
386.7820129394531,0.4158472716808319,0.0017080381512641907,-0.0012989044189453125,4.516725063323975,0.012627959251403809,-0.013956451788544655
956.510009765625,0.39910227060317993,-0.03415316343307495,0.0349583625793457,4.054011344909668,-0.2667592167854309,0.38060829043388367
213.07400512695312,0.30689045786857605,-0.026864469051361084,0.05101490020751953,3.094775676727295,-0.20190364122390747,0.492952823638916
462.3500061035156,0.37913697957992554,-0.0142010897397995,0.027082443237304688,4.016645908355713,-0.1191335916519165,0.3393588364124298
358.41400146484375,0.264371395111084,0.00036985427141189575,-0.0031423568725585938,2.311274528503418,-0.005421638488769531,-0.015311801806092262
957.197998046875,0.6053974628448486,-0.04136551916599274,0.03335857391357422,4.366299629211426,-0.2105274200439453,0.23682424426078796
858.75,0.6771882176399231,-0.008039623498916626,0.0032525062561035156,4.709925651550293,-0.04524731636047363,0.02116294391453266
244.61000061035156,0.18806028366088867,0.007352292537689209,-0.03786611557006836,1.7982782125473022,0.04408782720565796,-0.36999115347862244
87.62999725341797,0.35223889350891113,0.030014358460903168,-0.040921688079833984,3.543510913848877,0.2174208164215088,-0.40848588943481445
886.3460083007812,0.5163745880126953,0.021436601877212524,-0.01872539520263672,4.467459678649902,0.14870238304138184,-0.1698921173810959
573.1820068359375,0.3409527540206909,0.03363344073295593,-0.031867265701293945,4.276293754577637,0.3549004793167114,-0.40897074341773987
464.0780029296875,0.2318316102027893,-0.02062692865729332,0.05809497833251953,2.5442073345184326,-0.14993208646774292,0.5995615720748901
602.0819702148438,0.42475953698158264,-0.038592379540205,0.03433704376220703,4.09736442565918,-0.28624725341796875,0.312087744474411
84.36599731445312,0.4500754475593567,0.027197837829589844,-0.03279614448547363,3.894745111465454,0.17697465419769287,-0.23599185049533844
547.5579833984375,0.14407962560653687,-0.01019556075334549,0.043851375579833984,1.8804943561553955,-0.09733802080154419,0.5590356588363647
794.77001953125,0.4729183316230774,-0.040487103164196014,0.058498382568359375,3.6249375343322754,-0.2003098726272583,0.4174819588661194
219.44200134277344,0.3278749883174896,0.02046884596347809,-0.03196144104003906,3.299769163131714,0.1508270502090454,-0.31334012746810913
832.2940063476562,0.29541876912117004,0.029216289520263672,-0.028285980224609375,4.097746849060059,0.35543549060821533,-0.38395535945892334
69.4260025024414,0.45594295859336853,0.012642115354537964,-0.018281877040863037,3.4779558181762695,0.07012367248535156,-0.13642552495002747
241.29400634765625,0.3717224895954132,0.00019165873527526855,-0.0014314651489257812,3.5490846633911133,0.008440256118774414,0.0033602952025830746
105.68599700927734,0.2891364097595215,0.02923901379108429,-0.053786277770996094,3.0495619773864746,0.21834754943847656,-0.532386064529419
984.3980102539062,0.47471562027931213,0.005635090172290802,-0.005931377410888672,4.762049674987793,0.044489383697509766,-0.10158516466617584
57.65800094604492,-5.2857736591249704e-05,6.337303784675896e-05,-6.539281457662582e-06,-0.0021527360659092665,0.0008378743077628314,0.0014558659167960286
831.4099731445312,0.24713261425495148,0.028895549476146698,-0.02813434600830078,3.8296315670013428,0.39297884702682495,-0.41098669171333313
492.84600830078125,0.3327696621417999,0.01060429960489273,-0.0017938613891601562,4.633249759674072,0.14123296737670898,-0.050672195851802826
843.469970703125,0.5874993801116943,0.013326585292816162,-0.006955146789550781,4.739760398864746,0.09854921698570251,-0.03008130006492138
478.8340148925781,0.613796055316925,0.032504379749298096,-0.0379180908203125,4.054192066192627,0.1405571699142456,-0.246008962392807
198.14999389648438,0.21755550801753998,-0.015368472784757614,0.053260207176208496,2.1556990146636963,-0.09490960836410522,0.5160076022148132
696.2020263671875,0.4684971868991852,0.006853222846984863,-0.002897918224334717,4.700427055358887,0.06358933448791504,-0.06588101387023926
951.1060180664062,0.4464258551597595,-0.013307332992553711,0.0022153854370117188,4.650846481323242,-0.12384843826293945,0.0013334170216694474
380.70599365234375,0.395550936460495,-0.03280714154243469,0.02777099609375,4.134685039520264,-0.2760876417160034,0.2760639488697052
597.9180297851562,0.28828030824661255,-0.03345790505409241,0.08172130584716797,2.534607410430908,-0.19319725036621094,0.7223053574562073
491.95001220703125,0.4225181043148041,0.01977899670600891,-0.013097763061523438,4.602410793304443,0.1731017827987671,-0.1181885227560997
514.27001953125,0.5476652383804321,0.0061570703983306885,0.000469207763671875,4.54956579208374,0.04360222816467285,0.03143908455967903
746.2659912109375,0.49485859274864197,0.03750108554959297,-0.03286457061767578,4.019076824188232,0.22582080960273743,-0.21618816256523132
710.666015625,0.4527682960033417,-0.03042592480778694,0.028516769409179688,4.533879280090332,-0.24131810665130615,0.24953030049800873
219.906005859375,0.37332475185394287,0.02052953839302063,-0.03261423110961914,3.4668314456939697,0.14753496646881104,-0.3364614248275757
558.5900268554688,0.3409395217895508,-0.026781544089317322,0.024829864501953125,4.094240188598633,-0.26385927200317383,0.2717614471912384
677.469970703125,0.4064910113811493,-0.03615269064903259,0.04035687446594238,3.9082298278808594,-0.27180373668670654,0.3540573716163635
521.8140258789062,0.6172784566879272,0.003036282956600189,0.0009894371032714844,4.6645121574401855,0.025128662586212158,-0.0050496794283390045
474.1860046386719,0.3169410824775696,0.0317876935005188,-0.05457305908203125,3.1917271614074707,0.2433183193206787,-0.5453922152519226
454.1099853515625,0.3344247341156006,-0.017620855942368507,0.034432411193847656,3.566108465194702,-0.15089374780654907,0.36827728152275085
303.2860107421875,0.6005468368530273,-0.025693044066429138,0.029543161392211914,4.681177139282227,-0.159676194190979,0.20379337668418884
261.8179931640625,0.4540919065475464,0.00583881139755249,-0.0018239617347717285,4.565859317779541,0.04951357841491699,-0.031933534890413284
700.8259887695312,0.7293654084205627,0.055867865681648254,-0.06356167793273926,4.092092990875244,0.16651131212711334,-0.3172440528869629
639.43798828125,0.4445442855358124,-0.028135083615779877,0.04919075965881348,3.375267744064331,-0.13787180185317993,0.36896878480911255
698.177978515625,0.46599191427230835,0.0031264126300811768,-0.013849020004272461,4.643896579742432,0.023090124130249023,-0.17083801329135895
98.88999938964844,0.8046228289604187,0.0090566948056221,-0.009036540985107422,4.689734935760498,0.024590402841567993,-0.05414928123354912
500.07000732421875,0.2133006900548935,0.004957124590873718,-0.02202606201171875,2.143249034881592,0.02955758571624756,-0.22961923480033875
281.2099914550781,0.38604289293289185,-0.03022947907447815,0.04371356964111328,3.7119953632354736,-0.2130756378173828,0.4113720953464508
976.8140258789062,0.39236295223236084,0.03355298936367035,-0.06315803527832031,2.985322952270508,0.1578207015991211,-0.4247753620147705
444.80999755859375,0.48663872480392456,-0.03471826761960983,0.034820556640625,4.179013252258301,-0.24063867330551147,0.2911772131919861
702.302001953125,0.4545203447341919,0.02411194145679474,-0.016408205032348633,4.532444953918457,0.19322264194488525,-0.1276947408914566
947.27001953125,0.5810994505882263,-0.05369910970330238,0.06192779541015625,4.071933746337891,-0.24959632754325867,0.4245895445346832
192.44200134277344,0.5704713463783264,-0.015551552176475525,0.012290239334106445,4.331369876861572,-0.08986032009124756,0.06369506567716599
952.5419921875,0.4772402048110962,-0.006723523139953613,0.002895355224609375,4.774714946746826,-0.0587460994720459,0.019269337877631187
898.1420288085938,0.2766285538673401,0.039682380855083466,-0.07203531265258789,2.747673511505127,0.2884945869445801,-0.7149555683135986
807.1099853515625,0.3414146602153778,-0.016419604420661926,0.019446611404418945,3.4593281745910645,-0.12093472480773926,0.17189142107963562
750.6060180664062,0.31288740038871765,0.02053719200193882,-0.01485300064086914,4.330683708190918,0.25796014070510864,-0.2129884511232376
287.9700012207031,0.5439587235450745,-0.03871138021349907,0.02932608127593994,4.522515773773193,-0.2522571086883545,0.2101234644651413
580.9539794921875,0.43544065952301025,0.04013165831565857,-0.040151119232177734,4.201960563659668,0.3072326183319092,-0.33609509468078613
472.51800537109375,0.5205002427101135,0.025681987404823303,-0.05139636993408203,4.114617824554443,0.1370062530040741,-0.43173494935035706
95.75399780273438,0.5671757459640503,0.017036698758602142,-0.015954971313476562,4.5448317527771,0.10644060373306274,-0.1401176005601883
359.0459899902344,0.21029546856880188,-0.0011111050844192505,-0.0049877166748046875,2.1069540977478027,-0.02024257183074951,-0.0547560378909111
461.5459899902344,0.49723321199417114,-0.007312975823879242,-0.004122734069824219,4.592199802398682,-0.05173373222351074,-0.024659374728798866
388.9540100097656,0.44006627798080444,0.014684848487377167,-0.03198528289794922,4.187134742736816,0.10905975103378296,-0.27272993326187134
327.5979919433594,0.6767657995223999,-0.028558313846588135,0.025369644165039062,4.572446346282959,-0.14201104640960693,0.20108887553215027
909.5780029296875,0.5102959871292114,0.017806008458137512,-0.009930610656738281,4.543095111846924,0.1314074993133545,-0.08824820816516876
811.2459716796875,0.4270152449607849,0.027225211262702942,-0.02788996696472168,4.13050651550293,0.20689046382904053,-0.2501199543476105
380.1419982910156,0.4888637959957123,-0.049817778170108795,0.05455780029296875,4.001288414001465,-0.2981809377670288,0.4287055432796478
359.3699951171875,0.2627546787261963,-0.00043289363384246826,-0.00782012939453125,2.0960800647735596,-0.017019569873809814,-0.05430576205253601
712.2340087890625,0.4410649538040161,-0.031968481838703156,0.028331756591796875,4.41016149520874,-0.25873684883117676,0.29724374413490295
574.9140014648438,0.5306392908096313,0.043771736323833466,-0.03370404243469238,4.297186374664307,0.27170681953430176,-0.24233807623386383
266.1260070800781,0.5420824289321899,0.0031193792819976807,-0.0010383129119873047,4.658351421356201,0.032300710678100586,0.0008472703630104661
455.5379943847656,0.4217935800552368,-0.03515613079071045,0.07093238830566406,2.933623790740967,-0.1468794345855713,0.45139962434768677
291.510009765625,0.44785094261169434,-0.03034423291683197,0.018218994140625,4.31944465637207,-0.23481690883636475,0.1490422636270523
61.874000549316406,-7.346587608481059e-06,6.827085599070415e-05,2.2724270820617676e-07,-0.001699488260783255,0.0007898007752373815,0.000761027040425688
654.614013671875,0.3770521581172943,0.03883765637874603,-0.04590177536010742,3.7714409828186035,0.3108881711959839,-0.43855512142181396
141.95399475097656,0.48074641823768616,0.02662026882171631,-0.025289535522460938,4.472962379455566,0.19039535522460938,-0.2440856546163559
668.27001953125,0.7126426696777344,-0.005147755146026611,0.008772730827331543,4.820457935333252,-0.018639326095581055,0.11778262257575989
587.8460083007812,0.5659382939338684,0.04638490080833435,-0.045074462890625,4.172845363616943,0.23615336418151855,-0.33333536982536316
272.20599365234375,0.2544989585876465,0.0128769651055336,-0.020471572875976562,2.549332618713379,0.09350639581680298,-0.1777157485485077
767.9420166015625,0.6216237545013428,0.0033439993858337402,-0.0030231475830078125,4.72150182723999,0.019722402095794678,0.004067650530487299
623.8140258789062,0.38008689880371094,-0.021443933248519897,0.013320446014404297,4.529404640197754,-0.2118532657623291,0.13099057972431183
196.88600158691406,0.36874324083328247,-0.01045382022857666,0.025203466415405273,3.3023993968963623,-0.06610357761383057,0.25057151913642883
278.2139892578125,0.23424670100212097,-0.010699689388275146,0.04207873344421387,2.276242733001709,-0.050929129123687744,0.4233371317386627
398.6059875488281,0.6018686294555664,0.010214421898126602,-0.0059299468994140625,4.583603382110596,0.06961646676063538,-0.041573017835617065
771.3099975585938,0.2932046949863434,0.014404594898223877,-0.013998985290527344,4.580571174621582,0.20950138568878174,-0.21350517868995667
817.1740112304688,0.33283498883247375,0.03469051420688629,-0.061086177825927734,3.0871212482452393,0.23770323395729065,-0.5310149788856506
485.1820068359375,0.26443958282470703,0.02177608758211136,-0.05417346954345703,2.7039999961853027,0.1512863039970398,-0.5775799751281738
759.7459716796875,0.5384713411331177,0.022176679223775864,-0.0201873779296875,4.462825775146484,0.13943397998809814,-0.17790235579013824
932.6099853515625,0.4103955626487732,0.0029687881469726562,0.002704620361328125,4.430413722991943,0.03322243690490723,0.043289780616760254
85.91799926757812,0.41464534401893616,0.039669379591941833,-0.06522369384765625,3.4060070514678955,0.23514556884765625,-0.5182075500488281
604.781982421875,0.606975257396698,-0.04172059893608093,0.046885013580322266,4.4589033126831055,-0.20518851280212402,0.3452146649360657
804.6099853515625,0.2018931657075882,-0.016330815851688385,0.07648086547851562,1.9525485038757324,-0.07743698358535767,0.7772619128227234
549.3419799804688,0.21557781100273132,-0.012572582811117172,0.08131766319274902,1.7357158660888672,-0.03677144646644592,0.6804231405258179
322.4100036621094,0.5050516724586487,-0.021216750144958496,0.014647483825683594,4.688047409057617,-0.16074252128601074,0.09475719183683395
485.6260070800781,0.3348243832588196,0.027683967724442482,-0.05637359619140625,2.9263460636138916,0.16083791851997375,-0.5354688763618469
91.302001953125,0.46188032627105713,0.017059892416000366,-0.014791011810302734,4.283967971801758,0.13690829277038574,-0.13257771730422974
552.85400390625,0.23340259492397308,-0.017442286014556885,0.08080869913101196,1.781511664390564,-0.05199509859085083,0.6100769639015198
337.9100036621094,0.47608399391174316,-0.01561090350151062,0.010664939880371094,4.7851152420043945,-0.14620113372802734,0.09465131163597107
627.3460083007812,0.42343610525131226,0.021723788231611252,-0.020218253135681152,4.224466323852539,0.18445342779159546,-0.14919394254684448
582.6019897460938,0.4386795163154602,0.034254658967256546,-0.025478839874267578,4.444944858551025,0.2812928259372711,-0.282214492559433
134.54600524902344,0.6026604771614075,0.008283957839012146,-0.00257110595703125,4.7023091316223145,0.05879044532775879,-0.026937341317534447
1000.75,0.49744561314582825,0.0004438534379005432,0.0003490447998046875,3.341787338256836,0.0051100850105285645,-0.008016814477741718
827.0859985351562,0.5126598477363586,0.006779670715332031,-0.010258674621582031,4.742729663848877,0.05058002471923828,-0.12526829540729523
739.4340209960938,0.4940192699432373,0.05069001019001007,-0.0711357593536377,3.6139748096466064,0.23864972591400146,-0.5152226090431213
432.1180114746094,0.2846539616584778,-0.015624195337295532,0.03389406204223633,2.7015209197998047,-0.11326587200164795,0.3259531557559967
613.14599609375,0.3047674000263214,-0.03618916869163513,0.0515592098236084,3.5788321495056152,-0.34399133920669556,0.6342689990997314
63.81399917602539,-5.2063387556700036e-05,5.577191404881887e-05,7.002614438533783e-06,-0.0011379076167941093,0.00022425383212976158,-0.00016384446644224226
971.2379760742188,0.518585741519928,-0.006907463073730469,0.004385948181152344,4.646430015563965,-0.04825568199157715,0.052826713770627975
400.5260009765625,0.5660896897315979,0.0021043308079242706,-0.011964797973632812,3.7615091800689697,-0.006712555885314941,-0.1165231466293335
519.781982421875,0.3412401080131531,0.008508007973432541,-0.006196498870849609,4.490200996398926,0.08906841278076172,-0.09824272245168686
92.1780014038086,0.42956027388572693,0.01931440830230713,-0.011020660400390625,4.301554203033447,0.16176283359527588,-0.08487178385257721
744.4340209960938,0.44814133644104004,0.03191922605037689,-0.08563852310180664,2.8678531646728516,0.08582890033721924,-0.5286491513252258
678.5059814453125,0.415949285030365,-0.038874074816703796,0.04326820373535156,4.005691051483154,-0.30114471912384033,0.41799166798591614
65.3499984741211,0.14470483362674713,0.0014088846510276198,-0.004231594502925873,1.512471079826355,0.00904127024114132,-0.07361479848623276
624.7780151367188,0.3461664915084839,-0.012730300426483154,0.00751805305480957,4.565318584442139,-0.15436029434204102,0.12601925432682037
600.9819946289062,0.4978104829788208,-0.04173143208026886,0.05530214309692383,3.729198932647705,-0.20181703567504883,0.49928387999534607
399.7019958496094,0.41969218850135803,0.001112738624215126,-0.004188060760498047,4.1916279792785645,0.00297662615776062,-0.08254028856754303
502.01800537109375,0.23990221321582794,0.01527995616197586,-0.030089378356933594,2.732417583465576,0.13275682926177979,-0.3358055651187897
540.3099975585938,0.17598241567611694,0.014012742787599564,-0.06301259994506836,1.8398412466049194,0.09537523984909058,-0.6183825135231018
746.0180053710938,0.3963289260864258,0.03284468129277229,-0.03571748733520508,3.8629932403564453,0.2535020411014557,-0.31836044788360596
286.1419982910156,0.43393269181251526,-0.04178281128406525,0.04382491111755371,4.162917137145996,-0.31837618350982666,0.42880675196647644
127.48200225830078,0.45281073451042175,0.014641806483268738,-0.015341758728027344,4.6839189529418945,0.1279315948486328,-0.2630256414413452
284.89801025390625,0.3774007558822632,-0.0373714417219162,0.035668373107910156,4.11277437210083,-0.3379068374633789,0.3800014555454254
741.5339965820312,0.3073814809322357,0.027001097798347473,-0.04310178756713867,3.065429210662842,0.2007153034210205,-0.4605156183242798
397.89801025390625,0.4066973924636841,0.010347843170166016,-0.006224155426025391,4.640359401702881,0.10914009809494019,-0.08382849395275116
653.8179931640625,0.5900210738182068,0.04275023192167282,-0.05973625183105469,4.027271747589111,0.1853104829788208,-0.44286930561065674
495.01800537109375,0.6113066077232361,0.003894716501235962,-0.0009088516235351562,4.6372389793396,0.019976019859313965,-0.03555905818939209
304.4580078125,0.49211186170578003,-0.03558126091957092,0.02353358268737793,4.560180187225342,-0.27263975143432617,0.18257859349250793
113.4540023803711,0.4367485046386719,0.037979066371917725,-0.04399871826171875,4.027855396270752,0.2794281244277954,-0.3760671615600586
744.7100219726562,0.23242411017417908,0.02299879491329193,-0.032938480377197266,3.0668790340423584,0.25362706184387207,-0.43011555075645447
353.1419982910156,0.5820311307907104,-0.01667308807373047,0.012945175170898438,4.709231853485107,-0.1036982536315918,0.12977057695388794
791.9459838867188,0.27444538474082947,-0.01651296764612198,0.06464576721191406,2.2572619915008545,-0.06313103437423706,0.5492625832557678
834.4979858398438,0.43761879205703735,0.042317286133766174,-0.04196453094482422,4.366067409515381,0.3459824323654175,-0.3886673152446747
298.0780029296875,0.5242497324943542,-0.022423118352890015,0.014480113983154297,4.667661666870117,-0.17012572288513184,0.12519070506095886
342.57000732421875,0.5197961330413818,-0.04847075045108795,0.06328201293945312,3.8539934158325195,-0.23809313774108887,0.4744556248188019
409.51800537109375,0.671668529510498,0.03270398825407028,-0.021497249603271484,4.686319351196289,0.17396901547908783,-0.10827206075191498
221.24600219726562,0.4330255091190338,0.03679905831813812,-0.05426502227783203,3.495755672454834,0.20694643259048462,-0.3965853750705719
746.9459838867188,0.5343171954154968,0.03433656692504883,-0.050950050354003906,3.987748861312866,0.1849682629108429,-0.4331374168395996
763.8099975585938,0.5559605956077576,0.03225431963801384,-0.02687835693359375,4.368533611297607,0.1900595724582672,-0.2704373002052307
254.4739990234375,0.5593652129173279,0.0007546991109848022,0.00324404239654541,4.116148948669434,0.010883510112762451,0.001338100410066545
171.73800659179688,0.3217155337333679,-0.01662921905517578,0.031569480895996094,4.168981552124023,-0.1947535276412964,0.468718022108078
863.4660034179688,0.5436099171638489,-0.032795488834381104,0.0284271240234375,4.281447410583496,-0.1967560052871704,0.22533579170703888
861.3740234375,0.2818208932876587,-0.028204575181007385,0.030228137969970703,3.940743923187256,-0.34041035175323486,0.3975365459918976
239.25399780273438,0.35212910175323486,0.0010738074779510498,-0.0005102157592773438,4.62235164642334,0.012741327285766602,-0.029018642380833626
472.25799560546875,0.4098076820373535,0.008595464751124382,-0.02283763885498047,4.42003870010376,0.07285808026790619,-0.26763948798179626
538.5380249023438,0.2107909917831421,0.02183500863611698,-0.08109712600708008,2.0075533390045166,0.12687404453754425,-0.7684312462806702
532.64599609375,0.25359484553337097,0.0237358957529068,-0.05365419387817383,2.7808406352996826,0.1781124472618103,-0.6010507345199585
438.8139953613281,0.1855645775794983,-0.01017044484615326,0.028038978576660156,2.4330358505249023,-0.11289197206497192,0.3607814610004425
320.2139892578125,0.5043127536773682,-0.01046578586101532,0.002402782440185547,4.674664497375488,-0.0738375186920166,0.02813013643026352
856.9099731445312,0.4696093201637268,-0.012576326727867126,0.005545139312744141,4.690068244934082,-0.1114814281463623,0.04768534004688263
133.56199645996094,0.6780744791030884,0.01693950593471527,-0.006381988525390625,4.710664749145508,0.10035264492034912,-0.03870540112257004
385.30999755859375,0.5062770843505859,-0.0010550767183303833,0.0001049041748046875,4.689599990844727,-0.01083230972290039,-0.017124740406870842
863.9180297851562,0.4281054735183716,-0.020080283284187317,0.01921558380126953,4.472395420074463,-0.17629528045654297,0.19153393805027008
290.0299987792969,0.5868077874183655,-0.04116559028625488,0.04834342002868652,4.298223495483398,-0.21644985675811768,0.34094980359077454
681.6220092773438,0.467997670173645,0.013735510408878326,-0.024830341339111328,4.489317417144775,0.09649527072906494,-0.22372622787952423
944.3779907226562,0.4091404378414154,0.01336599886417389,-0.009596824645996094,4.634627819061279,0.134302020072937,-0.11634353548288345
308.20599365234375,0.4178280234336853,-0.03633686900138855,0.02975320816040039,4.1874494552612305,-0.3023294508457184,0.3007526397705078
138.41799926757812,0.34821784496307373,0.0335301011800766,-0.08460617065429688,2.5989811420440674,0.13852381706237793,-0.631827175617218
225.8459930419922,0.6461014151573181,0.01632729172706604,-0.011688232421875,4.7448248863220215,0.0938258171081543,-0.018635088577866554
735.9340209960938,0.49283239245414734,0.04509846866130829,-0.08632823824882507,3.2769675254821777,0.15421748161315918,-0.5143710374832153
182.07400512695312,0.33352184295654297,-0.014427796006202698,0.06478595733642578,2.2052252292633057,-0.031156182289123535,0.4701356589794159
231.79800415039062,0.5410845279693604,0.035321056842803955,-0.030515432357788086,4.419797897338867,0.21637558937072754,-0.22294355928897858
516.1539916992188,0.45967620611190796,0.013325408101081848,-0.015289783477783203,4.385250568389893,0.10277295112609863,-0.22891011834144592
323.4779968261719,0.4939516484737396,-0.025806456804275513,0.02051258087158203,4.752216339111328,-0.19637489318847656,0.21117378771305084
399.802001953125,0.41842523217201233,0.002373531460762024,-0.0020275115966796875,4.173340797424316,0.0169600248336792,0.012611477635800838
520.1699829101562,0.5581783652305603,0.008080519735813141,-0.0027451515197753906,4.504019260406494,0.05048495531082153,-0.04971487075090408
524.3099975585938,0.49405238032341003,0.039041563868522644,-0.05314946174621582,3.8815033435821533,0.21627545356750488,-0.4121643602848053
795.010009765625,0.4811650514602661,-0.040355831384658813,0.05151081085205078,3.7893710136413574,-0.22444236278533936,0.3632352352142334
900.0659790039062,0.3490501642227173,0.030264511704444885,-0.06738710403442383,3.0394484996795654,0.16439521312713623,-0.6111664772033691
911.8099975585938,0.5930848717689514,0.034015804529190063,-0.054587364196777344,4.171549320220947,0.16103076934814453,-0.39935874938964844
104.94999694824219,0.303466796875,0.03775447607040405,-0.06862354278564453,2.890232563018799,0.2542870044708252,-0.655436635017395
294.0899963378906,0.6065329909324646,-0.006570503115653992,0.0013234615325927734,4.58216667175293,-0.041324734687805176,-0.04001021012663841
307.12200927734375,0.4687172770500183,-0.046508774161338806,0.045819759368896484,4.190150737762451,-0.3175244927406311,0.4386371970176697
169.3419952392578,0.7087415456771851,-0.03584679961204529,0.020338058471679688,4.530886173248291,-0.17860758304595947,0.13459520041942596
498.9100036621094,0.3298701047897339,0.0011834055185317993,-0.004109382629394531,2.54057240486145,0.01208031177520752,-0.0349237322807312
119.22200012207031,0.4539163410663605,0.03086402267217636,-0.02089977264404297,4.377102375030518,0.2488546371459961,-0.1974661946296692
792.2020263671875,0.34362971782684326,-0.019801683723926544,0.079833984375,2.3435821533203125,-0.04673647880554199,0.5227130651473999
549.4140014648438,0.12493858486413956,-0.009607076644897461,0.04820609092712402,1.7411408424377441,-0.09093746542930603,0.6902825236320496
942.197998046875,0.6138163208961487,0.01443268358707428,-0.01676177978515625,4.6419501304626465,0.08580946922302246,-0.12493190169334412
241.3979949951172,0.36527806520462036,0.0008144527673721313,0.001016855239868164,3.4380621910095215,0.014849424362182617,-0.005727834068238735
654.989990234375,0.38737794756889343,0.03527584671974182,-0.04301333427429199,3.8923606872558594,0.2802344560623169,-0.4029631018638611
507.302001953125,0.40751636028289795,0.022343292832374573,-0.0428009033203125,3.379047393798828,0.1326465606689453,-0.3661876618862152
588.614013671875,0.37127485871315,0.042176440358161926,-0.052875518798828125,3.869694232940674,0.3378939628601074,-0.5494085550308228
770.8900146484375,0.6674725413322449,0.006382286548614502,-0.015218734741210938,4.720513820648193,0.03949177265167236,-0.15069350600242615
169.54600524902344,0.45159393548965454,-0.02118036150932312,0.006615638732910156,4.523238658905029,-0.17681753635406494,0.07656830549240112
500.7380065917969,0.30753469467163086,0.010480090975761414,-0.04655933380126953,2.1386117935180664,0.03435218334197998,-0.3273426592350006
235.88600158691406,0.4135698974132538,0.0013969242572784424,-0.0017249584197998047,4.693984508514404,0.01752912998199463,-0.028162728995084763
774.6740112304688,0.5712450742721558,0.026480749249458313,-0.01930713653564453,4.6060075759887695,0.1685640811920166,-0.13473014533519745
121.48600006103516,0.6142836809158325,0.012611985206604004,-0.006670951843261719,4.653067111968994,0.07728958129882812,-0.017016464844346046
421.4100036621094,0.4593251347541809,0.019546866416931152,-0.01212930679321289,4.5789594650268555,0.17063450813293457,-0.10830290615558624
462.15399169921875,0.6253955364227295,-0.007269993424415588,0.021671295166015625,4.3911848068237305,-0.040293097496032715,0.24759630858898163
737.6019897460938,0.4428035616874695,0.03884942829608917,-0.033859580755233765,4.294135093688965,0.30267763137817383,-0.3072420060634613
343.8940124511719,0.23685908317565918,-0.027482792735099792,0.03637886047363281,3.6934409141540527,-0.3651026487350464,0.5730260610580444
415.75,0.49164241552352905,0.04619288444519043,-0.060355186462402344,3.864196300506592,0.25038623809814453,-0.5009261965751648
717.510009765625,0.3583202064037323,-0.025440342724323273,0.01715061068534851,4.4925384521484375,-0.2759484648704529,0.20809225738048553
485.00201416015625,0.3796469271183014,0.026525333523750305,-0.0805826187133789,2.6035315990448,0.07501721382141113,-0.558559238910675
606.0139770507812,0.4565921425819397,-0.031383052468299866,0.025454044342041016,4.576111793518066,-0.25324225425720215,0.2337971329689026
384.5379943847656,0.6405287384986877,0.004497162997722626,0.000514984130859375,4.587087631225586,0.025969624519348145,0.04036906734108925
272.64599609375,0.2420121282339096,0.004946574568748474,-0.01358485221862793,2.4293622970581055,0.040149807929992676,-0.061223506927490234
186.79800415039062,0.19735181331634521,-0.006292805075645447,0.02313852310180664,2.038367748260498,-0.039784371852874756,0.24603679776191711
211.08599853515625,0.24982909858226776,-0.017699509859085083,0.0775761604309082,2.0278522968292236,-0.06609904766082764,0.7149524688720703
913.3779907226562,0.5057049989700317,0.04127654433250427,-0.053168296813964844,3.8441131114959717,0.2148839831352234,-0.40732309222221375
294.75,0.5077384114265442,0.005875885486602783,-0.0046253204345703125,4.544339179992676,0.04197204113006592,-0.04387526959180832
455.17401123046875,0.288223534822464,-0.02740669995546341,0.05346870422363281,2.846381664276123,-0.20630335807800293,0.5376689434051514
536.0139770507812,0.4811176657676697,0.0490340031683445,-0.06461739540100098,3.701739549636841,0.252744197845459,-0.44404011964797974
674.8179931640625,0.4847736656665802,-0.04472498595714569,0.060854434967041016,3.537491798400879,-0.22427785396575928,0.4532943367958069
705.1019897460938,0.7445157766342163,0.006316840648651123,-0.002752065658569336,4.750266075134277,0.030373096466064453,-0.03390227630734444
391.6300048828125,0.42838168144226074,0.03220115602016449,-0.030455589294433594,3.843630313873291,0.22052156925201416,-0.2909243404865265
117.87799835205078,0.39037275314331055,0.033153895288705826,-0.02672290802001953,4.4253010749816895,0.3194263279438019,-0.2944856882095337
443.5580139160156,0.40506571531295776,-0.02445097267627716,0.030579566955566406,4.217301845550537,-0.212347149848938,0.30700042843818665
69.6259994506836,0.36701422929763794,0.011225417256355286,-0.011457622051239014,3.5509276390075684,0.09740877151489258,-0.1084837093949318
494.4700012207031,0.4478144645690918,0.008282080292701721,-0.0033502578735351562,4.650561332702637,0.07771968841552734,-0.029234010726213455
948.573974609375,0.4606555998325348,-0.03432798385620117,0.02480316162109375,4.433877944946289,-0.2675931453704834,0.2237246334552765
574.0499877929688,0.5782334208488464,0.04832954704761505,-0.05206608772277832,4.263431072235107,0.2573750615119934,-0.3417215347290039
302.3500061035156,0.45640242099761963,-0.018923401832580566,0.014967679977416992,4.764155864715576,-0.16205692291259766,0.14188982546329498
811.3460083007812,0.4149814546108246,0.026965022087097168,-0.02777838706970215,4.160584926605225,0.21802854537963867,-0.2933095693588257
937.8699951171875,0.44597935676574707,-0.02709004282951355,0.0414581298828125,3.501657724380493,-0.13952314853668213,0.2936355471611023
616.0859985351562,0.34854453802108765,-0.042205870151519775,0.05997401475906372,3.344325542449951,-0.31056010723114014,0.6170636415481567
637.3699951171875,0.26529768109321594,-0.00912310928106308,0.015542268753051758,2.892976999282837,-0.06981462240219116,0.16489818692207336
702.8179931640625,0.6641415357589722,0.024779528379440308,-0.017004013061523438,4.6136860847473145,0.12150263786315918,-0.11289114505052567
834.677978515625,0.3494671881198883,0.035659175366163254,-0.02944469451904297,4.37998628616333,0.38106995820999146,-0.37922659516334534
710.02197265625,0.6510698795318604,-0.0361882746219635,0.0368349552154541,4.6454691886901855,-0.1949383020401001,0.2584141492843628
794.1820068359375,0.30710387229919434,-0.03179246559739113,0.05460071563720703,3.224909782409668,-0.24607956409454346,0.5262058973312378
210.8419952392578,0.2852335274219513,-0.018008403480052948,0.09016561508178711,1.9485610723495483,-0.038848280906677246,0.6369502544403076
408.9100036621094,0.5000985860824585,0.017974015325307846,-0.014871597290039062,4.6494460105896,0.13979673385620117,-0.1085742935538292
823.0540161132812,0.5130575895309448,0.013818696141242981,-0.002804279327392578,4.736457824707031,0.11007404327392578,-0.000677259115036577
507.0740051269531,0.2828914225101471,0.013706013560295105,-0.023779869079589844,3.513998508453369,0.13431894779205322,-0.30591434240341187
217.71800231933594,0.15151576697826385,0.008151005953550339,-0.019010543823242188,2.52940034866333,0.10957956314086914,-0.2968115210533142
772.5339965820312,0.4357224702835083,0.035961687564849854,-0.03247547149658203,4.352193832397461,0.28679776191711426,-0.32359087467193604
608.6740112304688,0.4774494469165802,-0.026393979787826538,0.01773357391357422,4.5729169845581055,-0.2140381634235382,0.16435211896896362
907.4860229492188,0.4405853748321533,0.03724852576851845,-0.037482261657714844,4.112558841705322,0.273166298866272,-0.3246477246284485
883.1420288085938,0.384970486164093,-0.024250105023384094,0.018742576241493225,4.3968377113342285,-0.22984689474105835,0.21542666852474213
905.2979736328125,0.3386908173561096,0.04112514853477478,-0.059894561767578125,3.3848371505737305,0.31417906284332275,-0.6554773449897766
924.3779907226562,0.5913704633712769,-0.03667837381362915,0.048027992248535156,4.089579105377197,-0.17625164985656738,0.33634454011917114
816.8140258789062,0.47110670804977417,0.04742351174354553,-0.07552862167358398,3.2754180431365967,0.2110462635755539,-0.4979281723499298
744.2739868164062,0.19614765048027039,0.01892535388469696,-0.03731250762939453,2.7503485679626465,0.21484220027923584,-0.5105675458908081
394.4419860839844,0.3975687623023987,0.03616231679916382,-0.03875923156738281,3.8723950386047363,0.27195894718170166,-0.40973514318466187
197.5540008544922,0.2493305802345276,-0.017743699252605438,0.053411245346069336,2.3368117809295654,-0.12435555458068848,0.5344658493995667
247.91799926757812,0.16202443838119507,0.01454944908618927,-0.018542706966400146,3.3923914432525635,0.2686593532562256,-0.39636898040771484
470.50201416015625,0.7021238803863525,-0.006135922856628895,0.006600379943847656,4.765175819396973,-0.021883517503738403,0.040334150195121765
239.61000061035156,0.59800785779953,0.0023010969161987305,-0.0021829605102539062,4.468021392822266,0.0018069744110107422,-0.003013499779626727
445.6579895019531,0.5684301853179932,-0.033382125198841095,0.02814006805419922,4.184913635253906,-0.18640334904193878,0.2042461335659027
214.41799926757812,0.33424338698387146,-0.02263912558555603,0.03301095962524414,3.346741199493408,-0.16771745681762695,0.31483983993530273
867.8779907226562,0.37085261940956116,-0.029429584741592407,0.07921695709228516,2.7326080799102783,-0.10790926218032837,0.5678454637527466
384.39801025390625,0.42183056473731995,0.00411609560251236,-0.002071380615234375,4.576580047607422,0.031093478202819824,0.0002107552718371153
178.3979949951172,0.25926101207733154,-0.009385436773300171,0.07169675827026367,1.6642450094223022,-0.007842421531677246,0.46672871708869934
164.44200134277344,0.47826558351516724,-0.035853832960128784,0.02489471435546875,4.444958686828613,-0.2630985975265503,0.22878049314022064
70.4219970703125,0.3367360830307007,0.010753720998764038,-0.009467065334320068,3.8495893478393555,0.10454773902893066,-0.1557900607585907
337.45001220703125,0.6498070955276489,-0.007205575704574585,0.015587806701660156,4.7416534423828125,-0.04168057441711426,0.09536382555961609
80.4260025024414,0.5688531398773193,0.021486937999725342,-0.011843204498291016,4.034459114074707,0.11423599720001221,-0.11926832795143127
333.8699951171875,0.6073117852210999,-0.010802969336509705,0.0012226104736328125,4.738316535949707,-0.0676877498626709,-0.025922253727912903
586.4340209960938,0.5179747939109802,0.03780323266983032,-0.046994686126708984,4.288538932800293,0.2271287441253662,-0.3705124258995056
453.50201416015625,0.5921993255615234,-0.007330052554607391,-0.0014829635620117188,4.2960524559021,-0.03775876760482788,0.00862953718751669
114.91400146484375,0.43354135751724243,0.030251890420913696,-0.026411056518554688,4.206517219543457,0.23148047924041748,-0.2821401059627533
738.614013671875,0.40520042181015015,0.03714658319950104,-0.049466848373413086,4.02528190612793,0.2820965051651001,-0.4906696379184723
516.7780151367188,0.3079366683959961,0.016241952776908875,-0.014275074005126953,4.268322467803955,0.20107018947601318,-0.2178041785955429
968.27001953125,0.3972495496273041,-0.024190038442611694,0.016669273376464844,4.332653522491455,-0.21396994590759277,0.1981956660747528
585.8460083007812,0.5379450917243958,0.03616924583911896,-0.03717947006225586,4.377870559692383,0.21539556980133057,-0.3123566210269928
699.4979858398438,0.4482831656932831,0.042798206210136414,-0.055039048194885254,3.6947381496429443,0.2620887756347656,-0.45837679505348206
314.4779968261719,0.48318034410476685,-0.02468910813331604,0.01873493194580078,4.660494327545166,-0.20384925603866577,0.198363795876503
648.7459716796875,0.6041973829269409,-0.0017759650945663452,-0.0227813720703125,4.570483684539795,-0.021053314208984375,-0.18257054686546326
620.6259765625,0.5473126173019409,-0.05012935400009155,0.0656396746635437,3.9258005619049072,-0.2356107234954834,0.4766766428947449
350.7699890136719,0.33736565709114075,-0.009740442037582397,0.0065326690673828125,4.695137977600098,-0.11592757701873779,0.07514102756977081
260.9779968261719,0.45235830545425415,0.011953294277191162,-0.008237779140472412,4.368833065032959,0.09346127510070801,-0.08153458684682846
601.1900024414062,0.3992682695388794,-0.03718985617160797,0.04318523406982422,3.876164197921753,-0.27171921730041504,0.4009310007095337
892.7899780273438,0.7741700410842896,0.05052536725997925,-0.07167816162109375,4.181582450866699,0.1347050666809082,-0.39421066641807556
721.3820190429688,0.6143285036087036,-0.03160756826400757,0.02899181842803955,4.481290340423584,-0.17352080345153809,0.22335630655288696
943.3460083007812,0.5120375752449036,0.01680201292037964,-0.017294883728027344,4.581203460693359,0.11136257648468018,-0.1590956747531891
529.4539794921875,0.3547455966472626,0.0395563542842865,-0.05828481912612915,3.3745923042297363,0.2799736261367798,-0.5814501643180847
137.00599670410156,0.4984075725078583,0.02348741888999939,-0.04590415954589844,4.005725383758545,0.14089930057525635,-0.4030282199382782
656.0180053710938,0.5699564218521118,0.03572830557823181,-0.04058647155761719,4.119018077850342,0.17712163925170898,-0.3210020363330841
943.6220092773438,0.6649836301803589,0.021809786558151245,-0.018764495849609375,4.646412372589111,0.10933864116668701,-0.166062131524086
993.4660034179688,0.4678427278995514,0.0488441176712513,-0.0697174072265625,3.6937432289123535,0.27917152643203735,-0.5303499102592468
965.5980224609375,0.3438321650028229,-0.03606425225734711,0.053784847259521484,3.303201913833618,-0.2651481628417969,0.5287808775901794
637.4459838867188,0.2209904044866562,-0.008184496313333511,0.010013580322265625,2.9345672130584717,-0.09849250316619873,0.12157044559717178
347.0140075683594,0.433361291885376,-0.03423716127872467,0.028478622436523438,4.195395469665527,-0.258404016494751,0.267499178647995
916.010009765625,0.599310576915741,0.02436789870262146,-0.028268814086914062,4.527468204498291,0.13234543800354004,-0.2482987493276596
312.6860046386719,0.47598323225975037,-0.030295029282569885,0.0215606689453125,4.5920634269714355,-0.24057185649871826,0.18012560904026031
551.8140258789062,0.24718478322029114,-0.018098920583724976,0.08507990837097168,1.8550297021865845,-0.057609230279922485,0.6599734425544739
220.11000061035156,0.343159556388855,0.022101640701293945,-0.04042625427246094,3.4288980960845947,0.1575108766555786,-0.4393296539783478
997.8740234375,0.5900586247444153,0.019320383667945862,-0.009198188781738281,4.450716018676758,0.10182508826255798,-0.07252711057662964
948.1099853515625,0.4108026325702667,-0.034012436866760254,0.026201248168945312,4.316733360290527,-0.294718861579895,0.26896610856056213
485.510009765625,0.2601979970932007,0.022642195224761963,-0.05053138732910156,2.8584210872650146,0.18847906589508057,-0.5340279340744019
636.4459838867188,0.2531338632106781,-0.008397705852985382,0.015872478485107422,2.630851984024048,-0.06912332773208618,0.19357457756996155
424.2340087890625,0.4873555898666382,0.002008005976676941,-0.003717184066772461,4.687475204467773,0.008712291717529297,-0.043877873569726944
340.15399169921875,0.3515669107437134,-0.022521020844578743,0.016740798950195312,4.612123489379883,-0.2601223289966583,0.20806212723255157
303.1579895019531,0.4869488775730133,-0.02079947292804718,0.018408536911010742,4.686324119567871,-0.16894936561584473,0.2122878134250641
211.75,0.23136603832244873,-0.01867832988500595,0.06527900695800781,2.3461081981658936,-0.11593079566955566,0.6589667797088623
914.7420043945312,0.37707218527793884,0.023028984665870667,-0.016942977905273438,4.31541633605957,0.23044097423553467,-0.1969957798719406
538.4340209960938,0.21500448882579803,0.022318093106150627,-0.08259439468383789,2.0599844455718994,0.1351022571325302,-0.7582342624664307
351.8739929199219,0.6345683336257935,-0.016738325357437134,0.018184661865234375,4.639358997344971,-0.08960485458374023,0.13392576575279236
958.2420043945312,0.5077041983604431,-0.023416325449943542,0.01461648941040039,4.560275077819824,-0.1686108112335205,0.15094517171382904
745.6500244140625,0.37418293952941895,0.030900008976459503,-0.04209566116333008,3.6378579139709473,0.23371237516403198,-0.3847562074661255
905.9539794921875,0.3673093914985657,0.04111036658287048,-0.05806255340576172,3.4479551315307617,0.2748095989227295,-0.5410668849945068
873.010009765625,0.4403325617313385,-0.008869213983416557,0.004836082458496094,4.606100559234619,-0.078145831823349,0.03698570281267166
669.9459838867188,0.2975902855396271,-0.027078889310359955,0.030185461044311523,3.747000217437744,-0.28289544582366943,0.35707423090934753
379.6820068359375,0.49616244435310364,-0.0520758330821991,0.06226539611816406,3.795609951019287,-0.2737576961517334,0.4910930097103119
206.6739959716797,0.21191836893558502,-0.012986093759536743,0.06934380531311035,1.7665057182312012,-0.04525822401046753,0.5434139370918274
603.114013671875,0.4540020227432251,-0.03418024256825447,0.024663448333740234,4.361010551452637,-0.2658720016479492,0.2267913669347763
805.64599609375,0.20926830172538757,-0.016267232596874237,0.06915521621704102,2.0320844650268555,-0.08937162160873413,0.6644259095191956
174.57400512695312,0.44386768341064453,-0.030745960772037506,0.06679725646972656,2.759396553039551,-0.09708917140960693,0.42855432629585266
809.510009765625,0.5181054472923279,0.002643197774887085,-0.00209808349609375,4.337203025817871,0.014202475547790527,-0.03453223034739494
155.8419952392578,0.5856889486312866,-0.06080818176269531,0.0721273422241211,3.8356056213378906,-0.26418590545654297,0.47405579686164856
110.58999633789062,0.34323763847351074,0.03502008318901062,-0.06586647033691406,2.9626941680908203,0.21428990364074707,-0.5651706457138062
71.62200164794922,0.561052680015564,0.007727116346359253,-0.003130614757537842,4.125999450683594,0.04913520812988281,-0.05683760717511177
348.6300048828125,0.4583057463169098,-0.03619863837957382,0.02599620819091797,4.399910926818848,-0.2702018618583679,0.259677916765213
184.21800231933594,0.27617958188056946,-0.01386759802699089,0.03345060348510742,2.44071102142334,-0.08299410343170166,0.30120009183883667
824.0180053710938,0.43174999952316284,0.005589649081230164,-0.0013322830200195312,4.675364017486572,0.04201483726501465,-0.022680653259158134
542.1220092773438,0.15233224630355835,-0.0014549009501934052,0.010155200958251953,1.4429370164871216,-0.01009446382522583,0.1046186089515686
393.885986328125,0.5167129039764404,0.050554871559143066,-0.06473445892333984,3.692546844482422,0.2325749397277832,-0.44713667035102844
156.61000061035156,0.5665743350982666,-0.051868364214897156,0.05812835693359375,3.970762252807617,-0.24878954887390137,0.4268561005592346
996.4420166015625,0.4243183732032776,0.027559705078601837,-0.02623271942138672,4.257569789886475,0.2203676700592041,-0.24822278320789337
180.58599853515625,0.22788086533546448,-0.010262193158268929,0.05683565139770508,1.7880207300186157,-0.030649106949567795,0.46564799547195435
118.25399780273438,0.3707367479801178,0.0322985015809536,-0.02400970458984375,4.416374206542969,0.3282282054424286,-0.23841793835163116
459.87799072265625,0.5664027333259583,-0.015373818576335907,0.00441741943359375,4.592118740081787,-0.10290747880935669,0.06204405426979065
69.15399932861328,0.3670901656150818,0.010851070284843445,-0.013679563999176025,3.3205859661102295,0.0786130428314209,-0.16247528791427612
603.6420288085938,0.46346279978752136,-0.0252249613404274,0.021541118621826172,4.468438148498535,-0.19056057929992676,0.17960937321186066
516.6019897460938,0.4507707953453064,0.020234376192092896,-0.022643566131591797,4.315797328948975,0.15376710891723633,-0.2597194015979767
66.08999633789062,0.1875622570514679,0.004351263865828514,-0.01244603842496872,2.2659740447998047,0.04060626029968262,-0.1399725377559662
572.5380249023438,0.5089317560195923,0.04636076092720032,-0.051865339279174805,4.109452247619629,0.27700281143188477,-0.4035223126411438
810.2100219726562,0.42833828926086426,0.009428799152374268,-0.022491455078125,4.286759853363037,0.07640516757965088,-0.27162083983421326
560.0180053710938,0.40409189462661743,-0.017169460654258728,0.005345344543457031,4.615810394287109,-0.17585492134094238,0.033342257142066956
745.7860107421875,0.5007722973823547,0.03904290497303009,-0.05044746398925781,3.719985246658325,0.20255297422409058,-0.3332075774669647
446.19000244140625,0.48483848571777344,-0.024621374905109406,0.03547382354736328,4.0141282081604,-0.15643523633480072,0.3019063472747803
285.1499938964844,0.45179831981658936,-0.04115778207778931,0.04105353355407715,4.20217227935791,-0.29590678215026855,0.37536507844924927
553.52197265625,0.16351285576820374,-0.014000803232192993,0.05188193917274475,1.8605961799621582,-0.10848259925842285,0.6228338479995728
182.62600708007812,0.25305652618408203,-0.01559460163116455,0.04955625534057617,2.345370292663574,-0.0831453800201416,0.4192139506340027
428.3500061035156,0.36980825662612915,-0.03212174028158188,0.04013776779174805,3.7215332984924316,-0.24934320151805878,0.35884374380111694
425.34600830078125,0.4535691738128662,-0.0017811059951782227,0.01628422737121582,4.520915985107422,-0.006678223609924316,0.1687156856060028
806.2100219726562,0.2779785394668579,-0.018915683031082153,0.06046414375305176,2.38124942779541,-0.08977091312408447,0.48303931951522827
289.7900085449219,0.4777270555496216,-0.02713172137737274,0.03888082504272461,4.40882682800293,-0.1883394718170166,0.3488028347492218
490.2460021972656,0.5736023783683777,0.040253251791000366,-0.03465747833251953,4.353575229644775,0.2263730764389038,-0.3192719519138336
910.0700073242188,0.5560299158096313,0.014575958251953125,-0.011730194091796875,4.475549221038818,0.10127067565917969,-0.07890647649765015
92.0780029296875,0.6167787909507751,0.025108665227890015,-0.02267313003540039,4.294329643249512,0.12471973896026611,-0.1324567347764969
670.5419921875,0.35796841979026794,-0.02505459636449814,0.028699517250061035,3.76049542427063,-0.2019556164741516,0.3621154725551605
690.9459838867188,0.20023728907108307,0.01159791648387909,-0.0452609658241272,2.2250025272369385,0.08243519067764282,-0.4809402525424957
445.5220031738281,0.5562477111816406,-0.03365090861916542,0.030480384826660156,4.176426887512207,-0.18919476866722107,0.23479677736759186
785.0139770507812,0.3276192247867584,0.0016315281391143799,-0.0021886825561523438,3.2725136280059814,0.0063811540603637695,-0.007250502705574036
818.1259765625,0.31808018684387207,0.03185948729515076,-0.05933332443237305,3.2377939224243164,0.23319613933563232,-0.5977595448493958
419.2980041503906,0.4837198257446289,0.039431169629096985,-0.03984427452087402,4.184187889099121,0.26510560512542725,-0.35868459939956665
892.6060180664062,0.5480248332023621,0.04063664376735687,-0.04041862487792969,4.267505645751953,0.2386695146560669,-0.3438168168067932
520.6859741210938,0.48328304290771484,0.004671506583690643,-0.006372928619384766,4.630468845367432,0.032678425312042236,-0.052212849259376526
805.2059936523438,0.24080048501491547,-0.018394574522972107,0.0881037712097168,2.009225606918335,-0.06960038840770721,0.7164705991744995
448.5140075683594,0.41805434226989746,-0.030917376279830933,0.03390693664550781,4.040209770202637,-0.2338045835494995,0.32003727555274963
602.1900024414062,0.4429246783256531,-0.03815388306975365,0.0353245735168457,4.12185525894165,-0.2838211953639984,0.334088534116745
604.5139770507812,0.3619571328163147,-0.02365255355834961,0.028706073760986328,4.512158393859863,-0.2613567113876343,0.35419610142707825
634.1740112304688,0.2928035855293274,-0.0017836540937423706,0.006245851516723633,2.2695915699005127,-0.004159212112426758,0.05665377154946327
419.1820068359375,0.4658460021018982,0.03863929212093353,-0.038023948669433594,4.170541763305664,0.26745831966400146,-0.3385779857635498
896.030029296875,0.3501672148704529,0.04710318148136139,-0.08918237686157227,2.9180500507354736,0.2550179362297058,-0.6851198673248291
554.9539794921875,0.23448210954666138,-0.015190064907073975,0.08254435658454895,1.8348417282104492,-0.0485914945602417,0.5970211029052734
841.97802734375,0.4401334822177887,0.018633602187037468,-0.007232666015625,4.591463088989258,0.17209506034851074,-0.06511201709508896
195.5500030517578,0.4444772005081177,-0.003424808382987976,0.00532078742980957,4.251471519470215,-0.0255279541015625,0.06978984922170639
218.5260009765625,0.2655378580093384,0.01510244607925415,-0.037496089935302734,2.6779589653015137,0.09976565837860107,-0.38406217098236084
530.7780151367188,0.24272963404655457,0.028570357710123062,-0.04341307282447815,3.193582057952881,0.30486658215522766,-0.602013885974884
79.94200134277344,0.42844265699386597,0.017818987369537354,-0.01108551025390625,4.27907657623291,0.14234185218811035,-0.13136520981788635
706.14599609375,0.3821601867675781,0.0034396350383758545,-0.003945827484130859,4.776066780090332,0.044107913970947266,-0.02339956909418106
541.5139770507812,0.13580095767974854,0.003431001678109169,-0.01307058334350586,1.6896709203720093,0.04008415341377258,-0.12811794877052307
239.9219970703125,0.2550946772098541,0.0012100934982299805,-0.0016951560974121094,4.23333215713501,0.017836570739746094,-0.017296556383371353
838.7540283203125,0.48740455508232117,0.03469386696815491,-0.04155445098876953,4.335219383239746,0.24483847618103027,-0.35318616032600403
1001.3939819335938,0.3668665885925293,0.001135319471359253,-0.00273895263671875,3.007070302963257,-0.005300402641296387,-0.02160561829805374
123.74199676513672,0.7340325117111206,-0.0008797943592071533,-0.00030422210693359375,4.718344688415527,-0.010420083999633789,-0.018275514245033264
721.8179931640625,0.578380286693573,-0.029214143753051758,0.022517800331115723,4.525246620178223,-0.16830062866210938,0.19308951497077942
576.114013671875,0.4349609613418579,0.04024726152420044,-0.03893542289733887,4.333124160766602,0.3203284740447998,-0.4393467307090759
467.01800537109375,0.30201777815818787,-0.022644072771072388,0.019339561462402344,4.204895973205566,-0.2707279920578003,0.2839023172855377
640.4340209960938,0.5084654688835144,-0.04115760326385498,0.053086042404174805,3.6718544960021973,-0.19301164150238037,0.3803916573524475
402.3940124511719,0.3325282037258148,0.024003900587558746,-0.042493343353271484,3.0807464122772217,0.1628706455230713,-0.34387674927711487
713.3660278320312,0.4592607617378235,-0.032501548528671265,0.026571810245513916,4.560297966003418,-0.27200913429260254,0.3090040683746338
302.1260070800781,0.47333139181137085,-0.018196910619735718,0.013549566268920898,4.742259502410889,-0.15571922063827515,0.14783993363380432
385.906005859375,0.6889626979827881,-0.005118325352668762,-0.0054416656494140625,4.6564555168151855,-0.03557848930358887,-0.04312337934970856
842.7459716796875,0.5943684577941895,0.016265876591205597,-0.006028175354003906,4.66298246383667,0.10248306393623352,-0.06775511801242828
330.3420104980469,0.4590173363685608,-0.027869224548339844,0.023193359375,4.585305213928223,-0.23275375366210938,0.23194855451583862
260.12200927734375,0.32440418004989624,0.008950293064117432,-0.006730258464813232,4.270224094390869,0.11114239692687988,-0.06931883841753006
292.2099914550781,0.5727393627166748,-0.015117406845092773,0.00452876091003418,4.473506927490234,-0.09631752967834473,0.05659029632806778
133.8419952392578,0.7052526473999023,0.015279263257980347,-0.0055065155029296875,4.621379852294922,0.08769512176513672,-0.010264336131513119
750.9860229492188,0.48091670870780945,0.023365788161754608,-0.01725149154663086,4.467556476593018,0.17280703783035278,-0.17678596079349518
570.5460205078125,0.49692127108573914,0.04678008705377579,-0.06281650066375732,3.7799670696258545,0.23007400333881378,-0.4497535824775696
182.7220001220703,0.224774569272995,-0.014478012919425964,0.04013395309448242,2.341981887817383,-0.09989643096923828,0.40398266911506653
115.9540023803711,0.5010716915130615,0.02869926393032074,-0.01847076416015625,4.496108055114746,0.20922863483428955,-0.1716035157442093
662.6740112304688,0.32367298007011414,0.018882431089878082,-0.010300517082214355,4.511926651000977,0.23809611797332764,-0.11428515613079071
140.7259979248047,0.4188283681869507,0.031003348529338837,-0.030803680419921875,3.9350013732910156,0.22515150904655457,-0.2735227346420288
458.0140075683594,0.4493193030357361,-0.027995627373456955,0.025544166564941406,4.037986755371094,-0.2029058039188385,0.18401086330413818
629.4819946289062,0.37342947721481323,-0.026993677020072937,0.04024207592010498,3.7600924968719482,-0.21290266513824463,0.3733872175216675
995.2540283203125,0.49187612533569336,0.04404434561729431,-0.04793357849121094,3.9912428855895996,0.26011180877685547,-0.4064028859138489
414.6780090332031,0.28393518924713135,0.030331477522850037,-0.037077903747558594,3.9535880088806152,0.35688161849975586,-0.5048404932022095
555.1060180664062,0.2771764397621155,-0.015969544649124146,0.09289994835853577,1.8276673555374146,-0.025711417198181152,0.6297739744186401
970.4619750976562,0.44519853591918945,-0.006587132811546326,0.00427699089050293,4.631260871887207,-0.05285954475402832,0.06588160246610641
789.197998046875,0.2422572672367096,-0.008929505944252014,0.0613555908203125,1.7951042652130127,-0.010710418224334717,0.47005149722099304
715.9459838867188,0.6261629462242126,-0.044894151389598846,0.04546049237251282,4.484485626220703,-0.23376750946044922,0.32468435168266296
498.7820129394531,0.36431214213371277,0.0010370612144470215,-0.0034236907958984375,2.6209537982940674,0.004378199577331543,-0.03418288007378578
204.47799682617188,0.20240281522274017,-0.011874174699187279,0.05563843250274658,1.9728858470916748,-0.06778843700885773,0.5440149903297424
933.2979736328125,0.40961185097694397,-0.0021465718746185303,0.008826255798339844,4.071354866027832,-0.016189217567443848,0.10535021126270294
945.7420043945312,0.6276524066925049,-0.014528349041938782,0.03055095672607422,4.551924228668213,-0.0842139720916748,0.23670844733715057
611.6900024414062,0.25420844554901123,-0.030849352478981018,0.03632378578186035,3.9543213844299316,-0.427395224571228,0.551435649394989
91.40599822998047,0.4479292035102844,0.016437292098999023,-0.018564224243164062,4.3334269523620605,0.1287243366241455,-0.20456425845623016
603.4140014648438,0.43691137433052063,-0.025331728160381317,0.01845264434814453,4.386106491088867,-0.20722585916519165,0.18834252655506134
572.2780151367188,0.2965697646141052,0.028396785259246826,-0.03313589096069336,4.113948822021484,0.32692837715148926,-0.488928884267807
716.0780029296875,0.5957899689674377,-0.04519627243280411,0.04196923226118088,4.54730224609375,-0.25973522663116455,0.3064578175544739
556.9019775390625,0.43156126141548157,-0.02326018549501896,0.08387339115142822,2.787338972091675,-0.03943067789077759,0.5168303847312927
878.9099731445312,0.20259056985378265,-0.011264771223068237,0.048304200172424316,1.9615141153335571,-0.06414562463760376,0.4583197832107544
553.0859985351562,0.18617664277553558,-0.014019347727298737,0.06613403558731079,1.801602840423584,-0.07480430603027344,0.6578330993652344
192.64999389648438,0.4521063566207886,-0.01147453486919403,0.008386611938476562,4.337731838226318,-0.09306907653808594,0.07609981298446655
104.74199676513672,0.43088802695274353,0.044522494077682495,-0.10264778137207031,2.995100498199463,0.16178274154663086,-0.7431626319885254
704.6019897460938,0.7298610210418701,0.004257857799530029,-0.005746603012084961,4.676956653594971,0.01036691665649414,-0.0379415862262249
329.75,0.5039211511611938,-0.02176709473133087,0.01945018768310547,4.677733421325684,-0.1649634838104248,0.19606120884418488
816.3980102539062,0.4125140905380249,0.025493808090686798,-0.04054546356201172,4.0189924240112305,0.19816946983337402,-0.39636513590812683
357.19000244140625,0.3370872735977173,-0.0013293176889419556,0.010585784912109375,3.3489456176757812,-0.005366802215576172,0.10208515077829361
371.80999755859375,0.4651009738445282,0.028094857931137085,-0.024674415588378906,4.4883575439453125,0.21127796173095703,-0.24678900837898254
827.3060302734375,0.4915872812271118,0.013888716697692871,-0.027747154235839844,4.715900897979736,0.10509037971496582,-0.33625346422195435
425.2460021972656,0.4610559344291687,-0.0008725970983505249,0.0030565261840820312,4.579026222229004,-0.014494478702545166,0.09057510644197464
788.1220092773438,0.1808212846517563,-0.00859041791409254,0.03712177276611328,1.9396100044250488,-0.061565790325403214,0.40444618463516235
317.5459899902344,0.5993972420692444,-0.022606030106544495,0.015018463134765625,4.692715167999268,-0.1428283452987671,0.11519051343202591
384.74200439453125,0.46291470527648926,-0.00030446797609329224,-0.003635406494140625,4.635672569274902,-0.007135450839996338,-0.02541397325694561
684.6859741210938,0.34109678864479065,0.035319000482559204,-0.05927872657775879,3.2524051666259766,0.24680614471435547,-0.5615503191947937
991.030029296875,0.5241076946258545,0.03332233428955078,-0.035753726959228516,4.361108779907227,0.1993541717529297,-0.33796846866607666
607.0460205078125,0.5936122536659241,-0.04750119149684906,0.0485072135925293,4.468017101287842,-0.2561708688735962,0.3212910294532776
879.14599609375,0.272193968296051,-0.013979248702526093,0.06561601161956787,2.013875722885132,-0.0394633412361145,0.4975510239601135
287.6300048828125,0.5114969611167908,-0.04159531369805336,0.03154456615447998,4.42366361618042,-0.2797149419784546,0.25434109568595886
402.2860107421875,0.29374903440475464,0.021528929471969604,-0.03905677795410156,3.0805180072784424,0.16809821128845215,-0.4225348234176636
461.3179931640625,0.5311882495880127,-0.007782958447933197,0.006153106689453125,4.580121994018555,-0.05055427551269531,0.044149450957775116
866.1939697265625,0.5240569114685059,-0.005922228097915649,0.005406379699707031,4.503738880157471,-0.045195579528808594,0.10182756185531616
330.65399169921875,0.6427687406539917,-0.03660553693771362,0.029645919799804688,4.564639091491699,-0.18531298637390137,0.1954159438610077
601.5380249023438,0.4159902334213257,-0.03870019316673279,0.0406804084777832,4.0083794593811035,-0.29584062099456787,0.38582491874694824
671.1220092773438,0.45887479186058044,-0.03220731392502785,0.031980276107788086,4.107514381408691,-0.21695281565189362,0.28985512256622314
937.97802734375,0.3801160156726837,-0.023916885256767273,0.0320587158203125,3.5510671138763428,-0.1674102544784546,0.2866007685661316
964.8099975585938,0.5029850006103516,-0.04661288857460022,0.0720367431640625,3.6507341861724854,-0.21923136711120605,0.4941212832927704
108.5780029296875,0.3112896680831909,0.030463986098766327,-0.059234619140625,3.027402400970459,0.21758460998535156,-0.5904828906059265
350.4700012207031,0.46975862979888916,-0.01565428078174591,0.014021873474121094,4.699304580688477,-0.1309962272644043,0.09775201231241226
333.1180114746094,0.4879554510116577,-0.012643963098526001,0.007815361022949219,4.68892240524292,-0.1087179183959961,0.04711630567908287
59.66600036621094,-3.5237684642197564e-05,4.224657459417358e-05,2.2717751562595367e-05,-0.0020184521563351154,0.00022338810958899558,0.0008923349087126553
678.614013671875,0.432542085647583,-0.04161152243614197,0.042415618896484375,4.0166168212890625,-0.30084383487701416,0.38732755184173584
476.3139953613281,0.4688734710216522,0.03380484879016876,-0.04532337188720703,3.6351394653320312,0.1810740828514099,-0.3481151759624481
528.5499877929688,0.36973273754119873,0.03355131298303604,-0.04789590835571289,3.5866942405700684,0.24215853214263916,-0.427749365568161
955.7420043945312,0.5278832912445068,-0.046965569257736206,0.05629539489746094,3.878490447998047,-0.24365408718585968,0.3982732892036438
883.2459716796875,0.46286872029304504,-0.027411915361881256,0.021718129515647888,4.501720905303955,-0.2113075852394104,0.2317439168691635
836.47802734375,0.4372347295284271,0.027627527713775635,-0.013391494750976562,4.579738616943359,0.25109076499938965,-0.15701420605182648
223.91799926757812,0.5643362998962402,0.024866193532943726,-0.020853519439697266,4.427474498748779,0.15245461463928223,-0.19876965880393982
954.677978515625,0.5879111886024475,-0.040007442235946655,0.056804656982421875,4.234134674072266,-0.2146754264831543,0.44423770904541016
338.4779968261719,0.6090085506439209,-0.03161323070526123,0.03048992156982422,4.7605414390563965,-0.18956875801086426,0.1968657523393631
127.68599700927734,0.4350423812866211,0.019575774669647217,-0.02655315399169922,4.490603923797607,0.16727185249328613,-0.35347363352775574
426.4540100097656,0.4747263491153717,-0.04351195693016052,0.07971358299255371,3.3502159118652344,-0.18575036525726318,0.566501796245575
527.1859741210938,0.24755097925662994,0.027998916804790497,-0.0553511381149292,2.689699649810791,0.23589563369750977,-0.5598198771476746
187.67799377441406,0.23136353492736816,-0.010713763535022736,0.03716421127319336,2.238694667816162,-0.07061982154846191,0.3705988824367523
365.3500061035156,0.34228038787841797,0.042055219411849976,-0.05449676513671875,3.430415630340576,0.3339235186576843,-0.5236008167266846
409.0140075683594,0.4857695698738098,0.01925773359835148,-0.01724529266357422,4.689513683319092,0.16314592957496643,-0.17249833047389984
440.01800537109375,0.2947957217693329,-0.019701682031154633,0.040415287017822266,2.7335970401763916,-0.12271693348884583,0.3605060279369354
180.3459930419922,0.1829301118850708,-0.00926598533987999,0.04968404769897461,1.7608394622802734,-0.0436091274023056,0.46873489022254944
723.010009765625,0.5749409198760986,-0.030598849058151245,0.034203290939331055,4.6063032150268555,-0.18078827857971191,0.3001527488231659
177.99400329589844,0.18563887476921082,-0.008022643625736237,0.04828453063964844,1.6661629676818848,-0.030024707317352295,0.45258525013923645
988.969970703125,0.595234751701355,0.008051484823226929,-0.025656700134277344,4.616490364074707,0.02971816062927246,-0.24845892190933228
782.56201171875,0.5454040169715881,0.01417878270149231,-0.015336036682128906,4.389508247375488,0.08492279052734375,-0.11397697776556015
417.4580078125,0.5751394629478455,0.030076801776885986,-0.028097152709960938,4.374790191650391,0.16629165410995483,-0.2302168309688568
231.0500030517578,0.4116298258304596,0.03444219008088112,-0.03366208076477051,4.133048057556152,0.27227020263671875,-0.34389886260032654
488.24200439453125,0.41838693618774414,0.020622581243515015,-0.0114898681640625,4.3760881423950195,0.17812705039978027,-0.13039274513721466
641.5139770507812,0.48622995615005493,-0.04401572048664093,0.0645909309387207,3.763362169265747,-0.24622750282287598,0.5006952881813049
548.3419799804688,0.1294238418340683,-0.009372975677251816,0.0425877571105957,1.7967631816864014,-0.09758329391479492,0.6043259501457214
931.3779907226562,0.440741628408432,0.009771555662155151,-0.005509376525878906,4.621335506439209,0.09095966815948486,-0.04626675695180893
277.9100036621094,0.337370365858078,-0.010139182209968567,0.05713367462158203,2.1361310482025146,-0.004036664962768555,0.35539841651916504
949.677978515625,0.47418922185897827,-0.023518651723861694,0.011324882507324219,4.5705037117004395,-0.19356942176818848,0.12542182207107544
793.6060180664062,0.19514824450016022,-0.019603926688432693,0.04146862030029297,2.7387218475341797,-0.21973872184753418,0.5814031362533569
776.2659912109375,0.6678447723388672,0.007506862282752991,0.0012731552124023438,4.601085662841797,0.04388105869293213,-0.035701774060726166
531.9819946289062,0.3492419719696045,0.03517550230026245,-0.08954399824142456,2.6654958724975586,0.13895094394683838,-0.6555984616279602
559.4500122070312,0.5115048289299011,-0.028882578015327454,0.023142099380493164,4.433257102966309,-0.19622349739074707,0.18415085971355438
729.9860229492188,0.4516528248786926,7.192790508270264e-05,-0.0013797283172607422,4.7156291007995605,-0.004546403884887695,-0.00931067019701004
650.614013671875,0.40958529710769653,0.035965174436569214,-0.03662538528442383,4.1030073165893555,0.28047704696655273,-0.27989131212234497
340.6059875488281,0.71895432472229,-0.03672303259372711,0.02952861785888672,4.583278656005859,-0.16777431964874268,0.15193918347358704
453.0140075683594,0.45479506254196167,-0.008963719010353088,0.0043811798095703125,4.536551475524902,-0.06791210174560547,0.0347074493765831
384.3059997558594,0.49463656544685364,0.006017312407493591,-0.0021762847900390625,4.595308303833008,0.048509180545806885,-0.021605055779218674
439.7860107421875,0.21620874106884003,-0.014813292771577835,0.03518056869506836,2.621176242828369,-0.1319417655467987,0.4436710476875305
86.94200134277344,0.47564050555229187,0.03922114148736,-0.07666158676147461,3.1718826293945312,0.13751059770584106,-0.49057239294052124
725.3820190429688,0.45381706953048706,-0.03643012046813965,0.027583837509155273,4.3826212882995605,-0.28775107860565186,0.2814570963382721
841.0900268554688,0.48900631070137024,0.028541363775730133,-0.01952362060546875,4.556096076965332,0.21263760328292847,-0.19346143305301666
747.1060180664062,0.6267299056053162,0.042970143258571625,-0.07288265228271484,3.875274419784546,0.15445637702941895,-0.49308180809020996
247.75399780273438,0.32849740982055664,0.025062859058380127,-0.04486584663391113,3.3099122047424316,0.19303643703460693,-0.3985862731933594
145.8179931640625,0.46994253993034363,-0.005374625325202942,0.002567291259765625,4.691964626312256,-0.048947930335998535,0.045858804136514664
198.48199462890625,0.15892848372459412,-0.011774718761444092,0.03615105152130127,2.1152963638305664,-0.11530618369579315,0.5087337493896484
216.58599853515625,0.32805687189102173,-0.0020617693662643433,-0.0014433860778808594,2.5211141109466553,-0.009999394416809082,-0.06031718850135803
854.7420043945312,0.5947948694229126,-0.037168949842453,0.027079105377197266,4.417284965515137,-0.20920419692993164,0.19442543387413025
339.7380065917969,0.5958008766174316,-0.03884878754615784,0.025257110595703125,4.5416483879089355,-0.22349536418914795,0.17925824224948883
774.3380126953125,0.5890666842460632,0.027062326669692993,-0.019300460815429688,4.606131076812744,0.16631722450256348,-0.17274467647075653
805.0859985351562,0.15977786481380463,-0.014544468373060226,0.06312751770019531,2.0078980922698975,-0.1284562647342682,0.8326702117919922
260.8739929199219,0.4311313033103943,0.010225772857666016,-0.011774659156799316,4.327291011810303,0.08032798767089844,-0.10577830672264099
204.91400146484375,0.1705958992242813,-0.011507327668368816,0.048329830169677734,2.039996385574341,-0.08729672431945801,0.583138108253479
188.1739959716797,0.33661893010139465,-0.015939921140670776,0.04524517059326172,2.430659294128418,-0.06352972984313965,0.32937631011009216
749.5780029296875,0.4284179210662842,0.03642475605010986,-0.042279720306396484,4.027565956115723,0.25312644243240356,-0.4063602685928345
830.5659790039062,0.460133820772171,0.025508198887109756,-0.03094482421875,4.563477993011475,0.19737625122070312,-0.36723431944847107
651.4539794921875,0.46727439761161804,0.03134272247552872,-0.022364139556884766,4.331676483154297,0.22613781690597534,-0.2122591882944107
751.197998046875,0.4880441129207611,0.021698258817195892,-0.012180805206298828,4.531931400299072,0.173162043094635,-0.09357018768787384
831.3460083007812,0.509793758392334,0.051315728574991226,-0.05936908721923828,3.9157867431640625,0.2899165749549866,-0.41871169209480286
721.14599609375,0.4467023015022278,-0.022384852170944214,0.020793497562408447,4.636081695556641,-0.19696640968322754,0.2184201180934906
855.8779907226562,0.5252151489257812,-0.023380443453788757,0.01577901840209961,4.550057888031006,-0.1562638282775879,0.1193675771355629
870.010009765625,0.37198856472969055,-0.030895203351974487,0.03611564636230469,3.7553186416625977,-0.24781692028045654,0.38355281949043274
178.92599487304688,0.1775856763124466,-0.008226916193962097,0.04820442199707031,1.6588867902755737,-0.03618866205215454,0.47323140501976013
875.614013671875,0.48932957649230957,-0.004422391299158335,-0.004050731658935547,3.4972290992736816,-0.03212845325469971,-0.028349900618195534
913.8460083007812,0.4208671450614929,0.03515785187482834,-0.031213760375976562,4.043761730194092,0.27321988344192505,-0.2972663938999176
723.1099853515625,0.45545631647109985,-0.028811343014240265,0.03566575050354004,4.518428802490234,-0.2247016429901123,0.3716821074485779
787.2459716796875,0.20530752837657928,-0.006645549088716507,0.019886016845703125,2.3335816860198975,-0.05541205406188965,0.2160537987947464
643.1339721679688,0.39281412959098816,-0.04136122763156891,0.04049825668334961,3.9288535118103027,-0.3172006607055664,0.39981022477149963
166.4739990234375,0.4208304286003113,-0.03663089871406555,0.036589622497558594,4.228140830993652,-0.2942624092102051,0.37912943959236145
210.58599853515625,0.22115571796894073,-0.01663839817047119,0.07296895980834961,1.911683201789856,-0.07928746938705444,0.6491813063621521
917.5419921875,0.30359452962875366,0.024945035576820374,-0.01985645294189453,4.235523223876953,0.3148897886276245,-0.2534034550189972
880.9099731445312,0.2948806881904602,-0.024360015988349915,0.047374606132507324,2.97603702545166,-0.18422412872314453,0.4666755497455597
534.1019897460938,0.47527000308036804,0.03817649185657501,-0.05599856376647949,3.7439231872558594,0.2062673568725586,-0.4733333885669708
844.72998046875,0.4732842445373535,0.0051262229681015015,0.01651287078857422,4.509713649749756,0.04365348815917969,0.1837497055530548
435.8580017089844,0.5033783912658691,-0.022753983736038208,0.030690670013427734,3.4701523780822754,-0.09853255748748779,0.20561738312244415
75.58599853515625,0.5062885880470276,0.012017160654067993,-0.031021177768707275,4.321665287017822,0.06616377830505371,-0.2768539488315582
294.9580078125,0.4722256362438202,0.004263952374458313,-0.002949953079223633,4.541749477386475,0.038291335105895996,-0.08188214898109436
507.62200927734375,0.35876017808914185,0.027584731578826904,-0.048822879791259766,3.178880214691162,0.1796954870223999,-0.418414831161499
951.9420166015625,0.6070574522018433,-0.011259734630584717,0.00664520263671875,4.752308368682861,-0.08357596397399902,0.009302351623773575
424.4219970703125,0.4140623211860657,0.003061234951019287,0.0002269744873046875,4.715110778808594,0.030596375465393066,0.01900230161845684
66.91799926757812,0.3578619062900543,0.011908188462257385,-0.021231994032859802,2.7416579723358154,0.058117568492889404,-0.17869305610656738
236.46200561523438,0.5280389785766602,0.0049605220556259155,-0.0009949207305908203,4.709359169006348,0.032333970069885254,-0.026258962228894234
432.3699951171875,0.3562016487121582,-0.0192318856716156,0.04957151412963867,2.6185712814331055,-0.08422303199768066,0.3607217073440552
718.1900024414062,0.49466145038604736,-0.03306536376476288,0.028764963150024414,4.595685958862305,-0.24553227424621582,0.2860555052757263
891.197998046875,0.49743640422821045,0.04314345121383667,-0.06313896179199219,3.8170437812805176,0.20594239234924316,-0.4635893702507019
217.38600158691406,0.18160247802734375,0.0073876939713954926,-0.020769596099853516,2.4218344688415527,0.06884181499481201,-0.29666227102279663
704.2659912109375,0.6345778703689575,0.009449034929275513,-0.002474546432495117,4.618048667907715,0.05055975914001465,-0.01248906645923853
834.197998046875,0.5280596017837524,0.04421365261077881,-0.04792499542236328,4.4087910652160645,0.27354633808135986,-0.42941710352897644
904.4539794921875,0.4624641239643097,0.04060724750161171,-0.05931568145751953,3.98628568649292,0.25990742444992065,-0.5249892473220825
649.1939697265625,0.4673897325992584,0.026677727699279785,-0.037667274475097656,4.318548679351807,0.18752217292785645,-0.35026365518569946
125.28199768066406,0.5934597253799438,0.016874641180038452,-0.018631935119628906,4.6246795654296875,0.09163355827331543,-0.1883569359779358
575.6019897460938,0.5795314311981201,0.042833879590034485,-0.050302743911743164,4.387287139892578,0.2392052412033081,-0.40873780846595764
290.6059875488281,0.575992226600647,-0.05451840162277222,0.07115864753723145,3.9869816303253174,-0.24020600318908691,0.4819764494895935
401.0780029296875,0.2723960876464844,0.011012263596057892,-0.01915121078491211,3.36374831199646,0.1121109277009964,-0.2332981377840042
813.9860229492188,0.4985676407814026,0.016310900449752808,-0.010656356811523438,4.621994495391846,0.1165456771850586,-0.12803611159324646
512.6179809570312,0.4692578911781311,0.015516355633735657,-0.007189273834228516,4.536575794219971,0.12590837478637695,-0.05425102263689041
603.9860229492188,0.6398115754127502,-0.030469924211502075,0.024535655975341797,4.595825672149658,-0.15977787971496582,0.14879588782787323
726.4340209960938,0.6277421712875366,-0.0319209098815918,0.018361330032348633,4.634084701538086,-0.18621039390563965,0.14503507316112518
619.2100219726562,0.5814386010169983,-0.028126850724220276,0.02329382300376892,4.581347465515137,-0.16676461696624756,0.2001681923866272
709.8820190429688,0.6583546996116638,-0.03188246488571167,0.0360187292098999,4.671749114990234,-0.1688380241394043,0.2525555193424225
956.4099731445312,0.5158873200416565,-0.042663589119911194,0.04665374755859375,3.9356749057769775,-0.2359539270401001,0.32555779814720154
178.093994140625,0.16825823485851288,-0.007760118693113327,0.04641389846801758,1.6993379592895508,-0.04615598917007446,0.4712720811367035
465.6860046386719,0.3856964707374573,-0.03309965133666992,0.05537986755371094,3.3985018730163574,-0.20467257499694824,0.41527602076530457
983.8419799804688,0.6294142603874207,0.005362033843994141,-0.0010123252868652344,4.755791187286377,0.040163278579711914,0.01492807362228632
409.25,0.617572009563446,0.027487024664878845,-0.025498390197753906,4.674659252166748,0.1601792275905609,-0.17836402356624603
802.2940063476562,0.21241611242294312,-0.024666115641593933,0.05408525466918945,2.5136687755584717,-0.22745901346206665,0.6425192356109619
618.4140014648438,0.4328502118587494,-0.02955000102519989,0.03050018846988678,4.344407081604004,-0.22848421335220337,0.287409245967865
311.010009765625,0.5494920015335083,-0.0241624116897583,0.023406505584716797,4.573423862457275,-0.1548142433166504,0.20509035885334015
821.7540283203125,0.6281854510307312,0.02944977581501007,-0.018709659576416016,4.4982452392578125,0.160683274269104,-0.1554914265871048
219.197998046875,0.3397185802459717,0.02053821086883545,-0.03567981719970703,3.1669843196868896,0.14914774894714355,-0.27916017174720764
838.6420288085938,0.4452134370803833,0.029230788350105286,-0.03411102294921875,4.409270763397217,0.2442152500152588,-0.3903735280036926
521.6820068359375,0.48609501123428345,0.003607355058193207,-0.0013585090637207031,4.6797261238098145,0.022346854209899902,-0.013929789885878563
500.489990234375,0.23616188764572144,0.007844895124435425,-0.03192615509033203,2.173178195953369,0.04632139205932617,-0.3591386377811432
839.5380249023438,0.538406491279602,0.04338425397872925,-0.04888916015625,4.206942558288574,0.24966514110565186,-0.40609312057495117
757.0980224609375,0.5272925496101379,0.017441123723983765,-0.028907299041748047,4.716182708740234,0.11995172500610352,-0.2522870898246765
756.6339721679688,0.5909752249717712,0.012816935777664185,-0.008106231689453125,4.761113166809082,0.07683968544006348,-0.06304848939180374
884.385986328125,0.46566110849380493,0.012439675629138947,-0.017331302165985107,4.477141857147217,0.0904657244682312,-0.17018212378025055
154.91799926757812,0.4973224997520447,-0.04062625765800476,0.04784107208251953,4.031948089599609,-0.2411288619041443,0.41699498891830444
931.1740112304688,0.48075079917907715,0.010205015540122986,-0.008958816528320312,4.578713417053223,0.08540153503417969,-0.09397042542695999
779.8140258789062,0.5109612941741943,0.0473332405090332,-0.06519603729248047,3.6761233806610107,0.23212891817092896,-0.46307048201560974
628.14599609375,0.4177643060684204,0.009637445211410522,-6.973743438720703e-05,4.150032997131348,0.07909774780273438,0.004171260632574558
650.1060180664062,0.5980839729309082,0.046480774879455566,-0.0563807487487793,4.058820724487305,0.2041168212890625,-0.4003775119781494
566.6259765625,0.5380871295928955,0.03760775923728943,-0.047209203243255615,3.892488479614258,0.18481028079986572,-0.32447269558906555
224.01800537109375,0.44222599267959595,0.020416200160980225,-0.013572216033935547,4.425815582275391,0.16980409622192383,-0.11546789854764938
704.9459838867188,0.6291263103485107,0.0052069127559661865,-0.005942106246948242,4.771833419799805,0.03464388847351074,-0.04070573300123215
656.9539794921875,0.6179531812667847,0.03105570375919342,-0.025734901428222656,4.4423747062683105,0.16112560033798218,-0.19663220643997192
832.0900268554688,0.3576386570930481,0.0334075391292572,-0.036289215087890625,4.096753120422363,0.31210386753082275,-0.40862786769866943
513.6500244140625,0.42639994621276855,0.0055571049451828,-0.0018162727355957031,4.623189449310303,0.05513930320739746,-0.016747305169701576
638.5819702148438,0.3561578691005707,-0.0175778828561306,0.027222633361816406,3.3084590435028076,-0.12475115060806274,0.23344995081424713
566.0900268554688,0.47743985056877136,0.042206406593322754,-0.05922374129295349,3.5577330589294434,0.20999246835708618,-0.4111071527004242
722.885986328125,0.598304271697998,-0.02860039472579956,0.029744505882263184,4.669623851776123,-0.16910183429718018,0.26047220826148987
190.25399780273438,0.3354785740375519,-0.02277078852057457,0.028403043746948242,3.842348098754883,-0.21576830744743347,0.3496236503124237
123.84600067138672,0.49065297842025757,-0.0012402087450027466,0.0011014938354492188,4.699914455413818,-0.01565718650817871,0.028786150738596916
713.0139770507812,0.6165036559104919,-0.04320070147514343,0.03342580795288086,4.5653557777404785,-0.2463916540145874,0.2448960840702057
429.802001953125,0.2599506378173828,-0.016985267400741577,0.014330387115478516,3.8221936225891113,-0.22722387313842773,0.2172074317932129
954.114013671875,0.4951186776161194,-0.0014354139566421509,0.013247489929199219,4.742332458496094,-0.0015869140625,0.19024889171123505
474.5820007324219,0.3431214988231659,0.03489086776971817,-0.04685688018798828,3.4590530395507812,0.2713214159011841,-0.435567170381546
783.3099975585938,0.38747790455818176,0.0067246705293655396,-0.0023937225341796875,4.181099891662598,0.06117093563079834,0.0005217165453359485
501.1499938964844,0.2538323402404785,0.011570997536182404,-0.036210060119628906,2.37217378616333,0.06540882587432861,-0.36434492468833923
270.1180114746094,0.19357529282569885,0.01075061410665512,-0.05621027946472168,1.9767518043518066,0.06035858392715454,-0.5652867555618286
404.12200927734375,0.39638447761535645,0.025721475481987,-0.022286415100097656,3.870272397994995,0.20177865028381348,-0.19957774877548218
167.0540008544922,0.4588996469974518,-0.03961370140314102,0.03621387481689453,4.2519426345825195,-0.29042112827301025,0.3278760612010956
590.573974609375,0.3990415632724762,0.04052828252315521,-0.038239479064941406,3.917970895767212,0.3178348243236542,-0.4185122847557068
845.1259765625,0.45577964186668396,-0.01830790378153324,0.02842998504638672,4.1510844230651855,-0.13025593757629395,0.3407500684261322
58.874000549316406,-3.5236658732173964e-05,4.2247433157172054e-05,5.022156983613968e-06,-0.0018738203216344118,0.0008876948850229383,0.0013608129229396582
634.3499755859375,0.17374083399772644,-0.0016630887985229492,0.004349708557128906,2.283424139022827,-0.029988646507263184,0.05725817754864693
635.3699951171875,0.23326422274112701,-0.0039636194705963135,0.013293266296386719,2.3561134338378906,-0.033475637435913086,0.18413162231445312
140.9219970703125,0.22851333022117615,0.01772688329219818,-0.01943206787109375,4.093327522277832,0.27910804748535156,-0.3495720326900482
537.1380004882812,0.3576061427593231,0.04869794845581055,-0.08980417251586914,2.9331321716308594,0.26770758628845215,-0.7574177980422974
542.0180053710938,0.20905709266662598,6.277859210968018e-05,0.009542465209960938,1.4865162372589111,-0.00586053729057312,0.12040231376886368
499.37799072265625,0.30875474214553833,-0.0004058331251144409,0.0032815933227539062,2.382248878479004,0.0038437247276306152,-0.012709337286651134
890.4739990234375,0.32521963119506836,0.030842497944831848,-0.040250182151794434,3.564363956451416,0.2655336260795593,-0.4092214107513428
656.469970703125,0.44017118215560913,0.028269760310649872,-0.02265763282775879,4.239448070526123,0.21659934520721436,-0.18781626224517822
174.19400024414062,0.4192342758178711,-0.0320022776722908,0.06487464904785156,2.912777900695801,-0.12177461385726929,0.4695521295070648
404.5820007324219,0.3803764581680298,0.02218182384967804,-0.020833969116210938,3.9803214073181152,0.19523334503173828,-0.22297409176826477
145.30599975585938,0.527559220790863,-0.008831501007080078,0.00348663330078125,4.708851337432861,-0.07115209102630615,0.03117857687175274
499.72198486328125,0.22419485449790955,0.0015885084867477417,-0.008571624755859375,2.221449851989746,0.010400831699371338,-0.14944112300872803
635.6740112304688,0.2588649094104767,-0.0055648162961006165,0.013620376586914062,2.5088438987731934,-0.04602539539337158,0.11555082350969315
964.1300048828125,0.4424164891242981,-0.019624918699264526,0.029503345489501953,4.389030456542969,-0.15464437007904053,0.2960852384567261
764.8820190429688,0.6276118159294128,0.019023582339286804,-0.010998725891113281,4.506494045257568,0.10606464743614197,-0.06513779610395432
521.9180297851562,0.48615512251853943,0.0005679726600646973,0.0022783279418945312,4.67937707901001,-0.0055925846099853516,0.02510453388094902
611.8140258789062,0.4844179153442383,-0.05314013361930847,0.06335830688476562,3.875364065170288,-0.30130505561828613,0.49326759576797485
386.69000244140625,0.5302729606628418,0.0017865672707557678,-0.0041904449462890625,4.535618305206299,0.012579560279846191,-0.027443375438451767
622.6380004882812,0.4281088709831238,-0.032319001853466034,0.023931026458740234,4.3064775466918945,-0.2666059732437134,0.23459646105766296
980.7780151367188,0.6437591314315796,0.03298930078744888,-0.028208255767822266,4.446931838989258,0.16875296831130981,-0.21134953200817108
761.8099975585938,0.46882474422454834,0.04236079752445221,-0.0590362548828125,3.5836353302001953,0.20855200290679932,-0.45807570219039917
326.30999755859375,0.461870014667511,-0.0275576189160347,0.01956653594970703,4.621825695037842,-0.2316587120294571,0.1936408132314682
659.6300048828125,0.47030991315841675,0.045692235231399536,-0.08551740646362305,3.19964599609375,0.17751264572143555,-0.4927566945552826
670.781982421875,0.5286821722984314,-0.03371059149503708,0.041880249977111816,3.9635605812072754,-0.17116665840148926,0.2899726331233978
578.177978515625,0.38504642248153687,0.04474274814128876,-0.053442955017089844,4.036868572235107,0.3713088631629944,-0.578193187713623
243.35000610351562,0.29459887742996216,0.0005638971924781799,-0.011775970458984375,2.174738645553589,-0.0017889142036437988,-0.12561781704425812
106.85399627685547,0.38266685605049133,0.03605091944336891,-0.04459571838378906,3.8638575077056885,0.2773389518260956,-0.43498533964157104
585.5139770507812,0.3163355588912964,0.025661304593086243,-0.02060556411743164,4.1918230056762695,0.28625309467315674,-0.2619544565677643
716.4140014648438,0.4859590232372284,-0.039702072739601135,0.03229891508817673,4.477171897888184,-0.30611634254455566,0.3015427589416504
257.48199462890625,0.3674047887325287,0.019497018307447433,-0.02993173897266388,3.4378786087036133,0.13366147875785828,-0.2522194981575012
256.6860046386719,0.3562886714935303,0.0148210059851408,-0.02149777114391327,3.308671236038208,0.10822604596614838,-0.2017572522163391
780.8779907226562,0.5508219599723816,0.04059664532542229,-0.04191875457763672,4.219268798828125,0.22659584879875183,-0.2691524922847748
344.46600341796875,0.407940149307251,-0.04835278168320656,0.0703277587890625,3.375415802001953,-0.28632113337516785,0.5773881673812866
163.68600463867188,0.4195581078529358,-0.034117475152015686,0.03267478942871094,4.206185817718506,-0.26416510343551636,0.3320130705833435
742.64599609375,0.24369220435619354,0.022956639528274536,-0.06331777572631836,2.3389782905578613,0.1433885097503662,-0.6418563723564148
589.7420043945312,0.2595553994178772,0.029447145760059357,-0.0326995849609375,3.837475538253784,0.3709787130355835,-0.4555394649505615
605.4420166015625,0.31547799706459045,-0.025208458304405212,0.02158832550048828,4.382460117340088,-0.2992994785308838,0.3068663775920868
630.6259765625,0.3342719078063965,-0.01999582350254059,0.026142358779907227,3.1810226440429688,-0.15028953552246094,0.22858990728855133
371.1419982910156,0.4716939330101013,0.029236868023872375,-0.032235145568847656,4.395191669464111,0.2052762508392334,-0.2901240289211273
437.4779968261719,0.358839750289917,-0.009641245007514954,0.014496803283691406,3.052963972091675,-0.06675839424133301,0.10449539124965668
607.4500122070312,0.3099486529827118,-0.025498878210783005,0.0211334228515625,4.298238754272461,-0.3149762749671936,0.3279185891151428
831.0059814453125,0.5470249652862549,0.04376848787069321,-0.06058692932128906,4.247593879699707,0.2397921085357666,-0.5178060531616211
889.9819946289062,0.45523521304130554,0.04216659069061279,-0.06552624702453613,3.3972976207733154,0.19798073172569275,-0.5643001794815063
593.3699951171875,0.17830029129981995,-0.00019197911024093628,0.020539283752441406,1.7741762399673462,0.009699702262878418,0.2610112726688385
967.6099853515625,0.5878399610519409,-0.044633567333221436,0.043351173400878906,4.2195210456848145,-0.2290654182434082,0.27876800298690796
343.8299865722656,0.5554720163345337,-0.05063368380069733,0.07442855834960938,3.7363290786743164,-0.21136796474456787,0.551827073097229
250.02999877929688,0.520495593547821,0.023905843496322632,-0.015001803636550903,4.3683977127075195,0.16025066375732422,-0.1167030856013298
578.9500122070312,0.3698875904083252,0.04260079562664032,-0.051671504974365234,3.8757481575012207,0.35767900943756104,-0.5196437239646912
862.8099975585938,0.5527607202529907,-0.03940790891647339,0.0341191291809082,4.291078567504883,-0.23890066146850586,0.2343054562807083
639.9860229492188,0.5085521340370178,-0.037919044494628906,0.05821561813354492,3.5739502906799316,-0.16691851615905762,0.42479413747787476
858.4099731445312,0.4844382107257843,-0.009322240948677063,0.0079803466796875,4.6790971755981445,-0.07390069961547852,0.05644705519080162
947.030029296875,0.4782746434211731,-0.04618941247463226,0.049071311950683594,3.988776922225952,-0.2939670979976654,0.43528836965560913
489.64599609375,0.3651196360588074,0.027260154485702515,-0.026450157165527344,4.3541717529296875,0.26868510246276855,-0.3334941565990448
881.614013671875,0.32175320386886597,-0.0287054181098938,0.038286030292510986,3.5157904624938965,-0.24360525608062744,0.4087143540382385
427.45001220703125,0.4585825502872467,-0.044352978467941284,0.06835365295410156,3.411147117614746,-0.20987117290496826,0.44613584876060486
612.9180297851562,0.5036287307739258,-0.0481262244284153,0.06880855560302734,3.7553398609161377,-0.23529091477394104,0.5229649543762207
374.29400634765625,0.44715386629104614,0.001164257526397705,0.019641876220703125,4.278976917266846,0.015354275703430176,0.20322369039058685
841.4340209960938,0.6495792865753174,0.03491120785474777,-0.026647567749023438,4.667243480682373,0.18871331214904785,-0.2222762107849121
393.30999755859375,0.4131757616996765,0.04476363956928253,-0.06701850891113281,3.5660738945007324,0.285645067691803,-0.6091892719268799
623.2899780273438,0.3572683036327362,-0.022443607449531555,0.01427304744720459,4.4724202156066895,-0.23611479997634888,0.1959705799818039
891.0659790039062,0.4310816824436188,0.0393335223197937,-0.05383038520812988,3.742283821105957,0.24670469760894775,-0.48576951026916504
509.1700134277344,0.3440229594707489,0.02527734264731407,-0.03536081314086914,3.456669569015503,0.19549649953842163,-0.35412895679473877
489.3139953613281,0.47700193524360657,0.028630971908569336,-0.028473854064941406,4.416537284851074,0.21524345874786377,-0.28302645683288574
423.34600830078125,0.5649946928024292,0.007507890462875366,-0.009634017944335938,4.716455459594727,0.03776192665100098,-0.0842059776186943
876.8779907226562,0.2520412802696228,-0.011541642248630524,0.05372428894042969,1.811332106590271,-0.044133782386779785,0.4073612093925476
197.4499969482422,0.3349858522415161,-0.02089156210422516,0.05913519859313965,2.4672253131866455,-0.09971809387207031,0.5123253464698792
220.78199768066406,0.31470879912376404,0.028266465291380882,-0.04389667510986328,3.2990317344665527,0.21844400465488434,-0.44904327392578125
159.64599609375,0.420376718044281,-0.044812947511672974,0.03948497772216797,4.046916961669922,-0.34982848167419434,0.34663936495780945
69.73799896240234,0.3999212682247162,0.011806458234786987,-0.011120915412902832,3.5820631980895996,0.09557187557220459,-0.1151275783777237
679.6420288085938,0.43327489495277405,-0.03318684548139572,0.024519920349121094,4.334599018096924,-0.27211952209472656,0.241994708776474
555.6099853515625,0.25184109807014465,-0.015030428767204285,0.07688009738922119,1.9311660528182983,-0.03364759683609009,0.5377581119537354
248.18600463867188,0.4065345823764801,0.031026631593704224,-0.04245024919509888,3.6587178707122803,0.20213496685028076,-0.35715532302856445
468.98199462890625,0.5564181208610535,-0.016420558094978333,0.009344100952148438,4.63328218460083,-0.11371031403541565,0.07484055310487747
895.5460205078125,0.339120090007782,0.049129635095596313,-0.07267522811889648,3.341553211212158,0.37115299701690674,-0.6745962500572205
210.37399291992188,0.26848387718200684,-0.018525537103414536,0.09179496765136719,1.9233486652374268,-0.05402374267578125,0.6417035460472107
204.8300018310547,0.20862886309623718,-0.012026691809296608,0.059712886810302734,2.020521640777588,-0.061180680990219116,0.5608210563659668
372.25799560546875,0.4493284523487091,0.024467378854751587,-0.01685333251953125,4.485809326171875,0.19661283493041992,-0.17141519486904144
194.79400634765625,0.49502164125442505,-0.002143368124961853,0.002380847930908203,4.564951419830322,-0.01524043083190918,0.047263335436582565
432.2340087890625,0.308494508266449,-0.017248257994651794,0.040448665618896484,2.6344034671783447,-0.0996328592300415,0.34046217799186707
67.58999633789062,0.24026483297348022,0.01001855731010437,-0.01640412211418152,3.0043139457702637,0.1018403172492981,-0.2051084190607071
859.1300048828125,0.5520747303962708,-0.002167046070098877,-0.0037665367126464844,4.748545169830322,-0.019098758697509766,-0.045922622084617615
499.5140075683594,0.3213197588920593,-0.0009485185146331787,-0.0038404464721679688,2.3438713550567627,-0.008868992328643799,-0.08130743354558945
575.3460083007812,0.33968818187713623,0.02701345458626747,-0.0210573673248291,4.459949016571045,0.307073712348938,-0.24483247101306915
224.68600463867188,0.6078126430511475,0.01670241355895996,-0.015385150909423828,4.601338863372803,0.08742403984069824,-0.09295443445444107
554.6259765625,0.2063170075416565,-0.014750989153981209,0.08009621500968933,1.8009096384048462,-0.0652046799659729,0.6582346558570862
188.6739959716797,0.4111174941062927,-0.019624024629592896,0.055754661560058594,2.7051451206207275,-0.06245076656341553,0.37422776222229004
402.92999267578125,0.3436102569103241,0.0263395756483078,-0.038933753967285156,3.3452587127685547,0.19150710105895996,-0.3567022979259491
822.4459838867188,0.40825796127319336,0.017458468675613403,-0.009578227996826172,4.65133810043335,0.17250573635101318,-0.12493184208869934
711.1179809570312,0.4839130640029907,-0.0312875434756279,0.02877330780029297,4.486591815948486,-0.23558133840560913,0.2575913369655609
827.7420043945312,0.5099550485610962,0.03661622107028961,-0.03796720504760742,4.5483222007751465,0.25554418563842773,-0.30340173840522766
605.6019897460938,0.703400731086731,-0.04618164896965027,0.05000925064086914,4.446352481842041,-0.17436695098876953,0.3402835726737976
404.7139892578125,0.5298677086830139,0.02878706157207489,-0.02850055694580078,4.049225807189941,0.16040897369384766,-0.2296905368566513
563.9500122070312,0.3173352777957916,0.03379245847463608,-0.09995085000991821,2.4913554191589355,0.15034520626068115,-0.7089388966560364
802.8779907226562,0.2929781973361969,-0.02958589978516102,0.0939631462097168,2.194514274597168,-0.11772565543651581,0.7308980822563171
840.1339721679688,0.5120331645011902,0.03910025954246521,-0.029802322387695312,4.451690673828125,0.27195560932159424,-0.21587638556957245
897.2780151367188,0.42033281922340393,0.04103158414363861,-0.0758519172668457,3.374541759490967,0.20103442668914795,-0.5977134108543396
978.0540161132812,0.3363802433013916,0.02981477975845337,-0.03162956237792969,3.6752805709838867,0.2712271213531494,-0.31749358773231506
341.0459899902344,0.5672311782836914,-0.03335284814238548,0.03239250183105469,4.402327537536621,-0.2001200169324875,0.2894360423088074
313.0419921875,0.6019546389579773,-0.03458996117115021,0.01857900619506836,4.5490031242370605,-0.19926810264587402,0.15440940856933594
436.1780090332031,0.45152103900909424,-0.018726468086242676,0.02181863784790039,3.5263442993164062,-0.10366594791412354,0.146689772605896
85.08599853515625,0.5447501540184021,0.03190186619758606,-0.035246849060058594,4.1239013671875,0.18107092380523682,-0.30208373069763184
125.81400299072266,0.6995259523391724,0.023237913846969604,-0.02651214599609375,4.631196975708008,0.1108849048614502,-0.15138080716133118
625.14599609375,0.4678071439266205,-0.014248445630073547,0.013617277145385742,4.675714492797852,-0.12327933311462402,0.10496912151575089
165.8179931640625,0.45087936520576477,-0.02885378897190094,0.03373146057128906,4.3228960037231445,-0.21941733360290527,0.3285336196422577
777.8779907226562,0.41235268115997314,0.04485795646905899,-0.07915687561035156,3.018570899963379,0.19890263676643372,-0.6294324398040771
380.510009765625,0.4243617355823517,-0.04068337008357048,0.027801513671875,4.080480575561523,-0.31613755226135254,0.24971607327461243
830.3660278320312,0.4438009262084961,0.021456442773342133,-0.021574020385742188,4.643773555755615,0.17994379997253418,-0.25430598855018616
113.1780014038086,0.39964163303375244,0.03146722912788391,-0.038916587829589844,4.024633884429932,0.24077701568603516,-0.3850497901439667
197.697998046875,0.3226826786994934,-0.02157936990261078,0.06797623634338379,2.154664993286133,-0.07300996780395508,0.4444965124130249
661.7860107421875,0.601748526096344,0.04126334190368652,-0.03326714038848877,4.191216945648193,0.20784366130828857,-0.22519539296627045
243.67799377441406,0.203501358628273,0.004594072699546814,-0.028417110443115234,1.9372625350952148,0.03358739614486694,-0.267287939786911
158.28199768066406,0.45869630575180054,-0.04288573935627937,0.050826072692871094,4.234162330627441,-0.3051202893257141,0.508689284324646
647.8820190429688,0.6597450971603394,-0.007788151502609253,0.0075740814208984375,4.711181640625,-0.03953385353088379,0.0636877715587616
299.24200439453125,0.45623043179512024,-0.016700413078069687,0.009582996368408203,4.7403764724731445,-0.15592697262763977,0.04572908207774162
677.9459838867188,0.49184662103652954,-0.04428693652153015,0.048958539962768555,3.840250015258789,-0.25179219245910645,0.36782580614089966
859.3660278320312,0.4742226004600525,-0.0020410865545272827,0.00415802001953125,4.730105876922607,-0.014409065246582031,0.041988398879766464
238.80599975585938,0.4612390697002411,0.0009106844663619995,-0.002887248992919922,4.601589679718018,0.009174823760986328,-0.050308771431446075
799.4340209960938,0.602059543132782,-0.03952045738697052,0.041881561279296875,4.416642665863037,-0.21853655576705933,0.31768348813056946
749.469970703125,0.4832720458507538,0.03895396739244461,-0.05262613296508789,3.937255620956421,0.22437125444412231,-0.41287127137184143
152.8419952392578,0.6576866507530212,-0.03350386023521423,0.05484199523925781,4.279012680053711,-0.13108396530151367,0.3813643753528595
283.6860046386719,0.4025975465774536,-0.036615628749132156,0.0405677855014801,4.061667442321777,-0.2841266095638275,0.3863227069377899
916.8099975585938,0.5562989711761475,0.04466184973716736,-0.05040740966796875,4.210154056549072,0.23622465133666992,-0.3738017678260803
571.6300048828125,0.5704956650733948,0.04433333873748779,-0.05571746826171875,3.8906102180480957,0.18935561180114746,-0.338126003742218
621.6380004882812,0.4899556040763855,-0.045633986592292786,0.04769337177276611,3.980095386505127,-0.2664029598236084,0.3915715217590332
935.6740112304688,0.3521994948387146,-0.017089098691940308,0.057341575622558594,2.6001136302948,-0.054605960845947266,0.38945111632347107
560.27001953125,0.6682138442993164,-0.018403083086013794,0.015236616134643555,4.617408275604248,-0.08708274364471436,0.11961893737316132
123.58599853515625,0.6229042410850525,0.0014391541481018066,0.0013523101806640625,4.703704833984375,0.005855560302734375,0.012172076851129532
254.33799743652344,0.5066017508506775,0.0020612776279449463,-0.0005879998207092285,4.151184558868408,0.014437496662139893,-0.007577924523502588
917.2659912109375,0.594210147857666,0.044545501470565796,-0.0477752685546875,4.151687145233154,0.20458507537841797,-0.3241850733757019
115.02200317382812,0.45651471614837646,0.030812054872512817,-0.02645111083984375,4.254880428314209,0.2359706163406372,-0.26284679770469666
710.1339721679688,0.5163698196411133,-0.03302014619112015,0.025705933570861816,4.59903621673584,-0.24105334281921387,0.21813923120498657
147.3419952392578,0.3739607632160187,-0.03140746057033539,0.09741592407226562,2.3399007320404053,-0.07268939912319183,0.6341902017593384
158.85400390625,0.44266319274902344,-0.048555441200733185,0.04740142822265625,4.091424942016602,-0.3558039665222168,0.47010117769241333
573.9140014648438,0.5436334609985352,0.04666251689195633,-0.04647684097290039,4.2459917068481445,0.27410316467285156,-0.3546905219554901
180.697998046875,0.20165589451789856,-0.009651975706219673,0.05497121810913086,1.8221282958984375,-0.03701140731573105,0.5262706279754639
705.2020263671875,0.4765528440475464,0.003322914242744446,-0.0015120506286621094,4.784731864929199,0.021807193756103516,-0.02215556427836418
113.66600036621094,0.4152528643608093,0.03869257867336273,-0.043831825256347656,4.002453804016113,0.29533159732818604,-0.40454137325286865
286.8179931640625,0.43544843792915344,-0.042582377791404724,0.031545042991638184,4.375746726989746,-0.3447248339653015,0.3118439018726349
857.8099975585938,0.6372822523117065,-0.010689318180084229,0.008199214935302734,4.691534519195557,-0.05765509605407715,0.09827176481485367
974.1820068359375,0.36388352513313293,0.0014298111200332642,-0.010679244995117188,4.510184288024902,0.01956796646118164,-0.1922147423028946
78.61000061035156,0.4046967923641205,0.02572225034236908,-0.02312159538269043,4.233139991760254,0.22331690788269043,-0.28948742151260376
621.5139770507812,0.388353556394577,-0.03949049115180969,0.04326331615447998,3.918790340423584,-0.315047025680542,0.4169253706932068
484.85400390625,0.2702028155326843,0.02073919028043747,-0.063629150390625,2.536775588989258,0.1209723949432373,-0.5404583215713501
789.4019775390625,0.18928807973861694,-0.008693568408489227,0.04422473907470703,1.8353323936462402,-0.050988733768463135,0.4241715669631958
269.0539855957031,0.20116011798381805,0.011991240084171295,-0.05560636520385742,1.8597211837768555,0.05675828456878662,-0.5201104283332825
842.3060302734375,0.4408741891384125,0.01588396355509758,-0.008439064025878906,4.6147966384887695,0.14676770567893982,-0.07446565479040146
496.2099914550781,0.561558187007904,0.004724740982055664,-0.0019588470458984375,4.241206169128418,0.02945864200592041,-0.019482918083667755
948.2100219726562,0.434196799993515,-0.03447525203227997,0.02434062957763672,4.3692450523376465,-0.2824244499206543,0.2383819818496704
642.7780151367188,0.5141783952713013,-0.04898223653435707,0.064300537109375,3.893239974975586,-0.2569007873535156,0.5016983151435852
721.4860229492188,0.46445173025131226,-0.02578037977218628,0.021785616874694824,4.460596084594727,-0.1910231113433838,0.1752016395330429
750.0499877929688,0.4442134499549866,0.034795522689819336,-0.03648805618286133,4.266381740570068,0.25795483589172363,-0.2996522784233093
533.27001953125,0.471500962972641,0.03676276281476021,-0.07652831077575684,3.243328332901001,0.1342562884092331,-0.5407576560974121
362.4259948730469,0.26118525862693787,0.020924068987369537,-0.05494880676269531,2.511338949203491,0.14169788360595703,-0.5336697101593018
535.7420043945312,0.37314873933792114,0.0433683842420578,-0.05618715286254883,3.598658800125122,0.3218598961830139,-0.5103799700737
306.3179931640625,0.4009428322315216,-0.029018789529800415,0.031178951263427734,4.332375526428223,-0.26055002212524414,0.3845278024673462
138.85400390625,0.3272719383239746,0.03105071187019348,-0.06712913513183594,2.7448554039001465,0.17872333526611328,-0.5356730818748474
819.6220092773438,0.4157313406467438,0.03984631597995758,-0.03821229934692383,4.0118489265441895,0.3103351593017578,-0.3947441577911377
979.385986328125,0.4754554033279419,0.028805315494537354,-0.02259969711303711,4.251864910125732,0.20334351062774658,-0.17033877968788147
912.5419921875,0.38081446290016174,0.03757055103778839,-0.04207038879394531,3.822559356689453,0.30461692810058594,-0.38703709840774536
455.95001220703125,0.27076786756515503,-0.023877061903476715,0.03941154479980469,2.9895482063293457,-0.19778120517730713,0.4335744380950928
114.08200073242188,0.2925630807876587,0.028286635875701904,-0.02605152130126953,4.064419746398926,0.3413662910461426,-0.41021397709846497
918.5139770507812,0.4030163288116455,0.04358910396695137,-0.052814483642578125,3.8507254123687744,0.310319721698761,-0.5274826288223267
893.5460205078125,0.43987390398979187,0.049623969942331314,-0.05269026756286621,3.9353654384613037,0.33510124683380127,-0.5217506885528564
120.34200286865234,0.7109411358833313,0.03508031368255615,-0.017149925231933594,4.519236087799072,0.15904879570007324,-0.1301158368587494
337.1059875488281,0.501133143901825,-0.003896772861480713,0.0030536651611328125,4.831912994384766,-0.0391845703125,0.01354996208101511
892.2420043945312,0.4005308151245117,0.03465566039085388,-0.032572031021118164,4.196577072143555,0.2965233325958252,-0.39297977089881897
705.9500122070312,0.4957212805747986,0.003245517611503601,-0.0032274723052978516,4.777834892272949,0.02314019203186035,-0.050853975117206573
297.5140075683594,0.44424280524253845,-0.01145036518573761,0.010185956954956055,4.62433385848999,-0.10744237899780273,0.10296930372714996
727.8779907226562,0.6252284049987793,-0.015477508306503296,0.0023920536041259766,4.633182525634766,-0.09499359130859375,0.05140814185142517
504.5140075683594,0.3564422130584717,0.018671303987503052,-0.01287698745727539,4.064759254455566,0.1694626808166504,-0.14540989696979523
124.72599792480469,0.4827726483345032,0.007967948913574219,-0.01692676544189453,4.613932132720947,0.04828476905822754,-0.15414026379585266
701.6019897460938,0.5904659032821655,0.03653833270072937,-0.029030203819274902,4.369128704071045,0.19303107261657715,-0.2075107842683792
905.7420043945312,0.3615647256374359,0.04229092597961426,-0.0599822998046875,3.3750038146972656,0.3015073537826538,-0.5689548850059509
285.7139892578125,0.5473498106002808,-0.04622267186641693,0.04891657829284668,4.28579568862915,-0.26069068908691406,0.38127878308296204
61.465999603271484,-5.2856656111544e-05,6.337426748359576e-05,1.295190304517746e-05,-0.0018940907903015614,0.0007380442111752927,0.001393245067447424
410.9739990234375,0.4745119512081146,0.013980820775032043,0.0017876625061035156,4.5532073974609375,0.12361347675323486,0.0640110969543457
625.5780029296875,0.5787343978881836,-0.01472616195678711,0.010085344314575195,4.503198146820068,-0.09029853343963623,0.08768817037343979
668.6740112304688,0.4990342855453491,-0.005792856216430664,0.011451363563537598,4.710051536560059,-0.03365349769592285,0.16425274312496185
76.4540023803711,0.42843231558799744,0.03644391894340515,-0.05023980140686035,3.8389761447906494,0.24295330047607422,-0.43993574380874634
883.6060180664062,0.5853440165519714,-0.031011223793029785,0.022416681051254272,4.609985828399658,-0.17601364850997925,0.12231571972370148
707.469970703125,0.48380494117736816,-0.018320754170417786,0.02381420135498047,4.651087760925293,-0.1356959342956543,0.22351756691932678
903.8179931640625,0.5814474821090698,0.049372732639312744,-0.05430316925048828,4.074755668640137,0.22926035523414612,-0.37228134274482727
760.1900024414062,0.4249093532562256,0.02892124652862549,-0.044170379638671875,4.058650016784668,0.2133372724056244,-0.4377853274345398
159.302001953125,0.3917103111743927,-0.04276864230632782,0.0500030517578125,3.938178539276123,-0.3391503095626831,0.5155052542686462
518.469970703125,0.42797988653182983,0.0162869393825531,-0.01186513900756836,4.289732933044434,0.1287398338317871,-0.08275182545185089
168.85000610351562,0.5518871545791626,-0.037520162761211395,0.019354820251464844,4.592142581939697,-0.253797709941864,0.15889085829257965
680.2659912109375,0.6418795585632324,-0.03495882451534271,0.02213001251220703,4.434154510498047,-0.1832793653011322,0.1657770872116089
347.7619934082031,0.5791630744934082,-0.03465396910905838,0.04265785217285156,4.377152919769287,-0.18401432037353516,0.3123646080493927
595.8460083007812,0.42102134227752686,-0.02223546802997589,0.041657447814941406,3.166569471359253,-0.10035562515258789,0.3534919321537018
241.74200439453125,0.32195982336997986,0.0006090104579925537,-0.0010561943054199219,3.204254150390625,-0.0018858909606933594,-0.01938755065202713
279.43798828125,0.32169589400291443,-0.018860694020986557,0.04711282253265381,2.904698371887207,-0.11008147895336151,0.3908344805240631
318.1099853515625,0.5794859528541565,-0.016898199915885925,0.010745525360107422,4.671685218811035,-0.10144686698913574,0.07166633754968643
217.85800170898438,0.3519589304924011,0.015459299087524414,-0.04782295227050781,2.511658191680908,0.05298793315887451,-0.32115745544433594
909.0139770507812,0.469741553068161,0.02428080141544342,-0.014742851257324219,4.512191295623779,0.18484103679656982,-0.13796131312847137
845.0180053710938,0.4150192439556122,-0.012505017220973969,0.02714061737060547,4.277769565582275,-0.10665848851203918,0.28409236669540405
312.1499938964844,0.3389509618282318,-0.022502034902572632,0.01613903045654297,4.480423450469971,-0.26237964630126953,0.20898984372615814
680.9459838867188,0.571303129196167,-0.016603920608758926,-0.0020036697387695312,4.482773303985596,-0.0995245948433876,-0.051277682185173035
400.62200927734375,0.3541618585586548,0.004043294116854668,-0.013127803802490234,3.629021406173706,0.027534320950508118,-0.13706515729427338
405.34600830078125,0.45975133776664734,0.022083669900894165,-0.005810737609863281,4.281825065612793,0.18424773216247559,-0.08254203200340271
565.3300170898438,0.3356143832206726,0.03703245520591736,-0.06064816191792488,3.14825439453125,0.2507489323616028,-0.5094060301780701
845.4660034179688,0.36184820532798767,-0.027736034244298935,0.045203208923339844,3.6836445331573486,-0.21069803833961487,0.5217499732971191
587.0859985351562,0.5617974996566772,0.04833325371146202,-0.06118631362915039,4.127851486206055,0.23733291029930115,-0.4962962865829468
450.8139953613281,0.3558553457260132,-0.01191941648721695,0.006622314453125,4.455598831176758,-0.129075288772583,0.07311227172613144
923.1220092773438,0.2812703549861908,-0.024703651666641235,0.032474517822265625,3.724015235900879,-0.2837594747543335,0.43899351358413696
279.6780090332031,0.31763505935668945,-0.019744396209716797,0.04050898551940918,3.1078226566314697,-0.13840769231319427,0.38097426295280457
493.4620056152344,0.5323907732963562,0.014073356986045837,-0.009337425231933594,4.767397403717041,0.09515607357025146,-0.09161843359470367
585.614013671875,0.420522004365921,0.031234651803970337,-0.02707958221435547,4.225159168243408,0.26073622703552246,-0.2785569727420807
412.0379943847656,0.5998221039772034,0.004789084196090698,0.008249759674072266,4.6767377853393555,0.0501101016998291,0.04894606024026871
465.3699951171875,0.4128391444683075,-0.03241574764251709,0.06877708435058594,3.179677724838257,-0.14291489124298096,0.5063179135322571
618.3140258789062,0.446223646402359,-0.03131444752216339,0.02611979842185974,4.317838191986084,-0.24945572018623352,0.26756855845451355
178.6060028076172,0.25417807698249817,-0.009205996990203857,0.07048988342285156,1.7110118865966797,-0.005957484245300293,0.3921884000301361
759.8820190429688,0.5984814763069153,0.023980382829904556,-0.033640384674072266,4.331504821777344,0.11641031503677368,-0.2845526933670044
343.0260009765625,0.4951578974723816,-0.04566745460033417,0.049590110778808594,3.900895118713379,-0.26544106006622314,0.36636513471603394
145.19400024414062,0.5135698318481445,-0.00893332064151764,0.004619598388671875,4.723684310913086,-0.07552623748779297,0.05103319138288498
548.47802734375,0.24246980249881744,-0.012813255190849304,0.08384203910827637,1.799561619758606,-0.025910496711730957,0.6313076615333557
903.6740112304688,0.49275094270706177,0.04346669837832451,-0.0514678955078125,4.005079746246338,0.24418962001800537,-0.3820638656616211
887.3779907226562,0.4493454098701477,0.019253358244895935,-0.014862239360809326,4.480949401855469,0.16077923774719238,-0.1322004497051239
282.0140075683594,0.45034855604171753,-0.03446181118488312,0.046578407287597656,3.897874593734741,-0.22510647773742676,0.42022255063056946
84.71800231933594,0.4136980175971985,0.02633291482925415,-0.02545642852783203,4.035576343536377,0.2017577886581421,-0.23163899779319763
791.47802734375,0.2043561041355133,-0.012562752701342106,0.0495452880859375,2.0548455715179443,-0.07605092972517014,0.46262896060943604
235.44200134277344,0.4939139485359192,0.00401073694229126,0.0023293495178222656,4.754094123840332,0.03627455234527588,0.023564983159303665
725.073974609375,0.5124486088752747,-0.04318562150001526,0.03465461730957031,4.442647933959961,-0.29974472522735596,0.2968023717403412
939.4860229492188,0.6140605211257935,-0.026442572474479675,0.02184581756591797,4.314331531524658,-0.14321672916412354,0.169621542096138
974.4819946289062,0.36145710945129395,0.017008185386657715,-0.0350797176361084,3.992621898651123,0.16132104396820068,-0.41330432891845703
60.38199996948242,-3.4421209420543164e-05,3.4664084523683414e-05,2.4051405489444733e-06,-0.0007445696392096579,0.0003598931943997741,-0.0019650140311568975
981.7940063476562,0.6913421750068665,0.031934645026922226,-0.020757675170898438,4.585650444030762,0.1522378921508789,-0.11479534208774567
304.7300109863281,0.5752118229866028,-0.034935951232910156,0.022350549697875977,4.668401718139648,-0.22257447242736816,0.17867274582386017
733.7780151367188,0.28032398223876953,0.027592606842517853,-0.0683058500289917,2.4934515953063965,0.16531968116760254,-0.5670093894004822
492.302001953125,0.5446253418922424,0.021340414881706238,-0.014574050903320312,4.571383476257324,0.13669276237487793,-0.10793201625347137
272.4419860839844,0.3011637032032013,0.009915411472320557,-0.011985540390014648,2.3966290950775146,0.0453944206237793,-0.09220324456691742
213.48599243164062,0.3136802613735199,-0.027911178767681122,0.04615926742553711,3.3116960525512695,-0.22086822986602783,0.4991406500339508
264.7380065917969,0.5606638193130493,0.0057131946086883545,-0.001077890396118164,4.685306549072266,0.05098724365234375,-0.006837749853730202
426.85400390625,0.2896837592124939,-0.03294090926647186,0.05331134796142578,3.1534318923950195,-0.27557146549224854,0.5266693830490112
985.9099731445312,0.3956493139266968,0.003209628164768219,-0.003433704376220703,4.717997074127197,0.03066253662109375,-0.04189354181289673
992.7780151367188,0.41974878311157227,0.02693822979927063,-0.03294181823730469,4.353877067565918,0.23119395971298218,-0.3504614531993866
662.8140258789062,0.6338207721710205,0.0319870263338089,-0.017254233360290527,4.531676769256592,0.1891113519668579,-0.1033838614821434
352.54998779296875,0.6161320209503174,-0.016061216592788696,0.021619796752929688,4.678283214569092,-0.08473014831542969,0.1759921908378601
923.5700073242188,0.4041346311569214,-0.028984323143959045,0.03342437744140625,3.8788223266601562,-0.21963202953338623,0.3418525159358978
700.4420166015625,0.2950766384601593,0.031766075640916824,-0.028486132621765137,3.916032552719116,0.36116600036621094,-0.37391096353530884
899.0859985351562,0.2684853672981262,0.027348585426807404,-0.06995439529418945,2.488069534301758,0.16639864444732666,-0.6251592636108398
441.0140075683594,0.41800981760025024,-0.025608167052268982,0.04282855987548828,3.176922559738159,-0.13373315334320068,0.3098166882991791
715.1259765625,0.5377411842346191,-0.03722226619720459,0.025576412677764893,4.6579976081848145,-0.2517828941345215,0.22090215981006622
117.79000091552734,0.499725341796875,0.03921093791723251,-0.03625965118408203,4.451121807098389,0.2714630365371704,-0.27805039286613464
263.9179992675781,0.33509257435798645,0.004631549119949341,-0.002747178077697754,4.663525581359863,0.055078744888305664,-0.03942118585109711
634.0460205078125,0.3052014112472534,-0.0010221898555755615,0.006418466567993164,2.3020431995391846,-0.0009845495223999023,0.08568514883518219
972.8419799804688,0.607978105545044,0.0019169449806213379,-0.004773855209350586,4.60331916809082,0.01530146598815918,-0.0261885616928339
703.5460205078125,0.444818377494812,0.011372298002243042,-0.007094383239746094,4.641656875610352,0.09814023971557617,-0.07288006693124771
357.9460144042969,0.2762521207332611,-0.0006114020943641663,0.0044918060302734375,2.724456787109375,0.0008385181427001953,0.04776844009757042
755.7459716796875,0.6466430425643921,0.029375582933425903,-0.018951416015625,4.780858516693115,0.16579914093017578,-0.12490718811750412
720.9459838867188,0.4278920292854309,-0.0160352885723114,0.022176742553710938,4.650984764099121,-0.1413419246673584,0.2338310033082962
203.2100067138672,0.1835596263408661,-0.008757896721363068,0.05395406484603882,1.6449072360992432,-0.03038036823272705,0.5069636106491089
103.99400329589844,0.25652173161506653,0.027820555493235588,-0.04333066940307617,3.2366104125976562,0.28083330392837524,-0.5897836685180664
183.4459991455078,0.3457983434200287,-0.017530128359794617,0.05156564712524414,2.490583658218384,-0.06340867280960083,0.3375469744205475
109.52200317382812,0.35162797570228577,0.030698727816343307,-0.06077384948730469,3.244246244430542,0.1996738463640213,-0.5867177844047546
419.7380065917969,0.4120284914970398,0.03346782922744751,-0.026296138763427734,4.300566673278809,0.28291988372802734,-0.26240456104278564
982.2260131835938,0.5408937335014343,0.022156551480293274,-0.017392635345458984,4.659083366394043,0.1511397361755371,-0.14977191388607025
915.0659790039062,0.5276138186454773,0.02803283929824829,-0.02490711212158203,4.380862236022949,0.17752063274383545,-0.20268695056438446
342.12200927734375,0.40121158957481384,-0.04137207567691803,0.047850608825683594,3.8283019065856934,-0.3119466304779053,0.44816797971725464
470.6059875488281,0.49474167823791504,-0.005355845671147108,0.005351066589355469,4.7473464012146,-0.052945706993341446,0.050235018134117126
160.29400634765625,0.3651092052459717,-0.03358331322669983,0.03008270263671875,4.339963436126709,-0.33691084384918213,0.34566378593444824
221.9459991455078,0.38711073994636536,0.03230118751525879,-0.03885078430175781,3.7440643310546875,0.23650407791137695,-0.383143812417984
549.64599609375,0.17535187304019928,-0.012198577634990215,0.06308269500732422,1.754746913909912,-0.056754887104034424,0.6070587038993835
633.3140258789062,0.20601323246955872,-0.0005127489566802979,-0.004076957702636719,2.260667324066162,-0.0035827159881591797,-0.022101320326328278
72.98600006103516,0.4281498193740845,0.0016860663890838623,-0.00019484758377075195,4.471303939819336,0.022410154342651367,0.027737190946936607
621.2020263671875,0.3726329803466797,-0.03942336142063141,0.043886542320251465,3.8935608863830566,-0.3313511610031128,0.46152517199516296
248.51800537109375,0.3810904026031494,0.02798829972743988,-0.03414827585220337,3.837395668029785,0.22469139099121094,-0.3571189045906067
697.0859985351562,0.4760788679122925,-0.0008338093757629395,0.0019863247871398926,4.7719902992248535,-0.009240150451660156,-0.004431173205375671
267.989990234375,0.4673711657524109,0.008747249841690063,-0.03453516960144043,3.145639419555664,0.035181522369384766,-0.2640913426876068
212.58999633789062,0.29010701179504395,-0.025943830609321594,0.05829668045043945,2.7984495162963867,-0.16903318464756012,0.5592150092124939
993.7219848632812,0.5390567779541016,0.05478702485561371,-0.08253669738769531,3.5409164428710938,0.21085631847381592,-0.5046448707580566
626.6060180664062,0.5730955004692078,0.028919652104377747,-0.03604543209075928,4.235260009765625,0.14685273170471191,-0.240250363945961
893.9099731445312,0.3805970549583435,0.04269417002797127,-0.041455745697021484,3.9569091796875,0.3625229597091675,-0.39079049229621887
105.88600158691406,0.317922979593277,0.031177707016468048,-0.05860137939453125,3.2298569679260254,0.2301521897315979,-0.5421344637870789
299.01800537109375,0.3975418508052826,-0.01568479835987091,0.010444402694702148,4.747751235961914,-0.17372062802314758,0.139268696308136
322.8420104980469,0.45435065031051636,-0.016936227679252625,0.008600234985351562,4.750973224639893,-0.15216898918151855,0.10178311914205551
696.7459716796875,0.6302962303161621,0.008935719728469849,0.002481818199157715,4.778581619262695,0.06985020637512207,0.03856804221868515
899.3820190429688,0.2627737820148468,0.024692893028259277,-0.06952381134033203,2.638749599456787,0.16352802515029907,-0.6527860760688782
401.5419921875,0.4471116364002228,0.023178033530712128,-0.05635404586791992,2.9371800422668457,0.08127176761627197,-0.35373932123184204
637.1539916992188,0.30509331822395325,-0.009628437459468842,0.012997627258300781,2.841191291809082,-0.06595176458358765,0.16845911741256714
524.6179809570312,0.5096715688705444,0.04371969401836395,-0.07491850852966309,3.7289319038391113,0.2036985158920288,-0.5846970081329346
924.5460205078125,0.40024399757385254,-0.03109481930732727,0.050151824951171875,3.9855570793151855,-0.23602807521820068,0.5249950289726257
740.9500122070312,0.42228782176971436,0.04177749156951904,-0.07268333435058594,3.086822986602783,0.18149852752685547,-0.4823136329650879
851.14599609375,0.5325393676757812,-0.04268164932727814,0.0370635986328125,4.191365718841553,-0.24911558628082275,0.3037768006324768
66.00599670410156,0.3247493803501129,0.005054363049566746,-0.021195940673351288,2.1962850093841553,0.016006261110305786,-0.16552743315696716
532.7860107421875,0.39166808128356934,0.03044924885034561,-0.08324575424194336,2.8227486610412598,0.11033672094345093,-0.5645374655723572
760.43798828125,0.5638104677200317,0.043215665966272354,-0.06406879425048828,3.8991804122924805,0.1946316957473755,-0.4546874761581421
941.7420043945312,0.6097114682197571,-0.0008951649069786072,-0.014632225036621094,4.618994235992432,-0.008610665798187256,-0.1290498822927475
598.166015625,0.28427040576934814,-0.030683264136314392,0.08063697814941406,2.3383679389953613,-0.15286803245544434,0.7147604823112488
653.177978515625,0.44206199049949646,0.01860710047185421,-0.019315719604492188,4.590188980102539,0.15481972694396973,-0.24201349914073944
73.85800170898438,0.6294690370559692,0.00510057806968689,0.0008552670478820801,4.504502773284912,0.027617931365966797,0.03526593744754791
117.44599914550781,0.46793678402900696,0.02877172827720642,-0.02974700927734375,4.515509605407715,0.2304566502571106,-0.24265308678150177
146.51400756835938,0.3962850272655487,-0.018991559743881226,0.036590576171875,3.698127269744873,-0.14601576328277588,0.383807897567749
447.6300048828125,0.3793196380138397,-0.030897170305252075,0.03609943389892578,3.8148093223571777,-0.24025237560272217,0.4159477651119232
317.4179992675781,0.46650487184524536,-0.01917777955532074,0.01227426528930664,4.66757345199585,-0.1606884002685547,0.14227992296218872
859.2659912109375,0.6436365842819214,-0.00039312243461608887,0.004229068756103516,4.736669063568115,-0.0032553672790527344,0.052998680621385574
387.4219970703125,0.4553961157798767,-0.00499030202627182,0.0011529922485351562,4.5648722648620605,-0.04116475582122803,0.010554345324635506
263.1059875488281,0.7191811800003052,0.005655169486999512,0.0023480653762817383,4.612827301025391,0.029434919357299805,0.021337885409593582
749.6740112304688,0.39261484146118164,0.03369516879320145,-0.035112857818603516,4.147768974304199,0.28110456466674805,-0.3385779559612274
540.1179809570312,0.1885444074869156,0.014923226088285446,-0.07455635070800781,1.8188742399215698,0.08247321844100952,-0.6994448304176331
194.3419952392578,0.7215437889099121,-0.009540468454360962,0.0028514862060546875,4.636760711669922,-0.03760075569152832,-0.013024813495576382
753.8779907226562,0.48291775584220886,0.005584776401519775,-0.009683609008789062,4.641849517822266,0.041532278060913086,-0.10895870625972748
551.14599609375,0.24623443186283112,-0.01667124032974243,0.09118843078613281,1.8954615592956543,-0.05401945114135742,0.6712195873260498
718.4340209960938,0.5671977400779724,-0.038325920701026917,0.028926372528076172,4.562598705291748,-0.23481154441833496,0.20326191186904907
417.1099853515625,0.43178653717041016,0.026673251762986183,-0.022267818450927734,4.300915241241455,0.2130139172077179,-0.18551358580589294
894.3140258789062,0.42671850323677063,0.042022064328193665,-0.04008293151855469,4.137828350067139,0.322812557220459,-0.378046452999115
631.4340209960938,0.4128819704055786,-0.013709977269172668,0.014748334884643555,2.927001953125,-0.07168710231781006,0.08283620327711105
752.47802734375,0.4470328390598297,0.011974185705184937,-0.0037827491760253906,4.641329288482666,0.10250258445739746,-0.08114449679851532
735.64599609375,0.3129349946975708,0.03329724073410034,-0.06292718648910522,3.1358847618103027,0.2372877597808838,-0.5646407008171082
894.0380249023438,0.5105482935905457,0.05193682760000229,-0.05015707015991211,4.0314836502075195,0.3002661466598511,-0.3965398967266083
274.510009765625,0.17342650890350342,-0.0023368410766124725,0.008049964904785156,1.6613497734069824,-0.0076375603675842285,0.05815383046865463
843.8140258789062,0.6648785471916199,0.012605540454387665,-0.006480216979980469,4.741598129272461,0.07430857419967651,-0.05793137103319168
499.8699951171875,0.3211750388145447,0.002596259117126465,-0.02553081512451172,2.15706729888916,0.007527649402618408,-0.21629567444324493
506.8500061035156,0.37129226326942444,0.00832316279411316,-0.0214996337890625,3.6305737495422363,0.06680965423583984,-0.22405995428562164
604.0900268554688,0.4763113558292389,-0.02346789836883545,0.016441822052001953,4.552294731140137,-0.18114137649536133,0.1720927506685257
329.99798583984375,0.4335923492908478,-0.022291183471679688,0.017591476440429688,4.70058012008667,-0.20369791984558105,0.190576434135437
995.02197265625,0.4347824454307556,0.040572091937065125,-0.04546928405761719,3.9247758388519287,0.27196335792541504,-0.4208017587661743
511.2820129394531,0.5767675042152405,0.030599087476730347,-0.019416332244873047,4.273938179016113,0.16531050205230713,-0.1358344703912735
145.91799926757812,0.4700174629688263,-0.005077362060546875,0.0051593780517578125,4.699920654296875,-0.04644417762756348,0.07120626419782639
939.7420043945312,0.5792744755744934,-0.022767722606658936,0.016066551208496094,4.39380407333374,-0.13930857181549072,0.08439653366804123
101.84600067138672,0.47722503542900085,0.02483189105987549,-0.014852046966552734,4.589156150817871,0.1950899362564087,-0.15545326471328735
330.43798828125,0.44170090556144714,-0.027496546506881714,0.021055221557617188,4.615075588226318,-0.23654794692993164,0.2299465835094452
96.33799743652344,0.538841962814331,0.013580374419689178,-0.01657724380493164,4.490365505218506,0.08829823136329651,-0.17275920510292053
66.64600372314453,0.17807991802692413,0.006369756534695625,-0.01322329044342041,2.640305757522583,0.06886541843414307,-0.190152108669281
770.2780151367188,0.48275405168533325,3.0025839805603027e-06,-0.0035419464111328125,4.839104175567627,-0.0006327629089355469,-0.016029950231313705
503.7820129394531,0.37184613943099976,0.021231163293123245,-0.026647567749023438,3.756788969039917,0.17556196451187134,-0.26623886823654175
213.95399475097656,0.4697660207748413,-0.03664812445640564,0.05346250534057617,3.3310606479644775,-0.17197763919830322,0.37508493661880493
652.14599609375,0.49806568026542664,0.02966151013970375,-0.021131515502929688,4.6268439292907715,0.21837598085403442,-0.17986136674880981
385.0979919433594,0.6948891878128052,-4.075467586517334e-05,-0.0018415451049804688,4.698061943054199,0.002741217613220215,0.005248307716101408
328.0220031738281,0.47398731112480164,-0.021586641669273376,0.013844490051269531,4.571949481964111,-0.17394638061523438,0.13409705460071564
544.64599609375,0.17925696074962616,-0.008495554327964783,0.04200458526611328,1.800869107246399,-0.04549640417098999,0.46588701009750366
910.4219970703125,0.6177152395248413,0.014590531587600708,-0.0063686370849609375,4.544753074645996,0.08517336845397949,-0.03566158190369606
443.8059997558594,0.43201497197151184,-0.031058043241500854,0.031889915466308594,4.155149936676025,-0.24148476123809814,0.2948673665523529
871.0419921875,0.4222135841846466,-0.03030283749103546,0.03172016143798828,4.273477554321289,-0.2390902042388916,0.29982489347457886
130.52200317382812,0.4290819764137268,0.03446562588214874,-0.03149223327636719,4.158504486083984,0.2647123336791992,-0.32148659229278564
610.2940063476562,0.43016982078552246,-0.03762471675872803,0.03656959533691406,4.303057670593262,-0.3018765449523926,0.3865906596183777
544.3419799804688,0.1229889839887619,-0.00555192306637764,0.02612590789794922,1.8094394207000732,-0.057961344718933105,0.4724581241607666
82.35800170898438,0.40692606568336487,0.02730303257703781,-0.05450105667114258,3.098510265350342,0.1222388744354248,-0.402521550655365
629.72998046875,0.3764760196208954,-0.030842572450637817,0.03845369815826416,3.5818264484405518,-0.2225717306137085,0.350616455078125
90.4540023803711,0.3634662926197052,0.014757543802261353,-0.008373737335205078,4.319492340087891,0.14736557006835938,-0.10537350922822952
236.24200439453125,0.4504546821117401,0.003451302647590637,-0.0030612945556640625,4.681457996368408,0.03127241134643555,-0.04631683975458145
916.1220092773438,0.5054779052734375,0.02448122203350067,-0.029867172241210938,4.5048675537109375,0.1685330867767334,-0.28911256790161133
267.77398681640625,0.5818584561347961,0.0012750327587127686,-0.020442605018615723,3.4813151359558105,-0.0052607059478759766,-0.17534109950065613
747.6019897460938,0.3627057671546936,0.03927513211965561,-0.05561399459838867,3.6450397968292236,0.30578911304473877,-0.5760789513587952
503.22601318359375,0.31281131505966187,0.01976107619702816,-0.02466583251953125,3.418644428253174,0.17504575848579407,-0.2888077199459076
698.9619750976562,0.5626181364059448,0.043755143880844116,-0.06383216381072998,3.900264263153076,0.19810175895690918,-0.47899186611175537
786.06201171875,0.306365430355072,-0.0076422616839408875,0.027382850646972656,2.6116647720336914,-0.029839515686035156,0.2598380446434021
356.1860046386719,0.4673572778701782,-0.002920374274253845,0.0049228668212890625,3.983720302581787,-0.024750232696533203,0.07787632942199707
79.1500015258789,0.45534124970436096,0.022745758295059204,-0.0169374942779541,4.401156902313232,0.1713351011276245,-0.158742755651474
403.1419982910156,0.3519115149974823,0.027146324515342712,-0.03498220443725586,3.4197182655334473,0.20535540580749512,-0.38094228506088257
174.41799926757812,0.3980908989906311,-0.029771730303764343,0.058852195739746094,2.9025356769561768,-0.13270699977874756,0.44770219922065735
703.3460083007812,0.4664865732192993,0.013648256659507751,-0.008028745651245117,4.6731085777282715,0.11864948272705078,-0.08408935368061066
196.6739959716797,0.44368213415145874,-0.003802955150604248,0.01827096939086914,3.605217933654785,-0.0250779390335083,0.1992093324661255
933.3980102539062,0.40411558747291565,-0.0037650614976882935,0.007989883422851562,4.013954162597656,-0.030936837196350098,0.03806754946708679
278.885986328125,0.2726539373397827,-0.014403536915779114,0.04293656349182129,2.5438649654388428,-0.08767247200012207,0.40884557366371155
224.88600158691406,0.42510536313056946,0.013272449374198914,-0.00989389419555664,4.642106533050537,0.12120401859283447,-0.09279610961675644
815.4819946289062,0.49564358592033386,0.010078772902488708,-0.00634765625,4.756631851196289,0.08098340034484863,-0.07258579879999161
411.35400390625,0.3145862817764282,0.005570642650127411,-0.002261638641357422,4.622303009033203,0.0834968090057373,-0.0013989032013341784
928.010009765625,0.5625520348548889,-0.03601178526878357,0.02419281005859375,4.384955883026123,-0.21431982517242432,0.19810491800308228
770.75,0.6583797931671143,0.007882624864578247,-0.0011415481567382812,4.8126678466796875,0.05402076244354248,-0.07074790447950363
689.8179931640625,0.23512287437915802,0.010148884728550911,-0.060483336448669434,1.7461793422698975,0.015994131565093994,-0.47150278091430664
136.58599853515625,0.58884596824646,0.005792304873466492,-0.0024013519287109375,4.578265190124512,0.035474181175231934,-0.08178213983774185
562.4340209960938,0.341566264629364,0.030991002917289734,-0.07823574542999268,2.661638021469116,0.14151817560195923,-0.5719342231750488
731.1500244140625,0.6436759829521179,-0.0019738376140594482,0.0005028247833251953,4.7205281257629395,-0.018787145614624023,-0.008255638182163239
917.9099731445312,0.4054909646511078,0.03521084785461426,-0.04967784881591797,4.009018898010254,0.2782618999481201,-0.5105606317520142
314.1419982910156,0.44243669509887695,-0.021098211407661438,0.016590118408203125,4.623390197753906,-0.19238674640655518,0.16220955550670624
254.0260009765625,0.44918593764305115,0.00231005996465683,-0.006713405251502991,4.497734069824219,0.02937459945678711,-0.009466348215937614
798.7739868164062,0.7747806310653687,-0.01637217402458191,0.0233612060546875,4.731764316558838,-0.06532549858093262,0.2095937281847
839.4099731445312,0.4190986156463623,0.03546227514743805,-0.035368919372558594,4.213874816894531,0.2842918634414673,-0.3272888958454132
873.8099975585938,0.6036552786827087,-0.008914390578866005,0.00873112678527832,4.38140869140625,-0.05581367015838623,0.03827998414635658
600.114013671875,0.30868035554885864,-0.028738781809806824,0.05329465866088867,3.1299471855163574,-0.21024549007415771,0.5199783444404602
523.1939697265625,0.3037126660346985,0.02972712740302086,-0.03838491439819336,3.756284236907959,0.31232988834381104,-0.46013057231903076
988.8419799804688,0.45060935616493225,0.0024874508380889893,-0.014722347259521484,4.681252956390381,0.013118863105773926,-0.1647595465183258
612.6019897460938,0.34281378984451294,-0.037142254412174225,0.051366329193115234,3.5916059017181396,-0.3066815435886383,0.5497440695762634
856.718017578125,0.8130761384963989,-0.022539198398590088,0.013567447662353516,4.729007720947266,-0.10394454002380371,0.04928254336118698
337.6860046386719,0.5050575733184814,-0.011397182941436768,0.010774612426757812,4.675522804260254,-0.08360075950622559,0.14098577201366425
381.6419982910156,0.46543413400650024,-0.024287305772304535,0.01713848114013672,4.495966911315918,-0.191991925239563,0.13198727369308472
919.1300048828125,0.37730714678764343,0.03979508578777313,-0.039114952087402344,3.9474453926086426,0.33961963653564453,-0.43372681736946106
659.1859741210938,0.3384585380554199,0.03800953924655914,-0.06204652786254883,3.1682276725769043,0.25965726375579834,-0.5521047711372375
838.4340209960938,0.5143094062805176,0.02537234127521515,-0.03021526336669922,4.561905860900879,0.18416213989257812,-0.26191243529319763
456.5740051269531,0.5629510283470154,-0.03903825581073761,0.07395744323730469,3.485708713531494,-0.12265098094940186,0.4310937523841858
807.3099975585938,0.33679094910621643,-0.012957215309143066,0.017884254455566406,3.5291080474853516,-0.10248410701751709,0.19945712387561798
319.77398681640625,0.7319401502609253,-0.0169278085231781,0.011096000671386719,4.705328941345215,-0.08536052703857422,0.09818831831216812
509.8380126953125,0.37920475006103516,0.027686428278684616,-0.026355266571044922,3.821506977081299,0.22356534004211426,-0.22562074661254883
583.781982421875,0.6246676445007324,0.029824987053871155,-0.02336597442626953,4.598291873931885,0.17423415184020996,-0.20489810407161713
460.48199462890625,0.6135021448135376,-0.013888552784919739,0.008838653564453125,4.524660110473633,-0.08536916971206665,0.043204113841056824
495.8139953613281,0.4990619122982025,0.004068836569786072,-0.0016412734985351562,4.421590805053711,0.030893564224243164,-0.014181995764374733
430.6419982910156,0.47101396322250366,-0.01927885413169861,0.01432037353515625,3.664168119430542,-0.11994707584381104,0.1446978747844696
797.510009765625,0.4818853437900543,-0.01953287422657013,0.006279945373535156,4.633235931396484,-0.16035103797912598,0.04115442559123039
431.2619934082031,0.4682570695877075,-0.016473010182380676,0.011234283447265625,3.2979464530944824,-0.0892789363861084,0.05413322523236275
665.2780151367188,0.44982415437698364,0.02006031572818756,-0.01055687665939331,4.684477806091309,0.17986369132995605,-0.08448614925146103
754.6060180664062,0.33937039971351624,0.015139967203140259,-0.013641834259033203,4.712849140167236,0.18728768825531006,-0.1844833791255951
551.0139770507812,0.18201547861099243,-0.014073267579078674,0.06716179847717285,1.8350403308868408,-0.08410453796386719,0.7044121026992798
664.9580078125,0.4093475937843323,0.020588189363479614,-0.010784804821014404,4.630537986755371,0.2127084732055664,-0.15641172230243683
439.9100036621094,0.33216553926467896,-0.020024750381708145,0.05273246765136719,2.726907730102539,-0.0945773720741272,0.4040597081184387
788.6740112304688,0.08392984420061111,-0.005051404237747192,0.02130889892578125,1.7473949193954468,-0.09377166628837585,0.4412704408168793
446.8739929199219,0.6096518039703369,-0.040991805493831635,0.05844402313232422,3.8097450733184814,-0.14760500192642212,0.3634573519229889
524.4819946289062,0.38250118494033813,0.03375531733036041,-0.04909801483154297,3.784867525100708,0.2467116117477417,-0.5393025875091553
135.5780029296875,0.49368059635162354,0.002264156937599182,-0.00077056884765625,4.74380350112915,0.02123880386352539,-0.011117890477180481
996.802001953125,0.548664927482605,0.029759101569652557,-0.023195266723632812,4.459274768829346,0.1934383511543274,-0.144043430685997
134.18600463867188,0.6331959962844849,0.009982138872146606,-0.003498077392578125,4.669713020324707,0.05794501304626465,-0.03150505572557449
257.010009765625,0.31272467970848083,0.015026199631392956,-0.022663701325654984,3.260300636291504,0.11544349789619446,-0.2157536745071411
284.1260070800781,0.4296864867210388,-0.04198458045721054,0.04303544759750366,4.1689534187316895,-0.31623828411102295,0.41060543060302734
269.6780090332031,0.18787017464637756,0.010446975007653236,-0.05270075798034668,1.8010249137878418,0.048654764890670776,-0.48498719930648804
175.74600219726562,0.18153265118598938,-0.011557653546333313,0.0471649169921875,1.8123754262924194,-0.05823272466659546,0.48496201634407043
736.7780151367188,0.49045631289482117,0.04515456408262253,-0.06281072646379471,3.7565834522247314,0.23572389781475067,-0.4788133502006531
524.85400390625,0.4874858856201172,0.049853190779685974,-0.08881044387817383,3.4386892318725586,0.2108856439590454,-0.6736357808113098
738.7899780273438,0.6920883655548096,0.05779820680618286,-0.08473837375640869,3.843141555786133,0.17081749439239502,-0.45164403319358826
182.8300018310547,0.25336307287216187,-0.015200123190879822,0.04376983642578125,2.3617031574249268,-0.08659756183624268,0.41387301683425903
720.2020263671875,0.4652990996837616,-0.01505829393863678,0.009028017520904541,4.6386518478393555,-0.13053035736083984,0.07851965725421906
800.7420043945312,0.5679444670677185,-0.040226880460977554,0.04031229019165039,4.270082473754883,-0.2299950122833252,0.33283185958862305
536.3740234375,0.3972303867340088,0.03848496079444885,-0.046839237213134766,3.80316424369812,0.29023686051368713,-0.47058817744255066
429.48199462890625,0.5002003908157349,-0.03555162250995636,0.03699159622192383,3.781686782836914,-0.202653169631958,0.32998982071876526
621.8460083007812,0.5285705327987671,-0.044873446226119995,0.05111086368560791,4.039737701416016,-0.24242305755615234,0.3343876898288727
89.48600006103516,0.6167478561401367,0.03480011224746704,-0.02397632598876953,4.431846618652344,0.18928956985473633,-0.11670678853988647
195.4459991455078,0.5495978593826294,-0.004284918308258057,0.0022513866424560547,4.2838850021362305,-0.03272223472595215,0.03988104686141014
68.69000244140625,0.4230038523674011,0.011206910014152527,-0.021797508001327515,3.102827310562134,0.05186271667480469,-0.14421096444129944
450.1180114746094,0.4382360577583313,-0.02055664360523224,0.006972312927246094,4.383684158325195,-0.18575239181518555,0.07058614492416382
652.8099975585938,0.3705286383628845,0.0163116455078125,-0.010933399200439453,4.639241695404053,0.1737300306558609,-0.14691835641860962
458.12200927734375,0.4383626878261566,-0.026531334966421127,0.0211639404296875,4.0800089836120605,-0.19828282296657562,0.18241378664970398
530.9099731445312,0.41543060541152954,0.041906412690877914,-0.08355806022882462,3.0997607707977295,0.1997469812631607,-0.6790177226066589
398.4739990234375,0.5265178084373474,0.010581810027360916,-0.003749370574951172,4.541079998016357,0.07711353898048401,-0.05280859395861626
934.47802734375,0.23010294139385223,-0.006343632936477661,0.014538764953613281,3.348155975341797,-0.0701749324798584,0.19581258296966553
173.56199645996094,0.4137991666793823,-0.031941968947649,0.0757284164428711,2.799198865890503,-0.11427786946296692,0.5567206740379333
738.3060302734375,0.4497535824775696,0.03348164260387421,-0.036262571811676025,4.278365135192871,0.2522493600845337,-0.3593467175960541
647.7420043945312,0.4677389860153198,-0.00611327588558197,0.004931449890136719,4.690721035003662,-0.04939913749694824,0.05373498052358627
518.6859741210938,0.5946032404899597,0.017965048551559448,-0.00988006591796875,4.4124884605407715,0.10608017444610596,-0.0947280302643776
189.38999938964844,0.27616646885871887,-0.018912144005298615,0.028072357177734375,3.1638264656066895,-0.16569837927818298,0.30923765897750854
137.35400390625,0.3366107642650604,0.033309951424598694,-0.06031036376953125,3.2602627277374268,0.2558445930480957,-0.5978107452392578
545.6019897460938,0.22671791911125183,-0.008673317730426788,0.06227922439575195,1.60991632938385,-0.015973269939422607,0.41722068190574646
406.4939880371094,0.6206442713737488,0.017819203436374664,-0.008188247680664062,4.45937442779541,0.10617178678512573,-0.08123643696308136
100.0739974975586,0.7127444744110107,0.023938775062561035,-0.03191566467285156,4.681646823883057,0.09510409832000732,-0.205264151096344
729.5139770507812,0.36127692461013794,-0.004026725888252258,0.0006561279296875,4.748895168304443,-0.04084348678588867,-0.01253537368029356
750.7459716796875,0.6085130572319031,0.03433535248041153,-0.021828651428222656,4.387301445007324,0.17899182438850403,-0.13261057436466217
796.3060302734375,0.5084594488143921,-0.033661261200904846,0.025737762451171875,4.409052848815918,-0.2257401943206787,0.21163685619831085
185.21800231933594,0.31062498688697815,-0.01319066435098648,0.026104450225830078,2.3205199241638184,-0.06597167253494263,0.1707339733839035
823.926025390625,0.5295378565788269,0.006372615694999695,-0.004696846008300781,4.713944911956787,0.05294036865234375,-0.07134661078453064
369.51800537109375,0.3941916525363922,0.031324874609708786,-0.0412139892578125,3.921449899673462,0.24021077156066895,-0.41382282972335815
950.6740112304688,0.6470602750778198,-0.022102028131484985,0.011960983276367188,4.774158477783203,-0.12816357612609863,0.07419715821743011
730.3660278320312,0.46096333861351013,0.002980828285217285,-0.0019428730010986328,4.79069709777832,0.03149890899658203,-0.033078547567129135
415.2460021972656,0.49326086044311523,0.04905712604522705,-0.06133604049682617,3.8836255073547363,0.2632862329483032,-0.42880335450172424
806.0900268554688,0.19633162021636963,-0.015462711453437805,0.052202463150024414,2.2565228939056396,-0.12119424343109131,0.5408962965011597
411.1499938964844,0.4766653776168823,0.008898042142391205,-0.0018949508666992188,4.599534034729004,0.07921385765075684,-0.03669523820281029
135.1580047607422,0.6459988355636597,0.004250809550285339,0.0032482147216796875,4.764125823974609,0.02606821060180664,0.029505865648388863
994.4459838867188,0.3809385597705841,0.03854827582836151,-0.04936981201171875,3.7090179920196533,0.2780287265777588,-0.4700242280960083
962.0579833984375,0.654699444770813,-0.04858015850186348,0.043068885803222656,4.4348955154418945,-0.2341037094593048,0.2406417429447174
905.510009765625,0.3235015273094177,0.040250614285469055,-0.05840587615966797,3.356851577758789,0.32083022594451904,-0.5565962195396423
843.9459838867188,0.6223849058151245,0.01187528669834137,-0.004775047302246094,4.711284160614014,0.07564249634742737,-0.013518273830413818
62.52199935913086,-5.0413298595231026e-05,4.0612292650621384e-05,-4.5594293624162674e-05,-0.0016899668844416738,0.0004990436136722565,0.0004815058200620115
955.9739990234375,0.4702099561691284,-0.04223168268799782,0.045359134674072266,3.920050621032715,-0.2614312767982483,0.37606745958328247
581.0819702148438,0.5397084355354309,0.047308698296546936,-0.04645824432373047,4.252846717834473,0.267511248588562,-0.40897268056869507
525.9860229492188,0.3594813346862793,0.03857726231217384,-0.09666204452514648,2.64491868019104,0.15345677733421326,-0.7018248438835144
365.7860107421875,0.3235422968864441,0.038459792733192444,-0.05024909973144531,3.535524845123291,0.3357101380825043,-0.5592929124832153
168.06199645996094,0.6454180479049683,-0.047373607754707336,0.038665771484375,4.514502048492432,-0.24852681159973145,0.30010664463043213
335.14599609375,0.5934838056564331,0.006522923707962036,-0.012101173400878906,4.7779927253723145,0.0368962287902832,-0.09121857583522797
851.573974609375,0.4501104950904846,-0.03439249098300934,0.026933670043945312,4.366596698760986,-0.2636157274246216,0.2831542193889618
546.0139770507812,0.16403627395629883,-0.007840797305107117,0.05189657211303711,1.6547600030899048,-0.037539660930633545,0.5211607813835144
133.30999755859375,0.6387246251106262,0.017757833003997803,-0.0076694488525390625,4.661397933959961,0.11390388011932373,-0.020691432058811188
184.1060028076172,0.371023565530777,-0.016775086522102356,0.04548454284667969,2.4999592304229736,-0.06030301749706268,0.32478779554367065
451.07000732421875,0.5901778936386108,-0.01630420982837677,0.0089111328125,4.483916282653809,-0.09699356555938721,0.07162868976593018
585.9860229492188,0.6164132356643677,0.04022301733493805,-0.04175901412963867,4.423885345458984,0.1986619234085083,-0.2949714958667755
488.14599609375,0.4680335521697998,0.026098519563674927,-0.013914108276367188,4.344275951385498,0.18932747840881348,-0.11447683721780777
740.2139892578125,0.3975951373577118,0.04283086210489273,-0.06750977039337158,3.5307390689849854,0.27376264333724976,-0.594758152961731
842.2100219726562,0.6075274348258972,0.020520854741334915,-0.014319419860839844,4.5760369300842285,0.12149739265441895,-0.07805827260017395
441.8699951171875,0.46764814853668213,-0.028258979320526123,0.032337188720703125,3.673921585083008,-0.15391814708709717,0.21767722070217133
448.9460144042969,0.42010635137557983,-0.027448847889900208,0.022734642028808594,4.242492198944092,-0.2237471342086792,0.22529859840869904
601.6339721679688,0.3852018117904663,-0.03616934269666672,0.03827953338623047,4.031106948852539,-0.3070719242095947,0.39195799827575684
672.4459838867188,0.3993872404098511,-0.025601007044315338,0.02939772605895996,3.97798752784729,-0.2092379331588745,0.27318617701530457
921.530029296875,0.39698514342308044,-0.030003197491168976,0.05963134765625,3.016231060028076,-0.13980478048324585,0.47727060317993164
349.13800048828125,0.4363175630569458,-0.02516842633485794,0.021240234375,4.37427282333374,-0.2026110291481018,0.20652513206005096
763.6820068359375,0.5870285034179688,0.035089392215013504,-0.03144264221191406,4.327762126922607,0.18533855676651,-0.17271289229393005
110.24199676513672,0.40785321593284607,0.03967195749282837,-0.08379936218261719,3.000852584838867,0.16911661624908447,-0.6578141450881958
128.9499969482422,0.3916965425014496,0.04202942177653313,-0.051009178161621094,3.656951665878296,0.2963186204433441,-0.5023848414421082
100.75800323486328,0.39134612679481506,0.024474695324897766,-0.021874427795410156,4.466616630554199,0.2324427366256714,-0.24748824536800385
128.70199584960938,0.40940579771995544,0.04291106015443802,-0.05605792999267578,3.636146068572998,0.2816362977027893,-0.5393034815788269
306.43798828125,0.5173001289367676,-0.037646278738975525,0.044628143310546875,4.29877233505249,-0.22802531719207764,0.3785613775253296
546.64599609375,0.23353320360183716,-0.009773150086402893,0.07575845718383789,1.773855447769165,-0.010816603899002075,0.5509071946144104
657.6019897460938,0.44849053025245667,0.01880534738302231,-0.013301372528076172,4.513930797576904,0.14937841892242432,-0.12189244478940964
991.3579711914062,0.5591026544570923,0.038411349058151245,-0.04173755645751953,4.387322425842285,0.21142399311065674,-0.33774834871292114
94.28600311279297,0.593859076499939,0.006236046552658081,0.002750396728515625,4.491999626159668,0.03973948955535889,0.00018177104357164353
763.4459838867188,0.42254024744033813,0.0274372361600399,-0.025986671447753906,4.249142169952393,0.21609443426132202,-0.27163591980934143
762.9500122070312,0.5580711960792542,0.04178085923194885,-0.04397106170654297,4.021162509918213,0.1999826431274414,-0.32352206110954285
601.2940063476562,0.4055175483226776,-0.03763893246650696,0.041133880615234375,3.9236114025115967,-0.2775425910949707,0.40452826023101807
632.3820190429688,0.24324104189872742,-0.004706449806690216,0.005656242370605469,2.4287729263305664,-0.02887892723083496,0.047735314816236496
641.8779907226562,0.5301609039306641,-0.04880720376968384,0.06545400619506836,3.8144235610961914,-0.2277677059173584,0.4944947063922882
703.14599609375,0.4607287645339966,0.015217825770378113,-0.0076482295989990234,4.608957290649414,0.12462091445922852,-0.09792052954435349
893.6699829101562,0.4872482717037201,0.052228864282369614,-0.06358766555786133,3.954866409301758,0.3088613450527191,-0.49444860219955444
129.86199951171875,0.5309574007987976,0.048434436321258545,-0.05134010314941406,3.9449641704559326,0.2557166814804077,-0.3782820403575897
229.3780059814453,0.6347822546958923,0.04573705792427063,-0.0565791130065918,4.169796943664551,0.18098843097686768,-0.36579203605651855
736.0339965820312,0.3268374502658844,0.0352129265666008,-0.0487331748008728,3.2982230186462402,0.2709059715270996,-0.5437793731689453
954.2139892578125,0.4730225205421448,-0.005969405174255371,0.021964073181152344,4.713158130645752,-0.04309701919555664,0.2611808478832245
574.3460083007812,0.4468001425266266,0.040224820375442505,-0.039713382720947266,4.309281349182129,0.29986855387687683,-0.29864388704299927
599.7659912109375,0.2570760250091553,-0.023935973644256592,0.05083274841308594,2.844506025314331,-0.18913143873214722,0.5586305260658264
256.91400146484375,0.3251297175884247,0.014711901545524597,-0.02455727383494377,3.2504262924194336,0.10422463715076447,-0.22373370826244354
383.7179870605469,0.34203484654426575,0.004152968525886536,-0.00394439697265625,4.494417190551758,0.03589272499084473,0.005508291535079479
483.1860046386719,0.25663337111473083,0.022443225607275963,-0.05273914337158203,2.708782911300659,0.17254945635795593,-0.5275697708129883
619.5339965820312,0.4621518850326538,-0.017810985445976257,0.0161454975605011,4.597909927368164,-0.1472001075744629,0.18882757425308228
74.58200073242188,0.5809811949729919,-0.0005463957786560059,-0.0022104978561401367,4.558654308319092,-0.006657600402832031,-0.0418422557413578
736.2379760742188,0.34640419483184814,0.03650617599487305,-0.05351562798023224,3.4880599975585938,0.2744399905204773,-0.5393103957176208
393.9859924316406,0.3687359690666199,0.03857956826686859,-0.043590545654296875,3.7164113521575928,0.3076894283294678,-0.4301549196243286
496.0780029296875,0.5515227913856506,0.004468142986297607,-0.0035676956176757812,4.274222373962402,0.018656492233276367,-0.03477444499731064
372.4739990234375,0.5193824768066406,0.024123787879943848,-0.023774147033691406,4.5020341873168945,0.15570855140686035,-0.2400227189064026
890.7459716796875,0.5100263953208923,0.041264310479164124,-0.06548047065734863,3.6610591411590576,0.19136202335357666,-0.4401949942111969
268.30999755859375,0.27587273716926575,0.014270678162574768,-0.040669143199920654,2.4707889556884766,0.08915853500366211,-0.34821316599845886
947.593994140625,0.5181757211685181,-0.048580631613731384,0.04366588592529297,4.173830032348633,-0.2924821376800537,0.3378494083881378
674.6820068359375,0.4224972724914551,-0.03972616791725159,0.053762197494506836,3.6120967864990234,-0.24876976013183594,0.43616876006126404
701.2659912109375,0.6096293926239014,0.04184437543153763,-0.03895676136016846,4.262263298034668,0.1983093023300171,-0.2651177644729614
667.1939697265625,0.49387127161026,0.0048742592334747314,0.001584172248840332,4.733101844787598,0.04780268669128418,0.04977057874202728
179.31399536132812,0.21920695900917053,-0.008653871715068817,0.05787229537963867,1.6381421089172363,-0.007162988185882568,0.396904855966568
399.1579895019531,0.596600353717804,0.005327198654413223,-0.0033464431762695312,4.373526573181152,0.024691373109817505,-0.015278181061148643
287.3139953613281,0.5679717659950256,-0.04618031904101372,0.04175221920013428,4.469144821166992,-0.264869749546051,0.32156848907470703
974.8419799804688,0.35367995500564575,0.032374098896980286,-0.0479276180267334,3.429586887359619,0.23730921745300293,-0.5252769589424133
358.74200439453125,0.22054466605186462,-0.0006167441606521606,0.000286102294921875,2.152069330215454,-0.01777595281600952,-0.00992049090564251
832.2219848632812,0.5431981086730957,0.0460243821144104,-0.05432891845703125,4.1274333000183105,0.2501997947692871,-0.37499308586120605
378.6059875488281,0.5527022480964661,-0.04511718451976776,0.04933929443359375,4.057753562927246,-0.24044203758239746,0.40205445885658264
381.84600830078125,0.45598503947257996,-0.02194344252347946,0.014240264892578125,4.5669708251953125,-0.1805594563484192,0.1421876847743988
925.3460083007812,0.3737853169441223,-0.039452750235795975,0.05526256561279297,3.5876171588897705,-0.2834385335445404,0.566340982913971
404.9179992675781,0.4104979634284973,0.023324623703956604,-0.016516685485839844,4.11496639251709,0.19652271270751953,-0.12294880300760269
864.2420043945312,0.5819828510284424,-0.026425883173942566,0.020215988159179688,4.561110973358154,-0.1566295623779297,0.13854101300239563
465.9100036621094,0.4522767663002014,-0.03636160492897034,0.055934906005859375,3.5704150199890137,-0.1923503875732422,0.4241374135017395
783.114013671875,0.4140935242176056,0.00989454984664917,-0.0035352706909179688,4.277001857757568,0.09884059429168701,-0.010488300584256649
666.510009765625,0.45513492822647095,0.00954224169254303,0.0009789466857910156,4.745835781097412,0.08987689018249512,0.020751390606164932
399.9100036621094,0.44818297028541565,0.0028634313493967056,0.002716064453125,4.126114368438721,0.03075823187828064,0.02934761717915535
615.9819946289062,0.45341572165489197,-0.04962964355945587,0.08746862411499023,3.3727548122406006,-0.2296046018600464,0.5018190145492554
920.3779907226562,0.3766690492630005,0.004701092839241028,0.021096229553222656,3.7151005268096924,0.049500346183776855,0.2100435346364975
908.3140258789062,0.5721325874328613,0.03547537326812744,-0.028290748596191406,4.345285415649414,0.20093905925750732,-0.17663832008838654
587.2059936523438,0.4926372468471527,0.04598322883248329,-0.05529308319091797,4.104794979095459,0.2740962505340576,-0.44807198643684387
104.24199676513672,0.4061991274356842,0.041187454015016556,-0.08310317993164062,3.138195037841797,0.21026641130447388,-0.657454252243042
897.9580078125,0.4537140130996704,0.05227869749069214,-0.1163339614868164,2.979536771774292,0.19544363021850586,-0.8127846717834473
361.3500061035156,0.2709936797618866,0.008940175175666809,-0.03907966613769531,2.6176860332489014,0.045021772384643555,-0.380985826253891
60.74599838256836,-3.523871782817878e-05,4.22472512582317e-05,5.225185304880142e-06,-0.0018126050708815455,0.0003250309673603624,0.0018561150645837188
536.469970703125,0.36213308572769165,0.036225825548172,-0.0516507625579834,3.762338399887085,0.3030617833137512,-0.5925469398498535
717.6099853515625,0.44885098934173584,-0.029799140989780426,0.021072283387184143,4.488990783691406,-0.25085747241973877,0.20818793773651123
907.8419799804688,0.40417373180389404,0.029708564281463623,-0.025072097778320312,4.213687419891357,0.254691481590271,-0.26772943139076233
795.1099853515625,0.38063961267471313,-0.033671438694000244,0.03516197204589844,3.8306212425231934,-0.26598238945007324,0.34165525436401367
288.0899963378906,0.5393092632293701,-0.037605226039886475,0.02468550205230713,4.497200965881348,-0.24885320663452148,0.21682050824165344
293.2099914550781,0.703514039516449,-0.00283089280128479,-0.0013527870178222656,4.471983909606934,-0.019148588180541992,0.006970982998609543
199.95799255371094,0.20894357562065125,-0.017881207168102264,0.042211294174194336,2.4792914390563965,-0.16504406929016113,0.47091177105903625
452.5580139160156,0.3413207530975342,-0.004839815199375153,0.006737709045410156,4.489622116088867,-0.05516093969345093,0.08064460754394531
195.92599487304688,0.4408848285675049,-0.003567636013031006,-0.0003743171691894531,4.040154457092285,-0.025000333786010742,0.03753254562616348
624.7020263671875,0.45384734869003296,-0.017795443534851074,0.008280515670776367,4.54793643951416,-0.14393949508666992,0.04974284768104553
676.3499755859375,0.3974078595638275,-0.030820157378911972,0.035695791244506836,3.816190719604492,-0.22786563634872437,0.37038424611091614
569.8179931640625,0.5521132349967957,0.03145137429237366,-0.048374295234680176,4.257358551025391,0.17879366874694824,-0.38434967398643494
300.2699890136719,0.5533332228660583,-0.014617471024394035,0.0059661865234375,4.755818843841553,-0.10547381639480591,0.04401494190096855
731.9459838867188,0.6287886500358582,0.0017433464527130127,-0.010164737701416016,4.750305652618408,0.0029990673065185547,-0.10350767523050308
834.3980102539062,0.4435957372188568,0.04126680642366409,-0.040785789489746094,4.409797668457031,0.3324507474899292,-0.4717123806476593
854.9500122070312,0.465927392244339,-0.02698250114917755,0.024927616119384766,4.512566566467285,-0.20436346530914307,0.27222713828086853
259.49798583984375,0.3996756076812744,0.015466377139091492,-0.014108777046203613,4.158796310424805,0.13103699684143066,-0.16322873532772064
255.98599243164062,0.3860423266887665,0.0026171915233135223,-0.005711302161216736,3.441180944442749,0.022488772869110107,-0.10134513676166534
287.8500061035156,0.34043917059898376,-0.026502076536417007,0.019187450408935547,4.500702381134033,-0.3060474395751953,0.24679133296012878
401.75,0.2833169400691986,0.018546421080827713,-0.035056114196777344,2.966162919998169,0.1398506760597229,-0.39407622814178467
548.1220092773438,0.18175850808620453,-0.010947242379188538,0.05881953239440918,1.8195528984069824,-0.05570089817047119,0.6123741865158081
902.6740112304688,0.4554038643836975,0.040541067719459534,-0.07290267944335938,3.411802291870117,0.17376065254211426,-0.546235978603363
614.8140258789062,0.24609337747097015,-0.02870902046561241,0.05190086364746094,2.9678211212158203,-0.2747252285480499,0.6162155270576477
372.01800537109375,0.48326733708381653,0.02788086235523224,-0.02554607391357422,4.491772651672363,0.19960570335388184,-0.24111849069595337
415.489990234375,0.5434435606002808,0.05205526947975159,-0.06313848495483398,3.850175380706787,0.2534751892089844,-0.43585675954818726
758.72998046875,0.4695936441421509,0.02739027887582779,-0.022925853729248047,4.510286808013916,0.2122412919998169,-0.17824773490428925
410.6260070800781,0.4059668183326721,0.01901719719171524,-0.008200645446777344,4.602288722991943,0.19568592309951782,-0.09617827832698822
728.27001953125,0.6949478983879089,-0.011150389909744263,0.007604122161865234,4.727348327636719,-0.047300100326538086,0.013798226602375507
390.510009765625,0.3545091152191162,0.031373485922813416,-0.046950340270996094,3.425687789916992,0.22642695903778076,-0.4481012523174286
131.0780029296875,0.5587795972824097,0.03733891248703003,-0.03594779968261719,4.249215126037598,0.20789599418640137,-0.22684794664382935
736.9140014648438,0.5157320499420166,0.045827466994524,-0.06522481888532639,3.843259811401367,0.2194567173719406,-0.4679137170314789
348.8340148925781,0.4563828110694885,-0.03157193213701248,0.019692420959472656,4.40061092376709,-0.24045798182487488,0.17917214334011078
328.406005859375,0.5756259560585022,-0.024472281336784363,0.01694011688232422,4.648951530456543,-0.1561833620071411,0.13194754719734192
567.2020263671875,0.4028348922729492,0.02753269672393799,-0.021989166736602783,4.2141194343566895,0.24452853202819824,-0.22024767100811005
512.0819702148438,0.35846617817878723,0.014209732413291931,-0.006182193756103516,4.475865364074707,0.16655409336090088,-0.056630343198776245
919.0339965820312,0.6037832498550415,0.05646846443414688,-0.0730428695678711,3.9264984130859375,0.21664965152740479,-0.4581032991409302
701.8140258789062,0.4789275527000427,0.027387022972106934,-0.023948192596435547,4.47318172454834,0.20052289962768555,-0.23187020421028137
368.19000244140625,0.5594277381896973,0.044023871421813965,-0.07680130004882812,3.9682955741882324,0.179268479347229,-0.6005264520645142
660.2020263671875,0.3362943232059479,0.034441374242305756,-0.051750779151916504,3.4224653244018555,0.2576201558113098,-0.5130383372306824
711.2139892578125,0.42731213569641113,-0.029381737112998962,0.020524024963378906,4.432620525360107,-0.2635452151298523,0.18750286102294922
784.2780151367188,0.4057248830795288,0.004356503486633301,0.0017614364624023438,3.5961952209472656,0.024382948875427246,-0.0006378174875862896
355.72198486328125,0.38021963834762573,-0.0011710524559020996,0.0011577606201171875,4.305233001708984,-0.01122283935546875,0.04413042590022087
344.8500061035156,0.43660566210746765,-0.04488386586308479,0.07470226287841797,3.318612575531006,-0.21628573536872864,0.5687550902366638
617.7020263671875,0.3990305960178375,-0.03467758744955063,0.03141850233078003,4.0155768394470215,-0.2792598605155945,0.3065849542617798
525.4140014648438,0.29075887799263,0.040789950639009476,-0.0735311508178711,2.872056722640991,0.2928926646709442,-0.7412959933280945
416.6780090332031,0.5541867017745972,0.04267721623182297,-0.038074493408203125,4.186405658721924,0.23439063131809235,-0.28468888998031616
727.7420043945312,0.4752770960330963,-0.01401875913143158,0.005466461181640625,4.569505214691162,-0.12421393394470215,0.03734593093395233
956.1900024414062,0.43170541524887085,-0.03916413336992264,0.04230070114135742,3.860067367553711,-0.2662757933139801,0.3658224940299988
631.8460083007812,0.35410094261169434,-0.00857628881931305,0.007699251174926758,2.6409621238708496,-0.04881274700164795,0.053682126104831696
609.5139770507812,0.4173469841480255,-0.02633684128522873,0.02947998046875,4.521094799041748,-0.23092234134674072,0.3296258747577667
480.802001953125,0.4431688189506531,0.011592447757720947,-0.005786895751953125,4.432276248931885,0.09251135587692261,-0.05936446040868759
292.0820007324219,0.570739209651947,-0.01999834179878235,0.005745649337768555,4.4719014167785645,-0.11914026737213135,-0.045742396265268326
197.3179931640625,0.18958745896816254,-0.01348431408405304,0.031200408935546875,2.5827736854553223,-0.14979231357574463,0.4204919636249542
915.6060180664062,0.33480700850486755,0.017194733023643494,-0.011812210083007812,4.432718276977539,0.19870901107788086,-0.14410001039505005
609.8460083007812,0.5564085245132446,-0.04230765998363495,0.045752525329589844,4.315496444702148,-0.23791897296905518,0.37359651923179626
615.2940063476562,0.2946254014968872,-0.03162997215986252,0.05661153793334961,3.076300859451294,-0.25482550263404846,0.592840313911438
406.0740051269531,0.6059303283691406,0.016822807490825653,-0.007350444793701172,4.434385776519775,0.10539436340332031,-0.06547747552394867
469.19000244140625,0.5033938884735107,-0.013067290186882019,0.008807182312011719,4.664330959320068,-0.10636484622955322,0.09747601300477982
295.74200439453125,0.45820674300193787,-0.0009378194808959961,0.0018558502197265625,4.568509101867676,-0.0003058910369873047,-0.007298996206372976
185.88999938964844,0.23597034811973572,-0.007141709327697754,0.02180004119873047,2.1739790439605713,-0.03838634490966797,0.20763561129570007
579.2020263671875,0.3797125816345215,0.043502792716026306,-0.04720926284790039,3.991611957550049,0.3621271848678589,-0.46512022614479065
444.91400146484375,0.43353134393692017,-0.03215417265892029,0.027788162231445312,4.174152374267578,-0.2522689700126648,0.24839890003204346
558.9860229492188,0.5762144327163696,-0.034152835607528687,0.03510904312133789,4.252650260925293,-0.17082452774047852,0.24477626383304596
306.22601318359375,0.4593011140823364,-0.029461681842803955,0.033822059631347656,4.395984172821045,-0.23303139209747314,0.3091586232185364
122.9219970703125,0.3762083649635315,0.0031367987394332886,-0.00261688232421875,4.702727794647217,0.03705120086669922,-0.05378948897123337
300.6059875488281,0.475342720746994,-0.009829612448811531,0.009612560272216797,4.768898010253906,-0.08747212588787079,0.09479399770498276
684.5819702148438,0.3786415457725525,0.03798048198223114,-0.06204652786254883,3.3300929069519043,0.23929083347320557,-0.5561556220054626
343.4179992675781,0.342815101146698,-0.029879257082939148,0.031823158264160156,4.084433555603027,-0.30472803115844727,0.40813305974006653
956.9580078125,0.46786463260650635,-0.036500826478004456,0.030428409576416016,4.208296775817871,-0.2517409324645996,0.27995234727859497
262.48199462890625,0.614457368850708,0.009164810180664062,0.0007610917091369629,4.528975486755371,0.06349349021911621,-0.013263797387480736
557.5700073242188,0.3237464427947998,-0.02675977349281311,0.048961520195007324,3.2717413902282715,-0.1895858645439148,0.44411948323249817
282.802001953125,0.3847677409648895,-0.03834349662065506,0.04487629234790802,3.8733561038970947,-0.29926782846450806,0.43415725231170654
893.4340209960938,0.49135029315948486,0.05244310200214386,-0.06475496292114258,3.947181463241577,0.2990172803401947,-0.4896332323551178
877.8099975585938,0.2222154438495636,-0.0102572962641716,0.05563616752624512,1.681073546409607,-0.035024046897888184,0.44888123869895935
934.614013671875,0.43923962116241455,-0.011013790965080261,0.03705596923828125,3.1061673164367676,-0.04018843173980713,0.3097308874130249
182.41799926757812,0.30130279064178467,-0.016031935811042786,0.06461668014526367,2.3480045795440674,-0.05276167392730713,0.4564915895462036
410.39801025390625,0.4096214175224304,0.022712796926498413,-0.011553764343261719,4.654890060424805,0.22830426692962646,-0.13079515099525452
560.469970703125,0.4578782618045807,-0.013707980513572693,0.01076960563659668,4.56626558303833,-0.12029409408569336,0.1299062818288803
326.9219970703125,0.330373615026474,-0.021398166194558144,0.012350082397460938,4.603679656982422,-0.26513421535491943,0.16378410160541534
665.4140014648438,0.6383320093154907,0.02621603012084961,-0.012444496154785156,4.711503028869629,0.16067862510681152,-0.054320793598890305
229.01400756835938,0.43610459566116333,0.0361102819442749,-0.030063152313232422,4.192492961883545,0.28017497062683105,-0.3217095136642456
275.17401123046875,0.16052964329719543,-0.0019533857703208923,0.0099334716796875,1.585692048072815,-0.004957735538482666,0.11636726558208466
63.47800064086914,-7.994645420694724e-05,2.9740160243818536e-05,3.165192902088165e-05,-0.0010939817875623703,0.0006284142727963626,-0.0003044866898562759
489.56201171875,0.47136038541793823,0.03233619034290314,-0.033562660217285156,4.35513973236084,0.24040424823760986,-0.32165777683258057
777.7420043945312,0.4056769907474518,0.04483456164598465,-0.07814502716064453,3.105746269226074,0.220986008644104,-0.549574613571167
778.5380249023438,0.37202712893486023,0.03772272169589996,-0.07004928588867188,2.9150943756103516,0.19210386276245117,-0.5162736773490906
234.91799926757812,0.45148858428001404,0.007083505392074585,-0.0020885467529296875,4.686272621154785,0.07135272026062012,-0.032275281846523285
440.57000732421875,0.28643572330474854,-0.01895618997514248,0.035025596618652344,2.898491621017456,-0.1368468999862671,0.3613680303096771
571.4819946289062,0.5177004933357239,0.04267832636833191,-0.0553511381149292,3.835179567337036,0.21029412746429443,-0.390124648809433
823.3820190429688,0.3367796540260315,0.004686862230300903,-0.0027818679809570312,4.687768936157227,0.050858259201049805,-0.0342416949570179
308.85400390625,0.49466434121131897,-0.035546571016311646,0.025898456573486328,4.437839508056641,-0.2606990337371826,0.21506471931934357
658.3460083007812,0.38116225600242615,0.03829033300280571,-0.050739288330078125,3.7785723209381104,0.2933245897293091,-0.6066880226135254
734.1339721679688,0.29528942704200745,0.02769196406006813,-0.07056140899658203,2.4689579010009766,0.1364031732082367,-0.6161537766456604
273.4540100097656,0.27981603145599365,-0.001996926963329315,0.005402326583862305,2.035050630569458,-0.005128741264343262,0.0813102275133133
951.8140258789062,0.6758009195327759,-0.014161944389343262,0.0038251876831054688,4.722318649291992,-0.08337831497192383,0.05431605875492096
370.4219970703125,0.5479512214660645,0.03545694798231125,-0.049483299255371094,4.179877281188965,0.17326223850250244,-0.35556069016456604
999.2979736328125,0.4192730486392975,0.00661926344037056,-0.005076408386230469,4.195615291595459,0.059785306453704834,-0.06889381259679794
898.8460083007812,0.13947661221027374,0.01769058220088482,-0.03994560241699219,2.4876327514648438,0.2708115875720978,-0.7130040526390076
878.3660278320312,0.18453127145767212,-0.010652929544448853,0.04360222816467285,1.850071668624878,-0.06789642572402954,0.422129362821579
141.52200317382812,0.4421306848526001,0.02662542462348938,-0.022333145141601562,4.277841091156006,0.2086179256439209,-0.25510144233703613
809.0780029296875,0.43009185791015625,-0.000592350959777832,0.0008318424224853516,4.308047771453857,0.0028738975524902344,0.015547213144600391
902.2659912109375,0.43299663066864014,0.037903398275375366,-0.08680248260498047,3.1277780532836914,0.14419901371002197,-0.6466385126113892
443.24200439453125,0.4070063829421997,-0.018074646592140198,0.018431663513183594,4.24714994430542,-0.15439105033874512,0.20825211703777313
271.0780029296875,0.2550329267978668,0.015537798404693604,-0.0560460090637207,2.3032736778259277,0.07494735717773438,-0.5103747844696045
983.3460083007812,0.5503507852554321,0.00675395131111145,0.0021195411682128906,4.746211051940918,0.05759310722351074,0.028641540557146072
422.3699951171875,0.6930094957351685,0.00934368371963501,-0.00927734375,4.679298400878906,0.050443291664123535,-0.06073616072535515
903.4420166015625,0.3743000626564026,0.034969303756952286,-0.039463043212890625,3.9319639205932617,0.29611843824386597,-0.4582251310348511
640.5339965820312,0.37101438641548157,-0.03163333237171173,0.04112076759338379,3.748530864715576,-0.24668395519256592,0.4029931128025055
291.406005859375,0.5418374538421631,-0.03746800124645233,0.030857086181640625,4.297608375549316,-0.22195696830749512,0.22261673212051392
674.4660034179688,0.35494333505630493,-0.03539097309112549,0.04144787788391113,3.7015256881713867,-0.29909515380859375,0.4114415645599365
989.3740234375,0.4550299048423767,0.022330939769744873,-0.021744728088378906,4.54193115234375,0.19150853157043457,-0.24705354869365692
512.5139770507812,0.43010225892066956,0.014331251382827759,-0.010701656341552734,4.484863758087158,0.12211942672729492,-0.09313274174928665
228.41799926757812,0.5267800688743591,0.04634904861450195,-0.04986715316772461,4.017482757568359,0.2537170648574829,-0.3392030596733093
249.07400512695312,0.3823871910572052,0.025852859020233154,-0.026277899742126465,3.9989571571350098,0.21881461143493652,-0.2212015688419342
363.406005859375,0.3365575671195984,0.0301571786403656,-0.0618743896484375,2.630441188812256,0.16001683473587036,-0.4358351528644562
450.7340087890625,0.47823864221572876,-0.015712112188339233,0.010473251342773438,4.439554691314697,-0.11520838737487793,0.06011142209172249
689.2659912109375,0.24445106089115143,0.008759338408708572,-0.06954717636108398,1.6927554607391357,0.011898130178451538,-0.4363653361797333
363.6419982910156,0.2713930904865265,0.02549063414335251,-0.050293922424316406,2.7691049575805664,0.19369155168533325,-0.5206336379051208
433.34600830078125,0.29594188928604126,-0.019671063870191574,0.04411792755126953,2.848881959915161,-0.12825191020965576,0.4266144931316376
755.3099975585938,0.45487815141677856,0.0251103937625885,-0.016265392303466797,4.746974945068359,0.21642684936523438,-0.16406014561653137
627.8140258789062,0.5767388939857483,0.02608291432261467,-0.00759279727935791,4.104146957397461,0.1395396590232849,-0.041002631187438965
439.2139892578125,0.3038918673992157,-0.015076294541358948,0.045981407165527344,2.448498249053955,-0.0743330717086792,0.3795568346977234
408.45001220703125,0.5116607546806335,0.014363517984747887,-0.006833553314208984,4.547094345092773,0.10219734907150269,-0.07602877169847488
154.3179931640625,0.3714659512042999,-0.034071747213602066,0.039859771728515625,3.9234402179718018,-0.28309154510498047,0.4382269084453583
442.7980041503906,0.44839245080947876,-0.023324310779571533,0.021248817443847656,4.151529312133789,-0.17513608932495117,0.16945119202136993
575.1220092773438,0.33722805976867676,0.027699992060661316,-0.02433156967163086,4.466160774230957,0.32162249088287354,-0.2980133593082428
200.91000366210938,0.25069335103034973,-0.01958603411912918,0.07281741499900818,1.912880301475525,-0.07052630186080933,0.5612157583236694
985.677978515625,0.641558825969696,0.004275321960449219,-0.0018849372863769531,4.700078964233398,0.027330398559570312,0.003674606094136834
405.6780090332031,0.3131457567214966,0.013024859130382538,-0.007040977478027344,4.358721733093262,0.16916245222091675,-0.07792540639638901
435.50201416015625,0.4792276620864868,-0.024339571595191956,0.02979755401611328,3.5631330013275146,-0.12932944297790527,0.21064390242099762
787.5419921875,0.22346137464046478,-0.0068077221512794495,0.02523517608642578,2.2944142818450928,-0.04296392202377319,0.25128573179244995
915.4019775390625,0.5003154277801514,0.027064353227615356,-0.01753711700439453,4.3231682777404785,0.18852436542510986,-0.14468762278556824
63.02199935913086,-8.567418262828141e-05,8.283772331196815e-05,-2.4671200662851334e-05,-0.0009069682564586401,0.0005410539451986551,-0.0016076298197731376
932.9500122070312,0.4302650988101959,-0.0013980865478515625,0.0022706985473632812,4.275846481323242,-0.009164094924926758,-0.041240762919187546
623.0819702148438,0.5019820332527161,-0.0334012545645237,0.02485191822052002,4.502967834472656,-0.2325451672077179,0.18542180955410004
283.3179931640625,0.4043712019920349,-0.03881581872701645,0.040791600942611694,4.060746192932129,-0.3055488169193268,0.401989609003067
102.83000183105469,0.3739652633666992,0.044282227754592896,-0.05636787414550781,3.459766149520874,0.3044494390487671,-0.5444105267524719
71.48600006103516,0.41092783212661743,0.007222726941108704,-0.0008440017700195312,4.121053218841553,0.061116933822631836,-0.00014373025624081492
264.1940002441406,0.6763313412666321,0.00895187258720398,-0.0021966099739074707,4.710249900817871,0.049727439880371094,-0.03241140395402908
344.0260009765625,0.4847060739994049,-0.049446478486061096,0.0754861831665039,3.6691396236419678,-0.25161945819854736,0.5619317293167114
756.1339721679688,0.5902386903762817,0.021418124437332153,-0.01593303680419922,4.750722885131836,0.1367807388305664,-0.10917872935533524
99.78600311279297,0.4808880686759949,0.00902445986866951,-0.018111705780029297,4.634421348571777,0.06177490949630737,-0.2206679880619049
66.78600311279297,0.3743519186973572,0.011613484472036362,-0.02474735677242279,2.690455675125122,0.057303786277770996,-0.15819093585014343
63.68199920654297,-3.607226608437486e-05,4.982111568097025e-05,-3.203935921192169e-05,-0.0019757060799747705,0.0004164744168519974,0.0003577810130082071
642.64599609375,0.3912699222564697,-0.039667773991823196,0.04819488525390625,3.9188015460968018,-0.30128490924835205,0.5073304772377014
894.1179809570312,0.3233870565891266,0.03422492742538452,-0.033711910247802734,4.064273357391357,0.3690001368522644,-0.4134944677352905
692.6259765625,0.48819273710250854,0.03643953800201416,-0.06979760527610779,3.3709917068481445,0.14520078897476196,-0.4612687826156616
868.4459838867188,0.32460877299308777,-0.026928622275590897,0.06552362442016602,2.8429718017578125,-0.1454661339521408,0.5390472412109375
839.6580200195312,0.5072591304779053,0.0427921861410141,-0.04296684265136719,4.284542560577393,0.2770812511444092,-0.31713464856147766
782.43798828125,0.5624330043792725,0.01809924840927124,-0.011865615844726562,4.401583671569824,0.093070387840271,-0.12965556979179382
927.6060180664062,0.5523843765258789,-0.04182487726211548,0.03346061706542969,4.3151092529296875,-0.24639320373535156,0.23654112219810486
491.75,0.43740618228912354,0.02298729494214058,-0.01603412628173828,4.566643238067627,0.20060348510742188,-0.15398554503917694
296.614013671875,0.49325069785118103,0.0007469058036804199,0.0006227493286132812,4.749729156494141,0.007887959480285645,-0.03332124650478363
147.5540008544922,0.25035613775253296,-0.022346600890159607,0.06899452209472656,2.197974443435669,-0.11247774958610535,0.5653599500656128
198.406005859375,0.2988439202308655,-0.018341228365898132,0.06824719905853271,2.07733416557312,-0.05198264122009277,0.44652044773101807
227.95799255371094,0.42634719610214233,0.04362334683537483,-0.042400360107421875,3.9380600452423096,0.31533634662628174,-0.4075239598751068
245.5780029296875,0.2096058875322342,0.010504476726055145,-0.04268932342529297,2.027808427810669,0.05931121110916138,-0.3677372932434082
151.19000244140625,0.3430700898170471,-0.025506526231765747,0.024158477783203125,4.111270904541016,-0.26041126251220703,0.2851463556289673
379.54998779296875,0.4975742697715759,-0.050767943263053894,0.0649099349975586,3.778371810913086,-0.2767881155014038,0.46437373757362366
81.23799896240234,0.4187369644641876,0.01846759021282196,-0.039051055908203125,3.292381763458252,0.09541797637939453,-0.36191293597221375
518.9180297851562,0.5958484411239624,0.014748692512512207,-0.01784801483154297,4.520872592926025,0.07897377014160156,-0.1416693478822708
650.406005859375,0.5224341154098511,0.04133118689060211,-0.0481715202331543,4.084438800811768,0.23368477821350098,-0.4304182529449463
315.4739990234375,0.5373685956001282,-0.027912573888897896,0.020207881927490234,4.630497932434082,-0.1944705992937088,0.1814814805984497
169.18600463867188,0.43645593523979187,-0.025535941123962402,0.013666152954101562,4.554218292236328,-0.2216583490371704,0.12489285320043564
350.5459899902344,0.35687822103500366,-0.012438982725143433,0.0074558258056640625,4.689817905426025,-0.1394897699356079,0.08760429173707962
526.85400390625,0.35443219542503357,0.03647896647453308,-0.09168100357055664,2.624384641647339,0.14046180248260498,-0.6768180131912231
717.1339721679688,0.5490598678588867,-0.0360775850713253,0.02648012340068817,4.576101779937744,-0.2324874997138977,0.21887196600437164
889.3380126953125,0.32505741715431213,0.03436552733182907,-0.05326807498931885,3.3642473220825195,0.2785651683807373,-0.5412480235099792
353.36199951171875,0.6897138357162476,-0.01747840642929077,0.013927459716796875,4.800090789794922,-0.07486701011657715,0.08525054901838303
582.302001953125,0.4357742369174957,0.03524184226989746,-0.030035018920898438,4.3716254234313965,0.28598642349243164,-0.3179534375667572
743.2659912109375,0.3353530466556549,0.02302853949368,-0.0894472599029541,2.319105863571167,0.05431869626045227,-0.6276613473892212
386.0140075683594,0.5033557415008545,-0.0014264881610870361,-0.002216339111328125,4.6633501052856445,-0.015765249729156494,-0.0020331195555627346
629.1820068359375,0.37141910195350647,-0.019422810524702072,0.031349897384643555,3.8448169231414795,-0.15658336877822876,0.3233262896537781
694.885986328125,0.6372748017311096,0.03326995670795441,-0.024958163499832153,4.4495062828063965,0.17380118370056152,-0.21813362836837769
110.85800170898438,0.43913185596466064,0.03889714181423187,-0.08665275573730469,3.0770182609558105,0.1491795778274536,-0.5577325224876404
826.1060180664062,0.5954169034957886,0.0009130537509918213,-0.0026183128356933594,4.803204536437988,0.012422561645507812,-0.0666942372918129
535.2020263671875,0.39363521337509155,0.04460102319717407,-0.07073211669921875,3.442690372467041,0.25681138038635254,-0.5942542552947998
331.3420104980469,0.47033995389938354,-0.021117359399795532,0.01672840118408203,4.502780914306641,-0.1683511734008789,0.16454486548900604
725.2780151367188,0.4382992386817932,-0.03681248426437378,0.025948047637939453,4.368920803070068,-0.30190134048461914,0.26715904474258423
916.5859985351562,0.5090316534042358,0.03996248543262482,-0.04278564453125,4.235692501068115,0.24485433101654053,-0.3399507403373718
435.15399169921875,0.4898730218410492,-0.026224806904792786,0.031919002532958984,3.5228006839752197,-0.12712931632995605,0.23977364599704742
393.62200927734375,0.30626189708709717,0.03498256206512451,-0.043880462646484375,3.6573567390441895,0.3408958911895752,-0.5596835017204285
821.510009765625,0.4495844841003418,0.024668514728546143,-0.015338420867919922,4.490638256072998,0.20011699199676514,-0.1766456663608551
272.3179931640625,0.2817124128341675,0.012077860534191132,-0.014480352401733398,2.478973388671875,0.07501119375228882,-0.11856107413768768
640.6339721679688,0.3772626519203186,-0.032669976353645325,0.03700590133666992,3.80045223236084,-0.26303231716156006,0.32502374053001404
967.8499755859375,0.4077708423137665,-0.03048810362815857,0.028055191040039062,4.25579833984375,-0.2671910524368286,0.283156156539917
974.1019897460938,0.5944610834121704,-0.0005067288875579834,-0.0053865909576416016,4.58338737487793,-0.0018818378448486328,-0.0794563964009285
866.0780029296875,0.4514767527580261,-0.006355553865432739,0.0022001266479492188,4.5207319259643555,-0.0607759952545166,0.0025192962493747473
514.3499755859375,0.36361947655677795,0.001988515257835388,0.0009112358093261719,4.537664413452148,0.027595043182373047,0.003442256711423397
149.87399291992188,0.4365798532962799,-0.034679897129535675,0.07551956176757812,3.1735072135925293,-0.14189454913139343,0.49719610810279846
311.2139892578125,0.5947723388671875,-0.029263347387313843,0.028801918029785156,4.505425930023193,-0.16574454307556152,0.24020352959632874
874.1420288085938,0.42900151014328003,-0.007413038983941078,0.002306699752807617,4.284423351287842,-0.07016813009977341,0.013197515159845352
207.57400512695312,0.27996617555618286,-0.013887237757444382,0.08892464637756348,1.7977731227874756,-0.02226877212524414,0.6480574607849121
989.073974609375,0.47760191559791565,0.013034477829933167,-0.02590322494506836,4.592406749725342,0.09955251216888428,-0.29863789677619934
92.28600311279297,0.4666873812675476,0.01932317018508911,-0.011723041534423828,4.348574161529541,0.15034139156341553,-0.10693187266588211
665.1820068359375,0.48281222581863403,0.02255745232105255,-0.010950207710266113,4.670600891113281,0.1913623809814453,-0.12256316840648651
417.32598876953125,0.4687683582305908,0.02625402808189392,-0.02300548553466797,4.351197242736816,0.18733015656471252,-0.21420755982398987
374.85400390625,0.43010184168815613,-0.029087841510772705,0.054347991943359375,3.669349193572998,-0.18317067623138428,0.49618521332740784
291.7539978027344,0.4416164755821228,-0.023594483733177185,0.010718822479248047,4.440993309020996,-0.20184779167175293,0.08245337754487991
144.37399291992188,0.5339861512184143,-0.012284979224205017,0.004093170166015625,4.621603488922119,-0.09454333782196045,0.059939056634902954
424.1300048828125,0.46812254190444946,0.002676352858543396,-0.0004930496215820312,4.677177429199219,0.01363825798034668,-0.00798781681805849
324.3739929199219,0.45259273052215576,-0.029898807406425476,0.019929885864257812,4.539654731750488,-0.25399744510650635,0.22114799916744232
459.6659851074219,0.47102558612823486,-0.013314597308635712,0.011608123779296875,4.542515754699707,-0.10608911514282227,0.10068172216415405
275.3900146484375,0.17128907144069672,-0.0020811334252357483,0.010781288146972656,1.5342481136322021,0.00043326616287231445,0.08615733683109283
540.2139892578125,0.1747012883424759,0.014371424913406372,-0.06405067443847656,1.832430362701416,0.09499990940093994,-0.6410597562789917
609.718017578125,0.456609845161438,-0.03394037485122681,0.03809309005737305,4.384908199310303,-0.24825990200042725,0.378225177526474
709.2659912109375,0.7045089602470398,-0.028591230511665344,0.021460890769958496,4.6133198738098145,-0.14258885383605957,0.18936054408550262
557.1220092773438,0.32110896706581116,-0.023385953158140182,0.05767679214477539,3.026768207550049,-0.1379299759864807,0.513838529586792
186.3459930419922,0.21741457283496857,-0.005362778902053833,0.015429973602294922,2.0891218185424805,-0.03595620393753052,0.16583101451396942
554.1619873046875,0.25487852096557617,-0.015882698819041252,0.08811861276626587,1.7794398069381714,-0.0345892608165741,0.5953512191772461
875.9660034179688,0.28687968850135803,-0.0028883374761790037,0.007691383361816406,3.1994528770446777,-0.02356700971722603,0.09007637947797775
509.25,0.2775062322616577,0.021732255816459656,-0.028834819793701172,3.502502202987671,0.22590160369873047,-0.3460853695869446
166.9459991455078,0.44012266397476196,-0.03938998281955719,0.034409523010253906,4.250865459442139,-0.3069634437561035,0.33446425199508667
302.0260009765625,0.5107461214065552,-0.021395109593868256,0.010183334350585938,4.727096080780029,-0.1656748652458191,0.1246531680226326
112.84200286865234,0.3934607207775116,0.030231118202209473,-0.030185699462890625,3.967284917831421,0.2444908618927002,-0.2714020013809204
308.510009765625,0.42836448550224304,-0.03340534865856171,0.031017303466796875,4.3049726486206055,-0.26983559131622314,0.3097681701183319
453.93798828125,0.6119032502174377,-0.011024147272109985,0.04120349884033203,3.8350424766540527,-0.029986441135406494,0.3067574203014374
909.8140258789062,0.6195497512817383,0.01892787218093872,-0.009932518005371094,4.573352336883545,0.11351251602172852,-0.06405509263277054
698.6300048828125,0.49686694145202637,0.02808201313018799,-0.045725882053375244,4.202363967895508,0.17694246768951416,-0.4072038233280182
102.28600311279297,0.42496734857559204,0.03223887085914612,-0.046726226806640625,4.131688117980957,0.2575761079788208,-0.5640722513198853
969.406005859375,0.5032562017440796,-0.017035573720932007,0.013902425765991211,4.5019330978393555,-0.11684155464172363,0.09777411073446274
727.510009765625,0.33037805557250977,-0.011363044381141663,0.006522655487060547,4.599559783935547,-0.14067864418029785,0.08561109006404877
207.1739959716797,0.18635818362236023,-0.012272530235350132,0.06449031829833984,1.864448070526123,-0.0744142159819603,0.6347525119781494
426.6619873046875,0.32600677013397217,-0.03572474420070648,0.05997920036315918,3.2147865295410156,-0.26765358448028564,0.5894163250923157
735.5460205078125,0.34918248653411865,0.03438210487365723,-0.06989586353302002,3.1420321464538574,0.21553170680999756,-0.6028496623039246
130.2779998779297,0.5190112590789795,0.042772531509399414,-0.038726806640625,4.044658660888672,0.2568981647491455,-0.2538388669490814
332.4700012207031,0.4664105176925659,-0.014414682984352112,0.011792182922363281,4.6632914543151855,-0.12107038497924805,0.09937029331922531
434.6180114746094,0.3336355686187744,-0.019956223666667938,0.030792236328125,3.3826189041137695,-0.14702332019805908,0.301449179649353
301.7099914550781,0.4736573398113251,-0.022543858736753464,0.014342069625854492,4.746479511260986,-0.18992137908935547,0.14752794802188873
104.48600006103516,0.4014427065849304,0.04236187785863876,-0.08008193969726562,3.039536476135254,0.2039082646369934,-0.6292345523834229
642.3140258789062,0.3865823447704315,-0.03994816169142723,0.05217170715332031,3.884349822998047,-0.31453192234039307,0.5074325799942017
457.2099914550781,0.4774167537689209,-0.03553064167499542,0.03925609588623047,3.7459049224853516,-0.1961597204208374,0.3060643970966339
816.4979858398438,0.3934459090232849,0.028880998492240906,-0.049067020416259766,3.8628087043762207,0.2149144411087036,-0.5259520411491394
364.0780029296875,0.37776604294776917,0.03529314696788788,-0.054821014404296875,3.1021366119384766,0.20084905624389648,-0.4456796646118164
509.34600830078125,0.3401929438114166,0.02583145722746849,-0.03491401672363281,3.563847064971924,0.21989810466766357,-0.32767874002456665
848.281982421875,0.4286075830459595,-0.03079356998205185,0.028326034545898438,4.143510818481445,-0.2322123646736145,0.27105677127838135
863.0180053710938,0.46517258882522583,-0.03131313621997833,0.031156539916992188,4.322059154510498,-0.2344565987586975,0.27281081676483154
674.2659912109375,0.5233692526817322,-0.04726789891719818,0.06247544288635254,3.6929237842559814,-0.22249233722686768,0.4273204803466797
361.13800048828125,0.29653531312942505,0.007803425192832947,-0.03285026550292969,2.5065135955810547,0.0263441801071167,-0.2584303617477417
693.9860229492188,0.4474290609359741,0.0341021791100502,-0.026573270559310913,4.153933525085449,0.2560198903083801,-0.2655735909938812
769.1939697265625,0.4861672818660736,0.0034103021025657654,-0.0073947906494140625,4.68674373626709,0.021903038024902344,-0.03845735639333725
224.1219940185547,0.46183472871780396,0.02012564241886139,-0.01436758041381836,4.454650402069092,0.16372227668762207,-0.12494813650846481
633.0139770507812,0.2994113266468048,-0.0021759718656539917,0.0004889965057373047,2.2563161849975586,-0.013917803764343262,0.003378006862476468
263.7179870605469,0.4321604371070862,0.005185112357139587,-0.0029244422912597656,4.693113327026367,0.05652761459350586,-0.023422658443450928
193.41799926757812,0.5700905323028564,-0.015096127986907959,0.010908365249633789,4.462536811828613,-0.09706950187683105,0.08033744245767593
513.3419799804688,0.4614160656929016,0.007271498441696167,-0.0031723976135253906,4.619420528411865,0.0607457160949707,-0.05038684606552124
441.12200927734375,0.3471378982067108,-0.022222250699996948,0.03650093078613281,3.261101007461548,-0.14550524950027466,0.3337014615535736
411.6820068359375,0.4413635730743408,0.005151674151420593,0.0013117790222167969,4.596249103546143,0.053177595138549805,-0.010241434909403324
826.6380004882812,0.48109355568885803,-0.0003513246774673462,0.0020623207092285156,4.820234298706055,-0.0025463104248046875,-0.004402708727866411
918.322021484375,0.32272371649742126,0.03600461035966873,-0.043419837951660156,3.8693490028381348,0.3485743999481201,-0.523883581161499
297.8139953613281,0.46109458804130554,-0.015342742204666138,0.017862796783447266,4.631468772888184,-0.12293899059295654,0.1935628056526184
307.48199462890625,0.56069016456604,-0.052036698907613754,0.05395841598510742,4.155137538909912,-0.2706635892391205,0.3863030672073364
481.8739929199219,0.6532671451568604,0.00797271728515625,-0.007860183715820312,4.406267166137695,0.02840566635131836,-0.01975925639271736
323.04998779296875,0.49758386611938477,-0.017085447907447815,0.01272726058959961,4.781766891479492,-0.14155793190002441,0.14661769568920135
491.00201416015625,0.5919952392578125,0.037454891949892044,-0.030885696411132812,4.5046186447143555,0.2117955982685089,-0.2406599521636963
391.25,0.49504807591438293,0.036857858300209045,-0.05018138885498047,3.7799224853515625,0.19265389442443848,-0.39731165766716003
758.0819702148438,0.46670258045196533,0.03063969314098358,-0.02840709686279297,4.315217018127441,0.219002366065979,-0.20381289720535278
986.9739990234375,0.6116087436676025,0.000284537672996521,-0.0026535987854003906,4.775000095367432,-0.0031720399856567383,-0.00523865781724453
993.9420166015625,0.3600139617919922,0.03953811526298523,-0.056448936462402344,3.6155359745025635,0.3021587133407593,-0.6216292381286621
800.3099975585938,0.5644816160202026,-0.04342443495988846,0.041810035705566406,4.282886505126953,-0.2485577017068863,0.2985082268714905
506.24200439453125,0.3917272388935089,0.01019701361656189,-0.005488395690917969,3.89794921875,0.07976806163787842,-0.06735458970069885
912.1420288085938,0.5269109010696411,0.044456541538238525,-0.055011749267578125,3.95951509475708,0.22686541080474854,-0.42049264907836914
557.0139770507812,0.319574236869812,-0.022012798115611076,0.06003844738006592,2.912193775177002,-0.1210029125213623,0.5160357356071472
345.4100036621094,0.3518798053264618,-0.036169201135635376,0.053089141845703125,3.5384957790374756,-0.27319884300231934,0.5244150757789612
537.5139770507812,0.25643789768218994,0.03552698343992233,-0.07118844985961914,2.581289768218994,0.2601252794265747,-0.6915684342384338
420.9540100097656,0.467926561832428,0.023315995931625366,-0.017664670944213867,4.502871513366699,0.1779564619064331,-0.19216585159301758
240.38600158691406,0.5381665825843811,0.004720866680145264,0.002071857452392578,4.056734085083008,0.02203202247619629,0.03767457231879234
840.4099731445312,0.4321022033691406,0.029596932232379913,-0.021106719970703125,4.494783878326416,0.25705552101135254,-0.2146216779947281
886.1300048828125,0.4393957257270813,0.018433421850204468,-0.016880691051483154,4.414799213409424,0.14963650703430176,-0.17359216511249542
722.6500244140625,0.4852087199687958,-0.02262556552886963,0.018636226654052734,4.671927452087402,-0.17840886116027832,0.19681201875209808
545.4619750976562,0.2026294618844986,-0.009116753935813904,0.05260181427001953,1.6300041675567627,-0.023492872714996338,0.4652330279350281
528.218017578125,0.31557807326316833,0.031237371265888214,-0.04276013374328613,3.300196409225464,0.25567626953125,-0.45082640647888184
844.9219970703125,0.49475428462028503,-0.006655488163232803,0.02842426300048828,4.368968486785889,-0.042127519845962524,0.28502213954925537
997.6099853515625,0.34286361932754517,0.013951988890767097,-0.009148597717285156,4.505937576293945,0.16086170077323914,-0.16068965196609497
550.6420288085938,0.15693554282188416,-0.01212792843580246,0.062281131744384766,1.812476396560669,-0.09509885311126709,0.6758829355239868
729.6339721679688,0.5690209865570068,-0.004930451512336731,0.0002624988555908203,4.736523151397705,-0.03413271903991699,-0.01103653572499752
581.72998046875,0.4489077031612396,0.041645389050245285,-0.03709745407104492,4.344748020172119,0.31994467973709106,-0.4154263138771057
778.4099731445312,0.3336275815963745,0.03587491810321808,-0.06883811950683594,2.8978941440582275,0.2121502161026001,-0.5579642057418823
478.3059997558594,0.6158729791641235,0.038652002811431885,-0.041405677795410156,3.940932273864746,0.17096924781799316,-0.2588309645652771
491.5379943847656,0.6584475040435791,0.036270108073949814,-0.024272918701171875,4.4749274253845215,0.17489537596702576,-0.15300112962722778
101.11000061035156,0.4286222457885742,0.026677846908569336,-0.020849227905273438,4.482847213745117,0.23553025722503662,-0.21327775716781616
583.5499877929688,0.48471182584762573,0.025523468852043152,-0.018941402435302734,4.664607048034668,0.20045137405395508,-0.16204269230365753
284.27398681640625,0.6153638362884521,-0.05360895395278931,0.06676220893859863,4.163618564605713,-0.23650109767913818,0.4048192799091339
170.3419952392578,0.4574246406555176,-0.018185392022132874,0.006230354309082031,4.590599536895752,-0.15928304195404053,0.06855040788650513
881.52197265625,0.5238080024719238,-0.038185134530067444,0.06803900003433228,3.489497661590576,-0.14827990531921387,0.4372849762439728
544.4819946289062,0.25180119276046753,-0.008226968348026276,0.059395790100097656,1.7932020425796509,-0.009933292865753174,0.40873807668685913
983.0180053710938,0.5060500502586365,0.012688674032688141,-0.0033512115478515625,4.706714153289795,0.1007586121559143,-0.03560229763388634
818.6699829101562,0.3229169249534607,0.03412272036075592,-0.04651069641113281,3.5457534790039062,0.2951415777206421,-0.4673120379447937
559.9299926757812,0.6757566332817078,-0.028525888919830322,0.018898487091064453,4.563374996185303,-0.146775484085083,0.07419642060995102
132.58599853515625,0.4639435410499573,0.01904343068599701,-0.010395050048828125,4.638812065124512,0.16499614715576172,-0.06888285279273987
768.197998046875,0.6860795021057129,0.0032744407653808594,-0.0021409988403320312,4.759674072265625,0.012225866317749023,-0.04753808304667473
771.8779907226562,0.4569980800151825,0.03603161871433258,-0.03289604187011719,4.3909687995910645,0.283689022064209,-0.30066561698913574
434.84600830078125,0.44894182682037354,-0.025202155113220215,0.03686714172363281,3.407352924346924,-0.13504672050476074,0.27114930748939514
569.1420288085938,0.4907708168029785,0.013895794749259949,-0.00972449779510498,4.556759834289551,0.1075969934463501,-0.095021091401577
741.9459838867188,0.2462237924337387,0.02259528636932373,-0.05281662940979004,2.768948793411255,0.19493365287780762,-0.6099474430084229
682.093994140625,0.4634190499782562,0.023160353302955627,-0.024033546447753906,4.467503547668457,0.18626469373703003,-0.2432411015033722
949.1420288085938,0.3626217246055603,-0.022624149918556213,0.012597084045410156,4.534990310668945,-0.2448422908782959,0.14965829253196716
290.70599365234375,0.3968430161476135,-0.043108850717544556,0.04286456108093262,3.974277973175049,-0.3477473258972168,0.40469393134117126
671.666015625,0.4104677736759186,-0.02695952169597149,0.025081276893615723,4.1287455558776855,-0.22375249862670898,0.2669632136821747
850.47802734375,0.3934311270713806,-0.03807412087917328,0.04323005676269531,3.9732584953308105,-0.300761342048645,0.43247920274734497
714.1019897460938,0.7103618383407593,-0.05606141686439514,0.04388958215713501,4.468252182006836,-0.23681187629699707,0.2751356065273285
944.2899780273438,0.5256284475326538,0.016552790999412537,-0.012436866760253906,4.67217493057251,0.11500346660614014,-0.170309916138649
296.12200927734375,0.31643587350845337,-0.0003628656268119812,-0.0018815994262695312,4.656105041503906,-0.008209466934204102,-0.023513324558734894
586.5339965820312,0.4236675500869751,0.03561965376138687,-0.03805208206176758,4.209084987640381,0.28231310844421387,-0.3615042567253113
557.27001953125,0.4543270468711853,-0.030579935759305954,0.0711219310760498,3.0932180881500244,-0.11083632707595825,0.45437583327293396
931.7540283203125,0.6745767593383789,0.012219280004501343,-0.0048389434814453125,4.5655412673950195,0.07271814346313477,-0.025693492963910103
739.1939697265625,0.3861367106437683,0.04053352773189545,-0.05332225561141968,3.759098768234253,0.29862678050994873,-0.5219066143035889
516.7059936523438,0.44705647230148315,0.02139200270175934,-0.021697998046875,4.295161247253418,0.15836286544799805,-0.19849836826324463
791.0859985351562,0.21881446242332458,-0.012406591325998306,0.05887794494628906,1.9474024772644043,-0.051385849714279175,0.5310528874397278
474.08599853515625,0.32001328468322754,0.032016217708587646,-0.057297706604003906,3.1454920768737793,0.2198190689086914,-0.5651233792304993
221.48599243164062,0.3957933485507965,0.03458798676729202,-0.046690940856933594,3.5465855598449707,0.2391034960746765,-0.4001266062259674
256.4700012207031,0.5225307941436768,0.013991985470056534,-0.028057187795639038,3.3410966396331787,0.06351253390312195,-0.22684766352176666
157.6739959716797,0.4343022406101227,-0.034711938351392746,0.02885913848876953,4.352736949920654,-0.2812076807022095,0.2840464115142822
997.22998046875,0.45011717081069946,0.01921367645263672,-0.018654823303222656,4.497616767883301,0.14783871173858643,-0.19290347397327423
575.9140014648438,0.5733067393302917,0.04905237257480621,-0.04864692687988281,4.345751762390137,0.2746349573135376,-0.3851242959499359
366.3380126953125,0.3762228488922119,0.03872828930616379,-0.040947914123535156,3.8053066730499268,0.29921644926071167,-0.4014829695224762
941.302001953125,0.4765312969684601,-0.005885489284992218,0.0054111480712890625,4.618161678314209,-0.04561302065849304,0.015343616716563702
129.91799926757812,0.2210802286863327,0.02275265008211136,-0.021167755126953125,3.9655842781066895,0.36836934089660645,-0.37956807017326355
752.1859741210938,0.5119971036911011,0.019232213497161865,-0.006284236907958984,4.733747482299805,0.1456977128982544,-0.02923954464495182
82.22599792480469,0.31275850534439087,0.02250758558511734,-0.04652214050292969,3.033092737197876,0.15242576599121094,-0.4547467529773712
189.302001953125,0.34487223625183105,-0.021402806043624878,0.04095959663391113,3.1152496337890625,-0.12886857986450195,0.34803298115730286
652.72998046875,0.4617857336997986,0.020805034786462784,-0.01352548599243164,4.624103546142578,0.16606782376766205,-0.13777247071266174
942.0659790039062,0.4825054109096527,0.01034216582775116,-0.012319564819335938,4.652933597564697,0.07680892944335938,-0.13109658658504486
826.2979736328125,0.48130476474761963,0.002485230565071106,0.0006160736083984375,4.798324108123779,0.022243499755859375,0.01085280254483223
919.22998046875,0.39392414689064026,0.03926410526037216,-0.04149913787841797,3.9538652896881104,0.3076580762863159,-0.37448516488075256
833.6259765625,0.6589061617851257,0.04270392656326294,-0.037842750549316406,4.475626468658447,0.20120453834533691,-0.23016372323036194
694.0819702148438,0.4022805392742157,0.02987676113843918,-0.026876837015151978,4.244574546813965,0.2668132781982422,-0.28348809480667114
784.6259765625,0.5374363660812378,0.0013843774795532227,-0.004668235778808594,3.5130505561828613,0.011641144752502441,-0.051678769290447235
900.302001953125,0.3261783719062805,0.030856579542160034,-0.05919694900512695,3.165001392364502,0.2158222198486328,-0.5522863864898682
401.3900146484375,0.31751129031181335,0.01819511316716671,-0.03324174880981445,2.97403883934021,0.13363032042980194,-0.29780933260917664
318.5539855957031,0.5275458693504333,-0.010725364089012146,0.012175559997558594,4.732117652893066,-0.07027530670166016,0.0833347737789154
698.72998046875,0.4115675091743469,0.030038148164749146,-0.041168928146362305,4.045687198638916,0.24399924278259277,-0.4268109202384949
471.9580078125,0.466607928276062,0.0017314216820523143,-0.005542755126953125,4.6618828773498535,0.014846643432974815,-0.07862299680709839
479.7860107421875,0.5758674740791321,0.025092989206314087,-0.01927471160888672,4.242950439453125,0.13846218585968018,-0.09837967157363892
890.3820190429688,0.3484502136707306,0.03262078016996384,-0.04605662822723389,3.519287347793579,0.24941915273666382,-0.4876044988632202
671.906005859375,0.6480578184127808,-0.036925964057445526,0.036644816398620605,4.185216903686523,-0.15674924850463867,0.18758392333984375
210.01800537109375,0.19205817580223083,-0.015041685663163662,0.06682825088500977,1.9183281660079956,-0.08828570693731308,0.6551855206489563
717.7459716796875,0.6091814041137695,-0.03644806146621704,0.03530794382095337,4.486981391906738,-0.1993308663368225,0.2974938452243805
250.70599365234375,0.6112847924232483,0.021976739168167114,-0.009425103664398193,4.5298285484313965,0.13549554347991943,-0.04993133619427681
281.5459899902344,0.4827609658241272,-0.038296714425086975,0.049768686294555664,3.791487693786621,-0.2014176845550537,0.36879411339759827
938.9099731445312,0.4070766866207123,-0.024267777800559998,0.02489471435546875,4.099669456481934,-0.19576454162597656,0.2555842101573944
927.8820190429688,0.5580623745918274,-0.037957072257995605,0.02893543243408203,4.398687362670898,-0.2249898910522461,0.1949911266565323
444.25,0.4263734221458435,-0.03179009258747101,0.03590202331542969,4.119775772094727,-0.2360687255859375,0.3263806104660034
587.52197265625,0.4816076457500458,0.04620805382728577,-0.04403829574584961,4.139139175415039,0.29623502492904663,-0.3490190804004669
212.05799865722656,0.23891198635101318,-0.02228263020515442,0.061586856842041016,2.5179126262664795,-0.16990020871162415,0.6548926830291748
126.96199798583984,0.5079678893089294,0.0157049298286438,-0.012059211730957031,4.706246376037598,0.1202859878540039,-0.16311341524124146
990.093994140625,0.6398465037345886,0.03718993067741394,-0.03965330123901367,4.453390598297119,0.17397868633270264,-0.30428197979927063
600.8460083007812,0.47878891229629517,-0.0403389036655426,0.0556793212890625,3.6482443809509277,-0.20266616344451904,0.3843538463115692
918.8779907226562,0.49496132135391235,0.05084633454680443,-0.061547279357910156,3.856721878051758,0.271921306848526,-0.48935216665267944
604.64599609375,0.593254804611206,-0.038611456751823425,0.04285287857055664,4.483273506164551,-0.20573067665100098,0.3336092531681061
716.8779907226562,0.6139472126960754,-0.04519636929035187,0.02860713005065918,4.559578895568848,-0.24984465539455414,0.20588982105255127
895.8140258789062,0.41850584745407104,0.05721648037433624,-0.09960460662841797,3.029834508895874,0.2552546262741089,-0.7092925906181335
953.3660278320312,0.4807519316673279,-0.005184471607208252,0.00043201446533203125,4.8072686195373535,-0.058055877685546875,-0.013916651718318462
915.530029296875,0.5556015372276306,0.026865154504776,-0.02137279510498047,4.376120567321777,0.1640164852142334,-0.16829600930213928
201.9219970703125,0.18238350749015808,-0.011401684954762459,0.051372915506362915,1.7393990755081177,-0.07398785650730133,0.5008518695831299
598.3419799804688,0.15670065581798553,-0.01772541180253029,0.04457283020019531,2.3161165714263916,-0.21188735961914062,0.6356788277626038
310.4100036621094,0.4892587661743164,-0.019580841064453125,0.009560108184814453,4.718691349029541,-0.16373443603515625,0.07936543226242065
548.6019897460938,0.22204124927520752,-0.012797385454177856,0.07208704948425293,1.7689838409423828,-0.03584367036819458,0.5470772385597229
495.1260070800781,0.4982180595397949,0.00258713960647583,-0.007088661193847656,4.603304862976074,0.00879812240600586,-0.07537226378917694
581.3820190429688,0.38885679841041565,0.036026597023010254,-0.037686824798583984,4.252557754516602,0.3214683532714844,-0.4350002408027649
375.3059997558594,0.3799458146095276,-0.037613093852996826,0.05873298645019531,3.373643636703491,-0.24782562255859375,0.5189164280891418
418.51800537109375,0.6039025783538818,0.04511335492134094,-0.046970367431640625,4.181516647338867,0.2189483642578125,-0.3706149160861969
832.7379760742188,0.5553255081176758,0.043888241052627563,-0.04943561553955078,4.241069793701172,0.2367839813232422,-0.4208481013774872
807.8740234375,0.506513237953186,-0.015749186277389526,0.006130218505859375,3.960362195968628,-0.10082733631134033,0.08312016725540161
209.42999267578125,0.16668292880058289,-0.01196260005235672,0.05281209945678711,1.9155948162078857,-0.0949937105178833,0.6011673212051392
225.45799255371094,0.47348183393478394,0.011875748634338379,-0.00899648666381836,4.73647403717041,0.10427689552307129,-0.07800427824258804
897.8099975585938,0.41509705781936646,0.04734732210636139,-0.09332275390625,3.171975612640381,0.2293999195098877,-0.7726514935493469
969.64599609375,0.6273735761642456,-0.017998307943344116,0.012144088745117188,4.63380241394043,-0.09738492965698242,0.07268409430980682
972.573974609375,0.33671098947525024,9.033083915710449e-05,-0.0015859603881835938,4.691925048828125,0.0015730857849121094,-0.018796365708112717
456.1820068359375,0.285555899143219,-0.023523405194282532,0.037987709045410156,3.1578528881073,-0.2030928134918213,0.4356764853000641
226.62600708007812,0.45731091499328613,0.028091490268707275,-0.03718090057373047,4.179331302642822,0.20259857177734375,-0.3818110227584839
272.906005859375,0.31323084235191345,0.004229798913002014,0.0012023448944091797,2.1811370849609375,0.01683497428894043,-0.020730063319206238
201.25399780273438,0.26078999042510986,-0.016385432332754135,0.08408737182617188,1.8355470895767212,-0.04484102129936218,0.5547472238540649
960.2100219726562,0.4499513804912567,-0.033090099692344666,0.023992538452148438,4.501917839050293,-0.2721201181411743,0.22710515558719635
779.177978515625,0.24967586994171143,0.02645130455493927,-0.03757762908935547,3.3060829639434814,0.28970110416412354,-0.49328848719596863
240.25399780273438,0.329664945602417,0.002769291400909424,-0.002461671829223633,4.097945690155029,0.0269620418548584,-0.026311485096812248
612.302001953125,0.34722208976745605,-0.04282812401652336,0.05220627784729004,3.4928765296936035,-0.325875848531723,0.49964529275894165
880.5380249023438,0.24853691458702087,-0.019549623131752014,0.0493541955947876,2.7350780963897705,-0.14735859632492065,0.5364522933959961
260.27398681640625,0.6510682106018066,0.015944331884384155,-0.012473523616790771,4.299204349517822,0.08677315711975098,-0.06181453540921211
400.37799072265625,0.4209575951099396,0.0015925690531730652,-0.0024271011352539062,3.8658454418182373,0.0031900405883789062,-0.03918134793639183
112.1259994506836,0.42021018266677856,0.03657466918230057,-0.04546833038330078,3.642792224884033,0.2331920564174652,-0.37513241171836853
855.197998046875,0.6492627859115601,-0.03648689389228821,0.02734994888305664,4.49694299697876,-0.18497943878173828,0.1987481564283371
536.1259765625,0.4157605767250061,0.042941365391016006,-0.05030322074890137,3.73641300201416,0.29047727584838867,-0.41790899634361267
984.0540161132812,0.4779888987541199,0.0035522431135177612,-0.002178192138671875,4.767440319061279,0.028431177139282227,-0.0492752343416214
115.12200164794922,0.4278768301010132,0.02864880859851837,-0.02609729766845703,4.30355167388916,0.2261408567428589,-0.24698643386363983
205.44200134277344,0.3017168641090393,-0.017718255519866943,0.09886384010314941,2.027984380722046,-0.03299546241760254,0.62690669298172
961.1179809570312,0.4722670018672943,-0.032698117196559906,0.027900218963623047,4.529879570007324,-0.2504161596298218,0.28180205821990967
527.3179931640625,0.35678935050964355,0.03404766321182251,-0.08754622936248779,2.743112564086914,0.1400681734085083,-0.7032075524330139
265.3179931640625,0.48982852697372437,0.004204422235488892,-0.0005685091018676758,4.705288887023926,0.038468360900878906,-0.013329559937119484
866.4140014648438,0.6254392862319946,-0.008124589920043945,0.02560281753540039,4.405729293823242,-0.026116371154785156,0.2705984115600586
837.0659790039062,0.5504292249679565,0.02549596130847931,-0.012937545776367188,4.606429100036621,0.17467093467712402,-0.14528881013393402
598.0460205078125,0.31452858448028564,-0.0348099023103714,0.08883857727050781,2.4136431217193604,-0.15124118328094482,0.6655049920082092
261.9700012207031,0.686227560043335,0.007481783628463745,-0.009547591209411621,4.495467662811279,0.037430763244628906,-0.07287386059761047
982.4660034179688,0.4823141396045685,0.018711388111114502,-0.0015621185302734375,4.646236896514893,0.15308672189712524,-0.015967968851327896
162.11000061035156,0.5923800468444824,-0.027127757668495178,0.026958465576171875,4.45297908782959,-0.14546918869018555,0.18988174200057983
442.5459899902344,0.4874633550643921,-0.02437250316143036,0.022401809692382812,4.078212738037109,-0.14395880699157715,0.200331449508667
987.8419799804688,0.4770652651786804,0.0006844550371170044,-0.0016093254089355469,4.7675862312316895,0.006149649620056152,-0.034676458686590195
260.0459899902344,0.56467604637146,0.015473902225494385,-0.009095847606658936,4.268987655639648,0.08935892581939697,-0.09522394835948944
404.8179931640625,0.4232317805290222,0.024685591459274292,-0.018383502960205078,4.097287178039551,0.19715523719787598,-0.16984835267066956
287.77398681640625,0.6417356729507446,-0.04751607030630112,0.03424966335296631,4.47812557220459,-0.23924079537391663,0.2549000680446625
440.8819885253906,0.309929758310318,-0.020175307989120483,0.035780906677246094,3.1435956954956055,-0.14765751361846924,0.34614717960357666
263.3059997558594,0.44117408990859985,0.0019394159317016602,-0.00213468074798584,4.594485759735107,0.019464492797851562,-0.03795125335454941
631.9500122070312,0.2709158957004547,-0.0058069974184036255,0.009021520614624023,2.5612168312072754,-0.053533077239990234,0.10463540256023407
641.385986328125,0.278523713350296,-0.02760503441095352,0.03396320343017578,3.8502044677734375,-0.33331096172332764,0.4880507290363312
558.4019775390625,0.3741180896759033,-0.03068256378173828,0.03348493576049805,3.9478607177734375,-0.2546262741088867,0.36351898312568665
714.4140014648438,0.4988332986831665,-0.037145912647247314,0.033465027809143066,4.46163272857666,-0.25935983657836914,0.3187376856803894
367.6059875488281,0.5823507308959961,0.03388679027557373,-0.04127025604248047,4.30649995803833,0.16953670978546143,-0.3277125358581543
215.1060028076172,0.3579733967781067,-0.016703560948371887,0.022890090942382812,3.3166399002075195,-0.11131393909454346,0.21696867048740387
424.3340148925781,0.4680955410003662,0.00244169682264328,-0.004649639129638672,4.68284797668457,0.022042036056518555,0.012944812886416912
362.8500061035156,0.15768803656101227,0.01557694748044014,-0.034607887268066406,2.471663475036621,0.21145108342170715,-0.5191048979759216
642.9340209960938,0.6068440079689026,-0.05473891645669937,0.07612037658691406,3.9211671352386475,-0.2086046040058136,0.4868721663951874
204.1179962158203,0.19410283863544464,-0.012055166065692902,0.05420482158660889,1.8540953397750854,-0.06696242094039917,0.4528389573097229
70.08599853515625,0.38318949937820435,0.012742504477500916,-0.014396250247955322,3.723733425140381,0.09224593639373779,-0.14822404086589813
718.75,0.5064172744750977,-0.029943451285362244,0.02435237169265747,4.540064811706543,-0.2140733003616333,0.20461060106754303
643.5819702148438,0.5580397248268127,-0.049023911356925964,0.05199432373046875,4.0220537185668945,-0.24232614040374756,0.35995835065841675
913.6060180664062,0.4879509210586548,0.04101597145199776,-0.04508209228515625,3.9630637168884277,0.2370670735836029,-0.34468045830726624
517.4819946289062,0.4187924563884735,0.021496251225471497,-0.020075321197509766,4.176006317138672,0.17522966861724854,-0.20454998314380646
820.6060180664062,0.3095811605453491,0.027990400791168213,-0.019238948822021484,4.307344436645508,0.34089139103889465,-0.27633702754974365
659.4819946289062,0.32989150285720825,0.03656502068042755,-0.06106281280517578,3.1787874698638916,0.2575007677078247,-0.5853087306022644
624.4019775390625,0.45463767647743225,-0.01851816475391388,0.014389634132385254,4.522044658660889,-0.15297675132751465,0.1388755589723587
597.5139770507812,0.3145429790019989,-0.03283785283565521,0.0727396011352539,2.967473030090332,-0.22755324840545654,0.7228977084159851
241.95799255371094,0.31574302911758423,0.001395106315612793,-0.0025479793548583984,3.161961078643799,0.001034855842590332,-0.007560293190181255
58.15399932861328,-1.925200194818899e-05,3.6296372854849324e-05,2.2341962903738022e-05,-0.0019120083888992667,0.0005580872530117631,0.0009330169996246696
97.78600311279297,0.46268191933631897,0.007125617936253548,-0.006568431854248047,4.644762992858887,0.05777931213378906,-0.052468616515398026
899.1859741210938,0.24880807101726532,0.024679861962795258,-0.06354618072509766,2.5081841945648193,0.16232818365097046,-0.6490463614463806
589.885986328125,0.5585328340530396,0.052167877554893494,-0.06549644470214844,3.9511756896972656,0.24131083488464355,-0.46885165572166443
779.4819946289062,0.34289219975471497,0.03473646193742752,-0.04874992370605469,3.4654653072357178,0.27254295349121094,-0.4917220175266266
314.92999267578125,0.5058843493461609,-0.028305530548095703,0.02355194091796875,4.680294513702393,-0.2101888656616211,0.20574244856834412
134.64999389648438,0.48954176902770996,0.006463110446929932,-0.000213623046875,4.695443153381348,0.053009748458862305,-0.006434273440390825
430.8420104980469,0.3624112010002136,-0.014128431677818298,0.010853290557861328,3.5989160537719727,-0.11152994632720947,0.1141304224729538
452.2460021972656,0.46929559111595154,-0.008927270770072937,-0.00292205810546875,4.484020233154297,-0.07525306940078735,0.021270740777254105
89.34600067138672,0.295523464679718,0.019336223602294922,-0.01650381088256836,4.359585762023926,0.2405686378479004,-0.19957035779953003
648.5180053710938,0.49274930357933044,-0.00718456506729126,0.0019545555114746094,4.7097673416137695,-0.05396997928619385,-0.0234371405094862
735.1900024414062,0.3215518295764923,0.031122252345085144,-0.06141185760498047,2.9806666374206543,0.19908452033996582,-0.5969453454017639
675.7379760742188,0.37127575278282166,-0.0293141957372427,0.02807307243347168,3.589728593826294,-0.22955332696437836,0.3474273085594177
173.79400634765625,0.38289517164230347,-0.031762316823005676,0.05768585205078125,2.8488271236419678,-0.14091680943965912,0.3722313344478607
826.197998046875,0.44255468249320984,0.0013990849256515503,-0.002941131591796875,4.817556858062744,0.017582416534423828,-0.02160799689590931
183.07400512695312,0.3213557302951813,-0.016884520649909973,0.05630064010620117,2.4395995140075684,-0.05072110891342163,0.334146112203598
672.2459716796875,0.3290131092071533,-0.02071627974510193,0.020054101943969727,4.090721130371094,-0.21670925617218018,0.26978787779808044
160.83799743652344,0.5207757949829102,-0.038325220346450806,0.029283523559570312,4.366725921630859,-0.24301767349243164,0.25033581256866455
844.0499877929688,0.49026232957839966,0.009195324033498764,-0.0029811859130859375,4.69988489151001,0.08474099636077881,0.009813488461077213
906.9420166015625,0.3741130232810974,0.03436044603586197,-0.043334007263183594,3.773322582244873,0.25602415204048157,-0.4476526081562042
691.677978515625,0.1262947916984558,0.010855164378881454,-0.021484792232513428,2.6442208290100098,0.19829964637756348,-0.4651079773902893
213.38999938964844,0.33656659722328186,-0.028715580701828003,0.05083465576171875,3.247452735900879,-0.20092999935150146,0.49802425503730774
477.8059997558594,0.4504089057445526,0.03303535282611847,-0.039852142333984375,3.8041324615478516,0.19366538524627686,-0.3578326106071472
316.95001220703125,0.44800981879234314,-0.022132597863674164,0.01284170150756836,4.664915084838867,-0.19196438789367676,0.1259247362613678
102.62200164794922,0.3725161552429199,0.042729273438453674,-0.05375385284423828,3.6730566024780273,0.33348357677459717,-0.5760127902030945
691.4819946289062,0.3544461727142334,0.021122455596923828,-0.06480109691619873,2.5863044261932373,0.07907986640930176,-0.46057623624801636
812.666015625,0.4319376051425934,0.022263914346694946,-0.01607799530029297,4.331554412841797,0.1760873794555664,-0.17759844660758972
840.3140258789062,0.4690779447555542,0.03295035660266876,-0.02261638641357422,4.514269828796387,0.2636157274246216,-0.2109762728214264
233.06199645996094,0.5805456042289734,0.02621324360370636,-0.01721978187561035,4.671658515930176,0.1615968942642212,-0.12299072742462158
768.9819946289062,0.49008530378341675,-0.0005126446485519409,-0.00206756591796875,4.704390048980713,0.0033884048461914062,-0.0550837405025959
463.114013671875,0.2772250175476074,-0.02873958647251129,0.06310462951660156,2.8425633907318115,-0.22164762020111084,0.6806755065917969
714.302001953125,0.4274928867816925,-0.034422993659973145,0.0225677490234375,4.453769683837891,-0.3078751564025879,0.220401793718338
932.8499755859375,0.4876915514469147,-0.00042942166328430176,0.004101753234863281,4.329716205596924,-0.007471203804016113,0.016403626650571823
824.5659790039062,0.46853458881378174,0.002888306975364685,0.0004940032958984375,4.685850620269775,0.0324854850769043,-0.02271951176226139
102.72200012207031,0.3551265299320221,0.04238446056842804,-0.05639314651489258,3.4661078453063965,0.33330607414245605,-0.5489039421081543
417.54998779296875,0.4031948745250702,0.0224323533475399,-0.018938064575195312,4.392466068267822,0.20509088039398193,-0.1503746509552002
86.01799774169922,0.33868664503097534,0.03618223965167999,-0.05086517333984375,3.380742073059082,0.2679474353790283,-0.5181601643562317
947.3419799804688,0.29346123337745667,-0.03184704855084419,0.02920055389404297,4.105490207672119,-0.38263601064682007,0.3582271933555603
229.83799743652344,0.6193279027938843,0.051164716482162476,-0.06866765022277832,4.109582901000977,0.1974961757659912,-0.4182361960411072
692.0780029296875,0.38974714279174805,0.026795819401741028,-0.05753922462463379,3.013253688812256,0.12095844745635986,-0.41755250096321106
612.1019897460938,0.5802288055419922,-0.057720720767974854,0.09241032600402832,3.6470680236816406,-0.21274405717849731,0.6027950644493103
977.4180297851562,0.4704076945781708,0.034748390316963196,-0.062325477600097656,3.3056039810180664,0.1463165283203125,-0.5073791742324829
627.2459716796875,0.5675253868103027,0.027256526052951813,-0.025668978691101074,4.260303497314453,0.14255642890930176,-0.22948704659938812
768.0540161132812,0.5311123728752136,0.0031255334615707397,-0.0001888275146484375,4.753785610198975,0.019840657711029053,0.045991722494363785
97.68599700927734,0.4044759273529053,0.007449523080140352,-0.002864360809326172,4.609685897827148,0.06617381423711777,-0.05486981198191643
417.2179870605469,0.46577179431915283,0.027604589238762856,-0.021903038024902344,4.33164644241333,0.2033635824918747,-0.19671232998371124
932.3779907226562,0.4322642385959625,0.005630582571029663,-0.0001964569091796875,4.5024003982543945,0.05083644390106201,0.026119956746697426
626.7780151367188,0.32331666350364685,0.018380388617515564,-0.011871814727783203,4.276760101318359,0.21703028678894043,-0.18949811160564423
832.4340209960938,0.5733985900878906,0.04875735938549042,-0.054650306701660156,4.11165189743042,0.23739326000213623,-0.34502390027046204
971.4019775390625,0.7663438320159912,-0.008496493101119995,0.0035369396209716797,4.705418586730957,-0.025661468505859375,-0.025245491415262222
870.5499877929688,0.43305808305740356,-0.033312201499938965,0.03450322151184082,4.016651153564453,-0.24371337890625,0.29640451073646545
528.7739868164062,0.4539756178855896,0.03971455991268158,-0.05251169204711914,3.7086141109466553,0.23614323139190674,-0.4050179719924927
661.0339965820312,0.38887086510658264,0.035433728247880936,-0.040541768074035645,3.9296441078186035,0.2905428111553192,-0.4200766384601593
576.9819946289062,0.4575955271720886,0.04761283099651337,-0.053879737854003906,4.07465934753418,0.322245717048645,-0.48411524295806885
165.9219970703125,0.451280802488327,-0.031198635697364807,0.03222084045410156,4.360755443572998,-0.23414993286132812,0.3289042115211487
364.5780029296875,0.3431161642074585,0.035844191908836365,-0.04014873504638672,3.484680414199829,0.27647268772125244,-0.41308239102363586
733.666015625,0.2875343859195709,0.027963072061538696,-0.07592964172363281,2.5091137886047363,0.14706385135650635,-0.6135013699531555
638.010009765625,0.28078973293304443,-0.011837825179100037,0.019896268844604492,3.053668260574341,-0.10304015874862671,0.21561077237129211
306.01800537109375,0.5960938334465027,-0.024473458528518677,0.035569190979003906,4.473221302032471,-0.1399548053741455,0.29343199729919434
497.3139953613281,0.4662681519985199,0.0015026181936264038,0.0018873214721679688,3.704163074493408,0.007608175277709961,0.03519660606980324
760.0859985351562,0.41800642013549805,0.025056857615709305,-0.03707456588745117,4.125079154968262,0.18823522329330444,-0.3558546304702759
735.781982421875,0.42852315306663513,0.04259300231933594,-0.0759936273097992,3.2061142921447754,0.18803369998931885,-0.5987567901611328
554.27001953125,0.19132821261882782,-0.013505317270755768,0.06570596992969513,1.7679942846298218,-0.06374035030603409,0.6255781054496765
238.33799743652344,0.7104438543319702,0.002994745969772339,-0.000591278076171875,4.668915748596191,0.021575212478637695,0.0018888195045292377
703.4500122070312,0.4853435158729553,0.012970790266990662,-0.008493900299072266,4.649460315704346,0.10790777206420898,-0.07303338497877121
594.1820068359375,0.17697031795978546,-0.005619160830974579,0.025964736938476562,2.233743190765381,-0.048266053199768066,0.3464600741863251
923.3619995117188,0.4858672022819519,-0.036914125084877014,0.03729438781738281,3.8357295989990234,-0.21607744693756104,0.2755845785140991
658.6259765625,0.5189314484596252,0.05448269844055176,-0.08497095108032227,3.4450862407684326,0.22167032957077026,-0.6310689449310303
480.3580017089844,0.5208706259727478,0.02044559270143509,-0.01599407196044922,4.334853649139404,0.1390131711959839,-0.08375941962003708
294.406005859375,0.4924347400665283,-0.0005840659141540527,-0.007006645202636719,4.537053108215332,-0.010197043418884277,-0.07850850373506546
380.8420104980469,0.5648292303085327,-0.04174104332923889,0.033573150634765625,4.180032730102539,-0.21814335882663727,0.24029040336608887
942.6099853515625,0.4800170361995697,0.013700097799301147,-0.0141754150390625,4.610044002532959,0.11255210638046265,-0.14794480800628662
953.6740112304688,0.5372341871261597,-0.0028697848320007324,4.863739013671875e-05,4.78535270690918,-0.032270193099975586,0.011135546490550041
873.3099975585938,0.3082217276096344,-0.005920673720538616,0.004015207290649414,4.52803897857666,-0.07196582853794098,0.03210463002324104
853.6060180664062,0.30297982692718506,-0.029501743614673615,0.024581432342529297,4.212016582489014,-0.36012405157089233,0.3207490146160126
410.7340087890625,0.49600744247436523,0.021582171320915222,-0.004597187042236328,4.586317539215088,0.17089331150054932,-0.03369414433836937
655.1900024414062,0.3906431198120117,0.03573599457740784,-0.04216504096984863,3.9430301189422607,0.28179097175598145,-0.4258134961128235
172.45399475097656,0.3412356972694397,-0.038607776165008545,0.062020301818847656,2.977001667022705,-0.24449479579925537,0.5234658718109131
595.0859985351562,0.2777206599712372,-0.012762092053890228,0.03521156311035156,2.6696066856384277,-0.08517086505889893,0.3003690838813782
483.6300048828125,0.2396562695503235,0.020977042615413666,-0.056640625,2.372903347015381,0.14017069339752197,-0.5545831322669983
90.37000274658203,0.502990186214447,0.019280076026916504,-0.01592731475830078,4.329901695251465,0.13014376163482666,-0.07299992442131042
250.1300048828125,0.4361744523048401,0.019285395741462708,-0.0086594820022583,4.357491493225098,0.16059041023254395,-0.08240175992250443
932.1859741210938,0.45278188586235046,0.004295706748962402,-0.006064414978027344,4.526278972625732,0.034616947174072266,-0.081282839179039
440.4700012207031,0.2836095690727234,-0.018651463091373444,0.037073612213134766,2.8467226028442383,-0.14044275879859924,0.34539294242858887
654.385986328125,0.32470184564590454,0.03380751609802246,-0.0398869514465332,3.8385865688323975,0.32891595363616943,-0.5172011852264404
168.72999572753906,0.4628757834434509,-0.03268919140100479,0.022390365600585938,4.621648788452148,-0.2706294655799866,0.20857682824134827
702.5059814453125,0.47176969051361084,0.02160339057445526,-0.01729869842529297,4.552263259887695,0.1734522581100464,-0.14529286324977875
335.9100036621094,0.7306366562843323,-0.005582094192504883,-0.008593559265136719,4.81197452545166,-0.04434776306152344,-0.10801786184310913
163.58599853515625,0.4028719365596771,-0.034117601811885834,0.029999732971191406,4.19545316696167,-0.29875093698501587,0.3226921260356903
674.1259765625,0.41361331939697266,-0.03834536671638489,0.04923200607299805,3.817387104034424,-0.2708331346511841,0.4712294042110443
997.030029296875,0.665378987789154,0.029924649745225906,-0.02020263671875,4.521123886108398,0.14575320482254028,-0.14157217741012573
220.33399963378906,0.3938072621822357,0.02937917411327362,-0.0503697395324707,3.3766844272613525,0.17693859338760376,-0.393358051776886
274.406005859375,0.18834438920021057,-0.0021307840943336487,0.010288476943969727,1.6834514141082764,-0.013275563716888428,0.1070956438779831
623.6300048828125,0.615807056427002,-0.031356073915958405,0.028003573417663574,4.527483940124512,-0.17263948917388916,0.17655490338802338
948.8140258789062,0.5701121687889099,-0.0376458466053009,0.021224021911621094,4.420289993286133,-0.2225644588470459,0.17353467643260956
986.4660034179688,0.49700847268104553,-0.0016470253467559814,0.0025815963745117188,4.7928667068481445,-0.012336373329162598,0.02284609153866768
222.05799865722656,0.42109960317611694,0.0343792587518692,-0.036382198333740234,3.7816314697265625,0.22831225395202637,-0.331498920917511
923.8099975585938,0.5371571779251099,-0.036438316106796265,0.0400390625,3.9822092056274414,-0.193894624710083,0.26569345593452454
446.07000732421875,0.4102705121040344,-0.020885247737169266,0.02334117889404297,4.077820777893066,-0.1683236062526703,0.2915913462638855
425.14599609375,0.6158984303474426,-0.0006397366523742676,0.0005841255187988281,4.651976585388184,-0.005490124225616455,-0.0003485126362647861
537.9979858398438,0.3155781626701355,0.0357498973608017,-0.1096949577331543,2.303032398223877,0.13075214624404907,-0.8011812567710876
354.01800537109375,0.4773157238960266,-0.0055192261934280396,0.0036840438842773438,4.774871826171875,-0.0465543270111084,0.029035886749625206
319.87799072265625,0.4899749159812927,-0.01091507077217102,0.007563114166259766,4.71878719329834,-0.09133195877075195,0.06524093449115753
975.197998046875,0.3844345808029175,0.038160428404808044,-0.0763096809387207,2.84767484664917,0.17579102516174316,-0.5731375813484192
906.5460205078125,0.36402586102485657,0.03727838397026062,-0.04937553405761719,3.5374233722686768,0.2684388756752014,-0.4590578079223633
756.2100219726562,0.36057865619659424,0.014256298542022705,-0.0063018798828125,4.741415023803711,0.16455793380737305,-0.06399763375520706
995.9140014648438,0.5716187953948975,0.04414099454879761,-0.036968231201171875,4.229540824890137,0.23388409614562988,-0.25734764337539673
77.18599700927734,0.5358647704124451,0.0422503724694252,-0.059673309326171875,3.974738597869873,0.19861148297786713,-0.4320928752422333
797.406005859375,0.4246857762336731,-0.018336758017539978,0.00946807861328125,4.632607460021973,-0.17280685901641846,0.09126176685094833
831.1099853515625,0.43891584873199463,0.04199548438191414,-0.04555511474609375,4.211677551269531,0.31082552671432495,-0.4310391843318939
571.9459838867188,0.5499880313873291,0.041068658232688904,-0.051288604736328125,4.071162223815918,0.20115351676940918,-0.4072665274143219
236.6060028076172,0.6767188906669617,0.005540251731872559,-0.0026297569274902344,4.692101955413818,0.024263978004455566,-0.004833357408642769
63.13399887084961,-2.1720759832533076e-05,5.9044679801445454e-05,1.1203344911336899e-05,-0.0008308676769956946,0.0009883104357868433,-0.0017396020703017712
579.718017578125,0.5594381093978882,0.05412289500236511,-0.05576372146606445,4.1238250732421875,0.28143227100372314,-0.4290098547935486
687.969970703125,0.20451731979846954,0.008651010692119598,-0.05200767517089844,1.6485838890075684,0.0332302451133728,-0.5142472386360168
750.5339965820312,0.4379144012928009,0.027488896623253822,-0.022681713104248047,4.371642589569092,0.23491927981376648,-0.22519807517528534
438.1820068359375,0.3512888252735138,-0.006611570715904236,0.02818012237548828,2.6730797290802,-0.02178490161895752,0.24777373671531677
860.3779907226562,0.498834490776062,-0.01185290515422821,0.024748802185058594,4.390170097351074,-0.08705925941467285,0.28654712438583374
753.6060180664062,0.5577574968338013,0.0066625624895095825,-1.1920928955078125e-05,4.652383327484131,0.04730701446533203,-0.019063595682382584
288.3179931640625,0.4872819483280182,-0.028993956744670868,0.019486069679260254,4.540322780609131,-0.2111019492149353,0.1815575659275055
556.7420043945312,0.2656537890434265,-0.017749307677149773,0.057498812675476074,2.605733871459961,-0.11632505059242249,0.5275903344154358
452.91400146484375,0.5075793266296387,-0.009018465876579285,0.007541656494140625,4.559344291687012,-0.05809354782104492,0.08686584234237671
726.0780029296875,0.598418116569519,-0.037466466426849365,0.02756977081298828,4.566916465759277,-0.20775604248046875,0.1959373503923416
586.1939697265625,0.47587093710899353,0.033932819962501526,-0.028720855712890625,4.392510890960693,0.2452143430709839,-0.2734296917915344
290.35400390625,0.47181805968284607,-0.0421677827835083,0.057123422622680664,4.203578948974609,-0.2818734645843506,0.48077985644340515
201.8179931640625,0.17595721781253815,-0.011028451845049858,0.05559162795543671,1.774924635887146,-0.05280032753944397,0.5312176942825317
729.1019897460938,0.749947190284729,-0.0074537694454193115,0.006206512451171875,4.788263320922852,-0.025116443634033203,0.03472936153411865
270.51800537109375,0.18553376197814941,0.01092248409986496,-0.04920792579650879,2.0456383228302,0.0794677734375,-0.5541960597038269
352.8900146484375,0.45173290371894836,-0.014912515878677368,0.009494781494140625,4.6794352531433105,-0.1318979263305664,0.09445581585168839
586.6339721679688,0.4184792935848236,0.03637051582336426,-0.0408167839050293,4.172983646392822,0.2849128246307373,-0.3912985920906067
643.6820068359375,0.4035903215408325,-0.03650987148284912,0.03614473342895508,4.0617289543151855,-0.2872614860534668,0.36462709307670593
687.8460083007812,0.23734703660011292,0.009740248322486877,-0.053206682205200195,1.6919095516204834,0.020555555820465088,-0.3809961676597595
547.0460205078125,0.24780188500881195,-0.011795168742537498,0.07631587982177734,1.899836540222168,-0.02034761756658554,0.629086971282959
854.3099975585938,0.4221969544887543,-0.035272181034088135,0.030767440795898438,4.250697612762451,-0.2828223705291748,0.27865633368492126
506.4460144042969,0.3837314546108246,0.007707729935646057,-0.0024857521057128906,3.8211050033569336,0.06299221515655518,-0.05216854438185692
628.5819702148438,0.4365691840648651,-0.0026975609362125397,0.01779043674468994,3.967353582382202,-0.016922205686569214,0.1695133000612259
774.1099853515625,0.4578317701816559,0.02606751024723053,-0.013729095458984375,4.558110237121582,0.21888256072998047,-0.13491135835647583
449.8819885253906,0.4008987545967102,-0.020352602005004883,0.014509201049804688,4.342089653015137,-0.18357956409454346,0.15337902307510376
935.5380249023438,0.26938802003860474,-0.01456262543797493,0.043262481689453125,2.5939784049987793,-0.08938239514827728,0.41782519221305847
626.0139770507812,0.42967021465301514,0.003356829285621643,-0.023700952529907227,4.272862434387207,0.02228081226348877,-0.25682350993156433
572.2059936523438,0.4149557948112488,0.03568515181541443,-0.043501853942871094,4.139873504638672,0.2806859016418457,-0.4422403872013092
798.0139770507812,0.5972213745117188,-0.018559768795967102,0.008500099182128906,4.6728434562683105,-0.12074041366577148,0.060455240309238434
704.677978515625,0.3564877510070801,0.002623453736305237,-0.002151966094970703,4.707394599914551,0.03860902786254883,-0.04624185711145401
638.8140258789062,0.41022005677223206,-0.021518604829907417,0.034330129623413086,3.334359884262085,-0.126247376203537,0.3066001832485199
777.614013671875,0.34463343024253845,0.037850506603717804,-0.06689834594726562,3.240316152572632,0.2643042206764221,-0.6470827460289001
76.11399841308594,0.5731810927391052,0.03820912539958954,-0.05706894397735596,3.947038173675537,0.1647573709487915,-0.35527336597442627
485.7300109863281,0.3079926371574402,0.02580186538398266,-0.0509185791015625,3.0050244331359863,0.17689645290374756,-0.48964923620224
919.5460205078125,0.5193843841552734,0.04547858238220215,-0.0533447265625,3.940915584564209,0.23938441276550293,-0.4205564558506012
565.093994140625,0.30205994844436646,0.03367958217859268,-0.06755834817886353,2.9396750926971436,0.24012255668640137,-0.6245852708816528
966.7420043945312,0.49333807826042175,-0.04029880464076996,0.057790279388427734,3.673846960067749,-0.1924843192100525,0.40438753366470337
305.1300048828125,0.39019128680229187,-0.020608320832252502,0.014643430709838867,4.643050670623779,-0.21297860145568848,0.14708127081394196
888.2979736328125,0.41498929262161255,0.018612831830978394,-0.029952824115753174,4.297049522399902,0.1612842082977295,-0.3114713132381439
73.5459976196289,0.5551363229751587,0.0012418627738952637,-0.005942940711975098,4.488384246826172,0.006348133087158203,-0.04577933996915817
694.2059936523438,0.5313134789466858,0.03729730099439621,-0.03281030058860779,4.311637878417969,0.22745931148529053,-0.25542399287223816
206.3179931640625,0.2002815306186676,-0.01376602053642273,0.07094025611877441,1.8638862371444702,-0.07013893127441406,0.6659787893295288
723.677978515625,0.3030194938182831,-0.032536640763282776,0.0339655876159668,4.204437732696533,-0.398959755897522,0.4945976138114929
293.3940124511719,0.4689129889011383,-0.0022125244140625,0.0026404857635498047,4.5113701820373535,-0.023025155067443848,-0.01951420120894909
557.3699951171875,0.3099288046360016,-0.024890542030334473,0.048294782638549805,3.1177597045898438,-0.1753271222114563,0.5141839385032654
415.62200927734375,0.504537045955658,0.048486024141311646,-0.05840730667114258,3.836787700653076,0.25006961822509766,-0.4565351605415344
392.6419982910156,0.37984275817871094,0.03761713579297066,-0.048923492431640625,3.648958683013916,0.28705331683158875,-0.4598686993122101
185.57400512695312,0.32337599992752075,-0.010681085288524628,0.024494171142578125,2.2470932006835938,-0.0438387393951416,0.1683512032032013
470.1419982910156,0.601349413394928,-0.008760541677474976,0.0015630722045898438,4.696204662322998,-0.04977373033761978,0.030651938170194626
506.65399169921875,0.3965592086315155,0.006123781204223633,-0.01006937026977539,3.8321714401245117,0.04501926898956299,-0.10905372351408005
313.1419982910156,0.4535968601703644,-0.024847209453582764,0.014083385467529297,4.525763988494873,-0.20810461044311523,0.13408198952674866
928.2659912109375,0.4754409193992615,-0.0266525000333786,0.014294624328613281,4.405426979064941,-0.20038127899169922,0.10321836173534393
334.4259948730469,0.6971341371536255,0.002514362335205078,-0.011315345764160156,4.67893648147583,-0.005141258239746094,-0.02570580691099167
476.6180114746094,0.38936302065849304,0.028640903532505035,-0.042247772216796875,3.619590997695923,0.20418500900268555,-0.4084862768650055
591.7139892578125,0.16608111560344696,0.013975534588098526,-0.038695335388183594,2.1455435752868652,0.13810700178146362,-0.522673487663269
280.3420104980469,0.35219478607177734,-0.021420888602733612,0.027470707893371582,3.5251753330230713,-0.17029941082000732,0.2799384593963623
790.1900024414062,0.1990719586610794,-0.009728163480758667,0.05525493621826172,1.8548367023468018,-0.04876816272735596,0.5239719152450562
996.010009765625,0.4091935455799103,0.031150035560131073,-0.024747848510742188,4.30956506729126,0.2691495418548584,-0.24429427087306976
310.8900146484375,0.6410121917724609,-0.024891257286071777,0.024754047393798828,4.582029819488525,-0.12881183624267578,0.1829739212989807
363.0660095214844,0.18984030187129974,0.01824072375893593,-0.03854560852050781,2.518834352493286,0.20039021968841553,-0.5659908056259155
111.75800323486328,0.37094584107398987,0.03397313505411148,-0.04785919189453125,3.4691824913024902,0.2340686321258545,-0.4780966341495514
91.19400024414062,0.5847150087356567,0.02064289152622223,-0.017451763153076172,4.285855293273926,0.11143434047698975,-0.14940312504768372
165.26199340820312,0.48663437366485596,-0.022670000791549683,0.0191192626953125,4.516197204589844,-0.16339373588562012,0.17834308743476868
850.72998046875,0.42339932918548584,-0.040889158844947815,0.04285907745361328,4.0832366943359375,-0.3124125003814697,0.3551298677921295
228.80599975585938,0.5640720129013062,0.046434953808784485,-0.04851722717285156,4.152058124542236,0.23984992504119873,-0.33224111795425415
794.8820190429688,0.4098580479621887,-0.03637222200632095,0.04881000518798828,3.718780755996704,-0.24067342281341553,0.43524426221847534
615.718017578125,0.268221378326416,-0.032076530158519745,0.05940699577331543,3.218944787979126,-0.29803335666656494,0.6810244917869568
929.9340209960938,0.5712158679962158,-0.012030869722366333,-0.0028667449951171875,4.767513275146484,-0.08591890335083008,-0.02982781082391739
987.2899780273438,0.3999825716018677,0.0019013956189155579,-0.0020971298217773438,4.770845413208008,0.03044438362121582,-0.04193723574280739
553.7420043945312,0.19516527652740479,-0.015052217990159988,0.06481128931045532,1.8752974271774292,-0.08130156993865967,0.6633525490760803
301.1499938964844,0.6350064873695374,-0.018143977969884872,0.019827842712402344,4.691070556640625,-0.1027267724275589,0.1571771204471588
512.2059936523438,0.5530863404273987,0.01897875964641571,-0.010715007781982422,4.449722766876221,0.11642301082611084,-0.11198519915342331
413.9179992675781,0.46219998598098755,0.02544407546520233,-0.018744468688964844,4.43465518951416,0.20326101779937744,-0.16115275025367737
861.302001953125,0.40577462315559387,-0.03698053956031799,0.046074867248535156,3.908022403717041,-0.27562403678894043,0.43970349431037903
686.1220092773438,0.38913843035697937,0.03227139264345169,-0.05115342140197754,3.4956533908843994,0.1993274986743927,-0.4369366466999054
569.6900024414062,0.5279430747032166,0.022966578602790833,-0.043329477310180664,4.371096611022949,0.1389625072479248,-0.384034663438797
661.9140014648438,0.5379869341850281,0.035316407680511475,-0.028568267822265625,4.218112945556641,0.21876537799835205,-0.21682733297348022
319.6180114746094,0.24369263648986816,-0.007022753357887268,0.004604339599609375,4.678086280822754,-0.12234807014465332,0.09786473959684372
210.69400024414062,0.20691387355327606,-0.01585719734430313,0.06921863555908203,1.92710280418396,-0.08180731534957886,0.633634090423584
774.9459838867188,0.5176998972892761,0.021620765328407288,-0.012795448303222656,4.605463027954102,0.15651679039001465,-0.1327199935913086
665.6179809570312,0.4920058846473694,0.020352929830551147,-0.012807190418243408,4.745904922485352,0.16618633270263672,-0.08907698094844818
617.1220092773438,0.2780991792678833,-0.031212560832500458,0.03400851786136627,3.678342819213867,-0.35690057277679443,0.43849268555641174
651.6500244140625,0.2658255100250244,0.016343437135219574,-0.012357711791992188,4.450187683105469,0.24972349405288696,-0.23782192170619965
833.093994140625,0.46101677417755127,0.03881353139877319,-0.030855178833007812,4.275403022766113,0.28398287296295166,-0.23798434436321259
701.1220092773438,0.45439261198043823,0.03469565138220787,-0.031858205795288086,4.227667331695557,0.24776434898376465,-0.2643855810165405
266.8580017089844,0.5400980710983276,0.0003071427345275879,0.0021284818649291992,4.474549293518066,0.010474205017089844,0.0318647101521492
108.22200012207031,0.31067219376564026,0.03160785138607025,-0.059691429138183594,2.9993739128112793,0.21945607662200928,-0.6160226464271545
269.885986328125,0.19503630697727203,0.010586529038846493,-0.0550537109375,1.8273838758468628,0.05301558971405029,-0.5326652526855469
492.1820068359375,0.45621755719184875,0.019096530973911285,-0.012164115905761719,4.537126064300537,0.15460205078125,-0.13174329698085785
119.69400024414062,0.5208789706230164,0.030656427145004272,-0.02322101593017578,4.508940696716309,0.20708441734313965,-0.19904252886772156
927.0139770507812,0.3299804627895355,-0.032282277941703796,0.02732086181640625,4.1347575187683105,-0.34427762031555176,0.3229784071445465
355.8739929199219,0.6449192762374878,-0.000329434871673584,0.0063800811767578125,4.168985366821289,0.003991127014160156,0.026751363649964333
310.3059997558594,0.46796995401382446,-0.01877528429031372,0.01299428939819336,4.693763732910156,-0.1577308177947998,0.14824341237545013
274.2980041503906,0.26838019490242004,-0.003193400800228119,0.012642860412597656,1.8015661239624023,-0.010530412197113037,0.061845146119594574
671.010009765625,0.3714401125907898,-0.026232989504933357,0.032550811767578125,4.082312107086182,-0.23053139448165894,0.3627469539642334
650.7379760742188,0.5103362202644348,0.0416596382856369,-0.03895998001098633,4.1395182609558105,0.24985909461975098,-0.3160187602043152
729.2020263671875,0.47792375087738037,-0.005513370037078857,0.0025033950805664062,4.773728370666504,-0.05412697792053223,0.006811387836933136
416.41400146484375,0.4250826835632324,0.03506544977426529,-0.04069805145263672,4.09775972366333,0.26078206300735474,-0.3703593313694
201.71800231933594,0.22358591854572296,-0.013565837405622005,0.06592049449682236,1.7434123754501343,-0.051362331956624985,0.5245193839073181
204.58599853515625,0.2144535630941391,-0.012256981804966927,0.0566563606262207,1.9911763668060303,-0.05471199005842209,0.5112566947937012
558.7100219726562,0.4933393895626068,-0.034639209508895874,0.0315699577331543,4.113478660583496,-0.21503829956054688,0.23515360057353973
981.8820190429688,0.4036158323287964,0.019613660871982574,-0.009827613830566406,4.587621688842773,0.19467157125473022,-0.15287092328071594
618.7139892578125,0.386348158121109,-0.025644809007644653,0.01648050546646118,4.390405178070068,-0.24987339973449707,0.21657779812812805
589.3699951171875,0.37172502279281616,0.04243488609790802,-0.05027294158935547,3.7359840869903564,0.32401585578918457,-0.4735807478427887
164.19400024414062,0.4645870327949524,-0.036364153027534485,0.037270545959472656,4.345718860626221,-0.2580307722091675,0.31657296419143677
653.2739868164062,0.43769991397857666,0.019846085458993912,-0.02283763885498047,4.524728298187256,0.15841186046600342,-0.2423700988292694
316.0299987792969,0.6674851179122925,-0.029630374163389206,0.027081966400146484,4.641676425933838,-0.14620143175125122,0.1826370805501938
377.22198486328125,0.38534337282180786,-0.033925145864486694,0.033637046813964844,3.7252304553985596,-0.26596879959106445,0.31571489572525024
958.6820068359375,0.6413995027542114,-0.02509942650794983,0.012194633483886719,4.5654473304748535,-0.14139628410339355,0.07719410955905914
972.197998046875,0.5889992117881775,-0.005823075771331787,0.0009641647338867188,4.767790794372559,-0.04516768455505371,0.03448614478111267
215.95399475097656,0.2259121537208557,-0.005478478968143463,0.006955146789550781,2.9494576454162598,-0.05807679891586304,0.07651059329509735
593.0139770507812,0.21864771842956543,0.005595214664936066,0.005005836486816406,1.7013497352600098,0.029178738594055176,0.015809478238224983
617.0460205078125,0.6009934544563293,-0.0558406263589859,0.07937070727348328,3.6681549549102783,-0.19076550006866455,0.46308737993240356
107.24199676513672,0.5851545929908752,0.05562366545200348,-0.10139751434326172,3.6837527751922607,0.20473015308380127,-0.6403710842132568
966.2979736328125,0.3372763991355896,-0.03172072768211365,0.051822662353515625,3.4141457080841064,-0.23268617689609528,0.5530050992965698
339.0539855957031,0.5042119026184082,-0.03675171732902527,0.030623435974121094,4.494414806365967,-0.2710164785385132,0.2623332142829895
521.5780029296875,0.48442772030830383,0.003204457461833954,-0.004994392395019531,4.664730548858643,0.019291400909423828,-0.05507619306445122
807.4099731445312,0.35369426012039185,-0.013655178248882294,0.014711618423461914,3.546924591064453,-0.11593925952911377,0.11035114526748657
270.8340148925781,0.2457018792629242,0.014073528349399567,-0.06089305877685547,2.1475369930267334,0.06540995836257935,-0.5377340316772461
106.4219970703125,0.28007733821868896,0.028338421136140823,-0.03941917419433594,3.540740728378296,0.2942327857017517,-0.5032641291618347
957.530029296875,0.5966057181358337,-0.03703607618808746,0.032082557678222656,4.3714752197265625,-0.20557773113250732,0.2255493551492691
109.62200164794922,0.32342329621315,0.030902452766895294,-0.052028656005859375,3.2332820892333984,0.2228507548570633,-0.5823206901550293
660.5659790039062,0.5371408462524414,0.04650738090276718,-0.057883620262145996,3.582862138748169,0.18538540601730347,-0.3846297562122345
318.4419860839844,0.48589301109313965,-0.010308772325515747,0.007619380950927734,4.686708927154541,-0.08107125759124756,0.0838896632194519
314.58599853515625,0.5045808553695679,-0.0258881077170372,0.02162790298461914,4.684955596923828,-0.19676631689071655,0.21311502158641815
252.38999938964844,0.4707516133785248,0.00606410950422287,-0.0009452402591705322,4.702681541442871,0.04626750946044922,0.01911030150949955
130.8419952392578,0.4248674511909485,0.032846659421920776,-0.02315521240234375,4.234801292419434,0.26375651359558105,-0.25107523798942566
815.3779907226562,0.47381818294525146,0.009900569915771484,-0.0061969757080078125,4.756466388702393,0.08877575397491455,-0.08726760745048523
84.61399841308594,0.4068978428840637,0.025861084461212158,-0.02861189842224121,3.9186322689056396,0.18719685077667236,-0.2776793837547302
647.4180297851562,0.5213005542755127,-0.007817670702934265,0.007149696350097656,4.675909519195557,-0.05398428440093994,0.0635991021990776
383.1860046386719,0.5390467643737793,0.0019430816173553467,-0.011809349060058594,4.643301010131836,0.009771227836608887,-0.070796899497509
801.9860229492188,0.27780503034591675,-0.03610297292470932,0.07531499862670898,2.543417453765869,-0.22945666313171387,0.6901557445526123
176.91799926757812,0.21354731917381287,-0.009022621437907219,0.056914329528808594,1.6831520795822144,-0.020238980650901794,0.45557916164398193
60.15399932861328,-2.1699474018532783e-05,5.9051835705759004e-05,5.367211997509003e-06,-0.0018184131477028131,0.0001933576859300956,0.001600136049091816
787.6740112304688,0.29607149958610535,-0.008405350148677826,0.039516448974609375,2.213059186935425,-0.026573002338409424,0.361730694770813
739.9500122070312,0.3850419521331787,0.038447268307209015,-0.05215907096862793,3.691377639770508,0.28128546476364136,-0.5032647252082825
849.8140258789062,0.5203369855880737,-0.05019869655370712,0.06555366516113281,3.9545257091522217,-0.25884324312210083,0.47846415638923645
570.9140014648438,0.4984292984008789,0.0435025580227375,-0.060425400733947754,3.780856132507324,0.22501298785209656,-0.46402591466903687
657.302001953125,0.4437185823917389,0.021033816039562225,-0.014385223388671875,4.430163860321045,0.1818564236164093,-0.10779190063476562
385.51800537109375,0.5004926323890686,-0.0025844722986221313,-0.00016307830810546875,4.626689434051514,-0.025785446166992188,-0.001540744910016656
236.91400146484375,0.4533572196960449,0.004302799701690674,0.0016865730285644531,4.731811046600342,0.04463839530944824,-0.02023184671998024
243.21800231933594,0.21866832673549652,0.00011903047561645508,-0.0027663707733154297,2.321425199508667,0.0054070353507995605,-0.03743915259838104
952.3499755859375,0.5117614269256592,-0.005566835403442383,0.005584716796875,4.745996952056885,-0.038475751876831055,0.04448796436190605
813.010009765625,0.5809980034828186,0.02784663438796997,-0.02044963836669922,4.382396221160889,0.15973412990570068,-0.17042329907417297
766.0659790039062,0.5391467213630676,0.010658510029315948,-0.004940986633300781,4.639035224914551,0.07420861721038818,-0.02375805750489235
422.0459899902344,0.45309585332870483,0.00961872935295105,-0.004271030426025391,4.701057434082031,0.08994340896606445,-0.09691686928272247
949.9180297851562,0.5188735723495483,-0.02277052402496338,0.00887298583984375,4.632349967956543,-0.16534185409545898,0.09295438230037689
914.1900024414062,0.47391441464424133,0.037093911319971085,-0.03319740295410156,4.101978302001953,0.24693989753723145,-0.24903611838817596
601.4340209960938,0.5564390420913696,-0.04660509526729584,0.0577549934387207,4.012350559234619,-0.23156392574310303,0.39159464836120605
322.302001953125,0.469287246465683,-0.01824691891670227,0.01802825927734375,4.673591613769531,-0.15012192726135254,0.17516860365867615
556.0859985351562,0.2042144238948822,-0.01328171044588089,0.05270993709564209,2.13911771774292,-0.0830792784690857,0.5488796830177307
275.98199462890625,0.19384825229644775,-0.00189865380525589,0.011273384094238281,1.4614847898483276,-0.0037906765937805176,0.15273426473140717
576.614013671875,0.32359689474105835,0.03414371609687805,-0.030696868896484375,4.273128032684326,0.3877633810043335,-0.45172548294067383
995.1300048828125,0.4256322979927063,0.03941257297992706,-0.04405784606933594,3.96677303314209,0.27953386306762695,-0.3795633912086487
336.802001953125,0.7221471071243286,0.0034377574920654297,0.010198593139648438,4.739753723144531,0.03075861930847168,0.09212542325258255
447.7340087890625,0.39972805976867676,-0.03193506598472595,0.042008399963378906,3.87539005279541,-0.22680115699768066,0.3488319516181946
784.9140014648438,0.3341776728630066,0.0020358115434646606,-0.0005702972412109375,3.290592670440674,0.026537537574768066,-0.013466679491102695
748.5499877929688,0.38027718663215637,0.03681527078151703,-0.05048227310180664,3.7033848762512207,0.2694143056869507,-0.5036072731018066
559.2139892578125,0.5515437126159668,-0.0318930447101593,0.03127622604370117,4.33995246887207,-0.18713164329528809,0.24315245449543
252.2899932861328,0.49227723479270935,0.00604557991027832,-0.003241986036300659,4.717621326446533,0.04088336229324341,-0.024841131642460823
461.75799560546875,0.46224111318588257,-0.0013692304491996765,0.0010404586791992188,4.64347505569458,-0.006731390953063965,0.014678220264613628
854.8460083007812,0.46022793650627136,-0.027931153774261475,0.021451473236083984,4.4393534660339355,-0.2137618064880371,0.2314509153366089
443.7019958496094,0.6037312150001526,-0.03615975379943848,0.04699516296386719,4.168575763702393,-0.17676687240600586,0.3076851963996887
921.8779907226562,0.384599506855011,-0.03037138842046261,0.058196067810058594,3.125603675842285,-0.1554078608751297,0.4884604513645172
814.1939697265625,0.48530906438827515,0.016416877508163452,-0.01186227798461914,4.686422348022461,0.12087607383728027,-0.1129579022526741
88.34600067138672,0.4054901897907257,0.029621347784996033,-0.03281688690185547,3.940274715423584,0.2230665683746338,-0.376613050699234
217.6580047607422,0.359366774559021,0.013634666800498962,-0.04407548904418945,2.5205862522125244,0.04756122827529907,-0.3249944746494293
506.75,0.36791250109672546,0.006621599197387695,-0.012612342834472656,3.802361011505127,0.051244139671325684,-0.17928282916545868
749.1300048828125,0.39539527893066406,0.0335824191570282,-0.04848146438598633,3.811382532119751,0.24529647827148438,-0.44585901498794556
238.70599365234375,0.723921537399292,0.004370272159576416,0.003991127014160156,4.625871658325195,0.016910314559936523,0.008070574142038822
138.51800537109375,0.2613144516944885,0.027303241193294525,-0.06354141235351562,2.6387898921966553,0.19170653820037842,-0.6305617094039917
119.4739990234375,0.6420544385910034,0.0371406227350235,-0.029779434204101562,4.485337257385254,0.18853414058685303,-0.21838535368442535
728.6019897460938,0.6485294699668884,-0.006762564182281494,0.008910655975341797,4.758882522583008,-0.03512835502624512,0.023826083168387413
517.0499877929688,0.5942952036857605,0.02550405263900757,-0.03416776657104492,4.238526821136475,0.12570476531982422,-0.28750091791152954
582.7780151367188,0.3251849114894867,0.024645626544952393,-0.018833637237548828,4.531729698181152,0.2953309416770935,-0.2567785084247589
803.677978515625,0.09333622455596924,-0.0102117620408535,0.03954172134399414,1.9588762521743774,-0.1755402684211731,0.8447625041007996
387.86199951171875,0.5353175401687622,-0.0079999640583992,0.001621246337890625,4.634343147277832,-0.05257558822631836,0.007247233297675848
786.197998046875,0.3514934182167053,-0.009663328528404236,0.02950286865234375,2.5684876441955566,-0.0344996452331543,0.23167045414447784
106.5459976196289,0.44795718789100647,0.04013581573963165,-0.057498931884765625,3.680999755859375,0.23558948934078217,-0.4347890615463257
844.385986328125,0.6579646468162537,0.009033888578414917,-0.0035343170166015625,4.697861194610596,0.05488848686218262,-0.02594926580786705
678.2020263671875,0.3834785223007202,-0.03642570972442627,0.03804779052734375,3.84452223777771,-0.2892749309539795,0.37585046887397766
135.36599731445312,0.49154600501060486,0.0009896308183670044,-0.001190185546875,4.7133378982543945,0.0033794641494750977,-0.014943973161280155
266.7380065917969,0.675611138343811,0.004174023866653442,0.0054817795753479,4.533332824707031,0.03592181205749512,0.03328593447804451
781.8980102539062,0.6894014477729797,0.02206765115261078,-0.025623321533203125,4.4352617263793945,0.07932496070861816,-0.12222632765769958
944.0780029296875,0.4848295748233795,0.013795286417007446,-0.012563705444335938,4.668790340423584,0.11507833003997803,-0.17234672605991364
561.2940063476562,0.3641231954097748,0.016096830368041992,-0.03513145446777344,3.878448486328125,0.13111114501953125,-0.40440303087234497
624.2020263671875,0.43325141072273254,-0.017562054097652435,0.012127041816711426,4.525860786437988,-0.164342999458313,0.1179475262761116
959.2100219726562,0.3036038875579834,-0.01303061842918396,0.012585639953613281,4.446962356567383,-0.16156625747680664,0.19397667050361633
793.2020263671875,0.28818580508232117,-0.027450673282146454,0.06903266906738281,2.596363067626953,-0.16167950630187988,0.6156712174415588
666.614013671875,0.4929353594779968,0.008702754974365234,0.005087852478027344,4.735346794128418,0.08783483505249023,0.07904723286628723
360.4460144042969,0.2914552688598633,0.0031511038541793823,-0.02727508544921875,2.2632498741149902,-0.00015544891357421875,-0.22870634496212006
646.1300048828125,0.554912269115448,-0.008964598178863525,0.008414745330810547,4.638470649719238,-0.060642242431640625,0.08821320533752441
271.95001220703125,0.340390145778656,0.020202025771141052,-0.047907352447509766,2.611727714538574,0.08908528089523315,-0.3009212911128998
698.0780029296875,0.5836905241012573,0.0031068623065948486,-0.0033884644508361816,4.686131954193115,0.02676105499267578,-0.07370640337467194
582.7059936523438,0.46526166796684265,0.03410206735134125,-0.027072429656982422,4.504611015319824,0.261077344417572,-0.2723497152328491
910.8939819335938,0.7059540748596191,0.009313344955444336,-0.012681961059570312,4.650890350341797,0.04017758369445801,-0.12710197269916534
763.0460205078125,0.3871537744998932,0.030025042593479156,-0.02914142608642578,4.063995838165283,0.25125324726104736,-0.23857428133487701
274.92999267578125,0.15679505467414856,-0.0023849718272686005,0.010373353958129883,1.6261372566223145,-0.0193367600440979,0.08558457344770432
960.9099731445312,0.5952230095863342,-0.03607083857059479,0.03674793243408203,4.5598907470703125,-0.20177316665649414,0.2847924530506134
911.6699829101562,0.5727258324623108,0.026089519262313843,-0.043064117431640625,4.301652908325195,0.13361597061157227,-0.37712034583091736
458.6059875488281,0.44438084959983826,-0.022792046889662743,0.019075393676757812,4.29968786239624,-0.17436359822750092,0.2089882344007492
870.4420166015625,0.38069474697113037,-0.029658809304237366,0.033278465270996094,3.997206687927246,-0.2528047561645508,0.3615450859069824
277.01800537109375,0.29439160227775574,-0.004831403493881226,0.04471445083618164,1.783520221710205,0.017250776290893555,0.2931273281574249
590.8140258789062,0.49035778641700745,0.044828638434410095,-0.0366668701171875,3.5913889408111572,0.24799306690692902,-0.22779153287410736
617.27001953125,0.5530433654785156,-0.050440140068531036,0.05945029854774475,3.7967886924743652,-0.21435022354125977,0.37658149003982544
335.6579895019531,0.5434051156044006,-0.0008974671363830566,-0.000274658203125,4.8552656173706055,-0.010231733322143555,-0.03834789991378784
801.2100219726562,0.27316442131996155,-0.03341863304376602,0.04279279708862305,3.500932455062866,-0.37612515687942505,0.5614862442016602
594.6339721679688,0.23532511293888092,-0.009681589901447296,0.030737876892089844,2.380915880203247,-0.05992114543914795,0.3242231607437134
768.6580200195312,0.7130313515663147,0.002352580428123474,0.0013065338134765625,4.694817543029785,0.021052956581115723,-0.03315511718392372
423.6820068359375,0.3572489023208618,0.005017682909965515,-0.0013725757598876953,4.6968994140625,0.05535721778869629,-0.013588647358119488
271.69000244140625,0.34499600529670715,0.0212593674659729,-0.0661320686340332,2.554389476776123,0.07091915607452393,-0.46806463599205017
561.9819946289062,0.4102550148963928,0.0385686457157135,-0.08035421371459961,2.8417229652404785,0.16308677196502686,-0.5798996090888977
390.0580139160156,0.3398790657520294,0.03240591287612915,-0.05226707458496094,3.2767333984375,0.22928380966186523,-0.45499199628829956
80.6259994506836,0.42283427715301514,0.012373089790344238,-0.00886845588684082,3.859707832336426,0.08012914657592773,-0.09872201830148697
385.6419982910156,0.5731618404388428,-0.0027658939361572266,0.001743316650390625,4.620460033416748,-0.022359073162078857,0.015615472570061684
789.8740234375,0.22907060384750366,-0.009751446545124054,0.06273460388183594,1.8344098329544067,-0.01795482635498047,0.498414546251297
158.95399475097656,0.4062677025794983,-0.04477265477180481,0.047141075134277344,4.043502330780029,-0.3524078130722046,0.4397445619106293
170.77000427246094,0.5599518418312073,-0.017771467566490173,0.005309104919433594,4.655128002166748,-0.12229704856872559,-0.0022348992060869932
710.8820190429688,0.6343056559562683,-0.04134571924805641,0.03238201141357422,4.543429374694824,-0.21958032250404358,0.22370894253253937
940.8099975585938,0.5747946500778198,-0.007666423916816711,0.007834434509277344,4.49048376083374,-0.04440048336982727,0.062190942466259
629.6259765625,0.5384492874145508,-0.03766706585884094,0.054715752601623535,3.6919360160827637,-0.1694399118423462,0.3970918357372284
338.7380065917969,0.6853888630867004,-0.038937345147132874,0.039585113525390625,4.615301132202148,-0.1872628927230835,0.2415466606616974
155.02200317382812,0.42056217789649963,-0.03616003692150116,0.04478168487548828,4.066256046295166,-0.26445865631103516,0.4463467001914978
142.08999633789062,0.6107406616210938,0.03227895498275757,-0.027116775512695312,4.481201648712158,0.17725801467895508,-0.17810024321079254
298.1860046386719,0.50348961353302,-0.02139248698949814,0.014644145965576172,4.668620586395264,-0.15906375646591187,0.1461014300584793
901.22998046875,0.2845638692378998,0.03421121835708618,-0.0708308219909668,2.8655712604522705,0.24140557646751404,-0.7531419992446899
645.8820190429688,0.5789591073989868,-0.013542115688323975,0.008751869201660156,4.568381309509277,-0.08691883087158203,0.0331696942448616
132.48599243164062,0.3694722652435303,0.01623356342315674,-0.008295059204101562,4.63271951675415,0.17766284942626953,-0.1215909942984581
482.75,0.3810179531574249,0.017321031540632248,-0.037619590759277344,3.4480340480804443,0.12473161518573761,-0.3567645251750946
63.22600173950195,-4.910292318527354e-06,4.551360689220019e-05,-1.0507181286811829e-05,-0.0019756662659347057,0.0006602295325137675,0.0006458221469074488
458.36199951171875,0.46390458941459656,-0.024931643158197403,0.022388458251953125,4.17725133895874,-0.16560518741607666,0.1952429562807083
67.27799987792969,0.30367183685302734,0.010940447449684143,-0.018295735120773315,2.921456813812256,0.07809025049209595,-0.20521873235702515
702.9459838867188,0.5930542349815369,0.020334720611572266,-0.016257762908935547,4.633918762207031,0.1101682186126709,-0.086589016020298
188.28599548339844,0.27366065979003906,-0.013757720589637756,0.039772748947143555,2.4573216438293457,-0.07851076126098633,0.3823758065700531
63.58599853515625,-5.042089105700143e-05,4.06028630095534e-05,-3.3620744943618774e-05,-0.0019541748333722353,0.0006147105013951659,0.0005760285421274602
947.469970703125,0.5311694145202637,-0.051180221140384674,0.045604705810546875,4.1844482421875,-0.3062443137168884,0.3578415513038635
705.47802734375,0.3607444167137146,0.0011200904846191406,-0.004811525344848633,4.74929666519165,0.0026497840881347656,-0.09710937738418579
77.05000305175781,0.487833172082901,0.03925137594342232,-0.05180239677429199,3.94173526763916,0.2256891131401062,-0.44623836874961853
964.3300170898438,0.41857436299324036,-0.02687285840511322,0.04271221160888672,4.1119866371154785,-0.2081756591796875,0.4227670431137085
425.989990234375,0.5435649156570435,-0.03620164096355438,0.07200765609741211,3.7928178310394287,-0.16423630714416504,0.5193554162979126
451.1499938964844,0.359715074300766,-0.010087087750434875,0.00429534912109375,4.509920120239258,-0.10158276557922363,0.03730194270610809
56.698001861572266,-3.44227664754726e-05,3.466437919996679e-05,1.866556704044342e-05,-0.0018425218295305967,0.0006430319044739008,0.0021161127369850874
249.17799377441406,0.41973477602005005,0.02775585651397705,-0.025407612323760986,4.08378791809082,0.21006429195404053,-0.2560998797416687
498.3500061035156,0.31383028626441956,0.0009136497974395752,-0.00170135498046875,3.002549886703491,-0.002697587013244629,-0.015002048574388027
65.52200317382812,0.10815156251192093,0.001554451184347272,-0.0037053581327199936,1.7141891717910767,0.025884466245770454,-0.043439414352178574
367.7340087890625,0.544468343257904,0.03248731791973114,-0.05384349822998047,4.216351509094238,0.16473710536956787,-0.41447174549102783
791.6300048828125,0.3185705244541168,-0.015308847650885582,0.07524299621582031,2.1393141746520996,-0.024719342589378357,0.5290055274963379
194.85400390625,0.2729858160018921,-0.0015747100114822388,0.0019698143005371094,4.528827667236328,-0.017863750457763672,0.065476194024086
264.04998779296875,0.6177304983139038,0.007995188236236572,-0.004371583461761475,4.689510345458984,0.04946279525756836,-0.026829605922102928
162.41799926757812,0.4304336607456207,-0.02777579426765442,0.034348487854003906,4.286841869354248,-0.22587215900421143,0.365448921918869
709.6699829101562,0.48782628774642944,-0.023593559861183167,0.020084619522094727,4.689305782318115,-0.18287169933319092,0.19642262160778046
486.614013671875,0.3322623372077942,0.02924203872680664,-0.03725242614746094,3.6327102184295654,0.24976575374603271,-0.41992494463920593
775.3740234375,0.584992527961731,0.020179718732833862,-0.008131980895996094,4.543711185455322,0.12472343444824219,-0.0491567887365818
544.781982421875,0.24439756572246552,-0.009625986218452454,0.06693696975708008,1.7838329076766968,-0.01692289113998413,0.48981866240501404
232.93800354003906,0.4470093548297882,0.021277740597724915,-0.015328168869018555,4.67404317855835,0.18860936164855957,-0.11272762715816498
113.56199645996094,0.432466983795166,0.03932839632034302,-0.043243408203125,4.002316474914551,0.27831995487213135,-0.4175254702568054
374.3900146484375,0.4070506989955902,-0.0049851685762405396,0.023891448974609375,4.192337512969971,-0.03305685520172119,0.2994021475315094
694.302001953125,0.414794921875,0.03064534068107605,-0.020355194807052612,4.333492279052734,0.2625619173049927,-0.20337842404842377
944.177978515625,0.4681081175804138,0.014020726084709167,-0.0138702392578125,4.6980180740356445,0.11435842514038086,-0.09514768421649933
756.010009765625,0.6308590173721313,0.024467766284942627,-0.013576507568359375,4.778806686401367,0.14708495140075684,-0.12584912776947021
108.11799621582031,0.27499091625213623,0.030103474855422974,-0.051059722900390625,2.9927988052368164,0.2488846778869629,-0.5259261131286621
835.3740234375,0.5564525723457336,0.04590708762407303,-0.045917510986328125,4.355963706970215,0.2702123522758484,-0.3381177484989166
168.6300048828125,0.5371541976928711,-0.03875797986984253,0.023873329162597656,4.643090724945068,-0.2695528268814087,0.21064545214176178
731.2620239257812,0.5306008458137512,-0.0008968114852905273,0.0005967617034912109,4.7361578941345215,-0.002007007598876953,0.019375473260879517
545.7780151367188,0.12348540127277374,-0.006587062031030655,0.03404378890991211,1.6268166303634644,-0.05801880359649658,0.43103182315826416
194.58999633789062,0.6331440210342407,-0.004893749952316284,-0.0016028881072998047,4.6476569175720215,-0.034716129302978516,-0.014318344183266163
963.781982421875,0.6621232032775879,-0.024433597922325134,0.01764822006225586,4.600830078125,-0.11899054050445557,0.1109672263264656
939.2139892578125,0.4141180217266083,-0.024229563772678375,0.015262603759765625,4.12449312210083,-0.20596814155578613,0.1301746368408203
387.9779968261719,0.5391501188278198,-0.008030146360397339,-0.0038385391235351562,4.677154064178467,-0.07201111316680908,-0.05425592139363289
711.9340209960938,0.7012580633163452,-0.03970867395401001,0.044524312019348145,4.455867767333984,-0.17995691299438477,0.30200329422950745
944.8740234375,0.6225969195365906,0.015386208891868591,-0.006641387939453125,4.718723773956299,0.09082591533660889,-0.010466248728334904
849.6820068359375,0.5384481549263,-0.05024067312479019,0.0651407241821289,3.9551303386688232,-0.24795061349868774,0.4643613398075104
411.9100036621094,0.5961578488349915,0.006159335374832153,0.0035552978515625,4.687899589538574,0.04685831069946289,0.08060653507709503
397.4179992675781,0.609006404876709,0.01700150966644287,-0.010783195495605469,4.633761882781982,0.10629945993423462,-0.07123558968305588
928.1580200195312,0.6478202939033508,-0.03681838512420654,0.027069091796875,4.392607688903809,-0.17733967304229736,0.145724356174469
278.5740051269531,0.3556855618953705,-0.015109054744243622,0.05814409255981445,2.369795560836792,-0.028244733810424805,0.39363762736320496
374.6419982910156,0.39509090781211853,-0.019693881273269653,0.033164024353027344,3.8864245414733887,-0.14764034748077393,0.3721013069152832
94.5739974975586,0.6921766400337219,0.004917323589324951,-0.0030889511108398438,4.585748672485352,0.03168809413909912,0.004621123429387808
765.8140258789062,0.649013876914978,0.014793887734413147,-0.008575439453125,4.6458234786987305,0.0743284821510315,-0.06919537484645844
517.3820190429688,0.5070245265960693,0.026855289936065674,-0.024019718170166016,4.206079483032227,0.15699565410614014,-0.1705343872308731
651.2139892578125,0.4245746433734894,0.02946518361568451,-0.026928424835205078,4.273974418640137,0.23251664638519287,-0.26866498589515686
578.5180053710938,0.5320227146148682,0.060515619814395905,-0.06963872909545898,3.895524501800537,0.3194543719291687,-0.4945259988307953
818.8179931640625,0.5293409824371338,0.04880940914154053,-0.06537675857543945,3.5936150550842285,0.21157050132751465,-0.4536948800086975
584.5700073242188,0.41101905703544617,0.03422638773918152,-0.0357670783996582,4.281184673309326,0.28383851051330566,-0.3881728947162628
205.90199279785156,0.27554112672805786,-0.016410455107688904,0.09784483909606934,1.853480577468872,-0.01910346746444702,0.6686811447143555
113.27799987792969,0.40424486994743347,0.03344384580850601,-0.03766059875488281,4.068347454071045,0.2652716636657715,-0.35662639141082764
664.197998046875,0.4753538966178894,0.03048066794872284,-0.018332242965698242,4.611388683319092,0.23884963989257812,-0.1389429122209549
991.1300048828125,0.4361642003059387,0.02964608371257782,-0.033544063568115234,4.362701416015625,0.23941683769226074,-0.32870498299598694
106.75399780273438,0.4956998825073242,0.04325108602643013,-0.059185028076171875,3.7872774600982666,0.2276310920715332,-0.4421376883983612
864.114013671875,0.4696946442127228,-0.02247554063796997,0.01866626739501953,4.5234808921813965,-0.1720883846282959,0.16979478299617767
243.8939971923828,0.21337401866912842,0.006143853068351746,-0.03826546669006348,1.8107593059539795,0.02318483591079712,-0.3530741333961487
372.1579895019531,0.6289037466049194,0.03402554988861084,-0.026607513427734375,4.497394561767578,0.18012142181396484,-0.1740860790014267
811.0419921875,0.40459996461868286,0.026367351412773132,-0.025946617126464844,4.053791522979736,0.20710444450378418,-0.2500990033149719
196.18600463867188,0.42777174711227417,-0.002238631248474121,0.0016541481018066406,3.95752215385437,-0.02205836772918701,0.010732002556324005
901.333984375,0.3005184531211853,0.03422074019908905,-0.07615184783935547,2.9196879863739014,0.22477424144744873,-0.6867260932922363
60.854000091552734,-2.006737850024365e-05,4.388323213788681e-05,-2.5834422558546066e-05,-0.0008164782193489373,0.00036124876351095736,-0.002366732805967331
237.18600463867188,0.5241254568099976,0.0002506077289581299,0.0028944015502929688,4.6762518882751465,0.010958671569824219,0.06836212426424026
312.7860107421875,0.4581534266471863,-0.028990745544433594,0.01952981948852539,4.565604209899902,-0.2410116195678711,0.2236090451478958
624.9140014648438,0.6239056587219238,-0.019725769758224487,0.014626741409301758,4.604697227478027,-0.1046152114868164,0.10959871113300323
418.6260070800781,0.4527765214443207,0.036178648471832275,-0.03762531280517578,4.21281623840332,0.25771546363830566,-0.3297448456287384
389.7179870605469,0.33522024750709534,0.03116646036505699,-0.057168006896972656,3.353693723678589,0.22293215990066528,-0.5678849816322327
774.4860229492188,0.6833886504173279,0.029749572277069092,-0.022918701171875,4.6242499351501465,0.15636420249938965,-0.16960227489471436
79.68599700927734,0.5149403810501099,0.021898582577705383,-0.022075891494750977,4.280552864074707,0.13922929763793945,-0.19087961316108704
514.1500244140625,0.4047210216522217,0.005841270089149475,-0.00070953369140625,4.584990501403809,0.0677793025970459,0.03595013916492462
170.5500030517578,0.4849041700363159,-0.015806421637535095,0.00878143310546875,4.671105861663818,-0.1347717046737671,0.08309507369995117
881.1300048828125,0.35278576612472534,-0.028264686465263367,0.05196678638458252,3.212413787841797,-0.17467331886291504,0.443149596452713
664.2940063476562,0.44226333498954773,0.027354031801223755,-0.015535354614257812,4.597376823425293,0.24663162231445312,-0.16782402992248535
852.7459716796875,0.5770992636680603,-0.0473957359790802,0.05372428894042969,4.247950553894043,-0.24383264780044556,0.3889142572879791
343.6820068359375,0.5236294865608215,-0.04582403600215912,0.06550788879394531,3.7980847358703613,-0.2317591905593872,0.4831865429878235
831.510009765625,0.37874940037727356,0.04056014120578766,-0.04681587219238281,3.758744716644287,0.31644207239151,-0.5181945562362671
79.84200286865234,0.6659495234489441,0.02630367875099182,-0.02333235740661621,4.2689995765686035,0.11702966690063477,-0.10232346504926682
723.6060180664062,0.5820241570472717,-0.05315610393881798,0.056621432304382324,4.238020896911621,-0.28570500016212463,0.43061158061027527
744.1060180664062,0.42128682136535645,0.02694004774093628,-0.09416079521179199,2.713036060333252,0.06490612030029297,-0.5748974680900574
652.0380249023438,0.4733034074306488,0.029024489223957062,-0.020591259002685547,4.574435234069824,0.2269902527332306,-0.17805635929107666
559.781982421875,0.40255844593048096,-0.02003207802772522,0.011840343475341797,4.579620361328125,-0.1918323040008545,0.1215774342417717
693.4180297851562,0.39811620116233826,0.03348371013998985,-0.037741146981716156,3.8535704612731934,0.24957460165023804,-0.3529466688632965
147.69000244140625,0.29289543628692627,-0.02304777503013611,0.07798385620117188,2.1520299911499023,-0.07277119159698486,0.6274044513702393
833.47802734375,0.4040010869503021,0.03014405071735382,-0.02371501922607422,4.424496650695801,0.27060139179229736,-0.26497453451156616
622.5380249023438,0.4442259669303894,-0.03328857570886612,0.032230257987976074,4.281200885772705,-0.2516271770000458,0.2132674902677536
941.073974609375,0.726571798324585,-0.009590968489646912,0.006640434265136719,4.551316738128662,-0.04306119680404663,-0.00044544177944771945
863.1220092773438,0.44582027196884155,-0.030846454203128815,0.027985572814941406,4.256986141204834,-0.23517870903015137,0.23561778664588928
784.8140258789062,0.28765538334846497,0.0019299089908599854,-0.0006399154663085938,3.3990633487701416,0.014503002166748047,0.04251166060566902
172.18600463867188,0.3664892613887787,-0.037312284111976624,0.055603981018066406,3.450653314590454,-0.27850341796875,0.5408432483673096
169.00999450683594,0.7308310270309448,-0.04272817075252533,0.02599620819091797,4.545198440551758,-0.19563955068588257,0.18475347757339478
378.8819885253906,0.2980842888355255,-0.030955001711845398,0.03133583068847656,3.909938097000122,-0.3471372127532959,0.42848721146583557
307.34600830078125,0.4137597680091858,-0.042075660079717636,0.039307594299316406,4.129876136779785,-0.33247530460357666,0.3990766108036041
163.3780059814453,0.657874345779419,-0.053400710225105286,0.052860260009765625,4.228235244750977,-0.23161548376083374,0.30291953682899475
943.8460083007812,0.47935792803764343,0.01658003032207489,-0.008896827697753906,4.6286773681640625,0.13641273975372314,-0.06759873032569885
225.7100067138672,0.4926685094833374,0.012263134121894836,-0.009732246398925781,4.741167068481445,0.10628223419189453,-0.07949329912662506
286.3580017089844,0.5024004578590393,-0.04797998070716858,0.05094277858734131,4.1997857093811035,-0.30153512954711914,0.4086112380027771
88.10199737548828,0.43871769309043884,0.03327181935310364,-0.038196563720703125,3.8201146125793457,0.22309088706970215,-0.3583126664161682
538.3300170898438,0.24209418892860413,0.024574659764766693,-0.09021425247192383,2.0850658416748047,0.12107537686824799,-0.7766691446304321
785.469970703125,0.33812597393989563,0.0006136298179626465,0.0064640045166015625,2.9767422676086426,0.013260364532470703,0.07227663695812225
927.1220092773438,0.44959068298339844,-0.04020804166793823,0.03616142272949219,4.186857223510742,-0.29320764541625977,0.34480366110801697
947.8179931640625,0.5848997235298157,-0.049942225217819214,0.044852256774902344,4.19687557220459,-0.2574266195297241,0.3399796187877655
198.58999633789062,0.23010867834091187,-0.014902640134096146,0.052318692207336426,2.1467230319976807,-0.08759792149066925,0.4736354351043701
897.1500244140625,0.4380183219909668,0.04134385287761688,-0.08471488952636719,3.196902275085449,0.17536044120788574,-0.5854179263114929
471.8580017089844,0.6660452485084534,-0.0006282725371420383,-0.005717277526855469,4.642797470092773,-0.009238317608833313,-0.06200948357582092
295.41400146484375,0.5010406970977783,0.001892387866973877,-0.0021626949310302734,4.472663879394531,0.004123210906982422,0.00033575098495930433
742.14599609375,0.2677038013935089,0.025496378540992737,-0.06455206871032715,2.6265158653259277,0.17596518993377686,-0.628468930721283
877.4420166015625,0.17684198915958405,-0.009223006665706635,0.04808235168457031,1.7010798454284668,-0.05082845687866211,0.42989274859428406
295.197998046875,0.45632436871528625,0.003837108612060547,-0.0005846023559570312,4.554113864898682,0.031014442443847656,0.025345174595713615
156.92599487304688,0.4344314932823181,-0.042095914483070374,0.04004859924316406,4.029809951782227,-0.2995877265930176,0.36388540267944336
874.6060180664062,0.4070202708244324,-0.003490047063678503,0.002394437789916992,4.072437286376953,-0.03552679717540741,0.02818029560148716
605.7059936523438,0.46600449085235596,-0.0343862920999527,0.029691219329833984,4.5233659744262695,-0.25438499450683594,0.2691493034362793
783.6699829101562,0.49101147055625916,0.007671535015106201,-0.003973960876464844,3.9217307567596436,0.04727375507354736,-0.026169156655669212
727.0859985351562,0.43399715423583984,-0.018183857202529907,0.009395360946655273,4.537961483001709,-0.16596269607543945,0.07277648150920868
626.9140014648438,0.5876107215881348,0.02743072807788849,-0.025179505348205566,4.363918781280518,0.14742588996887207,-0.1858414262533188
539.0139770507812,0.25584250688552856,0.01934758573770523,-0.10201072692871094,1.8971524238586426,0.053909122943878174,-0.7650095820426941
636.0180053710938,0.33109474182128906,-0.008104830980300903,0.02007460594177246,2.612305164337158,-0.048021554946899414,0.16041754186153412
922.3099975585938,0.2580385208129883,-0.02372021973133087,0.040032386779785156,3.2579739093780518,-0.23518884181976318,0.5251233577728271
162.91000366210938,0.42454129457473755,-0.03731543943285942,0.03913116455078125,4.27633810043335,-0.29405340552330017,0.39313745498657227
549.218017578125,0.1828242391347885,-0.011068902909755707,0.06751632690429688,1.7592263221740723,-0.05132994055747986,0.6527155041694641
397.2860107421875,0.6276509165763855,0.018113456666469574,-0.012116432189941406,4.602190017700195,0.10014033317565918,-0.10293707996606827
934.97802734375,0.34199345111846924,-0.016176864504814148,0.03982353210449219,2.6826419830322266,-0.0780947208404541,0.3234442472457886
633.510009765625,0.22737038135528564,0.00019671767950057983,-0.00019502639770507812,2.2875142097473145,0.004480123519897461,-0.03262791037559509
453.6059875488281,0.44182088971138,-0.003842778503894806,0.0025205612182617188,4.192870616912842,-0.03299880027770996,0.032172463834285736
929.4660034179688,0.46712255477905273,-0.013217434287071228,0.007717132568359375,4.689579010009766,-0.11230957508087158,0.05038418620824814
680.3460083007812,0.3536849319934845,-0.019687417894601822,0.011898994445800781,4.426778793334961,-0.20812872052192688,0.16847558319568634
644.0780029296875,0.5321876406669617,-0.04373741149902344,0.044159889221191406,4.169588565826416,-0.25231218338012695,0.32525435090065
516.0499877929688,0.6086022853851318,0.01114627718925476,-0.022830963134765625,4.44786262512207,0.05670356750488281,-0.15075358748435974
690.7579956054688,0.2509591579437256,0.012110359966754913,-0.05430924892425537,2.0546936988830566,0.04703783988952637,-0.43845969438552856
240.48599243164062,0.404816210269928,0.0022562742233276367,0.003832578659057617,4.042266368865967,0.02768254280090332,0.021504079923033714
112.74199676513672,0.5250497460365295,0.038592178374528885,-0.04320716857910156,3.9050257205963135,0.19835776090621948,-0.2961118519306183
551.4819946289062,0.2020311951637268,-0.016822587698698044,0.0727454423904419,1.856315016746521,-0.09565061330795288,0.668424129486084
108.9219970703125,0.4021291136741638,0.034532368183135986,-0.0666971206665039,3.1623928546905518,0.17527592182159424,-0.5062463879585266
269.4259948730469,0.21089215576648712,0.011371681466698647,-0.06012165546417236,1.8059078454971313,0.051526784896850586,-0.49963855743408203
680.8179931640625,0.6226301193237305,-0.02535814791917801,0.0010600090026855469,4.428374290466309,-0.15213018655776978,0.006315100938081741
937.1300048828125,0.30444279313087463,-0.02045157551765442,0.037662506103515625,3.210036277770996,-0.16503369808197021,0.37165626883506775
214.0540008544922,0.33188924193382263,-0.026855334639549255,0.040036678314208984,3.3271822929382324,-0.19789183139801025,0.4106386601924896
545.7020263671875,0.16139879822731018,-0.0075415074825286865,0.0454864501953125,1.6245050430297852,-0.041864097118377686,0.4826737940311432
399.0220031738281,0.5160919427871704,0.005846213549375534,-0.0010242462158203125,4.421238899230957,0.05203244090080261,-0.03425127640366554
342.75799560546875,0.33898600935935974,-0.03557091951370239,0.035918235778808594,3.8633718490600586,-0.33089518547058105,0.40609079599380493
644.281982421875,0.4072916805744171,-0.03265757858753204,0.028369426727294922,4.242699146270752,-0.2822200059890747,0.28146618604660034
540.0139770507812,0.18174070119857788,0.015269428491592407,-0.06787538528442383,1.8152220249176025,0.09395229816436768,-0.6821903586387634
518.7860107421875,0.4450446665287018,0.011964306235313416,-0.010949134826660156,4.489659309387207,0.10601651668548584,-0.11732282489538193
985.5419921875,0.4952036440372467,0.0050052255392074585,0.0013461112976074219,4.761035919189453,0.03596460819244385,-0.020659064874053
452.1419982910156,0.6027408242225647,-0.014481708407402039,0.0007352828979492188,4.546290397644043,-0.0838850736618042,-0.005661390256136656
522.1619873046875,0.5328447818756104,-0.0012956559658050537,-0.009917736053466797,4.556530475616455,-0.009504616260528564,-0.14315570890903473
475.510009765625,0.38009199500083923,0.03323329985141754,-0.039302825927734375,3.653237819671631,0.25176528096199036,-0.37844669818878174
889.0659790039062,0.3323494791984558,0.03593806177377701,-0.05302095413208008,3.4382500648498535,0.29717981815338135,-0.5370025634765625
288.51800537109375,0.4565863013267517,-0.024069413542747498,0.01846456527709961,4.589721202850342,-0.2043529748916626,0.19986939430236816
548.02197265625,0.1898512840270996,-0.011301152408123016,0.05916786193847656,1.812990427017212,-0.06012368202209473,0.5722355246543884
856.4340209960938,0.4626513123512268,-0.01597420871257782,0.006936073303222656,4.651400089263916,-0.13209033012390137,0.08552443981170654
793.8820190429688,0.4120693504810333,-0.032995838671922684,0.0826864242553711,3.0085670948028564,-0.12417718768119812,0.5938460230827332
682.64599609375,0.4797093868255615,0.023521840572357178,-0.026539325714111328,4.4479241371154785,0.1713348627090454,-0.2274359166622162
956.2780151367188,0.33954280614852905,-0.03175885230302811,0.031868934631347656,3.8833134174346924,-0.29559069871902466,0.3743043541908264
500.17401123046875,0.22437281906604767,0.005699083209037781,-0.023027420043945312,2.169445276260376,0.03798878192901611,-0.21046453714370728
810.677978515625,0.4408137798309326,0.02275833487510681,-0.03013014793395996,4.2184224128723145,0.176102876663208,-0.28636541962623596
662.0339965820312,0.5093711614608765,0.03230859339237213,-0.025379300117492676,4.264829635620117,0.21925902366638184,-0.22943173348903656
520.0460205078125,0.6102194786071777,0.011136963963508606,-0.004633903503417969,4.4905805587768555,0.06302517652511597,-0.02363431081175804
595.43798828125,0.3970077931880951,-0.01913376897573471,0.049950599670410156,2.8816685676574707,-0.07393884658813477,0.3762286305427551
670.4459838867188,0.2800208032131195,-0.021650634706020355,0.02213442325592041,3.703519582748413,-0.23562657833099365,0.2917015552520752
204.37399291992188,0.2672199606895447,-0.012217212468385696,0.07905209064483643,1.931412935256958,-0.016267716884613037,0.5114465951919556
234.1179962158203,0.6264808177947998,0.015953943133354187,-0.004568576812744141,4.763332843780518,0.09709417819976807,-0.08935939520597458
323.3739929199219,0.4727735221385956,-0.023203223943710327,0.02187347412109375,4.7408952713012695,-0.1810302734375,0.1938849240541458
900.3779907226562,0.24224144220352173,0.02489854395389557,-0.04296731948852539,3.21744441986084,0.2628171443939209,-0.5945596694946289
440.3699951171875,0.4111117422580719,-0.023104755207896233,0.055742740631103516,2.81827712059021,-0.07618235051631927,0.3921128213405609
833.3099975585938,0.5713194608688354,0.04142886400222778,-0.037822723388671875,4.3382158279418945,0.22512280941009521,-0.3031592071056366
610.1939697265625,0.46330833435058594,-0.03972046077251434,0.03859853744506836,4.311225891113281,-0.2915102243423462,0.3405105769634247
123.12999725341797,0.37748974561691284,0.004279881715774536,-0.0019865036010742188,4.726539611816406,0.05112457275390625,-0.02298278920352459
483.8340148925781,0.2442299872636795,0.02030671387910843,-0.06341552734375,2.3364412784576416,0.12547355890274048,-0.5604527592658997
659.2780151367188,0.2924167811870575,0.03316955268383026,-0.053757429122924805,3.2033145427703857,0.27351951599121094,-0.5956737995147705
885.3980102539062,0.4329017102718353,0.021288007497787476,-0.017857342958450317,4.518270492553711,0.185174822807312,-0.200010746717453
93.55400085449219,0.427747517824173,0.011708952486515045,-0.005436420440673828,4.457825660705566,0.10798269510269165,-0.06459422409534454
222.91799926757812,0.41004452109336853,0.026199251413345337,-0.02582836151123047,4.115059852600098,0.212532639503479,-0.2695426344871521
782.7540283203125,0.5054407119750977,0.012615293264389038,-0.015897750854492188,4.355453968048096,0.07152462005615234,-0.12752553820610046
557.8099975585938,0.44117116928100586,-0.03189653158187866,0.05392313003540039,3.5227506160736084,-0.15796899795532227,0.426764577627182
508.6860046386719,0.3397321105003357,0.027974478900432587,-0.03798484802246094,3.2830448150634766,0.2035629153251648,-0.3427163064479828
671.3699951171875,0.42228734493255615,-0.02951652556657791,0.030167698860168457,4.074741363525391,-0.2263031154870987,0.2806762754917145
708.7459716796875,0.5878896713256836,-0.029204055666923523,0.019065260887145996,4.602573871612549,-0.17090272903442383,0.14303407073020935
847.0859985351562,0.36456573009490967,-0.03702631592750549,0.04083824157714844,3.675889253616333,-0.28823816776275635,0.37265291810035706
252.8179931640625,0.46351611614227295,0.0050548166036605835,-0.0009813904762268066,4.631742477416992,0.05521947145462036,-0.005710400640964508
407.2099914550781,0.4700722396373749,0.014884430915117264,-0.006455421447753906,4.546133041381836,0.12984585762023926,-0.06041731685400009
99.9219970703125,0.6337360143661499,0.016141347587108612,-0.02698040008544922,4.694540977478027,0.08325070142745972,-0.21987365186214447
270.4259948730469,0.19767463207244873,0.011990800499916077,-0.04449033737182617,1.982729196548462,0.06972908973693848,-0.48998403549194336
901.469970703125,0.3937653601169586,0.04085783660411835,-0.09018993377685547,2.922437906265259,0.1649380326271057,-0.6755766272544861
872.5380249023438,0.32588037848472595,-0.00865536741912365,0.003862619400024414,4.535745620727539,-0.11231240630149841,0.06702997535467148
182.51800537109375,0.233698308467865,-0.015035837888717651,0.046552181243896484,2.338229179382324,-0.10078263282775879,0.47432786226272583
794.2739868164062,0.29793986678123474,-0.03157879784703255,0.04654407501220703,3.269558906555176,-0.2729952335357666,0.4884756803512573
490.114013671875,0.24112792313098907,0.019921716302633286,-0.015442848205566406,4.322349548339844,0.3282889723777771,-0.2739940881729126
207.7899932861328,0.2003605216741562,-0.012985769659280777,0.06365799903869629,1.7734935283660889,-0.059509456157684326,0.5330663323402405
528.6500244140625,0.3606813848018646,0.03343001753091812,-0.043950557708740234,3.6321799755096436,0.25594520568847656,-0.44412893056869507
124.19400024414062,0.6483434438705444,-0.00452229380607605,-0.004116058349609375,4.6492109298706055,-0.04050588607788086,-0.007772700861096382
782.0780029296875,0.42661052942276,0.014048919081687927,-0.016866683959960938,4.428447723388672,0.10567116737365723,-0.18342983722686768
416.30999755859375,0.42095398902893066,0.035652704536914825,-0.0368351936340332,4.083042144775391,0.27796000242233276,-0.34945082664489746
500.8420104980469,0.2268737554550171,0.009252965450286865,-0.035584449768066406,2.2225561141967773,0.05867338180541992,-0.32392174005508423
913.2459716796875,0.41165149211883545,0.036797430366277695,-0.03996086120605469,3.809297800064087,0.26649776101112366,-0.37767693400382996
579.9819946289062,0.551243245601654,0.05193929374217987,-0.05258512496948242,4.209853649139404,0.2873673439025879,-0.4257908761501312
740.35400390625,0.4826996922492981,0.05092581734061241,-0.08293890953063965,3.4015188217163086,0.22318172454833984,-0.5321997404098511
412.1419982910156,0.48495998978614807,0.0010668262839317322,0.0029740333557128906,4.642850875854492,0.019652247428894043,0.008853938430547714
649.5339965820312,0.406765878200531,0.0337056964635849,-0.03441762924194336,4.0310773849487305,0.2682328224182129,-0.3178868293762207
790.9739990234375,0.18442048132419586,-0.011195193976163864,0.05272960662841797,1.947180986404419,-0.06866320967674255,0.5572659969329834
213.17799377441406,0.323535293340683,-0.028403542935848236,0.04949951171875,3.1331300735473633,-0.2043752670288086,0.446566641330719
626.7020263671875,0.4063182473182678,0.024080224335193634,-0.0163801908493042,4.23748254776001,0.19850945472717285,-0.13251039385795593
325.24200439453125,0.5777761340141296,-0.03331693261861801,0.02403736114501953,4.695193290710449,-0.21160376071929932,0.1472918838262558
939.8779907226562,0.5983861088752747,-0.02192343771457672,0.012969970703125,4.4113664627075195,-0.1294037103652954,0.12015364319086075
209.79400634765625,0.2102079689502716,-0.015511814504861832,0.06853246688842773,1.8815187215805054,-0.0754907876253128,0.6438226103782654
747.2020263671875,0.36586427688598633,0.033989034593105316,-0.0497589111328125,3.7653119564056396,0.27421289682388306,-0.5211330652236938
111.08599853515625,0.30342942476272583,0.030847057700157166,-0.05047607421875,3.053727149963379,0.22500348091125488,-0.5170315504074097
970.3660278320312,0.6079369187355042,-0.0095156729221344,0.006170988082885742,4.631478309631348,-0.050392866134643555,0.059973105788230896
613.3460083007812,0.33650144934654236,-0.04302141070365906,0.07319307327270508,3.3338372707366943,-0.3184305429458618,0.7825255990028381
479.01800537109375,0.5227631330490112,0.029725193977355957,-0.02735137939453125,4.109132289886475,0.17020940780639648,-0.22978290915489197
234.35400390625,0.65932297706604,0.013317227363586426,-0.008022785186767578,4.689262866973877,0.06369650363922119,-0.06462570279836655
198.26199340820312,0.23665757477283478,-0.01673620194196701,0.05532121658325195,2.095426082611084,-0.08695405721664429,0.5007492899894714
397.1499938964844,0.6157628297805786,0.01734389364719391,-0.013182640075683594,4.643371105194092,0.09900081157684326,-0.10405772179365158
563.1820068359375,0.254131019115448,0.027642689645290375,-0.06705605983734131,2.6391537189483643,0.19777944684028625,-0.7178977727890015
630.7139892578125,0.27621200680732727,-0.01696018874645233,0.017822742462158203,3.107459783554077,-0.15880537033081055,0.18395690619945526
405.8179931640625,0.6124402284622192,0.022878989577293396,-0.005103588104248047,4.392561912536621,0.14372789859771729,0.00992508139461279
568.4099731445312,0.48186397552490234,0.018071606755256653,-0.01377493143081665,4.465638637542725,0.14117026329040527,-0.1041262224316597
117.54199981689453,0.4333976209163666,0.02945544570684433,-0.026424407958984375,4.515561580657959,0.2635248303413391,-0.29845497012138367
614.5139770507812,0.389911413192749,-0.04133472591638565,0.09518313407897949,2.9266233444213867,-0.17741316556930542,0.67182856798172
478.5459899902344,0.5272864699363708,0.032334208488464355,-0.03219032287597656,3.9908764362335205,0.18603134155273438,-0.18319465219974518
983.5780029296875,0.5358285307884216,0.003937080502510071,-0.004564762115478516,4.817802429199219,0.017610788345336914,-0.05022937431931496
693.8779907226562,0.4946303367614746,0.038515448570251465,-0.0308535099029541,4.137691974639893,0.24444442987442017,-0.2337091565132141
741.7100219726562,0.2271978259086609,0.020660623908042908,-0.03905916213989258,2.9595468044281006,0.21832191944122314,-0.5275429487228394
99.00199890136719,0.5244625806808472,0.00779028981924057,-0.0031881332397460938,4.6778788566589355,0.06142339110374451,-0.043247073888778687
258.2860107421875,0.3628046214580536,0.018064722418785095,-0.02050793170928955,3.6196367740631104,0.14381062984466553,-0.20714908838272095
298.41400146484375,0.599946916103363,-0.02443823218345642,0.017369747161865234,4.682422637939453,-0.1431620717048645,0.16613800823688507
513.5579833984375,0.5364376306533813,0.007557958364486694,-0.0023522377014160156,4.634532928466797,0.05679488182067871,-0.03125384449958801
861.6179809570312,0.34710216522216797,-0.03232034295797348,0.03462076187133789,3.9393954277038574,-0.3022097945213318,0.4089868664741516
852.3740234375,0.3157951533794403,-0.024682410061359406,0.02656841278076172,4.376593589782715,-0.29750514030456543,0.3621366024017334
965.0260009765625,0.39791256189346313,-0.04017043113708496,0.06335926055908203,3.365772247314453,-0.24445796012878418,0.5653836131095886
521.1300048828125,0.43139392137527466,0.004094589501619339,-0.00072479248046875,4.691823482513428,0.046614766120910645,0.010708671063184738
827.4140014648438,0.5052908658981323,0.021041229367256165,-0.032305240631103516,4.6503801345825195,0.1596665382385254,-0.29175645112991333
239.17799377441406,0.7234545350074768,0.004691034555435181,0.002558469772338867,4.6470947265625,0.03158986568450928,0.03536344692111015
136.3459930419922,0.7616029977798462,0.004125550389289856,-0.0064563751220703125,4.649788856506348,0.007346510887145996,-0.039514414966106415
150.3419952392578,0.5412858128547668,-0.03994976729154587,0.07511138916015625,3.536175012588501,-0.13032042980194092,0.47116848826408386
544.0499877929688,0.22781860828399658,-0.007412798702716827,0.04881000518798828,1.7150322198867798,-0.022536128759384155,0.3569467067718506
407.74200439453125,0.459490031003952,0.013573449105024338,-0.0023522377014160156,4.5968828201293945,0.12054023146629333,0.002824340481311083
62.198001861572266,-6.558400491485372e-05,3.898167051374912e-05,-4.098750650882721e-06,-0.0008728598477318883,0.0007657933747395873,-0.0018052133964374661
83.51000213623047,0.5123118162155151,0.03316556662321091,-0.051856040954589844,3.4707157611846924,0.13946932554244995,-0.3007829785346985
172.8780059814453,0.2295798808336258,-0.025931745767593384,0.04491424560546875,2.705457925796509,-0.2325965166091919,0.4598632752895355
400.72198486328125,0.3616119921207428,0.006654145196080208,-0.014568805694580078,3.5967960357666016,0.061677172780036926,-0.12843680381774902
480.10198974609375,0.432862788438797,0.018944822251796722,-0.011617660522460938,4.341495513916016,0.16027307510375977,-0.11104822158813477
724.614013671875,0.45892804861068726,-0.04451506584882736,0.04046964645385742,4.273624897003174,-0.3332706689834595,0.35500475764274597
258.3900146484375,0.37738287448883057,0.01853220909833908,-0.021277964115142822,3.658172130584717,0.14843618869781494,-0.22716064751148224
303.6940002441406,0.46031591296195984,-0.03065478801727295,0.028633832931518555,4.606877326965332,-0.25800228118896484,0.27239200472831726
452.010009765625,0.5125043988227844,-0.013377070426940918,0.0063800811767578125,4.5670857429504395,-0.09446930885314941,0.040498264133930206
491.1820068359375,0.42554181814193726,0.028148222714662552,-0.02260112762451172,4.445520401000977,0.23522824048995972,-0.2512735426425934
281.1059875488281,0.5715636014938354,-0.03746935725212097,0.06427168846130371,3.719996929168701,-0.13276398181915283,0.40761417150497437
81.3499984741211,0.3579990267753601,0.018523573875427246,-0.044667720794677734,3.1445436477661133,0.1100625991821289,-0.38491836190223694
84.51000213623047,0.5613029599189758,0.032923102378845215,-0.03786182403564453,3.9149584770202637,0.15263843536376953,-0.24766795337200165
279.75,0.2264024019241333,-0.015428230166435242,0.02759695053100586,3.1722893714904785,-0.17069384455680847,0.3855832815170288
835.5059814453125,0.5761472582817078,0.047712281346321106,-0.044325828552246094,4.396812438964844,0.255778968334198,-0.34037187695503235
347.9739990234375,0.4556939899921417,-0.03221134468913078,0.03578662872314453,4.371994972229004,-0.24459302425384521,0.3676890432834625
712.5380249023438,0.567121684551239,-0.04126414656639099,0.03890252113342285,4.4375529289245605,-0.23978042602539062,0.27604028582572937
403.906005859375,0.3644791543483734,0.024771973490715027,-0.028428077697753906,3.709367513656616,0.19508183002471924,-0.2948225140571594
473.2900085449219,0.34688347578048706,0.03763965517282486,-0.059716224670410156,3.1634480953216553,0.25240445137023926,-0.5949416756629944
447.2820129394531,0.39301377534866333,-0.0322495698928833,0.040358543395996094,3.788672924041748,-0.23969554901123047,0.3729499578475952
432.8819885253906,0.26161617040634155,-0.018512576818466187,0.041759490966796875,2.6347246170043945,-0.12148797512054443,0.43347448110580444
661.2379760742188,0.4141320288181305,0.03845096379518509,-0.03693532943725586,3.999542713165283,0.29198795557022095,-0.3095235824584961
945.6060180664062,0.44963574409484863,-0.004544854164123535,0.01936626434326172,4.656561374664307,-0.04487204551696777,0.2232220470905304
116.28600311279297,0.5651290416717529,0.02777761220932007,-0.0111846923828125,4.574163436889648,0.18331587314605713,-0.052966926246881485
276.2860107421875,0.14919494092464447,-0.002177618443965912,0.013969659805297852,1.5764122009277344,-0.009904146194458008,0.15074536204338074
574.5460205078125,0.3987407982349396,0.03591014817357063,-0.03395485877990723,4.337008476257324,0.32111772894859314,-0.3559565842151642
464.89801025390625,0.29268547892570496,-0.023874208331108093,0.0602569580078125,2.8421764373779297,-0.151157408952713,0.5779654383659363
502.4100036621094,0.3617536723613739,0.018936894834041595,-0.04508686065673828,2.9796345233917236,0.09282088279724121,-0.38311874866485596
516.3740234375,0.4699622392654419,0.01813901960849762,-0.021683216094970703,4.347599029541016,0.13598108291625977,-0.18522858619689941
990.64599609375,0.6095136404037476,0.035904109477996826,-0.033566951751708984,4.479735851287842,0.18157052993774414,-0.25857147574424744
376.906005859375,0.5472357273101807,-0.046561919152736664,0.061064720153808594,3.6494016647338867,-0.19298753142356873,0.4234212040901184
300.15399169921875,0.6456528306007385,-0.014781271107494831,0.013905048370361328,4.765866279602051,-0.0789751335978508,0.083125539124012
972.073974609375,0.5146454572677612,-0.005128681659698486,0.003785848617553711,4.746610641479492,-0.026159286499023438,0.021143518388271332
813.75,0.6326696872711182,0.021867454051971436,-0.016345500946044922,4.540706634521484,0.11832404136657715,-0.09540929645299911
851.9459838867188,0.5636095404624939,-0.03572574257850647,0.02966785430908203,4.418087482452393,-0.212854266166687,0.27514177560806274
798.510009765625,0.47295576333999634,-0.011067196726799011,0.0059642791748046875,4.745819091796875,-0.10392487049102783,0.08589977025985718
468.2019958496094,0.35910189151763916,-0.01767905429005623,0.009660720825195312,4.4752912521362305,-0.19009774923324585,0.12132061272859573
882.8140258789062,0.5900508165359497,-0.037959858775138855,0.03432440757751465,4.240417003631592,-0.19870328903198242,0.21425777673721313
770.0819702148438,0.4980975389480591,0.0005318671464920044,0.004017829895019531,4.790591716766357,0.008449316024780273,0.01639503985643387
964.6740112304688,0.522544801235199,-0.044107526540756226,0.0706019401550293,3.7829389572143555,-0.20849430561065674,0.5394865274429321
782.2020263671875,0.5443845391273499,0.017120137810707092,-0.022417068481445312,4.350561141967773,0.10046720504760742,-0.169774129986763
267.614013671875,0.28823161125183105,0.00032682716846466064,-0.004163503646850586,3.726808547973633,0.002881288528442383,-0.07004949450492859
551.6259765625,0.2669210731983185,-0.018939994275569916,0.09348177909851074,1.8656105995178223,-0.050256431102752686,0.6557708382606506
121.15399932861328,0.34843623638153076,0.00893847644329071,-0.004837989807128906,4.585704803466797,0.09604454040527344,-0.07422585785388947
741.2020263671875,0.30761781334877014,0.0289752259850502,-0.04839468002319336,3.0929956436157227,0.21034860610961914,-0.4947906732559204
300.906005859375,0.45055872201919556,-0.010185366496443748,0.01123499870300293,4.66473913192749,-0.08135250955820084,0.1590551733970642
430.5140075683594,0.37194833159446716,-0.016665205359458923,0.01354837417602539,3.7117934226989746,-0.1361541748046875,0.11360735446214676
603.010009765625,0.5392758250236511,-0.039833102375268936,0.034955501556396484,4.379385948181152,-0.2496849000453949,0.2745066285133362
299.14599609375,0.6088386178016663,-0.022176101803779602,0.013490438461303711,4.766783714294434,-0.13757136464118958,0.10443605482578278
633.4099731445312,0.21694767475128174,8.945167064666748e-05,-0.0021779537200927734,2.2606749534606934,0.00874340534210205,-0.0010124263353645802
402.08599853515625,0.41304105520248413,0.025873757898807526,-0.061757564544677734,2.986443281173706,0.09894585609436035,-0.43222877383232117
739.5339965820312,0.3599426746368408,0.04025602340698242,-0.05115914344787598,3.605234146118164,0.3163120746612549,-0.4911055266857147
626.469970703125,0.5402172207832336,0.025940194725990295,-0.031752705574035645,4.217055797576904,0.15285837650299072,-0.28111663460731506
735.4340209960938,0.3147205114364624,0.032066166400909424,-0.061424076557159424,3.071195602416992,0.214788556098938,-0.6040012836456299
757.2940063476562,0.5011646747589111,0.02415233850479126,-0.026909828186035156,4.597357749938965,0.17803072929382324,-0.23801371455192566
304.1419982910156,0.4613136053085327,-0.032844945788383484,0.023314952850341797,4.607515335083008,-0.26829755306243896,0.27483707666397095
123.22200012207031,0.43645966053009033,0.00448569655418396,-0.000732421875,4.756440162658691,0.03902792930603027,-0.013535556383430958
244.74600219726562,0.24410925805568695,0.008361093699932098,-0.04899263381958008,1.793142557144165,0.02669370174407959,-0.34998440742492676
771.406005859375,0.43981754779815674,0.021766386926174164,-0.027637481689453125,4.58479118347168,0.19305729866027832,-0.3123988211154938
106.34200286865234,0.5195890069007874,0.04413312301039696,-0.07456111907958984,3.472513198852539,0.16168734431266785,-0.5054243803024292
115.35399627685547,0.5761981010437012,0.036675721406936646,-0.027233123779296875,4.392884731292725,0.20789992809295654,-0.26660358905792236
811.8140258789062,0.35159242153167725,0.021525278687477112,-0.015270233154296875,4.186358451843262,0.21907615661621094,-0.19226302206516266
771.2459716796875,0.6247776746749878,0.022235706448554993,-0.028840065002441406,4.585791110992432,0.12690722942352295,-0.2095068395137787
187.57400512695312,0.34097737073898315,-0.012134328484535217,0.05146622657775879,2.2131292819976807,-0.026484370231628418,0.3515600264072418
997.1300048828125,0.4506375789642334,0.01975030079483986,-0.015413284301757812,4.500163555145264,0.15938332676887512,-0.16731518507003784
201.11399841308594,0.244126558303833,-0.016794003546237946,0.07676461338996887,1.8951977491378784,-0.05673903226852417,0.5881868004798889
773.2780151367188,0.33804214000701904,0.02330365777015686,-0.019204139709472656,4.451002597808838,0.2643558979034424,-0.2559647262096405
837.9860229492188,0.5141299962997437,0.016994178295135498,-0.013021469116210938,4.752596378326416,0.13973784446716309,-0.11236920207738876
66.24199676513672,0.35284921526908875,0.007104815915226936,-0.022444836795330048,2.3595314025878906,0.03187628090381622,-0.14977216720581055
400.8699951171875,0.5259882807731628,0.01116399746388197,-0.024896621704101562,3.505422592163086,0.03719758987426758,-0.16550739109516144
450.3219909667969,0.5819275975227356,-0.020152553915977478,0.015351295471191406,4.430514335632324,-0.1135094165802002,0.15144763886928558
143.3179931640625,0.44187578558921814,-0.004651486873626709,0.008594512939453125,4.628950119018555,-0.03633904457092285,0.09960248321294785
260.77398681640625,0.6570314764976501,0.0121229887008667,-0.014806091785430908,4.310175895690918,0.061106204986572266,-0.11934912204742432
891.6060180664062,0.29365456104278564,0.029631540179252625,-0.031836748123168945,3.8692004680633545,0.323978066444397,-0.4282245337963104
382.80999755859375,0.5984517931938171,-0.0022111982107162476,-0.0007543563842773438,4.685324668884277,-0.024061083793640137,-0.04925766959786415
386.22198486328125,0.47824719548225403,-0.0009305477142333984,-0.000614166259765625,4.5911054611206055,-0.019627630710601807,-0.02778477780520916
774.2100219726562,0.45750367641448975,0.023993253707885742,-0.012132644653320312,4.594119071960449,0.20184671878814697,-0.13060368597507477
608.469970703125,0.4406467378139496,-0.027858182787895203,0.018058300018310547,4.613855361938477,-0.24244102835655212,0.17825168371200562
976.3460083007812,0.289573073387146,0.025483746081590652,-0.05303335189819336,2.8317041397094727,0.17241384088993073,-0.5601186156272888
935.9140014648438,0.21668197214603424,-0.013065490871667862,0.03765869140625,2.5807344913482666,-0.10677605867385864,0.4407254755496979
944.7420043945312,0.6199050545692444,0.016251027584075928,-0.011013984680175781,4.706929683685303,0.08913528919219971,-0.061576683074235916
148.35400390625,0.24423229694366455,-0.01902463287115097,0.06333732604980469,2.2886252403259277,-0.10432136058807373,0.5839512348175049
454.8699951171875,0.44840630888938904,-0.034699536859989166,0.07185935974121094,2.9536681175231934,-0.1387573480606079,0.4890139102935791
201.58999633789062,0.17227253317832947,-0.012677979655563831,0.049398794770240784,1.7689141035079956,-0.09060552716255188,0.48800352215766907
805.4340209960938,0.24864913523197174,-0.018157217651605606,0.08653783798217773,2.010345697402954,-0.06786748766899109,0.6491929292678833
502.51800537109375,0.3248414695262909,0.019043639302253723,-0.039084434509277344,3.036998987197876,0.1310211420059204,-0.34783509373664856
602.3820190429688,0.4006956219673157,-0.0338420569896698,0.03405189514160156,4.177234649658203,-0.27602824568748474,0.3703128695487976
515.3699951171875,0.45625078678131104,0.004581868648529053,-0.003265857696533203,4.581178188323975,0.03943634033203125,-0.031193509697914124
824.1259765625,0.50244140625,0.0056634098291397095,-7.295608520507812e-05,4.642816543579102,0.04540252685546875,-0.021894965320825577
444.6940002441406,0.5211181640625,-0.03755158185958862,0.03372955322265625,4.219132423400879,-0.22897577285766602,0.2904995083808899
131.2899932861328,0.4491204619407654,0.031208962202072144,-0.025859832763671875,4.367521286010742,0.23695135116577148,-0.2714637219905853
61.32600021362305,-2.169822073483374e-05,5.9052297729067504e-05,-8.349306881427765e-07,-0.0009816796518862247,0.00037376757245510817,-0.0016317920526489615
790.8779907226562,0.2504121661186218,-0.01269746944308281,0.07309627532958984,1.905003547668457,-0.030131608247756958,0.5629044771194458
169.95399475097656,0.2957293391227722,-0.012123890221118927,0.005658149719238281,4.632730007171631,-0.18315434455871582,0.07097064703702927
108.4739990234375,0.3763192594051361,0.03588201105594635,-0.07117080688476562,2.969005584716797,0.1699889898300171,-0.523129403591156
808.7420043945312,0.5387790203094482,-0.0005370676517486572,-0.0008668899536132812,4.219199180603027,-0.012045741081237793,0.01418314129114151
190.406005859375,0.5878815650939941,-0.035145558416843414,0.04221320152282715,3.868605613708496,-0.14941376447677612,0.21719235181808472
908.5380249023438,0.47027158737182617,0.028652966022491455,-0.018793106079101562,4.370307922363281,0.22286009788513184,-0.12749452888965607
224.44200134277344,0.4525601267814636,0.017143219709396362,-0.005084037780761719,4.542780876159668,0.1474292278289795,-0.05669912323355675
410.8699951171875,0.6231083273887634,0.022803694009780884,-0.0008072853088378906,4.573149681091309,0.13459253311157227,0.0031572976149618626
277.3380126953125,0.1864643096923828,-0.006463877856731415,0.03128623962402344,1.8755197525024414,-0.03563410043716431,0.3130285143852234
275.27801513671875,0.1625613570213318,-0.00207345187664032,0.010722160339355469,1.5414482355117798,-0.004708588123321533,0.11642242223024368
799.9860229492188,0.4481845498085022,-0.03794509172439575,0.03172731399536133,4.312042236328125,-0.2982407212257385,0.32173171639442444
396.9179992675781,0.7020681500434875,0.02217106521129608,-0.010997772216796875,4.6371870040893555,0.11840391159057617,-0.08024884015321732
923.2340087890625,0.4188747704029083,-0.03488872945308685,0.03614997863769531,3.752931594848633,-0.24310004711151123,0.26152941584587097
144.4499969482422,0.3522425889968872,-0.0075278133153915405,0.0052165985107421875,4.652215957641602,-0.08132898807525635,0.06559748947620392
238.18600463867188,0.24411125481128693,0.0013644620776176453,0.0009150505065917969,4.690677165985107,0.03435015678405762,0.015465330332517624
301.510009765625,0.4921954870223999,-0.020789481699466705,0.01996898651123047,4.744089603424072,-0.16033205389976501,0.18752624094486237
346.4580078125,0.5799398422241211,-0.044451385736465454,0.06149005889892578,4.108721733093262,-0.19880688190460205,0.35138198733329773
935.8300170898438,0.4051888585090637,-0.018582116812467575,0.06379032135009766,2.589625835418701,-0.03897319734096527,0.43291953206062317
226.91400146484375,0.32982462644577026,0.028805911540985107,-0.030132770538330078,4.125759124755859,0.30484461784362793,-0.39566999673843384
603.218017578125,0.4536735415458679,-0.032282643020153046,0.020073413848876953,4.365939617156982,-0.2532990574836731,0.18412765860557556
970.9099731445312,0.46739035844802856,-0.006533950567245483,0.007041454315185547,4.678771018981934,-0.0500485897064209,0.07553035765886307
463.37799072265625,0.29768073558807373,-0.029794767498970032,0.07269096374511719,2.4447872638702393,-0.14957284927368164,0.6413390636444092
145.406005859375,0.4694618284702301,-0.007258877158164978,0.0059452056884765625,4.6845855712890625,-0.06818103790283203,0.0730154812335968
713.9420166015625,0.581663966178894,-0.04937642812728882,0.042120277881622314,4.423263072967529,-0.28611111640930176,0.27814391255378723
712.6380004882812,0.4402615427970886,-0.034977152943611145,0.02563941478729248,4.4059319496154785,-0.29814088344573975,0.23890574276447296
878.7219848632812,0.34743553400039673,-0.013231411576271057,0.08138799667358398,1.874902606010437,0.0034509897232055664,0.4379838705062866
68.94200134277344,0.3149465322494507,0.010134309530258179,-0.01379626989364624,3.168668270111084,0.0725398063659668,-0.15098798274993896
202.02200317382812,0.169761061668396,-0.010390989482402802,0.04631952941417694,1.6761420965194702,-0.06078070402145386,0.45101621747016907
989.6099853515625,0.6112346649169922,0.030797705054283142,-0.03561592102050781,4.483595371246338,0.14975368976593018,-0.28317520022392273
600.3140258789062,0.3392834961414337,-0.031890884041786194,0.05278778076171875,3.3128366470336914,-0.23308026790618896,0.504743754863739
485.8739929199219,0.4431672692298889,0.03253040462732315,-0.06793689727783203,3.1352458000183105,0.1251050978899002,-0.46057143807411194
562.1939697265625,0.2962489128112793,0.029922306537628174,-0.062131404876708984,2.737905979156494,0.19775629043579102,-0.5363812446594238
85.34200286865234,0.40398240089416504,0.028585299849510193,-0.0305631160736084,3.9939630031585693,0.22292864322662354,-0.3253932595252991
712.7420043945312,0.4607633054256439,-0.034942641854286194,0.026661157608032227,4.470402717590332,-0.273534893989563,0.26425057649612427
445.8699951171875,0.6196131706237793,-0.032136838883161545,0.028519630432128906,4.148094177246094,-0.148391991853714,0.1938285529613495
95.08599853515625,0.43027979135513306,0.004927016794681549,-0.0021085739135742188,4.689043998718262,0.055557847023010254,0.008729557506740093
267.5379943847656,0.535689115524292,-0.000334322452545166,-0.0023596882820129395,3.849853754043579,0.0092315673828125,-0.021193506196141243
974.9459838867188,0.3454567790031433,0.03295964002609253,-0.059144020080566406,3.2296676635742188,0.22038495540618896,-0.5563633441925049
499.03399658203125,0.31218528747558594,0.0011904239654541016,-0.0015201568603515625,2.4998507499694824,0.0034050941467285156,-0.011087344028055668
938.4660034179688,0.4721294045448303,-0.025528356432914734,0.03911399841308594,3.8422484397888184,-0.14828050136566162,0.3088885247707367
823.47802734375,0.4514346122741699,0.005981892347335815,-0.0028815269470214844,4.713813304901123,0.05496573448181152,-0.02326539158821106
202.88999938964844,0.1715565025806427,-0.009033121168613434,0.047270357608795166,1.712522268295288,-0.05031991004943848,0.4727158546447754
154.1060028076172,0.5443809628486633,-0.045260462909936905,0.06181907653808594,3.8298630714416504,-0.20180603861808777,0.4656083881855011
520.7860107421875,0.4623257517814636,0.004979141056537628,-0.006348133087158203,4.627572536468506,0.029323279857635498,-0.08142305165529251
825.5260009765625,0.5480631589889526,0.0016004443168640137,0.0017676353454589844,4.7417311668396,0.021273136138916016,0.009889191016554832
932.5180053710938,0.6303937435150146,0.005790442228317261,-0.000858306884765625,4.49844217300415,0.024943113327026367,0.00017347426910419017
395.89801025390625,0.5078805685043335,0.032200559973716736,-0.021460533142089844,4.401423454284668,0.21434688568115234,-0.18334898352622986
689.1220092773438,0.17509086430072784,0.00826239213347435,-0.04588580131530762,1.687361240386963,0.04102364182472229,-0.4599682688713074
610.8460083007812,0.5132099986076355,-0.04241539537906647,0.03380942344665527,4.284092903137207,-0.2669947147369385,0.28905031085014343
637.7780151367188,0.38043150305747986,-0.014011107385158539,0.022715091705322266,3.0039899349212646,-0.07548028230667114,0.159296452999115
125.56600189208984,0.650968074798584,0.021402806043624878,-0.014508247375488281,4.643592357635498,0.11049056053161621,-0.14505526423454285
369.3139953613281,0.5359817147254944,0.04092550277709961,-0.05640983581542969,3.9326846599578857,0.1839386522769928,-0.425497829914093
396.53399658203125,0.5102857351303101,0.027510009706020355,-0.011343002319335938,4.560795307159424,0.18949973583221436,-0.07235182076692581
893.3099975585938,0.4182570278644562,0.04410306364297867,-0.055785417556762695,4.011325836181641,0.3308719992637634,-0.5124107599258423
175.96600341796875,0.12960797548294067,-0.00777825340628624,0.033333778381347656,1.8060367107391357,-0.0819365382194519,0.5114161372184753
340.2980041503906,0.6614182591438293,-0.03947816789150238,0.025333404541015625,4.600488185882568,-0.2108953446149826,0.14589758217334747
366.1300048828125,0.37242770195007324,0.03994152694940567,-0.056067466735839844,3.6436901092529297,0.28932005167007446,-0.5284330248832703
822.9459838867188,0.6425966024398804,0.019125163555145264,-0.007297515869140625,4.741885185241699,0.11333227157592773,-0.052734773606061935
733.3699951171875,0.30984511971473694,0.03349011391401291,-0.07764410972595215,2.520817995071411,0.17440277338027954,-0.6228662729263306
791.177978515625,0.18062405288219452,-0.011037399992346764,0.04723167419433594,1.9920384883880615,-0.07352080941200256,0.5290959477424622
635.8900146484375,0.36277255415916443,-0.007523208856582642,0.022443056106567383,2.5502562522888184,-0.029681086540222168,0.17075251042842865
973.8460083007812,0.48898983001708984,0.0018391013145446777,0.0013668537139892578,4.707331657409668,0.021266460418701172,0.032317690551280975
380.25799560546875,0.4683448076248169,-0.0479293167591095,0.04726886749267578,4.053644180297852,-0.31495392322540283,0.36362600326538086
751.0900268554688,0.4663026034832001,0.0221145898103714,-0.013755321502685547,4.503723621368408,0.1696879267692566,-0.11180944740772247
678.1019897460938,0.5964851379394531,-0.051204562187194824,0.057651519775390625,3.8411295413970947,-0.22415220737457275,0.38821589946746826
181.8179931640625,0.18444527685642242,-0.011579357087612152,0.03999662399291992,2.1036925315856934,-0.08120721578598022,0.4150731861591339
461.8819885253906,0.5774820446968079,-0.001591712236404419,0.0054149627685546875,4.629606246948242,-0.009113311767578125,0.10494356602430344
942.5059814453125,0.4076366126537323,0.012214336544275284,-0.008280754089355469,4.624598979949951,0.1196519136428833,-0.09674468636512756
97.35800170898438,0.603069543838501,0.013433474116027355,-0.008603572845458984,4.5628342628479,0.07985391467809677,-0.10325979441404343
889.4739990234375,0.45584824681282043,0.043790750205516815,-0.07736837863922119,3.337449312210083,0.19802874326705933,-0.5542499423027039
450.5260009765625,0.45645493268966675,-0.016261130571365356,0.010355949401855469,4.391545295715332,-0.12771129608154297,0.09277872741222382
676.9340209960938,0.5949050188064575,-0.04493667185306549,0.05184435844421387,3.8091490268707275,-0.1895601749420166,0.34011587500572205
998.2739868164062,0.3378277122974396,0.010112099349498749,-0.006911277770996094,4.420158863067627,0.11003746092319489,-0.08129065483808517
334.8900146484375,0.46264708042144775,0.0054887086153030396,-0.003993034362792969,4.828795433044434,0.035333871841430664,-0.03025202825665474
942.2780151367188,0.3711956739425659,0.011200051754713058,-0.008355140686035156,4.6392621994018555,0.1256067156791687,-0.09933946281671524
898.97802734375,0.32740268111228943,0.031635966151952744,-0.09256696701049805,2.4944329261779785,0.11875087022781372,-0.6716833710670471
320.3900146484375,0.4883692264556885,-0.006768286228179932,0.005116939544677734,4.7171311378479,-0.05797553062438965,0.008090067654848099
77.58599853515625,0.2375059872865677,0.021917613223195076,-0.020752310752868652,3.949653148651123,0.3232772648334503,-0.38520321249961853
921.0579833984375,0.33833175897598267,-0.023961834609508514,0.04547309875488281,3.135453939437866,-0.1541295051574707,0.43470504879951477
242.7899932861328,0.2959597706794739,-1.2658536434173584e-05,0.0012235641479492188,2.5799965858459473,-0.006924867630004883,0.005422666668891907
540.4140014648438,0.19290342926979065,0.014619376510381699,-0.06100130081176758,1.8736319541931152,0.08514729142189026,-0.5314967632293701
460.8500061035156,0.43132564425468445,-0.006309285759925842,0.0039501190185546875,4.504742622375488,-0.057657837867736816,0.0819094106554985
484.406005859375,0.2801741063594818,0.02018408477306366,-0.06775856018066406,2.3118631839752197,0.09194493293762207,-0.5782109498977661
695.1300048828125,0.4909345507621765,0.024535611271858215,-0.016310393810272217,4.562241554260254,0.17602038383483887,-0.12903030216693878
775.9180297851562,0.5050795674324036,0.00945533812046051,-0.003406524658203125,4.670089244842529,0.07785725593566895,0.007094769738614559
797.885986328125,0.6885096430778503,-0.019747108221054077,0.01422119140625,4.660296440124512,-0.0985337495803833,0.07912620157003403
423.6059875488281,0.6639948487281799,0.010309115052223206,-0.003571033477783203,4.714437484741211,0.0581049919128418,-0.04509758949279785
69.85399627685547,0.41633325815200806,0.011569559574127197,-0.015531718730926514,3.6038565635681152,0.07702851295471191,-0.1488267481327057
366.4419860839844,0.39749881625175476,0.03801249712705612,-0.04263019561767578,3.844076156616211,0.28552305698394775,-0.4028675854206085
243.57400512695312,0.19984345138072968,0.003327883780002594,-0.024054527282714844,1.9748989343643188,0.027194619178771973,-0.27819445729255676
850.1699829101562,0.4092409908771515,-0.041154101490974426,0.038413047790527344,3.9388701915740967,-0.3161165714263916,0.3631010055541992
378.4700012207031,0.4398347735404968,-0.03788477182388306,0.03549480438232422,4.075638771057129,-0.2838411331176758,0.3105175197124481
773.3779907226562,0.4450940489768982,0.02976877987384796,-0.021867752075195312,4.456799507141113,0.25253915786743164,-0.1983397752046585
279.32598876953125,0.3479202389717102,-0.018444471061229706,0.053056955337524414,2.8418033123016357,-0.0925835445523262,0.4119580388069153
83.08599853515625,0.4274510145187378,0.02858036383986473,-0.05442094802856445,3.2794809341430664,0.12952865660190582,-0.4094318449497223
478.0419921875,0.5020687580108643,0.03504954278469086,-0.03931140899658203,3.95485782623291,0.1947007179260254,-0.28126969933509827
762.197998046875,0.39644989371299744,0.03642478585243225,-0.046710968017578125,3.698148250579834,0.2559601068496704,-0.42084386944770813
465.2380065917969,0.39889055490493774,-0.03201337158679962,0.06736278533935547,3.075237989425659,-0.14987999200820923,0.5125619769096375
233.98599243164062,0.38054242730140686,0.011038705706596375,-0.003867626190185547,4.742702484130859,0.11866104602813721,-0.027034325525164604
253.406005859375,0.720820426940918,0.007133506238460541,-0.00020988285541534424,4.633825778961182,0.048940300941467285,0.03252972662448883
611.6259765625,0.5908886194229126,-0.0524446964263916,0.07992362976074219,4.017464637756348,-0.24032866954803467,0.5564556121826172
929.0499877929688,0.6032174825668335,-0.02566353976726532,0.017790794372558594,4.562963962554932,-0.1484978199005127,0.09679576009511948
1001.614013671875,0.2737429738044739,0.0010940022766590118,-0.0008258819580078125,2.8226804733276367,0.012778133153915405,-0.051447030156850815
110.4739990234375,0.4351351857185364,0.04182425141334534,-0.08916568756103516,2.9590957164764404,0.13894009590148926,-0.5929059386253357
404.3699951171875,0.5482559204101562,0.029572665691375732,-0.028759002685546875,3.9317994117736816,0.1555638313293457,-0.2074635922908783
173.91799926757812,0.357885479927063,-0.0282576996833086,0.05516338348388672,2.929319143295288,-0.15376156568527222,0.4899575412273407
918.2379760742188,0.46044474840164185,0.045745328068733215,-0.06294536590576172,3.8369529247283936,0.2773592472076416,-0.5032417178153992
944.47802734375,0.46351519227027893,0.014629721641540527,-0.010218620300292969,4.656311988830566,0.12244701385498047,-0.09424884617328644
439.0899963378906,0.35249534249305725,-0.01605953276157379,0.05084657669067383,2.458376884460449,-0.04787564277648926,0.35656633973121643
265.01800537109375,0.37516918778419495,0.00451129674911499,0.0003788471221923828,4.687897682189941,0.061023712158203125,0.026872018352150917
846.9860229492188,0.39117681980133057,-0.03888051211833954,0.05173683166503906,3.634263277053833,-0.26641690731048584,0.4527715742588043
590.27001953125,0.6002976894378662,0.0548725351691246,-0.05926322937011719,4.187538146972656,0.2672640085220337,-0.4395127594470978
827.2020263671875,0.5499699115753174,0.009418487548828125,-0.020838260650634766,4.741766452789307,0.053687095642089844,-0.20446787774562836
722.302001953125,0.4420027434825897,-0.023770615458488464,0.019418954849243164,4.635773658752441,-0.20817124843597412,0.208901047706604
122.69000244140625,0.48895418643951416,0.00441625714302063,-0.0001430511474609375,4.709536075592041,0.045665740966796875,-0.005574717186391354
283.0140075683594,0.40885820984840393,-0.03926471993327141,0.04795641452074051,3.966099977493286,-0.2967430651187897,0.4721866548061371
440.6820068359375,0.3295036554336548,-0.020566146820783615,0.0389251708984375,2.9912712574005127,-0.12338271737098694,0.3381166458129883
713.677978515625,0.5057990550994873,-0.04123328626155853,0.04167985916137695,4.495934009552002,-0.2956976890563965,0.3445852994918823
262.95001220703125,0.4552690088748932,0.003637254238128662,-0.0012835860252380371,4.580446243286133,0.03313469886779785,-0.006299399305135012
493.7019958496094,0.6935145258903503,0.018232300877571106,-0.009696006774902344,4.8336005210876465,0.09212672710418701,-0.05136018246412277
423.7900085449219,0.5066823363304138,0.006047278642654419,-0.0005135536193847656,4.690455913543701,0.05858469009399414,0.016332406550645828
191.3419952392578,0.6504344940185547,-0.027171015739440918,0.017711162567138672,4.194004058837891,-0.13230383396148682,0.1251775175333023
718.0819702148438,0.3824317455291748,-0.027039386332035065,0.02060377597808838,4.567701816558838,-0.2769348621368408,0.22749891877174377
624.5020141601562,0.4523770809173584,-0.018516704440116882,0.013333797454833984,4.530729293823242,-0.1609210968017578,0.13165739178657532
220.42599487304688,0.30911824107170105,0.02600819617509842,-0.04076194763183594,3.3536300659179688,0.21754437685012817,-0.44494521617889404
246.03799438476562,0.2618556618690491,0.013304464519023895,-0.04788863658905029,2.198355197906494,0.06497687101364136,-0.38816192746162415
655.0900268554688,0.3888149857521057,0.03544561564922333,-0.043447256088256836,3.891364812850952,0.26971685886383057,-0.440150648355484
313.3580017089844,0.49069175124168396,-0.024209290742874146,0.021205902099609375,4.563687324523926,-0.18982863426208496,0.1834217756986618
955.85400390625,0.43299612402915955,-0.040763869881629944,0.04339933395385742,3.8974294662475586,-0.28384649753570557,0.3738096356391907
415.1180114746094,0.3352227807044983,0.03734143078327179,-0.04310274124145508,3.825291872024536,0.3345766067504883,-0.46893310546875
190.593994140625,0.40385672450065613,-0.02444440871477127,0.024781227111816406,3.9104416370391846,-0.18534475564956665,0.2611996829509735
534.6099853515625,0.4722290635108948,0.04605737328529358,-0.07573866844177246,3.5020945072174072,0.22864270210266113,-0.5818339586257935
176.32200622558594,0.19963319599628448,-0.009953707456588745,0.04744720458984375,1.7699849605560303,-0.05467134714126587,0.43239882588386536
895.1380004882812,0.5130046606063843,0.05396008491516113,-0.07777976989746094,3.9307408332824707,0.28859686851501465,-0.6140772700309753
720.302001953125,0.464765340089798,-0.01432982087135315,0.010790824890136719,4.660050868988037,-0.12343072891235352,0.13508039712905884
226.83399963378906,0.44629546999931335,0.03498665243387222,-0.039105892181396484,4.130527019500732,0.25099778175354004,-0.3565368056297302
549.781982421875,0.23967419564723969,-0.01357305608689785,0.0833597183227539,1.7821683883666992,-0.017379403114318848,0.614241361618042
874.7459716796875,0.5656048655509949,-0.005178436636924744,0.005419731140136719,4.012782096862793,-0.03705088049173355,0.031639114022254944
644.72998046875,0.45731425285339355,-0.029193982481956482,0.024075984954833984,4.4209747314453125,-0.2257375717163086,0.19148918986320496
156.46600341796875,0.43920373916625977,-0.04374349117279053,0.047677040100097656,3.9285190105438232,-0.2997474670410156,0.39945268630981445
496.3500061035156,0.593274712562561,0.004409030079841614,-0.0008554458618164062,4.240753173828125,0.026238679885864258,0.01727425865828991
252.18600463867188,0.6443625688552856,0.004426904022693634,-0.008569791913032532,4.743879318237305,0.02019411325454712,-0.06690694391727448
825.7420043945312,0.633919894695282,-0.0018072724342346191,-0.000209808349609375,4.80845308303833,-0.013106346130371094,0.040299609303474426
700.2459716796875,0.2878219187259674,0.03091692551970482,-0.03388035297393799,3.806598424911499,0.35559096932411194,-0.4382269084453583
973.9739990234375,0.6027334332466125,0.001235663890838623,0.003562450408935547,4.690858840942383,0.011553287506103516,-0.0117771802470088
469.69000244140625,0.6824547052383423,-0.010932579636573792,0.004803657531738281,4.732609748840332,-0.07018071413040161,0.03528575599193573
596.0780029296875,0.26428672671318054,-0.016606848686933517,0.022452354431152344,3.3303415775299072,-0.16803747415542603,0.2860453128814697
523.56201171875,0.3878946900367737,0.036718256771564484,-0.04918622970581055,3.626523971557617,0.2585636377334595,-0.4601171016693115
573.5139770507812,0.34352603554725647,0.029857702553272247,-0.028410673141479492,4.306746006011963,0.31681764125823975,-0.3668513894081116
724.3779907226562,0.2874278128147125,-0.030847061425447464,0.026417136192321777,4.23705530166626,-0.39168161153793335,0.4101998507976532
409.7980041503906,0.6956464052200317,0.032574865967035294,-0.021300315856933594,4.605971336364746,0.15994688868522644,-0.1484358012676239
208.04600524902344,0.1844569891691208,-0.011731378734111786,0.05716061592102051,1.7663123607635498,-0.06807458400726318,0.5452765822410583
830.4660034179688,0.46439576148986816,0.023889940232038498,-0.02426290512084961,4.631207466125488,0.1987091302871704,-0.26821479201316833
937.0339965820312,0.4407331347465515,-0.02567066252231598,0.05716514587402344,3.111639976501465,-0.08445274829864502,0.3794240355491638
731.4660034179688,0.45393019914627075,-0.00021409988403320312,0.0009799003601074219,4.717157363891602,-0.007327079772949219,-0.016007989645004272
645.1019897460938,0.6877939701080322,-0.03032684326171875,0.027189254760742188,4.382722854614258,-0.12862300872802734,0.1663547307252884
153.0540008544922,0.4408397078514099,-0.034858182072639465,0.047496795654296875,4.031620979309082,-0.24763798713684082,0.47356921434402466
286.9179992675781,0.43453550338745117,-0.0407431498169899,0.03130543231964111,4.332231044769287,-0.3415336608886719,0.30374568700790405
93.77799987792969,0.5735197067260742,0.013977773487567902,-0.008809566497802734,4.495789527893066,0.0819212794303894,-0.08269291371107101
443.14599609375,0.4734562635421753,-0.021346494555473328,0.01584911346435547,4.239860534667969,-0.15741395950317383,0.14598111808300018
734.469970703125,0.25941768288612366,0.023186378180980682,-0.05632936954498291,2.6356732845306396,0.15749508142471313,-0.5806063413619995
606.9140014648438,0.6129103302955627,-0.048427462577819824,0.04724454879760742,4.51139497756958,-0.24550402164459229,0.3236513137817383
878.469970703125,0.19309312105178833,-0.010758355259895325,0.04660391807556152,1.868898868560791,-0.06480228900909424,0.44080275297164917
76.34200286865234,0.38392752408981323,0.03309072554111481,-0.043251752853393555,3.835972309112549,0.2544877529144287,-0.4529503583908081
537.0180053710938,0.42829516530036926,0.053820714354515076,-0.10261940956115723,3.0405852794647217,0.23648834228515625,-0.7621078491210938
550.2459716796875,0.1772695928812027,-0.012127213180065155,0.06761288642883301,1.7742834091186523,-0.06453680992126465,0.6618085503578186
858.510009765625,0.4702177047729492,-0.009952336549758911,0.0030198097229003906,4.719005107879639,-0.09344005584716797,0.014688024297356606
172.58599853515625,0.3836696743965149,-0.04030492901802063,0.06766796112060547,2.8556127548217773,-0.19432413578033447,0.5368503928184509
495.2340087890625,0.5005600452423096,0.004683509469032288,-0.0034847259521484375,4.649871349334717,0.03173816204071045,-0.02644016593694687
869.02197265625,0.3554950952529907,-0.03209846466779709,0.0569300651550293,3.198655128479004,-0.20265400409698486,0.4813992977142334
812.02197265625,0.43550002574920654,0.0246344655752182,-0.02559828758239746,4.21894645690918,0.1996457576751709,-0.21394933760166168
904.677978515625,0.4772702753543854,0.04996870458126068,-0.06829166412353516,3.7834928035736084,0.29140806198120117,-0.5639857053756714
723.3460083007812,0.4209724962711334,-0.03721020370721817,0.04159390926361084,4.369683742523193,-0.3125882148742676,0.416340708732605
436.80999755859375,0.41608136892318726,-0.014116823673248291,0.015011787414550781,3.322871685028076,-0.08088016510009766,0.11668084561824799
810.010009765625,0.5680288076400757,0.005629241466522217,-0.009737491607666016,4.300194263458252,0.036362648010253906,-0.14367429912090302
494.57000732421875,0.4634596109390259,0.00784929096698761,-0.001758575439453125,4.620242595672607,0.07034504413604736,-0.033466048538684845
308.6180114746094,0.4659407138824463,-0.036072537302970886,0.029674053192138672,4.332244396209717,-0.26190292835235596,0.2557615339756012
762.3980102539062,0.38180625438690186,0.03532668948173523,-0.04316425323486328,3.8669564723968506,0.27555346488952637,-0.4182671308517456
630.52197265625,0.38308900594711304,-0.023412838578224182,0.026409626007080078,3.252580165863037,-0.15921533107757568,0.24004964530467987
905.8460083007812,0.35017505288124084,0.040068432688713074,-0.05937957763671875,3.382657766342163,0.28802239894866943,-0.5581149458885193
935.3140258789062,0.26878929138183594,-0.013818200677633286,0.04201984405517578,2.5781521797180176,-0.08183839917182922,0.42415669560432434
157.2899932861328,0.5003036856651306,-0.04436387121677399,0.04026031494140625,4.165427207946777,-0.2862704396247864,0.280724436044693
155.23399353027344,0.40339964628219604,-0.039518482983112335,0.0446319580078125,4.02415132522583,-0.317912220954895,0.4518822133541107
365.25,0.4238978922367096,0.04786193370819092,-0.06485843658447266,3.4920496940612793,0.28659486770629883,-0.5443008542060852
293.0539855957031,0.3646494448184967,-0.002553686499595642,-0.003130674362182617,4.551998615264893,-0.030466914176940918,-0.06410925090312958
501.7300109863281,0.26404237747192383,0.014748640358448029,-0.041724205017089844,2.6895647048950195,0.10704636573791504,-0.3999693691730499
482.6419982910156,0.3858128488063812,0.013673735782504082,-0.029463768005371094,3.6143991947174072,0.10426245629787445,-0.357492059469223
499.1180114746094,0.20997993648052216,0.00029333680868148804,0.0008897781372070312,2.4976084232330322,-9.608268737792969e-05,0.023297004401683807
263.5379943847656,0.591317355632782,0.0017737150192260742,-0.007072627544403076,4.655983924865723,0.0045697689056396484,-0.08323540538549423
760.8740234375,0.46566182374954224,0.04385907202959061,-0.07297706604003906,3.4945425987243652,0.21792817115783691,-0.5121318697929382
786.4979858398438,0.2541739046573639,-0.008188731968402863,0.02489948272705078,2.561634063720703,-0.04905217885971069,0.2540545165538788
703.2459716796875,0.4619232416152954,0.01326809823513031,-0.012036800384521484,4.640979766845703,0.09612751007080078,-0.08837680518627167
269.19000244140625,0.2519715130329132,0.013158410787582397,-0.06501483917236328,1.8297030925750732,0.03171035647392273,-0.4526883065700531
707.3660278320312,0.46674996614456177,-0.013684526085853577,0.021629810333251953,4.6582159996032715,-0.10708880424499512,0.23609378933906555
148.14199829101562,0.31228530406951904,-0.020847976207733154,0.08762931823730469,2.241814374923706,-0.0560145378112793,0.6142899990081787
215.8780059814453,0.3935718536376953,-0.010619014501571655,0.011696338653564453,2.9780914783477783,-0.04864513874053955,0.09220308810472488
103.29399871826172,0.21706494688987732,0.02754686400294304,-0.044350624084472656,3.1848864555358887,0.3357934355735779,-0.6270666718482971
886.030029296875,0.662587583065033,0.026150360703468323,-0.02357622981071472,4.366427898406982,0.11264646053314209,-0.16009949147701263
707.677978515625,0.49888384342193604,-0.024780690670013428,0.0201418399810791,4.639939308166504,-0.17755794525146484,0.17046236991882324
912.010009765625,0.4049268066883087,0.03421303629875183,-0.04365253448486328,4.009790897369385,0.2624603509902954,-0.4379407465457916
395.1180114746094,0.36108019948005676,0.03011317551136017,-0.026137351989746094,4.108872413635254,0.29241693019866943,-0.2642178535461426
818.0260009765625,0.29706132411956787,0.03081142157316208,-0.05098581314086914,3.1274213790893555,0.25056958198547363,-0.5417950749397278
524.3820190429688,0.2783368229866028,0.02559773623943329,-0.031038761138916016,3.8604941368103027,0.3099747896194458,-0.4442826807498932
863.677978515625,0.4880317151546478,-0.02778056263923645,0.016356945037841797,4.393377304077148,-0.2057110071182251,0.11417990922927856
416.7619934082031,0.3495382070541382,0.027894333004951477,-0.024200439453125,4.175419807434082,0.278769314289093,-0.28702425956726074
476.1860046386719,0.3808632493019104,0.02868468314409256,-0.036772727966308594,3.6831204891204834,0.22059005498886108,-0.3700854480266571
689.385986328125,0.2025810033082962,0.009023716673254967,-0.054194092750549316,1.6924573183059692,0.034051477909088135,-0.44512155652046204
428.13800048828125,0.45222607254981995,-0.040736567229032516,0.050866127014160156,3.5685768127441406,-0.23045749962329865,0.3884252905845642
776.02197265625,0.4878495931625366,0.008693426847457886,-0.0019378662109375,4.7054548263549805,0.0780036449432373,0.0035756456200033426
448.010009765625,0.40665411949157715,-0.03190524876117706,0.029972076416015625,3.926938772201538,-0.24260330200195312,0.28705576062202454
153.51800537109375,0.44842463731765747,-0.04394875466823578,0.053211212158203125,3.8372414112091064,-0.2848867177963257,0.46288642287254333
457.9020080566406,0.38058793544769287,-0.024215687066316605,0.02574634552001953,3.9870166778564453,-0.21509236097335815,0.26172149181365967
203.09800720214844,0.17485861480236053,-0.008937276899814606,0.04910510778427124,1.646965742111206,-0.04595094919204712,0.46975237131118774
683.1220092773438,0.46893560886383057,0.019848361611366272,-0.013373851776123047,4.507942199707031,0.1644454002380371,-0.14269642531871796
124.51799774169922,0.604932427406311,0.003270447254180908,-0.010120391845703125,4.705325603485107,0.015714645385742188,-0.10073177516460419
230.3939971923828,0.5695626735687256,0.050488412380218506,-0.057671308517456055,4.073824405670166,0.24442780017852783,-0.47661107778549194
194.093994140625,0.6504926085472107,-0.011850357055664062,0.001329183578491211,4.620595932006836,-0.05992770195007324,0.0204011257737875
943.47802734375,0.6071140170097351,0.02055606245994568,-0.017334938049316406,4.59807014465332,0.12380480766296387,-0.11654071509838104
618.97802734375,0.3767299950122833,-0.021683424711227417,0.01487201452255249,4.504220485687256,-0.21761155128479004,0.19068774580955505
208.64199829101562,0.23614501953125,-0.014238543808460236,0.08231830596923828,1.783616542816162,-0.04294520616531372,0.6060622334480286
343.2300109863281,0.3949398100376129,-0.03588905930519104,0.03303718566894531,3.9936344623565674,-0.29160940647125244,0.32597920298576355
704.1300048828125,0.5240169167518616,0.009399071335792542,-0.005278348922729492,4.679662704467773,0.07207679748535156,-0.008576108142733574
841.6300048828125,0.44514957070350647,0.02531653456389904,-0.01284027099609375,4.638346195220947,0.2320062816143036,-0.08784683048725128
493.91400146484375,0.6272712349891663,0.014531150460243225,-0.011484146118164062,4.742191791534424,0.08484435081481934,-0.11218433827161789
961.9099731445312,0.44320520758628845,-0.03575950115919113,0.031701087951660156,4.429851531982422,-0.29210227727890015,0.30116862058639526
918.4099731445312,0.3418562412261963,0.038009289652109146,-0.04442787170410156,3.9122140407562256,0.34705087542533875,-0.5132653713226318
627.0139770507812,0.43775051832199097,0.02149711549282074,-0.019034981727600098,4.390437126159668,0.17679530382156372,-0.18259863555431366
746.1420288085938,0.48759371042251587,0.03776845708489418,-0.03964996337890625,3.97550368309021,0.21788498759269714,-0.3069462180137634
933.0540161132812,0.44167110323905945,-0.0017892569303512573,-0.0008401870727539062,4.21846866607666,-0.005118012428283691,0.011868945322930813
375.99798583984375,0.4664676785469055,-0.039690494537353516,0.06789112091064453,3.273937225341797,-0.16101980209350586,0.46597638726234436
868.6859741210938,0.43806660175323486,-0.03273308277130127,0.08269929885864258,3.0174975395202637,-0.11037415266036987,0.5588110685348511
584.885986328125,0.6126279234886169,0.04841703176498413,-0.051964759826660156,4.135638236999512,0.22598421573638916,-0.3301795423030853
804.0659790039062,0.23012599349021912,-0.017140671610832214,0.07920598983764648,1.9950734376907349,-0.07272922992706299,0.6509893536567688
734.9459838867188,0.3904901444911957,0.032771408557891846,-0.07633984088897705,2.9091684818267822,0.13543152809143066,-0.6016568541526794
315.01800537109375,0.4112614393234253,-0.02471206896007061,0.016296863555908203,4.676536560058594,-0.24626761674880981,0.1990068107843399
263.84600830078125,0.5971846580505371,0.0071104466915130615,-0.005213499069213867,4.644610404968262,0.04037904739379883,-0.04920003563165665
638.9459838867188,0.4360731840133667,-0.02362852729856968,0.04022502899169922,3.3008248805999756,-0.12180744856595993,0.30361759662628174
397.5459899902344,0.5939463973045349,0.015760064125061035,-0.013676166534423828,4.661406993865967,0.10045629739761353,-0.08056214451789856
211.20199584960938,0.2373584657907486,-0.017309270799160004,0.08295059204101562,2.0785984992980957,-0.07079541683197021,0.7087529897689819
619.0819702148438,0.46951863169670105,-0.024832122027873993,0.018188506364822388,4.515623569488525,-0.18461143970489502,0.18284207582473755
911.197998046875,0.4683569073677063,0.010153070092201233,-0.006348609924316406,4.67028284072876,0.09477758407592773,-0.08072935789823532
209.91799926757812,0.23521220684051514,-0.01586577482521534,0.08274602890014648,1.9216614961624146,-0.05960838496685028,0.6798437833786011
76.9260025024414,0.5618955492973328,0.04356386512517929,-0.05677783489227295,3.9377188682556152,0.19779080152511597,-0.41638052463531494
835.1420288085938,0.4189029335975647,0.037088215351104736,-0.031859397888183594,4.351104736328125,0.3218211531639099,-0.35046514868736267
422.8940124511719,0.5182183980941772,0.0053643882274627686,-0.009261131286621094,4.629254341125488,0.03796398639678955,-0.09260305017232895
609.218017578125,0.47761642932891846,-0.023303069174289703,0.023748397827148438,4.599045753479004,-0.1822863221168518,0.25102129578590393
291.9540100097656,0.4454643130302429,-0.018107354640960693,0.01101064682006836,4.453185081481934,-0.14849555492401123,0.03655501455068588
601.7100219726562,0.30733731389045715,-0.030063681304454803,0.030853748321533203,4.063864707946777,-0.3344295024871826,0.416631817817688
553.1900024414062,0.18986734747886658,-0.014123640954494476,0.06895917654037476,1.8628432750701904,-0.07386678457260132,0.677263081073761
1000.114013671875,0.30404311418533325,0.0035639964044094086,-0.000530242919921875,3.589461326599121,0.03408724069595337,0.024616986513137817
747.9619750976562,0.5320791006088257,0.05491653084754944,-0.08255767822265625,3.4523792266845703,0.21765422821044922,-0.4695132374763489
835.2459716796875,0.4500493109226227,0.03890092670917511,-0.037268638610839844,4.337032318115234,0.30160635709762573,-0.3575674891471863
594.9819946289062,0.3343658745288849,-0.01317065954208374,0.043778419494628906,2.6622395515441895,-0.05582284927368164,0.32317501306533813
779.9500122070312,0.5020081400871277,0.04687568545341492,-0.06145668029785156,3.7327733039855957,0.23724019527435303,-0.42579716444015503
976.9140014648438,0.3045618236064911,0.027376554906368256,-0.04849958419799805,3.1109862327575684,0.19519472122192383,-0.4955410361289978
654.1019897460938,0.5930851697921753,0.05031484365463257,-0.0689549446105957,3.9023256301879883,0.20616066455841064,-0.4431394934654236
747.6740112304688,0.25999295711517334,0.031050212681293488,-0.04062843322753906,3.5957796573638916,0.368222713470459,-0.5803945064544678
285.2900085449219,0.5908781290054321,-0.04981684684753418,0.05238842964172363,4.253508567810059,-0.25099706649780273,0.3401572108268738
985.8259887695312,0.6954125165939331,0.004237920045852661,-0.0045833587646484375,4.7024407386779785,0.021622657775878906,-0.051887109875679016
146.9739990234375,0.29355040192604065,-0.027902968227863312,0.0640411376953125,2.8352980613708496,-0.19741621613502502,0.6562684774398804
649.8740234375,0.6354882717132568,0.04772910475730896,-0.06333303451538086,3.9792675971984863,0.17404401302337646,-0.371476411819458
671.75,0.34756746888160706,-0.022999567911028862,0.022641420364379883,4.143435478210449,-0.22448837757110596,0.2617467939853668
223.57400512695312,0.6688228249549866,0.03463244438171387,-0.025440216064453125,4.328572750091553,0.161909818649292,-0.2119888812303543
698.5139770507812,0.4253605306148529,0.01938280463218689,-0.03375422954559326,4.3711934089660645,0.1628870964050293,-0.3848191499710083
330.885986328125,0.5976904630661011,-0.032484859228134155,0.01830577850341797,4.52604341506958,-0.1961193084716797,0.13544853031635284
160.52200317382812,0.4493831396102905,-0.03886254131793976,0.02957439422607422,4.311152458190918,-0.30434179306030273,0.2890535593032837
302.5899963378906,0.5058520436286926,-0.02157190442085266,0.014183282852172852,4.6637396812438965,-0.16461336612701416,0.13122297823429108
793.4340209960938,0.3661656975746155,-0.031075797975063324,0.0836944580078125,2.6525917053222656,-0.12003922462463379,0.5613630414009094
239.02200317382812,0.5354053378105164,0.003758862614631653,-0.0012912750244140625,4.61222505569458,0.021080374717712402,0.006458396557718515
496.9580078125,0.34741857647895813,0.0011555254459381104,-0.002132415771484375,3.9203436374664307,0.011946797370910645,-0.014481955207884312
852.4979858398438,0.5393704771995544,-0.040235236287117004,0.04790210723876953,4.342521667480469,-0.2374955415725708,0.37429073452949524
877.2459716796875,0.19232620298862457,-0.009507894515991211,0.046765804290771484,1.6954801082611084,-0.05421137809753418,0.4233250916004181
337.80999755859375,0.5829241871833801,-0.01480451226234436,0.016485214233398438,4.734877586364746,-0.09138226509094238,0.11755511164665222
922.9099731445312,0.35361430048942566,-0.03147171437740326,0.03673362731933594,3.535141944885254,-0.25158143043518066,0.35274821519851685
205.95799255371094,0.10384460538625717,-0.009060997515916824,0.037290096282958984,1.8679845333099365,-0.12875813245773315,0.6765474081039429
591.3060302734375,0.29994335770606995,0.023522354662418365,-0.038237571716308594,2.7868905067443848,0.16280370950698853,-0.3841390609741211
430.15399169921875,0.5431861281394958,-0.03084808588027954,0.026389598846435547,3.780427932739258,-0.1516779661178589,0.12362129986286163
962.573974609375,0.4180909991264343,-0.028861578553915024,0.02443218231201172,4.56149435043335,-0.2591989040374756,0.25969094038009644
856.1339721679688,0.47995543479919434,-0.019670411944389343,0.010040283203125,4.612244606018066,-0.15794920921325684,0.09223391115665436
566.72998046875,0.40789514780044556,0.02978403866291046,-0.03599745035171509,3.961311101913452,0.21209311485290527,-0.3377702832221985
247.0540008544922,0.2526976764202118,0.018069356679916382,-0.04036235809326172,2.7753708362579346,0.15438926219940186,-0.44184431433677673
360.2380065917969,0.2461761236190796,0.0019532442092895508,-0.017810821533203125,2.223391056060791,0.0010001659393310547,-0.19386190176010132
865.1539916992188,0.4993867576122284,-0.014048367738723755,0.006743431091308594,4.629150867462158,-0.09911060333251953,0.03174925968050957
396.4219970703125,0.45325443148612976,0.025470808148384094,-0.017777442932128906,4.5611772537231445,0.205841064453125,-0.17721973359584808
564.8460083007812,0.3646330237388611,0.035655222833156586,-0.08784478902816772,2.805995225906372,0.16057807207107544,-0.6573723554611206
687.6339721679688,0.19125011563301086,0.009221650660037994,-0.039916038513183594,1.8725453615188599,0.0611574649810791,-0.3834303021430969
908.0780029296875,0.425675630569458,0.028804533183574677,-0.02404308319091797,4.303995609283447,0.2453218698501587,-0.2870005965232849
234.49000549316406,0.6365395188331604,0.012873589992523193,-0.009458780288696289,4.6621527671813965,0.08375155925750732,-0.062089331448078156
139.1300048828125,0.3853268325328827,0.03231450915336609,-0.07777595520019531,2.795714855194092,0.1197059154510498,-0.5622406005859375
914.4019775390625,0.5087870359420776,0.03635097295045853,-0.030416488647460938,4.090359687805176,0.22038185596466064,-0.2143039107322693
776.1220092773438,0.46951916813850403,0.007321253418922424,0.0014190673828125,4.684887886047363,0.061924099922180176,0.021082285791635513
91.71399688720703,0.432760089635849,0.01838928461074829,-0.016236305236816406,4.298285484313965,0.15594875812530518,-0.14571316540241241
414.1300048828125,0.40205419063568115,0.02342383563518524,-0.021483421325683594,4.361152648925781,0.21336817741394043,-0.29248878359794617
892.3740234375,0.5576524138450623,0.0436452180147171,-0.04358482360839844,4.257844924926758,0.23412787914276123,-0.2860530614852905
536.7420043945312,0.2432163506746292,0.031841713935136795,-0.04288625717163086,3.5510027408599854,0.40089648962020874,-0.5997769832611084
328.8699951171875,0.44468262791633606,-0.016430765390396118,0.009282112121582031,4.644331932067871,-0.1552424430847168,0.10599149763584137
403.24200439453125,0.3451562225818634,0.026247814297676086,-0.03428983688354492,3.4691600799560547,0.20825743675231934,-0.29967644810676575
531.8499755859375,0.38291501998901367,0.037738069891929626,-0.10367703437805176,2.6556265354156494,0.1298999786376953,-0.70346599817276
631.5339965820312,0.2897910475730896,-0.009566918015480042,0.0074689388275146484,2.8716859817504883,-0.07681691646575928,0.09070179611444473
430.41400146484375,0.4965594708919525,-0.022916823625564575,0.01732778549194336,3.728391170501709,-0.13210701942443848,0.13181184232234955
920.0700073242188,0.6333630084991455,0.041428953409194946,-0.012269020080566406,3.9546597003936768,0.1890428066253662,0.013356571085751057
218.08599853515625,0.20402014255523682,0.011244609951972961,-0.02533864974975586,2.564680576324463,0.12072014808654785,-0.3235273063182831
585.0139770507812,0.528990626335144,0.042489394545555115,-0.04332923889160156,4.144923210144043,0.23934948444366455,-0.34672239422798157
438.4259948730469,0.34210044145584106,-0.010911911725997925,0.03679037094116211,2.579163074493408,-0.043373942375183105,0.309177964925766
777.114013671875,0.41434723138809204,0.027912914752960205,-0.04421424865722656,3.890850305557251,0.20544052124023438,-0.46132275462150574
680.4660034179688,0.5332579612731934,-0.026496469974517822,0.018560409545898438,4.469420433044434,-0.17715120315551758,0.15110351145267487
353.2179870605469,0.35947185754776,-0.010435476899147034,0.008448600769042969,4.766205787658691,-0.12311077117919922,0.10972742736339569
293.74200439453125,0.4604487121105194,-0.002973318099975586,0.006082296371459961,4.597841262817383,-0.037192344665527344,0.027939992025494576
742.0460205078125,0.2733813226222992,0.025172710418701172,-0.0633394718170166,2.7141780853271484,0.1718970537185669,-0.6632797718048096
127.15399932861328,0.4720223546028137,0.015599161386489868,-0.013157844543457031,4.737923622131348,0.12250566482543945,-0.09866364300251007
751.5380249023438,0.5719577074050903,0.02164575457572937,-0.013770580291748047,4.628469944000244,0.13451075553894043,-0.12538468837738037
465.57000732421875,0.323909193277359,-0.02898344397544861,0.05086994171142578,3.273562431335449,-0.2102804183959961,0.5239725708961487
727.2020263671875,0.5297040939331055,-0.01964077353477478,0.008041620254516602,4.594666957855225,-0.14537310600280762,0.06332895904779434
745.5460205078125,0.35395509004592896,0.030238397419452667,-0.03694963455200195,3.5709097385406494,0.2434084415435791,-0.37725135684013367
777.010009765625,0.5016560554504395,0.024017110466957092,-0.04659080505371094,4.090107440948486,0.14094245433807373,-0.4640248417854309
294.1940002441406,0.47397470474243164,-0.0047197043895721436,-0.005014657974243164,4.527830600738525,-0.04379403591156006,-0.0391918309032917
182.94200134277344,0.2667664885520935,-0.01510428637266159,0.04880666732788086,2.411377191543579,-0.0872393250465393,0.45615965127944946
354.46600341796875,0.43532878160476685,-0.0033732056617736816,0.0026416778564453125,4.729025363922119,-0.019272804260253906,0.010707003995776176
267.2980041503906,0.48152410984039307,-0.0006986558437347412,-0.0005387663841247559,4.280169486999512,-0.016349315643310547,-0.013853891752660275
583.0460205078125,0.5981751680374146,0.037155695259571075,-0.026441097259521484,4.54841423034668,0.20890074968338013,-0.21060262620449066
784.3779907226562,0.358721524477005,0.002124473452568054,0.0003490447998046875,3.575068712234497,0.022928595542907715,-0.011974179185926914
262.27398681640625,0.4687155485153198,0.007362887263298035,-0.004689633846282959,4.508028507232666,0.0566248893737793,-0.0616898313164711
580.6380004882812,0.44102942943573,0.03853520750999451,-0.04284524917602539,4.223466873168945,0.2862461805343628,-0.39164412021636963
775.8099975585938,0.6189174652099609,0.014375880360603333,-0.0017232894897460938,4.685992240905762,0.09164655208587646,-0.008037766441702843
266.5899963378906,0.5107962489128113,0.004174977540969849,0.0007532238960266113,4.569610118865967,0.03893017768859863,0.04319900646805763
84.0459976196289,0.44707292318344116,0.02949480712413788,-0.03408074378967285,3.7525463104248047,0.18001258373260498,-0.2496693879365921
89.94200134277344,0.44004154205322266,0.02187727391719818,-0.01748514175415039,4.393730163574219,0.17713665962219238,-0.18300700187683105
787.9180297851562,0.22972960770130157,-0.00871779303997755,0.041835784912109375,2.0976879596710205,-0.036604300141334534,0.39603757858276367
917.8099975585938,0.5506340265274048,0.03894020617008209,-0.056365966796875,4.124640941619873,0.19725573062896729,-0.4586079716682434
800.8820190429688,0.5866633057594299,-0.042417533695697784,0.057707786560058594,4.110291481018066,-0.20633727312088013,0.5041172504425049
93.85800170898438,0.3600885570049286,0.009282611310482025,-0.004604339599609375,4.495634078979492,0.09673839807510376,-0.07097170501947403
244.14199829101562,0.18590644001960754,0.007373146712779999,-0.03679776191711426,1.7689111232757568,0.03800302743911743,-0.33601105213165283
187.41799926757812,0.21326357126235962,-0.009076029062271118,0.032975196838378906,2.1461734771728516,-0.06293714046478271,0.3252071440219879
749.2659912109375,0.5199798345565796,0.04086664319038391,-0.057849884033203125,3.838388681411743,0.19161570072174072,-0.40644681453704834
410.1820068359375,0.3515489101409912,0.019131947308778763,-0.013722419738769531,4.624094009399414,0.22126197814941406,-0.1947687268257141
271.8179931640625,0.3262251317501068,0.02166171371936798,-0.05070781707763672,2.543372392654419,0.10238683223724365,-0.39928993582725525
551.3740234375,0.19893351197242737,-0.016409412026405334,0.06990635395050049,1.9005515575408936,-0.09074831008911133,0.6780185699462891
812.8779907226562,0.5777527093887329,0.027602046728134155,-0.023505210876464844,4.404676914215088,0.16294097900390625,-0.1475209891796112
232.6300048828125,0.651425838470459,0.03252839297056198,-0.020335912704467773,4.567871570587158,0.16604822874069214,-0.09289848804473877
878.8060302734375,0.15954329073429108,-0.0094357430934906,0.04008650779724121,1.9354349374771118,-0.08670741319656372,0.533075213432312
437.593994140625,0.3501080870628357,-0.009528949856758118,0.009607791900634766,2.996495246887207,-0.061983704566955566,0.06672866642475128
94.05799865722656,0.4334322214126587,0.009636588394641876,0.0036902427673339844,4.515789985656738,0.0963822603225708,0.053790707141160965
514.06201171875,0.6644708514213562,0.00831499695777893,-0.005537509918212891,4.606818199157715,0.05190849304199219,-0.030596613883972168
852.8820190429688,0.5754294991493225,-0.04870828986167908,0.054987430572509766,4.227573394775391,-0.24576205015182495,0.39863941073417664
552.2020263671875,0.18760675191879272,-0.016704123467206955,0.07387971878051758,1.89276123046875,-0.10897347331047058,0.7679320573806763
669.0819702148438,0.5605548024177551,-0.02261325716972351,0.04719221591949463,4.251407623291016,-0.10248112678527832,0.34471696615219116
434.51800537109375,0.3639950156211853,-0.021596744656562805,0.03471088409423828,3.2878451347351074,-0.13799095153808594,0.3220043480396271
534.7100219726562,0.34606561064720154,0.03844040632247925,-0.060346364974975586,3.445719003677368,0.287436842918396,-0.6214883923530579
283.9100036621094,0.3924327790737152,-0.03645732253789902,0.04246121644973755,4.077420711517334,-0.30174148082733154,0.44259053468704224
500.9419860839844,0.22579318284988403,0.009868524968624115,-0.03398418426513672,2.280924081802368,0.06377255916595459,-0.28170233964920044
396.19000244140625,0.31894436478614807,0.019576430320739746,-0.014474868774414062,4.432985782623291,0.23987066745758057,-0.1949693262577057
850.0659790039062,0.47277694940567017,-0.04770597815513611,0.04932594299316406,3.9485411643981934,-0.2931652069091797,0.3609529137611389
235.79800415039062,0.5109866857528687,0.0022784024477005005,0.0010123252868652344,4.7112321853637695,0.02944636344909668,0.014185067266225815
73.65399932861328,0.4850367605686188,0.0030759721994400024,-0.0038442611694335938,4.492307186126709,0.02844095230102539,-0.03488467261195183
515.9140014648438,0.6166026592254639,0.00825449824333191,-0.015071392059326172,4.502071380615234,0.05158543586730957,-0.13804657757282257
118.55799865722656,0.3104981780052185,0.027643416076898575,-0.023054122924804688,4.306277275085449,0.34734418988227844,-0.3141445219516754
857.4660034179688,0.5425915718078613,-0.009977459907531738,0.002071380615234375,4.70245361328125,-0.07307696342468262,0.03513600304722786
739.8460083007812,0.49655723571777344,0.047565311193466187,-0.0618894100189209,3.687664031982422,0.23980456590652466,-0.480475515127182
961.2260131835938,0.4874652028083801,-0.034184329211711884,0.03380632400512695,4.504045486450195,-0.2592967748641968,0.32445842027664185
140.47799682617188,0.2660340666770935,0.023735176771879196,-0.025606155395507812,3.7160685062408447,0.28013965487480164,-0.3103761672973633
260.510009765625,0.535256028175354,0.012376904487609863,-0.0065209269523620605,4.31605339050293,0.0836186408996582,-0.030562276020646095
614.3140258789062,0.3672737777233124,-0.03982630372047424,0.09253597259521484,2.8343052864074707,-0.1792222261428833,0.7091881036758423
577.85400390625,0.5653254985809326,0.05704425275325775,-0.0672311782836914,3.959900379180908,0.25987112522125244,-0.4775856137275696
175.38999938964844,0.17911645770072937,-0.013593152165412903,0.045806884765625,2.0052742958068848,-0.11656427383422852,0.4876288175582886
121.0780029296875,0.7186291217803955,0.01929914951324463,-0.007969856262207031,4.594044208526611,0.10280776023864746,-0.043730538338422775
385.75799560546875,0.5363956689834595,-0.003313973546028137,0.0017576217651367188,4.638131141662598,-0.026579082012176514,-0.014092184603214264
871.9140014648438,0.4593900442123413,-0.023008912801742554,0.011700153350830078,4.391048908233643,-0.18028366565704346,0.10899577289819717
331.5539855957031,0.506831169128418,-0.02209872007369995,0.015466690063476562,4.549179553985596,-0.1659700870513916,0.18555155396461487
346.1860046386719,0.41367107629776,-0.03709319233894348,0.043951988220214844,3.8433749675750732,-0.2679259777069092,0.4066041111946106
127.58999633789062,0.49918508529663086,0.017845630645751953,-0.024842262268066406,4.575514793395996,0.13375306129455566,-0.23310206830501556
358.5220031738281,0.2493867576122284,-0.000102996826171875,-0.0006847381591796875,2.307037353515625,-0.00228273868560791,0.010139652527868748
607.1539916992188,0.47622421383857727,-0.041807517409324646,0.03371429443359375,4.377058982849121,-0.30933070182800293,0.27892738580703735
728.9459838867188,0.6321306824684143,-0.006313055753707886,0.005491971969604492,4.804579734802246,-0.04053854942321777,0.06167856603860855
753.2979736328125,0.46358662843704224,0.008087575435638428,-0.0033745765686035156,4.645530700683594,0.06279122829437256,-0.03173643723130226
592.2940063476562,0.16446152329444885,0.012603290379047394,-0.04923534393310547,1.7899761199951172,0.08993905782699585,-0.4666520953178406
854.5059814453125,0.3904428482055664,-0.03080587089061737,0.02205514907836914,4.283133029937744,-0.27320146560668945,0.22847825288772583
414.34600830078125,0.35677456855773926,0.02566388249397278,-0.03150033950805664,4.219620704650879,0.2522672414779663,-0.3795310854911804
296.9219970703125,0.4343668520450592,-0.001525983214378357,0.01083517074584961,4.725601673126221,-0.017043590545654297,0.14025655388832092
985.43798828125,0.4377111494541168,0.005213379859924316,-0.0008001327514648438,4.7555694580078125,0.040932536125183105,-0.006663760636001825
629.8140258789062,0.29894936084747314,-0.025782674551010132,0.029587984085083008,3.542569160461426,-0.25990211963653564,0.35088083148002625
303.593994140625,0.4828372597694397,-0.02992461621761322,0.028632402420043945,4.619521617889404,-0.2370166778564453,0.28721460700035095
575.0460205078125,0.5728269219398499,0.04277941584587097,-0.04031562805175781,4.402570724487305,0.2332691252231598,-0.31902897357940674
505.41400146484375,0.519770085811615,0.021063461899757385,-0.016236305236816406,4.1932172775268555,0.13032257556915283,-0.1237909123301506
819.8779907226562,0.5348483920097351,0.047121137380599976,-0.04778861999511719,4.070687294006348,0.25274357199668884,-0.3356167674064636
567.6019897460938,0.4332166314125061,0.026810526847839355,-0.02337062358856201,4.352984428405762,0.22107887268066406,-0.25445985794067383
120.18599700927734,0.567360520362854,0.027857482433319092,-0.025467872619628906,4.598295211791992,0.17269325256347656,-0.16382227838039398
621.1060180664062,0.626977801322937,-0.05655330419540405,0.07754909992218018,3.9014534950256348,-0.20650291442871094,0.44694018363952637
598.4420166015625,0.23330780863761902,-0.02278224378824234,0.06440258026123047,2.3757400512695312,-0.14139163494110107,0.6498222351074219
563.6900024414062,0.14914725720882416,0.019999902695417404,-0.04492020606994629,2.4931530952453613,0.28047192096710205,-0.7422364950180054
583.9140014648438,0.6049729585647583,0.027949273586273193,-0.03396272659301758,4.56112003326416,0.14459562301635742,-0.2755902111530304
463.72601318359375,0.2369549572467804,-0.021387465298175812,0.06447887420654297,2.450572967529297,-0.15334242582321167,0.6454216241836548
345.20599365234375,0.346958190202713,-0.036783330142498016,0.05020713806152344,3.4884605407714844,-0.2765047550201416,0.4852019250392914
989.8380126953125,0.40863487124443054,0.02575087547302246,-0.024827003479003906,4.435330390930176,0.2298201322555542,-0.29802700877189636
431.7820129394531,0.29513052105903625,-0.011792629957199097,0.02829265594482422,2.9100260734558105,-0.09428322315216064,0.31111177802085876
200.30999755859375,0.28866046667099,-0.022952303290367126,0.07483106851577759,2.3672232627868652,-0.10379242897033691,0.6291887760162354
812.4660034179688,0.43008238077163696,0.025090515613555908,-0.01757669448852539,4.304473876953125,0.2138509750366211,-0.15402598679065704
100.17400360107422,0.4681270718574524,0.02152130752801895,-0.019286155700683594,4.671956539154053,0.1753993034362793,-0.2192530483007431
476.4100036621094,0.3452972173690796,0.027333728969097137,-0.029852867126464844,3.5812153816223145,0.2215142846107483,-0.3029431104660034
246.49400329589844,0.2683582603931427,0.015410348773002625,-0.05128967761993408,2.4236881732940674,0.08963888883590698,-0.4379676580429077
460.6099853515625,0.5792132616043091,-0.012478351593017578,0.00424957275390625,4.519449234008789,-0.08727157115936279,-0.0079019321128726
292.9739990234375,0.45586317777633667,-0.00469072163105011,-0.002521991729736328,4.5578131675720215,-0.047243714332580566,-0.05183665454387665
253.92599487304688,0.4668736755847931,0.00019218772649765015,-0.004021495580673218,4.478885650634766,0.004284024238586426,-0.052918870002031326
929.3660278320312,0.46342381834983826,-0.015257388353347778,0.005648612976074219,4.656125068664551,-0.1373504400253296,0.09337762743234634
898.3779907226562,0.3529829978942871,0.04162028431892395,-0.10273122787475586,2.5272469520568848,0.1644073724746704,-0.7602739334106445
542.72998046875,0.14493994414806366,-0.0039013028144836426,0.02397298812866211,1.4049218893051147,-0.01973499357700348,0.23985150456428528
152.45399475097656,0.6283859610557556,-0.029916763305664062,0.022844314575195312,4.471889972686768,-0.1655576229095459,0.16816915571689606
658.2459716796875,0.3895910084247589,0.03637447953224182,-0.051317691802978516,3.845083475112915,0.2853021025657654,-0.4933532476425171
895.4459838867188,0.33989226818084717,0.04699571430683136,-0.06944608688354492,3.488609790802002,0.37425553798675537,-0.7284320592880249
964.22998046875,0.4327476918697357,-0.023324862122535706,0.03475475311279297,4.2667555809021,-0.18742609024047852,0.388878732919693
836.8099975585938,0.6057219505310059,0.027507558465003967,-0.020379066467285156,4.606020450592041,0.16027581691741943,-0.18960843980312347
659.3779907226562,0.3195571005344391,0.035424500703811646,-0.05937480926513672,3.1904830932617188,0.27008867263793945,-0.5890370607376099
906.197998046875,0.4907517433166504,0.04881800711154938,-0.06656265258789062,3.5113091468811035,0.2306363582611084,-0.4639575183391571
777.510009765625,0.340426504611969,0.036964066326618195,-0.05452156066894531,3.3902010917663574,0.2829219102859497,-0.4996344745159149
456.0899963378906,0.42593640089035034,-0.0315430611371994,0.058342933654785156,3.076488971710205,-0.132238507270813,0.3952942192554474
875.302001953125,0.4717966318130493,-0.0064577944576740265,-0.0006973743438720703,3.735623359680176,-0.04972662031650543,-0.03629273548722267
289.6820068359375,0.619067907333374,-0.025582924485206604,0.040250301361083984,4.470641613006592,-0.13711059093475342,0.36768099665641785
807.7459716796875,0.5287395119667053,-0.013942286372184753,0.021843910217285156,3.94685697555542,-0.06768298149108887,0.07334145158529282
366.69000244140625,0.4545007348060608,0.03890713304281235,-0.04300117492675781,3.9317080974578857,0.2500814199447632,-0.3156753480434418
941.4860229492188,0.5201287269592285,-0.0058099254965782166,9.632110595703125e-05,4.641334056854248,-0.039536476135253906,-0.020133942365646362
686.9420166015625,0.2968515455722809,0.017563514411449432,-0.041898250579833984,2.4844470024108887,0.09774690866470337,-0.37534597516059875
712.1339721679688,0.4437825083732605,-0.032240964472293854,0.0263139009475708,4.431448459625244,-0.26542484760284424,0.2641293406486511
988.2420043945312,0.4560956060886383,0.0013826042413711548,-6.723403930664062e-05,4.745728492736816,0.017895102500915527,0.006839687470346689
74.71399688720703,0.6033176183700562,0.00035563111305236816,-0.007300853729248047,4.575565814971924,-0.0018286705017089844,-0.06059205159544945
957.27001953125,0.31505724787712097,-0.023125842213630676,0.016950607299804688,4.37899112701416,-0.2784041166305542,0.23706293106079102
930.4660034179688,0.4898676574230194,0.0041055828332901,-0.007927894592285156,4.708102703094482,0.04308319091796875,-0.07782606035470963
909.114013671875,0.44938623905181885,0.02219463884830475,-0.014607429504394531,4.484229564666748,0.19671201705932617,-0.13419052958488464
150.8820037841797,0.34202396869659424,-0.026941895484924316,0.025508880615234375,3.9362845420837402,-0.25650620460510254,0.2938995659351349
450.4219970703125,0.44086191058158875,-0.0160532146692276,0.010689735412597656,4.395145416259766,-0.13665199279785156,0.08144302666187286
922.677978515625,0.483572781085968,-0.03960326313972473,0.062048912048339844,3.5152504444122314,-0.17071270942687988,0.41996926069259644
282.15399169921875,0.5454692244529724,-0.04036930203437805,0.06122753024101257,3.88580322265625,-0.17642593383789062,0.4621032178401947
290.14599609375,0.49577218294143677,-0.0384952574968338,0.04517626762390137,4.262168884277344,-0.2535746097564697,0.4257265627384186
976.1300048828125,0.2584431767463684,0.024475300684571266,-0.04984760284423828,2.7066080570220947,0.18273800611495972,-0.5242218375205994
134.302001953125,0.5443605184555054,0.008088544011116028,-0.0054264068603515625,4.715331554412842,0.06987631320953369,-0.06112514063715935
152.0780029296875,0.7113515138626099,-0.03824281692504883,0.028261184692382812,4.461803436279297,-0.1725444793701172,0.19280052185058594
803.47802734375,0.1898769736289978,-0.01833786815404892,0.0681147575378418,1.9666376113891602,-0.12014186382293701,0.7238116264343262
562.3060302734375,0.30375877022743225,0.02987346053123474,-0.06275057792663574,2.701730489730835,0.18561720848083496,-0.5673972964286804
796.4340209960938,0.5677102208137512,-0.034909844398498535,0.03423500061035156,4.454875946044922,-0.2101435661315918,0.30570223927497864
842.6179809570312,0.5148755311965942,0.01634804531931877,-0.005457878112792969,4.604398250579834,0.11787283420562744,-0.042583003640174866
642.5460205078125,0.3558712303638458,-0.03856503963470459,0.03946971893310547,3.8936264514923096,-0.3419896960258484,0.45983070135116577
593.4459838867188,0.13465502858161926,-0.0014383122324943542,0.01621723175048828,1.77730393409729,-0.009614706039428711,0.16857974231243134
953.56201171875,0.45970243215560913,-0.0030791163444519043,-0.0011148452758789062,4.794517517089844,-0.02879047393798828,-0.008471997454762459
195.21800231933594,0.49281787872314453,-0.003974974155426025,0.0014829635620117188,4.383151531219482,-0.026204824447631836,0.01884778030216694
475.2820129394531,0.4498977065086365,0.03765910863876343,-0.04912281036376953,3.6851725578308105,0.21514588594436646,-0.4000343382358551
355.9739990234375,0.4121541976928711,-0.0011701732873916626,0.005446434020996094,4.079143524169922,-0.006205320358276367,0.09482058137655258
192.54600524902344,0.45224252343177795,-0.012301549315452576,0.008825063705444336,4.356867790222168,-0.09758472442626953,0.04101916030049324
889.2420043945312,0.2907348573207855,0.03183048963546753,-0.042250752449035645,3.455883026123047,0.31056511402130127,-0.550094485282898
405.93798828125,0.5314706563949585,0.01671922206878662,-0.004662036895751953,4.455020904541016,0.12755990028381348,-0.03086434118449688
288.6180114746094,0.46062880754470825,-0.024254031479358673,0.014451265335083008,4.626587867736816,-0.2096261978149414,0.1316453516483307
940.9140014648438,0.4678240716457367,-0.006929110735654831,0.00534820556640625,4.509677886962891,-0.05462759733200073,0.05974403768777847
654.8900146484375,0.5459305047988892,0.046369582414627075,-0.061213016510009766,3.860724925994873,0.1998734474182129,-0.45220232009887695
315.7900085449219,0.4663252830505371,-0.022917060181498528,0.0160064697265625,4.636305332183838,-0.1919848620891571,0.17402254045009613
443.34600830078125,0.4423220157623291,-0.020123228430747986,0.026721954345703125,4.243370056152344,-0.15027856826782227,0.2740834653377533
157.57400512695312,0.664804995059967,-0.04939725250005722,0.046828269958496094,4.320163249969482,-0.21190255880355835,0.3319648206233978
538.0900268554688,0.20742006599903107,0.026745852082967758,-0.06318998336791992,2.226405382156372,0.21268749237060547,-0.6445877552032471
879.2379760742188,0.18600954115390778,-0.011980976909399033,0.04553520679473877,2.0443198680877686,-0.0932692289352417,0.4852854907512665
685.7659912109375,0.39792633056640625,0.03167981281876564,-0.060332536697387695,3.3567962646484375,0.17552462220191956,-0.4405308663845062
377.7139892578125,0.5328114032745361,-0.045144349336624146,0.04650688171386719,4.049057483673096,-0.250282883644104,0.35386303067207336
324.1300048828125,0.4347659945487976,-0.028083354234695435,0.02488851547241211,4.518059253692627,-0.23357760906219482,0.2340831160545349
165.1540069580078,0.46918386220932007,-0.023667216300964355,0.015847206115722656,4.509909629821777,-0.18772292137145996,0.16624510288238525
736.64599609375,0.3371291160583496,0.03605157509446144,-0.04139862209558487,3.6823854446411133,0.31069761514663696,-0.48263418674468994
176.2100067138672,0.18699966371059418,-0.009909681975841522,0.04094982147216797,1.7956653833389282,-0.057533085346221924,0.36511096358299255
874.0419921875,0.4294925332069397,-0.00731288455426693,0.0040471553802490234,4.289766788482666,-0.06615041196346283,0.04496338963508606
981.3099975585938,0.43679043650627136,0.021065589040517807,-0.014134407043457031,4.532566547393799,0.19367390871047974,-0.1510199010372162
820.093994140625,0.41297879815101624,0.0373612642288208,-0.03408670425415039,4.153442859649658,0.297399640083313,-0.32302501797676086
692.72998046875,0.3561379015445709,0.03168390691280365,-0.046271711587905884,3.4763331413269043,0.2324925661087036,-0.44717609882354736
761.9459838867188,0.4898473620414734,0.042542025446891785,-0.061173439025878906,3.630333662033081,0.20081543922424316,-0.4614158272743225
442.4259948730469,0.45011669397354126,-0.022610366344451904,0.02340221405029297,4.048531532287598,-0.14816677570343018,0.21968844532966614
232.38999938964844,0.4691230356693268,0.026635803282260895,-0.02010059356689453,4.511653423309326,0.2172607183456421,-0.21049638092517853
499.25,0.3276984691619873,-0.0006257891654968262,0.0002994537353515625,2.455998420715332,-0.0032187700271606445,0.01735554449260235
739.2979736328125,0.3884011507034302,0.04125221073627472,-0.05585181713104248,3.6894619464874268,0.29075920581817627,-0.5725679397583008
186.70199584960938,0.30801406502723694,-0.007402822375297546,0.033695220947265625,2.0789501667022705,-0.018464505672454834,0.22642116248607635
568.8820190429688,0.6322354078292847,0.021888941526412964,-0.012355446815490723,4.476630210876465,0.11803698539733887,-0.0649745836853981
681.1019897460938,0.6993688344955444,-0.013570977374911308,-0.013049125671386719,4.488245010375977,-0.07182226330041885,-0.13698258996009827
616.8820190429688,0.5057322978973389,-0.05176222324371338,0.07103028893470764,3.6718709468841553,-0.23473811149597168,0.5194540023803711
357.0899963378906,0.47579479217529297,-0.0010160207748413086,0.007283210754394531,3.3902220726013184,0.010172486305236816,0.08372589945793152
58.5260009765625,-5.204189073992893e-05,5.579197750193998e-05,-2.5853514671325684e-05,-0.0006373567739501595,0.0004347380017861724,-0.002086307154968381
185.78199768066406,0.22999781370162964,-0.007326923310756683,0.017640113830566406,2.2025442123413086,-0.05401718616485596,0.1843525469303131
419.87799072265625,0.6025335192680359,0.043576329946517944,-0.03509998321533203,4.324607849121094,0.23377633094787598,-0.22561055421829224
647.0819702148438,0.6500923037528992,-0.010800868272781372,0.010062217712402344,4.660790920257568,-0.06149852275848389,0.046390339732170105
746.4660034179688,0.4098933935165405,0.028734494000673294,-0.024132728576660156,4.128962993621826,0.2368764877319336,-0.23611044883728027
189.85000610351562,0.458299845457077,-0.029268670827150345,0.04434537887573242,3.5062243938446045,-0.14897893369197845,0.2998284101486206
725.677978515625,0.21161450445652008,-0.017743632197380066,0.013279199600219727,4.407593250274658,-0.3373764753341675,0.27985191345214844
976.43798828125,0.26395225524902344,0.023265833035111427,-0.05352210998535156,2.8891777992248535,0.18342474102973938,-0.5844395160675049
531.2620239257812,0.2743825614452362,0.03503751754760742,-0.07578107714653015,2.85080623626709,0.2601017355918884,-0.7355608940124512
599.0139770507812,0.2371359020471573,-0.023761237040162086,0.05941581726074219,2.4639229774475098,-0.17110218107700348,0.6146533489227295
696.8820190429688,0.6508991122245789,0.005704700946807861,0.005962014198303223,4.786012649536133,0.03034043312072754,0.042602527886629105
878.2659912109375,0.2596850097179413,-0.011487558484077454,0.07077336311340332,1.855545997619629,-0.017047584056854248,0.4917162358760834
402.19000244140625,0.3129618465900421,0.022663220763206482,-0.04188060760498047,3.0444202423095703,0.15518438816070557,-0.40427401661872864
805.8740234375,0.27733853459358215,-0.01830003410577774,0.08198690414428711,2.1168999671936035,-0.055159151554107666,0.6386493444442749
873.5419921875,0.5942304134368896,-0.009732771664857864,0.0040929317474365234,4.4990363121032715,-0.0613606721162796,0.00904520507901907
715.677978515625,0.504438042640686,-0.03613898158073425,0.03272424638271332,4.4879608154296875,-0.2537010908126831,0.31562021374702454
831.8900146484375,0.5419837832450867,0.048671573400497437,-0.052979469299316406,3.9515488147735596,0.23780512809753418,-0.3686548173427582
817.72998046875,0.2964664399623871,0.03013192117214203,-0.05358409881591797,2.9829301834106445,0.2208878993988037,-0.5032351016998291
675.9459838867188,0.37029755115509033,-0.02806750126183033,0.03728461265563965,3.732282876968384,-0.2175702005624771,0.32215580344200134
208.50999450683594,0.16388462483882904,-0.011610276997089386,0.05808711051940918,1.7931122779846191,-0.08846127986907959,0.6269462704658508
507.4100036621094,0.3636334538459778,0.022937685251235962,-0.04358053207397461,3.3628652095794678,0.1613391637802124,-0.43247923254966736
308.4100036621094,0.43971121311187744,-0.035218462347984314,0.029693603515625,4.267174243927002,-0.270144522190094,0.29257872700691223
231.91799926757812,0.530074417591095,0.033852629363536835,-0.028894662857055664,4.4082722663879395,0.21319982409477234,-0.2511341869831085
556.5139770507812,0.1939312219619751,-0.013297460973262787,0.04492461681365967,2.454533576965332,-0.11759364604949951,0.5581159591674805
686.2659912109375,0.5019866824150085,0.03886121138930321,-0.05943775177001953,3.464833974838257,0.1610337495803833,-0.41364553570747375
235.33799743652344,0.7204949855804443,0.0074318647384643555,0.00043773651123046875,4.752883434295654,0.0467534065246582,0.03456073999404907
983.7100219726562,0.6359125375747681,0.00621362030506134,-0.0011930465698242188,4.789043426513672,0.03747665882110596,-0.025613581761717796
620.0819702148438,0.5731250047683716,-0.03887967765331268,0.05440479516983032,4.164449214935303,-0.19783461093902588,0.42906543612480164
949.3820190429688,0.6531758308410645,-0.034005045890808105,0.02077484130859375,4.545278072357178,-0.17935848236083984,0.1456584930419922
215.32200622558594,0.335190087556839,-0.01424890011548996,0.02122783660888672,3.1836438179016113,-0.09237372875213623,0.19121213257312775
113.0780029296875,0.6258156895637512,0.04047316312789917,-0.05463123321533203,4.00203275680542,0.16916388273239136,-0.38201144337654114
908.4299926757812,0.502566397190094,0.030880212783813477,-0.024680137634277344,4.337897300720215,0.20757830142974854,-0.20697814226150513
159.20199584960938,0.5183902978897095,-0.053353384137153625,0.06090259552001953,3.9302256107330322,-0.2863391637802124,0.4786510169506073
364.8059997558594,0.42579054832458496,0.042401596903800964,-0.055693626403808594,3.563173294067383,0.26983141899108887,-0.4610670804977417
265.885986328125,0.5297117829322815,0.0018695592880249023,-0.00033104419708251953,4.7314934730529785,0.01788496971130371,0.00027028858312405646
593.1220092773438,0.18247535824775696,0.0026793405413627625,0.0030260086059570312,1.6879682540893555,0.02998286485671997,0.07359402626752853
785.1500244140625,0.43984949588775635,0.00244198739528656,-0.001468658447265625,3.1841259002685547,0.02028048038482666,0.0007701306603848934
902.3699951171875,0.326382577419281,0.032728955149650574,-0.06453418731689453,3.1729350090026855,0.21695923805236816,-0.5948197245597839
709.4660034179688,0.46165403723716736,-0.021832913160324097,0.016536593437194824,4.639763355255127,-0.18928289413452148,0.1688360869884491
790.4099731445312,0.2175981104373932,-0.011285588145256042,0.06109046936035156,1.886378288269043,-0.03823345899581909,0.5205340385437012
295.6419982910156,0.5107228755950928,0.0014020800590515137,0.0049285888671875,4.569967269897461,0.007885575294494629,0.04871675744652748
714.926025390625,0.8137442469596863,-0.05248501896858215,0.041879236698150635,4.622534275054932,-0.1938115358352661,0.26432323455810547
190.16600036621094,0.38502565026283264,-0.025320522487163544,0.031395912170410156,3.760702133178711,-0.19294971227645874,0.3111773431301117
240.593994140625,0.434599906206131,0.0006068646907806396,-0.0019812583923339844,3.9985837936401367,0.0005743503570556641,-0.040039416402578354
830.0180053710938,0.4576917588710785,0.02269452065229416,-0.014207839965820312,4.60335111618042,0.18743175268173218,-0.1597006469964981
336.6499938964844,0.4778250455856323,0.003078147768974304,-0.0004968643188476562,4.770675182342529,0.03103184700012207,0.0039437212981283665
791.72998046875,0.21504484117031097,-0.01306537352502346,0.05316638946533203,2.1667981147766113,-0.07492789626121521,0.5299339890480042
507.7179870605469,0.3037819266319275,0.02497154474258423,-0.040105342864990234,3.1549248695373535,0.2015848159790039,-0.3972000479698181
296.8299865722656,0.5278390049934387,0.0006921887397766113,0.006338357925415039,4.714573383331299,0.018293142318725586,0.11643081158399582
482.5379943847656,0.591895580291748,0.011004164814949036,-0.03154277801513672,3.828051805496216,0.04645290970802307,-0.23263224959373474
238.4499969482422,0.5250481963157654,0.0022759735584259033,-0.002500772476196289,4.690604209899902,0.01708984375,-0.04845331981778145
192.197998046875,0.4962698519229889,-0.01546218991279602,0.011955976486206055,4.28425931930542,-0.10218417644500732,0.11115497350692749
128.8419952392578,0.5079343318939209,0.050048377364873886,-0.07058143615722656,3.639890193939209,0.2393483817577362,-0.48065391182899475
978.6099853515625,0.31748464703559875,0.023469634354114532,-0.025124549865722656,4.000782012939453,0.24260306358337402,-0.32322365045547485
457.3580017089844,0.5645273327827454,-0.038506776094436646,0.04006481170654297,3.867238998413086,-0.18688929080963135,0.22983568906784058
669.5339965820312,0.39751893281936646,-0.03275372087955475,0.0430181622505188,3.9453506469726562,-0.2503005266189575,0.40353167057037354
282.3580017089844,0.3829074501991272,-0.035049065947532654,0.0484163761138916,3.823183536529541,-0.2764033079147339,0.46491867303848267
955.1820068359375,0.5607197880744934,-0.051543064415454865,0.0631113052368164,4.003971099853516,-0.24438107013702393,0.43259310722351074
705.7139892578125,0.492512047290802,0.004912018775939941,-0.0028400421142578125,4.713815689086914,0.02525806427001953,-0.030407676473259926
309.5580139160156,0.47631698846817017,-0.02882610261440277,0.01711416244506836,4.598723888397217,-0.23538053035736084,0.17377740144729614
871.8099975585938,0.5002928376197815,-0.02635941654443741,0.016080379486083984,4.453550815582275,-0.18563789129257202,0.14326024055480957
96.91400146484375,0.5370108485221863,0.014869976788759232,-0.008511543273925781,4.4980268478393555,0.0984463319182396,-0.05238611251115799
627.9140014648438,0.4102076292037964,0.014892073348164558,-0.0064258575439453125,4.107743263244629,0.13306862115859985,-0.05137040093541145
593.7139892578125,0.21143656969070435,-0.0032516419887542725,0.0245361328125,1.9041441679000854,-0.008717834949493408,0.21939246356487274
237.4219970703125,0.6406828165054321,-0.001308530569076538,0.0008571147918701172,4.734145641326904,-0.006874680519104004,-0.003124228212982416
848.8779907226562,0.5912399291992188,-0.0362766869366169,0.045821189880371094,4.337209701538086,-0.18574044108390808,0.3510415256023407
821.2100219726562,0.4881700873374939,0.032565176486968994,-0.025476932525634766,4.5338592529296875,0.25255417823791504,-0.17453491687774658
806.0020141601562,0.27559781074523926,-0.017354585230350494,0.08529210090637207,2.210221767425537,-0.06238532066345215,0.7145059108734131
635.27001953125,0.3223567605018616,-0.004668042063713074,0.011901617050170898,2.3132193088531494,-0.01794302463531494,0.08127529174089432
413.04998779296875,0.6018173098564148,0.014074981212615967,-0.01706838607788086,4.566598415374756,0.08969485759735107,-0.10078776627779007
106.95800018310547,0.40127500891685486,0.03760697320103645,-0.05248260498046875,3.859006643295288,0.27758121490478516,-0.5722619295120239
242.67799377441406,0.28308552503585815,8.877366781234741e-05,0.0005743503570556641,2.6915903091430664,-0.008784174919128418,-0.008985049091279507
894.8900146484375,0.6167316436767578,0.050749003887176514,-0.06803083419799805,4.140161514282227,0.22099554538726807,-0.5300281047821045
151.1060028076172,0.5973988771438599,-0.03821350634098053,0.04669189453125,4.065147399902344,-0.1640152931213379,0.30213525891304016
522.8499755859375,0.5697724223136902,0.034514203667640686,-0.056714534759521484,4.007187366485596,0.15938536822795868,-0.4264095425605774
284.5820007324219,0.433540940284729,-0.04172764718532562,0.040891051292419434,4.160508155822754,-0.3057241439819336,0.39516395330429077
245.36599731445312,0.29065364599227905,0.01110079139471054,-0.057959675788879395,1.9990845918655396,0.01984041929244995,-0.4119575023651123
597.0819702148438,0.46727609634399414,-0.02852332592010498,0.06368732452392578,3.520320415496826,-0.12384718656539917,0.5009636878967285
942.7659912109375,0.7224765419960022,0.02039548009634018,-0.021617889404296875,4.643705368041992,0.08954066038131714,-0.1419845074415207
367.8179931640625,0.3531912565231323,0.027018994092941284,-0.034920692443847656,4.201361656188965,0.2564748525619507,-0.4086185097694397
87.85399627685547,0.38018131256103516,0.030923455953598022,-0.041678428649902344,3.708085298538208,0.22262042760849,-0.39608410000801086
364.1780090332031,0.3145747184753418,0.030355244874954224,-0.046115875244140625,3.191192150115967,0.23949825763702393,-0.47493916749954224
768.4140014648438,0.6041682362556458,0.0037431418895721436,-0.0024271011352539062,4.695655345916748,0.024688124656677246,-0.011089025065302849
448.14599609375,0.5358461141586304,-0.03780853748321533,0.04020214080810547,3.9750924110412598,-0.20896458625793457,0.3025647699832916
118.82599639892578,0.5707541108131409,0.044694848358631134,-0.03797626495361328,4.3422770500183105,0.2494511604309082,-0.25743451714515686
197.24600219726562,0.28850477933883667,-0.017566993832588196,0.04037594795227051,2.692351818084717,-0.12062644958496094,0.3915293514728546
687.2020263671875,0.22935545444488525,0.01380697637796402,-0.03717613220214844,2.2630786895751953,0.10031884908676147,-0.3523533344268799
116.16200256347656,0.4927004277706146,0.02590179443359375,-0.015001296997070312,4.5619683265686035,0.19864428043365479,-0.1115303486585617
827.8779907226562,0.613412082195282,0.04548478126525879,-0.04420185089111328,4.464877605438232,0.2363278865814209,-0.30560359358787537
656.3660278320312,0.405385822057724,0.026906214654445648,-0.024787425994873047,4.229373455047607,0.22208213806152344,-0.24307453632354736
400.99798583984375,0.4443090260028839,0.012833780609071255,-0.028254985809326172,3.437535524368286,0.07535286247730255,-0.23960155248641968
803.3140258789062,0.26373398303985596,-0.024803578853607178,0.09606742858886719,2.0519750118255615,-0.0906858742237091,0.7353194355964661
116.78600311279297,0.4515073895454407,0.019248276948928833,-0.012160301208496094,4.517412185668945,0.16016507148742676,-0.11720241606235504
733.25,0.2787259817123413,0.03273481875658035,-0.06471574306488037,2.637364387512207,0.2279266119003296,-0.6386622190475464
393.5379943847656,0.4938008189201355,0.05155275762081146,-0.0677328109741211,3.6584203243255615,0.25797873735427856,-0.5041168928146362
761.6259765625,0.5223627090454102,0.0448075532913208,-0.0719137191772461,3.552994728088379,0.1756957769393921,-0.5151767134666443
338.3500061035156,0.4424520432949066,-0.022813379764556885,0.019178390502929688,4.789437770843506,-0.2219409942626953,0.2413121610879898
693.2059936523438,0.38705313205718994,0.035217054188251495,-0.032051656395196915,3.7424731254577637,0.27222931385040283,-0.2531045079231262
845.3699951171875,0.407524436712265,-0.026548370718955994,0.04801177978515625,3.8523874282836914,-0.16307225823402405,0.43035000562667847
853.7420043945312,0.5745342373847961,-0.04811917990446091,0.04108142852783203,4.219867706298828,-0.2609642446041107,0.31094518303871155
165.71400451660156,0.5638163089752197,-0.028487831354141235,0.04111480712890625,4.360795497894287,-0.16053295135498047,0.3839017450809479
372.93798828125,0.6033101677894592,0.030438125133514404,-0.021285057067871094,4.584866046905518,0.16763830184936523,-0.14037007093429565
777.3060302734375,0.33621644973754883,0.030813556164503098,-0.045439720153808594,3.5929360389709473,0.2645852565765381,-0.5211652517318726
897.6820068359375,0.48068010807037354,0.04941646754741669,-0.09554338455200195,3.3271257877349854,0.19513344764709473,-0.7536889314651489
883.7620239257812,0.7247785329818726,-0.035006068646907806,0.012780867516994476,4.649205207824707,-0.17158246040344238,0.01818029209971428
689.6259765625,0.244473397731781,0.009630163200199604,-0.06844425201416016,1.7029000520706177,0.021975718438625336,-0.45710864663124084
691.6300048828125,0.38572508096694946,0.023754537105560303,-0.06596744060516357,2.62496018409729,0.07711338996887207,-0.4588875472545624
533.85400390625,0.48373863101005554,0.037230394780635834,-0.06460869312286377,3.61429500579834,0.16758126020431519,-0.45184433460235596
902.8099975585938,0.47020214796066284,0.04149007797241211,-0.07137107849121094,3.504528045654297,0.1796935796737671,-0.4849039912223816
227.85000610351562,0.4126439392566681,0.042615827172994614,-0.044118404388427734,3.9777145385742188,0.32168248295783997,-0.3699157238006592
619.9459838867188,0.4299389123916626,-0.02683340013027191,0.0406726598739624,4.265982627868652,-0.21379399299621582,0.3838498890399933
91.05799865722656,0.46489134430885315,0.016641676425933838,-0.015081405639648438,4.3049211502075195,0.1252737045288086,-0.1705590784549713
611.1859741210938,0.44539380073547363,-0.03360441327095032,0.03745079040527344,4.299205780029297,-0.2526569366455078,0.3703138530254364
91.93399810791016,0.46033263206481934,0.020066455006599426,-0.016638755798339844,4.270432472229004,0.14805889129638672,-0.17638902366161346
236.7100067138672,0.4883246421813965,0.0042808204889297485,-0.002925872802734375,4.700965404510498,0.0326617956161499,-0.023569859564304352
897.4660034179688,0.42424196004867554,0.04343295097351074,-0.07214164733886719,3.4459147453308105,0.23927974700927734,-0.5954344868659973
185.67799377441406,0.23232758045196533,-0.008051611483097076,0.016221046447753906,2.224005937576294,-0.056700289249420166,0.14072974026203156
515.0180053710938,0.4654419720172882,0.003191351890563965,-0.007334232330322266,4.491024494171143,0.021082639694213867,-0.06507125496864319
514.6859741210938,0.2838093936443329,0.0009627491235733032,-0.003310680389404297,4.438476085662842,0.0008988380432128906,-0.022754443809390068
230.25399780273438,0.4079248309135437,0.039110779762268066,-0.044057369232177734,4.082753658294678,0.31022655963897705,-0.40849539637565613
129.6060028076172,0.4860285818576813,0.04545485973358154,-0.05694007873535156,3.8173651695251465,0.24873721599578857,-0.429288774728775
827.510009765625,0.4429056942462921,0.02441123127937317,-0.03146076202392578,4.58870792388916,0.21726202964782715,-0.32901787757873535
836.677978515625,0.23773279786109924,0.01282472163438797,-0.00592803955078125,4.574511528015137,0.23475384712219238,-0.09706200659275055
73.19000244140625,0.46390029788017273,0.0011092275381088257,-0.001240074634552002,4.447890758514404,0.004354000091552734,-0.014516561292111874
135.26199340820312,0.49525773525238037,0.0016320645809173584,0.0015392303466796875,4.745002746582031,0.020708322525024414,-0.01840216852724552
457.8059997558594,0.3926052451133728,-0.025553356856107712,0.02517414093017578,3.949528455734253,-0.20843887329101562,0.2019548863172531
124.62200164794922,0.48792821168899536,0.004853740334510803,-0.013895988464355469,4.680346965789795,0.030927419662475586,-0.15736369788646698
798.9860229492188,0.46047306060791016,-0.019534185528755188,0.023164749145507812,4.554862022399902,-0.16803038120269775,0.25856664776802063
624.6019897460938,0.4530980587005615,-0.01832801103591919,0.011568069458007812,4.5364484786987305,-0.14867913722991943,0.11625833809375763
662.6019897460938,0.7104771137237549,0.03947761654853821,-0.025002717971801758,4.47920036315918,0.18563103675842285,-0.13891981542110443
545.1220092773438,0.18050715327262878,-0.009319029748439789,0.05042695999145508,1.7189040184020996,-0.05126768350601196,0.47176140546798706
382.93798828125,0.6023061871528625,-0.001570194959640503,-0.0021772384643554688,4.71759557723999,-0.021860241889953613,-0.04541266709566116
319.5660095214844,0.45251986384391785,-0.012603312730789185,0.008728504180908203,4.697647571563721,-0.11114859580993652,0.09792793542146683
754.97802734375,0.44618821144104004,0.02378535270690918,-0.016349315643310547,4.634188175201416,0.21352934837341309,-0.18396303057670593
289.5459899902344,0.5566324591636658,-0.018777713179588318,0.02737724781036377,4.61583948135376,-0.12985777854919434,0.2379872351884842
387.6579895019531,0.582145631313324,-0.00642731785774231,0.0026445388793945312,4.547905921936035,-0.04234439134597778,0.007696270942687988
305.0459899902344,0.5932880640029907,-0.03082984685897827,0.019474267959594727,4.648257255554199,-0.186204195022583,0.164249449968338
87.30999755859375,0.39358946681022644,0.0327550508081913,-0.05044078826904297,3.451094388961792,0.1994341015815735,-0.47149914503097534
726.614013671875,0.4600266218185425,-0.021573811769485474,0.012779474258422852,4.592337608337402,-0.1809241771697998,0.1185113936662674
627.114013671875,0.4365915358066559,0.021517984569072723,-0.02078843116760254,4.3472514152526855,0.1745569109916687,-0.2065921425819397
99.34600067138672,0.48331475257873535,0.006414424628019333,0.0019826889038085938,4.644718170166016,0.05144846439361572,0.040724556893110275
319.9859924316406,0.5094388723373413,-0.010602250695228577,0.009396553039550781,4.70615816116333,-0.06944537162780762,0.09495549649000168
838.322021484375,0.5963030457496643,0.024040162563323975,-0.02932262420654297,4.621685981750488,0.14390015602111816,-0.2412216067314148
147.8939971923828,0.22945450246334076,-0.017826907336711884,0.07072067260742188,2.2058820724487305,-0.10323101282119751,0.6054270267486572
69.04199981689453,0.3196942210197449,0.009997591376304626,-0.013084590435028076,3.2287933826446533,0.08003926277160645,-0.0863165408372879
132.95799255371094,0.638217568397522,0.023775309324264526,-0.0070247650146484375,4.696422576904297,0.13861608505249023,-0.04199235886335373
200.54600524902344,0.2823721170425415,-0.022734597325325012,0.07822424173355103,2.1893086433410645,-0.09289288520812988,0.6476003527641296
377.8179931640625,0.42079880833625793,-0.038120195269584656,0.037825584411621094,4.053791046142578,-0.29824650287628174,0.3403651714324951
415.3500061035156,0.4039084315299988,0.04218541085720062,-0.04932880401611328,3.8966732025146484,0.30945467948913574,-0.4449584484100342
859.9099731445312,0.45154547691345215,-0.0021958649158477783,0.0009713172912597656,4.717910289764404,-0.014499664306640625,0.03076479211449623
358.84600830078125,0.21856017410755157,-0.001245051622390747,-0.00012493133544921875,2.06955623626709,-0.02076500654220581,-0.029281742870807648
946.4420166015625,0.37498295307159424,-0.036162324249744415,0.03847026824951172,4.081645488739014,-0.32564759254455566,0.4335803985595703
802.0980224609375,0.2808747887611389,-0.03423977643251419,0.07516193389892578,2.4989724159240723,-0.19851362705230713,0.6709074974060059
696.302001953125,0.4711989164352417,0.006343454122543335,-0.0038077235221862793,4.722104072570801,0.05475807189941406,-0.0728192925453186
621.7139892578125,0.3013806939125061,-0.029558919370174408,0.03014075756072998,3.9696338176727295,-0.3249763250350952,0.39720678329467773
151.78599548339844,0.5026425123214722,-0.029444620013237,0.02947998046875,4.349196910858154,-0.19063901901245117,0.2599674165248871
870.8099975585938,0.512976884841919,-0.036254093050956726,0.03860354423522949,4.175173282623291,-0.21430885791778564,0.3084338307380676
606.52197265625,0.32964155077934265,-0.025189459323883057,0.02369546890258789,4.581938743591309,-0.3064674139022827,0.33485522866249084
114.41799926757812,0.5405470132827759,0.04380536079406738,-0.039646148681640625,4.097588539123535,0.2447829246520996,-0.3382628560066223
346.3139953613281,0.49672970175743103,-0.04114276170730591,0.05157279968261719,3.9426472187042236,-0.22716355323791504,0.3913938105106354
529.6820068359375,0.33090513944625854,0.03790551424026489,-0.05808800458908081,3.32607364654541,0.28232884407043457,-0.6132466197013855
360.8900146484375,0.25968480110168457,0.005773425102233887,-0.028554916381835938,2.4298856258392334,0.02489638328552246,-0.2983073890209198
468.5539855957031,0.5893310904502869,-0.021964482963085175,0.016104698181152344,4.620288848876953,-0.12773042917251587,0.11347994208335876
461.2019958496094,0.6754971742630005,-0.008625030517578125,0.008568763732910156,4.581233501434326,-0.041738152503967285,0.04474593698978424
445.1419982910156,0.45202887058258057,-0.030482560396194458,0.02572917938232422,4.193700790405273,-0.22670727968215942,0.27569231390953064
111.29399871826172,0.35481682419776917,0.0323752760887146,-0.06068229675292969,3.2220041751861572,0.19913482666015625,-0.5509424209594727
612.7059936523438,0.37540048360824585,-0.040002238005399704,0.05322122573852539,3.6422855854034424,-0.2956177294254303,0.5054576992988586
572.4140014648438,0.5572019815444946,0.04764664173126221,-0.06109285354614258,4.102232933044434,0.23114585876464844,-0.439055472612381
510.5379943847656,0.5482982397079468,0.03526471555233002,-0.02982616424560547,4.0580010414123535,0.19531261920928955,-0.2568410634994507
829.1539916992188,0.48376739025115967,0.03078746795654297,-0.027695178985595703,4.462087631225586,0.23255014419555664,-0.28040459752082825
403.3739929199219,0.45751821994781494,0.03256236016750336,-0.041530609130859375,3.490539073944092,0.17036032676696777,-0.3614555895328522
203.91000366210938,0.18642891943454742,-0.010494515299797058,0.05822300910949707,1.8841636180877686,-0.05142390727996826,0.6186153888702393
205.17799377441406,0.21636170148849487,-0.01463446393609047,0.06757080554962158,2.088737964630127,-0.08397161960601807,0.6780906915664673
426.9620056152344,0.3404851257801056,-0.03669865429401398,0.05726909637451172,3.2074203491210938,-0.23532795906066895,0.4960901439189911
493.7820129394531,0.38458025455474854,0.010423198342323303,-0.0036325454711914062,4.780425071716309,0.12125849723815918,-0.07857900857925415
467.3699951171875,0.6177892684936523,-0.03753593564033508,0.034193992614746094,4.334688663482666,-0.18133795261383057,0.2135009914636612
505.6820068359375,0.5513398051261902,0.01837301254272461,-0.015079498291015625,4.133951663970947,0.10634434223175049,-0.11951366066932678
145.54200744628906,0.6374011635780334,-0.009982436895370483,0.0061798095703125,4.685910701751709,-0.06129157543182373,0.012302798219025135
995.3619995117188,0.43312492966651917,0.03957311809062958,-0.037728309631347656,4.048386573791504,0.2924973964691162,-0.33072471618652344
466.74200439453125,0.4055778980255127,-0.033606499433517456,0.02690601348876953,4.095381736755371,-0.2774444818496704,0.25506171584129333
157.9219970703125,0.5929874181747437,-0.04238273203372955,0.04450225830078125,4.351210117340088,-0.23310774564743042,0.3643716275691986
233.20599365234375,0.6696585416793823,0.028652220964431763,-0.016803264617919922,4.637459754943848,0.15391552448272705,-0.15830539166927338
935.0980224609375,0.31649795174598694,-0.01509866863489151,0.042382240295410156,2.6110551357269287,-0.08165773749351501,0.41991785168647766
246.1739959716797,0.3048897087574005,0.014382423833012581,-0.05769646167755127,2.2870352268218994,0.05060437321662903,-0.42517393827438354
177.8820037841797,0.17113548517227173,-0.007690791040658951,0.04331827163696289,1.654481053352356,-0.035934627056121826,0.43044331669807434
527.718017578125,0.3129400312900543,0.03333648294210434,-0.06042337417602539,3.0465290546417236,0.23730361461639404,-0.5722628831863403
407.5220031738281,0.5112371444702148,0.01618470624089241,-0.0070667266845703125,4.584400177001953,0.12719771265983582,-0.10820607095956802
675.43798828125,0.5494744777679443,-0.045413948595523834,0.059519290924072266,3.518918991088867,-0.1762758493423462,0.3778393566608429
954.010009765625,0.4602715075016022,-0.0013138651847839355,9.822845458984375e-05,4.780391216278076,-0.02133631706237793,0.033588338643312454
200.98599243164062,0.1451042890548706,-0.012675736099481583,0.04555058479309082,1.915998935699463,-0.1297696828842163,0.6127309799194336
762.0900268554688,0.5242643356323242,0.04446692764759064,-0.0633707046508789,3.659724712371826,0.18529951572418213,-0.4080737233161926
393.08599853515625,0.47968119382858276,0.04815087467432022,-0.07538414001464844,3.6096699237823486,0.23696768283843994,-0.5073426365852356
461.0539855957031,0.4733501672744751,-0.006043516099452972,0.006439208984375,4.551770210266113,-0.052248477935791016,0.09597954899072647
950.3660278320312,0.4760264754295349,-0.016873419284820557,0.012017250061035156,4.756189823150635,-0.139359712600708,0.1485508382320404
391.8699951171875,0.5267844796180725,0.03413020074367523,-0.041159629821777344,3.912631034851074,0.17127573490142822,-0.3459535837173462
87.19400024414062,0.44702601432800293,0.03590894117951393,-0.06219053268432617,3.345893144607544,0.17033854126930237,-0.42608848214149475
331.79400634765625,0.4454740881919861,-0.019604220986366272,0.015703201293945312,4.6431779861450195,-0.16581320762634277,0.1569240242242813
340.8179931640625,0.6342117786407471,-0.03422390669584274,0.025916099548339844,4.505359649658203,-0.1967213898897171,0.23731152713298798
408.60198974609375,0.6933621764183044,0.018331993371248245,-0.0137176513671875,4.58576774597168,0.1032479852437973,-0.10614626109600067
412.6059875488281,0.6794685125350952,0.007753893733024597,-0.003910064697265625,4.72806978225708,0.05102252960205078,-0.0782080590724945
139.1820068359375,0.14643295109272003,0.015431296080350876,-0.02928924560546875,2.848637104034424,0.2562527656555176,-0.5597488880157471
574.14599609375,0.40811216831207275,0.03781570866703987,-0.034746408462524414,4.261253356933594,0.3269176483154297,-0.363739013671875
373.9859924316406,0.5101090669631958,0.015332475304603577,-0.0052661895751953125,4.394082069396973,0.10484540462493896,-0.017285184934735298
319.2179870605469,0.6161680817604065,-0.016952216625213623,0.018651485443115234,4.681499004364014,-0.10060489177703857,0.14124421775341034
65.25,0.15980128943920135,0.0011118537513539195,-0.0031853755936026573,1.353087306022644,0.013149727135896683,-0.016395067796111107
107.34200286865234,0.3569847345352173,0.04489414393901825,-0.06261157989501953,3.5233864784240723,0.33653974533081055,-0.6106306910514832
654.302001953125,0.37104958295822144,0.037189826369285583,-0.046174049377441406,3.9000144004821777,0.3092728853225708,-0.4761580228805542
901.030029296875,0.39506587386131287,0.0424712598323822,-0.10076236724853516,2.887197256088257,0.15906159579753876,-0.7563035488128662
763.3460083007812,0.401690810918808,0.02614009380340576,-0.02639484405517578,4.204222679138184,0.22766393423080444,-0.2372129112482071
290.24200439453125,0.406934916973114,-0.03511226177215576,0.043518781661987305,4.232250213623047,-0.2923818826675415,0.47940924763679504
884.281982421875,0.45251405239105225,0.006724372506141663,-0.021228313446044922,4.493600845336914,0.04336810111999512,-0.20614856481552124
677.3660278320312,0.3893197774887085,-0.03345733880996704,0.03922152519226074,3.910641670227051,-0.2752187252044678,0.39849087595939636
328.98199462890625,0.5225449800491333,-0.01851658523082733,0.010541915893554688,4.6910223960876465,-0.13358330726623535,0.07580074667930603
450.93798828125,0.5544044971466064,-0.016876935958862305,0.008447647094726562,4.474184989929199,-0.11571204662322998,0.08549202978610992
161.7779998779297,0.5586687326431274,-0.02544759213924408,0.015283584594726562,4.503647804260254,-0.1683276891708374,0.16880187392234802
581.2899780273438,0.45747122168540955,0.0409265011548996,-0.04056835174560547,4.225987911224365,0.3011043071746826,-0.3809337913990021
899.281982421875,0.2441728115081787,0.023229874670505524,-0.06529521942138672,2.600604772567749,0.1588881015777588,-0.7191427946090698
886.47802734375,0.5899145007133484,0.02335187792778015,-0.02594614028930664,4.453547477722168,0.12488806247711182,-0.2195078581571579
869.9099731445312,0.3508772850036621,-0.02992171049118042,0.03542947769165039,3.683915615081787,-0.25364935398101807,0.3652648329734802
346.5780029296875,0.49894416332244873,-0.04205024242401123,0.04285621643066406,4.195983409881592,-0.2638108730316162,0.40462180972099304
488.3500061035156,0.475460022687912,0.02004501223564148,-0.01752948760986328,4.424938678741455,0.1440260410308838,-0.1615048348903656
348.0820007324219,0.47207263112068176,-0.03457651659846306,0.03808879852294922,4.402730464935303,-0.2444457709789276,0.3455110490322113
744.8419799804688,0.4085879325866699,0.03357154130935669,-0.06008005142211914,3.146150588989258,0.16029107570648193,-0.49624103307724
628.0460205078125,0.5481261610984802,0.016537319868803024,-0.00263059139251709,4.179020881652832,0.10077996551990509,0.018957823514938354
411.0459899902344,0.3277434706687927,0.007700562477111816,0.0023479461669921875,4.561577796936035,0.09679591655731201,-0.000826593313831836
613.6820068359375,0.30024051666259766,-0.04279609024524689,0.07361078262329102,2.9663054943084717,-0.3133636713027954,0.7888221144676208
105.58999633789062,0.3042348027229309,0.03152383863925934,-0.058380126953125,2.9748172760009766,0.20668673515319824,-0.5754715800285339
394.906005859375,0.5590648651123047,0.04517295956611633,-0.04644012451171875,4.092979431152344,0.24185705184936523,-0.3165266513824463
280.1300048828125,0.3585522472858429,-0.02308695763349533,0.03683745861053467,3.4804885387420654,-0.16198617219924927,0.3141345977783203
958.030029296875,0.6489697694778442,-0.03279358148574829,0.023745059967041016,4.4326677322387695,-0.14994192123413086,0.13262253999710083
783.8099975585938,0.5444416403770447,0.006874412298202515,-0.006610870361328125,3.8526365756988525,0.04456663131713867,-0.04807406663894653
203.56199645996094,0.19988343119621277,-0.009808346629142761,0.06293058395385742,1.8053350448608398,-0.03490769863128662,0.5687204003334045
258.91400146484375,0.49843740463256836,0.021750658750534058,-0.027753710746765137,4.048079490661621,0.1210939884185791,-0.19126540422439575
430.2820129394531,0.48555779457092285,-0.02607889473438263,0.015245914459228516,3.789879322052002,-0.15375816822052002,0.11166660487651825
421.8420104980469,0.468290776014328,0.012835398316383362,-0.007979154586791992,4.706300735473633,0.11199891567230225,-0.10533130913972855
383.98199462890625,0.5052259564399719,0.004755854606628418,-0.005690574645996094,4.514256954193115,0.028052151203155518,-0.08617294579744339
292.57000732421875,0.47453343868255615,-0.007856026291847229,0.00742340087890625,4.585860252380371,-0.0635756254196167,6.913027027621865e-05
734.5700073242188,0.2658259868621826,0.023734599351882935,-0.05599391460418701,2.6785354614257812,0.16298991441726685,-0.5230858325958252
335.4460144042969,0.48233380913734436,0.005175560712814331,-0.0007114410400390625,4.831016540527344,0.03806567192077637,-0.03404550999403
834.9420166015625,0.5836870670318604,0.050188954919576645,-0.042183876037597656,4.413852214813232,0.28511062264442444,-0.3834472596645355
281.3179931640625,0.40011173486709595,-0.031829506158828735,0.04651147127151489,3.7101192474365234,-0.21082794666290283,0.40471509099006653
454.6619873046875,0.4620548188686371,-0.03355816751718521,0.06766986846923828,3.1080188751220703,-0.11912308633327484,0.4442509114742279
697.9539794921875,0.5090134143829346,0.0019866228103637695,-0.00252377986907959,4.709874629974365,0.012842178344726562,-0.012214704416692257
847.2940063476562,0.3445779085159302,-0.032797589898109436,0.04025745391845703,3.7272942066192627,-0.2932225465774536,0.4327331781387329
444.3500061035156,0.4139605462551117,-0.031944453716278076,0.03456687927246094,4.17239236831665,-0.251822829246521,0.33180588483810425
107.55400085449219,0.3308301866054535,0.04200974106788635,-0.06319618225097656,3.242373466491699,0.32005345821380615,-0.5796814560890198
233.76199340820312,0.5093655586242676,0.017563536763191223,-0.005744457244873047,4.715996742248535,0.14592623710632324,-0.017592603340744972
567.4019775390625,0.4274446368217468,0.02734375,-0.026966452598571777,4.265164375305176,0.22306537628173828,-0.27352452278137207
720.6019897460938,0.40936529636383057,-0.012899309396743774,0.010201752185821533,4.6453094482421875,-0.1254739761352539,0.14239922165870667
786.8099975585938,0.3206193149089813,-0.01032249629497528,0.030243873596191406,2.4372518062591553,-0.034236013889312744,0.25394752621650696
869.8140258789062,0.4871058166027069,-0.03933030366897583,0.05115532875061035,3.6318676471710205,-0.19783902168273926,0.3573046028614044
681.5180053710938,0.4507474899291992,0.01032603345811367,-0.01926708221435547,4.5166497230529785,0.08091723918914795,-0.21611720323562622
682.7459716796875,0.4443257749080658,0.02336832880973816,-0.020731449127197266,4.445494651794434,0.19055163860321045,-0.19306723773479462
72.3499984741211,0.5119491815567017,0.008169054985046387,0.0030089616775512695,4.279112815856934,0.054581403732299805,-0.001754707540385425
80.197998046875,0.586919903755188,0.020340561866760254,-0.02457451820373535,4.144455909729004,0.10722827911376953,-0.21399736404418945
380.406005859375,0.6008275151252747,-0.05704580992460251,0.04980945587158203,4.093454360961914,-0.26035094261169434,0.3302101492881775
231.25799560546875,0.43229910731315613,0.0346844345331192,-0.030004501342773438,4.150506973266602,0.26079991459846497,-0.28502342104911804
203.4499969482422,0.18665361404418945,-0.0089082270860672,0.05619323253631592,1.756084680557251,-0.032713234424591064,0.550304651260376
139.9219970703125,0.4691395163536072,0.039111971855163574,-0.06407356262207031,3.504037857055664,0.18601280450820923,-0.44403237104415894
396.6260070800781,0.42094963788986206,0.020429708063602448,-0.005002021789550781,4.584451675415039,0.18979179859161377,-0.013510218821465969
743.02197265625,0.23510365188121796,0.02118031121790409,-0.0612490177154541,2.259573221206665,0.13526418805122375,-0.5729497075080872
710.4660034179688,0.4401980936527252,-0.028334543108940125,0.022199392318725586,4.575704574584961,-0.24732699990272522,0.2712656259536743
640.7100219726562,0.28998950123786926,-0.026001274585723877,0.023383617401123047,3.837392807006836,-0.28671538829803467,0.30492088198661804
599.3699951171875,0.2502893805503845,-0.024662768468260765,0.059916019439697266,2.6430258750915527,-0.1777065396308899,0.5888208150863647
838.1939697265625,0.5071930885314941,0.01900501549243927,-0.019814491271972656,4.696266174316406,0.15454339981079102,-0.1876576542854309
261.6180114746094,0.2875955104827881,0.004829779267311096,-0.0009098649024963379,4.500055313110352,0.06008195877075195,-0.02900843694806099
882.197998046875,0.5622808933258057,-0.041607677936553955,0.049827754497528076,3.9510982036590576,-0.18454515933990479,0.31347209215164185
459.56201171875,0.467242568731308,-0.013456165790557861,0.009446144104003906,4.508681774139404,-0.1091763973236084,0.12925554811954498
885.0540161132812,0.4643017649650574,0.02364104986190796,-0.020288050174713135,4.467775344848633,0.18746495246887207,-0.23648884892463684
324.4779968261719,0.4741635322570801,-0.02969910204410553,0.02314615249633789,4.592710018157959,-0.23294174671173096,0.22833363711833954
392.2900085449219,0.40236568450927734,0.030064769089221954,-0.04729270935058594,3.834609270095825,0.21507775783538818,-0.524109959602356
536.5700073242188,0.3724845051765442,0.03905319795012474,-0.06168842315673828,3.7119393348693848,0.28711774945259094,-0.637363076210022
307.8739929199219,0.5375547409057617,-0.04808191582560539,0.04391002655029297,4.256077289581299,-0.2701003849506378,0.34183692932128906
584.7379760742188,0.2697926163673401,0.025210216641426086,-0.022982120513916016,4.193295955657959,0.34431886672973633,-0.3648635447025299
188.7779998779297,0.2861826717853546,-0.016471676528453827,0.03952193260192871,2.786109447479248,-0.10974901914596558,0.33439570665359497
259.6059875488281,0.45098090171813965,0.017059266567230225,-0.016549289226531982,4.197924613952637,0.1202707290649414,-0.14989133179187775
790.6420288085938,0.1892959475517273,-0.010904941707849503,0.05460357666015625,1.8988239765167236,-0.06386643648147583,0.5389828681945801
262.75,0.4862147867679596,0.004103228449821472,-0.0003191828727722168,4.4987287521362305,0.03652477264404297,-0.030254453420639038
146.41000366210938,0.4205629825592041,-0.016560539603233337,0.02690887451171875,3.9101669788360596,-0.12281858921051025,0.2930465340614319
887.7459716796875,0.6124415397644043,0.018445700407028198,-0.01903313398361206,4.498885154724121,0.09368276596069336,-0.13687764108181
333.4259948730469,0.4933291971683502,-0.011981368064880371,0.007952690124511719,4.755728721618652,-0.09629487991333008,0.060558002442121506
226.4219970703125,0.6310551166534424,0.019369900226593018,-0.037453651428222656,4.435437202453613,0.09993088245391846,-0.2908138930797577
826.97802734375,0.4563923478126526,0.0032957792282104492,-0.009818077087402344,4.75079345703125,0.026891708374023438,-0.08505399525165558
564.989990234375,0.40799614787101746,0.03892647475004196,-0.0978255569934845,2.8876209259033203,0.15005415678024292,-0.6476300358772278
596.385986328125,0.3567928373813629,-0.021659770980477333,0.03298759460449219,3.4801673889160156,-0.16035029292106628,0.30618345737457275
489.7699890136719,0.5385602116584778,0.038065940141677856,-0.037146568298339844,4.311827182769775,0.2251286506652832,-0.30722418427467346
678.8779907226562,0.4894675612449646,-0.0458245724439621,0.0497126579284668,4.137878894805908,-0.283366322517395,0.40018385648727417
456.84600830078125,0.26083043217658997,-0.023697957396507263,0.027762413024902344,3.6374478340148926,-0.28008437156677246,0.36245182156562805
406.95001220703125,0.45443615317344666,0.015058942139148712,-0.010625839233398438,4.534611225128174,0.12892615795135498,-0.09650660306215286
775.5460205078125,0.45763152837753296,0.01350298523902893,-0.0038976669311523438,4.608208179473877,0.12185335159301758,-0.07995148748159409
266.27398681640625,0.6883983016014099,0.004271775484085083,-9.322166442871094e-05,4.662605285644531,0.039247751235961914,-0.019843272864818573
325.01800537109375,0.4782440662384033,-0.02798769623041153,0.01863861083984375,4.608458995819092,-0.2241765260696411,0.19793662428855896
100.52200317382812,0.6222764849662781,0.030905738472938538,-0.027784347534179688,4.552892684936523,0.17726194858551025,-0.219058096408844
230.82200622558594,0.4741717576980591,0.042263858020305634,-0.039786577224731445,4.121483325958252,0.2790747284889221,-0.38271385431289673
203.70599365234375,0.26126283407211304,-0.011845514178276062,0.07973635196685791,1.8324263095855713,-0.01707667112350464,0.5518377423286438
890.9500122070312,0.35221245884895325,0.03306350111961365,-0.04751753807067871,3.6970691680908203,0.25597190856933594,-0.4700668156147003
696.9860229492188,0.4965760111808777,0.0012994557619094849,0.005435049533843994,4.758755683898926,0.014729499816894531,0.046892475336790085
216.45799255371094,0.30269166827201843,-0.0044259727001190186,0.0011048316955566406,2.58650803565979,-0.029051244258880615,0.015660040080547333
474.6940002441406,0.3871421813964844,0.0374915674328804,-0.05049705505371094,3.4605629444122314,0.24727535247802734,-0.5232855081558228
101.01399993896484,0.7138544321060181,0.03994251787662506,-0.0361628532409668,4.456148147583008,0.17122220993041992,-0.19028766453266144
167.91799926757812,0.4432098865509033,-0.03664569556713104,0.026906967163085938,4.464282035827637,-0.3146272301673889,0.26230230927467346
717.8820190429688,0.6117054224014282,-0.03753827512264252,0.03849285840988159,4.4997100830078125,-0.20622754096984863,0.25400426983833313
183.95799255371094,0.23916614055633545,-0.013054846785962582,0.029880523681640625,2.505793333053589,-0.09801506996154785,0.3118577003479004
460.2460021972656,0.45460212230682373,-0.009109675884246826,0.009909629821777344,4.535566806793213,-0.07219785451889038,0.10187365114688873
555.4019775390625,0.17943397164344788,-0.013001486659049988,0.05750584602355957,1.8836216926574707,-0.08883529901504517,0.5796695351600647
611.0819702148438,0.5461099147796631,-0.040207237005233765,0.03855466842651367,4.277441024780273,-0.2372128963470459,0.3498225212097168
424.0299987792969,0.6731025576591492,0.005226433277130127,-0.001300811767578125,4.692930221557617,0.03544902801513672,0.023002291098237038
601.97802734375,0.534182608127594,-0.04755302518606186,0.04859304428100586,4.07792854309082,-0.25551241636276245,0.3574572503566742
237.28599548339844,0.4680953919887543,-0.000461578369140625,0.003012418746948242,4.688469886779785,-0.000698089599609375,0.008588163182139397
691.2739868164062,0.31708770990371704,0.018098101019859314,-0.06209301948547363,2.4480013847351074,0.07164371013641357,-0.4840799868106842
289.0820007324219,0.5407362580299377,-0.022079363465309143,0.011641979217529297,4.671498775482178,-0.15424704551696777,0.0945829302072525
824.8099975585938,0.5811748504638672,0.0028243064880371094,-0.0017056465148925781,4.700901031494141,0.021874189376831055,0.03813738003373146
346.8139953613281,0.5489897727966309,-0.04415921866893768,0.043621063232421875,4.143815994262695,-0.23390257358551025,0.3348850905895233
356.95001220703125,0.3443954586982727,-0.0014225244522094727,0.0032367706298828125,3.411283016204834,-0.009810924530029297,0.023773061111569405
326.2099914550781,0.4813418388366699,-0.02919035777449608,0.020792484283447266,4.624564170837402,-0.22445495426654816,0.17805127799510956
67.69400024414062,0.31470513343811035,0.012633897364139557,-0.022720426321029663,3.0598318576812744,0.08468765020370483,-0.23201324045658112
550.9140014648438,0.22058266401290894,-0.01646082103252411,0.07322025299072266,1.8176214694976807,-0.07291620969772339,0.6056391000747681
73.34200286865234,0.6760913133621216,0.0016833245754241943,-0.0006315112113952637,4.454194068908691,0.008440732955932617,0.0012822343269363046
672.6420288085938,0.40402698516845703,-0.02642599493265152,0.025507092475891113,4.03943395614624,-0.2191694974899292,0.26970162987709045
862.4219970703125,0.37017494440078735,-0.03400491550564766,0.028554916381835938,4.212604999542236,-0.31917956471443176,0.31145554780960083
314.3739929199219,0.4610743522644043,-0.023376666009426117,0.0185089111328125,4.627160549163818,-0.20329445600509644,0.18548639118671417
856.5460205078125,0.5243399739265442,-0.016201257705688477,0.010408878326416016,4.706401824951172,-0.12424421310424805,0.08362182974815369
119.96600341796875,0.830154538154602,0.03994932770729065,-0.02950286865234375,4.508011341094971,0.14146554470062256,-0.134215846657753
627.5700073242188,0.5159112215042114,0.024115141481161118,-0.02313971519470215,4.136183261871338,0.14735302329063416,-0.2190302312374115
136.88600158691406,0.4349936842918396,0.013346105813980103,-0.03505134582519531,4.2784528732299805,0.09747898578643799,-0.4318137466907501
122.18599700927734,0.46715664863586426,0.006753966212272644,-0.0037317276000976562,4.6567182540893555,0.06495451927185059,-0.007879394106566906
676.64599609375,0.35470372438430786,-0.028697475790977478,0.03034067153930664,3.85363507270813,-0.2560874819755554,0.41094809770584106
421.30999755859375,0.4607037603855133,0.02003052830696106,-0.015119314193725586,4.613224983215332,0.15697109699249268,-0.15870524942874908
505.8900146484375,0.39525818824768066,0.01256592571735382,-0.005768299102783203,4.092397689819336,0.11178982257843018,-0.0684504359960556
941.8460083007812,0.4823856055736542,0.004873618483543396,-0.012104988098144531,4.63294792175293,0.04332426190376282,-0.10781780630350113
183.86199951171875,0.2584851086139679,-0.014074403792619705,0.03366708755493164,2.4768335819244385,-0.08593319356441498,0.31836602091789246
1000.97802734375,0.4295155107975006,0.0006149858236312866,-0.0014095306396484375,3.266925096511841,0.005229949951171875,-0.020629407837986946
730.1099853515625,0.5875145792961121,0.001134634017944336,-0.0039520263671875,4.759788513183594,0.011904716491699219,-0.025709832087159157
108.7300033569336,0.46314918994903564,0.038540005683898926,-0.08250045776367188,3.082951784133911,0.1374989151954651,-0.4871256351470947
130.6300048828125,0.45317748188972473,0.03571304678916931,-0.032558441162109375,4.23768949508667,0.26756370067596436,-0.26659682393074036
612.5059814453125,0.36584192514419556,-0.04028446227312088,0.05218076705932617,3.5640692710876465,-0.2994178235530853,0.49821218848228455
874.8499755859375,0.4167202115058899,-0.0050287554040551186,0.0021126270294189453,4.015974998474121,-0.03953465819358826,0.020013736560940742
311.0820007324219,0.3270772099494934,-0.01696053147315979,0.015741348266601562,4.517801761627197,-0.20410585403442383,0.22260649502277374
714.75,0.4950357675552368,-0.03745564818382263,0.025878995656967163,4.607081413269043,-0.2801598310470581,0.24292559921741486
925.9099731445312,0.38001570105552673,-0.03797932714223862,0.04721546173095703,3.8460192680358887,-0.2948196828365326,0.5035432577133179
994.5419921875,0.35638460516929626,0.036479949951171875,-0.04489707946777344,3.727872133255005,0.2948644161224365,-0.4585254192352295
585.1220092773438,0.4450654983520508,0.03624509274959564,-0.03819561004638672,4.1171979904174805,0.2544403076171875,-0.3650117516517639
153.85800170898438,0.42045754194259644,-0.04055464267730713,0.046276092529296875,3.75242280960083,-0.2630574107170105,0.38597944378852844
285.58599853515625,0.44403356313705444,-0.03822556138038635,0.039906978607177734,4.277099609375,-0.3024712800979614,0.41506585478782654
880.35400390625,0.2394886165857315,-0.018711987882852554,0.046527743339538574,2.621152639389038,-0.1427435278892517,0.4822700619697571
91.82599639892578,0.47844815254211426,0.0205552875995636,-0.017765045166015625,4.257664680480957,0.14971601963043213,-0.16395603120326996
77.38999938964844,0.4309089481830597,0.037074364721775055,-0.04113566875457764,3.9791224002838135,0.2650667130947113,-0.3637066185474396
865.8779907226562,0.6352531313896179,-0.007987231016159058,0.008646011352539062,4.563279628753662,-0.043831825256347656,0.04268588870763779
955.3779907226562,0.38007670640945435,-0.03885545954108238,0.03668355941772461,3.950216293334961,-0.3362281918525696,0.37276631593704224
193.87399291992188,0.6426453590393066,-0.014430999755859375,0.00590205192565918,4.606653213500977,-0.09332680702209473,0.017161961644887924
423.885986328125,0.44915351271629333,0.004032716155052185,-0.0028069019317626953,4.661002159118652,0.04690122604370117,-0.04408809915184975
857.2659912109375,0.6733649373054504,-0.01208147406578064,0.011043548583984375,4.669099807739258,-0.056797027587890625,0.04453881084918976
663.9860229492188,0.4392082691192627,0.029778778553009033,-0.01914989948272705,4.542938232421875,0.26142168045043945,-0.16010098159313202
171.95799255371094,0.3269178569316864,-0.027942895889282227,0.038825035095214844,3.824913740158081,-0.2719992399215698,0.48977741599082947
231.1540069580078,0.4307381212711334,0.035229556262493134,-0.03354072570800781,4.15902853012085,0.26508697867393494,-0.3067946135997772
924.0339965820312,0.5021640658378601,-0.0331219881772995,0.033728599548339844,4.089605331420898,-0.20587265491485596,0.2391110509634018
177.57400512695312,0.16283279657363892,-0.007843535393476486,0.04602384567260742,1.6219661235809326,-0.04184114933013916,0.4590936601161957
246.83799743652344,0.36654824018478394,0.020706988871097565,-0.06680035591125488,2.671726942062378,0.07678639888763428,-0.4734463095664978
779.3820190429688,0.32355016469955444,0.03304543346166611,-0.04845905303955078,3.4006333351135254,0.26687777042388916,-0.4989447593688965
238.5500030517578,0.4680618643760681,0.002607792615890503,-0.0014531612396240234,4.663548469543457,0.0275418758392334,0.03133564814925194
413.35400390625,0.5811096429824829,0.02207547426223755,-0.021770000457763672,4.544878005981445,0.12871503829956055,-0.1568141132593155
70.9260025024414,0.4555884599685669,0.012550339102745056,-0.00906991958618164,3.9308669567108154,0.08596563339233398,-0.07927623391151428
849.9459838867188,0.5185359120368958,-0.051787614822387695,0.06032752990722656,3.9367012977600098,-0.28061532974243164,0.3849891722202301
558.2020263671875,0.3773459792137146,-0.029976725578308105,0.0430448055267334,3.824526309967041,-0.22641515731811523,0.4408904016017914
276.19000244140625,0.1576026976108551,-0.0016881972551345825,0.012996912002563477,1.5366311073303223,-0.014961600303649902,0.16056130826473236
583.2459716796875,0.42437446117401123,0.025429055094718933,-0.016880512237548828,4.614875316619873,0.23356544971466064,-0.1827791929244995
513.2420043945312,0.5867092609405518,0.010403186082839966,-0.003211498260498047,4.594916343688965,0.06764483451843262,-0.030158575624227524
588.4420166015625,0.4705956280231476,0.046125367283821106,-0.06523323059082031,3.91634202003479,0.2774456739425659,-0.5392663478851318
781.7420043945312,0.6018860340118408,0.02146252989768982,-0.025098800659179688,4.42938756942749,0.10382437705993652,-0.20386075973510742
952.1500244140625,0.47281068563461304,-0.006500959396362305,-0.0023393630981445312,4.719647407531738,-0.06501460075378418,0.022452853620052338
216.85000610351562,0.15037313103675842,0.002164311707019806,-0.007190227508544922,2.5045487880706787,0.033363521099090576,-0.14024029672145844
562.0859985351562,0.28967612981796265,0.0301942378282547,-0.060485124588012695,2.7639060020446777,0.20184588432312012,-0.6174442172050476
741.2739868164062,0.22111199796199799,0.021859340369701385,-0.03511190414428711,3.06015682220459,0.2522420883178711,-0.5050133466720581
528.1220092773438,0.43136364221572876,0.03928316757082939,-0.06440019607543945,3.303743600845337,0.1925906240940094,-0.43037348985671997
956.8460083007812,0.43201908469200134,-0.035405293107032776,0.030242443084716797,4.167327404022217,-0.26560378074645996,0.26214301586151123
360.01800537109375,0.2857418358325958,0.00023843348026275635,-0.019234657287597656,2.1050620079040527,-0.007764160633087158,-0.17062242329120636
914.073974609375,0.3896423578262329,0.030925914645195007,-0.03478717803955078,4.074778079986572,0.2550559341907501,-0.3212568759918213
160.41799926757812,0.5384300351142883,-0.04643973708152771,0.037624359130859375,4.35756254196167,-0.28245091438293457,0.2823123037815094
306.5740051269531,0.5796507000923157,-0.04433169960975647,0.05322408676147461,4.257107734680176,-0.22911179065704346,0.37653377652168274
374.7380065917969,0.36414000391960144,-0.021965593099594116,0.03991413116455078,3.7354819774627686,-0.17718124389648438,0.4496532082557678
997.3300170898438,0.44809645414352417,0.019838308915495872,-0.016180992126464844,4.482917785644531,0.16751393675804138,-0.12426719069480896
264.2900085449219,0.45265308022499084,0.005575522780418396,-0.0028095245361328125,4.72524881362915,0.06162858009338379,-0.0064574298448860645
954.4619750976562,0.4887281358242035,-0.022903308272361755,0.03976917266845703,4.482412338256836,-0.16314148902893066,0.3850691616535187
297.96600341796875,0.709072470664978,-0.024790361523628235,0.025664091110229492,4.686103820800781,-0.12179231643676758,0.13413015007972717
680.0139770507812,0.5815300941467285,-0.03643444925546646,0.027025222778320312,4.441506385803223,-0.21280431747436523,0.2404233068227768
759.6259765625,0.5216773748397827,0.02403794229030609,-0.01432657241821289,4.499533653259277,0.16216003894805908,-0.15887203812599182
651.5900268554688,0.592263400554657,0.03414826840162277,-0.026950359344482422,4.408559799194336,0.1814579963684082,-0.17848537862300873
471.6059875488281,0.48715099692344666,-0.0006724188569933176,0.00028324127197265625,4.663951873779297,-0.010140182450413704,0.010334957391023636
815.8140258789062,0.6032595038414001,0.007529079914093018,0.0026984214782714844,4.726242542266846,0.05066800117492676,0.018286770209670067
200.19000244140625,0.25855979323387146,-0.020516514778137207,0.059646427631378174,2.449615478515625,-0.1297205686569214,0.5684064030647278
337.1860046386719,0.38694602251052856,-0.00334814190864563,0.0023593902587890625,4.845577716827393,-0.03691220283508301,0.022818613797426224
565.4459838867188,0.36796510219573975,0.0386759452521801,-0.060748107731342316,3.2113285064697266,0.2319554090499878,-0.5512413382530212
919.677978515625,0.525763750076294,0.04534843564033508,-0.04775047302246094,3.999929904937744,0.2493194341659546,-0.36062830686569214
398.1419982910156,0.5720685124397278,0.014973431825637817,-0.008998394012451172,4.601493835449219,0.10119864344596863,-0.014091617427766323
505.2900085449219,0.4007900357246399,0.017933174967765808,-0.01395416259765625,4.191098213195801,0.1556563377380371,-0.1317920833826065
598.6539916992188,0.26013293862342834,-0.02444494515657425,0.07608509063720703,2.407379388809204,-0.14294862747192383,0.6945873498916626
501.8340148925781,0.282702773809433,0.016733787953853607,-0.04030418395996094,2.7338242530822754,0.11154186725616455,-0.36345773935317993
456.3139953613281,0.4275931119918823,-0.03063039481639862,0.057403564453125,3.3170387744903564,-0.14723432064056396,0.4508468210697174
460.34600830078125,0.4513550102710724,-0.01040494441986084,0.008253097534179688,4.5037126541137695,-0.08173525333404541,0.07488685846328735
710.3699951171875,0.4776206612586975,-0.030356626957654953,0.023499011993408203,4.59166955947876,-0.23569834232330322,0.2214445322751999
317.3179931640625,0.43050819635391235,-0.01892056316137314,0.010194778442382812,4.665818214416504,-0.17148613929748535,0.10569408535957336
720.7059936523438,0.48489290475845337,-0.015061825513839722,0.01275479793548584,4.682684898376465,-0.10771417617797852,0.1223280057311058
870.6859741210938,0.5487348437309265,-0.03947354853153229,0.04140186309814453,4.09114408493042,-0.2025299072265625,0.31746795773506165
475.406005859375,0.45765095949172974,0.037869781255722046,-0.04760551452636719,3.677028179168701,0.2203783243894577,-0.41977959871292114
837.75,0.4524654448032379,0.015642166137695312,-0.009863853454589844,4.728305339813232,0.14061188697814941,-0.09022819995880127
476.510009765625,0.35864511132240295,0.027236536145210266,-0.033415794372558594,3.599405288696289,0.2180335521697998,-0.3709077835083008
437.1260070800781,0.3396115303039551,-0.00983990728855133,0.015784263610839844,3.258120059967041,-0.07679426670074463,0.1614542305469513
254.21800231933594,0.3485238552093506,0.002307608723640442,-0.0002022087574005127,4.309811592102051,0.030633985996246338,-0.02109764888882637
821.1019897460938,0.46844321489334106,0.030247464776039124,-0.02716207504272461,4.514379024505615,0.2431274652481079,-0.3125744163990021
307.2460021972656,0.5159389972686768,-0.04981622099876404,0.05189657211303711,4.154792308807373,-0.30838167667388916,0.3894529640674591
464.3699951171875,0.4025079011917114,-0.028820369392633438,0.09612178802490234,2.674865961074829,-0.07876679301261902,0.6670612096786499
905.6339721679688,0.41246771812438965,0.047887519001960754,-0.07186126708984375,3.3292593955993652,0.2599841356277466,-0.5739001035690308
78.11799621582031,0.5096383690834045,0.033209845423698425,-0.03540241718292236,4.1471943855285645,0.1931026577949524,-0.31755903363227844
1001.7459716796875,0.3677648901939392,0.0013034269213676453,-0.00021457672119140625,2.759486675262451,0.01761564612388611,-0.008947371505200863
131.8419952392578,0.5516045093536377,0.0304841548204422,-0.017333984375,4.458127021789551,0.1936568021774292,-0.13939161598682404
640.1939697265625,0.38882142305374146,-0.032419100403785706,0.0452880859375,3.625964641571045,-0.2315971851348877,0.4377743601799011
969.0579833984375,0.48146501183509827,-0.018719851970672607,0.011600732803344727,4.468615531921387,-0.13468456268310547,0.12057861685752869
533.718017578125,0.3605538606643677,0.030757281929254532,-0.04851937294006348,3.4937808513641357,0.22487986087799072,-0.4842315912246704
486.3819885253906,0.3479640483856201,0.03157380223274231,-0.04491424560546875,3.516975164413452,0.24036145210266113,-0.4893648624420166
268.5140075683594,0.22678858041763306,0.013272158801555634,-0.042496681213378906,2.302751064300537,0.09130454063415527,-0.4295567274093628
128.1739959716797,0.6410536170005798,0.04982030391693115,-0.07204627990722656,4.02001953125,0.20361757278442383,-0.47820380330085754
813.6099853515625,0.448772132396698,0.017271295189857483,-0.010940074920654297,4.496074199676514,0.1406337022781372,-0.1626441776752472
415.95001220703125,0.33124300837516785,0.03367631882429123,-0.03393220901489258,3.9685885906219482,0.3386971950531006,-0.35508793592453003
435.7139892578125,0.3956987261772156,-0.019464194774627686,0.023194313049316406,3.5310707092285156,-0.1270674467086792,0.22225187718868256
774.010009765625,0.6034489274024963,0.03376626968383789,-0.023769378662109375,4.6025614738464355,0.1875162124633789,-0.15697868168354034
559.333984375,0.5256962776184082,-0.030503809452056885,0.025472402572631836,4.410726070404053,-0.19053435325622559,0.21256856620311737
464.4739990234375,0.2781863510608673,-0.02506161853671074,0.06701087951660156,2.6942989826202393,-0.1630271077156067,0.605393648147583
679.0900268554688,0.4186003506183624,-0.04070782661437988,0.03190040588378906,4.181706428527832,-0.3376971483230591,0.3238392770290375
309.20599365234375,0.5183374881744385,-0.03381390869617462,0.021793365478515625,4.5036211013793945,-0.2242720127105713,0.1846758872270584
364.9100036621094,0.3681402802467346,0.039599791169166565,-0.048979759216308594,3.5300731658935547,0.30562806129455566,-0.47577711939811707
404.2300109863281,0.4187404215335846,0.025812089443206787,-0.020096778869628906,3.8860855102539062,0.18976104259490967,-0.17378272116184235
143.41400146484375,0.44471442699432373,-0.006858855485916138,0.009429931640625,4.637324810028076,-0.060018062591552734,0.09526487439870834
313.6099853515625,0.7135312557220459,-0.033878833055496216,0.019179344177246094,4.60802698135376,-0.165871262550354,0.1519131362438202
342.89801025390625,0.5401690006256104,-0.05003713071346283,0.055014610290527344,3.852827310562134,-0.25148117542266846,0.3802737891674042
801.47802734375,0.4186045229434967,-0.049136385321617126,0.08302068710327148,3.251760482788086,-0.2459336519241333,0.6102414131164551
683.2659912109375,0.6497860550880432,0.02305060625076294,-0.01812267303466797,4.512828826904297,0.11548435688018799,-0.10290698707103729
763.5460205078125,0.4270668029785156,0.027383971959352493,-0.027208328247070312,4.294486045837402,0.22597336769104004,-0.2457335889339447
745.14599609375,0.33327314257621765,0.029186904430389404,-0.03890848159790039,3.3586783409118652,0.22190940380096436,-0.4135776162147522
277.1300048828125,0.2024383544921875,-0.005280554294586182,0.031452178955078125,1.8271844387054443,-0.02045959234237671,0.28687965869903564
301.8139953613281,0.4936220943927765,-0.022826604545116425,0.013689756393432617,4.75286865234375,-0.17868518829345703,0.11358121037483215
315.69000244140625,0.37339112162590027,-0.0194422397762537,0.011579036712646484,4.6788811683654785,-0.21045227348804474,0.15534906089305878
666.114013671875,0.4953559637069702,0.01796989142894745,-0.0007151961326599121,4.763526439666748,0.15521526336669922,-0.01057504490017891
542.4860229492188,0.15254320204257965,-0.0032582804560661316,0.024089336395263672,1.3903207778930664,-0.02321973443031311,0.23616904020309448
412.9179992675781,0.4066959023475647,0.007348418235778809,-0.009869098663330078,4.573403358459473,0.07750916481018066,-0.1543460637331009
576.8699951171875,0.648674488067627,0.060292184352874756,-0.07021450996398926,4.126674175262451,0.2431091070175171,-0.47593724727630615
953.1300048828125,0.500619113445282,-0.004787907004356384,0.0035037994384765625,4.809540271759033,-0.044881343841552734,0.02079768478870392
425.4460144042969,0.4513101577758789,-0.006852969527244568,0.021959304809570312,4.4893269538879395,-0.04800212383270264,0.19909310340881348
216.3419952392578,0.41090017557144165,-0.0057078078389167786,0.01370382308959961,2.6558501720428467,-0.011418819427490234,0.044865939766168594
868.22998046875,0.2746405303478241,-0.024870000779628754,0.0533289909362793,2.748414993286133,-0.1771341860294342,0.5397498607635498
979.6060180664062,0.5712578296661377,0.030989445745944977,-0.0134429931640625,4.352738857269287,0.18030297756195068,-0.13262030482292175
715.8060302734375,0.5739802718162537,-0.04104696214199066,0.038307949900627136,4.500390529632568,-0.23764073848724365,0.2919972240924835
708.43798828125,0.7542927265167236,-0.0365387499332428,0.02834153175354004,4.619608402252197,-0.15905821323394775,0.14124149084091187
95.5260009765625,0.4457610845565796,0.008717551827430725,-0.011281013488769531,4.628823280334473,0.0845106840133667,-0.13949613273143768
383.2980041503906,0.5167345404624939,0.005718238651752472,-0.009125709533691406,4.570590972900391,0.027560830116271973,-0.07914988696575165
211.41799926757812,0.28536510467529297,-0.02172134816646576,0.07920312881469727,2.171069383621216,-0.08026820421218872,0.545279860496521
435.0140075683594,0.34509360790252686,-0.020517125725746155,0.026357173919677734,3.4785470962524414,-0.15796828269958496,0.24665629863739014
716.3060302734375,0.45288145542144775,-0.03734593838453293,0.030091483145952225,4.532833576202393,-0.3032611310482025,0.29813623428344727
381.7460021972656,0.47037047147750854,-0.02370232343673706,0.015358924865722656,4.542485237121582,-0.19839119911193848,0.13889801502227783
624.1060180664062,0.7191888689994812,-0.030302301049232483,0.016587257385253906,4.504602909088135,-0.14651191234588623,0.09731339663267136
669.8660278320312,0.5880948305130005,-0.04360856115818024,0.0665895938873291,3.7274556159973145,-0.16758596897125244,0.41697922348976135
951.3419799804688,0.6121594905853271,-0.013480514287948608,0.0031785964965820312,4.648737907409668,-0.08579874038696289,0.03708893805742264
180.0260009765625,0.17990995943546295,-0.008746877312660217,0.04785728454589844,1.7386506795883179,-0.04029324650764465,0.48095932602882385
524.0819702148438,0.3036493957042694,0.028145357966423035,-0.0313715934753418,3.7953219413757324,0.2936969995498657,-0.37480804324150085
177.02200317382812,0.17488200962543488,-0.008403445594012737,0.046688079833984375,1.6790252923965454,-0.0349985808134079,0.426726758480072
187.0260009765625,0.24136322736740112,-0.007151611149311066,0.03401899337768555,2.038127899169922,-0.029403746128082275,0.2993941605091095
390.2619934082031,0.3441128134727478,0.03051019459962845,-0.051970481872558594,3.3379464149475098,0.21627235412597656,-0.46514877676963806
374.9580078125,0.3762355446815491,-0.03090900182723999,0.05219459533691406,3.558938503265381,-0.21752750873565674,0.4927625358104706
391.0419921875,0.3736962676048279,0.029955729842185974,-0.041968345642089844,3.637910842895508,0.21626877784729004,-0.40855148434638977
788.030029296875,0.22953633964061737,-0.009693019092082977,0.04274559020996094,2.0016703605651855,-0.04162513092160225,0.37203848361968994
990.2979736328125,0.4476867616176605,0.029425084590911865,-0.022470951080322266,4.477877140045166,0.24640393257141113,-0.19648678600788116
264.50201416015625,0.5051301121711731,0.0067321062088012695,-0.0018765926361083984,4.685141563415527,0.05698418617248535,-0.014752908609807491
105.21800231933594,0.28150326013565063,0.0321526974439621,-0.06211376190185547,2.8258719444274902,0.2370694875717163,-0.6306661367416382
466.14599609375,0.4825010597705841,-0.039322346448898315,0.05206108093261719,3.684417724609375,-0.20254790782928467,0.3639846742153168
642.010009765625,0.5008358359336853,-0.04689151048660278,0.06492805480957031,3.784775733947754,-0.23727166652679443,0.4917321503162384
161.54600524902344,0.4553137719631195,-0.024682745337486267,0.014845848083496094,4.557044506072998,-0.20703399181365967,0.13801507651805878
838.8779907226562,0.5365195274353027,0.04120670258998871,-0.043457984924316406,4.306417465209961,0.2463819980621338,-0.37356626987457275
794.4140014648438,0.46266239881515503,-0.04195215925574303,0.06435203552246094,3.3361332416534424,-0.18401530385017395,0.45131000876426697
192.91799926757812,0.26216259598731995,-0.007272258400917053,0.005818605422973633,4.380271911621094,-0.10674917697906494,0.05558358132839203
426.7619934082031,0.31589919328689575,-0.0359572172164917,0.05763387680053711,3.157376766204834,-0.27000296115875244,0.5964581966400146
781.5339965820312,0.44008970260620117,0.021132104098796844,-0.013874053955078125,4.412959098815918,0.16593945026397705,-0.16132523119449615
694.4099731445312,0.4686540365219116,0.032540857791900635,-0.02083897590637207,4.34614372253418,0.2419224977493286,-0.14874154329299927
534.4019775390625,0.3694705069065094,0.036247581243515015,-0.05527043342590332,3.670583963394165,0.26730382442474365,-0.5568637251853943
636.9140014648438,0.3684774935245514,-0.010864406824111938,0.018674850463867188,2.6995761394500732,-0.055518388748168945,0.12213248759508133
370.79400634765625,0.4788895845413208,0.028167352080345154,-0.027650833129882812,4.285712242126465,0.19298887252807617,-0.24670162796974182
903.3460083007812,0.39979568123817444,0.03799895942211151,-0.041629791259765625,3.877502202987671,0.2825825810432434,-0.4005930423736572
445.2619934082031,0.5028149485588074,-0.031915824860334396,0.03088665008544922,4.195443630218506,-0.19775772094726562,0.24976781010627747
731.697998046875,0.45365527272224426,0.00011858344078063965,-9.560585021972656e-05,4.723468780517578,0.009382247924804688,-0.049774352461099625
391.7340087890625,0.40068528056144714,0.028021827340126038,-0.03317737579345703,3.8653504848480225,0.20719778537750244,-0.3094842731952667
491.8580017089844,0.49372339248657227,0.024714812636375427,-0.013609886169433594,4.579739093780518,0.19860243797302246,-0.13210126757621765
81.72200012207031,0.2532338500022888,0.017696931958198547,-0.03328585624694824,2.986309766769409,0.1681879758834839,-0.39973345398902893
780.7459716796875,0.5855273008346558,0.04479631409049034,-0.04193401336669922,4.123325347900391,0.21894189715385437,-0.34023207426071167
690.85400390625,0.2002939134836197,0.011019989848136902,-0.04518824815750122,2.1302242279052734,0.07556170225143433,-0.49249863624572754
997.5339965820312,0.45448607206344604,0.01861933246254921,-0.012539863586425781,4.5216383934021,0.16237486898899078,-0.11301306635141373
87.41000366210938,0.3452416956424713,0.029549257829785347,-0.04351997375488281,3.4582202434539795,0.2212827503681183,-0.4318942427635193
806.6099853515625,0.275821715593338,-0.017327822744846344,0.037423133850097656,2.813974142074585,-0.12960636615753174,0.34571486711502075
859.4660034179688,0.4710877537727356,-0.0033613741397857666,0.0036878585815429688,4.700603008270264,-0.027149438858032227,0.02235221117734909
107.91799926757812,0.2545180916786194,0.029942482709884644,-0.05176544189453125,3.0083110332489014,0.284354567527771,-0.6458600163459778
428.69000244140625,0.36837461590766907,-0.032664284110069275,0.03577995300292969,3.863964319229126,-0.28040170669555664,0.37911751866340637
90.61000061035156,0.6709058880805969,0.02274554967880249,-0.01825857162475586,4.280638694763184,0.10264170169830322,-0.09747377783060074
215.5260009765625,0.31482845544815063,-0.012402273714542389,0.01594257354736328,3.1421878337860107,-0.0899733304977417,0.12295673042535782
640.2940063476562,0.3618813455104828,-0.031440719962120056,0.04302048683166504,3.6189029216766357,-0.24359393119812012,0.4360993802547455
250.7899932861328,0.3812156617641449,0.012936912477016449,-0.001577720046043396,4.545163631439209,0.13345879316329956,0.012473364360630512
994.0380249023438,0.3451317548751831,0.03909401595592499,-0.05543327331542969,3.611023426055908,0.31540465354919434,-0.5656624436378479
212.406005859375,0.39681559801101685,-0.02940034121274948,0.08538961410522461,2.751875162124634,-0.08794674277305603,0.5999255776405334
801.010009765625,0.5112922787666321,-0.043618008494377136,0.0641627311706543,3.8953020572662354,-0.2392338514328003,0.5665300488471985
958.9340209960938,0.5410142540931702,-0.01869988441467285,0.013205528259277344,4.514729976654053,-0.12677264213562012,0.11073877662420273
874.9979858398438,0.5969110131263733,-0.006500255782157183,0.0018391609191894531,4.039032936096191,-0.038065481930971146,0.020089004188776016
255.2100067138672,0.6164758205413818,0.005336649715900421,-0.003619864583015442,3.9358842372894287,0.03751671314239502,-0.030177604407072067
509.7380065917969,0.5341002345085144,0.03726905584335327,-0.03981828689575195,3.749199390411377,0.17428714036941528,-0.26484593749046326
811.1420288085938,0.40663254261016846,0.026465028524398804,-0.02519679069519043,4.086777687072754,0.22050118446350098,-0.2625003457069397
72.68599700927734,0.4357784390449524,0.003429979085922241,0.0009680986404418945,4.360974311828613,0.020474672317504883,0.02015344612300396
413.1180114746094,0.31147003173828125,0.010314032435417175,-0.007926464080810547,4.590560436248779,0.13836121559143066,-0.1259365677833557
58.38600158691406,-3.6870198528049514e-05,5.741951463278383e-05,2.336781471967697e-05,-0.001904292032122612,0.00023600961139891297,0.0015626803506165743
401.8500061035156,0.296936959028244,0.01897965371608734,-0.04145240783691406,2.961695432662964,0.1387067437171936,-0.42571744322776794
413.8139953613281,0.42902475595474243,0.023625284433364868,-0.015657901763916016,4.459770679473877,0.20730841159820557,-0.1782170981168747
693.6179809570312,0.39357393980026245,0.032721154391765594,-0.03409513831138611,3.9647727012634277,0.2542582154273987,-0.307231605052948
322.51800537109375,0.5060294270515442,-0.020836055278778076,0.013924598693847656,4.688593864440918,-0.1640622615814209,0.12732891738414764
153.2899932861328,0.40925267338752747,-0.03874160349369049,0.0488739013671875,3.920555830001831,-0.2759355306625366,0.47029873728752136
869.677978515625,0.3813784420490265,-0.03412139415740967,0.04325985908508301,3.54770565032959,-0.23849594593048096,0.4149220287799835
728.6740112304688,0.3421773612499237,-0.004985526204109192,0.0017664432525634766,4.749814987182617,-0.06166696548461914,0.005553175695240498
637.2780151367188,0.3543050289154053,-0.01055176556110382,0.02028679847717285,2.8760986328125,-0.07093179225921631,0.17948926985263824
857.5780029296875,0.5270905494689941,-0.007947593927383423,0.0055255889892578125,4.691761016845703,-0.05844712257385254,0.055300548672676086
657.9459838867188,0.5819709300994873,0.030186085030436516,-0.05595684051513672,4.224941730499268,0.14109081029891968,-0.35295966267585754
790.2940063476562,0.1934494525194168,-0.010006509721279144,0.05646991729736328,1.8683677911758423,-0.05353957414627075,0.5480157732963562
365.0220031738281,0.39548400044441223,0.042673707008361816,-0.05620861053466797,3.549177408218384,0.29639101028442383,-0.4912377595901489
812.2659912109375,0.6144677400588989,0.03332158923149109,-0.031416893005371094,4.272797107696533,0.1691455841064453,-0.24856016039848328
357.6499938964844,0.24897632002830505,-0.0019467547535896301,0.0017004013061523438,3.0514400005340576,-0.012642264366149902,0.026308726519346237
312.0740051269531,0.6048355102539062,-0.03619492053985596,0.030884742736816406,4.46104621887207,-0.20146727561950684,0.21895073354244232
160.2100067138672,0.586503267288208,-0.048375070095062256,0.04826545715332031,4.363117218017578,-0.25579357147216797,0.356862336397171
999.8980102539062,0.44350141286849976,0.005512751638889313,-0.004851341247558594,3.780555248260498,0.04246675968170166,-0.022809218615293503
578.0819702148438,0.48010605573654175,0.05037415772676468,-0.06509208679199219,4.014132499694824,0.30005401372909546,-0.5440158843994141
722.0780029296875,0.5470800399780273,-0.02767735719680786,0.027253389358520508,4.55510139465332,-0.1650083065032959,0.21664929389953613
538.8779907226562,0.16566605865955353,0.016316179186105728,-0.06174945831298828,1.8784241676330566,0.12441504001617432,-0.7639896273612976
146.06199645996094,0.6722615957260132,-0.007492005825042725,0.018947601318359375,4.618744850158691,-0.02891707420349121,0.1653640866279602
189.19000244140625,0.29963818192481995,-0.018529944121837616,0.037245750427246094,3.0386838912963867,-0.13360857963562012,0.39847198128700256
751.4140014648438,0.49378645420074463,0.020358532667160034,-0.011896610260009766,4.591317176818848,0.1630028486251831,-0.07666389644145966
745.3499755859375,0.3729569911956787,0.03116096556186676,-0.04622077941894531,3.479860544204712,0.21516072750091553,-0.43761295080184937
96.4739990234375,0.6114130020141602,0.015180457383394241,-0.021301746368408203,4.486081123352051,0.07737267017364502,-0.08170317858457565
500.3819885253906,0.2284550964832306,0.007068060338497162,-0.0272979736328125,2.1997218132019043,0.0490342378616333,-0.24712499976158142
772.2020263671875,0.46547555923461914,0.03798626363277435,-0.03241157531738281,4.312193393707275,0.2732805013656616,-0.3005005121231079
607.9140014648438,0.5605742931365967,-0.04150042682886124,0.035877227783203125,4.41082239151001,-0.2393377721309662,0.2565886378288269
564.0780029296875,0.3143535554409027,0.03458493947982788,-0.08700686693191528,2.4351017475128174,0.1647728681564331,-0.6521804928779602
173.1219940185547,0.3816380500793457,-0.03141448646783829,0.070587158203125,2.7193238735198975,-0.13414418697357178,0.5441247820854187
608.27001953125,0.6694846153259277,-0.04313709959387779,0.032329559326171875,4.543122291564941,-0.20463821291923523,0.22478936612606049
655.5419921875,0.5117801427841187,0.042052045464515686,-0.04153847694396973,4.008203983306885,0.23292505741119385,-0.3560614585876465
469.906005859375,0.47210055589675903,-0.0068045724183321,0.006352424621582031,4.719064712524414,-0.05707934498786926,0.07325071096420288
311.93798828125,0.513369619846344,-0.03321164846420288,0.02461528778076172,4.42653751373291,-0.224884033203125,0.1981302797794342
531.3660278320312,0.2928483784198761,0.03724713623523712,-0.080404132604599,2.7848591804504395,0.24708330631256104,-0.8300694227218628
501.92999267578125,0.26128143072128296,0.016429103910923004,-0.03461456298828125,2.72194242477417,0.12510812282562256,-0.3466867208480835
958.8140258789062,0.5982292890548706,-0.021126002073287964,0.013794422149658203,4.507168292999268,-0.12683486938476562,0.11343152076005936
347.6300048828125,0.4903455078601837,-0.0295773446559906,0.03228569030761719,4.385974407196045,-0.19696307182312012,0.30596932768821716
866.2739868164062,0.36003950238227844,-0.004449233412742615,0.006847381591796875,4.498967170715332,-0.047507286071777344,0.10070474445819855
965.1420288085938,0.38570040464401245,-0.03916814923286438,0.06287431716918945,3.334555149078369,-0.2282322645187378,0.5401706099510193
317.7539978027344,0.3967704176902771,-0.014631055295467377,0.00836944580078125,4.721331596374512,-0.15804576873779297,0.08373374491930008
724.9580078125,0.45798468589782715,-0.040734320878982544,0.031036376953125,4.411840438842773,-0.3192453384399414,0.28647416830062866
883.0540161132812,0.4852128326892853,-0.029484517872333527,0.026197463274002075,4.361328601837158,-0.20718717575073242,0.23297306895256042
598.5460205078125,0.25098279118537903,-0.022737421095371246,0.07329273223876953,2.431088447570801,-0.1399683952331543,0.7269649505615234
270.32598876953125,0.27865663170814514,0.014330878853797913,-0.06801462173461914,1.9876476526260376,0.04027128219604492,-0.45454859733581543
376.5459899902344,0.3621899485588074,-0.032532814890146255,0.050070762634277344,3.50228214263916,-0.23879483342170715,0.4722020924091339
286.7179870605469,0.4668780267238617,-0.04610246419906616,0.03910398483276367,4.338477611541748,-0.3367127776145935,0.3300422132015228
247.5500030517578,0.31559115648269653,0.02362356334924698,-0.04271489381790161,3.175893783569336,0.1690298318862915,-0.4200308918952942
155.69000244140625,0.41151148080825806,-0.04706341028213501,0.051878929138183594,3.9206485748291016,-0.35833001136779785,0.48887595534324646
259.70599365234375,0.4233398735523224,0.016271531581878662,-0.011121094226837158,4.268794536590576,0.1348782777786255,-0.09773386269807816
477.4620056152344,0.3376421332359314,0.0266522616147995,-0.0343780517578125,3.70330548286438,0.237684965133667,-0.39826273918151855
951.4459838867188,0.4843105375766754,-0.009698659181594849,0.0065326690673828125,4.665191650390625,-0.07807469367980957,0.06915352493524551
977.9619750976562,0.42070627212524414,0.0346427857875824,-0.047982215881347656,3.6481666564941406,0.22550857067108154,-0.3771344721317291
883.97802734375,0.6188064217567444,-0.01960638165473938,-0.0132761150598526,4.541584491729736,-0.1321822702884674,-0.12214253842830658
772.2940063476562,0.3977559506893158,0.03268231451511383,-0.02901458740234375,4.344715595245361,0.2898542881011963,-0.3278740644454956
202.7899932861328,0.18170948326587677,-0.00957874208688736,0.048736393451690674,1.7268292903900146,-0.05203902721405029,0.4830762445926666
108.34600067138672,0.36886584758758545,0.03472346067428589,-0.07634830474853516,2.962785005569458,0.16784310340881348,-0.5527273416519165
294.85400390625,0.4730057716369629,0.005076229572296143,-0.0026159286499023438,4.544733047485352,0.045268893241882324,-0.024353496730327606
298.9339904785156,0.657681405544281,-0.02504979819059372,0.016323328018188477,4.713432312011719,-0.14136475324630737,0.13705210387706757
862.6820068359375,0.580891489982605,-0.04359016939997673,0.036885738372802734,4.326645374298096,-0.23660814762115479,0.27232658863067627
536.27001953125,0.5418916940689087,0.05008713901042938,-0.060656070709228516,3.8205788135528564,0.22732529044151306,-0.3976159393787384
998.9500122070312,0.4533821940422058,0.009891055524349213,-0.006527900695800781,4.199625015258789,0.06838133931159973,-0.07961533963680267
866.7420043945312,0.5375884175300598,-0.028291791677474976,0.058383941650390625,3.840719699859619,-0.12160837650299072,0.4565716087818146
468.12200927734375,0.46568500995635986,-0.023501403629779816,0.014888763427734375,4.510592937469482,-0.18830561637878418,0.14468489587306976
102.18599700927734,0.2804226875305176,0.020425155758857727,-0.025205612182617188,4.346705913543701,0.29012346267700195,-0.40886417031288147
455.8580017089844,0.3487861156463623,-0.029343068599700928,0.054282188415527344,2.9232075214385986,-0.16250205039978027,0.4207557141780853
597.3060302734375,0.355604350566864,-0.031761884689331055,0.0602569580078125,3.2244651317596436,-0.20840448141098022,0.5845903754234314
488.0379943847656,0.6390920877456665,0.036105841398239136,-0.030076980590820312,4.3213958740234375,0.15789008140563965,-0.12980081140995026
841.8820190429688,0.6441256403923035,0.028666440397500992,-0.013852119445800781,4.586990833282471,0.15958678722381592,-0.0856098085641861
280.7460021972656,0.4602460563182831,-0.02614469826221466,0.05216026306152344,3.6242122650146484,-0.13140606880187988,0.40301844477653503
302.8380126953125,0.4686553478240967,-0.019147872924804688,0.012707233428955078,4.67903995513916,-0.16775357723236084,0.11175914108753204
70.55400085449219,0.5103690028190613,0.014850839972496033,-0.016390204429626465,3.8761720657348633,0.08222925662994385,-0.0643925815820694
630.406005859375,0.37111347913742065,-0.024554237723350525,0.026537418365478516,3.349853992462158,-0.16332077980041504,0.24417264759540558
279.0140075683594,0.3306119740009308,-0.0161207914352417,0.04938817024230957,2.6317505836486816,-0.07372817397117615,0.3837079703807831
960.5139770507812,0.47197914123535156,-0.03077399730682373,0.024112224578857422,4.549614906311035,-0.24186420440673828,0.24453838169574738
134.906005859375,0.6595112681388855,0.0057087242603302,0.000324249267578125,4.711202621459961,0.03690195083618164,0.015887223184108734
857.1220092773438,0.4287536144256592,-0.008954033255577087,0.004127025604248047,4.660067558288574,-0.08234119415283203,0.04766901955008507
363.5419921875,0.3575149476528168,0.031513512134552,-0.061737060546875,2.6606674194335938,0.14896035194396973,-0.4551228880882263
207.41799926757812,0.24678786098957062,-0.014538190327584743,0.07323169708251953,1.8049482107162476,-0.03406619280576706,0.5403660535812378
547.2459716796875,0.18883372843265533,-0.011939756572246552,0.062023162841796875,1.9050672054290771,-0.06248193979263306,0.6477869749069214
943.9739990234375,0.5957461595535278,0.018067076802253723,-0.009877204895019531,4.659401893615723,0.11497676372528076,-0.05707127973437309
109.98999786376953,0.4048929214477539,0.03935234248638153,-0.08370399475097656,3.031919002532959,0.17696470022201538,-0.6305218935012817
433.75,0.3901108503341675,-0.024234075099229813,0.050933837890625,2.9146876335144043,-0.10182321071624756,0.3839527368545532
878.1259765625,0.18636080622673035,-0.010014504194259644,0.052664995193481445,1.82456374168396,-0.051841795444488525,0.47496235370635986
960.7780151367188,0.6125670671463013,-0.03638868033885956,0.03286170959472656,4.486172676086426,-0.19997727870941162,0.2782179117202759
414.7820129394531,0.41017264127731323,0.04239363968372345,-0.04932737350463867,3.936091899871826,0.31714367866516113,-0.4584760069847107
855.3740234375,0.34323516488075256,-0.020219281315803528,0.01343393325805664,4.532350540161133,-0.22975993156433105,0.1655721515417099
619.4340209960938,0.6500954627990723,-0.02891811728477478,0.010756820440292358,4.6483473777771,-0.16674089431762695,0.09428984671831131
315.2460021972656,0.6003790497779846,-0.03149454668164253,0.022736549377441406,4.679815769195557,-0.19252468645572662,0.18386735022068024
865.97802734375,0.4556262493133545,-0.006386980414390564,0.005666255950927734,4.529446125030518,-0.04398965835571289,0.06563713401556015
913.7420043945312,0.5462409853935242,0.04334315285086632,-0.04672050476074219,4.053769588470459,0.21890541911125183,-0.3210027813911438
925.0380249023438,0.24931944906711578,-0.029791593551635742,0.034995079040527344,3.6538922786712646,-0.38285374641418457,0.5198619961738586
876.7420043945312,0.2774604856967926,-0.010706262663006783,0.05345773696899414,1.8985576629638672,-0.029893815517425537,0.38673722743988037
708.2020263671875,0.4394074082374573,-0.023594170808792114,0.018857479095458984,4.567714214324951,-0.19894719123840332,0.21972255408763885
305.27398681640625,0.6651077270507812,-0.03191494941711426,0.020065784454345703,4.606405735015869,-0.16217756271362305,0.09341377764940262
773.510009765625,0.5899286270141602,0.03628012537956238,-0.02677631378173828,4.490436553955078,0.20540690422058105,-0.2242341786623001
462.0140075683594,0.6041797399520874,-0.0032566487789154053,0.012208938598632812,4.52260160446167,-0.011809468269348145,0.0861511379480362
819.7459716796875,0.49832087755203247,0.044209495186805725,-0.04953718185424805,4.039905548095703,0.26560717821121216,-0.3704959452152252
818.4459838867188,0.2689063251018524,0.02958928793668747,-0.03993701934814453,3.3941659927368164,0.2993236780166626,-0.5019116401672363
187.78599548339844,0.24308529496192932,-0.011620983481407166,0.03900933265686035,2.2678630352020264,-0.06289529800415039,0.34788593649864197
256.12200927734375,0.4655764698982239,0.004586465656757355,-0.015921905636787415,3.394716262817383,0.020422816276550293,-0.09970118850469589
836.9459838867188,0.6238452196121216,0.02772475779056549,-0.021768569946289062,4.583678722381592,0.15467405319213867,-0.16868802905082703
70.65799713134766,0.40464210510253906,0.013057366013526917,-0.008408606052398682,3.916131019592285,0.11126291751861572,-0.07630464434623718
677.8179931640625,0.5386602878570557,-0.04645630717277527,0.05478096008300781,3.8512916564941406,-0.2310711145401001,0.40135055780410767
858.6060180664062,0.45298081636428833,-0.00857621431350708,-0.003074169158935547,4.7172441482543945,-0.08083772659301758,-0.05334410071372986
622.1900024414062,0.4309728741645813,-0.03523784503340721,0.03479313850402832,4.188835620880127,-0.27004873752593994,0.3105645775794983
635.5700073242188,0.24164536595344543,-0.00543464720249176,0.011310577392578125,2.4555649757385254,-0.04840517044067383,0.11466724425554276
186.5540008544922,0.19017623364925385,-0.005077362060546875,0.02216196060180664,2.071279525756836,-0.032749176025390625,0.23974406719207764
517.8380126953125,0.4645395278930664,0.01956316828727722,-0.015125274658203125,4.322874069213867,0.14701509475708008,-0.17877712845802307
542.6259765625,0.19497132301330566,-0.004280440509319305,0.03113842010498047,1.3870899677276611,-0.008936196565628052,0.26321694254875183
496.7539978027344,0.49232542514801025,0.00016222894191741943,-0.004154205322265625,4.075830459594727,0.003072500228881836,0.005950986873358488
748.2459716796875,0.33434242010116577,0.035812363028526306,-0.04838228225708008,3.5158097743988037,0.29753637313842773,-0.5165107250213623
646.8099975585938,0.6128212213516235,-0.00885838270187378,0.007632732391357422,4.6656880378723145,-0.048615455627441406,0.10750824958086014
345.77398681640625,0.5691941976547241,-0.04879900813102722,0.06673431396484375,3.6900594234466553,-0.18736588954925537,0.46185797452926636
265.77398681640625,0.7361984252929688,0.00569489598274231,0.004847288131713867,4.729020118713379,0.04050183296203613,-0.005702723748981953
684.0139770507812,0.5431452989578247,0.037142157554626465,-0.05782890319824219,3.9372220039367676,0.17088747024536133,-0.44445642828941345
879.8099975585938,0.3099745213985443,-0.018279366195201874,0.06557536125183105,2.3292481899261475,-0.059317633509635925,0.4561029374599457
170.98199462890625,0.3556438088417053,-0.006707102060317993,0.0005474090576171875,4.692840099334717,-0.07946968078613281,0.03667561337351799
676.469970703125,0.4592703878879547,-0.0351303368806839,0.03859663009643555,3.8386003971099854,-0.2131848931312561,0.34016796946525574
646.010009765625,0.5884109139442444,-0.011600136756896973,0.0061283111572265625,4.614318370819092,-0.06061053276062012,0.0684979036450386
164.81399536132812,0.51041579246521,-0.031963929533958435,0.02562427520751953,4.3915114402771,-0.2082444429397583,0.2469490021467209
535.6380004882812,0.3557615876197815,0.04061610996723175,-0.06132340431213379,3.5766806602478027,0.30493706464767456,-0.5345891714096069
767.5700073242188,0.48967525362968445,0.0004390031099319458,-0.005768775939941406,4.698108196258545,0.0013620257377624512,-0.020766938105225563
86.35800170898438,0.44228386878967285,0.042323097586631775,-0.07165288925170898,3.23738431930542,0.19867515563964844,-0.5104445219039917
834.8099975585938,0.5816425681114197,0.052189312875270844,-0.04492950439453125,4.4475226402282715,0.28880763053894043,-0.32708632946014404
730.27001953125,0.7644662857055664,0.00372275710105896,-0.002674579620361328,4.799529552459717,0.02415919303894043,-0.060674943029880524
577.3060302734375,0.4600217938423157,0.05238310992717743,-0.056017398834228516,3.9666004180908203,0.33788561820983887,-0.44842734932899475
447.37799072265625,0.36411505937576294,-0.030792519450187683,0.03413581848144531,3.8085684776306152,-0.2612123489379883,0.3787355124950409
562.6339721679688,0.269963800907135,0.025946035981178284,-0.057334303855895996,2.7322075366973877,0.18627524375915527,-0.6023275256156921
438.7380065917969,0.23638924956321716,-0.011556178331375122,0.034210205078125,2.4573073387145996,-0.07597923278808594,0.37598028779029846
201.49400329589844,0.16046065092086792,-0.012175739742815495,0.051214881241321564,1.8207451105117798,-0.095933698117733,0.5536450743675232
628.4739990234375,0.4077618718147278,0.0010982044041156769,0.012588858604431152,4.076858043670654,0.024233132600784302,0.15349458158016205
837.3980102539062,0.46742257475852966,0.01823568344116211,-0.00499725341796875,4.688338279724121,0.15391266345977783,-0.024147557094693184
728.4660034179688,0.5724115967750549,-0.006823152303695679,0.003531932830810547,4.775253772735596,-0.04691004753112793,0.07706058025360107
119.11799621582031,0.43463924527168274,0.03159199655056,-0.02105712890625,4.357916355133057,0.2686915397644043,-0.1840135157108307
829.72998046875,0.46468305587768555,0.026657067239284515,-0.018551349639892578,4.490851879119873,0.20968294143676758,-0.1633581668138504
180.24200439453125,0.19670478999614716,-0.00946248322725296,0.05364799499511719,1.7632488012313843,-0.03588896989822388,0.483289510011673
610.0859985351562,0.44392192363739014,-0.0380772203207016,0.037067413330078125,4.2848334312438965,-0.2891772985458374,0.3663773834705353
947.9099731445312,0.3834999203681946,-0.0351376011967659,0.027794837951660156,4.161314487457275,-0.32417917251586914,0.2745308578014374
587.406005859375,0.39885202050209045,0.039397768676280975,-0.0415349006652832,4.17878532409668,0.33614736795425415,-0.42255523800849915
194.68600463867188,0.4452716112136841,-0.002270638942718506,-0.0005936622619628906,4.6160078048706055,-0.018413066864013672,0.03473645821213722
687.5339965820312,0.19611434638500214,0.009808838367462158,-0.03653264045715332,1.943898320198059,0.057431578636169434,-0.4084981381893158
733.0460205078125,0.26628053188323975,0.03238116204738617,-0.06012582778930664,2.834717035293579,0.2625213861465454,-0.6590778827667236
972.2979736328125,0.47614359855651855,-0.003615051507949829,0.001974821090698242,4.750951290130615,-0.027896404266357422,0.021084392443299294
317.9859924316406,0.3738040626049042,-0.012178875505924225,0.0070343017578125,4.675055503845215,-0.13992273807525635,0.08427495509386063
418.72601318359375,0.4211999177932739,0.03469233214855194,-0.035372257232666016,4.221739768981934,0.27023160457611084,-0.35945069789886475
728.3460083007812,0.36038652062416077,-0.006249085068702698,-0.0013740062713623047,4.755035400390625,-0.08495688438415527,-0.02133503183722496
717.3179931640625,0.4506762623786926,-0.029810797423124313,0.02580098807811737,4.490682125091553,-0.24237781763076782,0.2749593257904053
821.614013671875,0.4659929573535919,0.024156764149665833,-0.015752315521240234,4.481564044952393,0.18918883800506592,-0.13509511947631836
332.3699951171875,0.647850513458252,-0.021195441484451294,0.01110076904296875,4.646294593811035,-0.11855864524841309,0.11935855448246002
251.8419952392578,0.6984525322914124,0.010554924607276917,-0.001581341028213501,4.639342784881592,0.056646883487701416,-0.023520002141594887
370.9100036621094,0.5006905794143677,0.027847185730934143,-0.03151226043701172,4.35811185836792,0.18001830577850342,-0.27056974172592163
647.2020263671875,0.5593397617340088,-0.009777069091796875,0.0053653717041015625,4.66607141494751,-0.07840454578399658,0.06960579752922058
283.8139953613281,0.5228328704833984,-0.04455004259943962,0.05229811370372772,4.11682653427124,-0.24764394760131836,0.42020660638809204
974.7420043945312,0.4880293011665344,0.03618501126766205,-0.06348752975463867,3.651340961456299,0.18617451190948486,-0.4698295593261719
853.093994140625,0.41938844323158264,-0.04069020599126816,0.040656089782714844,4.227991104125977,-0.33339834213256836,0.4167526662349701
450.19000244140625,0.3157292902469635,-0.013283133506774902,0.004757881164550781,4.388723850250244,-0.1748042106628418,0.05594697967171669
588.989990234375,0.5365337133407593,0.054155632853507996,-0.07868671417236328,3.8160080909729004,0.24340689182281494,-0.5640115141868591
818.2659912109375,0.4596424400806427,0.04264692962169647,-0.07732295989990234,3.3259105682373047,0.18835949897766113,-0.5057042837142944
630.8740234375,0.49589109420776367,-0.024257972836494446,0.028704166412353516,3.0680956840515137,-0.10641825199127197,0.1893380731344223
437.8380126953125,0.29199567437171936,-0.005137741565704346,0.007907867431640625,2.892646312713623,-0.033315300941467285,0.03860821947455406
434.0580139160156,0.3339845538139343,-0.021496059373021126,0.0416111946105957,3.12593936920166,-0.14682355523109436,0.3677813708782196
662.3660278320312,0.43646928668022156,0.025423288345336914,-0.023227214813232422,4.390941619873047,0.19958090782165527,-0.254556804895401
967.9739990234375,0.5291416645050049,-0.03669244050979614,0.029833316802978516,4.294288158416748,-0.21329975128173828,0.18806877732276917
635.1300048828125,0.26837849617004395,-0.003990449011325836,0.009822368621826172,2.3124613761901855,-0.03273725509643555,0.07304364442825317
756.8779907226562,0.5921976566314697,0.011019110679626465,-0.017305374145507812,4.75859260559082,0.06657099723815918,-0.1372961401939392
972.9539794921875,0.517515242099762,0.0031801164150238037,-0.0027313232421875,4.622311115264893,0.012504100799560547,0.023201962932944298
884.9500122070312,0.46293723583221436,0.023508772253990173,-0.020891696214675903,4.459575176239014,0.19082880020141602,-0.18442924320697784
673.666015625,0.3908034563064575,-0.0342843234539032,0.04103899002075195,3.929189920425415,-0.27856647968292236,0.41000622510910034
937.7420043945312,0.4730074405670166,-0.028310999274253845,0.04561328887939453,3.483020782470703,-0.13052082061767578,0.3236360251903534
176.42999267578125,0.18900029361248016,-0.009114433079957962,0.047344207763671875,1.738755464553833,-0.039237529039382935,0.4509870409965515
56.821998596191406,-2.1696951080230065e-05,5.9052759752376005e-05,-1.5004072338342667e-05,-0.0007418582681566477,0.0002721003838814795,-0.00020803553343284875
953.8099975585938,0.6503745317459106,-0.003245115280151367,0.00041294097900390625,4.7941083908081055,-0.013012170791625977,-0.011516623198986053
410.1059875488281,0.44318509101867676,0.023657795041799545,-0.014899253845214844,4.630711555480957,0.2204838991165161,-0.1758231818675995
428.25,0.4047226905822754,-0.03572865203022957,0.04154157638549805,3.6649816036224365,-0.23568902909755707,0.3981951177120209
596.1820068359375,0.3488484025001526,-0.020311405882239342,0.031037330627441406,3.371244192123413,-0.1418682038784027,0.32057467103004456
305.69000244140625,0.5140440464019775,-0.02155660092830658,0.014451980590820312,4.584238052368164,-0.15761780738830566,0.12316393107175827
807.2139892578125,0.3613313138484955,-0.01617734134197235,0.01258540153503418,3.481736660003662,-0.11837935447692871,0.1354251652956009
368.3139953613281,0.48896270990371704,0.04429526627063751,-0.0655050277709961,3.9510788917541504,0.23862648010253906,-0.48271963000297546
149.6179962158203,0.28583255410194397,-0.026215288788080215,0.05115699768066406,3.006114959716797,-0.19570845365524292,0.5375679135322571
301.0140075683594,0.5014318227767944,-0.012539445422589779,0.01680779457092285,4.63445520401001,-0.08944349735975266,0.13034510612487793
910.5499877929688,0.5830966234207153,0.012088090181350708,-0.00559234619140625,4.5875043869018555,0.07250237464904785,-0.005393271334469318
388.34600830078125,0.48507606983184814,-0.0019299238920211792,-0.0026149749755859375,4.655463218688965,-0.023783624172210693,-0.04283173009753227
888.6740112304688,0.282597154378891,0.026662074029445648,-0.03337836265563965,3.8699140548706055,0.31923115253448486,-0.4603119194507599
141.41799926757812,0.5387957692146301,0.03302907943725586,-0.028738021850585938,4.2329816818237305,0.19424080848693848,-0.23491685092449188
845.5700073242188,0.37596940994262695,-0.030130328610539436,0.05707073211669922,3.593057632446289,-0.1929662823677063,0.5603018403053284
98.71800231933594,0.44852572679519653,0.0046927668154239655,-0.006864070892333984,4.680481910705566,0.03914400935173035,-0.09161144495010376
599.5700073242188,0.26802337169647217,-0.025629620999097824,0.05352926254272461,2.703411817550659,-0.18655961751937866,0.5717626810073853
323.7179870605469,0.5962742567062378,-0.032584041357040405,0.03135347366333008,4.628204345703125,-0.19359588623046875,0.26155897974967957
689.4819946289062,0.1625232696533203,0.00803830660879612,-0.04399299621582031,1.7004857063293457,0.06036543846130371,-0.44288700819015503
239.86199951171875,0.5012750029563904,0.0025569498538970947,-0.0005724430084228516,4.275115013122559,0.024261116981506348,-0.006456623785197735
478.41400146484375,0.4290968179702759,0.028672903776168823,-0.026671409606933594,4.0113654136657715,0.21463465690612793,-0.2541913390159607
280.489990234375,0.5200965404510498,-0.026455596089363098,0.04691207408905029,3.5207395553588867,-0.10518980026245117,0.3546832501888275
345.8500061035156,0.2804843783378601,-0.027655690908432007,0.03481864929199219,3.708993434906006,-0.3109622001647949,0.426188200712204
276.8500061035156,0.12099289894104004,-0.0032784417271614075,0.017649173736572266,1.7033970355987549,-0.02573394775390625,0.28527671098709106
716.7420043945312,0.4470299184322357,-0.03589746356010437,0.027761228382587433,4.491621971130371,-0.2899739444255829,0.2273094356060028
551.9459838867188,0.2447838932275772,-0.017469430342316628,0.09632575511932373,1.8683555126190186,-0.05456655099987984,0.773386538028717
189.71800231933594,0.3290526866912842,-0.02235790342092514,0.035094499588012695,3.4394469261169434,-0.17966905236244202,0.3607718348503113
840.614013671875,0.4002611041069031,0.02506370097398758,-0.01730632781982422,4.5539116859436035,0.24302303791046143,-0.1669803112745285
525.114013671875,0.42980214953422546,0.050778985023498535,-0.10187888145446777,3.1767525672912598,0.23816454410552979,-0.7692169547080994
464.69000244140625,0.31836313009262085,-0.027711497619748116,0.05974578857421875,2.6845598220825195,-0.14687326550483704,0.509172260761261
293.6419982910156,0.47800180315971375,-0.002110809087753296,0.0029659271240234375,4.602694511413574,-0.019517064094543457,0.07252932339906693
561.4340209960938,0.526103138923645,0.027112692594528198,-0.06712841987609863,3.642110824584961,0.11663520336151123,-0.4942752718925476
720.5139770507812,0.65650475025177,-0.01900342106819153,0.014459490776062012,4.663877010345459,-0.10779070854187012,0.11122150719165802
889.8460083007812,0.321431040763855,0.03449438512325287,-0.04564690589904785,3.3455018997192383,0.272377610206604,-0.46350526809692383
822.8099975585938,0.6033464074134827,0.019039630889892578,-0.010833263397216797,4.715398788452148,0.12098133563995361,-0.11317980289459229
618.2100219726562,0.4076627790927887,-0.0310884490609169,0.02239333838224411,4.2598676681518555,-0.26572903990745544,0.20424839854240417
779.6300048828125,0.5230976343154907,0.04600436985492706,-0.07368946075439453,3.6043567657470703,0.1952981948852539,-0.47447696328163147
933.833984375,0.6053174138069153,-0.00649377703666687,0.02376842498779297,3.713624954223633,-0.009269356727600098,0.1427750438451767
289.1820068359375,0.46595853567123413,-0.01793365180492401,0.007299065589904785,4.641430377960205,-0.15218305587768555,0.050705574452877045
625.0460205078125,0.6108047366142273,-0.019194751977920532,0.011585116386413574,4.6562652587890625,-0.11327934265136719,0.14981070160865784
419.98199462890625,0.4515489935874939,0.03285123407840729,-0.026207923889160156,4.370805263519287,0.26262354850769043,-0.25768736004829407
364.6860046386719,0.3800464868545532,0.03804315626621246,-0.04675769805908203,3.53788685798645,0.2784234285354614,-0.43999114632606506
938.218017578125,0.39781785011291504,-0.02324506640434265,0.02938079833984375,3.7310192584991455,-0.1680699586868286,0.267161101102829
898.47802734375,0.2479810267686844,0.03125307708978653,-0.07289361953735352,2.4753005504608154,0.21327567100524902,-0.7051757574081421
675.6339721679688,0.3418210744857788,-0.0297534316778183,0.027376651763916016,3.58168625831604,-0.25590798258781433,0.28586024045944214
749.9459838867188,0.5788753032684326,0.042216189205646515,-0.04382801055908203,4.283924102783203,0.21374352276325226,-0.3618866801261902
618.6259765625,0.4915216565132141,-0.03244086354970932,0.02565126121044159,4.396782398223877,-0.22855138778686523,0.2249920666217804
564.4340209960938,0.36201584339141846,0.03319205343723297,-0.0937531590461731,2.6202774047851562,0.11685001850128174,-0.6635779142379761
340.0780029296875,0.6297364234924316,-0.035464707762002945,0.028350830078125,4.636966228485107,-0.19838663935661316,0.25016626715660095
202.4459991455078,0.1784563958644867,-0.009791851043701172,0.046816468238830566,1.7710455656051636,-0.061174988746643066,0.42553120851516724
605.27001953125,0.609150230884552,-0.04223287105560303,0.042127132415771484,4.355082035064697,-0.21425557136535645,0.3436146676540375
837.47802734375,0.37565529346466064,0.012942105531692505,-0.005863189697265625,4.703162670135498,0.14993548393249512,-0.09486137330532074
214.54600524902344,0.43324220180511475,-0.026167824864387512,0.04070615768432617,3.4276790618896484,-0.12948071956634521,0.29084470868110657
940.6820068359375,0.6429628729820251,-0.009047873318195343,0.0066127777099609375,4.484587669372559,-0.05084097385406494,0.053744837641716
731.3699951171875,0.5115543603897095,-0.0006047040224075317,-0.0003943443298339844,4.738097190856934,-0.010223865509033203,0.011216708458960056
386.4700012207031,0.45689791440963745,-0.0005471706390380859,-0.007106781005859375,4.568478107452393,-0.01109391450881958,-0.054966192692518234
678.989990234375,0.4663252532482147,-0.0453888475894928,0.039160728454589844,4.191233158111572,-0.31447911262512207,0.30205562710762024
932.281982421875,0.434037983417511,0.004966318607330322,-0.005839347839355469,4.5079522132873535,0.033289313316345215,0.00033649723627604544
397.80999755859375,0.5531671643257141,0.015078045427799225,-0.006010532379150391,4.60572624206543,0.11084657907485962,-0.051036957651376724
789.6060180664062,0.20030197501182556,-0.008816733956336975,0.04972648620605469,1.8610292673110962,-0.03488743305206299,0.47083044052124023
350.2340087890625,0.5412962436676025,-0.023225948214530945,0.013644218444824219,4.669001579284668,-0.15954744815826416,0.09305281937122345
197.14199829101562,0.4313802123069763,-0.018666818737983704,0.053890228271484375,2.8582170009613037,-0.06719028949737549,0.3504680395126343
181.25399780273438,0.19596627354621887,-0.009471524506807327,0.04956960678100586,1.8905586004257202,-0.04076719284057617,0.4391573965549469
446.385986328125,0.3834894001483917,-0.02439022623002529,0.02555084228515625,3.96488618850708,-0.20327118039131165,0.27726057171821594
679.5419921875,0.5691225528717041,-0.04197554290294647,0.0334014892578125,4.347593784332275,-0.24381446838378906,0.26153749227523804
622.0859985351562,0.428093820810318,-0.03552071005105972,0.036048173904418945,4.1215739250183105,-0.2746155261993408,0.33719727396965027
207.07400512695312,0.2738098204135895,-0.013207044452428818,0.09096264839172363,1.8671067953109741,-0.011589199304580688,0.6292217373847961
754.8820190429688,0.6159858703613281,0.027796179056167603,-0.02806234359741211,4.665451526641846,0.15324997901916504,-0.21230946481227875
302.7380065917969,0.692107617855072,-0.026796594262123108,0.01863408088684082,4.6937971115112305,-0.14184224605560303,0.12893728911876678
288.2099914550781,0.5386899709701538,-0.03514641523361206,0.019800901412963867,4.487989902496338,-0.23944538831710815,0.14650380611419678
853.1900024414062,0.40529102087020874,-0.039576999843120575,0.03739786148071289,4.20768404006958,-0.34164154529571533,0.3773382902145386
194.45399475097656,0.5224915146827698,-0.0062101781368255615,-0.0019190311431884766,4.670125961303711,-0.04474043846130371,0.00727126095443964
477.6860046386719,0.4036141037940979,0.031134530901908875,-0.03435039520263672,3.7270376682281494,0.21615827083587646,-0.3363228440284729
493.3500061035156,0.6403155326843262,0.01665501296520233,-0.0111083984375,4.734349727630615,0.09642434120178223,-0.07066100835800171
789.06201171875,0.20339298248291016,-0.008603833615779877,0.04925727844238281,1.7637841701507568,-0.025591909885406494,0.43439391255378723
872.4660034179688,0.45192575454711914,-0.01296815276145935,0.004859209060668945,4.523838043212891,-0.10554713010787964,0.05078235641121864
289.4259948730469,0.6088042855262756,-0.018098756670951843,0.01979851722717285,4.639924049377441,-0.10989534854888916,0.19914834201335907
600.2100219726562,0.30433207750320435,-0.02912832796573639,0.049399375915527344,3.209047794342041,-0.23658311367034912,0.5013046860694885
660.781982421875,0.49769365787506104,0.040162403136491776,-0.05415964126586914,3.7886369228363037,0.206750750541687,-0.462545245885849
851.8179931640625,0.6302686929702759,-0.04106941819190979,0.03323650360107422,4.399056434631348,-0.20172834396362305,0.21105033159255981
761.0819702148438,0.35521969199180603,0.03826918452978134,-0.054187774658203125,3.39021635055542,0.27389681339263916,-0.4911680817604065
518.3699951171875,0.42911404371261597,0.018078923225402832,-0.011452198028564453,4.279189109802246,0.1551111936569214,-0.14635205268859863
664.6380004882812,0.45615172386169434,0.023420587182044983,-0.016183555126190186,4.558215141296387,0.1911921501159668,-0.15655574202537537
595.197998046875,0.30106911063194275,-0.014266528189182281,0.03898811340332031,2.7169458866119385,-0.0859556794166565,0.3747583329677582
261.4179992675781,0.4494170546531677,0.010168954730033875,-0.004989206790924072,4.486141204833984,0.08016180992126465,-0.05201512202620506
876.06201171875,0.29967769980430603,-0.004538774024695158,0.008847475051879883,3.016857147216797,-0.04530629515647888,0.10460346192121506
807.010009765625,0.4286801218986511,-0.018735140562057495,0.035976409912109375,3.3478124141693115,-0.08722937107086182,0.2452564239501953
671.5659790039062,0.40662649273872375,-0.027907537296414375,0.024987220764160156,4.087184429168701,-0.22054532170295715,0.24522002041339874
418.3739929199219,0.5273270010948181,0.039899200201034546,-0.04121875762939453,4.230228900909424,0.24558985233306885,-0.25814104080200195
287.4100036621094,0.4271693825721741,-0.03726264089345932,0.02892744541168213,4.444275379180908,-0.31715285778045654,0.2914206087589264
443.4620056152344,0.48909807205200195,-0.024914056062698364,0.03434467315673828,4.2203521728515625,-0.17000174522399902,0.28914591670036316
466.0140075683594,0.375457227230072,-0.03191119432449341,0.047092437744140625,3.650475263595581,-0.23404264450073242,0.44271865487098694
741.8579711914062,0.43117666244506836,0.03260594606399536,-0.07520580291748047,2.8529598712921143,0.11788392066955566,-0.5661816000938416
824.6859741210938,0.5619012117385864,0.0024363696575164795,-0.002773284912109375,4.677115440368652,0.020489215850830078,-0.03685035556554794
922.030029296875,0.47430962324142456,-0.03493037074804306,0.07325553894042969,3.1252853870391846,-0.11601737141609192,0.4644146263599396
818.5780029296875,0.4546908736228943,0.04308171570301056,-0.06855249404907227,3.4897332191467285,0.2149277925491333,-0.5352820754051208
640.9500122070312,0.37811794877052307,-0.03088933229446411,0.03357434272766113,3.9505748748779297,-0.25617969036102295,0.31314149498939514
748.9140014648438,0.39211052656173706,0.03567078709602356,-0.045444488525390625,3.7910947799682617,0.26089906692504883,-0.42515695095062256
395.3699951171875,0.6072238683700562,0.04038785398006439,-0.036864280700683594,4.266754627227783,0.19979119300842285,-0.29723069071769714
366.906005859375,0.33327633142471313,0.027850650250911713,-0.026922225952148438,3.9744491577148438,0.2797665596008301,-0.3053865134716034
257.3739929199219,0.4927310645580292,0.02342798188328743,-0.03969992697238922,3.369830846786499,0.10142417252063751,-0.27667751908302307
844.8099975585938,0.35896822810173035,-0.0011972710490226746,0.016931533813476562,4.46624755859375,-0.005475163459777832,0.22665514051914215
220.21800231933594,0.36964884400367737,0.02560659497976303,-0.04717874526977539,3.4270052909851074,0.18098723888397217,-0.43286171555519104
534.47802734375,0.2772543132305145,0.03043905645608902,-0.04058027267456055,3.6451945304870605,0.33290648460388184,-0.5417593717575073
406.35400390625,0.37125757336616516,0.01133863627910614,-0.006058216094970703,4.422573566436768,0.11492854356765747,-0.07804284244775772
375.57000732421875,0.5240212678909302,-0.04523947834968567,0.0754079818725586,3.3492441177368164,-0.15707266330718994,0.5029368996620178
802.5339965820312,0.24925020337104797,-0.027935534715652466,0.07140684127807617,2.442460298538208,-0.1969953179359436,0.7027825713157654
184.906005859375,0.37154123187065125,-0.016019348055124283,0.038721561431884766,2.427947521209717,-0.059687674045562744,0.2568025588989258
941.197998046875,0.5642073750495911,-0.0072600580751895905,0.005105018615722656,4.558036804199219,-0.0449029803276062,0.11261110752820969
252.9459991455078,0.5939422249794006,0.005730122327804565,-0.00011554360389709473,4.644030570983887,0.04800647497177124,-0.014769376255571842
621.4140014648438,0.4184480905532837,-0.04228048026561737,0.050000905990600586,3.865642786026001,-0.2901972532272339,0.4459066390991211
68.84200286865234,0.4727611541748047,0.012675940990447998,-0.024991333484649658,3.1281237602233887,0.05511510372161865,-0.12743596732616425
816.197998046875,0.543708086013794,0.013838201761245728,-0.03918886184692383,4.315498352050781,0.07301175594329834,-0.3785225450992584
276.41400146484375,0.2024848312139511,-0.0028868094086647034,0.02006983757019043,1.574899435043335,-0.009221315383911133,0.16549792885780334
148.0019989013672,0.23812629282474518,-0.018579237163066864,0.06826210021972656,2.220708131790161,-0.08980304002761841,0.6665230989456177
892.030029296875,0.6317595839500427,0.05073842406272888,-0.05572628974914551,4.184455871582031,0.22166168689727783,-0.32987460494041443
89.84200286865234,0.6702579259872437,0.03127375245094299,-0.02644491195678711,4.41355037689209,0.15227580070495605,-0.1436448097229004
892.14599609375,0.48274147510528564,0.04144243896007538,-0.03894853591918945,4.168497562408447,0.26943910121917725,-0.34819772839546204
880.2620239257812,0.3009357452392578,-0.021199993789196014,0.06012451648712158,2.5637388229370117,-0.10041296482086182,0.5164058804512024
675.2020263671875,0.3544173836708069,-0.03438097983598709,0.04208183288574219,3.5743024349212646,-0.26710760593414307,0.39803507924079895
740.4660034179688,0.37698328495025635,0.04342515394091606,-0.06072580814361572,3.3883774280548096,0.2811025381088257,-0.5809116959571838
369.4179992675781,0.4108271896839142,0.033119380474090576,-0.04173755645751953,3.97747802734375,0.23599356412887573,-0.3964473009109497
605.7860107421875,0.362072229385376,-0.02729235589504242,0.022565841674804688,4.529862403869629,-0.2863798141479492,0.28289705514907837
533.0180053710938,0.3149721026420593,0.027618832886219025,-0.058058977127075195,3.059262990951538,0.19113746285438538,-0.5226829648017883
284.0220031738281,0.45664364099502563,-0.041974857449531555,0.052637308835983276,4.097606658935547,-0.28669071197509766,0.45113006234169006
250.2220001220703,0.3997901380062103,0.01601152867078781,-0.010505706071853638,4.3422160148620605,0.15046155452728271,-0.16742581129074097
573.4340209960938,0.5968894958496094,0.05043944716453552,-0.04148125648498535,4.291382789611816,0.25633883476257324,-0.3184254765510559
259.2980041503906,0.607627809047699,0.0238693505525589,-0.01706022024154663,4.148975849151611,0.12809967994689941,-0.13770504295825958
778.1939697265625,0.3244098424911499,0.03593059629201889,-0.07028961181640625,2.9013562202453613,0.2118360996246338,-0.6083353161811829
423.22601318359375,0.5258647799491882,0.007047325372695923,-0.006108283996582031,4.699176788330078,0.0515826940536499,-0.07012519985437393
692.385986328125,0.32917195558547974,0.026084870100021362,-0.044597506523132324,3.2157559394836426,0.19299650192260742,-0.4365553855895996
511.01800537109375,0.5389553308486938,0.031531333923339844,-0.02270650863647461,4.2058281898498535,0.1934572458267212,-0.20899799466133118
950.5380249023438,0.3421483039855957,-0.01338164508342743,0.0055141448974609375,4.749637603759766,-0.17336606979370117,0.09151962399482727
361.01800537109375,0.31112274527549744,0.007135286927223206,-0.03419971466064453,2.433177947998047,0.018719792366027832,-0.2750372588634491
533.9739990234375,0.4376930594444275,0.03610917925834656,-0.05175042152404785,3.6820387840270996,0.2141350507736206,-0.39269670844078064
824.4660034179688,0.4670785665512085,0.0038079172372817993,0.0004329681396484375,4.679705619812012,0.03657197952270508,0.01366100087761879
74.34200286865234,0.4370853304862976,0.0014033615589141846,-0.0009599924087524414,4.547243595123291,0.009404420852661133,0.030927501618862152
360.6059875488281,0.3580477237701416,0.0041330307722091675,-0.03331756591796875,2.232848882675171,-0.01271045207977295,-0.21122528612613678
552.7219848632812,0.20626996457576752,-0.016420938074588776,0.08183044195175171,1.7704429626464844,-0.07477855682373047,0.6613410711288452
407.4100036621094,0.4752504527568817,0.015425708144903183,-0.007240772247314453,4.550184726715088,0.12517064809799194,-0.06432028114795685
617.6019897460938,0.6216781735420227,-0.04999329894781113,0.05455033481121063,3.9832823276519775,-0.21068403124809265,0.30566391348838806
562.5339965820312,0.26606306433677673,0.026526115834712982,-0.05586576461791992,2.681142568588257,0.1949562430381775,-0.5639670491218567
401.2860107421875,0.3149194121360779,0.01596977934241295,-0.03395557403564453,3.1153087615966797,0.12498195469379425,-0.32218021154403687
772.7420043945312,0.5716471672058105,0.044473499059677124,-0.04035663604736328,4.343861103057861,0.23910307884216309,-0.3050018548965454
502.2860107421875,0.36951184272766113,0.019120201468467712,-0.04502296447753906,2.8563337326049805,0.08272600173950195,-0.3353600800037384
372.6059875488281,0.598402738571167,0.027111977338790894,-0.03162860870361328,4.569890975952148,0.1522071361541748,-0.2517870366573334
979.4739990234375,0.3763061463832855,0.023010313510894775,-0.015214920043945312,4.299106597900391,0.220997154712677,-0.09644567221403122
990.9099731445312,0.5450034737586975,0.03317782282829285,-0.03559541702270508,4.398903846740723,0.18958234786987305,-0.3022299110889435
568.5419921875,0.5900358557701111,0.020121842622756958,-0.014660835266113281,4.478823184967041,0.10436272621154785,-0.1409633755683899
620.822021484375,0.35987037420272827,-0.03703169524669647,0.04478633403778076,3.9291563034057617,-0.32429277896881104,0.49351057410240173
398.3580017089844,0.5111684799194336,0.011832036077976227,-0.003704547882080078,4.5496649742126465,0.0899798572063446,-0.019732071086764336
766.1500244140625,0.38890016078948975,0.0072595104575157166,-0.0027551651000976562,4.616187572479248,0.07535147666931152,-0.05200228840112686
938.6740112304688,0.389419287443161,-0.02438420057296753,0.025678634643554688,3.927823781967163,-0.19970965385437012,0.23336683213710785
301.6099853515625,0.47333699464797974,-0.022013112902641296,0.01682257652282715,4.7252631187438965,-0.1822478473186493,0.14925280213356018
968.073974609375,0.43133261799812317,-0.02920810878276825,0.019445419311523438,4.328065872192383,-0.24539268016815186,0.2078358680009842
89.27799987792969,0.452623188495636,0.02683568000793457,-0.02669668197631836,4.349276542663574,0.2007741928100586,-0.2572934925556183
907.97802734375,0.5728464126586914,0.03796912729740143,-0.03276824951171875,4.225287914276123,0.2007371187210083,-0.16942134499549866
539.9140014648438,0.25480473041534424,0.018835559487342834,-0.09371805191040039,1.828521490097046,0.045648396015167236,-0.6639521718025208
268.2019958496094,0.2931625545024872,0.012777701020240784,-0.0370517373085022,2.666830062866211,0.07965564727783203,-0.3922663927078247
725.8140258789062,0.6008619070053101,-0.04273146390914917,0.03415942192077637,4.449156761169434,-0.22677040100097656,0.22719968855381012
233.906005859375,0.681298553943634,0.019868895411491394,-0.008787393569946289,4.7563395500183105,0.11779749393463135,-0.06543079018592834
978.197998046875,0.5346257090568542,0.040410175919532776,-0.0482792854309082,3.7567782402038574,0.1951369047164917,-0.3289755880832672
934.85400390625,0.2817660868167877,-0.01313721388578415,0.03336524963378906,2.853510618209839,-0.0940132737159729,0.3244876265525818
695.3740234375,0.4917968809604645,0.02337026596069336,-0.015459299087524414,4.551466464996338,0.19045519828796387,-0.07965979725122452
986.1339721679688,0.5454177260398865,0.005046546459197998,0.0003800392150878906,4.70858907699585,0.032772064208984375,0.03582733869552612
125.66200256347656,0.44390445947647095,0.014966517686843872,-0.01590442657470703,4.601288795471191,0.12498641014099121,-0.15893331170082092
634.4619750976562,0.2543260455131531,-0.002473689615726471,0.005440711975097656,2.2577950954437256,-0.02217233180999756,0.03422703593969345
253.58599853515625,0.351532518863678,0.0026393160223960876,0.001492038369178772,4.625606536865234,0.027764618396759033,0.03312942758202553
183.54600524902344,0.2501155734062195,-0.014178797602653503,0.03621721267700195,2.5279948711395264,-0.08753222227096558,0.3656086325645447
587.9500122070312,0.43051040172576904,0.03615809977054596,-0.036540985107421875,4.120116710662842,0.27308303117752075,-0.3890376389026642
859.8140258789062,0.6352242827415466,-0.0038682520389556885,-0.0001220703125,4.685735702514648,-0.02535724639892578,0.004207550082355738
389.51800537109375,0.3756170868873596,0.0309465229511261,-0.05197429656982422,3.424051284790039,0.2016998529434204,-0.517158567905426
191.58599853515625,0.5176904797554016,-0.01971435546875,0.020011425018310547,4.191555976867676,-0.11741530895233154,0.1637989729642868
155.47799682617188,0.400825560092926,-0.042124196887016296,0.05294990539550781,4.025599956512451,-0.326735258102417,0.5521305203437805
740.6019897460938,0.4613373875617981,0.04712660238146782,-0.08221900463104248,3.3851380348205566,0.21892206370830536,-0.5776570439338684
280.85400390625,0.39113128185272217,-0.026355817914009094,0.044568657875061035,3.621647357940674,-0.17113828659057617,0.41726917028427124
350.1180114746094,0.6296937465667725,-0.027680620551109314,0.02292346954345703,4.659843444824219,-0.14500212669372559,0.16340047121047974
159.91799926757812,0.4178023338317871,-0.039645493030548096,0.03317546844482422,4.221590995788574,-0.327306866645813,0.32271406054496765
556.4340209960938,0.32588306069374084,-0.016985327005386353,0.0718604326248169,2.3907902240753174,-0.03991442918777466,0.5505176186561584
690.1019897460938,0.2746075391769409,0.010637633502483368,-0.07185280323028564,1.8133317232131958,0.014797747135162354,-0.5366096496582031
244.03799438476562,0.25986769795417786,0.007223889231681824,-0.05089163780212402,1.8024885654449463,0.004256486892700195,-0.34992334246635437
605.3699951171875,0.4356815218925476,-0.03226681053638458,0.03279399871826172,4.378274917602539,-0.25209689140319824,0.30649974942207336
632.7420043945312,0.21103574335575104,-0.002359539270401001,0.003271818161010742,2.2941200733184814,-0.024042725563049316,0.014956527389585972
755.073974609375,0.445422887802124,0.023370906710624695,-0.01870250701904297,4.668308734893799,0.20731329917907715,-0.21252217888832092
985.2219848632812,0.5341118574142456,0.006590604782104492,-0.004952430725097656,4.779403209686279,0.05493319034576416,-0.012850475497543812
820.7459716796875,0.6075603365898132,0.04620296508073807,-0.03219938278198242,4.361909866333008,0.24776268005371094,-0.21153061091899872
572.718017578125,0.4079410135746002,0.03933277726173401,-0.04506993293762207,4.101829528808594,0.3077821731567383,-0.4392518997192383
164.08599853515625,0.44215142726898193,-0.035654887557029724,0.035186767578125,4.273021697998047,-0.26720380783081055,0.3306240737438202
529.1539916992188,0.3839322030544281,0.038203492760658264,-0.05490189790725708,3.642833709716797,0.2853590250015259,-0.5204978585243225
892.47802734375,0.4442662298679352,0.03619362413883209,-0.029381752014160156,4.290752410888672,0.2885345220565796,-0.24901944398880005
98.55799865722656,0.6935641765594482,0.0042818039655685425,-0.010746479034423828,4.684769153594971,0.009520560503005981,-0.07504184544086456
100.27799987792969,0.48201504349708557,0.023464366793632507,-0.0226593017578125,4.615771770477295,0.18039125204086304,-0.27657851576805115
136.697998046875,0.5095778107643127,0.0050390660762786865,-0.014444351196289062,4.5168304443359375,0.037256717681884766,-0.16996194422245026
691.0419921875,0.21790529787540436,0.013094194233417511,-0.04617893695831299,2.309739112854004,0.09120237827301025,-0.4579841196537018
446.9700012207031,0.3635232150554657,-0.029663503170013428,0.03350257873535156,3.7634549140930176,-0.24358636140823364,0.3402140140533447
829.2459716796875,0.40789660811424255,0.0273667573928833,-0.02422332763671875,4.422005653381348,0.2480759620666504,-0.2552187442779541
767.6699829101562,0.4694768190383911,0.0023153498768806458,0.0008573532104492188,4.702690601348877,0.018715500831604004,-0.01657852530479431
724.7139892578125,0.43228355050086975,-0.041579827666282654,0.03683960437774658,4.372671127319336,-0.3369739055633545,0.3677250146865845
926.3699951171875,0.4878824055194855,-0.04797925055027008,0.05888938903808594,3.945838451385498,-0.2735675573348999,0.4003733694553375
814.7420043945312,0.6090860962867737,0.012320995330810547,-0.005425453186035156,4.6200761795043945,0.079154372215271,-0.06056975573301315
616.3060302734375,0.37140530347824097,-0.042533546686172485,0.06526035070419312,3.461686134338379,-0.2785731554031372,0.6272594928741455
96.5739974975586,0.44765704870224,0.014313878491520882,-0.009677886962890625,4.479033946990967,0.12933294475078583,-0.07634030282497406
990.7860107421875,0.6249558925628662,0.03618025779724121,-0.03626441955566406,4.42832088470459,0.18623924255371094,-0.26617005467414856
855.0540161132812,0.47083836793899536,-0.027762994170188904,0.024863719940185547,4.527188777923584,-0.21098554134368896,0.19834794104099274
927.47802734375,0.5679824352264404,-0.04314395785331726,0.04057502746582031,4.322988510131836,-0.23167753219604492,0.3028704524040222
619.7260131835938,0.41067707538604736,-0.018853873014450073,0.02518799901008606,4.428280353546143,-0.1625140905380249,0.2835100293159485
161.3459930419922,0.7030479907989502,-0.040652304887771606,0.024713516235351562,4.526341438293457,-0.20006859302520752,0.15224257111549377
620.72998046875,0.4071280360221863,-0.040585532784461975,0.04913598299026489,3.9247169494628906,-0.3019176721572876,0.47942930459976196
990.4019775390625,0.46556055545806885,0.02929486334323883,-0.02270793914794922,4.482899188995361,0.23237943649291992,-0.22187069058418274
124.302001953125,0.5051151514053345,-0.001933068037033081,-0.0084075927734375,4.703505992889404,-0.02658557891845703,-0.1051533967256546
901.1300048828125,0.2853909134864807,0.03458476811647415,-0.0743560791015625,2.8559458255767822,0.24713675677776337,-0.7218928337097168
193.51800537109375,0.4489418566226959,-0.012350261211395264,0.008963584899902344,4.515322685241699,-0.10523247718811035,0.09217948466539383
778.64599609375,0.31296539306640625,0.03277623653411865,-0.06051063537597656,2.9115700721740723,0.21688246726989746,-0.5595873594284058
870.3460083007812,0.31044143438339233,-0.025298893451690674,0.027299165725708008,3.9197282791137695,-0.2627936601638794,0.3468044698238373
781.2979736328125,0.32548457384109497,0.02129260078072548,-0.017563819885253906,4.3032636642456055,0.22766512632369995,-0.23772262036800385
582.1019897460938,0.6824082732200623,0.055726051330566406,-0.04695844650268555,4.361494541168213,0.23875677585601807,-0.2849811911582947
564.2940063476562,0.2600860297679901,0.02736048400402069,-0.06900477409362793,2.556112766265869,0.18530750274658203,-0.647773802280426
64.08599853515625,-8.24045782792382e-05,5.249198147794232e-05,3.424426540732384e-05,-0.001185826607979834,0.00015630868438165635,-0.00032656468101777136
659.8099975585938,0.33473244309425354,0.03484223783016205,-0.05246424674987793,3.235180616378784,0.24654054641723633,-0.5392544269561768
665.8779907226562,0.6456783413887024,0.024687081575393677,-0.015602171421051025,4.761570930480957,0.14304590225219727,-0.11855591833591461
985.1099853515625,0.38057729601860046,0.00432722270488739,-0.0038166046142578125,4.7525129318237305,0.04277932643890381,-0.05591187998652458
730.8779907226562,0.6227097511291504,0.0030811429023742676,0.007018089294433594,4.721731185913086,0.03642392158508301,0.07456082850694656
491.65399169921875,0.5229645371437073,0.027396075427532196,-0.021139144897460938,4.5330352783203125,0.1822587251663208,-0.19672426581382751
875.3740234375,0.26553383469581604,-0.0028806226328015327,-0.0002522468566894531,3.6391429901123047,-0.03969467058777809,0.03958961367607117
902.9340209960938,0.4405115842819214,0.04037153720855713,-0.06354236602783203,3.5969529151916504,0.2181926965713501,-0.5145170092582703
766.4500122070312,0.44492921233177185,0.0056922584772109985,-0.0015964508056640625,4.648524761199951,0.06036555767059326,0.010637817904353142
253.25,0.42659834027290344,0.0039397478103637695,-0.002104341983795166,4.624119281768799,0.0436740517616272,-0.05989630147814751
779.6740112304688,0.1584952175617218,0.01830112561583519,-0.020673751831054688,3.614522695541382,0.3782975673675537,-0.47882139682769775
534.989990234375,0.4692491292953491,0.04846574366092682,-0.09108662605285645,3.3805036544799805,0.2021874189376831,-0.6324962377548218
208.16600036621094,0.21143612265586853,-0.012519121170043945,0.06821203231811523,1.7487233877182007,-0.05131441354751587,0.544772207736969
352.2820129394531,0.40859025716781616,-0.010607361793518066,0.011294364929199219,4.651231288909912,-0.1013650894165039,0.1464189887046814
684.2139892578125,0.37624579668045044,0.03376428782939911,-0.051982879638671875,3.7185540199279785,0.25906121730804443,-0.5142203569412231
297.6180114746094,0.48096826672554016,-0.013046517968177795,0.013622045516967773,4.621885299682617,-0.10523486137390137,0.16335433721542358
823.3099975585938,0.6576286554336548,0.011571019887924194,-0.0007791519165039062,4.669860363006592,0.06813621520996094,-0.0380159467458725
602.7420043945312,0.43731921911239624,-0.03495004028081894,0.030276775360107422,4.239507675170898,-0.26751309633255005,0.30823859572410583
894.4099731445312,0.39972853660583496,0.03907507658004761,-0.0336306095123291,4.195913314819336,0.3333723545074463,-0.35234928131103516
560.1259765625,0.4998539090156555,-0.017434582114219666,0.0066754817962646484,4.640655517578125,-0.12263619899749756,0.08008476346731186
720.85400390625,0.6904319524765015,-0.019883453845977783,0.02445065975189209,4.653234958648682,-0.09212517738342285,0.20698969066143036
898.2420043945312,0.27233022451400757,0.036648958921432495,-0.07342863082885742,2.702772617340088,0.25806164741516113,-0.759680986404419
367.3819885253906,0.527786374092102,0.03338967263698578,-0.03547859191894531,4.140274524688721,0.1771678924560547,-0.29963797330856323
818.9459838867188,0.4638776183128357,0.043061479926109314,-0.05590057373046875,3.679689884185791,0.23283088207244873,-0.43486490845680237
970.5380249023438,0.35152143239974976,-0.005032628774642944,0.0033206939697265625,4.620458126068115,-0.06099128723144531,0.05289219319820404
367.4700012207031,0.36684998869895935,0.024272531270980835,-0.025928497314453125,4.2262396812438965,0.22660279273986816,-0.33235859870910645
748.8099975585938,0.4680156111717224,0.043027400970458984,-0.05150794982910156,3.762049436569214,0.24477005004882812,-0.3875088393688202
787.1580200195312,0.2555091977119446,-0.008009139448404312,0.02365589141845703,2.3472046852111816,-0.05321449041366577,0.2105458825826645
274.6099853515625,0.1662130504846573,-0.0023356005549430847,0.006559610366821289,1.665021538734436,-0.0133436918258667,0.06811229884624481
574.4539794921875,0.46576374769210815,0.0422603040933609,-0.03538370132446289,4.330960750579834,0.3079938292503357,-0.3735247552394867
880.1420288085938,0.2251911461353302,-0.016769960522651672,0.04801487922668457,2.475159168243408,-0.13162735104560852,0.4989732503890991
202.12600708007812,0.17677749693393707,-0.00953395664691925,0.047092288732528687,1.7269279956817627,-0.04931062459945679,0.46955201029777527
893.1060180664062,0.44127386808395386,0.04297398775815964,-0.05110621452331543,4.069782257080078,0.2997922897338867,-0.4437532126903534
444.010009765625,0.39188146591186523,-0.030095890164375305,0.029099464416503906,4.091187477111816,-0.25230908393859863,0.3207005262374878
295.302001953125,0.4705807566642761,0.0027192234992980957,-0.0004734992980957031,4.49672269821167,0.02730393409729004,-0.01626398228108883
854.6060180664062,0.43039238452911377,-0.031240060925483704,0.022003173828125,4.326418399810791,-0.26536786556243896,0.2000265121459961
602.6380004882812,0.5185315012931824,-0.04151962324976921,0.03736162185668945,4.1877760887146,-0.24610915780067444,0.28146472573280334
442.8900146484375,0.38279426097869873,-0.020556405186653137,0.0129547119140625,4.175603866577148,-0.18585073947906494,0.13219402730464935
953.9140014648438,0.4996442496776581,-0.0025665313005447388,-0.0029134750366210938,4.811189651489258,-0.01494741439819336,-0.0419798381626606
931.0700073242188,0.5623616576194763,0.010539710521697998,-0.009748458862304688,4.662327766418457,0.08159804344177246,-0.1262345314025879
487.5459899902344,0.5644552707672119,0.040026724338531494,-0.036910057067871094,4.177629470825195,0.21542024612426758,-0.25798094272613525
237.98599243164062,0.6226733922958374,0.0034188032150268555,-0.0036864280700683594,4.707035064697266,0.010362386703491211,-0.03640862926840782
374.19000244140625,0.34327831864356995,0.004817873239517212,0.011077880859375,4.301394462585449,0.05646216869354248,0.15159690380096436
265.2139892578125,0.4518491327762604,0.00395435094833374,-0.0008687973022460938,4.716794013977051,0.03512930870056152,-0.02780052274465561
940.3300170898438,0.44279637932777405,-0.011624444276094437,0.005359649658203125,4.433467388153076,-0.09687215089797974,0.03124055452644825
937.6060180664062,0.24856990575790405,-0.01734192669391632,0.026276588439941406,3.479206085205078,-0.20074474811553955,0.3549189865589142
566.2860107421875,0.3815602958202362,0.03274701535701752,-0.044020265340805054,3.681762933731079,0.22763466835021973,-0.386424720287323
959.5380249023438,0.4617519974708557,-0.023521512746810913,0.02119922637939453,4.447323799133301,-0.18494153022766113,0.2117246389389038
78.28600311279297,0.37806543707847595,0.025986455380916595,-0.027739644050598145,4.139912128448486,0.22523534297943115,-0.3044666349887848
228.6699981689453,0.4606931805610657,0.041000038385391235,-0.039469242095947266,4.142209053039551,0.2758880853652954,-0.3797403573989868
126.15399932861328,0.611700177192688,0.021378636360168457,-0.008546829223632812,4.62444543838501,0.12615513801574707,-0.06643164157867432
625.9140014648438,0.596265435218811,-0.007721751928329468,-0.024764060974121094,4.3197245597839355,-0.06431984901428223,-0.20755112171173096
296.7179870605469,0.4917486011981964,0.0006028264760971069,0.00024008750915527344,4.715690612792969,-0.00021910667419433594,-0.0367264486849308
175.50999450683594,0.23401790857315063,-0.015541307628154755,0.05976104736328125,1.8984007835388184,-0.07452195882797241,0.47421836853027344
915.8779907226562,0.5820627212524414,0.0251091867685318,-0.01633167266845703,4.551738262176514,0.1621474027633667,-0.1679755449295044
105.48600006103516,0.37081101536750793,0.03736792504787445,-0.07444572448730469,2.919280529022217,0.17164206504821777,-0.572134792804718
398.80999755859375,0.47077423334121704,0.007179297506809235,-0.00183868408203125,4.493551254272461,0.05977189540863037,-0.023643124848604202
825.4099731445312,0.5269068479537964,0.0026927143335342407,0.00018358230590820312,4.710665702819824,0.014571428298950195,0.026158172637224197
447.0740051269531,0.3885878920555115,-0.03131765127182007,0.036744117736816406,3.7319283485412598,-0.23075830936431885,0.3956422209739685
830.7420043945312,0.33825111389160156,0.02541038580238819,-0.025243759155273438,4.424903869628906,0.29115423560142517,-0.36286476254463196
300.406005859375,0.6447528600692749,-0.015002681873738766,0.005776405334472656,4.734633445739746,-0.0894099771976471,0.031807903200387955
328.1499938964844,0.5879007577896118,-0.0250481516122818,0.017081260681152344,4.610292434692383,-0.15680253505706787,0.17941874265670776
212.25799560546875,0.22895872592926025,-0.021862003952264786,0.04885387420654297,2.6244990825653076,-0.1899171769618988,0.5644407272338867
767.1339721679688,0.5524731874465942,0.0014459937810897827,-0.0012340545654296875,4.749147415161133,0.011685073375701904,-0.005101616960018873
422.4700012207031,0.4683673679828644,0.006992921233177185,-0.005393266677856445,4.689386367797852,0.05685889720916748,-0.023830490186810493
468.86199951171875,0.5749570727348328,-0.01756972074508667,0.011647224426269531,4.638561725616455,-0.11559233069419861,0.07675345987081528
925.5819702148438,0.4935891330242157,-0.04737554118037224,0.0707101821899414,3.6728570461273193,-0.22611574828624725,0.5654283761978149
618.0139770507812,0.4190863072872162,-0.03138880804181099,0.031078331172466278,4.222151279449463,-0.2497750222682953,0.32072728872299194
333.2019958496094,0.3950851261615753,-0.010219275951385498,0.005077362060546875,4.717655181884766,-0.1095285415649414,0.07129107415676117
386.5740051269531,0.475565105676651,0.0014050379395484924,-0.003849029541015625,4.58510160446167,0.006663799285888672,-0.040631167590618134
81.01000213623047,0.5646723508834839,0.014654934406280518,-0.03625130653381348,3.5063343048095703,0.043193817138671875,-0.2603299021720886
975.64599609375,0.2418738752603531,0.024980299174785614,-0.05276966094970703,2.628566265106201,0.19071269035339355,-0.5337691903114319
825.2979736328125,0.4673970341682434,0.0018430203199386597,-0.002182483673095703,4.698063373565674,0.022214412689208984,-0.07424390316009521
823.8140258789062,0.6438864469528198,0.005234420299530029,-0.00856781005859375,4.7478790283203125,0.02166581153869629,-0.06589814275503159
56.374000549316406,-3.5239070712123066e-05,4.2250707338098437e-05,-1.657288521528244e-06,-0.0007604564307257533,0.0005169400828890502,-0.002239591907709837
456.4100036621094,0.32178840041160583,-0.026233986020088196,0.04231834411621094,3.3929762840270996,-0.21036553382873535,0.4600999057292938
908.9099731445312,0.4679882526397705,0.023278385400772095,-0.02050304412841797,4.522710800170898,0.18372654914855957,-0.22414864599704742
467.65399169921875,0.35185810923576355,-0.02049151062965393,0.013965606689453125,4.395813465118408,-0.22192656993865967,0.1914767622947693
231.35800170898438,0.4143359661102295,0.03227905184030533,-0.02763843536376953,4.150965690612793,0.2599957585334778,-0.2737928628921509
698.4180297851562,0.6356019973754883,0.01558232307434082,-0.03875988721847534,4.488934516906738,0.06845593452453613,-0.2924574911594391
121.85800170898438,0.6496055126190186,0.010804831981658936,-0.004107475280761719,4.633690357208252,0.055505990982055664,-0.030698727816343307
275.8500061035156,0.12940117716789246,-0.0014864727854728699,0.00801849365234375,1.4721450805664062,-0.009174466133117676,0.0978361964225769
295.0979919433594,0.6373370289802551,0.004754617810249329,-0.005148887634277344,4.5712761878967285,0.016628384590148926,-0.07924622297286987
684.469970703125,0.42235350608825684,0.04083047807216644,-0.06350278854370117,3.462064743041992,0.23029661178588867,-0.533204197883606
150.18600463867188,0.29625025391578674,-0.026739101856946945,0.04066276550292969,3.4067366123199463,-0.2466508150100708,0.44935116171836853
389.9540100097656,0.35511496663093567,0.034093596041202545,-0.05421257019042969,3.2850449085235596,0.23165148496627808,-0.5212271213531494
523.6619873046875,0.36433467268943787,0.0339786633849144,-0.04721641540527344,3.652287721633911,0.25605809688568115,-0.48092249035835266
211.85400390625,0.24744932353496552,-0.02044234424829483,0.0690755844116211,2.421722173690796,-0.11743342876434326,0.6570808291435242
496.6340026855469,0.6248645186424255,0.001324385404586792,0.0021600723266601562,4.166247844696045,0.005789995193481445,-0.04143020138144493
835.7420043945312,0.6001814603805542,0.047528453171253204,-0.037026405334472656,4.446527481079102,0.2646859288215637,-0.2442009001970291
824.2659912109375,0.6504847407341003,0.005309313535690308,-0.0034818649291992188,4.656700134277344,0.033136844635009766,-0.02168557420372963
555.47802734375,0.14347955584526062,-0.01102813333272934,0.046885907649993896,1.8948650360107422,-0.09829843044281006,0.6309316158294678
529.2540283203125,0.35744982957839966,0.03793005645275116,-0.05496203899383545,3.549377918243408,0.2831761837005615,-0.5360410809516907
229.12600708007812,0.4662504196166992,0.03607769310474396,-0.038496971130371094,4.161024570465088,0.24967586994171143,-0.36204034090042114
874.3660278320312,0.5345314145088196,-0.0060453275218605995,-0.0025653839111328125,4.169250965118408,-0.04728825390338898,0.006607078947126865
256.8139953613281,0.42116478085517883,0.016947809606790543,-0.027689572423696518,3.2672059535980225,0.0912320539355278,-0.23500047624111176
511.6419982910156,0.5797716379165649,0.026995450258255005,-0.021586894989013672,4.414134979248047,0.15144646167755127,-0.1404516100883484
57.066001892089844,-3.6053519579581916e-05,4.9835220124805346e-05,6.827991455793381e-06,-0.0019283314468339086,0.00041235622484236956,0.0015374870272353292
698.2780151367188,0.4619937539100647,0.00718003511428833,-0.020335376262664795,4.593279838562012,0.05514979362487793,-0.22591188549995422
339.3900146484375,0.47099578380584717,-0.034507930278778076,0.023453712463378906,4.545963764190674,-0.2732226848602295,0.21792255342006683
186.906005859375,0.21762779355049133,-0.0069703608751297,0.025968074798583984,1.9852689504623413,-0.04562503099441528,0.2630535066127777
209.3419952392578,0.22992826998233795,-0.015085689723491669,0.0664210319519043,1.8700629472732544,-0.0627480149269104,0.573139488697052
331.906005859375,0.5199437141418457,-0.02255772054195404,0.01756763458251953,4.645410060882568,-0.16237354278564453,0.1585632711648941
358.2019958496094,0.2663426995277405,-0.0015577971935272217,-0.0020914077758789062,2.4969286918640137,-0.013476729393005371,-0.04993286728858948
171.4219970703125,0.4788322448730469,-0.0066335201263427734,0.010173797607421875,4.565963268280029,-0.05585634708404541,0.1320875585079193
939.010009765625,0.4133795201778412,-0.024496249854564667,0.02519512176513672,4.167290687561035,-0.1955709457397461,0.2576749324798584
667.0900268554688,0.4962135851383209,0.003212153911590576,-0.003308415412902832,4.764094352722168,0.022076845169067383,-0.04936559498310089
602.885986328125,0.618096649646759,-0.04334118962287903,0.04544830322265625,4.327952861785889,-0.21138375997543335,0.28081825375556946
883.3779907226562,0.6009445190429688,-0.03271409869194031,0.025897935032844543,4.568406105041504,-0.19693619012832642,0.17890143394470215
210.47000122070312,0.18358585238456726,-0.015460759401321411,0.059827327728271484,1.9128882884979248,-0.10278809070587158,0.5975449681282043
957.0579833984375,0.4238854646682739,-0.03227207064628601,0.02688741683959961,4.277280330657959,-0.2691911458969116,0.24430522322654724
318.7980041503906,0.7043209671974182,-0.014918386936187744,0.015070438385009766,4.748319149017334,-0.06460762023925781,0.1173933818936348
993.2659912109375,0.6413591504096985,0.05441523343324661,-0.0808253288269043,3.9768385887145996,0.1958910971879959,-0.5024911165237427
936.1099853515625,0.26013481616973877,-0.015741724520921707,0.039669036865234375,2.590664863586426,-0.09834510087966919,0.3808424770832062
60.54199981689453,-3.850373104796745e-05,7.259289122885093e-05,1.4485791325569153e-05,-0.0009498774888925254,0.0009278516517952085,-0.0017708746017888188
608.5700073242188,0.4625822603702545,-0.027567323297262192,0.01637411117553711,4.619095325469971,-0.22893255949020386,0.17152319848537445
331.4419860839844,0.44897574186325073,-0.020197659730911255,0.016008377075195312,4.495586395263672,-0.17035651206970215,0.1400751769542694
484.64599609375,0.3095453381538391,0.020948335528373718,-0.07533454895019531,2.378802537918091,0.07985305786132812,-0.5485435724258423
379.04998779296875,0.6542553305625916,-0.056564122438430786,0.07460880279541016,3.891688346862793,-0.20005285739898682,0.4311790466308594
848.177978515625,0.40664854645729065,-0.0305299311876297,0.02703857421875,4.097447872161865,-0.2446904182434082,0.29964303970336914
593.27001953125,0.25378644466400146,0.0026670098304748535,0.018082618713378906,1.7612096071243286,0.02186894416809082,0.14633500576019287
690.43798828125,0.3164956867694855,0.01221705973148346,-0.07421588897705078,1.9583983421325684,0.007411539554595947,-0.44530120491981506
412.8299865722656,0.5266403555870056,0.00771021842956543,-0.0059947967529296875,4.6818623542785645,0.06204211711883545,-0.07298985868692398
253.82200622558594,0.4889073967933655,0.001143045723438263,0.004355520009994507,4.508785247802734,0.01799333095550537,0.008290530182421207
231.4219970703125,0.26632341742515564,0.02127353847026825,-0.017817258834838867,4.176697254180908,0.2950431704521179,-0.28388622403144836
255.87399291992188,0.46473634243011475,0.004846684634685516,0.0037551671266555786,3.468374252319336,0.03722822666168213,0.0015834312653169036
477.2300109863281,0.3294031023979187,0.026967912912368774,-0.03152179718017578,3.5860331058502197,0.23566436767578125,-0.3323153555393219
308.74200439453125,0.5419301986694336,-0.039476796984672546,0.03168201446533203,4.401567459106445,-0.25053417682647705,0.23750460147857666
356.3900146484375,0.3627699017524719,-0.0020075738430023193,0.0019769668579101562,3.9025940895080566,-0.013000130653381348,0.03250101953744888
160.71800231933594,0.4143286347389221,-0.03327944874763489,0.023775100708007812,4.3274006843566895,-0.28913819789886475,0.25466397404670715
653.6740112304688,0.18424759805202484,0.016199331730604172,-0.016360759735107422,4.169528484344482,0.33316224813461304,-0.3822587728500366
787.3499755859375,0.24358339607715607,-0.007394198328256607,0.022167205810546875,2.3504931926727295,-0.05229797959327698,0.19800019264221191
330.7539978027344,0.4548778235912323,-0.02741505205631256,0.017942428588867188,4.538985252380371,-0.2260737419128418,0.16653156280517578
265.46600341796875,0.6966438889503479,0.005726605653762817,0.00023561716079711914,4.721954822540283,0.04627704620361328,-0.005835300777107477
659.0780029296875,0.3159600496292114,0.037183597683906555,-0.057329416275024414,3.1423115730285645,0.2755972146987915,-0.5863173604011536
133.69000244140625,0.6021746397018433,0.013841822743415833,-0.0066986083984375,4.678760528564453,0.09957695007324219,-0.0436064675450325
101.23400115966797,0.5570276975631714,0.03251969814300537,-0.027022838592529297,4.508784294128418,0.20247280597686768,-0.19415704905986786
327.01800537109375,0.44161316752433777,-0.026211481541395187,0.016201019287109375,4.589776992797852,-0.2355518341064453,0.17834730446338654
577.43798828125,0.516234278678894,0.05616249144077301,-0.06082868576049805,3.8859376907348633,0.3072553873062134,-0.48349857330322266
355.37799072265625,0.5344911813735962,-0.0039758384227752686,0.002193450927734375,4.41690731048584,-0.021920204162597656,0.007990000769495964
834.5980224609375,0.4359205365180969,0.043271392583847046,-0.0381927490234375,4.371215343475342,0.3445838689804077,-0.364223837852478
761.1820068359375,0.33578699827194214,0.03606025129556656,-0.04861736297607422,3.3574955463409424,0.2739529609680176,-0.48576611280441284
142.75399780273438,0.4582061171531677,0.009892508387565613,0.000408172607421875,4.582653999328613,0.08427214622497559,-0.025919463485479355
639.1019897460938,0.5183770060539246,-0.028054839000105858,0.04682636260986328,3.332374095916748,-0.10847705602645874,0.2726454734802246
539.1259765625,0.2142607718706131,0.017846256494522095,-0.08269596099853516,1.9322504997253418,0.07822710275650024,-0.7812507748603821
189.53799438476562,0.47980761528015137,-0.027260880917310715,0.04868936538696289,3.3308980464935303,-0.1151418387889862,0.3554731011390686
580.2899780273438,0.4222107529640198,0.03896397352218628,-0.03379344940185547,4.2807769775390625,0.32151520252227783,-0.3237876296043396
104.11399841308594,0.3874782919883728,0.03777133673429489,-0.07346773147583008,3.2150869369506836,0.20544475317001343,-0.6978737711906433
371.70599365234375,0.4451713562011719,0.02754814922809601,-0.024919509887695312,4.462368011474609,0.21074175834655762,-0.24800188839435577
519.2780151367188,0.4151325225830078,0.01517745852470398,-0.00972604751586914,4.516333103179932,0.1360710859298706,-0.06803760677576065
141.62600708007812,0.4470481276512146,0.02567318081855774,-0.023126602172851562,4.32525110244751,0.19739270210266113,-0.23453395068645477
542.8179931640625,0.12527093291282654,-0.003823447972536087,0.021589279174804688,1.438806176185608,-0.02476339042186737,0.2488180696964264
734.3699951171875,0.2625698447227478,0.02399848774075508,-0.057535529136657715,2.5633699893951416,0.16390711069107056,-0.5552573204040527
759.406005859375,0.4834407866001129,0.023951716721057892,-0.020256519317626953,4.484272003173828,0.17679303884506226,-0.18530036509037018
783.5460205078125,0.43667638301849365,0.007613420486450195,-0.005451202392578125,4.028865337371826,0.05233168601989746,-0.03529541194438934
519.3619995117188,0.37917253375053406,0.01317007839679718,-0.0074291229248046875,4.506901264190674,0.1361072063446045,-0.11519013345241547
813.2139892578125,0.3706681430339813,0.01783435046672821,-0.010862350463867188,4.414753437042236,0.18569517135620117,-0.1279347687959671
825.0540161132812,0.5086603760719299,0.0020572245121002197,-0.0010900497436523438,4.684601306915283,0.005307435989379883,-0.029324186965823174
928.9180297851562,0.4917594790458679,-0.019933685660362244,0.01953887939453125,4.574183940887451,-0.1568300724029541,0.16925539076328278
401.1860046386719,0.355621337890625,0.015068860724568367,-0.0321660041809082,3.2037808895111084,0.10148470103740692,-0.33824196457862854
984.510009765625,0.5338345170021057,0.007441461086273193,-0.006977081298828125,4.76564884185791,0.0625847578048706,-0.04955698922276497
608.1220092773438,0.48227396607398987,-0.034446828067302704,0.028467178344726562,4.490181922912598,-0.2497309148311615,0.24263396859169006
213.81399536132812,0.2446112334728241,-0.022819600999355316,0.029126644134521484,3.4061388969421387,-0.26368069648742676,0.4054858684539795
701.4660034179688,0.5350391864776611,0.034783147275447845,-0.03212428092956543,4.327350616455078,0.21452802419662476,-0.24582231044769287
912.8099975585938,0.5126805305480957,0.044091492891311646,-0.05748462677001953,3.774989128112793,0.21229326725006104,-0.4463089108467102
137.70599365234375,0.28549250960350037,0.033107977360486984,-0.06456756591796875,2.819314956665039,0.2347685694694519,-0.6519544124603271
719.3660278320312,0.4590473175048828,-0.02220970392227173,0.01793891191482544,4.598727703094482,-0.19128060340881348,0.156652569770813
630.1900024414062,0.377711683511734,-0.027063190937042236,0.03266453742980957,3.3815364837646484,-0.18291568756103516,0.3418014347553253
852.6099853515625,0.4808792769908905,-0.03997962176799774,0.043473243713378906,4.259207248687744,-0.2731640338897705,0.38351261615753174
59.18199920654297,-3.605375241022557e-05,4.983317558071576e-05,1.5472527593374252e-05,-0.0009977000299841166,0.0004027747781947255,-0.001273440197110176
713.2659912109375,0.6810802817344666,-0.04486694931983948,0.035215914249420166,4.614655494689941,-0.22153210639953613,0.23497295379638672
122.08599853515625,0.485787034034729,0.00636465847492218,-0.005545616149902344,4.679346561431885,0.04832816123962402,-0.05577370151877403
311.5419921875,0.6715667843818665,-0.03839412331581116,0.03918266296386719,4.422924041748047,-0.1837456226348877,0.22581608593463898
390.93798828125,0.35450315475463867,0.028439849615097046,-0.04231739044189453,3.568340301513672,0.21871685981750488,-0.421363890171051
961.5419921875,0.35715416073799133,-0.030549418181180954,0.02446269989013672,4.465834617614746,-0.3247518539428711,0.28056859970092773
117.6780014038086,0.6122686266899109,0.04004053771495819,-0.04816150665283203,4.486263751983643,0.207666277885437,-0.3258790373802185
719.0139770507812,0.5785001516342163,-0.03211526572704315,0.019398272037506104,4.52200984954834,-0.20234155654907227,0.15421739220619202
160.6219940185547,0.43113967776298523,-0.036266446113586426,0.025926589965820312,4.318190097808838,-0.3026387691497803,0.25730210542678833
946.030029296875,0.5411387085914612,-0.03198900818824768,0.048989295959472656,4.339224338531494,-0.18339335918426514,0.40961799025535583
629.3820190429688,0.2716940641403198,-0.019188396632671356,0.03005373477935791,3.743013620376587,-0.22087430953979492,0.46201854944229126
489.8940124511719,0.5311625003814697,0.03774838149547577,-0.04278278350830078,4.287336349487305,0.21833837032318115,-0.352232426404953
83.36199951171875,0.48092201352119446,0.03133053705096245,-0.05238652229309082,3.458366870880127,0.1271803379058838,-0.39770200848579407
642.4539794921875,0.5439586639404297,-0.052172668278217316,0.06924104690551758,3.886725664138794,-0.24412629008293152,0.4481861889362335
866.6060180664062,0.3819395899772644,-0.01636315882205963,0.03574037551879883,4.0864458084106445,-0.13508713245391846,0.4209696352481842
191.18600463867188,0.45724111795425415,-0.022921070456504822,0.015702486038208008,4.126001358032227,-0.16402196884155273,0.13160139322280884
490.0580139160156,0.7016410827636719,0.04821762442588806,-0.048030853271484375,4.298952102661133,0.1936931014060974,-0.2533194124698639
923.9099731445312,0.3984426259994507,-0.028436556458473206,0.02843761444091797,3.9959616661071777,-0.21903645992279053,0.2966141998767853
266.95001220703125,0.40992826223373413,-0.0006562918424606323,0.002413451671600342,4.443070411682129,-0.017547130584716797,0.019639218226075172
321.41400146484375,0.503101110458374,-0.010406583547592163,0.016219139099121094,4.679065704345703,-0.07062315940856934,0.16941741108894348
726.5139770507812,0.3697558641433716,-0.018496856093406677,0.011789798736572266,4.6141276359558105,-0.2034773826599121,0.15421181917190552
476.8219909667969,0.34627100825309753,0.02786407619714737,-0.03217315673828125,3.6086831092834473,0.23094749450683594,-0.346261203289032
962.8380126953125,0.5917033553123474,-0.039349302649497986,0.03313636779785156,4.613961696624756,-0.24080783128738403,0.21912577748298645
57.262001037597656,-5.2856783440802246e-05,6.337416562018916e-05,-4.586298018693924e-06,-0.0007761698798276484,0.00023125599545892328,-0.0018154123099520802
172.08200073242188,0.46033167839050293,-0.03973551094532013,0.0638418197631836,3.6083993911743164,-0.22315192222595215,0.5228869915008545
420.75,0.41321438550949097,0.02246050536632538,-0.01819133758544922,4.49700403213501,0.20384764671325684,-0.1734909564256668
780.6019897460938,0.2723653316497803,0.02422979474067688,-0.0244140625,4.019828796386719,0.30721062421798706,-0.35327059030532837
812.7459716796875,0.3471846878528595,0.017794400453567505,-0.01679849624633789,4.349057674407959,0.19589495658874512,-0.21504494547843933
284.8059997558594,0.4589913487434387,-0.04357898235321045,0.04641306400299072,4.10921573638916,-0.30874574184417725,0.4152161777019501
817.8099975585938,0.24170705676078796,0.02530273050069809,-0.042821407318115234,3.064913272857666,0.26150035858154297,-0.5176231265068054
825.8779907226562,0.6542750000953674,-0.0008664727210998535,-0.0020766258239746094,4.817837715148926,-0.010022878646850586,-0.027290653437376022
219.70199584960938,0.49579089879989624,0.027170434594154358,-0.039556026458740234,3.3859307765960693,0.12564146518707275,-0.20826783776283264
687.7100219726562,0.13877080380916595,0.0075370073318481445,-0.028313398361206055,1.7916102409362793,0.07175886631011963,-0.4166918694972992
339.50201416015625,0.5096273422241211,-0.03596659004688263,0.024364471435546875,4.5622782707214355,-0.2613712549209595,0.20595024526119232
64.8499984741211,0.03934256359934807,0.00022714538499712944,-0.0008399770595133305,0.48883235454559326,-0.000733361579477787,-0.004996222909539938
353.6059875488281,0.649459958076477,-0.014240026473999023,0.010019302368164062,4.783166885375977,-0.07451295852661133,0.0604676827788353
960.3099975585938,0.44915860891342163,-0.032139942049980164,0.022440433502197266,4.495453834533691,-0.260414719581604,0.24100811779499054
936.4099731445312,0.29353538155555725,-0.0177638977766037,0.04462242126464844,2.857912302017212,-0.11775010824203491,0.41212356090545654
627.4459838867188,0.42221224308013916,0.02186882495880127,-0.01471245288848877,4.201296806335449,0.17633730173110962,-0.16223548352718353
676.1420288085938,0.36661943793296814,-0.02853444404900074,0.027692079544067383,3.849957227706909,-0.23785626888275146,0.3294309079647064
263.4100036621094,0.4771382808685303,0.0027987658977508545,0.002765476703643799,4.583807945251465,0.017244577407836914,0.060496799647808075
752.9459838867188,0.6352808475494385,0.014177784323692322,-0.006460666656494141,4.681776523590088,0.0880579948425293,-0.0332188606262207
140.1540069580078,0.37142476439476013,0.03418203070759773,-0.046710968017578125,3.569120168685913,0.24866662919521332,-0.4213399887084961
432.4580078125,0.22984090447425842,-0.014775961637496948,0.03311634063720703,2.6190497875213623,-0.12448382377624512,0.35054707527160645
609.010009765625,0.5667393803596497,-0.026017703115940094,0.018939971923828125,4.5765604972839355,-0.16143769025802612,0.12822534143924713
867.2020263671875,0.4662211537361145,-0.04282037913799286,0.08697366714477539,3.066455841064453,-0.16522490978240967,0.5958818793296814
706.4459838867188,0.4583646059036255,0.0025682300329208374,-0.003863811492919922,4.775793552398682,0.01677870750427246,-0.03733634576201439
463.25799560546875,0.3868619203567505,-0.03700236976146698,0.08951663970947266,2.5645623207092285,-0.1296461820602417,0.5404371619224548
264.3940124511719,0.4895144999027252,0.00629878044128418,-0.0030189156532287598,4.681485652923584,0.05472564697265625,-0.04017672315239906
590.0139770507812,0.5117588043212891,0.04769514501094818,-0.058730125427246094,4.051781177520752,0.25856053829193115,-0.4175017476081848
478.8900146484375,0.2270606905221939,0.014906167984008789,-0.013050079345703125,4.060558319091797,0.23792624473571777,-0.22123649716377258
186.0019989013672,0.23995983600616455,-0.007563479244709015,0.019533157348632812,2.1046416759490967,-0.04406392574310303,0.14224325120449066
325.85400390625,0.48129013180732727,-0.030158042907714844,0.020385265350341797,4.620347023010254,-0.2440500259399414,0.20987187325954437
481.1180114746094,0.4680992364883423,0.008179202675819397,-0.006234169006347656,4.500105857849121,0.06179153919219971,-0.06808630377054214
251.6300048828125,0.49031633138656616,0.007930681109428406,-0.003419935703277588,4.550832748413086,0.07054376602172852,-0.042252328246831894
696.5020141601562,0.4754919111728668,0.0064298659563064575,-0.0029476284980773926,4.756482124328613,0.043675899505615234,-0.02306622453033924
346.9100036621094,0.3971165418624878,-0.03328987956047058,0.029676437377929688,4.144021987915039,-0.2753419876098633,0.2988918721675873
88.79000091552734,0.4021923840045929,0.028689131140708923,-0.026880741119384766,4.203166484832764,0.24769103527069092,-0.32258373498916626
733.14599609375,0.28031545877456665,0.03348304331302643,-0.06348681449890137,2.753772258758545,0.24988675117492676,-0.6038458943367004
690.2739868164062,0.12637393176555634,0.007773682475090027,-0.03287506103515625,1.8874341249465942,0.07766649127006531,-0.46397632360458374
901.677978515625,0.39808323979377747,0.039057716727256775,-0.08720588684082031,2.9378814697265625,0.16359835863113403,-0.7369992136955261
534.8499755859375,0.4768076539039612,0.048673465847969055,-0.08521533012390137,3.381147861480713,0.21536076068878174,-0.6563685536384583
781.2219848632812,0.586952269077301,0.03635891526937485,-0.032550811767578125,4.284360885620117,0.19428306818008423,-0.23582206666469574
717.0139770507812,0.6213772296905518,-0.04147014021873474,0.030252814292907715,4.568793296813965,-0.2206479012966156,0.2384318709373474
218.00599670410156,0.3729014992713928,0.016910582780838013,-0.04554891586303711,2.537721872329712,0.06632113456726074,-0.31084975600242615
244.25399780273438,0.1948387622833252,0.008030705153942108,-0.03695511817932129,1.746368408203125,0.03601759672164917,-0.35960546135902405
307.7460021972656,0.5269151926040649,-0.04839761182665825,0.0495758056640625,4.136369705200195,-0.26872700452804565,0.3822755813598633
591.4140014648438,0.28765448927879333,0.02188655361533165,-0.04854774475097656,2.541281223297119,0.13881909847259521,-0.45374956727027893
494.6820068359375,0.517038106918335,0.007290467619895935,-0.002582550048828125,4.629136562347412,0.056183576583862305,-0.02322879247367382
391.1180114746094,0.279493123292923,0.023621976375579834,-0.031566619873046875,3.714777946472168,0.2598026990890503,-0.4190024435520172
968.3820190429688,0.48880478739738464,-0.02645215392112732,0.023679733276367188,4.399576187133789,-0.1800682544708252,0.18080812692642212
817.6300048828125,0.4630902409553528,0.0406450480222702,-0.08562850952148438,2.984070301055908,0.12403780221939087,-0.540341854095459
856.333984375,0.4774492383003235,-0.01771146059036255,0.008742809295654297,4.600783824920654,-0.15039610862731934,0.0650734230875969
531.4860229492188,0.32574203610420227,0.03986453264951706,-0.09250101447105408,2.6773366928100586,0.20033758878707886,-0.7706405520439148
643.2379760742188,0.4092475175857544,-0.040616124868392944,0.044952392578125,3.953352212905884,-0.29721659421920776,0.44581761956214905
293.8500061035156,0.494778037071228,-0.005072370171546936,0.004662036895751953,4.571866989135742,-0.03794395923614502,0.01293154526501894
224.79400634765625,0.4969019889831543,0.01500043272972107,-0.012164115905761719,4.606146335601807,0.11743283271789551,-0.13090912997722626
665.0780029296875,0.5518779754638672,0.02560475468635559,-0.016367733478546143,4.610715866088867,0.1755685806274414,-0.11926723271608353
773.0859985351562,0.47171324491500854,0.033429160714149475,-0.02186870574951172,4.373265743255615,0.2516295909881592,-0.24086083471775055
677.677978515625,0.4169493615627289,-0.037997156381607056,0.041550636291503906,3.8582897186279297,-0.28120243549346924,0.39437198638916016
382.1780090332031,0.45715808868408203,-0.017256513237953186,0.008542060852050781,4.59117317199707,-0.14890152215957642,0.07019124180078506
772.97802734375,0.4347597658634186,0.033728182315826416,-0.021266937255859375,4.36445426940918,0.2856912612915039,-0.20322607457637787
846.302001953125,0.35125696659088135,-0.03186039626598358,0.05722332000732422,3.3653957843780518,-0.22120356559753418,0.5331375598907471
296.0539855957031,0.5008432865142822,-0.0016943663358688354,-0.0017888545989990234,4.648953914642334,-0.009150266647338867,-0.022095458582043648
327.697998046875,0.4565390646457672,-0.021613866090774536,0.0154266357421875,4.560239791870117,-0.18878662586212158,0.12934769690036774
283.58599853515625,0.46307700872421265,-0.04176023229956627,0.04566112160682678,4.00847864151001,-0.26861709356307983,0.42348915338516235
334.27801513671875,0.4564669728279114,0.0003319978713989258,-0.007075309753417969,4.742076873779297,-0.005890846252441406,-0.0792081356048584
348.1820068359375,0.44300562143325806,-0.03397814556956291,0.03466033935546875,4.4693803787231445,-0.27205395698547363,0.3142848312854767
474.2860107421875,0.32008400559425354,0.03240421414375305,-0.05122661590576172,3.222738265991211,0.2410341501235962,-0.5010984539985657
469.5459899902344,0.5318211913108826,-0.010530844330787659,0.0035696029663085938,4.742818832397461,-0.0815107673406601,0.023059755563735962
557.9459838867188,0.48604822158813477,-0.034309327602386475,0.052721500396728516,3.619182586669922,-0.16135883331298828,0.4180922210216522
266.4779968261719,0.6133472919464111,0.004803210496902466,-0.0016525983810424805,4.584499359130859,0.031197786331176758,0.012187350541353226
142.85000610351562,0.4402126669883728,0.006880253553390503,0.0063018798828125,4.585553169250488,0.05396270751953125,0.04481532797217369
776.5659790039062,0.45792296528816223,0.0047113895416259766,-0.0038156509399414062,4.563502788543701,0.03719735145568848,-0.08636520802974701
819.197998046875,0.5608388781547546,0.048119574785232544,-0.061304569244384766,3.8223090171813965,0.21714341640472412,-0.36064648628234863
125.0780029296875,0.4874405860900879,0.014677941799163818,-0.009435653686523438,4.671316146850586,0.1169881820678711,-0.10547874122858047
655.64599609375,0.41667845845222473,0.03372099995613098,-0.0357975959777832,4.008089065551758,0.24432897567749023,-0.3254903554916382
916.2659912109375,0.6452741622924805,0.033177196979522705,-0.04705810546875,4.45943021774292,0.14513683319091797,-0.3536262512207031
365.5780029296875,0.34407851099967957,0.04131346195936203,-0.05685710906982422,3.4689993858337402,0.31392568349838257,-0.6042683720588684
246.96200561523438,0.3352246880531311,0.021222226321697235,-0.0558704137802124,2.7296528816223145,0.09292864799499512,-0.4609784781932831
64.72200012207031,0.0026745195500552654,0.00010445613588672131,-0.000256973784416914,0.11490287631750107,-0.0017001251690089703,0.007487001363188028
262.1700134277344,0.4486961364746094,0.007565110921859741,-0.0038341283798217773,4.498471260070801,0.07256340980529785,-0.05675642564892769
596.4860229492188,0.350693017244339,-0.02179320901632309,0.028234481811523438,3.5258123874664307,-0.16519379615783691,0.26539549231529236
927.22998046875,0.452029824256897,-0.038986220955848694,0.033885955810546875,4.206971168518066,-0.276431679725647,0.30550718307495117
849.0380249023438,0.6862547993659973,-0.0453285314142704,0.06019783020019531,4.2362380027771,-0.18636520206928253,0.3791389465332031
163.8419952392578,0.6569671034812927,-0.04659000039100647,0.051629066467285156,4.240947246551514,-0.19413244724273682,0.3281872272491455
242.32200622558594,0.33505111932754517,0.00234358012676239,0.0008127689361572266,2.959045648574829,0.017156481742858887,0.022413866594433784
210.23399353027344,0.17338965833187103,-0.014442399144172668,0.06191539764404297,1.9084006547927856,-0.09710961580276489,0.6691460609436035
805.0059814453125,0.2518802583217621,-0.0192861445248127,0.0938258171081543,1.9939284324645996,-0.062922403216362,0.7230342626571655
222.19000244140625,0.501887321472168,0.03749687969684601,-0.041971683502197266,3.823869228363037,0.20657074451446533,-0.3012476861476898
909.218017578125,0.46800440549850464,0.02207198739051819,-0.009797096252441406,4.517446041107178,0.1724475622177124,-0.053545430302619934
546.3099975585938,0.16235749423503876,-0.008136149495840073,0.04671430587768555,1.7072664499282837,-0.047207772731781006,0.5057730078697205
367.9179992675781,0.4114201068878174,0.03205554187297821,-0.047776222229003906,4.050074577331543,0.2359910011291504,-0.4902589023113251
611.4819946289062,0.3362269103527069,-0.032370179891586304,0.03813338279724121,4.194695472717285,-0.3432302474975586,0.48586326837539673
385.4100036621094,0.46663910150527954,-0.0011878758668899536,0.0024766921997070312,4.648155212402344,-0.01238095760345459,0.03292497619986534
672.166015625,0.6317996978759766,-0.032872699201107025,0.038892388343811035,4.136295795440674,-0.14050275087356567,0.25478070974349976
936.010009765625,0.2498551458120346,-0.015025060623884201,0.04096412658691406,2.622492790222168,-0.09708470106124878,0.4021793603897095
455.63800048828125,0.2933010458946228,-0.026940487325191498,0.046494483947753906,2.935978651046753,-0.19660699367523193,0.47424909472465515
557.469970703125,0.314750611782074,-0.025402076542377472,0.05219089984893799,3.197064161300659,-0.18553537130355835,0.52879798412323
667.2940063476562,0.4727969169616699,0.004136711359024048,0.005317270755767822,4.728360176086426,0.0374302864074707,0.015989797189831734
824.3660278320312,0.4666483998298645,0.004084989428520203,-0.0010271072387695312,4.667915344238281,0.030463695526123047,0.0008100878912955523
271.5539855957031,0.3346245586872101,0.018437623977661133,-0.07542943954467773,2.5227298736572266,0.042944908142089844,-0.5639914274215698
214.9980010986328,0.30897998809814453,-0.01569918543100357,0.018994808197021484,3.3254504203796387,-0.1412978172302246,0.20067620277404785
462.25799560546875,0.44782698154449463,-0.010392680764198303,0.02670764923095703,4.219334125518799,-0.07991302013397217,0.27046817541122437
436.04998779296875,0.29639431834220886,-0.01429612934589386,0.01328277587890625,3.5327768325805664,-0.14885938167572021,0.17055220901966095
797.0819702148438,0.4969910979270935,-0.02706325054168701,0.014187812805175781,4.605461597442627,-0.20810747146606445,0.13171973824501038
99.24199676513672,0.6161369681358337,0.008073553442955017,-0.003876209259033203,4.653810024261475,0.04721552133560181,-0.004728524945676327
719.6019897460938,0.7029584646224976,-0.029685676097869873,0.022612333297729492,4.621340751647949,-0.13646459579467773,0.17073769867420197
255.30599975585938,0.3744915723800659,0.004020437598228455,-0.0006063878536224365,3.8668034076690674,0.04014700651168823,0.010529055260121822
608.3740234375,0.4731371998786926,-0.03073589876294136,0.022266387939453125,4.572009086608887,-0.23789429664611816,0.21156524121761322
752.3820190429688,0.4857930541038513,0.014533087611198425,-0.005342006683349609,4.667537212371826,0.11403882503509521,-0.021343201398849487
409.64599609375,0.5955239534378052,0.029558680951595306,-0.016785144805908203,4.6117777824401855,0.1959054172039032,-0.11722610890865326
477.5780029296875,0.4324987530708313,0.033032894134521484,-0.038435935974121094,3.7470993995666504,0.2197176218032837,-0.32180678844451904
309.8580017089844,0.45064231753349304,-0.02474847435951233,0.015388965606689453,4.700693607330322,-0.22048163414001465,0.15057924389839172
124.9739990234375,0.6555591821670532,0.016876786947250366,-0.017454147338867188,4.695406436920166,0.08645772933959961,-0.07865316420793533
910.2860107421875,0.4561646282672882,0.012059405446052551,-0.006608009338378906,4.547626495361328,0.10655450820922852,-0.0665845051407814
855.7620239257812,0.48557719588279724,-0.021769776940345764,0.017899036407470703,4.513532638549805,-0.16427135467529297,0.16468635201454163
529.3499755859375,0.3366200625896454,0.03738175332546234,-0.052288830280303955,3.472787857055664,0.2974640130996704,-0.5386723279953003
581.9459838867188,0.5771614909172058,0.050320353358983994,-0.04625082015991211,4.3690104484558105,0.2747035324573517,-0.3295155167579651
368.04998779296875,0.5340585708618164,0.04130534827709198,-0.06288814544677734,4.039346218109131,0.2016434669494629,-0.5095170736312866
216.96200561523438,0.277566134929657,0.0042939335107803345,-0.01830291748046875,2.432684898376465,0.030480265617370605,-0.22496670484542847
991.8099975585938,0.57088702917099,0.04027976095676422,-0.04152727127075195,4.35245418548584,0.21191644668579102,-0.3055856227874756
621.9819946289062,0.5524205565452576,-0.04517132043838501,0.04616189002990723,4.107682228088379,-0.23894089460372925,0.33629074692726135
491.3900146484375,0.42512887716293335,0.027144260704517365,-0.018436431884765625,4.437491416931152,0.22800007462501526,-0.18405957520008087
741.4340209960938,0.4907841682434082,0.03626793622970581,-0.0781097412109375,3.1056370735168457,0.10837137699127197,-0.44822001457214355
785.2659912109375,0.36477231979370117,0.0018397718667984009,0.0013628005981445312,3.0964832305908203,0.01580798625946045,0.003699230495840311
828.4459838867188,0.43002256751060486,0.033265382051467896,-0.030847549438476562,4.308265686035156,0.27049779891967773,-0.32719531655311584
658.97802734375,0.50974041223526,0.05182214081287384,-0.09627604484558105,3.1943888664245605,0.1721125841140747,-0.5743632316589355
475.7619934082031,0.4463876187801361,0.03517691045999527,-0.04234886169433594,3.7238943576812744,0.21058787405490875,-0.325072318315506
656.5659790039062,0.4085838198661804,0.025042764842510223,-0.017993450164794922,4.29746150970459,0.22119885683059692,-0.19053223729133606
880.6820068359375,0.399434894323349,-0.02760174125432968,0.07143306732177734,2.8249588012695312,-0.09453558921813965,0.48494356870651245
75.47000122070312,0.6211611032485962,0.003636956214904785,-0.03009819984436035,4.397986888885498,-8.249282836914062e-05,-0.24871455132961273
301.9179992675781,0.4937325417995453,-0.021787375211715698,0.012098073959350586,4.739526748657227,-0.16969066858291626,0.09643250703811646
135.02200317382812,0.5471495389938354,0.0038477331399917603,-0.0003910064697265625,4.726783752441406,0.0351109504699707,-0.04015102982521057
473.1820068359375,0.3034951388835907,0.03416329622268677,-0.04905509948730469,3.270838737487793,0.29111039638519287,-0.5467594861984253
472.98199462890625,0.39006203413009644,0.038702093064785004,-0.060532569885253906,3.4408140182495117,0.24265271425247192,-0.5315632224082947
466.30999755859375,0.612260639667511,-0.044100284576416016,0.06233787536621094,3.789043426513672,-0.15396511554718018,0.39743438363075256
390.5820007324219,0.24577385187149048,0.023334607481956482,-0.03028583526611328,3.418025493621826,0.2713356018066406,-0.4071899354457855
473.74200439453125,0.30156487226486206,0.032730624079704285,-0.057262420654296875,2.9990220069885254,0.2410670518875122,-0.5797720551490784
713.1179809570312,0.47525402903556824,-0.03443098068237305,0.024988114833831787,4.582934856414795,-0.2793694734573364,0.2353772222995758
880.0499877929688,0.2584627866744995,-0.017848694697022438,0.05370068550109863,2.419832706451416,-0.1129286140203476,0.5171416997909546
254.93800354003906,0.5670421719551086,0.0038032978773117065,-8.064508438110352e-05,4.014161586761475,0.028704702854156494,-0.007167208474129438
605.1300048828125,0.5085113048553467,-0.03937576711177826,0.03190183639526367,4.372808456420898,-0.26615142822265625,0.237234428524971
650.5139770507812,0.44081753492355347,0.03671659529209137,-0.045207977294921875,4.096385478973389,0.2564671039581299,-0.42757970094680786
971.4860229492188,0.3968443274497986,-0.003947407007217407,-0.0008742809295654297,4.741402626037598,-0.03935360908508301,0.003886676859110594
606.64599609375,0.5642225742340088,-0.04002358019351959,0.04247093200683594,4.528547286987305,-0.2351069450378418,0.37203988432884216
629.0859985351562,0.5458961129188538,-0.019957751035690308,0.04044461250305176,3.893521308898926,-0.0872880220413208,0.30729401111602783
169.4459991455078,0.4704762399196625,-0.0237724632024765,0.011219978332519531,4.5195159912109375,-0.20179808139801025,0.06163319945335388
975.7739868164062,0.3360522389411926,0.03023688495159149,-0.07068777084350586,2.647841691970825,0.14010465145111084,-0.5770785808563232
356.2980041503906,0.44467127323150635,-0.0025996118783950806,0.004290580749511719,3.9726741313934326,-0.008656978607177734,0.023249775171279907
606.4500122070312,0.6247476935386658,-0.03952530026435852,0.0432591438293457,4.582773208618164,-0.2057936191558838,0.32751715183258057
472.6419982910156,0.4940494894981384,0.03348635509610176,-0.05652809143066406,3.8705368041992188,0.1885872781276703,-0.45514896512031555
993.1060180664062,0.3902301788330078,0.03556526452302933,-0.04916524887084961,4.0466132164001465,0.2904481291770935,-0.5605621337890625
225.25399780273438,0.4504876434803009,0.011044815182685852,-0.007779598236083984,4.710882663726807,0.09477460384368896,-0.09394122660160065
733.9219970703125,0.35853466391563416,0.0307778250426054,-0.08974897861480713,2.5067622661590576,0.10995814204216003,-0.6326766014099121
732.4019775390625,0.40777069330215454,0.020611852407455444,-0.045095205307006836,3.95304274559021,0.16290855407714844,-0.47129401564598083
815.6859741210938,0.28254714608192444,0.004529006779193878,0.00047588348388671875,4.704288959503174,0.07592737674713135,0.0327974371612072
771.0059814453125,0.5441935658454895,0.009971067309379578,-0.019159317016601562,4.670049667358398,0.06286704540252686,-0.18508581817150116
593.8499755859375,0.2661289870738983,-0.003945410251617432,0.03097248077392578,1.993120789527893,0.001260995864868164,0.2687374949455261
480.57000732421875,0.5237081050872803,0.018862582743167877,-0.006465911865234375,4.388973712921143,0.1311083436012268,-0.040517408400774
217.1060028076172,0.3443922698497772,0.007144443690776825,-0.030809402465820312,2.386979341506958,0.03580242395401001,-0.24777425825595856
411.7820129394531,0.46063780784606934,0.004612036049365997,-0.00060272216796875,4.627228260040283,0.04911518096923828,0.007407600991427898
81.48200225830078,0.41277045011520386,0.02309548854827881,-0.04965496063232422,3.102109432220459,0.1062171459197998,-0.3920300602912903
256.5780029296875,0.35924428701400757,0.013209981843829155,-0.024057593196630478,3.3057303428649902,0.0891522765159607,-0.20784100890159607
222.6060028076172,0.5437023639678955,0.03702223300933838,-0.03856182098388672,4.022777557373047,0.19052088260650635,-0.29119551181793213
998.6099853515625,0.5938482880592346,0.012432731688022614,-0.010207176208496094,4.3498854637146,0.06744170188903809,-0.1350984424352646
135.4739990234375,0.5102934241294861,0.0015574842691421509,-0.0014781951904296875,4.739560604095459,0.00849759578704834,-0.004591369070112705
967.2659912109375,0.5025757551193237,-0.04307113587856293,0.042208194732666016,4.080462455749512,-0.2639799118041992,0.34442803263664246
123.05000305175781,0.6027902364730835,0.00500836968421936,-0.005682945251464844,4.712154865264893,0.039327144622802734,-0.05209668353199959
261.7179870605469,0.4501088857650757,0.006519198417663574,-0.0016503334045410156,4.504917144775391,0.06418681144714355,-0.0034491820260882378
753.197998046875,0.6711791157722473,0.013055071234703064,-0.003757953643798828,4.636203765869141,0.07594001293182373,-0.00426887022331357
375.1940002441406,0.37298864126205444,-0.03567385673522949,0.05615520477294922,3.4323205947875977,-0.24335002899169922,0.5468437671661377
504.32598876953125,0.5696362853050232,0.02954930067062378,-0.02951669692993164,3.9812557697296143,0.15053057670593262,-0.17157414555549622
187.3179931640625,0.20994046330451965,-0.008342884480953217,0.033695220947265625,2.1184959411621094,-0.052693724632263184,0.31408780813217163
595.7100219726562,0.22844664752483368,-0.014352716505527496,0.025836944580078125,3.030843734741211,-0.16387474536895752,0.34464091062545776
115.84200286865234,0.44524085521698,0.02634558081626892,-0.018998146057128906,4.4544830322265625,0.21553778648376465,-0.17101521790027618
814.5380249023438,0.48197007179260254,0.01378720998764038,-0.0029654502868652344,4.625888347625732,0.12356007099151611,-0.03322676569223404
937.4340209960938,0.3446040153503418,-0.022978559136390686,0.038735389709472656,3.3360018730163574,-0.15791535377502441,0.3488229513168335
951.6699829101562,0.5784626007080078,-0.013472378253936768,0.004342079162597656,4.667825698852539,-0.08842945098876953,0.017750704661011696
873.9420166015625,0.5735463500022888,-0.010026766918599606,0.004209280014038086,4.313401222229004,-0.06091079115867615,0.042039256542921066
395.22601318359375,0.4470498561859131,0.034940168261528015,-0.02534770965576172,4.173975467681885,0.25614726543426514,-0.2453429102897644
72.08599853515625,0.40350019931793213,0.0078774094581604,-0.004156529903411865,4.218230724334717,0.07016420364379883,-0.04410306364297867
315.885986328125,0.44413718581199646,-0.021861867979168892,0.014664649963378906,4.630026817321777,-0.18679800629615784,0.15018512308597565
737.4979858398438,0.5505913496017456,0.04734344780445099,-0.04689684510231018,4.223506927490234,0.262509822845459,-0.3292559087276459
321.5740051269531,0.7504324913024902,-0.01729026436805725,0.031032085418701172,4.690558433532715,-0.07233977317810059,0.17724411189556122
222.8179931640625,0.4604833722114563,0.029568776488304138,-0.0263214111328125,4.09421968460083,0.21025943756103516,-0.2432146817445755
225.35800170898438,0.4916747212409973,0.01155439019203186,-0.010427474975585938,4.731400966644287,0.0811997652053833,-0.08319185674190521
148.71800231933594,0.33405089378356934,-0.02178691327571869,0.08465385437011719,2.4286298751831055,-0.0632331371307373,0.6385335922241211
811.9180297851562,0.4339827299118042,0.02430681884288788,-0.02385401725769043,4.16799259185791,0.18743610382080078,-0.24563606083393097
389.30999755859375,0.39072710275650024,0.027474358677864075,-0.04522228240966797,3.655247688293457,0.19887709617614746,-0.4634668529033661
114.66200256347656,0.4202495217323303,0.03303906321525574,-0.02682209014892578,4.0676960945129395,0.2479236125946045,-0.24865566194057465
886.85400390625,0.5178804397583008,0.020917028188705444,-0.01979154348373413,4.477093696594238,0.13429760932922363,-0.18078768253326416
92.56600189208984,0.5109515190124512,0.017190247774124146,-0.014056205749511719,4.40991735458374,0.12736475467681885,-0.12673118710517883
805.7420043945312,0.1963711977005005,-0.015802569687366486,0.06143999099731445,2.07485294342041,-0.10870766639709473,0.626740574836731
743.1179809570312,0.21442130208015442,0.01909606344997883,-0.056626319885253906,2.226778268814087,0.1327965408563614,-0.581028401851654
825.9819946289062,0.5010413527488708,0.00018483400344848633,-0.00021219253540039062,4.809552192687988,0.004549503326416016,0.0072905742563307285
848.5180053710938,0.42563512921333313,-0.028295263648033142,0.01973724365234375,4.283024787902832,-0.22771215438842773,0.2035878747701645
251.07400512695312,0.7169526815414429,0.014243364334106445,-0.000994652509689331,4.595673084259033,0.08643901348114014,-0.0379023551940918
770.406005859375,0.6199439764022827,0.002093389630317688,-0.0061435699462890625,4.8410162925720215,0.008488297462463379,-0.05882333219051361
74.4540023803711,0.5083639025688171,0.0017219781875610352,0.0046405792236328125,4.53300142288208,0.011631250381469727,-0.0014278091257438064
674.9459838867188,0.45020589232444763,-0.04181540012359619,0.0594327449798584,3.51190185546875,-0.228326678276062,0.4570997953414917
70.33399963378906,0.5736818313598633,0.01779654622077942,-0.014495551586151123,3.8056106567382812,0.08556020259857178,-0.14513911306858063
835.97802734375,0.446659654378891,0.034019120037555695,-0.026000022888183594,4.469743251800537,0.2715551257133484,-0.26078763604164124
648.2139892578125,0.4721441864967346,-0.0055415332317352295,0.0022225379943847656,4.731748104095459,-0.05285656452178955,0.02519424445927143
150.09800720214844,0.3941352367401123,-0.033201538026332855,0.05638694763183594,3.3324451446533203,-0.19219684600830078,0.4708649218082428
765.1380004882812,0.5857140421867371,0.01307026669383049,-0.01326751708984375,4.564097881317139,0.0764114260673523,-0.10891056060791016
731.6019897460938,0.6410923600196838,-0.0003059208393096924,-0.00018072128295898438,4.728416919708252,-0.002641916275024414,0.01735387183725834
884.8460083007812,0.4463593065738678,0.021124504506587982,-0.023631662130355835,4.457448959350586,0.17738568782806396,-0.19553665816783905
565.8140258789062,0.44624224305152893,0.042371343821287155,-0.06806845963001251,3.3912532329559326,0.20325735211372375,-0.4623323082923889
672.781982421875,0.5635873675346375,-0.03330141305923462,0.0425870418548584,4.062718868255615,-0.16237759590148926,0.35510268807411194
671.2659912109375,0.58574378490448,-0.037546709179878235,0.04315018653869629,4.062744617462158,-0.17233844101428986,0.2739553153514862
921.2739868164062,0.23113112151622772,-0.01992928981781006,0.03579425811767578,3.02913761138916,-0.21823865175247192,0.41805997490882874
68.3219985961914,0.3035622537136078,0.009066633880138397,-0.011797398328781128,3.042295455932617,0.067055344581604,-0.12701019644737244
673.1259765625,0.3593204617500305,-0.024803459644317627,0.02308201789855957,4.088524341583252,-0.23017418384552002,0.30458131432533264
875.7420043945312,0.44688963890075684,-0.0023685770574957132,-0.0003039836883544922,3.454415798187256,-0.015556005761027336,0.038371387869119644
785.3579711914062,0.2821335792541504,0.001002967357635498,0.0026035308837890625,3.0474138259887695,0.013710260391235352,0.037622418254613876
310.1099853515625,0.633213460445404,-0.029366403818130493,0.012923717498779297,4.6710028648376465,-0.17479467391967773,0.08606589585542679
599.2739868164062,0.35430213809013367,-0.02861863560974598,0.09298419952392578,2.586801290512085,-0.09028196334838867,0.6634295582771301
335.24200439453125,0.45922908186912537,0.006899774074554443,-0.007153511047363281,4.787851810455322,0.05986332893371582,-0.08067499846220016
205.29400634765625,0.24054421484470367,-0.016293637454509735,0.07786130905151367,2.0584983825683594,-0.06105053424835205,0.6632877588272095
696.614013671875,0.5342602729797363,0.006813839077949524,-0.006024718284606934,4.7806010246276855,0.058684349060058594,-0.03942951560020447
949.8060302734375,0.5887922048568726,-0.026425987482070923,0.014822959899902344,4.639288902282715,-0.17084479331970215,0.11613523960113525
207.67799377441406,0.1867637038230896,-0.011820808053016663,0.06464695930480957,1.80305814743042,-0.07197144627571106,0.6277747750282288
822.3579711914062,0.5531207323074341,0.022130683064460754,-0.017501354217529297,4.628790855407715,0.14948439598083496,-0.13120080530643463
361.7539978027344,0.35093221068382263,0.0171954482793808,-0.0589141845703125,2.646216869354248,0.057979702949523926,-0.4452756345272064
515.7780151367188,0.3466588854789734,0.004753440618515015,-0.005273342132568359,4.558521747589111,0.06134533882141113,-0.05403267219662666
84.25,0.3690003752708435,0.024563729763031006,-0.02301621437072754,3.858848810195923,0.20943129062652588,-0.285509318113327
167.45799255371094,0.45441776514053345,-0.04116895794868469,0.03553485870361328,4.373816967010498,-0.3168932795524597,0.34036579728126526
286.2380065917969,0.40054959058761597,-0.03984542191028595,0.04007542133331299,4.193955421447754,-0.3408548831939697,0.40673312544822693
419.4020080566406,0.4365973472595215,0.036204516887664795,-0.03609061241149902,4.226846694946289,0.269095778465271,-0.3411846160888672
141.1739959716797,0.415698766708374,0.030793555080890656,-0.02426910400390625,4.14616584777832,0.25222039222717285,-0.20112912356853485
66.4739990234375,0.381019651889801,0.009207986295223236,-0.028159350156784058,2.5045735836029053,0.030598044395446777,-0.18540333211421967
577.1099853515625,0.5167165994644165,0.053037047386169434,-0.06745624542236328,4.010937213897705,0.2885526418685913,-0.5719265937805176
121.58200073242188,0.44659632444381714,0.009116038680076599,-0.0033941268920898438,4.656597137451172,0.09027528762817383,-0.04494132474064827
816.2979736328125,0.42691200971603394,0.019561320543289185,-0.039275169372558594,4.231818199157715,0.14944922924041748,-0.40484678745269775
788.8179931640625,0.25124627351760864,-0.009453654289245605,0.06254196166992188,1.7501014471054077,-0.01684027910232544,0.42747989296913147
906.3460083007812,0.5159261226654053,0.04862208664417267,-0.0698690414428711,3.4760866165161133,0.20142877101898193,-0.5182164907455444
882.3980102539062,0.4071548581123352,-0.03180868923664093,0.03224876523017883,4.102171421051025,-0.25923454761505127,0.3071545958518982
116.68599700927734,0.5082009434700012,0.021732836961746216,-0.0133056640625,4.521940231323242,0.16842782497406006,-0.12608836591243744
341.8819885253906,0.3977001905441284,-0.04145389050245285,0.0416107177734375,3.9672951698303223,-0.33033525943756104,0.4240613281726837
910.6820068359375,0.6107544302940369,0.011384546756744385,-0.0018148422241210938,4.6422834396362305,0.07528257369995117,-0.007769529242068529
888.0700073242188,0.5202885866165161,0.01751476526260376,-0.016756832599639893,4.461877822875977,0.11621499061584473,-0.2168959081172943
634.5540161132812,0.2069237232208252,-0.002209194004535675,0.003785848617553711,2.236224412918091,-0.01371145248413086,0.04300443083047867
484.2820129394531,0.3038811683654785,0.021074652671813965,-0.07730960845947266,2.233513355255127,0.06860029697418213,-0.4974729120731354
160.97799682617188,0.6162420511245728,-0.041256681084632874,0.037262916564941406,4.447254180908203,-0.21239352226257324,0.2573939263820648
765.4459838867188,0.4060778319835663,0.01013854518532753,-0.009429931640625,4.627720355987549,0.1005944013595581,-0.09156515449285507
515.7020263671875,0.4554041028022766,0.00524294376373291,-0.00605010986328125,4.564065456390381,0.03571271896362305,-0.1043500304222107
808.4340209960938,0.5717073082923889,-0.00763249397277832,-0.003755331039428711,4.117866516113281,-0.046332478523254395,-0.0009043486206792295
366.0260009765625,0.5056422352790833,0.05246938019990921,-0.0740966796875,3.5320582389831543,0.23721173405647278,-0.4987095594406128
426.56201171875,0.3555697202682495,-0.037841543555259705,0.06098222732543945,3.2890987396240234,-0.254746675491333,0.5811059474945068
767.8099975585938,0.6598961353302002,0.0015614628791809082,-0.005362510681152344,4.710620880126953,0.007033288478851318,-0.04557144269347191
333.3219909667969,0.5672376751899719,-0.01325012743473053,0.00960540771484375,4.736924171447754,-0.08928203582763672,0.07924719154834747
919.8099975585938,0.527366578578949,0.04383353888988495,-0.041434288024902344,4.004432201385498,0.23812174797058105,-0.2687603533267975
632.8820190429688,0.32255688309669495,-0.0028916597366333008,0.002562999725341797,2.28511905670166,-0.015134572982788086,0.02488011308014393
705.8460083007812,0.6258243918418884,0.005224168300628662,-0.0019905567169189453,4.758785247802734,0.02047896385192871,-0.03826785832643509
609.4219970703125,0.492694228887558,-0.02771296352148056,0.030269145965576172,4.558644771575928,-0.20255398750305176,0.309268981218338
598.9180297851562,0.23842844367027283,-0.023794056847691536,0.06205177307128906,2.4935877323150635,-0.17268654704093933,0.6594507098197937
473.98199462890625,0.3939738869667053,0.03801807761192322,-0.07232093811035156,3.03299880027771,0.1757051944732666,-0.5726756453514099
148.8179931640625,0.24479469656944275,-0.019290626049041748,0.058132171630859375,2.474520683288574,-0.12555813789367676,0.5569037199020386
992.2260131835938,0.4237194061279297,0.031212911009788513,-0.024910926818847656,4.430692195892334,0.26712536811828613,-0.20883241295814514
268.4179992675781,0.2645012438297272,0.014665849506855011,-0.040364861488342285,2.423938751220703,0.09259819984436035,-0.37870076298713684
469.0820007324219,0.46404504776000977,-0.013018526136875153,0.0074214935302734375,4.65577507019043,-0.11525967717170715,0.0743633583188057
530.4500122070312,0.24280759692192078,0.029200993478298187,-0.04345636069774628,3.199432134628296,0.3096442222595215,-0.5885229110717773
669.302001953125,0.4489043951034546,-0.02881273627281189,0.04597651958465576,4.128556251525879,-0.1982959508895874,0.4804259240627289
380.6099853515625,0.40945738554000854,-0.035845935344696045,0.027912139892578125,4.117638111114502,-0.288693904876709,0.2804074287414551
492.9540100097656,0.5015983581542969,0.013002738356590271,-0.0072154998779296875,4.649982452392578,0.1087334156036377,-0.10887034982442856
390.406005859375,0.48501771688461304,0.03837345540523529,-0.06902027130126953,3.4099020957946777,0.1566547155380249,-0.4761158525943756
95.19400024414062,0.506626307964325,0.006069839000701904,-0.00295257568359375,4.683926105499268,0.05803126096725464,-0.045044783502817154
685.0659790039062,0.37478402256965637,0.03653120994567871,-0.06528806686401367,3.2207934856414795,0.20511937141418457,-0.4951588213443756
752.8099975585938,0.3713513910770416,0.008517317473888397,-0.007213592529296875,4.659877300262451,0.09825944900512695,-0.07346013933420181
441.3139953613281,0.42191383242607117,-0.02585163712501526,0.04481315612792969,3.4255475997924805,-0.13652288913726807,0.36932456493377686
760.97802734375,0.3601541817188263,0.03812496364116669,-0.057333946228027344,3.4537513256073,0.27344512939453125,-0.5260410904884338
871.2780151367188,0.5391352772712708,-0.036809444427490234,0.03190302848815918,4.36569881439209,-0.231073260307312,0.2209780067205429
555.8460083007812,0.2809135317802429,-0.014906570315361023,0.08048743009567261,2.0991082191467285,-0.028453469276428223,0.489478200674057
665.5139770507812,0.47108983993530273,0.01899448037147522,-0.012919604778289795,4.712545394897461,0.1636962890625,-0.15921920537948608
785.9459838867188,0.36659297347068787,-0.0073319971561431885,0.026014328002929688,2.665870428085327,-0.03344905376434326,0.20748256146907806
653.3779907226562,0.4675751328468323,0.02304036170244217,-0.030117034912109375,4.484889507293701,0.16686031222343445,-0.34522730112075806
484.7460021972656,0.24052228033542633,0.018885202705860138,-0.05705070495605469,2.4525604248046875,0.11498463153839111,-0.5945727825164795
945.0059814453125,0.6195042729377747,0.013203069567680359,0.0007200241088867188,4.657435417175293,0.08351790904998779,0.02805814892053604
428.010009765625,0.35002195835113525,-0.03529927879571915,0.04221296310424805,3.5180816650390625,-0.2738327980041504,0.4069947302341461
722.7579956054688,0.5039692521095276,-0.02355334162712097,0.022186994552612305,4.6727213859558105,-0.16957032680511475,0.22039546072483063
763.25,0.3987046480178833,0.02668583393096924,-0.02527141571044922,4.171774864196777,0.22578418254852295,-0.2640928030014038
418.25,0.5473574995994568,0.03817105293273926,-0.045447349548339844,4.261716842651367,0.21271181106567383,-0.3800294101238251
855.6539916992188,0.5525795221328735,-0.025727704167366028,0.017395973205566406,4.4708147048950195,-0.16023612022399902,0.16342774033546448
945.2139892578125,0.48654448986053467,0.004992261528968811,-0.00023746490478515625,4.671908378601074,0.04824197292327881,0.02208978682756424
756.9860229492188,0.5113261938095093,0.012656152248382568,-0.02286243438720703,4.712458610534668,0.08466982841491699,-0.27844294905662537
679.1939697265625,0.4329988360404968,-0.040604010224342346,0.031035423278808594,4.154662132263184,-0.3217839002609253,0.2731625735759735
668.0139770507812,0.6589165925979614,-0.0033717751502990723,0.011003613471984863,4.852538108825684,0.0013208389282226562,0.0556819774210453
276.08599853515625,0.15295502543449402,-0.0013051703572273254,0.011626958847045898,1.491758942604065,-0.01180410385131836,0.14877378940582275
130.14999389648438,0.30863574147224426,0.028249040246009827,-0.024932861328125,4.063154220581055,0.31944191455841064,-0.30071961879730225
966.06201171875,0.36677056550979614,-0.03424292802810669,0.0586090087890625,3.318516969680786,-0.2176399827003479,0.4993411600589752
641.614013671875,0.3755676746368408,-0.03817613422870636,0.049954891204833984,3.7697441577911377,-0.28847062587738037,0.48880535364151
173.6580047607422,0.26780417561531067,-0.024453304708003998,0.05069255828857422,2.8048501014709473,-0.1883169412612915,0.49155527353286743
817.2459716796875,0.2212328165769577,0.02508462406694889,-0.03980398178100586,3.0636074542999268,0.2860115170478821,-0.564670979976654
315.6099853515625,0.6306381225585938,-0.031404633074998856,0.020935535430908203,4.657370090484619,-0.16547760367393494,0.1365475356578827
776.3660278320312,0.4584694802761078,0.003726467490196228,-0.0037317276000976562,4.580639839172363,0.045496344566345215,-0.03224896639585495
101.98200225830078,0.6207762360572815,0.02895858883857727,-0.029618263244628906,4.52584981918335,0.15337741374969482,-0.33876147866249084
989.4739990234375,0.45323416590690613,0.02310684323310852,-0.024094104766845703,4.515795707702637,0.18084073066711426,-0.24040383100509644
962.9580078125,0.5480232834815979,-0.03760089725255966,0.024807453155517578,4.564109802246094,-0.25935328006744385,0.19217081367969513
122.58599853515625,0.488139271736145,0.005895286798477173,0.00046634674072265625,4.69622802734375,0.05420517921447754,0.0012480192817747593
541.4340209960938,0.22205717861652374,0.005802180618047714,-0.018985748291015625,1.7074490785598755,0.026903092861175537,-0.22512491047382355
588.7340087890625,0.46457573771476746,0.05064938962459564,-0.06075286865234375,3.8887460231781006,0.2942986488342285,-0.4934198260307312
666.3140258789062,0.4713976979255676,0.013498559594154358,-0.0009440183639526367,4.695794105529785,0.12386322021484375,0.00956327747553587
66.5780029296875,0.264993816614151,0.008253384381532669,-0.019875362515449524,2.590500593185425,0.057991743087768555,-0.19660143554210663
114.28600311279297,0.2287086844444275,0.02193129062652588,-0.017465591430664062,4.088781833648682,0.3599642515182495,-0.3030114471912384
827.6300048828125,0.5472375750541687,0.033567607402801514,-0.04182004928588867,4.553496360778809,0.21212339401245117,-0.31981316208839417
393.1940002441406,0.3866642415523529,0.04321900010108948,-0.05774688720703125,3.5791985988616943,0.28875428438186646,-0.5506845712661743
347.1180114746094,0.43857425451278687,-0.032385632395744324,0.027589797973632812,4.2415032386779785,-0.248296856880188,0.2799154818058014
227.40199279785156,0.47881394624710083,0.04779994860291481,-0.05138397216796875,3.98610258102417,0.30575522780418396,-0.39505887031555176
237.85400390625,0.5631952881813049,0.002341926097869873,-0.002721071243286133,4.706963539123535,0.027900218963623047,0.00820334255695343
751.7579956054688,0.560917854309082,0.020258620381355286,-0.014394760131835938,4.691648483276367,0.13657867908477783,-0.12474802136421204
503.3699951171875,0.4977062940597534,0.026703568175435066,-0.038959503173828125,3.490626811981201,0.1150716245174408,-0.22685706615447998
330.24200439453125,0.6501392722129822,-0.03422349691390991,0.03307056427001953,4.62367057800293,-0.1783766746520996,0.21641942858695984
258.7900085449219,0.409530907869339,0.017304599285125732,-0.024763405323028564,3.9839401245117188,0.12487316131591797,-0.27257829904556274
795.8820190429688,0.5804075002670288,-0.04207247495651245,0.03915596008300781,4.277645587921143,-0.22037410736083984,0.26160570979118347
141.8459930419922,0.6827588677406311,0.034004539251327515,-0.036479949951171875,4.4225640296936035,0.151839017868042,-0.2336154580116272
455.0740051269531,0.29016828536987305,-0.026685930788517,0.05424690246582031,2.912693500518799,-0.19476115703582764,0.5400854349136353
118.35800170898438,0.4592418074607849,0.03805245831608772,-0.028928756713867188,4.394259929656982,0.3066426217556,-0.28836241364479065
475.9859924316406,0.487165242433548,0.03607219457626343,-0.04042243957519531,3.6828219890594482,0.19995969533920288,-0.2766766846179962
386.885986328125,0.4698200225830078,0.0012407973408699036,-0.0010938644409179688,4.524799346923828,0.006592988967895508,-0.02218668907880783
622.8460083007812,0.5981184840202332,-0.03765483573079109,0.0335540771484375,4.423098087310791,-0.20905879139900208,0.24883930385112762
202.99400329589844,0.17745530605316162,-0.008884869515895844,0.051972270011901855,1.7109324932098389,-0.04707592725753784,0.5233670473098755
838.9819946289062,0.4463297128677368,0.0373467355966568,-0.03833484649658203,4.306313514709473,0.2867903709411621,-0.4131300449371338
562.718017578125,0.23153111338615417,0.022929124534130096,-0.049413084983825684,2.7803707122802734,0.21896320581436157,-0.5795867443084717
358.0979919433594,0.40879300236701965,-0.0011287331581115723,0.004439353942871094,2.625765562057495,-0.009072065353393555,-0.04212937876582146
302.9419860839844,0.48524191975593567,-0.019569262862205505,0.013296842575073242,4.672817230224609,-0.1528390645980835,0.13183154165744781
959.677978515625,0.6290314793586731,-0.030308693647384644,0.03525686264038086,4.5079731941223145,-0.15483427047729492,0.2627657651901245
566.8179931640625,0.35287588834762573,0.02630765736103058,-0.027900397777557373,4.051980495452881,0.24878013134002686,-0.3154188394546509
765.2459716796875,0.4928271770477295,0.012018579989671707,-0.011118888854980469,4.568530559539795,0.0781334638595581,-0.10024590790271759
571.0540161132812,0.5275998115539551,0.045283928513526917,-0.06282854080200195,3.7864596843719482,0.21093636751174927,-0.42658156156539917
503.0140075683594,0.17332446575164795,0.012161685153841972,-0.01632070541381836,3.3364458084106445,0.2134380340576172,-0.2951371669769287
815.0780029296875,0.492997944355011,0.0073547810316085815,-0.004626750946044922,4.752708911895752,0.055617570877075195,-0.07269036769866943
646.677978515625,0.5238813161849976,-0.009666025638580322,0.004785060882568359,4.6458420753479,-0.06386947631835938,0.01723930984735489
490.5140075683594,0.5995190739631653,0.03984367474913597,-0.03956890106201172,4.411513328552246,0.21816974878311157,-0.2733182907104492
904.2420043945312,0.4111461639404297,0.032608725130558014,-0.037734031677246094,4.100009918212891,0.2553819417953491,-0.4237149953842163
376.6419982910156,0.33582764863967896,-0.03214443847537041,0.04415321350097656,3.5196423530578613,-0.2631075978279114,0.4746578633785248
924.7020263671875,0.6134594678878784,-0.04745809733867645,0.0815572738647461,3.86843204498291,-0.17944157123565674,0.49526286125183105
769.0900268554688,0.5063217282295227,0.0005746111273765564,-0.007771492004394531,4.6694159507751465,0.0018271207809448242,-0.07970847189426422
376.3380126953125,0.3372543752193451,-0.03153526037931442,0.042499542236328125,3.387500762939453,-0.24184048175811768,0.4266560971736908
84.15399932861328,0.40902286767959595,0.02702517807483673,-0.0298004150390625,3.8220090866088867,0.1902937889099121,-0.25871965289115906
936.7420043945312,0.3763786554336548,-0.02152608335018158,0.057056427001953125,2.968120813369751,-0.09687113761901855,0.4355088472366333
785.573974609375,0.3052150011062622,-0.00043445825576782227,0.011505126953125,2.8963682651519775,0.007152557373046875,0.12933538854122162
398.70599365234375,0.4572567045688629,0.0077252984046936035,-0.0025272369384765625,4.560479164123535,0.05560046434402466,-0.006485035642981529
794.6380004882812,0.33280840516090393,-0.03103584051132202,0.04677104949951172,3.521819591522217,-0.24284684658050537,0.4638632535934448
113.7979965209961,0.5299728512763977,0.04723811149597168,-0.05376911163330078,4.05105447769165,0.2514221668243408,-0.3932265639305115
918.6060180664062,0.35372236371040344,0.03953269496560097,-0.04755592346191406,3.8548099994659424,0.347616046667099,-0.48713433742523193
628.27001953125,0.5098209977149963,0.008597826585173607,0.0023496150970458984,4.105165481567383,0.06601253151893616,0.03277013823390007
799.1900024414062,0.46105533838272095,-0.026723846793174744,0.03145885467529297,4.445606231689453,-0.20638740062713623,0.29730939865112305
863.5659790039062,0.43055588006973267,-0.026059836149215698,0.02059173583984375,4.329268932342529,-0.2095586061477661,0.1797064244747162
481.5140075683594,0.5852775573730469,0.008732445538043976,-0.010056495666503906,4.432531356811523,0.050617754459381104,-0.08651791512966156
917.677978515625,0.5748213529586792,0.040097981691360474,-0.04233074188232422,4.216750144958496,0.20867443084716797,-0.3542739748954773
692.281982421875,0.32287341356277466,0.025530457496643066,-0.042413920164108276,3.1285154819488525,0.1947389841079712,-0.4096275568008423
946.9099731445312,0.4154492914676666,-0.041662827134132385,0.04258918762207031,4.009538173675537,-0.3214256167411804,0.4033047556877136
579.5059814453125,0.4240120053291321,0.04547780752182007,-0.045929908752441406,4.0915679931640625,0.3452953100204468,-0.44232305884361267
661.43798828125,0.4267650246620178,0.037276942282915115,-0.030381321907043457,4.137465476989746,0.28776830434799194,-0.2561222314834595
136.45799255371094,0.5216665267944336,0.004972025752067566,-0.00235748291015625,4.6366729736328125,0.050469398498535156,0.03136872127652168
754.43798828125,0.6169016361236572,0.027164682745933533,-0.014073848724365234,4.685294151306152,0.16008388996124268,-0.12191986292600632
338.25799560546875,0.639470100402832,-0.030429482460021973,0.016918182373046875,4.829577445983887,-0.18929779529571533,0.17155852913856506
422.22198486328125,0.4878072142601013,0.008329808712005615,-0.004114389419555664,4.70436954498291,0.06449484825134277,-0.039286643266677856
349.3500061035156,0.4748583734035492,-0.025195129215717316,0.021108627319335938,4.406732559204102,-0.19269520044326782,0.1988886296749115
757.6060180664062,0.32107996940612793,0.022437244653701782,-0.01986217498779297,4.459267616271973,0.27147841453552246,-0.28008008003234863
568.7420043945312,0.41448649764060974,0.014826461672782898,-0.014779329299926758,4.515128135681152,0.1390092372894287,-0.11735422164201736
689.6820068359375,0.09543627500534058,0.005811821669340134,-0.02561032772064209,1.7108511924743652,0.0755014643073082,-0.4619995653629303
795.6099853515625,0.41910338401794434,-0.03350453078746796,0.03148651123046875,4.226449012756348,-0.2734283208847046,0.32501906156539917
683.8779907226562,0.5721448659896851,0.030062004923820496,-0.05884265899658203,4.089791297912598,0.13236141204833984,-0.41870811581611633
806.8779907226562,0.4104933440685272,-0.020305410027503967,0.03327775001525879,3.12575626373291,-0.09230947494506836,0.30028846859931946
223.7899932861328,0.3679840564727783,0.018112927675247192,-0.012826919555664062,4.389892578125,0.18163561820983887,-0.1407661736011505
72.58599853515625,0.39789408445358276,0.0036231577396392822,-0.0008002519607543945,4.344659805297852,0.03935360908508301,-0.0044207461178302765
515.1220092773438,0.4669803977012634,0.005048841238021851,-0.004819393157958984,4.494521617889404,0.04037809371948242,-0.007110326550900936
919.3300170898438,0.397649347782135,0.03862350434064865,-0.039763450622558594,3.993260145187378,0.3059350848197937,-0.4321151077747345
81.81800079345703,0.2850397825241089,0.019688352942466736,-0.04151272773742676,2.961026668548584,0.15597057342529297,-0.4452688694000244
127.28600311279297,0.6254490613937378,0.020596712827682495,-0.010801315307617188,4.717920780181885,0.12767958641052246,-0.11591910570859909
218.42599487304688,0.28269222378730774,0.014687895774841309,-0.03977537155151367,2.6379973888397217,0.09337377548217773,-0.33772778511047363
809.2780151367188,0.41067731380462646,0.0003475174307823181,-0.003604412078857422,4.277976036071777,-0.005077481269836426,-0.05548345670104027
940.4099731445312,0.3558601438999176,-0.008400581777095795,0.0031757354736328125,4.462579250335693,-0.07967650890350342,0.03632195666432381
303.0539855957031,0.5252951383590698,-0.020301610231399536,0.01939225196838379,4.692843437194824,-0.15152382850646973,0.15959769487380981
399.60198974609375,0.6463742256164551,0.00324297696352005,0.0015578269958496094,4.2091383934021,0.006905078887939453,0.0328049436211586
630.989990234375,0.3554563522338867,-0.016740426421165466,0.022968769073486328,3.0924932956695557,-0.10126090049743652,0.20523834228515625
820.9979858398438,0.5321972966194153,0.03508208692073822,-0.026123046875,4.493453502655029,0.2380446195602417,-0.2532511353492737
819.0499877929688,0.3864837884902954,0.03726482391357422,-0.043993473052978516,3.755399227142334,0.2787172794342041,-0.48052355647087097
881.8499755859375,0.36587053537368774,-0.03126432001590729,0.040442466735839844,3.6844639778137207,-0.2487201690673828,0.3861921727657318
329.29400634765625,0.5078049898147583,-0.017139166593551636,0.009107589721679688,4.686537742614746,-0.13975000381469727,0.089604951441288
705.4019775390625,0.47851288318634033,0.0015868395566940308,-0.001520395278930664,4.751276969909668,0.01593923568725586,-0.012811657972633839
161.05799865722656,0.3573218584060669,-0.026697367429733276,0.019001007080078125,4.48383903503418,-0.29606688022613525,0.17518757283687592
392.85400390625,0.42313241958618164,0.04106786102056503,-0.061987876892089844,3.6688930988311768,0.25156769156455994,-0.5480255484580994
194.96200561523438,0.4858713746070862,-0.003021150827407837,0.0055294036865234375,4.468423843383789,-0.021509170532226562,0.03549257293343544
896.5380249023438,0.20659039914608002,0.02572990581393242,-0.04758119583129883,2.8883650302886963,0.29183149337768555,-0.6565836071968079
526.5419921875,0.275496244430542,0.03307174891233444,-0.08228921890258789,2.6402440071105957,0.21787500381469727,-0.7304053902626038
278.4219970703125,0.22223415970802307,-0.011525936424732208,0.037663817405700684,2.3260157108306885,-0.07627946138381958,0.39411407709121704
796.1900024414062,0.3665411174297333,-0.026362985372543335,0.02086162567138672,4.365710258483887,-0.2696835994720459,0.2712182402610779
265.1180114746094,0.4690195322036743,0.004819557070732117,0.0005994439125061035,4.696104049682617,0.038763999938964844,-0.013019454665482044
864.010009765625,0.4133796989917755,-0.020134583115577698,0.01698923110961914,4.511417865753174,-0.17953670024871826,0.1834927201271057
261.08599853515625,0.4723343253135681,0.012350603938102722,-0.006816744804382324,4.369478225708008,0.1020197868347168,-0.06067587435245514
882.6740112304688,0.3169924318790436,-0.023824386298656464,0.019950300455093384,4.18656063079834,-0.267985463142395,0.285332590341568
291.0539855957031,0.5551910400390625,-0.047626763582229614,0.04396796226501465,4.110556125640869,-0.24506986141204834,0.29764053225517273
981.2139892578125,0.47706761956214905,0.023809824138879776,-0.013276100158691406,4.572462558746338,0.19360557198524475,-0.12143702805042267
338.1260070800781,0.5602756142616272,-0.023642241954803467,0.01698017120361328,4.853698253631592,-0.18508410453796387,0.1280241161584854
575.469970703125,0.5494473576545715,0.03988168388605118,-0.039269208908081055,4.414073467254639,0.24419933557510376,-0.39762017130851746
699.3779907226562,0.2883705794811249,0.030242949724197388,-0.033957600593566895,3.784170627593994,0.3357384204864502,-0.4565988779067993
457.70599365234375,0.5786195397377014,-0.034237660467624664,0.038992881774902344,3.910515546798706,-0.14884167909622192,0.2845725417137146
909.677978515625,0.4538147449493408,0.015166312456130981,-0.009370803833007812,4.543593406677246,0.1322159767150879,-0.1296899914741516
749.8099975585938,0.569658100605011,0.04401814565062523,-0.0435791015625,4.216337203979492,0.2271084189414978,-0.3223961591720581
849.1220092773438,0.3515147566795349,-0.03097090870141983,0.0345001220703125,4.1489763259887695,-0.3028724789619446,0.45771050453186035
285.0419921875,0.5957790017127991,-0.05169299244880676,0.05398964881896973,4.1717047691345215,-0.24957334995269775,0.3758085072040558
885.8779907226562,0.5813260078430176,0.023500651121139526,-0.02227848768234253,4.37762975692749,0.12568950653076172,-0.17051498591899872
859.0139770507812,0.6274722814559937,-0.005151122808456421,-0.004275321960449219,4.765331268310547,-0.04073619842529297,-0.055689599364995956
365.1300048828125,0.38410037755966187,0.04282410442829132,-0.057343482971191406,3.5703530311584473,0.30126988887786865,-0.5429072380065918
490.37799072265625,0.5743058323860168,0.038894325494766235,-0.036960601806640625,4.394142150878906,0.2221183180809021,-0.2893785834312439
278.6780090332031,0.24919497966766357,-0.0128936767578125,0.04232597351074219,2.427854061126709,-0.07541954517364502,0.41593554615974426
439.7019958496094,0.36926203966140747,-0.019838176667690277,0.060656070709228516,2.540949583053589,-0.0732305645942688,0.3831995129585266
956.7420043945312,0.5275612473487854,-0.042373448610305786,0.04008340835571289,4.147210597991943,-0.23993229866027832,0.3008514940738678
803.6300048828125,0.2949984073638916,-0.020799726247787476,0.11641693115234375,1.940722942352295,-0.02771669626235962,0.8287697434425354
998.4739990234375,0.26272037625312805,0.006939241662621498,-0.00214385986328125,4.377687454223633,0.10331985354423523,0.002235342748463154
462.4540100097656,0.4049723744392395,-0.01902470737695694,0.04069042205810547,3.795792579650879,-0.12495768070220947,0.45045045018196106
309.0899963378906,0.4407079517841339,-0.03012770414352417,0.025353431701660156,4.436623573303223,-0.24492418766021729,0.2034357786178589
169.08999633789062,0.3627668619155884,-0.022113747894763947,0.014398574829101562,4.539854049682617,-0.23865938186645508,0.15921452641487122
407.6419982910156,0.5507449507713318,0.01684259995818138,-0.006066322326660156,4.592486381530762,0.12059098482131958,0.004593593068420887
488.7619934082031,0.3423009216785431,0.012992709875106812,-0.011325836181640625,4.518788814544678,0.14462709426879883,-0.16408567130565643
877.9099731445312,0.1690482497215271,-0.008877374231815338,0.047193288803100586,1.7029011249542236,-0.05183851718902588,0.46433472633361816
669.6380004882812,0.4044186472892761,-0.034486815333366394,0.04093217849731445,3.8689846992492676,-0.24786245822906494,0.417138934135437
902.0180053710938,0.3085651695728302,0.03250579535961151,-0.061725616455078125,2.9816689491271973,0.21900057792663574,-0.6047019958496094
569.0339965820312,0.6798332929611206,0.019702106714248657,-0.014975786209106445,4.5042572021484375,0.08361184597015381,-0.1048760935664177
963.885986328125,0.47874701023101807,-0.018178507685661316,0.013374805450439453,4.6014628410339355,-0.14131343364715576,0.15897798538208008
363.8500061035156,0.3124203383922577,0.029727205634117126,-0.05143928527832031,2.9338982105255127,0.20489966869354248,-0.4880686104297638
700.0460205078125,0.36278751492500305,0.03518790751695633,-0.04404342174530029,3.7942728996276855,0.29065144062042236,-0.458100825548172
809.75,0.6069251894950867,0.0033523142337799072,-0.0062367916107177734,4.328170299530029,0.0073566436767578125,-0.05746522918343544
151.6699981689453,0.47682133316993713,-0.029319584369659424,0.025499343872070312,4.2995219230651855,-0.20001554489135742,0.24236685037612915
540.7620239257812,0.27964913845062256,0.014461767859756947,-0.06478214263916016,1.89676034450531,0.026742838323116302,-0.372080534696579
268.6419982910156,0.2837720513343811,0.015970222651958466,-0.058550119400024414,2.1262662410736084,0.06110626459121704,-0.44377803802490234
673.8779907226562,0.5160571336746216,-0.04307742416858673,0.05507183074951172,3.8979721069335938,-0.2238999605178833,0.4361691176891327
172.3419952392578,0.514216959476471,-0.04914543032646179,0.0897674560546875,3.1434054374694824,-0.1727604866027832,0.5988859534263611
596.8140258789062,0.44525840878486633,-0.024900265038013458,0.03503131866455078,3.6070191860198975,-0.1484714150428772,0.29976439476013184
887.177978515625,0.4331209063529968,0.020101889967918396,-0.01547229290008545,4.493919372558594,0.17119669914245605,-0.09803516417741776
291.27801513671875,0.41501885652542114,-0.03289809823036194,0.02518773078918457,4.182763576507568,-0.272050142288208,0.2607901096343994
479.6499938964844,0.40521618723869324,0.018923550844192505,-0.015211105346679688,4.230993270874023,0.16415750980377197,-0.11656829714775085
528.3179931640625,0.33751586079597473,0.031425245106220245,-0.04402041435241699,3.44269061088562,0.2374032437801361,-0.4423171877861023
574.7899780273438,0.6194117069244385,0.05085119605064392,-0.04596543312072754,4.2851243019104,0.24416044354438782,-0.3028296232223511
254.57400512695312,0.4131205976009369,-0.0006882175803184509,-0.0005859285593032837,4.131190299987793,-0.009796977043151855,-0.02390899695456028
751.6380004882812,0.4637865424156189,0.017493419349193573,-0.012739181518554688,4.654221534729004,0.15119314193725586,-0.11432938277721405
481.0140075683594,0.5708508491516113,0.011597156524658203,-0.0052280426025390625,4.505993843078613,0.07338094711303711,-0.03160776197910309
250.57000732421875,0.5296406149864197,0.018764644861221313,-0.01684938371181488,4.451813220977783,0.1293882131576538,-0.09646999835968018
149.41799926757812,0.37071171402931213,-0.02684079110622406,0.07827568054199219,2.845430612564087,-0.10165637731552124,0.5783116817474365
552.302001953125,0.18902918696403503,-0.017244789749383926,0.06756031513214111,1.8979016542434692,-0.1044568121433258,0.6463583111763
84.85399627685547,0.5461671352386475,0.03201891481876373,-0.03288006782531738,4.029338359832764,0.16485440731048584,-0.24784983694553375
724.3099975585938,0.5685149431228638,-0.0553009957075119,0.05245518684387207,4.232207775115967,-0.2933977246284485,0.3509952425956726
730.666015625,0.47338807582855225,0.0031232237815856934,0.0011944770812988281,4.746654510498047,0.02155756950378418,-0.024316322058439255
138.28599548339844,0.2777765095233917,0.03027047961950302,-0.06280136108398438,2.679593563079834,0.198564350605011,-0.6303738355636597
799.0859985351562,0.450055867433548,-0.022388488054275513,0.029232025146484375,4.45317268371582,-0.18203604221343994,0.3003699481487274
137.82200622558594,0.3277648091316223,0.03572768718004227,-0.07939529418945312,2.84812593460083,0.20167502760887146,-0.7182029485702515
356.77398681640625,0.505257785320282,-0.002673119306564331,0.0024251937866210938,3.581453323364258,-0.009284019470214844,0.01873365044593811
963.2059936523438,0.5491821765899658,-0.03339511156082153,0.02283334732055664,4.557816028594971,-0.21954822540283203,0.1778295487165451
329.1860046386719,0.4686523675918579,-0.01599384844303131,0.00955963134765625,4.704594612121582,-0.14288568496704102,0.08371900767087936
332.7820129394531,0.4678329825401306,-0.01281169056892395,0.006850242614746094,4.654566287994385,-0.10218453407287598,0.08907544612884521
164.697998046875,0.6026212573051453,-0.036891549825668335,0.03464317321777344,4.421721458435059,-0.18700015544891357,0.24722975492477417
350.697998046875,0.7109451293945312,-0.019405335187911987,0.015558242797851562,4.678467273712158,-0.08779644966125488,0.10081665217876434
768.8779907226562,0.5995030403137207,0.0001678168773651123,0.0021944046020507812,4.707751274108887,-0.0035449862480163574,-0.040816131979227066
307.010009765625,0.43693020939826965,-0.04384654760360718,0.04351520538330078,4.1980085372924805,-0.3385120630264282,0.42190876603126526
524.0020141601562,0.5873997211456299,0.046049997210502625,-0.06414079666137695,3.810145378112793,0.18518126010894775,-0.43830931186676025
623.72998046875,0.4525350034236908,-0.0251116082072258,0.019131064414978027,4.528337478637695,-0.21212643384933472,0.1776280701160431
686.6019897460938,0.47156181931495667,0.03392529487609863,-0.04584002494812012,2.984506845474243,0.13040435314178467,-0.32690662145614624
451.79400634765625,0.5100398659706116,-0.01184672862291336,0.010111808776855469,4.572027683258057,-0.08801424503326416,0.11446474492549896
220.00999450683594,0.3588041365146637,0.02101278305053711,-0.03732919692993164,3.437875270843506,0.1584489345550537,-0.38226965069770813
979.8460083007812,0.4231189489364624,0.019185900688171387,-0.015468597412109375,4.396215438842773,0.16790807247161865,-0.1928008794784546
358.9460144042969,0.20623132586479187,-0.0014042556285858154,-0.0029020309448242188,2.076848268508911,-0.010314702987670898,-0.03849678114056587
775.677978515625,0.6136584281921387,0.014921024441719055,-0.00739288330078125,4.683015823364258,0.09273850917816162,-0.07261430472135544
600.0139770507812,0.3003978729248047,-0.02771015465259552,0.05391120910644531,3.0436525344848633,-0.2010582685470581,0.5541179776191711
789.75,0.2674059569835663,-0.010431855916976929,0.06555747985839844,1.8559467792510986,-0.020907223224639893,0.47244614362716675
860.1220092773438,0.4865112602710724,-0.0026726722717285156,0.008611202239990234,4.628283500671387,-0.01614093780517578,0.10428617149591446
821.4099731445312,0.43156468868255615,0.026059672236442566,-0.013126850128173828,4.5000786781311035,0.22919905185699463,-0.1515132635831833
242.9219970703125,0.3354191482067108,3.6507844924926758e-06,-0.00011658668518066406,2.515749931335449,0.011078357696533203,0.013724151998758316
694.6380004882812,0.42019951343536377,0.02607680857181549,-0.0162791907787323,4.384015083312988,0.23601853847503662,-0.16869135200977325
214.6540069580078,0.36981964111328125,-0.023161396384239197,0.029233455657958984,3.40653395652771,-0.16659128665924072,0.22735664248466492
495.7019958496094,0.562135636806488,0.00433078408241272,-0.0033044815063476562,4.497583866119385,0.02852177619934082,-0.06369264423847198
347.4020080566406,0.48414021730422974,-0.030583158135414124,0.02649688720703125,4.3386945724487305,-0.21899199485778809,0.2315913587808609
128.2779998779297,0.41129642724990845,0.04058714210987091,-0.052557945251464844,3.9348888397216797,0.30446332693099976,-0.47507497668266296
880.8099975585938,0.36788249015808105,-0.027433425188064575,0.06148028373718262,2.928267240524292,-0.1286410093307495,0.4844497740268707
292.46600341796875,0.6454354524612427,-0.01119743287563324,0.006692647933959961,4.525935649871826,-0.06572198867797852,0.07801716774702072
836.1820068359375,0.4699021875858307,0.03408023715019226,-0.030106544494628906,4.5350799560546875,0.2722078561782837,-0.28326576948165894
141.2899932861328,0.4825151860713959,0.0324164554476738,-0.027265548706054688,4.1905741691589355,0.20817601680755615,-0.247343048453331
309.7619934082031,0.4658541977405548,-0.025651097297668457,0.01870107650756836,4.677482604980469,-0.21979808807373047,0.16495612263679504
92.91400146484375,0.4596782326698303,0.015167288482189178,-0.007137775421142578,4.428662300109863,0.1143949031829834,-0.08016899973154068
668.3660278320312,0.4636465609073639,-0.0035926848649978638,0.009965002536773682,4.849774360656738,-0.031069278717041016,0.07982305437326431
370.5459899902344,0.5239822268486023,0.03595665097236633,-0.03152656555175781,4.257111072540283,0.2176293134689331,-0.234143927693367
112.44999694824219,0.3730004131793976,0.030081110075116158,-0.04107475280761719,3.7538135051727295,0.23126406967639923,-0.40837687253952026
983.9539794921875,0.5337764024734497,0.0038051456212997437,-0.0017323493957519531,4.776269435882568,0.038405418395996094,0.00703836977481842
697.1859741210938,0.4771975874900818,-0.0010338425636291504,0.0013550519943237305,4.766390800476074,0.00019407272338867188,0.030009206384420395
497.4179992675781,0.3766534924507141,0.0004060119390487671,0.00406646728515625,3.55419921875,0.004776954650878906,0.024756664410233498
905.4140014648438,0.39189422130584717,0.045730799436569214,-0.07261848449707031,3.3983192443847656,0.2817986011505127,-0.6467365622520447
278.77801513671875,0.246313214302063,-0.013227730989456177,0.04085648059844971,2.498866081237793,-0.08605492115020752,0.3904249966144562
906.8419799804688,0.5919426083564758,0.04976963251829147,-0.06327533721923828,3.7362866401672363,0.1980399191379547,-0.4104442596435547
238.906005859375,0.46075332164764404,0.0018396973609924316,-0.004705190658569336,4.617647171020508,0.01224672794342041,-0.05593625828623772
145.71800231933594,0.4700136184692383,-0.006362229585647583,0.000904083251953125,4.714869022369385,-0.06281054019927979,0.01150006614625454
142.6540069580078,0.5674490928649902,0.01848950982093811,0.00141143798828125,4.582344055175781,0.12175846099853516,-0.0016891115810722113
403.8059997558594,0.35795480012893677,0.02523970603942871,-0.027213573455810547,3.584376335144043,0.19810187816619873,-0.28332358598709106
929.6740112304688,0.6216042041778564,-0.01457543671131134,0.009940147399902344,4.714081764221191,-0.0876302719116211,0.028554609045386314
411.4859924316406,0.6102997660636902,0.010579332709312439,-0.00019216537475585938,4.638772964477539,0.0673973560333252,0.022597745060920715
801.7420043945312,0.33999666571617126,-0.042867034673690796,0.08319997787475586,2.8563146591186523,-0.24496078491210938,0.6949068903923035
294.5379943847656,0.5965017676353455,0.0016589760780334473,-0.011539936065673828,4.504367828369141,0.007686972618103027,-0.08570539206266403
933.197998046875,0.6008007526397705,-0.0008970946073532104,0.0070552825927734375,4.122523784637451,-0.00816643238067627,0.08564338088035583
147.18600463867188,0.2425660938024521,-0.025891292840242386,0.058727264404296875,2.4692928791046143,-0.19696573913097382,0.6195818185806274
442.69000244140625,0.5921030044555664,-0.027181893587112427,0.03169441223144531,4.14620304107666,-0.13091301918029785,0.23992305994033813
798.2100219726562,0.41091278195381165,-0.011850565671920776,0.0063762664794921875,4.675729751586914,-0.11706459522247314,0.0834154486656189
256.3139953613281,0.3217489719390869,0.007747676223516464,-0.015724696218967438,3.3587615489959717,0.06679549813270569,-0.2123241424560547
564.6339721679688,0.26204782724380493,0.028575845062732697,-0.06699749827384949,2.652700185775757,0.20187914371490479,-0.6924365162849426
904.8300170898438,0.563128650188446,0.058262526988983154,-0.08930778503417969,3.6457881927490234,0.2364804744720459,-0.6579626798629761
609.9819946289062,0.5815876722335815,-0.04560396075248718,0.048964500427246094,4.271829605102539,-0.23411989212036133,0.3590680956840515
832.8779907226562,0.5958340167999268,0.04719361662864685,-0.050955772399902344,4.280423164367676,0.23188233375549316,-0.31576037406921387
938.8099975585938,0.5419078469276428,-0.03028346598148346,0.03479480743408203,4.043158054351807,-0.15943503379821777,0.26408442854881287
968.177978515625,0.4503500163555145,-0.027805089950561523,0.02192544937133789,4.324291706085205,-0.21395909786224365,0.17541366815567017
445.03399658203125,0.49982750415802,-0.03501758724451065,0.028545379638671875,4.172303676605225,-0.22891777753829956,0.22019274532794952
597.8060302734375,0.43027248978614807,-0.04257570207118988,0.1138315200805664,2.6446566581726074,-0.1136171817779541,0.7741056084632874
945.3099975585938,0.4486704468727112,0.0031657516956329346,-2.6702880859375e-05,4.674164295196533,0.028725743293762207,0.03970123454928398
951.5460205078125,0.46777841448783875,-0.009950578212738037,0.00853729248046875,4.67757511138916,-0.09373641014099121,0.07207603007555008
131.49400329589844,0.440796434879303,0.029948681592941284,-0.019611358642578125,4.38800048828125,0.25033843517303467,-0.1999041587114334
514.781982421875,0.4272312521934509,0.001796722412109375,-0.0029430389404296875,4.4680562019348145,0.019786357879638672,-0.03320322185754776
378.7139892578125,0.43480178713798523,-0.039195716381073,0.04351329803466797,4.005228042602539,-0.2825583219528198,0.4098380506038666
273.2179870605469,0.23118259012699127,-0.0007921457290649414,0.005366325378417969,2.043400287628174,-0.001047372817993164,0.05020597577095032
762.6859741210938,0.3486950397491455,0.030842900276184082,-0.030157089233398438,3.985541820526123,0.2823352813720703,-0.3519376814365387
242.4219970703125,0.29040396213531494,0.0013935640454292297,0.002328634262084961,2.8572919368743896,0.023386478424072266,0.04197581857442856
991.5380249023438,0.47013059258461,0.035537198185920715,-0.034796714782714844,4.31808614730835,0.2641763687133789,-0.2888820767402649
594.4340209960938,0.3212631046772003,-0.009661704301834106,0.04675006866455078,2.32243013381958,-0.020808815956115723,0.31741541624069214
908.1820068359375,0.45019158720970154,0.029117166996002197,-0.026558876037597656,4.332765579223633,0.2239469289779663,-0.23419027030467987
582.2020263671875,0.4350757300853729,0.03720435872673988,-0.02783966064453125,4.356305122375488,0.303448885679245,-0.2688356637954712
921.197998046875,0.4340762495994568,-0.029098905622959137,0.06472969055175781,3.0699515342712402,-0.120719313621521,0.49103277921676636
738.4219970703125,0.48882442712783813,0.03712223470211029,-0.04812979698181152,4.1678266525268555,0.22930490970611572,-0.427092969417572
601.8460083007812,0.5522568821907043,-0.04765697568655014,0.05669689178466797,4.0565690994262695,-0.23530042171478271,0.4031544625759125
943.030029296875,0.6351795196533203,0.020856253802776337,-0.013579368591308594,4.654876708984375,0.11674940586090088,-0.05982305109500885
673.3660278320312,0.4032638370990753,-0.030078724026679993,0.03970456123352051,3.9946563243865967,-0.2370438575744629,0.42440125346183777
801.6259765625,0.46710705757141113,-0.053155481815338135,0.09579086303710938,3.0577244758605957,-0.20953595638275146,0.6650543212890625
608.885986328125,0.6402362585067749,-0.030687935650348663,0.021126270294189453,4.571833610534668,-0.1653280258178711,0.20314279198646545
228.91000366210938,0.4335257411003113,0.0377519428730011,-0.03177833557128906,4.199978828430176,0.28553080558776855,-0.29739582538604736
632.5260009765625,0.34746474027633667,-0.005392506718635559,0.003136873245239258,2.3948476314544678,-0.02922844886779785,0.03582296893000603
946.6820068359375,0.5677192211151123,-0.05215771123766899,0.057247161865234375,4.0360870361328125,-0.25826960802078247,0.4336485266685486
502.7460021972656,0.33058813214302063,0.020177502185106277,-0.03586101531982422,3.211644411087036,0.1433265209197998,-0.3237288296222687
161.4459991455078,0.4538845419883728,-0.025618627667427063,0.016073226928710938,4.548223972320557,-0.21228742599487305,0.13640516996383667
310.5220031738281,0.5276646614074707,-0.01934736967086792,0.014120101928710938,4.712356090545654,-0.1381375789642334,0.13055402040481567
239.47799682617188,0.5886765718460083,0.002387017011642456,-0.0007827281951904297,4.579562664031982,0.014898896217346191,-0.014795699156820774
767.3460083007812,0.36139658093452454,-7.653236389160156e-05,0.0015897750854492188,4.758416175842285,-0.008946835994720459,0.03977178782224655
222.70599365234375,0.40693044662475586,0.02911694347858429,-0.020528316497802734,4.123561382293701,0.24454247951507568,-0.1727602779865265
394.65399169921875,0.40301015973091125,0.03627990186214447,-0.03612232208251953,4.052087306976318,0.29788076877593994,-0.37846681475639343
737.3660278320312,0.41125252842903137,0.03792734444141388,-0.04092702269554138,4.137010097503662,0.29193341732025146,-0.40141937136650085
296.385986328125,0.6406176686286926,7.323920726776123e-05,-0.002559185028076172,4.7398810386657715,-0.0036884546279907227,-0.020160427317023277
433.95001220703125,0.2869603633880615,-0.019631829112768173,0.03485441207885742,3.0336880683898926,-0.1474635750055313,0.3865848779678345
580.4340209960938,0.6223450899124146,0.05031225085258484,-0.04977083206176758,4.336850643157959,0.24591922760009766,-0.29285386204719543
557.6820068359375,0.3712114095687866,-0.029829926788806915,0.04604136943817139,3.3726096153259277,-0.18197953701019287,0.4301616847515106
741.1019897460938,0.46411341428756714,0.0408819317817688,-0.07507121562957764,3.0760810375213623,0.1477879285812378,-0.4941793382167816
427.17401123046875,0.2991514801979065,-0.032232098281383514,0.05534648895263672,3.2745614051818848,-0.26148533821105957,0.5946729779243469
98.05799865722656,0.5962154269218445,0.0073622483760118484,-0.005410671234130859,4.64890718460083,0.037739142775535583,-0.10052122175693512
836.6259765625,0.6776787042617798,0.035861536860466,-0.018003463745117188,4.574313163757324,0.18348932266235352,-0.15107017755508423
400.01800537109375,0.44501322507858276,0.001390613615512848,0.0038857460021972656,4.114190101623535,0.017864257097244263,0.03596554696559906
99.44599914550781,0.4632358253002167,0.0041524991393089294,-0.0016608238220214844,4.618335247039795,0.04247957468032837,-0.017558617517352104
545.9140014648438,0.22134335339069366,-0.008626721799373627,0.06632757186889648,1.6329761743545532,-0.012067079544067383,0.5239349603652954
131.71800231933594,0.530009388923645,0.03147096931934357,-0.020017623901367188,4.440446376800537,0.2083660364151001,-0.1806594580411911
848.0780029296875,0.4019537568092346,-0.03100687265396118,0.02829265594482422,4.042416095733643,-0.24555683135986328,0.25917309522628784
534.302001953125,0.3704504370689392,0.03410184383392334,-0.05379509925842285,3.7293498516082764,0.2565758228302002,-0.5732393264770508
946.3499755859375,0.4921124577522278,-0.04225032031536102,0.052124977111816406,4.08416748046875,-0.2603456377983093,0.42878326773643494
688.0499877929688,0.13195505738258362,0.006514698266983032,-0.03797149658203125,1.6356356143951416,0.05701535940170288,-0.4042351543903351
354.8380126953125,0.4640182852745056,-0.004596933722496033,0.0048961639404296875,4.623741149902344,-0.031041622161865234,0.04823453351855278
644.47802734375,0.27509158849716187,-0.02102532982826233,0.017308712005615234,4.322606086730957,-0.28627920150756836,0.27433788776397705
862.030029296875,0.5999916195869446,-0.04810638353228569,0.055149078369140625,4.109455108642578,-0.2214718461036682,0.38172322511672974
1000.8460083007812,0.31603023409843445,0.00033251941204071045,-0.0010213851928710938,3.261282205581665,0.00259554386138916,0.003550910856574774
841.2139892578125,0.565517008304596,0.031060360372066498,-0.025300025939941406,4.562900543212891,0.19447124004364014,-0.17313359677791595
892.8579711914062,0.28344500064849854,0.02631649374961853,-0.029401063919067383,4.176990509033203,0.34016919136047363,-0.4667588174343109
868.030029296875,0.4157218039035797,-0.03141240030527115,0.08637714385986328,2.757242441177368,-0.0978127121925354,0.55837082862854
86.5739974975586,0.3093316853046417,0.031904131174087524,-0.05220985412597656,3.2106597423553467,0.24750304222106934,-0.5355393290519714
348.5260009765625,0.5497773289680481,-0.04141775891184807,0.040374755859375,4.414859294891357,-0.240062415599823,0.2849169671535492
846.197998046875,0.4870525002479553,-0.03772631287574768,0.07889175415039062,3.4069178104400635,-0.14149236679077148,0.5981919765472412
629.3099975585938,0.4897025227546692,-0.02703014761209488,0.04372227191925049,3.817471981048584,-0.1505211591720581,0.36507368087768555
538.6420288085938,0.2050575464963913,0.0208732932806015,-0.08103466033935547,1.9489729404449463,0.11482498049736023,-0.7530918717384338
865.4860229492188,0.6248785257339478,-0.011370748281478882,0.001743316650390625,4.589169502258301,-0.07337498664855957,0.028438957408070564
490.72601318359375,0.42589810490608215,0.030274827033281326,-0.022571563720703125,4.451465129852295,0.2611671984195709,-0.24598781764507294
284.36199951171875,0.36497968435287476,-0.037831276655197144,0.0343223512172699,4.159026145935059,-0.3606264591217041,0.38255512714385986
702.2020263671875,0.4380947947502136,0.024075031280517578,-0.01833963394165039,4.563420295715332,0.2173405885696411,-0.2018628567457199
600.7139892578125,0.36852410435676575,-0.03434029221534729,0.04320526123046875,3.5907983779907227,-0.2586033344268799,0.41237956285476685
105.11799621582031,0.47576773166656494,0.048167333006858826,-0.10323905944824219,2.827948570251465,0.12209022045135498,-0.5877496004104614
129.47799682617188,0.4591098427772522,0.044089175760746,-0.055950164794921875,3.7679126262664795,0.25352323055267334,-0.4688517451286316
620.4860229492188,0.40728044509887695,-0.04037417471408844,0.04976153373718262,3.911963701248169,-0.2918574810028076,0.43817558884620667
743.8179931640625,0.34834155440330505,0.0248175710439682,-0.08019018173217773,2.422376871109009,0.08708310127258301,-0.5189815759658813
812.5659790039062,0.4305195212364197,0.024048224091529846,-0.014351367950439453,4.312384605407715,0.20129013061523438,-0.13279834389686584
339.8380126953125,0.4576705992221832,-0.02972739189863205,0.015227317810058594,4.596656799316406,-0.25649726390838623,0.16798743605613708
383.07000732421875,0.6212345957756042,-0.000758439302444458,-0.007800102233886719,4.6742353439331055,-0.011621713638305664,-0.12525495886802673
196.0780029296875,0.6077437400817871,-0.0035268962383270264,0.0005347728729248047,3.9653921127319336,-0.015419244766235352,0.006633895915001631
702.4019775390625,0.4525258541107178,0.02248828113079071,-0.015460729598999023,4.523392677307129,0.18654894828796387,-0.17193716764450073
885.510009765625,0.503169596195221,0.023986071348190308,-0.02153727412223816,4.4744062423706055,0.17137551307678223,-0.22124600410461426
266.34600830078125,0.3363994359970093,0.002020329236984253,-0.0023148655891418457,4.679538249969482,0.027170658111572266,-0.024564214050769806
805.5419921875,0.21705789864063263,-0.017028778791427612,0.07012557983398438,2.016625165939331,-0.08633804321289062,0.6785542964935303
377.48199462890625,0.44249898195266724,-0.03643881529569626,0.04146385192871094,4.008462429046631,-0.25787991285324097,0.37734171748161316
416.20599365234375,0.4013744592666626,0.035540319979190826,-0.03528308868408203,4.022116661071777,0.2861759066581726,-0.3552022874355316
208.41799926757812,0.2818647623062134,-0.013452142477035522,0.09610819816589355,1.778442144393921,-0.0014460086822509766,0.6086218953132629
578.85400390625,0.5356720089912415,0.05689695477485657,-0.0701894760131836,3.8505020141601562,0.2772926092147827,-0.5339052677154541
840.5260009765625,0.5239895582199097,0.03376781940460205,-0.02045726776123047,4.540056228637695,0.2415304183959961,-0.1591143012046814
800.510009765625,0.43215513229370117,-0.03443647176027298,0.027580738067626953,4.349285125732422,-0.2839213013648987,0.2537230849266052
377.5820007324219,0.403231143951416,-0.03508622199296951,0.037018775939941406,4.037285804748535,-0.27837061882019043,0.3503333032131195
686.3660278320312,0.3408595323562622,0.029245078563690186,-0.03911876678466797,3.3509116172790527,0.22523093223571777,-0.35917404294013977
371.9100036621094,0.447349488735199,0.02656322717666626,-0.023583412170410156,4.467324733734131,0.21328473091125488,-0.2329225391149521
915.75,0.6456745862960815,0.02844369411468506,-0.020029067993164062,4.526267051696777,0.1521700620651245,-0.1086796298623085
862.333984375,0.43738675117492676,-0.038761164993047714,0.038974761962890625,4.21041202545166,-0.29384833574295044,0.3442804217338562
755.510009765625,0.47749969363212585,0.02470347285270691,-0.013673782348632812,4.787237644195557,0.21495509147644043,-0.1303611397743225
591.2020263671875,0.29910942912101746,0.024818163365125656,-0.030042648315429688,2.9903018474578857,0.20891037583351135,-0.2989580035209656
450.6260070800781,0.44029736518859863,-0.015286937355995178,0.009740829467773438,4.4159345626831055,-0.1297065019607544,0.08574074506759644
751.3060302734375,0.49051910638809204,0.020190425217151642,-0.015034198760986328,4.552829742431641,0.15107280015945435,-0.1600872278213501
847.6380004882812,0.3896949291229248,-0.03623567521572113,0.03694438934326172,3.917430877685547,-0.29437255859375,0.3325781524181366
272.1059875488281,0.4013512432575226,0.021531760692596436,-0.03740859031677246,2.5533316135406494,0.07452178001403809,-0.225142702460289
145.08599853515625,0.5149620771408081,-0.00938194990158081,0.004425048828125,4.774233818054199,-0.07171761989593506,0.03693859279155731
173.3459930419922,0.2854342758655548,-0.02488837018609047,0.053562164306640625,2.772580146789551,-0.1686268448829651,0.5176638960838318
654.5139770507812,0.4866636097431183,0.04610435664653778,-0.06375408172607422,3.7917861938476562,0.24604177474975586,-0.5145719051361084
448.84600830078125,0.4260641932487488,-0.029418930411338806,0.023191452026367188,4.146084308624268,-0.22665739059448242,0.22312238812446594
571.2459716796875,0.36864176392555237,0.03412691503763199,-0.03698277473449707,3.8465728759765625,0.28753697872161865,-0.4189309775829315
491.29400634765625,0.4973706901073456,0.03141944482922554,-0.025178909301757812,4.435528755187988,0.21906113624572754,-0.2586279809474945
778.0819702148438,0.2679900825023651,0.03154466301202774,-0.05784416198730469,2.9114696979522705,0.2643129825592041,-0.6297203898429871
686.6820068359375,0.23377098143100739,0.017492949962615967,-0.027542591094970703,2.871056318283081,0.17278248071670532,-0.35825565457344055
632.281982421875,0.2446611225605011,-0.004890613257884979,0.008214473724365234,2.437286853790283,-0.042601585388183594,0.08891452103853226
808.8980102539062,0.6634969115257263,0.0007157772779464722,0.003973722457885742,4.29301118850708,0.00841224193572998,0.015255114994943142
436.91400146484375,0.3414533734321594,-0.011371076107025146,0.010009288787841797,3.25321888923645,-0.08077597618103027,0.0921749696135521
505.54998779296875,0.5725513100624084,0.021619394421577454,-0.013000965118408203,4.209333896636963,0.1250683069229126,-0.09288370609283447
439.4540100097656,0.23729026317596436,-0.013638980686664581,0.03933572769165039,2.5074522495269775,-0.09454596042633057,0.4181821346282959
632.6500244140625,0.29217109084129333,-0.0031416714191436768,0.005707263946533203,2.3107566833496094,-0.009929656982421875,0.04891595244407654
884.5180053710938,0.590498149394989,0.017859168350696564,-0.01977384090423584,4.477871894836426,0.09791314601898193,-0.14317487180233002
699.7100219726562,0.2869616448879242,0.03071565181016922,-0.04018676280975342,3.576000452041626,0.3161506652832031,-0.4997522532939911
547.3499755859375,0.199005126953125,-0.0124228335916996,0.06716537475585938,1.917594075202942,-0.06390586495399475,0.5810016989707947
987.9420166015625,0.4758673310279846,0.0009132027626037598,-0.0033111572265625,4.752776145935059,0.01761496067047119,-0.04693382978439331
814.8779907226562,0.6322622895240784,0.011182337999343872,-0.005531787872314453,4.684695720672607,0.06244075298309326,-0.03989384323358536
849.2100219726562,0.35967734456062317,-0.03348606824874878,0.04001140594482422,4.049932479858398,-0.31156277656555176,0.4612565338611603
483.2860107421875,0.26299190521240234,0.024074912071228027,-0.056255340576171875,2.5576257705688477,0.16549921035766602,-0.5531613826751709
628.3740234375,0.42652177810668945,0.004519864916801453,0.0077092647552490234,4.087253093719482,0.036301031708717346,0.09579440951347351
428.82598876953125,0.523530125617981,-0.04270050674676895,0.04781770706176758,3.837690591812134,-0.22710329294204712,0.31507715582847595
657.2020263671875,0.4472798705101013,0.022127266973257065,-0.015187263488769531,4.4494218826293945,0.17486101388931274,-0.15882515907287598
195.3179931640625,0.43465930223464966,-0.003513738512992859,0.00203704833984375,4.313488960266113,-0.022685766220092773,0.016572879627346992
389.1099853515625,0.6413955092430115,0.02599046379327774,-0.050567626953125,4.001768112182617,0.08784939348697662,-0.36269882321357727
411.2860107421875,0.627611517906189,0.010665670037269592,-0.0032172203063964844,4.624048233032227,0.0642099380493164,-0.03751254826784134
132.14999389648438,0.45291510224342346,0.021022751927375793,-0.014116287231445312,4.542891025543213,0.1734778881072998,-0.11644616723060608
390.1579895019531,0.3274694085121155,0.031091533601284027,-0.04496288299560547,3.2941699028015137,0.23325896263122559,-0.4967617392539978
891.530029296875,0.6054272651672363,0.050801604986190796,-0.0687718391418457,3.8784496784210205,0.19304680824279785,-0.4238274395465851
317.906005859375,0.7148391604423523,-0.02285929024219513,0.013031959533691406,4.678133964538574,-0.11930763721466064,0.09090455621480942
387.0140075683594,0.5795326828956604,0.0006226524710655212,0.0005407333374023438,4.527438163757324,0.007718324661254883,0.004321923479437828
150.45399475097656,0.4010123014450073,-0.03466176241636276,0.0510711669921875,3.6325838565826416,-0.21474683284759521,0.45383256673812866
103.4219970703125,0.4072575569152832,0.04473624378442764,-0.07750940322875977,3.1896250247955322,0.22243738174438477,-0.6185423135757446
389.20599365234375,0.377309650182724,0.023022467270493507,-0.038939476013183594,3.8668301105499268,0.17868342995643616,-0.4300718605518341
134.0500030517578,0.4846532940864563,0.008242830634117126,-0.0032196044921875,4.656023025512695,0.06474542617797852,0.011727274395525455
431.12200927734375,0.38324519991874695,-0.013744086027145386,0.014988422393798828,3.3909342288970947,-0.0990515947341919,0.10101301968097687
329.08599853515625,0.4883284866809845,-0.017122536897659302,0.009149551391601562,4.682668685913086,-0.13219177722930908,0.08972448855638504
135.68600463867188,0.5129385590553284,0.002456679940223694,-0.0003681182861328125,4.75985860824585,0.02182185649871826,0.017265336588025093
585.3099975585938,0.36037513613700867,0.03115275502204895,-0.027235031127929688,4.089459419250488,0.28519749641418457,-0.27699941396713257
636.5460205078125,0.2619365453720093,-0.009010463953018188,0.018265485763549805,2.6278703212738037,-0.07517719268798828,0.16808660328388214
347.2900085449219,0.4253697395324707,-0.029039345681667328,0.02479076385498047,4.297083854675293,-0.23658311367034912,0.24152341485023499
616.7420043945312,0.3661622107028961,-0.04125015437602997,0.06011003255844116,3.5607094764709473,-0.2894628047943115,0.494871586561203
303.3580017089844,0.3358514904975891,-0.018370889127254486,0.017158985137939453,4.655350685119629,-0.2320244312286377,0.25496333837509155
316.35400390625,0.5260716676712036,-0.024739183485507965,0.01606893539428711,4.691762924194336,-0.1739470362663269,0.17665712535381317
112.01000213623047,0.513961672782898,0.04149918258190155,-0.06285858154296875,3.613508939743042,0.17479315400123596,-0.4456947147846222
583.1539916992188,0.4926747977733612,0.02986171841621399,-0.022414207458496094,4.593293190002441,0.22627705335617065,-0.18047086894512177
437.93798828125,0.2837105691432953,-0.004791080951690674,0.008484840393066406,2.775237560272217,-0.04316902160644531,0.09712812304496765
190.71800231933594,0.4896465539932251,-0.027565687894821167,0.0304107666015625,3.9889256954193115,-0.16249442100524902,0.23193220794200897
149.07400512695312,0.39281997084617615,-0.023664087057113647,0.0827484130859375,2.597590684890747,-0.04594200849533081,0.5513404607772827
571.3460083007812,0.38360971212387085,0.03397591412067413,-0.043771982192993164,3.8253872394561768,0.25765180587768555,-0.4785076379776001
743.6740112304688,0.17067253589630127,0.015559330582618713,-0.043212890625,2.4003913402557373,0.17250007390975952,-0.5936254262924194
570.3060302734375,0.3813427686691284,0.03775056079030037,-0.0515897274017334,3.7910115718841553,0.2830197215080261,-0.4984016418457031
229.93800354003906,0.4054543375968933,0.039555758237838745,-0.045469045639038086,4.033702850341797,0.29986464977264404,-0.41283828020095825
388.8500061035156,0.3831459581851959,0.008928228169679642,-0.023102760314941406,4.301392078399658,0.08356073498725891,-0.2866038382053375
665.7420043945312,0.5885900855064392,0.024009764194488525,-0.011616110801696777,4.7451934814453125,0.1590557098388672,-0.09295668452978134
720.1019897460938,0.7311261892318726,-0.022927314043045044,0.01568394899368286,4.671231269836426,-0.11319231986999512,0.09441938251256943
513.7780151367188,0.590427815914154,0.00676494836807251,-0.004461765289306641,4.616501808166504,0.04400348663330078,-0.11850069463253021
909.9459838867188,0.6031010150909424,0.016711533069610596,-0.009472846984863281,4.53227424621582,0.0961923599243164,-0.09133749455213547
535.4099731445312,0.29688453674316406,0.03462779521942139,-0.046344757080078125,3.5440433025360107,0.3307086229324341,-0.5744814276695251
242.1060028076172,0.46488699316978455,0.002366006374359131,-0.005463838577270508,3.0764126777648926,0.010602712631225586,-0.05161279812455177
512.0020141601562,0.656751811504364,0.025146573781967163,-0.016128063201904297,4.479419231414795,0.13067734241485596,-0.0917869284749031
996.27001953125,0.6833598613739014,0.04133988916873932,-0.04117393493652344,4.240893363952637,0.1620476245880127,-0.24434441328048706
564.1900024414062,0.27209997177124023,0.02978629618883133,-0.07329314947128296,2.4613637924194336,0.1753537654876709,-0.6269036531448364
848.7420043945312,0.5587668418884277,-0.03262454271316528,0.034979820251464844,4.3755083084106445,-0.19157195091247559,0.3007136881351471
996.1099853515625,0.4323444068431854,0.030800580978393555,-0.024794578552246094,4.3242106437683105,0.24367153644561768,-0.2509726881980896
456.95001220703125,0.3800959885120392,-0.032307177782058716,0.03759574890136719,3.6578128337860107,-0.2518041133880615,0.3383609652519226
926.2459716796875,0.3769870698451996,-0.038121260702610016,0.04970359802246094,3.9466681480407715,-0.3157362937927246,0.5082531571388245
421.64599609375,0.5909829139709473,0.019775390625,-0.010085344314575195,4.617885589599609,0.12305760383605957,-0.09889989346265793
561.6339721679688,0.32379353046417236,0.030230507254600525,-0.04552054405212402,3.2833523750305176,0.24269115924835205,-0.455873042345047
669.7100219726562,0.2780655026435852,-0.0252949520945549,0.028409719467163086,3.863696575164795,-0.2883889675140381,0.4191160798072815
114.01000213623047,0.5035160779953003,0.04522146284580231,-0.04348945617675781,4.078509330749512,0.27241575717926025,-0.38961508870124817
920.9500122070312,0.2956625819206238,-0.020137250423431396,0.04301643371582031,3.1087160110473633,-0.15080595016479492,0.4219290018081665
164.56199645996094,0.5328011512756348,-0.03589949011802673,0.029412269592285156,4.439709663391113,-0.22467362880706787,0.2712852358818054
947.1259765625,0.38307756185531616,-0.03855489566922188,0.043213844299316406,4.010566234588623,-0.3350793123245239,0.4557541608810425
615.4340209960938,0.43491870164871216,-0.041286908090114594,0.08596861362457275,3.1402814388275146,-0.17097687721252441,0.6302633881568909
181.72999572753906,0.25084859132766724,-0.01291307806968689,0.06190061569213867,2.0950565338134766,-0.04506796598434448,0.47012218832969666
352.0740051269531,0.4850841164588928,-0.013897523283958435,0.010294914245605469,4.650619029998779,-0.11097955703735352,0.08880789577960968
717.4299926757812,0.5008072257041931,-0.03325746953487396,0.02887214720249176,4.4709014892578125,-0.22679990530014038,0.20768342912197113
966.3740234375,0.261677086353302,-0.026534507051110268,0.03712034225463867,3.481732130050659,-0.2952752113342285,0.4554021656513214
798.1220092773438,0.5037426948547363,-0.015078768134117126,0.0065975189208984375,4.664285182952881,-0.11677145957946777,0.07035518437623978
833.177978515625,0.35973578691482544,0.030041754245758057,-0.02293872833251953,4.310494899749756,0.2981799840927124,-0.2796674072742462
114.80999755859375,0.6079167127609253,0.04063594341278076,-0.039051055908203125,4.139780044555664,0.18205106258392334,-0.23912213742733002
168.16200256347656,0.4529811441898346,-0.03494095057249069,0.02812957763671875,4.540725231170654,-0.28397226333618164,0.2843725085258484
79.0459976196289,0.5509055256843567,0.02873148024082184,-0.022632360458374023,4.335942268371582,0.16805052757263184,-0.16133363544940948
886.9860229492188,0.5916029214859009,0.023500502109527588,-0.025077342987060547,4.482635021209717,0.13241863250732422,-0.208576962351799
389.6180114746094,0.33828964829444885,0.030019555240869522,-0.053252220153808594,3.3559396266937256,0.2239360511302948,-0.539656937122345
706.5579833984375,0.5335810780525208,0.003528773784637451,-0.0010325908660888672,4.748668670654297,0.024915695190429688,-0.014972730539739132
361.2460021972656,0.2753433585166931,0.008112713694572449,-0.032792091369628906,2.585071086883545,0.03503978252410889,-0.3775504529476166
867.5020141601562,0.29683980345726013,-0.0310450941324234,0.05657243728637695,2.826303720474243,-0.20520126819610596,0.520720362663269
420.41400146484375,0.5076960325241089,0.030797407031059265,-0.02245330810546875,4.415794372558594,0.21102535724639893,-0.2004975974559784
788.9459838867188,0.22648361325263977,-0.00897575169801712,0.054984092712402344,1.7690062522888184,-0.029185473918914795,0.4218998849391937
417.7980041503906,0.6502665877342224,0.030489720404148102,-0.0417637825012207,4.399412631988525,0.1278306245803833,-0.3155665695667267
711.5540161132812,0.4817071557044983,-0.029147613793611526,0.022202134132385254,4.489907741546631,-0.22156685590744019,0.19351069629192352
928.3660278320312,0.4405457079410553,-0.022540897130966187,0.012112617492675781,4.430574417114258,-0.1866750717163086,0.13448362052440643
589.6740112304688,0.39288094639778137,0.042037054896354675,-0.05084419250488281,3.8106207847595215,0.3166695833206177,-0.48270776867866516
103.80999755859375,0.42499005794525146,0.04030291736125946,-0.07538127899169922,3.227055549621582,0.18055567145347595,-0.5447202324867249
759.510009765625,0.46679550409317017,0.023021098226308823,-0.01687765121459961,4.493528842926025,0.17841583490371704,-0.1371753215789795
151.3419952392578,0.6301023960113525,-0.039905041456222534,0.036548614501953125,4.165912628173828,-0.1841832399368286,0.2532064914703369
767.4660034179688,0.5710048675537109,-0.0009299963712692261,-0.0033998489379882812,4.731836795806885,-0.009158551692962646,-0.05605922266840935
828.010009765625,0.5817216634750366,0.04559561610221863,-0.03972053527832031,4.36746883392334,0.2534983158111572,-0.30533793568611145
622.969970703125,0.549960196018219,-0.03476041927933693,0.03360331058502197,4.462828636169434,-0.20686933398246765,0.25933605432510376
168.30599975585938,0.6527476906776428,-0.047030478715896606,0.038702964782714844,4.52596378326416,-0.2342059314250946,0.2531055808067322
408.802001953125,0.460781067609787,0.015261058695614338,-0.012267589569091797,4.6143646240234375,0.1301255077123642,-0.15588633716106415
843.6740112304688,0.6077954769134521,0.01285165548324585,-0.004543304443359375,4.75313138961792,0.08181431889533997,-0.04002761095762253
464.57000732421875,0.25734201073646545,-0.024814553558826447,0.05304145812988281,2.659351110458374,-0.1912260502576828,0.49110957980155945
816.6019897460938,0.3904527723789215,0.03356447070837021,-0.06007099151611328,3.640035629272461,0.2346758246421814,-0.5981770753860474
984.77001953125,0.6031287312507629,0.009588927030563354,-0.006011009216308594,4.707485198974609,0.05314815044403076,0.005620215088129044
833.385986328125,0.3303384482860565,0.026052862405776978,-0.020331382751464844,4.3625264167785645,0.29545795917510986,-0.23058529198169708
500.27801513671875,0.22656232118606567,0.006362468004226685,-0.025054931640625,2.1888856887817383,0.04522615671157837,-0.24122470617294312
192.08200073242188,0.6752904057502747,-0.02053356170654297,0.01841592788696289,4.25783109664917,-0.09207272529602051,0.14185743033885956
924.1339721679688,0.40938547253608704,-0.027805015444755554,0.025734901428222656,4.098369121551514,-0.22086143493652344,0.29091590642929077
750.197998046875,0.6320254802703857,0.04668860509991646,-0.0356745719909668,4.306384086608887,0.2299424707889557,-0.19794872403144836
282.45001220703125,0.349884033203125,-0.03395557403564453,0.045044779777526855,3.8210530281066895,-0.2827850580215454,0.4917864501476288
208.25799560546875,0.15894865989685059,-0.010934919118881226,0.05195975303649902,1.7400119304656982,-0.07169109582901001,0.6055057048797607
359.8819885253906,0.2174980640411377,0.0001832917332649231,-0.011690139770507812,2.102390766143799,-0.008942484855651855,-0.1670558601617813
399.25,0.4023096561431885,0.0037293750792741776,-0.002654552459716797,4.364531517028809,0.03443354368209839,0.00428073201328516
468.3219909667969,0.5379727482795715,-0.022893205285072327,0.0159149169921875,4.506868839263916,-0.14283525943756104,0.11449703574180603
180.1300048828125,0.18170134723186493,-0.008745688945055008,0.05086231231689453,1.7565370798110962,-0.03941646218299866,0.4897710084915161
449.0260009765625,0.34188953042030334,-0.022522807121276855,0.01906871795654297,4.296193599700928,-0.24880993366241455,0.2128715217113495
901.5419921875,0.20995333790779114,0.025436032563447952,-0.04749488830566406,2.9275248050689697,0.2870188355445862,-0.620880126953125
959.906005859375,0.5789272785186768,-0.0345003604888916,0.039345741271972656,4.524685382843018,-0.1974632740020752,0.3281635642051697
766.35400390625,0.4795532524585724,0.007270827889442444,-0.002010345458984375,4.621675491333008,0.051818668842315674,-0.004597797524183989
628.677978515625,0.3756886422634125,-0.006361447274684906,0.016299843788146973,3.8814735412597656,-0.0448746383190155,0.171489417552948
644.9459838867188,0.5662720203399658,-0.03122764825820923,0.01853656768798828,4.418824195861816,-0.18163633346557617,0.18024083971977234
137.25399780273438,0.40316370129585266,0.03302599489688873,-0.06048393249511719,3.4903323650360107,0.21324998140335083,-0.6134997010231018
868.9099731445312,0.31272396445274353,-0.029381774365901947,0.05151081085205078,3.1541593074798584,-0.21595650911331177,0.4852372407913208
661.5419921875,0.432701975107193,0.03559274971485138,-0.02663862705230713,4.18277645111084,0.27524518966674805,-0.2599239945411682
205.75399780273438,0.1744461953639984,-0.013655096292495728,0.05939149856567383,1.8852267265319824,-0.09088701009750366,0.6290408968925476
499.9700012207031,0.21525448560714722,0.0038920417428016663,-0.022466659545898438,2.1388418674468994,0.02228832244873047,-0.2247065305709839
969.7739868164062,0.5927618741989136,-0.015933334827423096,0.010388374328613281,4.612638473510742,-0.10594725608825684,0.06327816098928452
641.1859741210938,0.3787938058376312,-0.030882611870765686,0.04305887222290039,3.9264650344848633,-0.2595245838165283,0.5033299922943115
554.510009765625,0.24121829867362976,-0.01465678308159113,0.09511719644069672,1.7712719440460205,-0.02485625445842743,0.706978976726532
686.8259887695312,0.3958626687526703,0.02412112057209015,-0.045684814453125,2.637495756149292,0.0882258415222168,-0.34023937582969666
922.5380249023438,0.3536842465400696,-0.03166542202234268,0.04724693298339844,3.4206995964050293,-0.22882366180419922,0.4601096212863922
715.5659790039062,0.4534355700016022,-0.03274352848529816,0.027045994997024536,4.527022838592529,-0.2677907943725586,0.2870005667209625
334.1820068359375,0.28629499673843384,-0.00033757835626602173,-0.0035037994384765625,4.765843868255615,-0.006868600845336914,-0.021315336227416992
267.84600830078125,0.24482329189777374,0.003930725157260895,-0.013782024383544922,3.3403000831604004,0.0501711368560791,-0.21039101481437683
312.9100036621094,0.5652395486831665,-0.0337822288274765,0.023983001708984375,4.570594787597656,-0.22152721881866455,0.1557987630367279
449.3699951171875,0.6389778852462769,-0.03560629487037659,0.024292945861816406,4.30880880355835,-0.17533612251281738,0.14442968368530273
587.3099975585938,0.4280410706996918,0.04271472245454788,-0.04233837127685547,4.143840312957764,0.31796613335609436,-0.38268545269966125
474.9020080566406,0.40620121359825134,0.0378367155790329,-0.05008125305175781,3.538362979888916,0.23486220836639404,-0.4401257038116455
777.4099731445312,0.36504390835762024,0.0351424366235733,-0.062399864196777344,3.437258243560791,0.2467249035835266,-0.6182548999786377
668.5700073242188,0.507295548915863,-0.0056295692920684814,0.0060866475105285645,4.847800254821777,-0.03484678268432617,0.09808515757322311
847.5380249023438,0.48627737164497375,-0.04237009584903717,0.05393028259277344,3.869199752807617,-0.2296760082244873,0.39520058035850525
658.0499877929688,0.4359537363052368,0.032157156616449356,-0.04097390174865723,4.144607067108154,0.24772801995277405,-0.4348087012767792
426.2380065917969,0.46186646819114685,-0.042913973331451416,0.06196188926696777,3.467033863067627,-0.21889007091522217,0.47249412536621094
681.989990234375,0.2843920886516571,0.015276163816452026,-0.01415395736694336,4.4476637840271,0.22085314989089966,-0.20907767117023468
682.8820190429688,0.605891227722168,0.02896396815776825,-0.02338695526123047,4.484188556671143,0.156538724899292,-0.1655341386795044
349.7099914550781,0.46644270420074463,-0.021760016679763794,0.019977569580078125,4.504390716552734,-0.16520476341247559,0.21053750813007355
413.5820007324219,0.37609246373176575,0.0197446271777153,-0.015810489654541016,4.489434719085693,0.20924460887908936,-0.23470377922058105
664.8699951171875,0.7372823357582092,0.03415173292160034,-0.02261209487915039,4.6505126953125,0.15778684616088867,-0.15017174184322357
526.9819946289062,0.3396332263946533,0.03419053554534912,-0.08612537384033203,2.7245473861694336,0.14724946022033691,-0.6873368620872498
426.1059875488281,0.42627444863319397,-0.03852149844169617,0.05636882781982422,3.560365676879883,-0.23802733421325684,0.45597711205482483
532.3300170898438,0.306665301322937,0.03142372518777847,-0.07292819023132324,2.6559762954711914,0.16702866554260254,-0.5653701424598694
709.3660278320312,0.4597451984882355,-0.02017909288406372,0.019159317016601562,4.604290008544922,-0.16403484344482422,0.1733933687210083
872.6740112304688,0.6198917031288147,-0.013872973620891571,0.009032964706420898,4.573791027069092,-0.08645504713058472,0.06054609641432762
165.58599853515625,0.4470450282096863,-0.021327242255210876,0.025053977966308594,4.448890686035156,-0.16363763809204102,0.2855384051799774
306.65399169921875,0.33928442001342773,-0.031364984810352325,0.03269481658935547,4.22599458694458,-0.33761465549468994,0.4472556710243225
129.0500030517578,0.3666093349456787,0.0391865149140358,-0.04668903350830078,3.6648178100585938,0.31155669689178467,-0.4703082740306854
968.7420043945312,0.6009798049926758,-0.028459757566452026,0.017220020294189453,4.414609909057617,-0.16259312629699707,0.13499705493450165
250.32200622558594,0.4355453848838806,0.016866587102413177,-0.012975752353668213,4.372535228729248,0.14159691333770752,-0.13520844280719757
179.7779998779297,0.21472030878067017,-0.008400194346904755,0.06117534637451172,1.7091995477676392,-0.01449739933013916,0.5304374694824219
290.80999755859375,0.4127991199493408,-0.04317212104797363,0.04111480712890625,3.9808735847473145,-0.33025968074798584,0.375396192073822
257.95001220703125,0.35514479875564575,0.02037493884563446,-0.023393720388412476,3.5567543506622314,0.16631150245666504,-0.21530237793922424
309.6619873046875,0.4804595410823822,-0.02699485421180725,0.019123077392578125,4.640716075897217,-0.21335232257843018,0.1940232664346695
502.84600830078125,0.32308128476142883,0.020471103489398956,-0.031217098236083984,3.26547908782959,0.15489622950553894,-0.30640220642089844
788.47802734375,0.17330516874790192,-0.009125106036663055,0.04121112823486328,1.7765880823135376,-0.05253586173057556,0.42353686690330505
799.2979736328125,0.4795452356338501,-0.03092668205499649,0.03213214874267578,4.438748359680176,-0.23479461669921875,0.30392229557037354
110.98600006103516,0.39086076617240906,0.03784298896789551,-0.06847953796386719,3.042880058288574,0.18810021877288818,-0.4660976231098175
704.3699951171875,0.4775807559490204,0.0053402334451675415,-0.00078582763671875,4.600144863128662,0.036528825759887695,0.004153331741690636
539.7780151367188,0.14636896550655365,0.013390883803367615,-0.057326316833496094,1.9203851222991943,0.12585341930389404,-0.7673790454864502
170.906005859375,0.6319928169250488,-0.017676129937171936,-0.003945350646972656,4.664567470550537,-0.11326479911804199,-0.032062873244285583
63.37799835205078,-5.4518168326467276e-05,7.852825365262106e-05,6.639864295721054e-06,-0.0020969430916011333,0.0006396546959877014,-0.00013659779506269842
781.4340209960938,0.5895091891288757,0.03160393238067627,-0.024019241333007812,4.3726372718811035,0.16329962015151978,-0.14196236431598663
279.12200927734375,0.2929522693157196,-0.01517750695347786,0.04249560832977295,2.776599884033203,-0.08690494298934937,0.4130861163139343
319.08599853515625,0.39101889729499817,-0.011137709021568298,0.012416362762451172,4.655837059020996,-0.11284923553466797,0.1327923685312271
220.57400512695312,0.4902040362358093,0.036985740065574646,-0.06609106063842773,3.275040626525879,0.1464097797870636,-0.4819081723690033
850.2860107421875,0.45623499155044556,-0.04259718954563141,0.046665191650390625,3.941532850265503,-0.2742093801498413,0.42240387201309204
790.0819702148438,0.17358358204364777,-0.009082630276679993,0.0475616455078125,1.8299486637115479,-0.05402415990829468,0.5169326066970825
283.1419982910156,0.507795512676239,-0.04676157608628273,0.0566229410469532,3.995840311050415,-0.2628538906574249,0.40868285298347473
753.7739868164062,0.7801826000213623,0.007549852132797241,-0.004623889923095703,4.64369535446167,0.04199528694152832,-0.07314743846654892
463.5140075683594,0.33022475242614746,-0.028419002890586853,0.08307075500488281,2.433580160140991,-0.09993851184844971,0.5846053957939148
101.58599853515625,0.39908260107040405,0.021351099014282227,-0.016356468200683594,4.541908264160156,0.2047516107559204,-0.18815746903419495
964.9099731445312,0.357796847820282,-0.038154348731040955,0.04830741882324219,3.5311007499694824,-0.29964733123779297,0.528291642665863
225.6060028076172,0.6990821361541748,0.016706764698028564,-0.010694503784179688,4.731773376464844,0.08739781379699707,-0.07378514111042023
331.0220031738281,0.612743079662323,-0.029578864574432373,0.014828681945800781,4.4931745529174805,-0.16782760620117188,0.11630617827177048
971.02197265625,0.5231600403785706,-0.0077986568212509155,0.005856037139892578,4.654379367828369,-0.052110910415649414,0.042116258293390274
496.8699951171875,0.4699321389198303,0.0017827898263931274,0.000141143798828125,3.991244316101074,0.008346080780029297,-0.01679202914237976
743.6019897460938,0.3112252354621887,0.023620497435331345,-0.07428240776062012,2.3604698181152344,0.09780293703079224,-0.5413191318511963
245.7899932861328,0.21722447872161865,0.011746421456336975,-0.041907310485839844,2.109962224960327,0.06455230712890625,-0.3968017101287842
134.76600646972656,0.5435910820960999,0.00627252459526062,0.001068115234375,4.6991987228393555,0.056339383125305176,0.009488558396697044
872.9140014648438,0.4725283086299896,-0.009973879903554916,0.004967689514160156,4.556497573852539,-0.08062192797660828,0.03865591064095497
364.4779968261719,0.5113372802734375,0.04677547514438629,-0.06871414184570312,3.4048781394958496,0.20568060874938965,-0.37739497423171997
314.0459899902344,0.5904457569122314,-0.026922672986984253,0.01975393295288086,4.609473705291748,-0.16645681858062744,0.1643477827310562
934.1699829101562,0.46302247047424316,-0.009740963578224182,0.014904975891113281,3.614760398864746,-0.04747343063354492,0.10535821318626404
890.0780029296875,0.32768484950065613,0.03223083168268204,-0.04998672008514404,3.425251007080078,0.2520129680633545,-0.5095531344413757
103.91400146484375,0.3335241675376892,0.03389327973127365,-0.05725431442260742,3.1898200511932373,0.24164456129074097,-0.573984682559967
300.5060119628906,0.4733574688434601,-0.010106461122632027,0.0056285858154296875,4.741713523864746,-0.08603241294622421,0.07885824143886566
611.9459838867188,0.5023078918457031,-0.054254189133644104,0.06689810752868652,3.7828710079193115,-0.28798019886016846,0.5414625406265259
754.3060302734375,0.5432114601135254,0.023662477731704712,-0.01773548126220703,4.677286624908447,0.17297697067260742,-0.11326541006565094
471.7139892578125,0.5017935633659363,-0.0005851180758327246,-0.000377655029296875,4.633869171142578,-0.005666721612215042,0.0016855329740792513
340.9179992675781,0.44790810346603394,-0.026126399636268616,0.0227813720703125,4.4618821144104,-0.22157126665115356,0.25874605774879456
697.8460083007812,0.643613338470459,0.001007676124572754,-0.002907872200012207,4.7295145988464355,0.018305063247680664,-0.02674930915236473
735.0819702148438,0.39820244908332825,0.0331776887178421,-0.08260440826416016,2.96877384185791,0.13967680931091309,-0.5634599924087524
791.822021484375,0.199905127286911,-0.013291724026203156,0.04755401611328125,2.1836700439453125,-0.1022169291973114,0.5098667144775391
829.9180297851562,0.4914015829563141,0.025552697479724884,-0.017177581787109375,4.5537428855896,0.19223034381866455,-0.14163193106651306
243.4739990234375,0.2626393735408783,0.001794673502445221,-0.021802425384521484,2.0474374294281006,-0.0004832744598388672,-0.2662337124347687
733.5499877929688,0.21179239451885223,0.02403152361512184,-0.056294918060302734,2.4371337890625,0.20195120573043823,-0.7000617980957031
700.1699829101562,0.4698193073272705,0.04424662888050079,-0.05457806587219238,3.7968087196350098,0.2616209387779236,-0.46029427647590637
148.91799926757812,0.24714750051498413,-0.01965261995792389,0.05201530456542969,2.4769091606140137,-0.13525372743606567,0.529679000377655
214.197998046875,0.479468435049057,-0.03370441496372223,0.05135774612426758,3.3410425186157227,-0.13853132724761963,0.2909426987171173
510.4020080566406,0.46269747614860535,0.031370170414447784,-0.02826547622680664,4.012847423553467,0.20692139863967896,-0.20349791646003723
149.28599548339844,0.27362260222435,-0.020955756306648254,0.05970573425292969,2.7753913402557373,-0.14144015312194824,0.618816614151001
571.1500244140625,0.364389568567276,0.034511957317590714,-0.04052412509918213,3.82476806640625,0.2881883382797241,-0.3846002519130707
751.8820190429688,0.58283531665802,0.020578399300575256,-0.016351699829101562,4.701228141784668,0.12489330768585205,-0.1487865149974823
504.9779968261719,0.5123209953308105,0.022175446152687073,-0.021538734436035156,4.1299052238464355,0.13260674476623535,-0.1822059154510498
432.7179870605469,0.36425238847732544,-0.021135255694389343,0.06229591369628906,2.6032843589782715,-0.08590114116668701,0.45669156312942505
381.37799072265625,0.4876596927642822,-0.03229247406125069,0.024557113647460938,4.3477463722229,-0.22901782393455505,0.18886035680770874
144.13400268554688,0.5135411620140076,-0.013787820935249329,0.009916305541992188,4.573736667633057,-0.1018679141998291,0.03847040608525276
312.5820007324219,0.40276020765304565,-0.025922611355781555,0.02054452896118164,4.57377815246582,-0.25255441665649414,0.2337523251771927
58.97800064086914,-2.006717841140926e-05,4.3883323087356985e-05,-7.846392691135406e-06,-0.002013490302488208,0.0003776486264541745,0.0018287849379703403
635.7459716796875,0.18081240355968475,-0.004475779831409454,0.009761810302734375,2.509458541870117,-0.061234116554260254,0.15165869891643524
780.4340209960938,0.551956295967102,0.04407576844096184,-0.048084259033203125,3.9750843048095703,0.21984203159809113,-0.36791446805000305
239.74600219726562,0.6018885374069214,0.002790391445159912,-0.0018754005432128906,4.370718002319336,0.011972784996032715,0.014592559076845646
406.8500061035156,0.4736312925815582,0.01428532600402832,-0.010630130767822266,4.549473285675049,0.12651097774505615,-0.11175503581762314
435.2699890136719,0.4097316563129425,-0.021837785840034485,0.027458667755126953,3.5351037979125977,-0.13843560218811035,0.24233344197273254
584.3699951171875,0.4364616572856903,0.033423200249671936,-0.034905433654785156,4.338624954223633,0.26763033866882324,-0.35031986236572266
695.02197265625,0.6097744107246399,0.031191036105155945,-0.021994709968566895,4.524794101715088,0.18241190910339355,-0.16435803472995758
342.1820068359375,0.2296760529279709,-0.026495635509490967,0.027011871337890625,3.840359687805176,-0.3896244764328003,0.4475190043449402
126.43800354003906,0.7172609567642212,0.0217340886592865,-0.02143096923828125,4.569038391113281,0.10393691062927246,-0.07421338558197021
592.4340209960938,0.2505946159362793,0.01578471064567566,-0.05651569366455078,1.7875885963439941,0.05215585231781006,-0.38126325607299805
148.24600219726562,0.23286569118499756,-0.01824735850095749,0.06610298156738281,2.2529945373535156,-0.10498809814453125,0.5905972719192505
530.6019897460938,0.4840719401836395,0.04648711532354355,-0.09214146435260773,3.1762242317199707,0.15883630514144897,-0.6241357326507568
482.2860107421875,0.39117810130119324,0.00418568029999733,-0.0068378448486328125,4.206916332244873,0.04300704598426819,-0.09598767012357712
719.4500122070312,0.38679683208465576,-0.019360780715942383,0.011316239833831787,4.61557149887085,-0.1938164234161377,0.13274233043193817
855.530029296875,0.7040324807167053,-0.034946560859680176,0.021056175231933594,4.470913410186768,-0.17156314849853516,0.13502396643161774
561.5380249023438,0.37135618925094604,0.029101863503456116,-0.0537567138671875,3.483933448791504,0.21156275272369385,-0.46109437942504883
295.9460144042969,0.45860978960990906,-0.001354217529296875,0.0015842914581298828,4.615612983703613,-0.00583040714263916,0.006256250198930502
765.3579711914062,0.5152723789215088,0.012564893811941147,-0.010695457458496094,4.611471652984619,0.07663393020629883,-0.09505672752857208
882.4979858398438,0.4117305278778076,-0.03157362341880798,0.03074014186859131,4.131313800811768,-0.2470095157623291,0.3062282204627991
329.6419982910156,0.4674381911754608,-0.017758578062057495,0.019222259521484375,4.668308258056641,-0.14773523807525635,0.18584765493869781
555.2059936523438,0.18249663710594177,-0.01292368769645691,0.06313550472259521,1.8303664922714233,-0.06788986921310425,0.6315774917602539
136.08599853515625,0.6245675086975098,0.0026028454303741455,-0.001026153564453125,4.725828170776367,0.02365267276763916,-0.011153061874210835
486.9700012207031,0.375637948513031,0.032154932618141174,-0.03519153594970703,3.944028377532959,0.2685267925262451,-0.36449334025382996
495.95001220703125,0.5986948013305664,0.004206523299217224,-0.0042324066162109375,4.359160423278809,0.021524429321289062,-0.02832014486193657
426.3139953613281,0.2609575092792511,-0.027806356549263,0.03884148597717285,3.4130587577819824,-0.3107609748840332,0.5193942189216614
508.80999755859375,0.40956243872642517,0.03084953874349594,-0.04577159881591797,3.3533356189727783,0.17310643196105957,-0.38194194436073303
911.0980224609375,0.5620881915092468,0.01153978705406189,-0.007973670959472656,4.696554183959961,0.07891178131103516,-0.049731943756341934
554.72998046875,0.1889369785785675,-0.014321643859148026,0.06910249590873718,1.8296847343444824,-0.07572507858276367,0.6486695408821106
505.79400634765625,0.4621506929397583,0.01534239947795868,-0.010698318481445312,4.138053894042969,0.10480344295501709,-0.07450713217258453
840.8820190429688,0.6163694858551025,0.034765854477882385,-0.03125190734863281,4.51901912689209,0.1895989179611206,-0.20325541496276855
647.6420288085938,0.597509503364563,-0.008534565567970276,0.005135536193847656,4.673519134521484,-0.06110990047454834,0.04716631770133972
599.6740112304688,0.28366780281066895,-0.025646746158599854,0.05848264694213867,2.7617361545562744,-0.17115038633346558,0.5665597319602966
574.64599609375,0.4328208267688751,0.038767650723457336,-0.035500288009643555,4.327073574066162,0.31347665190696716,-0.35058948397636414
978.8380126953125,0.3469875454902649,0.025473296642303467,-0.0246734619140625,4.157566070556641,0.26068687438964844,-0.23558226227760315
171.21400451660156,0.6012446284294128,-0.008247926831245422,0.0012903213500976562,4.6793599128723145,-0.048306822776794434,0.025934549048542976
912.9459838867188,0.5124585628509521,0.04430782049894333,-0.053313255310058594,3.7873928546905518,0.2224874496459961,-0.3991677761077881
769.7459716796875,0.4938545227050781,0.0020694807171821594,-0.00157928466796875,4.758726119995117,0.015342235565185547,0.000603213906288147
757.5339965820312,0.4286261200904846,0.02697773277759552,-0.029221534729003906,4.4658002853393555,0.23209726810455322,-0.28791382908821106
611.2860107421875,0.4289476275444031,-0.0341191291809082,0.03962564468383789,4.276284694671631,-0.2665501832962036,0.45576655864715576
476.0820007324219,0.3518116772174835,0.02719300240278244,-0.031084060668945312,3.6582465171813965,0.23417025804519653,-0.354727566242218
763.9140014648438,0.45267221331596375,0.026189522817730904,-0.023496627807617188,4.348421096801758,0.20787367224693298,-0.23288172483444214
246.3820037841797,0.23670989274978638,0.013887031935155392,-0.04365396499633789,2.3783183097839355,0.0962047427892685,-0.42986157536506653
792.0540161132812,0.2468729466199875,-0.01618926227092743,0.059154510498046875,2.305978536605835,-0.0889320969581604,0.5563403367996216
274.8340148925781,0.1857123225927353,-0.0026327595114707947,0.013959646224975586,1.648594856262207,-0.016157686710357666,0.09990902990102768
948.6859741210938,0.49810490012168884,-0.03596603870391846,0.021333694458007812,4.476466178894043,-0.2597055435180664,0.19021466374397278
254.79800415039062,0.4918789863586426,0.0017271190881729126,-0.0024146735668182373,4.08534574508667,0.017337143421173096,0.013300498016178608
187.1179962158203,0.1899118721485138,-0.0068731606006622314,0.026287555694580078,2.089016914367676,-0.0554889440536499,0.2982117235660553
982.9099731445312,0.46574366092681885,0.013453997671604156,-0.004434108734130859,4.663422107696533,0.12316995859146118,-0.04079374670982361
156.08599853515625,0.40974679589271545,-0.04373444616794586,0.04835033416748047,3.810797929763794,-0.30352509021759033,0.4780038893222809
742.9180297851562,0.301727294921875,0.024135641753673553,-0.08760380744934082,2.271913528442383,0.08860933780670166,-0.6186398267745972
466.5140075683594,0.40785205364227295,-0.034113526344299316,0.04210376739501953,3.9666800498962402,-0.2493877410888672,0.3925400674343109
952.8300170898438,0.6136972308158875,-0.006958961486816406,0.0048427581787109375,4.797723293304443,-0.036559343338012695,0.019773388281464577
760.614013671875,0.29955413937568665,0.03010021522641182,-0.03956317901611328,3.7258870601654053,0.31071901321411133,-0.4883902072906494
607.5499877929688,0.4290532171726227,-0.03269336745142937,0.03496265411376953,4.310496807098389,-0.26195794343948364,0.3611105978488922
441.4179992675781,0.35839301347732544,-0.024357549846172333,0.035167694091796875,3.4678826332092285,-0.1706310510635376,0.3247917592525482
421.95001220703125,0.5103614926338196,0.012913957238197327,-0.004851341247558594,4.730567932128906,0.09641051292419434,-0.04029944911599159
431.91400146484375,0.37782150506973267,-0.01613563299179077,0.03720378875732422,2.8234524726867676,-0.06950318813323975,0.25785067677497864
573.2940063476562,0.47802209854125977,0.044125571846961975,-0.03923392295837402,4.261238098144531,0.3050278425216675,-0.34430140256881714
199.75399780273438,0.3464215099811554,-0.02330493927001953,0.06694722175598145,2.5597262382507324,-0.09525293111801147,0.5462204217910767
359.5539855957031,0.17526479065418243,0.0001134723424911499,-0.00634765625,2.076472759246826,-0.002583324909210205,-0.07634059339761734
587.614013671875,0.37961921095848083,0.037198297679424286,-0.031722068786621094,4.131170272827148,0.33798301219940186,-0.34355273842811584
858.0139770507812,0.4872976243495941,-0.008971646428108215,0.0014190673828125,4.675848007202148,-0.08115410804748535,0.0073539153672754765
196.5540008544922,0.5180751085281372,-0.0027142763137817383,0.006272792816162109,3.792931318283081,-0.017419934272766113,0.0979730635881424
869.4660034179688,0.24537983536720276,-0.0239405557513237,0.033879995346069336,3.4385523796081543,-0.2859588861465454,0.4623282849788666
159.71800231933594,0.29033029079437256,-0.031504273414611816,0.025665283203125,4.037142753601074,-0.3900052309036255,0.34146079421043396
466.9460144042969,0.4327838122844696,-0.031164735555648804,0.02893829345703125,4.182621479034424,-0.23506498336791992,0.2741827070713043
188.8820037841797,0.29211485385894775,-0.017623186111450195,0.035531044006347656,2.8422207832336426,-0.11975795030593872,0.32572904229164124
738.9860229492188,0.3732413351535797,0.04054929316043854,-0.047546207904815674,3.6976890563964844,0.3222872018814087,-0.4452893137931824
667.4340209960938,0.6643995046615601,0.0035867393016815186,0.00246584415435791,4.765769958496094,0.025223493576049805,0.018478864803910255
851.6740112304688,0.4378107190132141,-0.03206165134906769,0.026142120361328125,4.371443271636963,-0.2639845609664917,0.20016491413116455
359.77801513671875,0.20697706937789917,8.924305438995361e-05,-0.008032798767089844,2.081273078918457,-0.007276058197021484,-0.10107451677322388
592.2020263671875,0.1924443542957306,0.014177672564983368,-0.05843544006347656,1.800781011581421,0.08276039361953735,-0.583465039730072
344.7179870605469,0.3724960684776306,-0.04130551218986511,0.06350994110107422,3.3409574031829834,-0.2615364193916321,0.5786436200141907
701.3419799804688,0.3247993290424347,0.024235840886831284,-0.018687129020690918,4.290097713470459,0.2806377410888672,-0.2502235174179077
70.80999755859375,0.5993094444274902,0.016397058963775635,-0.012805521488189697,3.9355645179748535,0.07200860977172852,-0.11153116077184677
166.8419952392578,0.6373516321182251,-0.05223764479160309,0.05414772033691406,4.228163242340088,-0.23366236686706543,0.3410187363624573
479.8940124511719,0.46127578616142273,0.02035316824913025,-0.016130447387695312,4.303689002990723,0.1639389991760254,-0.15241174399852753
153.74600219726562,0.37888458371162415,-0.03799174726009369,0.04339790344238281,3.7852747440338135,-0.2933390736579895,0.42212560772895813
779.2860107421875,0.3594527244567871,0.03502136468887329,-0.055390357971191406,3.3540730476379395,0.23557376861572266,-0.538506805896759
920.197998046875,0.5016145706176758,0.024249866604804993,0.00701904296875,3.8537917137145996,0.15332269668579102,0.12128447741270065
797.7379760742188,0.4798200726509094,-0.015297457575798035,0.007786750793457031,4.632339954376221,-0.12721431255340576,0.08982197195291519
821.3140258789062,0.4691758155822754,0.031256332993507385,-0.016388893127441406,4.502151012420654,0.2487701177597046,-0.12201771885156631
246.28199768066406,0.2503628730773926,0.01365793775767088,-0.0472414493560791,2.3504257202148438,0.07385773211717606,-0.45099252462387085
209.21800231933594,0.2547150254249573,-0.014631010591983795,0.08170652389526367,1.862795114517212,-0.03179645538330078,0.5321048498153687
379.4179992675781,0.5248526930809021,-0.05149514973163605,0.06748771667480469,3.7600531578063965,-0.25618553161621094,0.49783599376678467
107.69400024414062,0.441983699798584,0.050718605518341064,-0.08198261260986328,3.1300766468048096,0.21666252613067627,-0.596686601638794
140.406005859375,0.5366315245628357,0.04236304759979248,-0.05646324157714844,3.679788827896118,0.18335893750190735,-0.3887941241264343
339.9419860839844,0.47779569029808044,-0.028798289597034454,0.01899433135986328,4.6075029373168945,-0.23380333185195923,0.2016579657793045
510.2860107421875,0.5368832349777222,0.03465437889099121,-0.03621959686279297,3.9709014892578125,0.19297486543655396,-0.2988462448120117
876.2780151367188,0.21111710369586945,-0.005272582173347473,0.014399051666259766,2.543503761291504,-0.055374301970005035,0.20747067034244537
508.04998779296875,0.27242693305015564,0.02375073730945587,-0.0376744270324707,3.1101107597351074,0.21095585823059082,-0.40200313925743103
454.9739990234375,0.30245277285575867,-0.027480602264404297,0.053234100341796875,2.9038190841674805,-0.18901300430297852,0.5386388897895813
223.70599365234375,0.5744472146034241,0.028300464153289795,-0.01862812042236328,4.375688552856445,0.15845084190368652,-0.14880980551242828
556.6380004882812,0.306828111410141,-0.018937110900878906,0.06363415718078613,2.5073368549346924,-0.08321395516395569,0.5179393887519836
775.4459838867188,0.32664841413497925,0.010788224637508392,-0.00414276123046875,4.546933174133301,0.13072741031646729,-0.020641328766942024
180.94200134277344,0.254524290561676,-0.011990267783403397,0.05897665023803711,1.8115234375,-0.031981050968170166,0.4329620599746704
541.3060302734375,0.21244733035564423,0.006716489791870117,-0.023277759552001953,1.7795253992080688,0.029922932386398315,-0.21028468012809753
270.01800537109375,0.24443747103214264,0.011548647657036781,-0.06834554672241211,1.884263515472412,0.024118751287460327,-0.5155149102210999
223.31399536132812,0.5760180950164795,0.03284206986427307,-0.028850555419921875,4.209511756896973,0.18597102165222168,-0.2008388340473175
96.21800231933594,0.5971853137016296,0.017104551196098328,-0.013444900512695312,4.492641925811768,0.0894845724105835,-0.14531321823596954
510.8900146484375,0.5746824145317078,0.0330580472946167,-0.027716636657714844,4.224972248077393,0.18165886402130127,-0.21582473814487457
406.2699890136719,0.4396383762359619,0.012754909694194794,-0.00830698013305664,4.410297393798828,0.12014877796173096,-0.061243943870067596
354.1579895019531,0.6661911606788635,-0.005910933017730713,0.008017539978027344,4.745815277099609,-0.027121782302856445,0.08144012838602066
707.9500122070312,0.6328691840171814,-0.03139582276344299,0.02360224723815918,4.649258613586426,-0.17256999015808105,0.18028365075588226
468.4259948730469,0.47382307052612305,-0.0190698504447937,0.013965606689453125,4.592433452606201,-0.1422937512397766,0.11681275069713593
996.677978515625,0.5912297964096069,0.03333412855863571,-0.028377532958984375,4.391669750213623,0.1778331995010376,-0.18797838687896729
649.9580078125,0.3341227173805237,0.03060927987098694,-0.031713008880615234,4.007493495941162,0.30026137828826904,-0.38185811042785645
956.0780029296875,0.4044981896877289,-0.03725539520382881,0.041120052337646484,3.870769500732422,-0.2769799828529358,0.39952367544174194
352.4179992675781,0.6345429420471191,-0.014880836009979248,0.01935577392578125,4.679619312286377,-0.07261204719543457,0.17587727308273315
366.8219909667969,0.5209718346595764,0.04158675670623779,-0.043354034423828125,3.9728918075561523,0.21896326541900635,-0.3334275186061859
373.5140075683594,0.5992695689201355,0.024442821741104126,-0.01957988739013672,4.522050380706787,0.14679908752441406,-0.12400849908590317
971.8419799804688,0.38075387477874756,-0.0029260218143463135,0.0028693675994873047,4.755486965179443,-0.026329755783081055,-0.005271043628454208
395.4700012207031,0.4276837110519409,0.029993802309036255,-0.024834632873535156,4.2696404457092285,0.25271332263946533,-0.21458418667316437
746.8140258789062,0.4465862214565277,0.028425611555576324,-0.032425880432128906,4.120221138000488,0.2124103307723999,-0.32982099056243896
298.6860046386719,0.6475658416748047,-0.02609684318304062,0.019530534744262695,4.638664245605469,-0.14882391691207886,0.15211375057697296
926.1500244140625,0.4792632758617401,-0.046683475375175476,0.056448936462402344,3.907053232192993,-0.2728639245033264,0.4992731511592865
543.64599609375,0.17803572118282318,-0.006938283331692219,0.03568553924560547,1.6579747200012207,-0.031107723712921143,0.3638375699520111
415.0299987792969,0.5396237373352051,0.05225706100463867,-0.07090950012207031,3.817955493927002,0.23578858375549316,-0.47733983397483826
617.9140014648438,0.44424906373023987,-0.03423335403203964,0.030925828963518143,4.159290313720703,-0.25561317801475525,0.2885897159576416
377.3699951171875,0.5693424940109253,-0.04293450713157654,0.052496910095214844,3.9207606315612793,-0.19000494480133057,0.3438850939273834
567.5020141601562,0.4283999800682068,0.027615204453468323,-0.02356046438217163,4.312089920043945,0.2154247760772705,-0.20357964932918549
759.9860229492188,0.44495025277137756,0.022585351020097733,-0.03311586380004883,4.238443851470947,0.1643475592136383,-0.35717344284057617
317.1059875488281,0.7271581292152405,-0.03098215162754059,0.020788192749023438,4.6736602783203125,-0.1468719244003296,0.15276110172271729
610.6339721679688,0.4191710352897644,-0.037129029631614685,0.03718900680541992,4.201054573059082,-0.2998785972595215,0.35422483086586
181.61000061035156,0.3099493384361267,-0.012939244508743286,0.07408332824707031,2.0788581371307373,-0.009582936763763428,0.5331906080245972
484.0140075683594,0.2326315939426422,0.019265785813331604,-0.06212902069091797,2.219911575317383,0.11186373233795166,-0.6008777618408203
73.71800231933594,0.2875683903694153,0.0023941248655319214,-0.002216041088104248,4.493551254272461,0.024712324142456055,-0.04655386880040169
875.0780029296875,0.3218359053134918,-0.0033930246718227863,0.0025610923767089844,3.9743292331695557,-0.03657633066177368,0.05165528133511543
854.2100219726562,0.450719952583313,-0.037359319627285004,0.03770923614501953,4.1995158195495605,-0.27089768648147583,0.35540539026260376
404.4859924316406,0.4565127193927765,0.02566806972026825,-0.02374887466430664,3.9460878372192383,0.17268002033233643,-0.18559743463993073
532.9140014648438,0.3716389834880829,0.029822565615177155,-0.07460999488830566,3.008167028427124,0.12918955087661743,-0.5701611638069153
577.5339965820312,0.37128615379333496,0.04226851463317871,-0.04749298095703125,3.8821663856506348,0.355521559715271,-0.49858173727989197
274.0140075683594,0.18652808666229248,-0.0028075948357582092,0.01294088363647461,1.8769752979278564,-0.013967752456665039,0.1520633101463318
594.5339965820312,0.23221084475517273,-0.009268023073673248,0.03172588348388672,2.329867362976074,-0.058800578117370605,0.3113093972206116
466.8420104980469,0.4129211902618408,-0.031543537974357605,0.026467323303222656,4.150076389312744,-0.24998950958251953,0.2767764627933502
695.9459838867188,0.6138136982917786,0.018624693155288696,-0.0036972761154174805,4.653975486755371,0.11984992027282715,-0.0073211826384067535
970.6740112304688,0.6279802918434143,-0.007428109645843506,0.007033109664916992,4.615906238555908,-0.03763556480407715,0.014382845722138882
756.322021484375,0.5318112373352051,0.018373578786849976,-0.005570888519287109,4.759471893310547,0.1379251480102539,-0.07382862269878387
671.4660034179688,0.39086759090423584,-0.027262723073363304,0.02751481533050537,4.0669074058532715,-0.2395130842924118,0.27824825048446655
703.64599609375,0.466045081615448,0.010836288332939148,-0.006788969039916992,4.666820526123047,0.08769416809082031,-0.051552195101976395
957.75,0.6489458084106445,-0.03824296593666077,0.029786109924316406,4.396903991699219,-0.17853915691375732,0.18552598357200623
966.8419799804688,0.37114417552948,-0.03269258886575699,0.043196678161621094,3.76774263381958,-0.25320330262184143,0.4612073302268982
729.7459716796875,0.5303492546081543,-0.0031663626432418823,-0.002116680145263672,4.727935314178467,-0.03315472602844238,-0.0008268383098766208
544.2739868164062,0.17874298989772797,-0.0070699118077754974,0.03629875183105469,1.8011560440063477,-0.04625892639160156,0.3950025141239166
570.2059936523438,0.40256544947624207,0.03724987804889679,-0.053305864334106445,3.855661630630493,0.2730305790901184,-0.5762560367584229
231.5780029296875,0.6570013165473938,0.04213636368513107,-0.044673919677734375,4.254133701324463,0.17998671531677246,-0.23457129299640656
444.4580078125,0.4530927538871765,-0.03524157404899597,0.033336639404296875,4.213938236236572,-0.2633720636367798,0.2750748097896576
541.7420043945312,0.16490277647972107,0.0026894696056842804,-0.00745391845703125,1.552069067955017,0.008406907320022583,-0.049306608736515045
259.1499938964844,0.42389166355133057,0.01944783329963684,-0.013138949871063232,4.081382751464844,0.15682125091552734,-0.09698095917701721
810.573974609375,0.4406715929508209,0.019444972276687622,-0.028531312942504883,4.249013423919678,0.1523362398147583,-0.26177653670310974
313.7380065917969,0.5898516178131104,-0.026234999299049377,0.021591663360595703,4.609067916870117,-0.1640256643295288,0.16384707391262054
699.9500122070312,0.3860548734664917,0.036465808749198914,-0.046964287757873535,3.75864577293396,0.27247464656829834,-0.4730798900127411
98.41000366210938,0.6154149770736694,0.004347719252109528,-0.008666515350341797,4.671940803527832,0.006878912448883057,-0.07265324145555496
508.45001220703125,0.44103801250457764,0.033358797430992126,-0.06392955780029297,3.2009568214416504,0.15344631671905518,-0.4183330237865448
88.24199676513672,0.5386783480644226,0.037086501717567444,-0.044345855712890625,3.876598596572876,0.17591798305511475,-0.3181013762950897
497.8580017089844,0.2063339203596115,-0.0008308738470077515,0.0008096694946289062,3.207955837249756,-0.001999378204345703,-0.006036725360900164
752.6300048828125,0.704672634601593,0.015286371111869812,-0.006622314453125,4.635885238647461,0.06744801998138428,-0.06866642087697983
579.3060302734375,0.4181188642978668,0.04668380320072174,-0.048216819763183594,4.058022499084473,0.3539239168167114,-0.4516391158103943
810.469970703125,0.3914431631565094,0.01588335633277893,-0.02045750617980957,4.246389865875244,0.1521538496017456,-0.23394997417926788
221.1219940185547,0.3317130208015442,0.029928453266620636,-0.04442024230957031,3.497781753540039,0.24855713546276093,-0.47196078300476074
786.3980102539062,0.252341091632843,-0.008019745349884033,0.022492408752441406,2.5221428871154785,-0.05423307418823242,0.23249274492263794
576.7139892578125,0.4240192174911499,0.0428188294172287,-0.044916391372680664,4.219371795654297,0.34866201877593994,-0.46971380710601807
975.5540161132812,0.3833030164241791,0.03690130263566971,-0.08298492431640625,2.64438796043396,0.1386951208114624,-0.5724493861198425
304.8179931640625,0.4109194278717041,-0.025094985961914062,0.014316082000732422,4.676997184753418,-0.2430100440979004,0.16666480898857117
222.37399291992188,0.31318604946136475,0.02431410551071167,-0.02410602569580078,3.9248790740966797,0.2617499828338623,-0.3252779543399811
335.34600830078125,0.4995141625404358,0.007030889391899109,-0.004542350769042969,4.813632965087891,0.048822879791259766,-0.010613611899316311
556.1939697265625,0.23445981740951538,-0.014682933688163757,0.056377530097961426,2.218245506286621,-0.07597500085830688,0.5145169496536255
760.5339965820312,0.3665549159049988,0.03397185727953911,-0.046210289001464844,3.7738635540008545,0.27150455117225647,-0.47554242610931396
64.22200012207031,-6.968661182327196e-05,7.689095218665898e-05,-4.520639777183533e-05,-0.0008521812851540744,0.00020507541194092482,-0.0018331159371882677
191.83399963378906,0.601087749004364,-0.021627485752105713,0.018807649612426758,4.185332775115967,-0.10398387908935547,0.13075250387191772
667.8779907226562,0.6558957099914551,-0.0020429491996765137,0.008836865425109863,4.835796356201172,-0.008779764175415039,0.0700903907418251
822.6820068359375,0.4498636722564697,0.01683974266052246,-0.006034374237060547,4.706263542175293,0.15759003162384033,-0.029978659003973007
490.6300048828125,0.5117979645729065,0.03598510101437569,-0.029932022094726562,4.424620151519775,0.23681271076202393,-0.24207215011119843
977.7459716796875,0.4721888601779938,0.03702685236930847,-0.05638265609741211,3.528428554534912,0.17762160301208496,-0.3949764668941498
677.2659912109375,0.5383386611938477,-0.041370198130607605,0.05075669288635254,3.8816330432891846,-0.2120136022567749,0.37983399629592896
554.0180053710938,0.24501840770244598,-0.01689184084534645,0.08368600159883499,1.776915192604065,-0.052914321422576904,0.6048544645309448
487.0740051269531,0.41350650787353516,0.03454546630382538,-0.03301525115966797,4.01389741897583,0.2621746063232422,-0.31684592366218567
313.25,0.4885994493961334,-0.025044754147529602,0.01663827896118164,4.528879642486572,-0.1888953447341919,0.1751566082239151
300.80999755859375,0.6037910580635071,-0.013785981573164463,0.007818937301635742,4.723747730255127,-0.08794407546520233,0.07757505774497986
882.5980224609375,0.414366751909256,-0.031508252024650574,0.02532866597175598,4.158117294311523,-0.2592428922653198,0.2241375595331192
85.7979965209961,0.3716662526130676,0.03502541780471802,-0.051331520080566406,3.51986026763916,0.2608422040939331,-0.5306183099746704
950.9180297851562,0.5141556859016418,-0.01700901985168457,0.006920814514160156,4.728723049163818,-0.13207101821899414,0.05933224782347679
935.4340209960938,0.30975717306137085,-0.015215564519166946,0.04814624786376953,2.5930533409118652,-0.06324654817581177,0.38867050409317017
419.07000732421875,0.41681984066963196,0.03537720441818237,-0.03414630889892578,4.168052673339844,0.28570258617401123,-0.39348047971725464
646.27001953125,0.6530163288116455,-0.009803980588912964,0.01318979263305664,4.6575446128845215,-0.057286739349365234,0.08624033629894257
863.2659912109375,0.6097053289413452,-0.03866332769393921,0.03363656997680664,4.231136798858643,-0.18893563747406006,0.24420800805091858
564.5339965820312,0.262398362159729,0.02813977748155594,-0.06643930077552795,2.6312360763549805,0.19793164730072021,-0.6384544968605042
576.5380249023438,0.5264387130737305,0.05016985535621643,-0.051512718200683594,4.257104873657227,0.297412633895874,-0.35346299409866333
78.40599822998047,0.49959856271743774,0.03224235773086548,-0.03421127796173096,4.176928520202637,0.1905076503753662,-0.2642064690589905
784.0460205078125,0.3031695485115051,0.004424050450325012,-0.004822731018066406,3.785682201385498,0.039028048515319824,-0.05716262757778168
126.02200317382812,0.5162712335586548,0.0210379958152771,-0.009768486022949219,4.6362810134887695,0.16075420379638672,-0.04876895993947983
166.13400268554688,0.5014639496803284,-0.03752346336841583,0.050263404846191406,4.291702747344971,-0.2431812286376953,0.40174436569213867
641.0900268554688,0.553919792175293,-0.04072976112365723,0.049913644790649414,3.969031572341919,-0.1906353235244751,0.37191256880760193
609.3140258789062,0.43983617424964905,-0.02332799881696701,0.025247573852539062,4.56922721862793,-0.20448839664459229,0.2728288769721985
512.3060302734375,0.4456125795841217,0.014560967683792114,-0.010416984558105469,4.464761257171631,0.11927032470703125,-0.1141318753361702
146.1540069580078,0.41941192746162415,-0.009369909763336182,0.014591217041015625,4.4988908767700195,-0.08426415920257568,0.16682660579681396
572.1060180664062,0.6614844799041748,0.04633072018623352,-0.06510281562805176,4.1743669509887695,0.16007089614868164,-0.4141044616699219
476.72601318359375,0.39008063077926636,0.030399799346923828,-0.038559913635253906,3.6155900955200195,0.21500587463378906,-0.34382539987564087
521.27001953125,0.6578930616378784,0.003997243940830231,-0.0014781951904296875,4.687281131744385,0.022130250930786133,-0.03065625950694084
883.8419799804688,0.37024417519569397,-0.016038592904806137,-0.0014361366629600525,4.5956807136535645,-0.17900806665420532,-0.05075806751847267
62.65399932861328,-5.368663914850913e-05,7.095168257365003e-05,-8.026324212551117e-05,-0.0008803971577435732,0.000559842330403626,-0.0016106971306726336
542.9459838867188,0.1850360631942749,-0.005100930109620094,0.03217363357543945,1.4598922729492188,-0.014336243271827698,0.29342707991600037
338.8380126953125,0.4600791335105896,-0.03143399953842163,0.02801799774169922,4.58377742767334,-0.2606614828109741,0.25765442848205566
672.5419921875,0.3832969665527344,-0.025509297847747803,0.025583982467651367,4.0211687088012695,-0.21606028079986572,0.2650558054447174
850.3779907226562,0.3611811399459839,-0.03504092991352081,0.04083728790283203,3.9256458282470703,-0.31195223331451416,0.448393315076828
334.5459899902344,0.5652167201042175,0.004904121160507202,-0.007952690124511719,4.733390808105469,0.03128933906555176,-0.052546851336956024
576.0139770507812,0.43622541427612305,0.03996177017688751,-0.03757643699645996,4.3891472816467285,0.33077919483184814,-0.360574334859848
870.1740112304688,0.6182817220687866,-0.043697625398635864,0.05669403076171875,3.7956833839416504,-0.1568235158920288,0.3072305917739868
949.4420166015625,0.2728118300437927,-0.015301063656806946,0.009274482727050781,4.549698829650879,-0.24071049690246582,0.13493916392326355
508.9219970703125,0.377777636051178,0.028470288962125778,-0.04124641418457031,3.389911651611328,0.18674153089523315,-0.32915589213371277
663.5380249023438,0.5236055850982666,0.020403265953063965,-0.013517796993255615,4.669713973999023,0.15002965927124023,-0.19160853326320648
616.5460205078125,0.47396671772003174,-0.0513545423746109,0.07676458358764648,3.4951162338256836,-0.2379908561706543,0.5431088805198669
270.96600341796875,0.29100948572158813,0.01541823148727417,-0.07005500793457031,2.2543246746063232,0.03807365894317627,-0.5287131667137146
218.21400451660156,0.3280983567237854,0.01595120131969452,-0.03934812545776367,2.5619606971740723,0.07559859752655029,-0.3078162372112274
171.87399291992188,0.5518766641616821,-0.031590402126312256,0.06217765808105469,3.9596669673919678,-0.14848268032073975,0.4384569823741913
488.45001220703125,0.4441370368003845,0.018535688519477844,-0.012662887573242188,4.448552131652832,0.1563572883605957,-0.12629443407058716
277.65399169921875,0.19999119639396667,-0.007800541818141937,0.03460979461669922,2.021574020385742,-0.05052918195724487,0.3638988435268402
139.4459991455078,0.30771899223327637,0.027639731764793396,-0.054340362548828125,2.997926950454712,0.18841338157653809,-0.5227248668670654
309.9739990234375,0.5444061756134033,-0.027897700667381287,0.01480245590209961,4.66917610168457,-0.19663715362548828,0.12847286462783813
873.6740112304688,0.5935219526290894,-0.009010231122374535,0.004946231842041016,4.484982967376709,-0.061225324869155884,0.0783032700419426
153.40199279785156,0.43716251850128174,-0.04195140302181244,0.05278778076171875,3.9104864597320557,-0.279369592666626,0.46790164709091187
537.4140014648438,0.24955995380878448,0.036100782454013824,-0.07594537734985352,2.5731959342956543,0.27948200702667236,-0.755751371383667
402.4779968261719,0.2603912353515625,0.02015533298254013,-0.031650543212890625,3.139533519744873,0.19415605068206787,-0.4015636444091797
870.9420166015625,0.5483742952346802,-0.03817465901374817,0.03777670860290527,4.175536155700684,-0.21322357654571533,0.31552016735076904
719.2659912109375,0.6525071263313293,-0.031022071838378906,0.023312151432037354,4.574132442474365,-0.1534099578857422,0.1733376830816269
900.8939819335938,0.4527914524078369,0.04357675462961197,-0.11367940902709961,2.9552175998687744,0.12572899460792542,-0.764594554901123
635.0139770507812,0.21958565711975098,-0.0030890479683876038,0.008951187133789062,2.307171106338501,-0.025977134704589844,0.112551249563694
518.5499877929688,0.3445412218570709,0.012763731181621552,-0.006915569305419922,4.3314900398254395,0.13337135314941406,-0.10536554455757141
207.28199768066406,0.19963186979293823,-0.01321539655327797,0.06317830085754395,1.837371587753296,-0.05995479226112366,0.56775963306427
785.8099975585938,0.3554106652736664,-0.004812061786651611,0.02266693115234375,2.7299463748931885,-0.016086339950561523,0.16329891979694366
403.70599365234375,0.3428129553794861,0.025354161858558655,-0.02594280242919922,3.5786731243133545,0.22384130954742432,-0.27151188254356384
879.3499755859375,0.23251061141490936,-0.013981383293867111,0.05437016487121582,2.1061861515045166,-0.07510977983474731,0.48291367292404175
150.68600463867188,0.3804844617843628,-0.032627224922180176,0.037494659423828125,3.8257412910461426,-0.2547191381454468,0.3433190584182739
119.5780029296875,0.46773073077201843,0.028108447790145874,-0.02209758758544922,4.500908851623535,0.2264019250869751,-0.2568392753601074
916.677978515625,0.38870319724082947,0.03301234543323517,-0.035144805908203125,4.225987911224365,0.2986704111099243,-0.40277591347694397
162.6739959716797,0.4750242829322815,-0.037358541041612625,0.04401111602783203,4.2268595695495605,-0.2471805214881897,0.39073699712753296
59.922000885009766,-5.041042822995223e-05,4.0614395402371883e-05,-6.906688213348389e-06,-0.0017225974006578326,0.000690423243213445,0.00027659680927172303
996.3419799804688,0.3049449622631073,0.021380767226219177,-0.017806053161621094,4.237875938415527,0.2555733919143677,-0.2462758719921112
380.9219970703125,0.3351288139820099,-0.025516100227832794,0.01758098602294922,4.205357551574707,-0.27725136280059814,0.2583566904067993
931.6060180664062,0.5899102687835693,0.01162630319595337,-0.0074291229248046875,4.598880290985107,0.07023608684539795,-0.06869758665561676
576.2100219726562,0.41426602005958557,0.03942348062992096,-0.03868722915649414,4.318581581115723,0.3351466655731201,-0.4534922242164612
926.8099975585938,0.5589147806167603,-0.04767712950706482,0.058612823486328125,4.108251094818115,-0.23650610446929932,0.43181195855140686
204.01400756835938,0.19590885937213898,-0.011517249047756195,0.061278462409973145,1.886594533920288,-0.057785868644714355,0.5838934183120728
392.1860046386719,0.4577852487564087,0.031187087297439575,-0.04281044006347656,3.9129202365875244,0.20222318172454834,-0.4192771911621094
662.2659912109375,0.6357579231262207,0.03630828857421875,-0.027785658836364746,4.338109016418457,0.17996156215667725,-0.21198613941669464
363.17401123046875,0.27288177609443665,0.024512890726327896,-0.057808876037597656,2.5430870056152344,0.1550142765045166,-0.5125389099121094
940.1300048828125,0.4378340542316437,-0.013553105294704437,0.009309768676757812,4.394652843475342,-0.10772180557250977,0.11481790989637375
78.51399993896484,0.4521481394767761,0.029719114303588867,-0.02572643756866455,4.204496383666992,0.22207963466644287,-0.23934276401996613
311.2860107421875,0.3228757977485657,-0.018851488828659058,0.01801300048828125,4.470089912414551,-0.22713136672973633,0.2715877294540405
303.8059997558594,0.5131211280822754,-0.03511787950992584,0.02832794189453125,4.561713218688965,-0.2624427080154419,0.23021802306175232
738.2020263671875,0.44024163484573364,0.03239765763282776,-0.030784010887145996,4.384431838989258,0.26123785972595215,-0.33885225653648376
863.3380126953125,0.3044077157974243,-0.020828813314437866,0.017429351806640625,4.232902526855469,-0.25852060317993164,0.22104524075984955
128.58999633789062,0.3864981532096863,0.04215230047702789,-0.048111915588378906,3.692298650741577,0.3128988444805145,-0.46712613105773926
206.80599975585938,0.2315114438533783,-0.012916084378957748,0.06862854957580566,1.7393563985824585,-0.03581395745277405,0.49999913573265076
249.70599365234375,0.6184781193733215,0.03254386782646179,-0.02936616539955139,4.289209842681885,0.16017365455627441,-0.1756342351436615
142.38600158691406,0.434384286403656,0.01924312114715576,-0.011487960815429688,4.5295186042785645,0.1622602939605713,-0.12319952249526978
745.2420043945312,0.3243030607700348,0.02757047861814499,-0.042342185974121094,3.4081244468688965,0.217576265335083,-0.4294615387916565
703.0460205078125,0.4624076187610626,0.016194581985473633,-0.010396003723144531,4.6182684898376465,0.13795948028564453,-0.11111036688089371
103.0780029296875,0.33193957805633545,0.039549052715301514,-0.05958223342895508,3.203300714492798,0.2765309810638428,-0.567611575126648
255.41000366210938,0.3970314562320709,0.004078678786754608,-0.0008196979761123657,3.7729175090789795,0.049291253089904785,-0.018090421333909035
764.5700073242188,0.4621465504169464,0.01595541089773178,-0.014528274536132812,4.4532928466796875,0.12102937698364258,-0.11481785774230957
551.27001953125,0.23604781925678253,-0.017419040203094482,0.08322536945343018,1.9200716018676758,-0.05878448486328125,0.6708385348320007
558.3060302734375,0.39906418323516846,-0.0325779914855957,0.039381980895996094,3.8545594215393066,-0.23985981941223145,0.3630062937736511
662.4420166015625,0.3348371088504791,0.020989537239074707,-0.017586469650268555,4.41604471206665,0.25384366512298584,-0.18290916085243225
779.1019897460938,0.3996836543083191,0.03687797486782074,-0.06362056732177734,3.2732701301574707,0.1965731382369995,-0.49610796570777893
676.5540161132812,0.3223778009414673,-0.0266839899122715,0.027159929275512695,3.852475166320801,-0.27266424894332886,0.26793360710144043
361.62200927734375,0.3736516237258911,0.015529066324234009,-0.05642509460449219,2.6666922569274902,0.050878167152404785,-0.3765060305595398
138.99000549316406,0.3724903464317322,0.03225323557853699,-0.07610702514648438,2.7447662353515625,0.13183367252349854,-0.517984926700592
219.3419952392578,0.4608460068702698,0.025791853666305542,-0.04481697082519531,3.252542495727539,0.11113834381103516,-0.2860395014286041
470.70599365234375,0.47269007563591003,-0.005710904486477375,0.0035829544067382812,4.71398401260376,-0.04969358444213867,0.010935560800135136
410.30999755859375,0.5933496356010437,0.0303276926279068,-0.022128582000732422,4.659707546234131,0.18513065576553345,-0.16109932959079742
102.52200317382812,0.3844479024410248,0.04038304090499878,-0.05696868896484375,3.786428928375244,0.3125509023666382,-0.5300513505935669
837.197998046875,0.6091098785400391,0.02547021210193634,-0.014678955078125,4.618101596832275,0.15050756931304932,-0.13406775891780853
116.98600006103516,0.44855186343193054,0.018321096897125244,-0.014513969421386719,4.485702037811279,0.15529870986938477,-0.19353023171424866
604.1859741210938,0.43697595596313477,-0.021062016487121582,0.019342899322509766,4.566622257232666,-0.17091667652130127,0.2501235902309418
978.7540283203125,0.5884481072425842,0.03882114589214325,-0.0411839485168457,4.127215385437012,0.18520021438598633,-0.3265758752822876
445.3900146484375,0.5393839478492737,-0.03367788717150688,0.030908584594726562,4.24877405166626,-0.20261108875274658,0.2529376745223999
67.9219970703125,0.2449590265750885,0.011015303432941437,-0.013581633567810059,3.0485706329345703,0.11020851135253906,-0.15080897510051727
116.05400085449219,0.45138275623321533,0.024973735213279724,-0.01590442657470703,4.538509845733643,0.21660184860229492,-0.15485401451587677
982.0339965820312,0.7001568675041199,0.029302455484867096,-0.01714944839477539,4.628873825073242,0.1424112319946289,-0.12180757522583008
355.1619873046875,0.6396533846855164,-0.004807710647583008,0.009739875793457031,4.526297092437744,-0.02248406410217285,0.030131898820400238
631.2940063476562,0.2948780655860901,-0.012210831046104431,0.009024381637573242,2.9556822776794434,-0.09653162956237793,0.04808628186583519
941.3740234375,0.333830863237381,-0.004516908898949623,0.0014629364013671875,4.643495559692383,-0.06685090065002441,0.014222315512597561
76.78199768066406,0.3882847726345062,0.034625664353370667,-0.03771078586578369,3.8804261684417725,0.27667927742004395,-0.3716285228729248
602.5139770507812,0.5523495078086853,-0.043494343757629395,0.04517364501953125,4.200523853302002,-0.2351720929145813,0.3110695779323578
819.9940185546875,0.47377580404281616,0.04229162260890007,-0.04102039337158203,4.114253044128418,0.286989688873291,-0.3482224941253662
420.57000732421875,0.6898373961448669,0.03538346290588379,-0.032584190368652344,4.441836357116699,0.15063750743865967,-0.18152481317520142
471.0140075683594,0.4508633315563202,-0.004179536830633879,0.0052089691162109375,4.696958065032959,-0.02560553327202797,0.05743027850985527
305.5780029296875,0.4594161808490753,-0.019948989152908325,0.013516902923583984,4.596319198608398,-0.16328763961791992,0.135646790266037
854.1019897460938,0.437339723110199,-0.035574376583099365,0.03802347183227539,4.185738563537598,-0.26909106969833374,0.3617689609527588
674.5659790039062,0.367905855178833,-0.03617735207080841,0.04316830635070801,3.6751508712768555,-0.2836846113204956,0.46353262662887573
270.1860046386719,0.13465601205825806,0.009150665253400803,-0.035686612129211426,1.9891412258148193,0.09954911470413208,-0.5272818207740784
198.71800231933594,0.2739196717739105,-0.016185501590371132,0.06117701530456543,2.1219840049743652,-0.061483994126319885,0.40213677287101746
808.614013671875,0.33616286516189575,-0.0012964904308319092,-0.0016825199127197266,4.211277008056641,-0.013828277587890625,-0.0661408007144928
930.3619995117188,0.5451605319976807,0.0012422502040863037,-0.00797271728515625,4.705135345458984,0.009522318840026855,-0.1273089200258255
577.9619750976562,0.42843249440193176,0.045906320214271545,-0.05266761779785156,3.993906259536743,0.3262264132499695,-0.4979076087474823
215.64999389648438,0.384441614151001,-0.013304926455020905,0.018117904663085938,3.0892984867095947,-0.07607972621917725,0.1387730836868286
673.5659790039062,0.39008545875549316,-0.03371155261993408,0.03962445259094238,3.9045801162719727,-0.2615652084350586,0.3844856321811676
276.77801513671875,0.2124866098165512,-0.003915667533874512,0.02960038185119629,1.6701812744140625,-0.0018830299377441406,0.24577787518501282
739.6339721679688,0.3588896095752716,0.03976178914308548,-0.04790604114532471,3.606722831726074,0.3057084083557129,-0.47385987639427185
871.4459838867188,0.45860329270362854,-0.030481599271297455,0.022290706634521484,4.400889873504639,-0.24774163961410522,0.1794174760580063
511.75799560546875,0.5116223096847534,0.024390310049057007,-0.013620853424072266,4.414801120758057,0.17825889587402344,-0.11680016666650772
543.1820068359375,0.11989698559045792,-0.004258980043232441,0.021199703216552734,1.517164945602417,-0.03732958436012268,0.27685579657554626
150.79400634765625,0.41431140899658203,-0.03413352370262146,0.03178215026855469,3.853598117828369,-0.24332284927368164,0.2592726945877075
882.0540161132812,0.3506839871406555,-0.029838547110557556,0.034110963344573975,3.8523497581481934,-0.265924334526062,0.3784356713294983
386.1180114746094,0.48206862807273865,-0.0009078383445739746,-0.0009946823120117188,4.612610816955566,-0.005579769611358643,-0.004683320410549641
641.3140258789062,0.5000936985015869,-0.040829360485076904,0.05800914764404297,3.9072394371032715,-0.22403621673583984,0.43974539637565613
884.1820068359375,0.47163257002830505,0.00016786158084869385,-0.020314186811447144,4.54467248916626,-0.012426674365997314,-0.21659861505031586
449.7900085449219,0.3485540747642517,-0.01806063950061798,0.013699531555175781,4.367198944091797,-0.2025676965713501,0.16769906878471375
985.3460083007812,0.5923476219177246,0.007854297757148743,-0.0017790794372558594,4.763047695159912,0.051981210708618164,0.01944553107023239
961.0139770507812,0.4746336340904236,-0.03197909891605377,0.02784585952758789,4.562584400177002,-0.24568498134613037,0.2625460624694824
708.6179809570312,0.4781962037086487,-0.02454245090484619,0.019103646278381348,4.596277713775635,-0.19903147220611572,0.18463736772537231
204.23399353027344,0.21596357226371765,-0.01189269870519638,0.06019258499145508,1.8806270360946655,-0.04246959090232849,0.5649309158325195
109.16200256347656,0.35455888509750366,0.031340502202510834,-0.055690765380859375,3.2032957077026367,0.1943744719028473,-0.48273810744285583
740.6939697265625,0.3051629960536957,0.03621738776564598,-0.0529937744140625,3.2773358821868896,0.29690781235694885,-0.5832734704017639
879.4420166015625,0.19491377472877502,-0.01285644993185997,0.044141530990600586,2.1317319869995117,-0.09346169233322144,0.4771159887313843
446.2900085449219,0.40097513794898987,-0.024117857217788696,0.02780437469482422,4.01795768737793,-0.18977975845336914,0.276928573846817
552.5020141601562,0.18185678124427795,-0.015827279537916183,0.07014751434326172,1.8311885595321655,-0.09686046838760376,0.7374758124351501
115.74199676513672,0.6403191089630127,0.034365832805633545,-0.029825210571289062,4.461939334869385,0.18267560005187988,-0.20201748609542847
753.4860229492188,0.4088038504123688,0.005980074405670166,0.00019502639770507812,4.647767066955566,0.06378555297851562,-0.0032425045501440763
107.83399963378906,0.43334174156188965,0.046080514788627625,-0.08094978332519531,3.0795655250549316,0.19820451736450195,-0.5985392332077026
218.99000549316406,0.31085532903671265,0.018132343888282776,-0.034732818603515625,3.017634153366089,0.12461435794830322,-0.3157702684402466
510.7539978027344,0.40048789978027344,0.025475651025772095,-0.01854085922241211,4.202780246734619,0.2236948013305664,-0.24586206674575806
791.2780151367188,0.19935494661331177,-0.012010261416435242,0.050553321838378906,1.9833002090454102,-0.07733681052923203,0.47976842522621155
448.2820129394531,0.5445399284362793,-0.037077397108078,0.042731285095214844,4.011237144470215,-0.19930768013000488,0.307571679353714
200.41799926757812,0.24878643453121185,-0.022004440426826477,0.06434661149978638,2.2506613731384277,-0.12751471996307373,0.5953290462493896
803.9500122070312,0.2789018452167511,-0.019370749592781067,0.0998988151550293,1.995849370956421,-0.03175830841064453,0.6625396609306335
388.510009765625,0.7594296336174011,-0.0021122395992279053,-0.009701728820800781,4.580822467803955,-0.01057589054107666,-0.11419287323951721
749.0260009765625,0.426122784614563,0.03698129951953888,-0.04717588424682617,3.8164896965026855,0.2396482229232788,-0.42942309379577637
986.2620239257812,0.6049004793167114,0.0041275471448898315,0.008504390716552734,4.740469455718994,0.027441024780273438,0.0775606706738472
150.58599853515625,0.4875365197658539,-0.03980526328086853,0.05396080017089844,3.764254331588745,-0.20179760456085205,0.37421998381614685
86.79000091552734,0.2239477038383484,0.024047672748565674,-0.03502368927001953,3.1101107597351074,0.27715957164764404,-0.5040351748466492
580.0859985351562,0.436911016702652,0.04300473630428314,-0.0392918586730957,4.1960954666137695,0.32914888858795166,-0.33621183037757874
108.79399871826172,0.19812367856502533,0.02091452106833458,-0.03064250946044922,3.1208083629608154,0.2825424075126648,-0.47262710332870483
836.2860107421875,0.4718226492404938,0.03505198657512665,-0.02240276336669922,4.542366027832031,0.2726929187774658,-0.14509044587612152
711.7780151367188,0.5995599031448364,-0.03344196081161499,0.032030701637268066,4.54327392578125,-0.18282657861709595,0.23005878925323486
979.0419921875,0.39137059450149536,0.02761470526456833,-0.025130271911621094,4.251261234283447,0.25809526443481445,-0.280911922454834
596.6900024414062,0.2260596752166748,-0.014736324548721313,0.0175628662109375,3.557936906814575,-0.20474952459335327,0.27971336245536804
258.6860046386719,0.37125974893569946,0.01610696315765381,-0.017913520336151123,3.8967647552490234,0.13311851024627686,-0.21921265125274658
449.22198486328125,0.3981650173664093,-0.024722859263420105,0.018741607666015625,4.326834678649902,-0.2216125726699829,0.1925041675567627
608.7459716796875,0.32855966687202454,-0.01840706169605255,0.011049747467041016,4.564117908477783,-0.22454959154129028,0.12865276634693146
563.281982421875,0.26088008284568787,0.028533922508358955,-0.07341742515563965,2.591557502746582,0.2037159502506256,-0.7633198499679565
405.0220031738281,0.4299442172050476,0.02366429567337036,-0.01437520980834961,4.15678071975708,0.1872009038925171,-0.1484450101852417
639.7139892578125,0.34259700775146484,-0.026596687734127045,0.04199028015136719,3.460576295852661,-0.20040267705917358,0.4062773287296295
473.0899963378906,0.36618125438690186,0.0380735844373703,-0.06132316589355469,3.345148801803589,0.25217878818511963,-0.5252612829208374
76.56999969482422,0.445991575717926,0.038311563432216644,-0.05213510990142822,3.8625786304473877,0.22633033990859985,-0.4128798842430115
351.4259948730469,0.4645352363586426,-0.012006431818008423,0.012790679931640625,4.646660327911377,-0.08962440490722656,0.14996914565563202
379.802001953125,0.45719873905181885,-0.04866626858711243,0.055240631103515625,3.8378074169158936,-0.2974073886871338,0.43953391909599304
99.11000061035156,0.5049928426742554,0.0070335716009140015,-0.0034575462341308594,4.67752742767334,0.05508646368980408,-0.019595446065068245
793.5339965820312,0.2658268213272095,-0.02555464208126068,0.0550689697265625,2.6893789768218994,-0.1850954294204712,0.5686813592910767
474.48199462890625,0.29750561714172363,0.030462749302387238,-0.0475311279296875,3.4083619117736816,0.2718539237976074,-0.5178245306015015
585.7219848632812,0.4605380594730377,0.03192776441574097,-0.03298187255859375,4.29986572265625,0.231897234916687,-0.30320802330970764
946.1339721679688,0.4465612769126892,-0.033601053059101105,0.03881645202636719,4.2556633949279785,-0.25184547901153564,0.3871271312236786
158.01400756835938,0.40051698684692383,-0.032718345522880554,0.035307884216308594,4.367691993713379,-0.29466378688812256,0.4103274941444397
891.3740234375,0.27752187848091125,0.0286121666431427,-0.03335452079772949,3.875122308731079,0.3318924903869629,-0.4606843590736389
494.22601318359375,0.49051111936569214,0.009462714195251465,-0.0023517608642578125,4.710241317749023,0.07656633853912354,-0.0593155100941658
648.322021484375,0.512423038482666,-0.00494210422039032,0.008677482604980469,4.755662441253662,-0.0383983850479126,0.0734623521566391
138.1820068359375,0.2957162857055664,0.03318154811859131,-0.06460189819335938,2.6988675594329834,0.20744401216506958,-0.5819386839866638
860.6099853515625,0.39937642216682434,-0.021205559372901917,0.032176971435546875,4.322945594787598,-0.1865311861038208,0.3721475601196289
454.5140075683594,0.4425801634788513,-0.031690698117017746,0.057826995849609375,3.164997100830078,-0.14263413846492767,0.4427342414855957
825.6099853515625,0.4000280201435089,0.00038623809814453125,0.002995014190673828,4.785144329071045,-0.005395412445068359,0.01766308955848217
67.0739974975586,0.4388699531555176,0.01331234723329544,-0.02549894154071808,2.866518497467041,0.054272353649139404,-0.15736490488052368
546.2139892578125,0.16830070316791534,-0.00827697291970253,0.05003643035888672,1.6762104034423828,-0.05353039503097534,0.502306342124939
851.3619995117188,0.4254458248615265,-0.03280353546142578,0.03341197967529297,4.259197235107422,-0.2622267007827759,0.3065232038497925
356.07000732421875,0.38929659128189087,-0.0016894340515136719,0.0071773529052734375,4.047991752624512,-0.01413118839263916,0.042546793818473816
242.57400512695312,0.429217129945755,0.001109495759010315,0.0027322769165039062,2.768820285797119,0.008128523826599121,-0.005373088177293539
245.91799926757812,0.2744208872318268,0.013335999101400375,-0.05157339572906494,2.1767477989196777,0.05123370885848999,-0.4066525995731354
561.7059936523438,0.2328525185585022,0.02384933829307556,-0.0378270149230957,3.1848526000976562,0.2751023769378662,-0.5066009759902954
382.5780029296875,0.589788556098938,-0.010510429739952087,-0.008124351501464844,4.61717414855957,-0.085044264793396,-0.08552539348602295
228.2100067138672,0.41184431314468384,0.04018865525722504,-0.039336204528808594,3.986847400665283,0.30938607454299927,-0.3748025596141815
922.4340209960938,0.41193413734436035,-0.033796750009059906,0.06054115295410156,3.395639419555664,-0.18065029382705688,0.48311400413513184
416.1059875488281,0.6234462261199951,0.05230945348739624,-0.05502891540527344,4.019909858703613,0.20983976125717163,-0.3390636742115021
360.6780090332031,0.16306211054325104,0.003726847469806671,-0.015382766723632812,2.308566093444824,0.037438273429870605,-0.2696759104728699
86.71800231933594,0.455293208360672,0.041733987629413605,-0.07315874099731445,3.1356005668640137,0.1695568561553955,-0.5002873539924622
282.7019958496094,0.3987990617752075,-0.03945546597242355,0.04814106225967407,3.841597318649292,-0.29635632038116455,0.46700233221054077
301.406005859375,0.5863686800003052,-0.021348804235458374,0.02214217185974121,4.725865364074707,-0.12635600566864014,0.20827078819274902
341.7820129394531,0.39909034967422485,-0.040788643062114716,0.043732643127441406,3.9944047927856445,-0.3332831859588623,0.42867356538772583
873.4099731445312,0.4514876902103424,-0.008394964039325714,0.003592252731323242,4.503071308135986,-0.06743691861629486,0.025443855673074722
571.6820068359375,0.20272675156593323,0.018820539116859436,-0.01894068717956543,3.9172375202178955,0.3217809200286865,-0.3663325011730194
967.0419921875,0.3894709646701813,-0.03514159470796585,0.04374837875366211,3.920807361602783,-0.26862645149230957,0.4239214360713959
658.47802734375,0.4885861575603485,0.04728575795888901,-0.0816507339477539,3.6080994606018066,0.23708820343017578,-0.6043540835380554
909.3779907226562,0.7296678423881531,0.027737677097320557,-0.017217636108398438,4.575349807739258,0.13058066368103027,-0.07142047584056854
965.8460083007812,0.4096616804599762,-0.04009918123483658,0.06582021713256836,3.2079622745513916,-0.2077399492263794,0.47410744428634644
166.69000244140625,0.4353357255458832,-0.03927583992481232,0.03928565979003906,4.1814117431640625,-0.30980658531188965,0.3548831343650818
321.0899963378906,0.6520137786865234,-0.0011350512504577637,0.013399124145507812,4.659723281860352,0.0013592243194580078,0.1421152800321579
82.84200286865234,0.3144909739494324,0.022164326161146164,-0.037551164627075195,3.1517927646636963,0.1615092158317566,-0.4265921711921692
372.70599365234375,0.4564412832260132,0.02404075860977173,-0.023256301879882812,4.563608646392822,0.18831777572631836,-0.22522655129432678
531.7059936523438,0.30691853165626526,0.035216718912124634,-0.08294737339019775,2.6864306926727295,0.1835559606552124,-0.6965677738189697
936.530029296875,0.3406676948070526,-0.020513765513896942,0.04662799835205078,2.8366947174072266,-0.10935848951339722,0.39919376373291016
968.9500122070312,0.4808756411075592,-0.01982887089252472,0.014265060424804688,4.454707145690918,-0.15378737449645996,0.10600696504116058
376.2380065917969,0.3770892918109894,-0.033688634634017944,0.051013946533203125,3.388335943222046,-0.21421468257904053,0.43391692638397217
138.64999389648438,0.3524622321128845,0.03219135105609894,-0.08254051208496094,2.704404830932617,0.13271987438201904,-0.619091808795929
323.9219970703125,0.4920012950897217,-0.03165911138057709,0.024585723876953125,4.5404372215271,-0.23830044269561768,0.22120395302772522
112.60600280761719,0.5914026498794556,0.04299912974238396,-0.05321979522705078,3.8346641063690186,0.1664370447397232,-0.2861083745956421
334.12200927734375,0.7244994044303894,-0.007042914628982544,-0.008915901184082031,4.775728225708008,-0.05599939823150635,-0.07030615955591202
823.1699829101562,0.5471312403678894,0.012338757514953613,-0.0013132095336914062,4.715423107147217,0.08543944358825684,-0.005452846176922321
759.0540161132812,0.482820987701416,0.025786273181438446,-0.02138042449951172,4.462667942047119,0.18834280967712402,-0.15430861711502075
339.6059875488281,0.47159621119499207,-0.03298575431108475,0.021607398986816406,4.511404037475586,-0.26189565658569336,0.20175538957118988
543.781982421875,0.2256033569574356,-0.007837586104869843,0.04689311981201172,1.6269173622131348,-0.017900824546813965,0.3065151572227478
208.96200561523438,0.1953984498977661,-0.01298397034406662,0.06091022491455078,1.8360581398010254,-0.06479787826538086,0.5917724370956421
572.6179809570312,0.326347291469574,0.03266754746437073,-0.03495192527770996,4.07196044921875,0.34980297088623047,-0.40771663188934326
488.5899963378906,0.624008059501648,0.02257317304611206,-0.01806163787841797,4.461969375610352,0.11737227439880371,-0.13129830360412598
383.6419982910156,0.46908262372016907,0.005156420171260834,-0.00609588623046875,4.5077056884765625,0.029067516326904297,-0.07302897423505783
272.5459899902344,0.24811740219593048,0.006491124629974365,-0.00852656364440918,2.394015073776245,0.038883984088897705,-0.15999382734298706
577.6339721679688,0.38887497782707214,0.04362767934799194,-0.04842519760131836,3.908275842666626,0.3444114923477173,-0.48817554116249084
106.12200164794922,0.3602433204650879,0.035560257732868195,-0.05688762664794922,3.3619115352630615,0.2302897572517395,-0.4919494390487671
340.39801025390625,0.46077996492385864,-0.028263304382562637,0.013513565063476562,4.622161865234375,-0.25567013025283813,0.12027251720428467
338.5899963378906,0.5296984314918518,-0.03157331049442291,0.023244857788085938,4.67647647857666,-0.22326409816741943,0.24672077596187592
145.6179962158203,0.3560096025466919,-0.005991905927658081,0.000331878662109375,4.68424654006958,-0.07910633087158203,-0.01586143672466278
592.885986328125,0.25153064727783203,0.009374357759952545,-0.005410194396972656,1.7218939065933228,0.03832674026489258,0.02888614311814308
507.8580017089844,0.4390542209148407,0.032273441553115845,-0.061560630798339844,3.1307971477508545,0.13066387176513672,-0.4394834637641907
429.5820007324219,0.37946465611457825,-0.027678966522216797,0.027750015258789062,3.8301842212677,-0.21932005882263184,0.23075370490550995
234.82200622558594,0.5104550719261169,0.009872034192085266,-0.0002532005310058594,4.728670120239258,0.0921863317489624,-0.022230323404073715
607.64599609375,0.41570156812667847,-0.03278685733675957,0.031920433044433594,4.342583656311035,-0.27381959557533264,0.3281564712524414
281.6619873046875,0.4379006624221802,-0.03545467555522919,0.041618287563323975,3.7801802158355713,-0.23107171058654785,0.35840266942977905
95.85399627685547,0.45245957374572754,0.015915963798761368,-0.012377262115478516,4.510449409484863,0.13905179500579834,-0.09379159659147263
61.95800018310547,-4.07956940762233e-06,3.792867937590927e-05,-1.7614103853702545e-05,-0.0007789795636199415,0.00018994600395672023,-0.0017794257728382945
687.2780151367188,0.16805534064769745,0.010431408882141113,-0.02769303321838379,2.144855499267578,0.09591519832611084,-0.3927881717681885
570.6500244140625,0.3915025591850281,0.03871730715036392,-0.04632377624511719,3.7621233463287354,0.27287060022354126,-0.4165452718734741
864.6740112304688,0.469509482383728,-0.018085941672325134,0.011538028717041016,4.5134358406066895,-0.14678871631622314,0.10121585428714752
966.9420166015625,0.3818187713623047,-0.03356979414820671,0.04521465301513672,3.862884044647217,-0.26608771085739136,0.4354718327522278
908.6740112304688,0.5957762002944946,0.03235118091106415,-0.019141197204589844,4.396080017089844,0.18214237689971924,-0.1069268211722374
317.6700134277344,0.5827480554580688,-0.021043062210083008,0.013740062713623047,4.716433048248291,-0.13815701007843018,0.10623952746391296
460.14599609375,0.545250654220581,-0.009886644780635834,0.008898735046386719,4.542146682739258,-0.06909525394439697,0.10864260792732239
526.0859985351562,0.26382288336753845,0.030767280608415604,-0.07445716857910156,2.6558034420013428,0.20992058515548706,-0.7823073267936707
718.6380004882812,0.34251534938812256,-0.02286982536315918,0.01376795768737793,4.5157470703125,-0.264640212059021,0.19664029777050018
873.114013671875,0.4771583378314972,-0.009311750531196594,0.0035719871520996094,4.567236423492432,-0.08403970301151276,0.02007562667131424
454.37799072265625,0.33622685074806213,-0.024292247369885445,0.04137706756591797,3.336554765701294,-0.18188537657260895,0.40057843923568726
414.8900146484375,0.42242032289505005,0.043720051646232605,-0.0523829460144043,3.909520149230957,0.3148852586746216,-0.5325319170951843
613.8099975585938,0.3714222013950348,-0.048502117395401,0.10183548927307129,2.8675341606140137,-0.23474621772766113,0.8098722100257874
734.0139770507812,0.22792506217956543,0.023148002102971077,-0.05970501899719238,2.4708144664764404,0.1773463785648346,-0.645004153251648
177.7779998779297,0.16290467977523804,-0.007611297070980072,0.042168617248535156,1.6364047527313232,-0.03786826133728027,0.4210681617259979
666.4140014648438,0.47177258133888245,0.011523321270942688,-0.0005242824554443359,4.735780239105225,0.09713530540466309,-0.02192062698304653
119.33000183105469,0.4765244722366333,0.030173003673553467,-0.023908615112304688,4.444675445556641,0.22094523906707764,-0.20906615257263184
71.1500015258789,0.4208435118198395,0.01132325828075409,-0.008368134498596191,4.064802646636963,0.09010863304138184,-0.0678444504737854
612.4019775390625,0.3484035134315491,-0.040787503123283386,0.05058932304382324,3.4918606281280518,-0.3172651529312134,0.5075080394744873
902.5380249023438,0.23518431186676025,0.025746285915374756,-0.037567138671875,3.296360969543457,0.29008686542510986,-0.5362062454223633
580.8499755859375,0.5699730515480042,0.04936891794204712,-0.05126953125,4.197042942047119,0.2584810256958008,-0.3528425991535187
335.5459899902344,0.48401105403900146,0.0018631666898727417,-0.0019006729125976562,4.84912109375,0.008417606353759766,0.017420034855604172
375.6499938964844,0.26640838384628296,-0.027746595442295074,0.03890037536621094,3.326901435852051,-0.28080010414123535,0.45166659355163574
624.302001953125,0.45463910698890686,-0.017798468470573425,0.015333056449890137,4.570464611053467,-0.14232778549194336,0.16444921493530273
396.7659912109375,0.642163872718811,0.0246884822845459,-0.009736061096191406,4.599946022033691,0.13487857580184937,-0.05049450695514679
977.2739868164062,0.2469056248664856,0.022117942571640015,-0.029610633850097656,3.250338077545166,0.23913335800170898,-0.39592134952545166
494.12200927734375,0.49223592877388,0.011347919702529907,-0.0023221969604492188,4.726211071014404,0.09042632579803467,-0.00043133142753504217
304.3500061035156,0.4757765233516693,-0.0342215895652771,0.028165340423583984,4.570162773132324,-0.2651700973510742,0.2317117154598236
582.9140014648438,0.6161148548126221,0.04109322279691696,-0.028786182403564453,4.518601417541504,0.23092257976531982,-0.16041876375675201
835.6060180664062,0.43925854563713074,0.03827103599905968,-0.031599998474121094,4.4010796546936035,0.3135165572166443,-0.2895362377166748
891.8779907226562,0.5393643379211426,0.04537954926490784,-0.05333876609802246,4.124035358428955,0.23418021202087402,-0.3728701174259186
950.0180053710938,0.4648570418357849,-0.018773868680000305,0.007947921752929688,4.671591758728027,-0.17063069343566895,0.10293417423963547
532.2139892578125,0.34223252534866333,0.03332394361495972,-0.09018158912658691,2.6601877212524414,0.1391812562942505,-0.671205997467041
822.2379760742188,0.47516965866088867,0.019558608531951904,-0.0144500732421875,4.5867085456848145,0.15758371353149414,-0.15494896471500397
699.302001953125,0.3638198673725128,0.036743566393852234,-0.043681323528289795,3.8087728023529053,0.3049217462539673,-0.4553089737892151
519.1859741210938,0.6107847690582275,0.01845487952232361,-0.02213573455810547,4.508026123046875,0.09168434143066406,-0.15308932960033417
448.74200439453125,0.40527647733688354,-0.030386194586753845,0.022310256958007812,4.064991474151611,-0.24366021156311035,0.2209136188030243
61.737998962402344,-2.088292058033403e-05,5.146920375409536e-05,-6.570015102624893e-06,-0.0017383282538503408,0.0004494960594456643,0.0006646009278483689
992.1300048828125,0.5069491863250732,0.03606289625167847,-0.035748958587646484,4.404361248016357,0.22507667541503906,-0.3030987083911896
247.8699951171875,0.3863712549209595,0.02961146831512451,-0.047018468379974365,3.3664159774780273,0.183327317237854,-0.4362640082836151
796.1060180664062,0.5216324329376221,-0.0358521044254303,0.031076431274414062,4.366694450378418,-0.23121285438537598,0.2342986911535263
972.3980102539062,0.4719621539115906,-0.00330236554145813,-0.0016117095947265625,4.687814235687256,-0.017954587936401367,-0.021690042689442635
366.2380065917969,0.3956652581691742,0.04187783598899841,-0.051741600036621094,3.7093660831451416,0.29058822989463806,-0.4206293523311615
319.00201416015625,0.4704943895339966,-0.01206466555595398,0.012946605682373047,4.673393249511719,-0.09240567684173584,0.1583978235721588
258.5899963378906,0.3634389638900757,0.01695265620946884,-0.018669992685317993,3.831479072570801,0.1405407190322876,-0.18480229377746582
546.5139770507812,0.1736813485622406,-0.008623484522104263,0.053891658782958984,1.7495776414871216,-0.0422821044921875,0.546330988407135
111.18199920654297,0.29521968960762024,0.02898867428302765,-0.049477577209472656,3.1208815574645996,0.22417140007019043,-0.5487406253814697
149.52200317382812,0.30159202218055725,-0.025516506284475327,0.06255722045898438,2.9560697078704834,-0.1613774299621582,0.583187460899353
394.1180114746094,0.4914565086364746,0.04616433382034302,-0.054587364196777344,3.7359161376953125,0.23734676837921143,-0.4031848609447479
405.2380065917969,0.4754563271999359,0.023817971348762512,-0.014015674591064453,4.244822025299072,0.17790007591247559,-0.06583591550588608
717.218017578125,0.38232240080833435,-0.026275120675563812,0.018142446875572205,4.534337043762207,-0.2689174711704254,0.21481525897979736
329.906005859375,0.7336132526397705,-0.030290067195892334,0.030936241149902344,4.728895664215088,-0.13109540939331055,0.17462339997291565
987.406005859375,0.5547425150871277,0.002505376935005188,-0.005923271179199219,4.789849281311035,0.01357126235961914,-0.05524066835641861
299.4580078125,0.4537431001663208,-0.01303197629749775,0.00540924072265625,4.71702241897583,-0.11442145705223083,0.03797747194766998
736.4459838867188,0.3454219400882721,0.03680136427283287,-0.052392952144145966,3.642582654953003,0.2932688593864441,-0.5168548822402954
677.1259765625,0.42700549960136414,-0.035689279437065125,0.03548288345336914,3.82456374168396,-0.24412977695465088,0.3319756090641022
732.9539794921875,0.2839757800102234,0.03326095640659332,-0.05656933784484863,2.9893295764923096,0.277557373046875,-0.6084445118904114
195.8179931640625,0.581669270992279,-0.006498128175735474,-0.0009381771087646484,4.127126693725586,-0.039475202560424805,-0.012411135248839855
835.8779907226562,0.6077513098716736,0.04492267966270447,-0.03642463684082031,4.477376461029053,0.24900710582733154,-0.27181851863861084
282.5979919433594,0.5679856538772583,-0.048590973019599915,0.07259264588356018,3.8502256870269775,-0.20507287979125977,0.4815449118614197
618.8939819335938,0.7989208698272705,-0.04041597247123718,0.036022454500198364,4.472219467163086,-0.13823503255844116,0.18257400393486023
645.2020263671875,0.43684402108192444,-0.020336225628852844,0.013281822204589844,4.366832256317139,-0.16525888442993164,0.11854425817728043
879.5419921875,0.2145860493183136,-0.013927783817052841,0.04912745952606201,2.1801846027374268,-0.09283450245857239,0.5019314885139465
738.1019897460938,0.6956963539123535,0.04759189486503601,-0.04219585657119751,4.435077667236328,0.20599675178527832,-0.24580998718738556
420.2980041503906,0.47039473056793213,0.03107309341430664,-0.02187943458557129,4.35162353515625,0.23204052448272705,-0.213691845536232
205.07400512695312,0.32795193791389465,-0.01545993983745575,0.09979593753814697,2.0764663219451904,-0.008020013570785522,0.6178189516067505
268.9460144042969,0.1916203796863556,0.012529987841844559,-0.04750466346740723,1.8833081722259521,0.08094406127929688,-0.49208495020866394
200.78199768066406,0.274586945772171,-0.021068550646305084,0.08206725120544434,2.0187792778015137,-0.06831413507461548,0.5890634655952454
882.2979736328125,0.39888903498649597,-0.03180478513240814,0.033044785261154175,4.036994934082031,-0.25731658935546875,0.3486800789833069
437.0220031738281,0.35226452350616455,-0.01042109727859497,0.013524532318115234,3.268965482711792,-0.08078670501708984,0.1381056308746338
203.3419952392578,0.21992646157741547,-0.00898423045873642,0.066231369972229,1.7013304233551025,-0.0181085467338562,0.5023306608200073
141.69000244140625,0.2772366404533386,0.016817763447761536,-0.0146636962890625,4.337692737579346,0.23003697395324707,-0.2488919347524643
900.530029296875,0.486034631729126,0.04002933204174042,-0.09365320205688477,3.169337272644043,0.12260520458221436,-0.6391807198524475
793.2940063476562,0.23852898180484772,-0.023978345096111298,0.05613994598388672,2.5933585166931152,-0.18686169385910034,0.5966513156890869
339.1700134277344,0.5216627717018127,-0.038409650325775146,0.0291900634765625,4.521664619445801,-0.2634059190750122,0.24042397737503052
316.4779968261719,0.5799031257629395,-0.025963954627513885,0.018616199493408203,4.666501522064209,-0.16422992944717407,0.10309907048940659
374.5419921875,0.6207810044288635,-0.013952881097793579,0.05058479309082031,3.990288734436035,-0.04149186611175537,0.3236725628376007
188.03399658203125,0.26608359813690186,-0.013584762811660767,0.03799104690551758,2.389176368713379,-0.07381951808929443,0.32354193925857544
60.02199935913086,-2.0882902390439995e-05,5.1469211030052975e-05,-6.045680493116379e-06,-0.0009259798680432141,0.0003904082695953548,-0.002665633801370859
271.4179992675781,0.3091984987258911,0.01835256814956665,-0.06342601776123047,2.358180284500122,0.061444878578186035,-0.49419891834259033
96.08599853515625,0.5959928035736084,0.019642509520053864,-0.015467166900634766,4.544356346130371,0.10036778450012207,-0.11406785994768143
491.08599853515625,0.37592175602912903,0.025376366451382637,-0.020239830017089844,4.447493553161621,0.26111650466918945,-0.28246060013771057
198.97799682617188,0.32226860523223877,-0.01723059080541134,0.06600737571716309,2.2268495559692383,-0.040710896253585815,0.4631965458393097
211.96200561523438,0.2651291489601135,-0.02260603755712509,0.0714879035949707,2.4837725162506104,-0.137096107006073,0.6560061573982239
377.9580078125,0.5689408779144287,-0.048847198486328125,0.04001617431640625,4.093121528625488,-0.24932360649108887,0.31983304023742676
241.64199829101562,0.3382073938846588,0.0005281120538711548,-0.0004048347473144531,3.2268147468566895,0.0077162981033325195,-0.016485143452882767
378.1579895019531,0.4126006066799164,-0.03504452109336853,0.030997276306152344,4.128277778625488,-0.2878917455673218,0.31347599625587463
315.1180114746094,0.46862590312957764,-0.027287421748042107,0.015009880065917969,4.699962615966797,-0.23771819472312927,0.14676856994628906
833.8140258789062,0.37340959906578064,0.027284666895866394,-0.028799057006835938,4.4294753074646,0.270788311958313,-0.38095974922180176
244.85000610351562,0.1867733597755432,0.007902562618255615,-0.03745436668395996,1.8219330310821533,0.048511505126953125,-0.38169994950294495
65.62200164794922,0.17719465494155884,0.002436279319226742,-0.0071577634662389755,1.8160394430160522,0.008859734982252121,-0.10077124089002609
649.6339721679688,0.40046048164367676,0.033533111214637756,-0.03568696975708008,3.9924004077911377,0.26736319065093994,-0.43167731165885925
232.28599548339844,0.6095998287200928,0.03485243022441864,-0.0256192684173584,4.508541107177734,0.19232600927352905,-0.18499554693698883
133.9459991455078,0.48087531328201294,0.009743809700012207,-0.00130462646484375,4.637328147888184,0.07582437992095947,-0.010825684294104576
473.6419982910156,0.3172804117202759,0.035382434725761414,-0.0564727783203125,3.0436201095581055,0.24747979640960693,-0.5908304452896118
745.4459838867188,0.3342743515968323,0.029492780566215515,-0.03647804260253906,3.510897397994995,0.24298357963562012,-0.4062545895576477
378.25799560546875,0.41138672828674316,-0.034909918904304504,0.032402992248535156,4.106526851654053,-0.28115832805633545,0.33559170365333557
477.91400146484375,0.414567232131958,0.030911102890968323,-0.0337982177734375,3.8765945434570312,0.22744929790496826,-0.3001503646373749
670.9180297851562,0.5415938496589661,-0.033743854612112045,0.04533696174621582,3.9900424480438232,-0.16755250096321106,0.3443031907081604
861.197998046875,0.5632196664810181,-0.047201767563819885,0.057647705078125,3.913379669189453,-0.21750640869140625,0.3911488354206085
168.51400756835938,0.4785817861557007,-0.03623798117041588,0.024230003356933594,4.613164901733398,-0.2884712219238281,0.2084018588066101
458.50201416015625,0.5900936722755432,-0.029514022171497345,0.025023460388183594,4.246108055114746,-0.1509200930595398,0.16703134775161743
591.6380004882812,0.28625112771987915,0.020483694970607758,-0.06193256378173828,2.2330493927001953,0.09873729944229126,-0.4835154116153717
831.6060180664062,0.3574483394622803,0.03834042698144913,-0.04674243927001953,3.7066612243652344,0.31024831533432007,-0.5062041878700256
884.614013671875,0.4320693612098694,0.015245571732521057,-0.018494710326194763,4.51748514175415,0.13853126764297485,-0.20684154331684113
846.6099853515625,0.3777427077293396,-0.03518781065940857,0.052435874938964844,3.546693801879883,-0.22482049465179443,0.5071357488632202
319.4700012207031,0.6750891208648682,-0.019241750240325928,0.01286935806274414,4.709298133850098,-0.08806920051574707,0.09901753067970276
355.0220031738281,0.3876340389251709,-0.0034748464822769165,0.004788398742675781,4.619896411895752,-0.03890371322631836,0.04979957640171051
900.6099853515625,0.2506033182144165,0.02751985192298889,-0.05159902572631836,3.120692014694214,0.2711890935897827,-0.6585737466812134
326.6419982910156,0.4534394443035126,-0.02736036852002144,0.02243328094482422,4.531991004943848,-0.21783842146396637,0.24911785125732422
712.8779907226562,0.613757848739624,-0.04250986874103546,0.036972761154174805,4.522604465484619,-0.23319470882415771,0.2254994660615921
382.45001220703125,0.6100165247917175,-0.016126587986946106,-0.0018672943115234375,4.606481075286865,-0.10060834884643555,-0.03156547248363495
661.6420288085938,0.4194584786891937,0.032406166195869446,-0.025412917137145996,4.19276237487793,0.26174622774124146,-0.22479435801506042
314.27398681640625,0.6123189926147461,-0.027845822274684906,0.024011611938476562,4.622500896453857,-0.1628987193107605,0.20659387111663818
752.2780151367188,0.4334961771965027,0.014637306332588196,-0.005275726318359375,4.686864852905273,0.14557766914367676,-0.060554664582014084
166.25,0.48809388279914856,-0.042001888155937195,0.04276847839355469,4.1793036460876465,-0.2697533369064331,0.30489879846572876
379.1499938964844,0.38562482595443726,-0.04079623520374298,0.04216480255126953,3.837618827819824,-0.33622777462005615,0.42206475138664246
148.5780029296875,0.2818426191806793,-0.020169168710708618,0.07067680358886719,2.361753463745117,-0.08814060688018799,0.5602372884750366
553.6380004882812,0.2192458212375641,-0.015433833003044128,0.07652676105499268,1.8978581428527832,-0.06523483991622925,0.6297862529754639
448.4100036621094,0.5123695135116577,-0.036459729075431824,0.038199424743652344,4.005011081695557,-0.21536386013031006,0.28963685035705566
183.75799560546875,0.20184621214866638,-0.012342896312475204,0.025115013122558594,2.5063982009887695,-0.12019184231758118,0.32372352480888367
958.4660034179688,0.5657358169555664,-0.024339497089385986,0.01671457290649414,4.553267002105713,-0.15528559684753418,0.11685299128293991
83.9260025024414,0.5132022500038147,0.03420189023017883,-0.040776968002319336,3.702436685562134,0.16389286518096924,-0.27470719814300537
737.8140258789062,0.6146562695503235,0.04682621359825134,-0.040461599826812744,4.4104437828063965,0.23511898517608643,-0.2906345725059509
88.93000030517578,0.5925822257995605,0.03812149167060852,-0.032167911529541016,4.2679572105407715,0.19643795490264893,-0.17031355202198029
832.6060180664062,0.2990189492702484,0.02755969762802124,-0.024410247802734375,4.172874450683594,0.3315366506576538,-0.3410758972167969
143.57400512695312,0.739660382270813,-0.01330476999282837,0.011964797973632812,4.623745441436768,-0.06841111183166504,0.05003935843706131
864.8140258789062,0.6293618083000183,-0.0213678777217865,0.012827396392822266,4.474384307861328,-0.11086702346801758,0.08681084215641022
571.8099975585938,0.5099284648895264,0.03898565471172333,-0.047098398208618164,4.0554728507995605,0.20814943313598633,-0.36758100986480713
126.85399627685547,0.4663022756576538,0.014270380139350891,-0.011559486389160156,4.6884002685546875,0.1226956844329834,-0.0925227478146553
840.2100219726562,0.3403828740119934,0.026742786169052124,-0.014863014221191406,4.507390975952148,0.3155345916748047,-0.16568909585475922
129.35400390625,0.3643447160720825,0.03827328979969025,-0.04434013366699219,3.6691291332244873,0.30969130992889404,-0.4302540421485901
522.0460205078125,0.5952366590499878,-0.0014139935374259949,-0.0016269683837890625,4.625148296356201,-0.025561243295669556,-0.033948399126529694
739.7100219726562,0.2750748097896576,0.031171709299087524,-0.034413814544677734,3.6431870460510254,0.3440241813659668,-0.4175994396209717
639.8419799804688,0.4464404881000519,-0.033416420221328735,0.05361437797546387,3.5132510662078857,-0.17931592464447021,0.40622684359550476
929.1220092773438,0.32775044441223145,-0.015124112367630005,0.005657196044921875,4.545614242553711,-0.18188989162445068,0.0861206203699112
627.6740112304688,0.4290391206741333,0.020788323134183884,-0.01869022846221924,4.1275410652160645,0.16044706106185913,-0.09247805923223495
963.3060302734375,0.4515405595302582,-0.027376316487789154,0.015522956848144531,4.488067150115967,-0.2247523069381714,0.10196816921234131
184.98199462890625,0.18392205238342285,-0.009180374443531036,0.021265029907226562,2.4173545837402344,-0.09347915649414062,0.2927161157131195
966.197998046875,0.45421791076660156,-0.03984272852540016,0.06490421295166016,3.353807210922241,-0.19089612364768982,0.45051807165145874
790.7459716796875,0.1970234215259552,-0.01141594722867012,0.056563377380371094,1.8998997211456299,-0.061919212341308594,0.5525645017623901
479.24200439453125,0.3934691548347473,0.020568594336509705,-0.013484954833984375,4.11995792388916,0.18344712257385254,-0.14920735359191895
282.25799560546875,0.4001025855541229,-0.03472161293029785,0.04817953705787659,3.8426876068115234,-0.24492740631103516,0.4925175607204437
235.18600463867188,0.2821445167064667,0.0033801868557929993,-0.0004532337188720703,4.712647438049316,0.040828585624694824,-0.010105496272444725
765.9500122070312,0.6311131119728088,0.012464575469493866,-0.010054588317871094,4.6483283042907715,0.07133406400680542,-0.09882024675607681
503.1340026855469,0.4037349820137024,0.024093234911561012,-0.0355682373046875,3.387881278991699,0.1408657729625702,-0.2631685733795166
275.0740051269531,0.23473049700260162,-0.00274079293012619,0.012366533279418945,1.6270021200180054,-0.014291882514953613,0.07302022725343704
453.3659973144531,0.49479883909225464,-0.0071473270654678345,0.001598358154296875,4.397449970245361,-0.0511203408241272,-0.0033513379748910666
85.55799865722656,0.404135525226593,0.031332194805145264,-0.04512453079223633,3.859335422515869,0.23089218139648438,-0.4018894135951996
450.01800537109375,0.592319667339325,-0.027523517608642578,0.0189361572265625,4.3883867263793945,-0.15262174606323242,0.11365651339292526
349.6059875488281,0.6766262054443359,-0.029816851019859314,0.029236793518066406,4.46720027923584,-0.13058936595916748,0.17134180665016174
395.0299987792969,0.5075784921646118,0.04172612726688385,-0.03661823272705078,4.110144138336182,0.25358378887176514,-0.29283270239830017
589.469970703125,0.37318751215934753,0.041368961334228516,-0.050881385803222656,3.732975959777832,0.3264923095703125,-0.5205780863761902
549.9180297851562,0.24082550406455994,-0.013614408671855927,0.08672571182250977,1.7564564943313599,-0.023584723472595215,0.6282493472099304
157.1699981689453,0.450817734003067,-0.04076346009969711,0.04019355773925781,4.184816837310791,-0.29713404178619385,0.36364075541496277
393.4020080566406,0.32888612151145935,0.03824300318956375,-0.052089691162109375,3.609337329864502,0.3319910764694214,-0.5677396059036255
477.0379943847656,0.28657859563827515,0.024133220314979553,-0.029270172119140625,3.589876651763916,0.24563777446746826,-0.34732329845428467
507.1820068359375,0.3751811385154724,0.018769651651382446,-0.035037994384765625,3.429743528366089,0.1301478147506714,-0.3354778587818146
202.3459930419922,0.27147430181503296,-0.01065276563167572,0.07410433888435364,1.7910271883010864,-0.005035877227783203,0.4811084568500519
345.95001220703125,0.37285757064819336,-0.03481091558933258,0.043234825134277344,3.7578916549682617,-0.26436376571655273,0.449912428855896
137.91799926757812,0.27400916814804077,0.03197937086224556,-0.06192779541015625,2.875859498977661,0.24935218691825867,-0.6640394330024719
537.3179931640625,0.2713559865951538,0.03960999846458435,-0.07725214958190918,2.652090549468994,0.292195200920105,-0.7758404612541199
664.7100219726562,0.32885318994522095,0.017549529671669006,-0.012289047241210938,4.577215671539307,0.20826101303100586,-0.18012042343616486
819.2979736328125,0.384509801864624,0.036310985684394836,-0.04276275634765625,3.879709243774414,0.2797805070877075,-0.4693277180194855
152.69000244140625,0.47227632999420166,-0.023929491639137268,0.030303955078125,4.360840797424316,-0.1759655475616455,0.3317394256591797
359.1180114746094,0.15134048461914062,-0.0001482069492340088,-0.0031118392944335938,2.1016125679016113,-0.012653768062591553,-0.06098499894142151
993.5700073242188,0.3773404359817505,0.043692417442798615,-0.055441856384277344,3.587980270385742,0.3238077461719513,-0.5363696813583374
589.5700073242188,0.37271901965141296,0.04063190519809723,-0.05282878875732422,3.7589027881622314,0.3187645673751831,-0.51946622133255
844.6259765625,0.6703794598579407,0.008973099291324615,0.0005731582641601562,4.603999614715576,0.046255648136138916,0.07923783361911774
579.4019775390625,0.3897237777709961,0.04348337650299072,-0.04196643829345703,4.074391841888428,0.3700683116912842,-0.41739749908447266
400.2699890136719,0.6129667162895203,0.0023780949413776398,-0.0010008811950683594,3.9498660564422607,0.017266184091567993,0.004174063913524151
538.7899780273438,0.28430336713790894,0.0233539417386055,-0.10765600204467773,1.9102650880813599,0.04645755887031555,-0.6506535410881042
925.2420043945312,0.2603721022605896,-0.02964119240641594,0.03712272644042969,3.6239209175109863,-0.34795671701431274,0.5182565450668335
173.24200439453125,0.32665982842445374,-0.027503229677677155,0.061570167541503906,2.73899245262146,-0.1470623016357422,0.5164009928703308
393.7460021972656,0.45327726006507874,0.0472378134727478,-0.06143379211425781,3.6795852184295654,0.27379047870635986,-0.47585949301719666
877.3380126953125,0.1546669453382492,-0.008430134505033493,0.039171695709228516,1.687178373336792,-0.06702953577041626,0.49795135855674744
292.6180114746094,0.22040414810180664,-0.004404880106449127,-0.0002624988555908203,4.596469879150391,-0.08555221557617188,-0.01969851553440094
330.10198974609375,0.4869813323020935,-0.025371432304382324,0.02368640899658203,4.667700290679932,-0.20539546012878418,0.2455890029668808
506.1419982910156,0.5218842625617981,0.01292353868484497,-0.013079643249511719,3.931558609008789,0.07277190685272217,-0.05450151860713959
275.6499938964844,0.17124076187610626,-0.0016457810997962952,0.008913516998291016,1.523078441619873,-0.017716705799102783,0.1022682636976242
655.8779907226562,0.5235105752944946,0.036734938621520996,-0.03612661361694336,4.011928081512451,0.18937945365905762,-0.2771998643875122
974.3939819335938,0.4980030655860901,0.012031376361846924,-0.03946089744567871,4.2082600593566895,0.07710480690002441,-0.38872548937797546
154.4219970703125,0.4094482958316803,-0.0367249958217144,0.046881675720214844,3.9401822090148926,-0.2710365653038025,0.4337996542453766
975.3140258789062,0.32531142234802246,0.032968103885650635,-0.07555150985717773,2.7762789726257324,0.1827068328857422,-0.6531897783279419
387.1820068359375,0.27529966831207275,-0.0014282837510108948,0.0034952163696289062,4.601933479309082,-0.03459787368774414,0.06404071301221848
760.7420043945312,0.47048819065093994,0.04345747083425522,-0.06432914733886719,3.6186492443084717,0.22828519344329834,-0.5573906898498535
362.7860107421875,0.33529508113861084,0.026336828246712685,-0.0722188949584961,2.4722495079040527,0.11293327063322067,-0.5257840156555176
902.4660034179688,0.30653414130210876,0.031897276639938354,-0.054625511169433594,3.2394938468933105,0.245039701461792,-0.5466352701187134
533.5139770507812,0.4082450866699219,0.034019529819488525,-0.05765354633331299,3.332760810852051,0.17425701022148132,-0.4702780544757843
309.30999755859375,0.4691402316093445,-0.028606191277503967,0.023530960083007812,4.517878532409668,-0.21869897842407227,0.28582584857940674
837.6539916992188,0.8288934230804443,0.023028641939163208,-0.020694732666015625,4.7097344398498535,0.08822059631347656,-0.07558386027812958
181.9219970703125,0.2235015630722046,-0.012474849820137024,0.04531097412109375,2.1861660480499268,-0.07489490509033203,0.44010981917381287
154.79400634765625,0.4298548996448517,-0.03737331181764603,0.03838825225830078,4.000328063964844,-0.2742663621902466,0.3534151315689087
686.010009765625,0.4237760007381439,0.03302201256155968,-0.058799028396606445,3.4594335556030273,0.17174756526947021,-0.5004094243049622
333.74200439453125,0.591154158115387,-0.012600645422935486,0.0023822784423828125,4.757946014404297,-0.08148109912872314,0.00197785091586411
753.989990234375,0.5209639072418213,0.008625641465187073,-0.018869876861572266,4.666142463684082,0.057499051094055176,-0.21262921392917633
794.0859985351562,0.33722057938575745,-0.03231021761894226,0.06576251983642578,3.1763720512390137,-0.20597155392169952,0.6322370767593384
782.3099975585938,0.4709751605987549,0.016027450561523438,-0.01772308349609375,4.387202739715576,0.10656797885894775,-0.1399489790201187
278.32598876953125,0.256971538066864,-0.01201842725276947,0.045043110847473145,2.309236526489258,-0.05025523900985718,0.40958529710769653
109.30999755859375,0.4802432060241699,0.0371948778629303,-0.0743246078491211,3.2597594261169434,0.13194632530212402,-0.46597421169281006
890.85400390625,0.3937613368034363,0.03593321144580841,-0.05002403259277344,3.654994010925293,0.23643994331359863,-0.48694148659706116
661.333984375,0.38659361004829407,0.03538136929273605,-0.032921433448791504,4.063267707824707,0.3044319748878479,-0.29901111125946045
730.5659790039062,0.47535383701324463,0.003600180149078369,6.580352783203125e-05,4.738673210144043,0.034050703048706055,0.021857894957065582
161.85400390625,0.3426637649536133,-0.01562950760126114,0.013155937194824219,4.514791488647461,-0.1795409917831421,0.16076958179473877
854.4140014648438,0.4402308464050293,-0.035666219890117645,0.028690814971923828,4.223216533660889,-0.27967095375061035,0.25383657217025757
67.51000213623047,0.36829739809036255,0.013273335993289948,-0.024472296237945557,3.000110149383545,0.06533050537109375,-0.2113954871892929
279.5740051269531,0.4019637107849121,-0.022317899391055107,0.05400264263153076,3.0086476802825928,-0.09177570790052414,0.37602564692497253
578.3820190429688,0.40771663188934326,0.049983199685811996,-0.055266380310058594,3.936811685562134,0.37950217723846436,-0.5102928280830383
954.5419921875,0.35564351081848145,-0.023492202162742615,0.030851364135742188,4.406698703765869,-0.2543545961380005,0.40188780426979065
676.0460205078125,0.375240683555603,-0.029874641448259354,0.029982566833496094,3.7856757640838623,-0.24456000328063965,0.2839655578136444
116.5739974975586,0.6977391242980957,0.02683025598526001,-0.02146625518798828,4.562125205993652,0.14176368713378906,-0.10911204665899277
357.77801513671875,0.37881696224212646,-0.0018174052238464355,0.00133514404296875,2.8908743858337402,-0.00904536247253418,-0.014339745976030827
623.2100219726562,0.5745178461074829,-0.036101728677749634,0.023073315620422363,4.466362953186035,-0.21898916363716125,0.17971156537532806
549.114013671875,0.17652246356010437,-0.011605311185121536,0.053961992263793945,1.762627124786377,-0.07018673419952393,0.5646882057189941
996.8820190429688,0.35656896233558655,0.01992081105709076,-0.010644912719726562,4.459591388702393,0.22321918606758118,-0.11190198361873627
736.3499755859375,0.39236533641815186,0.040364183485507965,-0.05942527949810028,3.5468485355377197,0.2565128207206726,-0.5536967515945435
212.71800231933594,0.3613516688346863,-0.029876500368118286,0.06990432739257812,2.8719358444213867,-0.12950119376182556,0.5697842836380005
139.5540008544922,0.32844361662864685,0.02863096445798874,-0.056903839111328125,3.094947338104248,0.1840267777442932,-0.5077642798423767
679.8820190429688,0.6232013702392578,-0.042480990290641785,0.028532028198242188,4.370298385620117,-0.21782463788986206,0.18920721113681793
871.1539916992188,0.4831525683403015,-0.034359514713287354,0.03133225440979004,4.337076187133789,-0.2318331003189087,0.28873515129089355
392.7380065917969,0.34788772463798523,0.03494348004460335,-0.04896259307861328,3.6308212280273438,0.2788628339767456,-0.4745786190032959
769.8820190429688,0.6484881639480591,0.0030941665172576904,-4.76837158203125e-05,4.772531032562256,0.023848414421081543,0.02515983209013939
65.85399627685547,0.24846641719341278,0.003543485887348652,-0.014761127531528473,2.0616908073425293,0.017942696809768677,-0.13939747214317322
232.68600463867188,0.25646907091140747,0.013471268117427826,-0.007532835006713867,4.591372966766357,0.22073489427566528,-0.13985708355903625
777.2139892578125,0.38015857338905334,0.030285272747278214,-0.047084808349609375,3.7238619327545166,0.24139931797981262,-0.4860442578792572
981.6420288085938,0.6180850267410278,0.02655382826924324,-0.02573537826538086,4.553834915161133,0.14122211933135986,-0.1998489946126938
999.197998046875,0.4861047565937042,0.009391490370035172,-0.0034017562866210938,4.192093372344971,0.06104081869125366,-0.030005473643541336
952.0499877929688,0.5126559734344482,-0.010238423943519592,-0.0033969879150390625,4.735945701599121,-0.0756843090057373,-0.025193501263856888
807.9860229492188,0.4455452561378479,-0.010898798704147339,0.009046077728271484,3.9997973442077637,-0.08298873901367188,0.06670209765434265
425.8500061035156,0.24013815820217133,-0.017403878271579742,0.025371789932250977,3.97072434425354,-0.2636178731918335,0.46833160519599915
410.5379943847656,0.6503927111625671,0.032507866621017456,-0.011830329895019531,4.632594585418701,0.18878334760665894,-0.06955505162477493
144.68600463867188,0.471610963344574,-0.010175570845603943,0.0050506591796875,4.71715784072876,-0.08849310874938965,0.02987658977508545
850.6259765625,0.5966628789901733,-0.051404088735580444,0.06409645080566406,4.089167594909668,-0.2318103313446045,0.3918663263320923
877.030029296875,0.2712603509426117,-0.012079685926437378,0.058122873306274414,1.7655478715896606,-0.03443610668182373,0.4075080454349518
543.4340209960938,0.16832348704338074,-0.005925779230892658,0.032132625579833984,1.637320637702942,-0.03888322040438652,0.32021430134773254
772.6099853515625,0.3289811313152313,0.028721913695335388,-0.02426433563232422,4.321868896484375,0.3305703401565552,-0.3314136564731598
288.8219909667969,0.46139830350875854,-0.021533817052841187,0.012740373611450195,4.61477518081665,-0.17403602600097656,0.1530722975730896
967.3460083007812,0.32694679498672485,-0.02907845377922058,0.026616573333740234,4.106045722961426,-0.3024933338165283,0.34511205554008484
157.78599548339844,0.4885162115097046,-0.03763383626937866,0.030050277709960938,4.3707661628723145,-0.263353556394577,0.2670985758304596
750.2780151367188,0.3450859785079956,0.026301439851522446,-0.015630722045898438,4.320146560668945,0.29383519291877747,-0.18469703197479248
942.4180297851562,0.6501586437225342,0.017619185149669647,-0.013950347900390625,4.647733211517334,0.09841978549957275,-0.1143779382109642
252.0500030517578,0.5086737871170044,0.004482701420783997,0.00012059509754180908,4.722630023956299,0.03373163938522339,-0.01296999491751194
721.6900024414062,0.2877511978149414,-0.017042770981788635,0.012083649635314941,4.508294105529785,-0.24385762214660645,0.1875045895576477
816.9459838867188,0.41746512055397034,0.0434439554810524,-0.06864213943481445,3.1272695064544678,0.21162697672843933,-0.5760368704795837
72.88999938964844,0.3915635943412781,0.0015300661325454712,-0.0011278986930847168,4.451737403869629,0.02257370948791504,0.0022043536882847548
391.51800537109375,0.5323696732521057,0.03823170065879822,-0.04836463928222656,3.820732593536377,0.1743311882019043,-0.3385477364063263
657.5020141601562,0.4461803138256073,0.01928292028605938,-0.01494908332824707,4.460229873657227,0.16150671243667603,-0.13014861941337585
751.97802734375,0.4523144066333771,0.017104849219322205,-0.013461589813232422,4.730306625366211,0.1500990390777588,-0.1313766986131668
547.14599609375,0.18969765305519104,-0.011356770992279053,0.06284046173095703,1.892890214920044,-0.0628984123468399,0.6151264905929565
726.8820190429688,0.5644542574882507,-0.02350914478302002,0.016927719116210938,4.560175895690918,-0.14811158180236816,0.14149639010429382
202.68600463867188,0.23136888444423676,-0.010045699775218964,0.0668710470199585,1.76143479347229,-0.020792841911315918,0.4921717941761017
159.54200744628906,0.5464337468147278,-0.055585235357284546,0.05934333801269531,4.056828498840332,-0.29557156562805176,0.37827396392822266
156.8179931640625,0.4509163796901703,-0.043084755539894104,0.04595756530761719,4.0381646156311035,-0.2920241355895996,0.3849605917930603
107.08599853515625,0.49097803235054016,0.04569146782159805,-0.07350730895996094,3.8205413818359375,0.2376638650894165,-0.6438533067703247
849.5460205078125,0.3962258994579315,-0.04075626656413078,0.04253196716308594,3.9685020446777344,-0.3276577293872833,0.43203112483024597
77.71800231933594,0.5203842520713806,0.040466662496328354,-0.042428016662597656,3.9684507846832275,0.22087618708610535,-0.3052828311920166
682.3380126953125,0.5526272654533386,0.028963349759578705,-0.023554325103759766,4.4531049728393555,0.1693858504295349,-0.1833038330078125
788.6259765625,0.26033416390419006,-0.010021720081567764,0.06633663177490234,1.7549375295639038,-0.015561103820800781,0.4447678327560425
950.4660034179688,0.4751293659210205,-0.017534062266349792,0.010994911193847656,4.759862899780273,-0.16021084785461426,0.03652340918779373
481.9739990234375,0.4400542080402374,0.005131460726261139,-0.0012454986572265625,4.4043426513671875,0.05145001411437988,-0.020627351477742195
293.5379943847656,0.6548988819122314,-0.0041843801736831665,-0.0016918182373046875,4.583313465118408,-0.023981928825378418,0.009480427019298077
468.01800537109375,0.5993006825447083,-0.029201745986938477,0.024918556213378906,4.431344985961914,-0.16526490449905396,0.17140188813209534
359.4700012207031,0.20853479206562042,-7.66366720199585e-05,-0.007984161376953125,2.0865073204040527,-0.010738968849182129,-0.07153677195310593
512.718017578125,0.4556277096271515,0.013735860586166382,-0.0054836273193359375,4.569598197937012,0.11967849731445312,-0.06324812024831772
726.2979736328125,0.4754126965999603,-0.028050094842910767,0.015855073928833008,4.586828231811523,-0.22605085372924805,0.11905364692211151
628.8099975585938,0.5059633255004883,-0.010878030210733414,0.02823770046234131,3.7803456783294678,-0.05131816864013672,0.22445635497570038
843.010009765625,0.620343029499054,0.014327632263302803,-0.010489463806152344,4.727224349975586,0.0950326919555664,-0.10904260724782944
438.04998779296875,0.3034907579421997,-0.005123138427734375,0.016266822814941406,2.6738243103027344,-0.036804795265197754,0.17931367456912994
509.07000732421875,0.5009461641311646,0.034814994782209396,-0.04744291305541992,3.420246124267578,0.15113455057144165,-0.3470488488674164
379.27801513671875,0.4852794408798218,-0.04867997765541077,0.057303428649902344,3.7704591751098633,-0.276111364364624,0.4592779576778412
768.2860107421875,0.4184558093547821,0.0021661072969436646,-0.003040313720703125,4.749878883361816,0.029528677463531494,-0.013526245951652527
495.5780029296875,0.384566068649292,0.00387650728225708,-8.20159912109375e-05,4.564586639404297,0.03699612617492676,-0.0034610675647854805
643.9500122070312,0.5928140878677368,-0.0462590754032135,0.05617952346801758,4.145915508270264,-0.20942020416259766,0.35370275378227234
673.2659912109375,0.5701563358306885,-0.03467556834220886,0.04945993423461914,4.06153678894043,-0.159917950630188,0.3567163646221161
171.66200256347656,0.5613051056861877,-0.016053423285484314,0.03831768035888672,4.2967143058776855,-0.08831644058227539,0.3563249707221985
913.4819946289062,0.40140530467033386,0.035098716616630554,-0.042980194091796875,3.9060051441192627,0.2608102560043335,-0.4121968150138855
861.0540161132812,0.36462390422821045,-0.033961668610572815,0.03627967834472656,3.94254994392395,-0.30131077766418457,0.41838616132736206
572.9500122070312,0.4196714162826538,0.0398307740688324,-0.039103031158447266,4.21556282043457,0.3237454891204834,-0.4168449640274048
161.6540069580078,0.4922490119934082,-0.025061920285224915,0.012095451354980469,4.533665657043457,-0.19032204151153564,0.11465848982334137
335.75799560546875,0.484637588262558,-0.0032358020544052124,-0.0030469894409179688,4.82417106628418,-0.033577919006347656,-0.055200014263391495
660.1019897460938,0.5279607176780701,0.04510688781738281,-0.08019626140594482,3.348402976989746,0.16380345821380615,-0.4511070251464844
130.74200439453125,0.4761829972267151,0.03713548183441162,-0.029767990112304688,4.272045135498047,0.2750014066696167,-0.24310274422168732
828.8619995117188,0.8320422768592834,0.05249479413032532,-0.04442787170410156,4.418522834777832,0.16285192966461182,-0.264314204454422
373.0260009765625,0.40542978048324585,0.02021808922290802,-0.012688636779785156,4.624508857727051,0.20447683334350586,-0.13418027758598328
115.22200012207031,0.429699182510376,0.0290328711271286,-0.025511741638183594,4.307376384735107,0.24184739589691162,-0.2806272506713867
465.7820129394531,0.33055543899536133,-0.029477208852767944,0.04238128662109375,3.489502429962158,-0.2466263771057129,0.42485737800598145
935.2100219726562,0.29138872027397156,-0.014188423752784729,0.043059349060058594,2.595254421234131,-0.07864618301391602,0.3886965811252594
321.2019958496094,0.5210503339767456,-0.004720732569694519,0.016539573669433594,4.6396894454956055,-0.02516341209411621,0.13494941592216492
518.030029296875,0.5228908061981201,0.018936634063720703,-0.026579856872558594,4.387747287750244,0.12198984622955322,-0.20211243629455566
405.1260070800781,0.4375772774219513,0.022271864116191864,-0.016953468322753906,4.244284629821777,0.166190505027771,-0.15624569356441498
764.4660034179688,0.44301703572273254,0.015527848154306412,-0.013795852661132812,4.438310146331787,0.12452869862318039,-0.13933125138282776
623.9459838867188,0.5963977575302124,-0.029981136322021484,0.014574289321899414,4.505386829376221,-0.18547606468200684,0.09539109468460083
871.3419799804688,0.2797858417034149,-0.020659059286117554,0.014838218688964844,4.390416145324707,-0.2977040410041809,0.2082066386938095
66.31800079345703,0.18046532571315765,0.005117358639836311,-0.01281730830669403,2.3882617950439453,0.04992376267910004,-0.16643932461738586
639.2059936523438,0.3458670973777771,-0.02205181121826172,0.03286886215209961,3.332653284072876,-0.16467967629432678,0.332120805978775
295.5299987792969,0.5242627859115601,0.001873016357421875,-0.0015332698822021484,4.55485200881958,0.008131027221679688,0.012531916610896587
320.5379943847656,0.6969223022460938,-0.008073121309280396,0.001918792724609375,4.696727752685547,-0.026290178298950195,0.017920266836881638
617.8060302734375,0.419811874628067,-0.03421209752559662,0.03146345540881157,4.067873954772949,-0.26040127873420715,0.30747535824775696
375.75799560546875,0.35596880316734314,-0.03501589596271515,0.04780101776123047,3.2581913471221924,-0.24858570098876953,0.45320212841033936
890.177978515625,0.340732216835022,0.03396262601017952,-0.046536922454833984,3.4023125171661377,0.26414787769317627,-0.43217962980270386
563.6300048828125,0.3625582754611969,0.03567954897880554,-0.11147737503051758,2.5019829273223877,0.11226195096969604,-0.7494524121284485
152.1820068359375,0.4648997187614441,-0.025265544652938843,0.019306182861328125,4.490488052368164,-0.19585633277893066,0.16404126584529877
126.55400085449219,0.530310869216919,0.018877431750297546,-0.008028984069824219,4.571702003479004,0.12630105018615723,-0.10507669299840927
117.98600006103516,0.4778479337692261,0.03901495039463043,-0.03252696990966797,4.457381725311279,0.28497761487960815,-0.30027928948402405
71.38600158691406,0.6545495390892029,0.01411360502243042,-0.003380417823791504,4.097997665405273,0.07013726234436035,-0.02221669815480709
436.45001220703125,0.47075915336608887,-0.01827588677406311,0.02085256576538086,3.454477310180664,-0.09381473064422607,0.14275534451007843
719.9459838867188,0.5989904403686523,-0.02317783236503601,0.009939491748809814,4.686880588531494,-0.1478276252746582,0.09056612849235535
858.8820190429688,0.6242315769195557,-0.006901353597640991,-0.0009431838989257812,4.741304397583008,-0.041890621185302734,-0.03140747547149658
508.5820007324219,0.41884705424308777,0.03381902724504471,-0.05501985549926758,3.2257556915283203,0.1592346429824829,-0.39039546251296997
181.14999389648438,0.2557657063007355,-0.010524015873670578,0.0617828369140625,1.8875685930252075,-0.025165438652038574,0.46788597106933594
604.2940063476562,0.49248504638671875,-0.02372920513153076,0.02665090560913086,4.548771858215332,-0.1699584722518921,0.24473950266838074
721.9580078125,0.6345165967941284,-0.028664380311965942,0.034200072288513184,4.55313777923584,-0.14246010780334473,0.24672003090381622
85.69400024414062,0.5132319331169128,0.041326358914375305,-0.05919027328491211,3.6604039669036865,0.2124549150466919,-0.4300779402256012
760.2940063476562,0.41652148962020874,0.032363973557949066,-0.04564332962036133,3.947967052459717,0.23878468573093414,-0.39763930439949036
613.9459838867188,0.38025254011154175,-0.04924178123474121,0.0995934009552002,2.7909069061279297,-0.2064812183380127,0.6888885498046875
602.2860107421875,0.3972761929035187,-0.03391121327877045,0.0331263542175293,4.16926908493042,-0.28700196743011475,0.35726407170295715
452.3420104980469,0.4285925030708313,-0.005501553416252136,0.002239227294921875,4.4547929763793945,-0.046257197856903076,0.010531934909522533
864.9580078125,0.6484225392341614,-0.019481301307678223,0.013317584991455078,4.540946960449219,-0.1003715991973877,0.10695408284664154
346.0780029296875,0.48485395312309265,-0.04143102467060089,0.055873870849609375,3.8225178718566895,-0.21378374099731445,0.4173658788204193
253.1580047607422,0.5219211578369141,0.0038470327854156494,-0.00286690890789032,4.651431560516357,0.03138744831085205,-0.017054377123713493
852.197998046875,0.5998355150222778,-0.03740087151527405,0.04013538360595703,4.409040451049805,-0.1917334794998169,0.27459317445755005
511.85400390625,0.42393195629119873,0.019073039293289185,-0.010619640350341797,4.416217803955078,0.16912376880645752,-0.12298402935266495
520.27001953125,0.45173659920692444,0.0050489529967308044,-0.0035114288330078125,4.549865245819092,0.044776201248168945,-0.026157982647418976
394.7699890136719,0.47199058532714844,0.04008415341377258,-0.04197216033935547,4.104913234710693,0.26655399799346924,-0.3548881411552429
714.2059936523438,0.4638941287994385,-0.038050368428230286,0.027311503887176514,4.461536407470703,-0.3055706024169922,0.2449471801519394
269.5740051269531,0.26546069979667664,0.012422586791217327,-0.0733332633972168,1.806329369544983,0.01426851749420166,-0.5399926900863647
588.218017578125,0.4678468406200409,0.04110904783010483,-0.05518627166748047,4.0274128913879395,0.2681136131286621,-0.4628058075904846
990.510009765625,0.4853401184082031,0.028948858380317688,-0.02972126007080078,4.512188911437988,0.21123743057250977,-0.3260931670665741
318.3380126953125,0.4663331210613251,-0.011725455522537231,0.004415988922119141,4.663364410400391,-0.09658575057983398,0.048291467130184174
811.4819946289062,0.5646868348121643,0.0353374183177948,-0.03257942199707031,4.1490278244018555,0.19170856475830078,-0.2586783766746521
155.97799682617188,0.5214118957519531,-0.053944364190101624,0.06111907958984375,3.8256173133850098,-0.27985286712646484,0.436367392539978
644.6259765625,0.6438047885894775,-0.04045024514198303,0.03557395935058594,4.36828088760376,-0.19314217567443848,0.22016023099422455
940.5380249023438,0.5711703300476074,-0.011062733829021454,0.0028896331787109375,4.46091890335083,-0.08017712831497192,0.011810528114438057
67.84200286865234,0.4560735821723938,0.01735737919807434,-0.029167860746383667,3.0841562747955322,0.07399892807006836,-0.18976040184497833
253.50999450683594,0.48143893480300903,0.00414179265499115,0.0006860345602035522,4.627589225769043,0.042095303535461426,0.0001257714902749285
129.14999389648438,0.362591028213501,0.03857751190662384,-0.050057411193847656,3.6084346771240234,0.29458752274513245,-0.505172848701477
