615.9819946289062,0.0,0.0,0.0,-0.551559329032898,-0.16882863640785217,-0.0020896405912935734,2.893885850906372,0.7356232404708862
862.6740112304688,0.0,0.0,0.0,3.3977863788604736,-0.2809678912162781,-0.005427564028650522,0.0,0.0
324.00201416015625,0.0,0.0,0.0,2.5954842567443848,-1.2673832178115845,0.29627203941345215,3.8956363201141357,0.2948203384876251
463.7659912109375,0.0,0.0,0.0,2.0949530601501465,-0.796398401260376,0.36733272671699524,2.91178035736084,0.3884141445159912
139.93800354003906,0.0,0.0,0.0,2.3985276222229004,-0.7132631540298462,0.2636508047580719,2.682331085205078,0.20758196711540222
872.3099975585938,0.0,0.0,0.0,2.491132974624634,-1.3136107921600342,0.37053272128105164,4.0709638595581055,0.3445143401622772
402.07000732421875,0.0,0.0,0.0,-0.04008752107620239,0.02614690735936165,-0.017862118780612946,1.9000649452209473,-0.38484644889831543
788.9500122070312,0.0,0.0,0.0,2.0869901180267334,-0.8023703694343567,0.33731648325920105,2.8474366664886475,0.3615909814834595
851.3099975585938,0.0,0.0,0.0,-0.014636743813753128,-0.023621896281838417,0.0004582999972626567,0.0,0.0
175.7100067138672,0.0,0.0,0.0,1.4247198104858398,1.3233258724212646,-0.8845628499984741,2.6293699741363525,-0.833767831325531
651.9219970703125,0.0,0.0,0.0,3.3505265712738037,0.9709914326667786,0.252810001373291,3.238229990005493,0.1558293253183365
369.4179992675781,0.0,0.0,0.0,2.11306095123291,-1.6553568840026855,0.5622364282608032,2.1357998847961426,0.41021957993507385
334.6820068359375,0.0,0.0,0.0,3.878726005554199,-1.3787903785705566,0.12324950098991394,3.7201547622680664,0.03505086898803711
521.2620239257812,0.0,0.0,0.0,2.1798672676086426,0.808360755443573,-0.3575308322906494,2.597991943359375,-0.329229474067688
242.11000061035156,0.0,0.0,0.0,4.091436862945557,-0.6854091882705688,0.029081832617521286,4.73783540725708,0.005455842241644859
702.4819946289062,0.0,0.0,0.0,3.536466121673584,1.1360961198806763,-0.12788735330104828,4.429396629333496,-0.09542293846607208
206.08999633789062,0.0,0.0,0.0,-1.2948088645935059,-0.07968194037675858,0.6121697425842285,2.7249696254730225,-0.637342631816864
74.05400085449219,0.0,0.0,0.0,2.6946334838867188,0.40280115604400635,-0.07810669392347336,2.225114345550537,-0.007741844747215509
839.2659912109375,0.0,0.0,0.0,1.2667118310928345,-0.03462374955415726,0.15694983303546906,3.2075648307800293,-0.5468118786811829
491.8500061035156,0.0,0.0,0.0,-0.17350052297115326,0.07783926278352737,0.07371529936790466,2.0201070308685303,-0.5769197344779968
435.6499938964844,0.0,0.0,0.0,0.9825705289840698,1.7929444313049316,-0.8519490957260132,3.503692388534546,0.3470369279384613
197.2220001220703,0.0,0.0,0.0,2.0801846981048584,0.10658552497625351,-0.025859300047159195,2.9876296520233154,-0.03830718249082565
95.12200164794922,0.0,0.0,0.0,1.4743173122406006,-0.5818498730659485,0.38331979513168335,2.055341958999634,0.5118421912193298
839.0780029296875,0.0,0.0,0.0,1.0622105598449707,-0.011834252625703812,0.1378551572561264,2.9506261348724365,-0.47673264145851135
689.197998046875,0.0,0.0,0.0,-1.159507155418396,-0.08614586293697357,0.40320560336112976,4.3697123527526855,-0.3726045489311218
801.4299926757812,0.0,0.0,0.0,3.9250476360321045,-1.9087004661560059,0.1399034708738327,4.875543594360352,0.12022452801465988
101.77400207519531,0.0,0.0,0.0,3.479149103164673,-0.8914210200309753,0.09674818068742752,4.264405727386475,0.09512622654438019
323.4100036621094,0.0,0.0,0.0,2.3485677242279053,-1.2148878574371338,0.33888015151023865,3.403557777404785,0.35328349471092224
918.4019775390625,0.0,0.0,0.0,4.153024196624756,-1.3866405487060547,0.38084447383880615,4.407971382141113,0.3016597628593445
706.0020141601562,0.0,0.0,0.0,4.112180233001709,1.2486737966537476,-0.09778477251529694,4.832573413848877,-0.044970400631427765
288.5780029296875,0.0,0.0,0.0,2.568934917449951,-2.6198441982269287,0.5686241388320923,3.6796767711639404,0.31604307889938354
604.0859985351562,0.0,0.0,0.0,3.243788719177246,2.880563259124756,-0.3249514698982239,4.710521697998047,-0.2648807168006897
865.8699951171875,0.0,0.0,0.0,1.2107341289520264,-0.13451078534126282,-0.02808801643550396,0.0,0.0
226.5500030517578,0.0,0.0,0.0,3.6291093826293945,-1.370313048362732,0.07107473164796829,3.829301357269287,0.08173534274101257
927.2780151367188,0.0,0.0,0.0,-0.1672411859035492,0.07868731021881104,-0.024404769763350487,4.686677932739258,-0.11298210918903351
527.3179931640625,0.0,0.0,0.0,0.9733690619468689,1.7639001607894897,-0.840635359287262,4.219127178192139,-0.05255568400025368
124.11799621582031,0.0,0.0,0.0,1.37008535861969,0.8421337604522705,-0.5424473881721497,1.9220142364501953,-0.5078554749488831
665.5180053710938,0.0,0.0,0.0,1.6569551229476929,0.04696115478873253,0.041936684399843216,2.5024633407592773,0.05724603310227394
399.2019958496094,0.0,0.0,0.0,-0.9881672859191895,-1.6024160385131836,1.5230367183685303,2.411900281906128,-0.7699679732322693
584.6580200195312,0.0,0.0,0.0,-1.0099235773086548,-0.059383660554885864,0.5644909143447876,3.622981309890747,-0.42383694648742676
371.6820068359375,0.0,0.0,0.0,1.1211663484573364,-1.318779706954956,0.5650269389152527,1.734947919845581,0.530558168888092
717.8779907226562,0.0,0.0,0.0,4.079862117767334,-1.1464554071426392,0.003429418196901679,4.5012311935424805,-0.0633363276720047
503.1499938964844,0.0,0.0,0.0,3.9555697441101074,0.10793668031692505,-0.012362988665699959,4.545413017272949,-0.10306741297245026
653.9420166015625,0.0,0.0,0.0,2.6176071166992188,-0.10080268234014511,0.05647940933704376,2.163422107696533,0.015104030258953571
857.0339965820312,0.0,0.0,0.0,3.3970017433166504,-0.65547114610672,0.0849965512752533,4.074307918548584,0.06424817442893982
951.0380249023438,0.0,0.0,0.0,2.446964979171753,-0.060106731951236725,-0.003146557370200753,4.432435512542725,-0.31350669264793396
549.3460083007812,0.0,0.0,0.0,3.60799241065979,1.9159456491470337,-0.1693188101053238,4.628040313720703,-0.21781809628009796
373.9219970703125,0.0,0.0,0.0,1.738143801689148,-0.8497715592384338,0.2641146183013916,2.8625404834747314,0.15445725619792938
502.70599365234375,0.0,0.0,0.0,3.819308042526245,0.10935276746749878,0.039601776748895645,4.238121032714844,0.005257058423012495
206.19000244140625,0.0,0.0,0.0,-1.243422031402588,-0.0020558475516736507,0.5317178964614868,2.756364107131958,-0.6581773161888123
569.8820190429688,0.0,0.0,0.0,2.7759158611297607,-0.1767752468585968,0.3375377953052521,4.198536396026611,0.5988137125968933
621.0859985351562,0.0,0.0,0.0,1.4025412797927856,-2.373842716217041,0.8389123678207397,4.539173603057861,0.3460363745689392
473.1659851074219,0.0,0.0,0.0,4.094424724578857,1.3721041679382324,-0.13116885721683502,4.162005424499512,-0.057998962700366974
272.3380126953125,0.0,0.0,0.0,2.54052996635437,-0.831081748008728,0.06773283332586288,0.0,0.0
894.9140014648438,0.0,0.0,0.0,2.164445400238037,-0.10377244651317596,0.036360759288072586,4.425357341766357,-0.20629918575286865
77.18599700927734,0.0,0.0,0.0,1.4818775653839111,0.5428868532180786,-0.44382891058921814,1.6965771913528442,-0.4235997200012207
71.38600158691406,0.0,0.0,0.0,2.9618465900421143,-1.3851416110992432,-0.05802234634757042,3.6191275119781494,-0.2462068349123001
850.9340209960938,0.0,0.0,0.0,-0.03566178306937218,-0.02680155262351036,-0.0011731447884812951,0.0,0.0
474.57000732421875,0.0,0.0,0.0,3.05295467376709,2.0899510383605957,-0.5578992366790771,3.228476047515869,-0.5251196622848511
340.6419982910156,0.0,0.0,0.0,1.16275954246521,-1.4674524068832397,0.6464323997497559,2.70698618888855,0.42345115542411804
895.8499755859375,0.0,0.0,0.0,3.0854408740997314,0.04497411847114563,-0.13503478467464447,4.539445400238037,-0.2318025529384613
110.75399780273438,0.0,0.0,0.0,-0.1475832462310791,0.10081306844949722,0.02959742397069931,2.876776933670044,-0.5986713171005249
753.9580078125,0.0,0.0,0.0,0.4609902501106262,0.051361653953790665,-0.07694316655397415,3.112183094024658,0.4721253514289856
696.0419921875,0.0,0.0,0.0,2.7923855781555176,1.1653029918670654,-0.2220601737499237,2.634509563446045,-0.14890581369400024
313.1860046386719,0.0,0.0,0.0,2.5498180389404297,-2.0494191646575928,0.3576046824455261,4.428596019744873,0.005583141930401325
666.5339965820312,0.0,0.0,0.0,2.3366124629974365,-0.05938554182648659,0.07613653689622879,2.5526256561279297,0.06760140508413315
263.2980041503906,0.0,0.0,0.0,2.938716173171997,-1.0843538045883179,0.32464757561683655,3.7273199558258057,0.18296363949775696
626.4140014648438,0.0,0.0,0.0,1.0612640380859375,0.01969592459499836,0.01446708757430315,1.6185091733932495,-0.19600388407707214
695.0780029296875,0.0,0.0,0.0,2.9679999351501465,0.9825642704963684,-0.32760900259017944,3.3235886096954346,-0.26039162278175354
86.62200164794922,0.0,0.0,0.0,-1.0905179977416992,1.8602005243301392,-1.302448034286499,2.974990129470825,-0.5200471878051758
487.8940124511719,0.0,0.0,0.0,1.3462178707122803,-1.8377186059951782,0.7910032868385315,3.6111209392547607,0.4451289772987366
239.75,0.0,0.0,0.0,3.6661343574523926,-0.9282762408256531,0.07650461792945862,4.244746685028076,-0.00710116233676672
209.91000366210938,0.0,0.0,0.0,1.1808505058288574,0.005575255025178194,-0.14178460836410522,1.3994824886322021,-0.13583041727542877
548.8099975585938,0.0,0.0,0.0,3.4919681549072266,1.917575716972351,-0.24148915708065033,4.682419300079346,-0.16351306438446045
465.4700012207031,0.0,0.0,0.0,2.7492191791534424,-1.1998897790908813,0.2939150929450989,4.006371021270752,0.2550569772720337
903.8660278320312,0.0,0.0,0.0,3.175839900970459,0.26512739062309265,-0.010045284405350685,2.2801878452301025,-0.07649193704128265
103.98600006103516,0.0,0.0,0.0,3.7955727577209473,-0.8771494030952454,0.2810496985912323,3.019209146499634,0.39024680852890015
441.34600830078125,0.0,0.0,0.0,1.5035805702209473,-0.9297983050346375,0.6667317152023315,1.9220705032348633,0.5178040266036987
386.1619873046875,0.0,0.0,0.0,0.8107200860977173,1.9692243337631226,-0.7379711270332336,2.5611679553985596,-0.4835200011730194
324.22198486328125,0.0,0.0,0.0,2.6918575763702393,-1.299719214439392,0.30231818556785583,3.873300790786743,0.39497196674346924
236.1060028076172,0.0,0.0,0.0,3.03680682182312,-1.1833925247192383,0.2413497269153595,4.273860931396484,0.1797950565814972
925.6060180664062,0.0,0.0,0.0,-1.0678508281707764,0.34881073236465454,-0.019762100651860237,3.756317377090454,-0.23685422539710999
495.1499938964844,0.0,0.0,0.0,1.8271501064300537,1.1700260639190674,-0.6534717679023743,2.5677990913391113,-0.5530619025230408
595.5139770507812,0.0,0.0,0.0,3.5872554779052734,1.313980221748352,-0.15530279278755188,4.279070854187012,-0.12486907094717026
771.9180297851562,0.0,0.0,0.0,-1.0531145334243774,-0.25975555181503296,0.7484299540519714,3.6329421997070312,-0.3106967806816101
888.6099853515625,0.0,0.0,0.0,-2.2650628089904785,-0.11430427432060242,0.8570176959037781,4.049250602722168,-0.3703491687774658
206.8179931640625,0.0,0.0,0.0,-0.9002986550331116,0.1258278787136078,0.2163059115409851,2.5364952087402344,-0.8012892007827759
156.81399536132812,0.0,0.0,0.0,1.357343077659607,0.19538438320159912,-0.695219099521637,1.9827674627304077,-0.9092792272567749
187.0500030517578,0.0,0.0,0.0,-0.36136767268180847,0.09514140337705612,0.02156144566833973,2.968616485595703,-0.8705329298973083
399.3340148925781,0.0,0.0,0.0,-1.200091004371643,-1.2764185667037964,1.483739972114563,2.1491904258728027,-0.6932482123374939
738.22998046875,0.0,0.0,0.0,3.5502803325653076,-0.533015787601471,0.022384747862815857,4.195981025695801,0.00513806939125061
657.2459716796875,0.0,0.0,0.0,1.5819071531295776,0.6715243458747864,-0.38457441329956055,1.8271578550338745,-0.3483242690563202
819.2620239257812,0.0,0.0,0.0,2.266443967819214,2.050860643386841,-0.38750210404396057,4.327796459197998,-0.11511220782995224
666.97802734375,0.0,0.0,0.0,2.4483642578125,-0.09405884891748428,0.06998790800571442,2.5764524936676025,0.056853197515010834
913.8060302734375,0.0,0.0,0.0,4.177580833435059,1.2973352670669556,-0.05635451152920723,4.828312873840332,-0.09492529183626175
863.1060180664062,0.0,0.0,0.0,3.1138386726379395,-0.27386632561683655,0.009423110634088516,0.0,0.0
891.9739990234375,0.0,0.0,0.0,-0.3976967930793762,0.0929592102766037,-0.01148038450628519,3.5351223945617676,-0.4973021447658539
456.95001220703125,0.0,0.0,0.0,1.9123859405517578,-1.6282426118850708,0.21460065245628357,2.2155439853668213,0.15065187215805054
683.3099975585938,0.0,0.0,0.0,2.2765145301818848,-3.1726157665252686,0.38361164927482605,4.212235927581787,0.17811644077301025
599.614013671875,0.0,0.0,0.0,4.334999084472656,1.0360164642333984,-0.21846911311149597,4.682849407196045,-0.25209346413612366
586.0819702148438,0.0,0.0,0.0,-0.23699599504470825,0.035478558391332626,0.04336385056376457,3.1690478324890137,-0.838850200176239
656.1380004882812,0.0,0.0,0.0,1.5347920656204224,0.5979650616645813,-0.38771113753318787,1.8560477495193481,-0.38788023591041565
788.010009765625,0.0,0.0,0.0,1.785464882850647,-0.5545694828033447,0.3134140372276306,2.3239758014678955,0.35325103998184204
217.97000122070312,0.0,0.0,0.0,1.9515694379806519,-0.3983280658721924,0.05579749494791031,2.18179988861084,0.055596042424440384
428.3819885253906,0.0,0.0,0.0,-1.523598551750183,-0.5468188524246216,0.9637698531150818,3.4818661212921143,-0.8928894996643066
820.3740234375,0.0,0.0,0.0,2.3635706901550293,2.0638253688812256,-0.3037980794906616,4.28463888168335,-0.014373596757650375
112.55000305175781,0.0,0.0,0.0,1.5335978269577026,0.1439582258462906,-0.38653242588043213,2.2789604663848877,-0.6155077219009399
794.281982421875,0.0,0.0,0.0,4.13034200668335,-0.3043922781944275,0.011688112281262875,4.618234634399414,0.07471990585327148
497.41400146484375,0.0,0.0,0.0,1.3745577335357666,0.7103164196014404,-0.2086535543203354,1.5965989828109741,-0.21562151610851288
424.9779968261719,0.0,0.0,0.0,1.817563533782959,-2.7164199352264404,0.3812065124511719,4.305252552032471,0.04193415120244026
326.5379943847656,0.0,0.0,0.0,3.306511163711548,-1.6797709465026855,0.22083589434623718,4.3611226081848145,0.15581114590168
427.72601318359375,0.0,0.0,0.0,-0.7258195877075195,-2.0670599937438965,1.2787824869155884,3.8885321617126465,-0.6901484727859497
580.3660278320312,0.0,0.0,0.0,3.8919496536254883,-0.1533777415752411,0.3320881426334381,2.6022255420684814,0.477376788854599
192.24600219726562,0.0,0.0,0.0,1.0000356435775757,2.338132619857788,-0.8937328457832336,4.258646011352539,-0.32723891735076904
733.677978515625,0.0,0.0,0.0,2.452665090560913,-1.2481689453125,0.2864662706851959,2.74306583404541,0.21794889867305756
703.52197265625,0.0,0.0,0.0,3.805881977081299,1.2034860849380493,-0.15647701919078827,4.590177059173584,-0.19201473891735077
241.8179931640625,0.0,0.0,0.0,4.037698268890381,-0.7338056564331055,0.02762187458574772,4.284614086151123,0.006114531308412552
883.4739990234375,0.0,0.0,0.0,4.322872638702393,-1.1916767358779907,0.0923435315489769,4.668365478515625,0.043457992374897
414.34600830078125,0.0,0.0,0.0,3.3266799449920654,-1.0773133039474487,0.14746901392936707,4.198945999145508,0.05303226783871651
573.8099975585938,0.0,0.0,0.0,3.1375389099121094,-2.2841529846191406,0.20777931809425354,4.924311637878418,-0.19131696224212646
113.71800231933594,0.0,0.0,0.0,1.8430734872817993,0.8951941132545471,-0.5551239848136902,2.3908002376556396,-0.6760382056236267
620.510009765625,0.0,0.0,0.0,1.9407219886779785,-2.0037612915039062,0.7746832370758057,3.9498825073242188,0.5244641304016113
608.0339965820312,0.0,0.0,0.0,3.026090621948242,2.7144317626953125,-0.37591084837913513,3.744163751602173,-0.37909144163131714
681.5419921875,0.0,0.0,0.0,3.1214895248413086,-2.6852214336395264,0.35152143239974976,4.26333475112915,0.2915969789028168
892.9619750976562,0.0,0.0,0.0,0.22627319395542145,0.020443348214030266,0.0052283029071986675,3.9424431324005127,-0.245843306183815
504.65399169921875,0.0,0.0,0.0,3.988440990447998,1.1305104494094849,-0.31269946694374084,4.627192497253418,-0.3150193393230438
585.25,0.0,0.0,0.0,-0.6983286142349243,0.08110953122377396,0.1678079515695572,3.1350250244140625,-0.5860207080841064
774.093994140625,0.0,0.0,0.0,0.3324618935585022,0.042217087000608444,0.10452152788639069,3.133007526397705,-0.7073107957839966
161.43800354003906,0.0,0.0,0.0,-0.3981710970401764,0.03379132226109505,-0.27412331104278564,3.9145498275756836,0.42821553349494934
306.36199951171875,0.0,0.0,0.0,2.037478446960449,-1.2717385292053223,0.32042554020881653,2.748274564743042,0.22703596949577332
436.9100036621094,0.0,0.0,0.0,-0.47111716866493225,1.1091029644012451,-1.5756875276565552,2.3061490058898926,0.6612235307693481
596.8179931640625,0.0,0.0,0.0,3.8707733154296875,1.097428560256958,-0.04065149277448654,4.690337181091309,0.08723952621221542
182.95399475097656,0.0,0.0,0.0,1.929674744606018,-1.398560643196106,0.9084125757217407,3.128854751586914,0.9059103727340698
841.7459716796875,0.0,0.0,0.0,3.2492849826812744,0.5543953776359558,-0.15050719678401947,4.558278560638428,-0.07665103673934937
702.6060180664062,0.0,0.0,0.0,3.583081007003784,1.1230984926223755,-0.09230317920446396,4.529018402099609,-0.16201907396316528
390.4460144042969,0.0,0.0,0.0,0.7552635073661804,0.0005784322856925428,-0.13773266971111298,3.8351855278015137,0.6381310820579529
199.04600524902344,0.0,0.0,0.0,3.1748600006103516,0.2926746904850006,-0.03130706027150154,4.022849082946777,-0.036984242498874664
184.25,0.0,0.0,0.0,0.6555216908454895,-2.126620292663574,1.095934271812439,4.174912452697754,0.36338624358177185
528.8499755859375,0.0,0.0,0.0,-0.6343849897384644,0.7172238826751709,-1.3617005348205566,3.7476816177368164,0.663520097732544
422.2179870605469,0.0,0.0,0.0,2.452371120452881,-2.5371241569519043,0.37848442792892456,3.5447394847869873,0.3064858317375183
208.80999755859375,0.0,0.0,0.0,0.3112592399120331,-0.013278057798743248,0.06722570210695267,2.1843442916870117,-0.42855215072631836
250.6540069580078,0.0,0.0,0.0,2.585928440093994,-1.9355218410491943,0.24894745647907257,2.916276216506958,0.09794715791940689
827.2100219726562,0.0,0.0,0.0,3.731079339981079,0.04785507544875145,0.3337875008583069,4.1336989402771,0.2581709623336792
167.19000244140625,0.0,0.0,0.0,2.0277554988861084,-2.62298846244812,0.5907732248306274,4.533664703369141,0.15100446343421936
358.114013671875,0.0,0.0,0.0,3.30474591255188,-1.2487818002700806,0.1269976943731308,4.382754802703857,0.06661330908536911
97.21800231933594,0.0,0.0,0.0,1.9181458950042725,-0.8322904109954834,0.39360511302948,2.566004753112793,0.37131693959236145
947.7059936523438,0.0,0.0,0.0,-0.4229123592376709,-0.05293293297290802,-0.026826469227671623,3.7171616554260254,-0.17177100479602814
214.46200561523438,0.0,0.0,0.0,2.40604829788208,-0.7980914115905762,0.19554243981838226,2.6586389541625977,0.18232764303684235
487.4700012207031,0.0,0.0,0.0,1.5637305974960327,-1.6362416744232178,0.7627626061439514,3.577862501144409,0.6478244662284851
449.3580017089844,0.0,0.0,0.0,4.467144966125488,-0.6803701519966125,0.0392925925552845,4.67419958114624,0.011966790072619915
383.1940002441406,0.0,0.0,0.0,3.0486834049224854,0.29946938157081604,-0.6894018650054932,2.0771429538726807,-0.5286253690719604
218.29400634765625,0.0,0.0,0.0,1.9936937093734741,-0.3741658329963684,0.07568546384572983,2.3414812088012695,0.05170163884758949
589.4140014648438,0.0,0.0,0.0,2.8833913803100586,0.49082106351852417,-0.2663874626159668,4.200424671173096,-0.3821260631084442
409.0740051269531,0.0,0.0,0.0,2.8232901096343994,-1.26884126663208,0.04143337160348892,2.6687896251678467,-0.13122166693210602
521.4180297851562,0.0,0.0,0.0,2.1808066368103027,0.850938081741333,-0.34728673100471497,2.372299909591675,-0.2792048454284668
672.6859741210938,0.0,0.0,0.0,3.55267071723938,0.7196663022041321,-0.06321461498737335,4.228430271148682,-0.009168833494186401
519.14599609375,0.0,0.0,0.0,2.4596736431121826,0.7759016752243042,-0.17665895819664001,2.4537100791931152,-0.11141569912433624
247.5500030517578,0.0,0.0,0.0,4.299224853515625,-0.6130078434944153,-0.12641195952892303,4.3816938400268555,-0.08768803626298904
285.510009765625,0.0,0.0,0.0,4.480584621429443,0.35679617524147034,-1.0061507964564953e-06,4.1922526359558105,0.10748385637998581
755.8419799804688,0.0,0.0,0.0,2.300682783126831,-0.25827983021736145,0.4774187505245209,3.3004672527313232,0.790450930595398
381.34600830078125,0.0,0.0,0.0,3.2027440071105957,-1.3951300382614136,0.22000065445899963,4.24412727355957,0.10635297745466232
812.822021484375,0.0,0.0,0.0,2.975095748901367,0.7163382172584534,-0.010899579152464867,2.405750274658203,-0.050181735306978226
459.84600830078125,0.0,0.0,0.0,1.7307918071746826,-0.46919912099838257,0.08200784772634506,1.8853247165679932,0.052912387996912
717.0419921875,0.0,0.0,0.0,4.021077632904053,-1.498321771621704,0.03524404764175415,4.399230003356934,0.03991328179836273
68.87799835205078,0.0,0.0,0.0,2.345569133758545,-1.8961174488067627,0.4330219328403473,4.127358436584473,0.23000699281692505
400.3219909667969,0.0,0.0,0.0,-1.0939931869506836,0.11055879294872284,0.38107383251190186,1.9106760025024414,-0.6714314222335815
726.93798828125,0.0,0.0,0.0,-0.3240509033203125,1.7573912143707275,-1.2302120923995972,2.547015428543091,-0.08267128467559814
922.197998046875,0.0,0.0,0.0,-0.2062431424856186,-3.3721413612365723,1.109055995941162,3.944127082824707,0.41437235474586487
562.2020263671875,0.0,0.0,0.0,0.7045577764511108,2.71500825881958,-0.5399766564369202,2.1498072147369385,-0.05380687862634659
771.6740112304688,0.0,0.0,0.0,-1.0911786556243896,-0.5884170532226562,1.0869559049606323,3.7436773777008057,-0.2708595097064972
142.7100067138672,0.0,0.0,0.0,2.405707359313965,-0.6469745635986328,0.09393986314535141,2.412611484527588,0.04502665251493454
215.47799682617188,0.0,0.0,0.0,2.366753578186035,-0.746916651725769,0.11227383464574814,2.36572003364563,0.08086375892162323
470.0780029296875,0.0,0.0,0.0,4.31535005569458,-0.5193033814430237,-0.049418509006500244,4.931158065795898,-0.1863415241241455
953.7780151367188,0.0,0.0,0.0,3.767967939376831,1.353344440460205,-0.2854948341846466,4.024895668029785,-0.4102349877357483
230.3260040283203,0.0,0.0,0.0,2.558936357498169,-0.6156494617462158,0.03907039761543274,2.153186082839966,0.05372238904237747
540.3460083007812,0.0,0.0,0.0,2.257237672805786,-0.02740134485065937,0.015781868249177933,2.302668571472168,-0.07981879264116287
166.14599609375,0.0,0.0,0.0,2.593550205230713,-1.9753572940826416,0.5799145698547363,4.469738960266113,0.45855382084846497
165.8179931640625,0.0,0.0,0.0,2.6940717697143555,-1.7084614038467407,0.584883451461792,4.352808952331543,0.49683964252471924
283.91400146484375,0.0,0.0,0.0,4.266345977783203,0.0394679419696331,-0.09961555898189545,4.5085248947143555,-0.029467599466443062
213.75,0.0,0.0,0.0,2.3418385982513428,-0.6898140907287598,0.24005454778671265,2.7582688331604004,0.24507412314414978
731.3980102539062,0.0,0.0,0.0,1.8498822450637817,0.02675047144293785,0.1126796156167984,3.121425151824951,0.6921696066856384
202.58200073242188,0.0,0.0,0.0,2.2680418491363525,-1.9957867860794067,0.7613028883934021,3.3426249027252197,0.5453972816467285
519.3460083007812,0.0,0.0,0.0,2.417649030685425,0.7538602352142334,-0.16141903400421143,2.2884416580200195,-0.07060825079679489
836.969970703125,0.0,0.0,0.0,-0.5184347629547119,0.13144028186798096,-5.5799273468437605e-06,2.871082067489624,-0.4866391122341156
754.3619995117188,0.0,0.0,0.0,0.8543192744255066,0.07610799372196198,-0.11008583009243011,2.8513405323028564,0.5762158632278442
268.12200927734375,0.0,0.0,0.0,3.4553744792938232,0.17234057188034058,0.3245479464530945,3.6118967533111572,0.25461989641189575
385.70599365234375,0.0,0.0,0.0,1.0609086751937866,1.9599628448486328,-0.7406536936759949,2.0647685527801514,-0.5154616832733154
109.37799835205078,0.0,0.0,0.0,-0.9275889992713928,0.20383921265602112,0.14532993733882904,3.521918535232544,-0.19952762126922607
926.1859741210938,0.0,0.0,0.0,-0.7742632031440735,0.22543099522590637,-0.018341172486543655,4.525758266448975,-0.16818565130233765
64.55799865722656,0.0,0.0,0.0,2.4767537117004395,2.4059181213378906,-0.29185783863067627,3.6276824474334717,-0.04296359047293663
371.9339904785156,0.0,0.0,0.0,1.0954991579055786,-1.270592451095581,0.5678234696388245,1.5560327768325806,0.46789559721946716
416.5140075683594,0.0,0.0,0.0,3.9819140434265137,-0.7124251127243042,0.05826219543814659,4.770697116851807,-0.037562306970357895
317.58599853515625,0.0,0.0,0.0,2.9193596839904785,-1.9003880023956299,-0.2929877042770386,3.7563512325286865,-0.5155245661735535
655.3660278320312,0.0,0.0,0.0,1.7939304113388062,0.35909974575042725,-0.4178643524646759,1.606034755706787,-0.3179076015949249
945.333984375,0.0,0.0,0.0,-1.5912679433822632,-0.4007599353790283,-0.2530288100242615,2.8405497074127197,0.581968367099762
554.9459838867188,0.0,0.0,0.0,2.4587600231170654,2.6739163398742676,-0.3350125253200531,3.963031530380249,-0.29376110434532166
207.1820068359375,0.0,0.0,0.0,-0.7019683122634888,0.1063789427280426,0.08233242481946945,2.3026926517486572,-0.8365477919578552
276.77801513671875,0.0,0.0,0.0,1.9709477424621582,-0.6520872712135315,0.4149276912212372,2.8269948959350586,0.43947336077690125
404.8420104980469,0.0,0.0,0.0,1.6433850526809692,-0.4117160737514496,0.3371376097202301,1.9796615839004517,0.40782126784324646
375.885986328125,0.0,0.0,0.0,2.0088396072387695,-0.8775193691253662,0.4722135066986084,2.1701302528381348,0.41255468130111694
116.41400146484375,0.0,0.0,0.0,0.797616720199585,1.533563256263733,-0.8715339303016663,1.9887582063674927,-0.6267131567001343
622.4019775390625,0.0,0.0,0.0,-0.9147171378135681,-1.682957649230957,1.4789717197418213,4.342214107513428,-0.24714146554470062
560.0180053710938,0.0,0.0,0.0,1.8120840787887573,2.7537951469421387,-0.5244221687316895,3.111346483230591,-0.49151554703712463
176.86199951171875,0.0,0.0,0.0,0.7777831554412842,1.7665691375732422,-1.0260084867477417,3.8723304271698,-0.6474167108535767
308.8420104980469,0.0,0.0,0.0,1.9914458990097046,-0.9617812633514404,0.4805881679058075,2.2160115242004395,0.41100090742111206
478.5740051269531,0.0,0.0,0.0,1.244032382965088,2.386587142944336,-0.43596914410591125,3.0824198722839355,-0.21959899365901947
425.6820068359375,0.0,0.0,0.0,1.5916067361831665,-2.69346284866333,0.4605802297592163,4.401295185089111,-0.048192098736763
810.8740234375,0.0,0.0,0.0,3.479519844055176,1.486545205116272,-0.10787695646286011,3.5893967151641846,0.030720943585038185
634.6619873046875,0.0,0.0,0.0,1.7214627265930176,0.3086855411529541,-0.30217283964157104,2.246037244796753,-0.34128522872924805
305.302001953125,0.0,0.0,0.0,1.8643313646316528,-1.317358136177063,0.48211389780044556,2.7638509273529053,0.38389256596565247
291.9859924316406,0.0,0.0,0.0,1.5783501863479614,-2.274888038635254,0.08683399856090546,1.8927741050720215,0.048478614538908005
80.88600158691406,0.0,0.0,0.0,2.3575496673583984,1.139026403427124,-0.43194615840911865,3.4253084659576416,-0.6133612394332886
95.697998046875,0.0,0.0,0.0,1.6015833616256714,-0.6631046533584595,0.42627647519111633,2.17360258102417,0.4381406009197235
305.06201171875,0.0,0.0,0.0,1.8376693725585938,-1.2964873313903809,0.4814990758895874,2.848398208618164,0.414750337600708
489.3340148925781,0.0,0.0,0.0,-0.4334409832954407,-1.5436174869537354,1.5696663856506348,2.2845683097839355,-0.41786903142929077
321.9179992675781,0.0,0.0,0.0,1.8487101793289185,-1.0430643558502197,0.39655184745788574,2.7289469242095947,0.44374412298202515
244.4499969482422,0.0,0.0,0.0,3.6637632846832275,-1.8572291135787964,0.3463710844516754,4.0500168800354,0.30946627259254456
140.14199829101562,0.0,0.0,0.0,2.419250249862671,-0.7478086352348328,0.23693327605724335,2.7637407779693604,0.19534049928188324
635.218017578125,0.0,0.0,0.0,1.9230210781097412,0.5255432724952698,-0.36431387066841125,2.4117507934570312,-0.3707588016986847
831.3980102539062,0.0,0.0,0.0,1.61037015914917,-3.0487842559814453,0.5350100994110107,3.972201108932495,-0.3305283188819885
474.6619873046875,0.0,0.0,0.0,2.948377847671509,2.1766128540039062,-0.5931531190872192,3.1588902473449707,-0.531928300857544
938.8419799804688,0.0,0.0,0.0,3.9711966514587402,0.9913641810417175,-0.04485326260328293,4.724798679351807,-0.04322832077741623
449.25,0.0,0.0,0.0,4.451329231262207,-0.676041841506958,0.05367223545908928,4.9094319343566895,-0.040890708565711975
115.48999786376953,0.0,0.0,0.0,1.1619099378585815,1.5463330745697021,-0.7077231407165527,2.596391439437866,-0.6591750979423523
237.8260040283203,0.0,0.0,0.0,3.3855013847351074,-1.016398310661316,0.08563871681690216,3.661620855331421,0.03601425513625145
641.4180297851562,0.0,0.0,0.0,4.042453765869141,0.8478236198425293,-0.013947797007858753,4.7298712730407715,0.002658173441886902
168.05799865722656,0.0,0.0,0.0,1.232940912246704,-2.8600993156433105,0.6922462582588196,4.7130126953125,-0.10873444378376007
105.98600006103516,0.0,0.0,0.0,1.3716343641281128,-2.5722291469573975,0.6207541227340698,2.9267830848693848,0.37018918991088867
247.6540069580078,0.0,0.0,0.0,4.302265167236328,-0.5521081686019897,-0.12371103465557098,4.389942646026611,-0.05413035675883293
930.64599609375,0.0,0.0,0.0,3.0832085609436035,0.075902558863163,-0.06694395840167999,4.647673606872559,-0.15497823059558868
267.1659851074219,0.0,0.0,0.0,3.5830116271972656,0.7765752077102661,-0.10648425668478012,3.3995444774627686,0.034242138266563416
310.4540100097656,0.0,0.0,0.0,1.9820263385772705,-1.2012919187545776,0.49373722076416016,2.96386456489563,0.48637908697128296
327.7099914550781,0.0,0.0,0.0,3.7643511295318604,-1.247310757637024,-0.0581071600317955,4.2364912033081055,-0.23597165942192078
284.72601318359375,0.0,0.0,0.0,4.390252590179443,0.2832053601741791,-0.07109157741069794,4.5181193351745605,0.051645275205373764
209.01800537109375,0.0,0.0,0.0,0.5271195769309998,-0.034491147845983505,0.10064414888620377,1.749893069267273,-0.27999675273895264
245.25399780273438,0.0,0.0,0.0,3.6047415733337402,-2.072204828262329,0.19136953353881836,4.393339157104492,0.010481596924364567
854.2979736328125,0.0,0.0,0.0,1.7835887670516968,-0.07840277999639511,0.10960958898067474,2.560702085494995,0.11010097712278366
163.8820037841797,0.0,0.0,0.0,1.968012809753418,0.0469842366874218,0.042889319360256195,3.608969211578369,0.7606644034385681
544.6300048828125,0.0,0.0,0.0,2.8082542419433594,1.1829084157943726,-0.3233148753643036,3.571563243865967,-0.35202649235725403
568.47802734375,0.0,0.0,0.0,1.3305388689041138,0.03483579680323601,-0.13764110207557678,4.229174613952637,0.5318235754966736
342.114013671875,0.0,0.0,0.0,0.5818382501602173,-1.5447962284088135,1.0454046726226807,4.058148384094238,-0.13631907105445862
571.0780029296875,0.0,0.0,0.0,3.135809898376465,-1.364749550819397,0.4628136456012726,4.315826416015625,0.4931575655937195
333.06201171875,0.0,0.0,0.0,4.133036136627197,-0.9991550445556641,0.2605386972427368,4.553254127502441,0.1679888367652893
780.7100219726562,0.0,0.0,0.0,-1.3600270748138428,-0.10694699734449387,-0.4968024790287018,2.484391212463379,0.10711854696273804
302.3819885253906,0.0,0.0,0.0,2.1922643184661865,0.2910805344581604,0.33271434903144836,2.4805550575256348,0.37418562173843384
751.3740234375,0.0,0.0,0.0,-1.0750230550765991,0.3881031572818756,0.04412923380732536,3.976145029067993,-0.22174838185310364
489.5140075683594,0.0,0.0,0.0,-0.7268602252006531,-1.2529221773147583,1.6633281707763672,2.1893246173858643,-0.4690217077732086
570.2940063476562,0.0,0.0,0.0,3.012268304824829,-0.5961801409721375,0.4411138892173767,4.086612701416016,0.46575164794921875
616.72998046875,0.0,0.0,0.0,-0.07433195412158966,-0.10257762670516968,-0.01049482636153698,3.3676068782806396,0.8827770948410034
313.5580139160156,0.0,0.0,0.0,2.6070361137390137,-2.1344573497772217,0.314907044172287,4.658568382263184,-0.102922223508358
350.3139953613281,0.0,0.0,0.0,-0.5079830288887024,0.06427520513534546,-0.5452392101287842,1.9487842321395874,0.37432369589805603
209.3179931640625,0.0,0.0,0.0,0.8555342555046082,-0.052215948700904846,-0.0024541490711271763,1.453481912612915,-0.1319180279970169
79.2979965209961,0.0,0.0,0.0,1.7312195301055908,0.8083779215812683,-0.496635764837265,2.3824188709259033,-0.4089851677417755
650.3980102539062,0.0,0.0,0.0,2.5450432300567627,2.877593994140625,-0.11733639985322952,3.6856188774108887,0.18384823203086853
488.0140075683594,0.0,0.0,0.0,1.2653696537017822,-1.8820395469665527,0.8054560422897339,3.509145736694336,0.3142693340778351
179.71400451660156,0.0,0.0,0.0,-0.05524400621652603,-0.029314130544662476,-0.06014237925410271,3.496767282485962,0.7350724935531616
835.677978515625,0.0,0.0,0.0,-1.1487489938735962,0.3407021760940552,0.10302618891000748,2.924635410308838,-0.5337356328964233
518.8259887695312,0.0,0.0,0.0,2.5016748905181885,0.7866835594177246,-0.20746153593063354,2.630164384841919,-0.15906000137329102
266.6820068359375,0.0,0.0,0.0,3.64261794090271,0.6759018898010254,-0.2040068507194519,3.7270870208740234,-0.14167006313800812
881.0339965820312,0.0,0.0,0.0,4.2103095054626465,-1.2765377759933472,0.07442428171634674,4.544155120849609,0.06740870326757431
694.3779907226562,0.0,0.0,0.0,2.9288458824157715,0.5206089019775391,-0.37912997603416443,3.567232131958008,-0.36233413219451904
946.6420288085938,0.0,0.0,0.0,-0.9302747845649719,-0.2022155225276947,-0.02045316994190216,3.8651514053344727,0.3246603012084961
942.0380249023438,0.0,0.0,0.0,1.7718437910079956,3.051673173904419,-0.6556214690208435,3.9236514568328857,-0.09764192253351212
220.2100067138672,0.0,0.0,0.0,2.804044246673584,-0.5140280723571777,0.09927932173013687,3.6997363567352295,0.13129045069217682
630.822021484375,0.0,0.0,0.0,-0.005139351822435856,0.000493783678393811,-0.0013004775391891599,0.0,0.0
201.6739959716797,0.0,0.0,0.0,3.2470579147338867,-0.8489255309104919,0.6811267137527466,2.8782994747161865,0.6502342820167542
578.8820190429688,0.0,0.0,0.0,4.146766662597656,0.2923446595668793,0.006401078775525093,4.400187015533447,0.023105042055249214
232.3820037841797,0.0,0.0,0.0,1.9245469570159912,-0.3974272310733795,0.28892630338668823,2.203126907348633,0.2778182625770569
253.1540069580078,0.0,0.0,0.0,2.594882011413574,0.6437017917633057,-0.4917820990085602,3.0538952350616455,-0.41739729046821594
680.8419799804688,0.0,0.0,0.0,3.468518018722534,-2.44389009475708,0.39716213941574097,4.664042949676514,0.3661991357803345
824.4099731445312,0.0,0.0,0.0,2.5140786170959473,2.514136552810669,-0.29595983028411865,4.186490058898926,-0.0394100584089756
952.27001953125,0.0,0.0,0.0,3.428135395050049,0.5177583694458008,-0.3204346001148224,4.470932483673096,-0.3139970302581787
651.677978515625,0.0,0.0,0.0,3.2822659015655518,1.298675298690796,0.2915569841861725,3.335411310195923,0.21109026670455933
916.3099975585938,0.0,0.0,0.0,4.508185386657715,0.9147107601165771,-0.03522581234574318,4.768496513366699,0.037454754114151
309.406005859375,0.0,0.0,0.0,1.8505806922912598,-1.0641571283340454,0.5112013220787048,2.4697320461273193,0.4768277406692505
554.2979736328125,0.0,0.0,0.0,2.5535097122192383,2.703065872192383,-0.26048892736434937,4.149062156677246,-0.2724202275276184
841.2260131835938,0.0,0.0,0.0,3.020430326461792,0.4210013747215271,-0.17582866549491882,3.9563887119293213,-0.08247464895248413
554.197998046875,0.0,0.0,0.0,2.569540500640869,2.7162036895751953,-0.32583698630332947,3.817051410675049,-0.29121625423431396
546.9140014648438,0.0,0.0,0.0,3.164698362350464,1.7084540128707886,-0.3014708459377289,4.221441268920898,-0.28376391530036926
73.84200286865234,0.0,0.0,0.0,2.798039674758911,0.4005309045314789,-0.09791077673435211,2.324326992034912,-0.03114503249526024
206.5500030517578,0.0,0.0,0.0,-1.0453215837478638,0.12775686383247375,0.30805832147598267,2.3449392318725586,-0.6882348656654358
820.2459716796875,0.0,0.0,0.0,2.348998546600342,2.050914764404297,-0.33733752369880676,4.427213191986084,-0.0664198100566864
290.7860107421875,0.0,0.0,0.0,1.4764293432235718,-2.9690263271331787,0.3272901177406311,2.5063822269439697,0.041306272149086
804.3060302734375,0.0,0.0,0.0,3.8637123107910156,-2.114997625350952,0.23791667819023132,4.718684673309326,0.18455836176872253
328.2539978027344,0.0,0.0,0.0,3.9458343982696533,-0.682928740978241,-0.22891117632389069,4.638625144958496,-0.27157026529312134
597.177978515625,0.0,0.0,0.0,3.9931678771972656,0.9899938702583313,0.013620102778077126,4.823647975921631,0.0020164025481790304
481.0979919433594,0.0,0.0,0.0,0.5259410738945007,1.7907770872116089,-0.8557792901992798,3.3864729404449463,0.020859122276306152
474.36199951171875,0.0,0.0,0.0,3.2976033687591553,1.916837215423584,-0.5476147532463074,2.913423538208008,-0.48334944248199463
812.3380126953125,0.0,0.0,0.0,3.1593964099884033,0.8652908802032471,-0.030663246288895607,2.8283700942993164,0.024267246946692467
571.2780151367188,0.0,0.0,0.0,3.141146183013916,-1.5232844352722168,0.44920939207077026,4.344242095947266,0.38508141040802
335.4020080566406,0.0,0.0,0.0,3.756953477859497,-1.2385808229446411,0.07064724713563919,3.3618342876434326,-0.020602399483323097
281.7900085449219,0.0,0.0,0.0,3.714144468307495,-0.9669848084449768,-0.04656840115785599,4.42724084854126,-0.1270437240600586
436.70599365234375,0.0,0.0,0.0,-0.22103193402290344,1.3720121383666992,-1.5673173666000366,2.4444127082824707,0.7251284122467041
632.8099975585938,0.0,0.0,0.0,0.11584518849849701,0.006855310872197151,-0.037897370755672455,0.8811987638473511,-0.03975072503089905
434.8340148925781,0.0,0.0,0.0,1.4691617488861084,1.6238679885864258,-0.7511576414108276,3.431731700897217,-0.2266939878463745
320.1700134277344,0.0,0.0,0.0,2.181285858154297,-0.3456660211086273,0.5142728686332703,1.8280024528503418,0.36666741967201233
270.2139892578125,0.0,0.0,0.0,3.03595232963562,-1.2312802076339722,0.21723942458629608,3.499786615371704,0.1260042041540146
253.0500030517578,0.0,0.0,0.0,2.605839729309082,0.5428325533866882,-0.5285245180130005,2.940166711807251,-0.47471004724502563
192.91799926757812,0.0,0.0,0.0,0.03353786841034889,2.1697804927825928,-0.0017296168953180313,0.0,0.0
799.3460083007812,0.0,0.0,0.0,3.8603553771972656,-1.9778506755828857,0.17809002101421356,4.703384876251221,0.239018514752388
688.3820190429688,0.0,0.0,0.0,-1.1738178730010986,-1.2549586296081543,1.1899876594543457,4.644618988037109,-0.07365729659795761
713.4420166015625,0.0,0.0,0.0,4.128061771392822,-0.38562625646591187,0.48295703530311584,3.9660491943359375,0.3642486333847046
484.7300109863281,0.0,0.0,0.0,0.949903130531311,0.06679526716470718,-0.07154826074838638,2.4016716480255127,0.8993338942527771
711.0419921875,0.0,0.0,0.0,3.9361841678619385,1.831752061843872,-0.26152318716049194,4.724026679992676,-0.18738986551761627
154.7100067138672,0.0,0.0,0.0,-0.4001249372959137,0.08353787660598755,0.02615281380712986,2.2964026927948,-1.0356742143630981
931.8980102539062,0.0,0.0,0.0,3.845913887023926,0.47133561968803406,-0.11909931153059006,4.655394554138184,-0.09943296015262604
440.8659973144531,0.0,0.0,0.0,1.6242873668670654,-0.6974072456359863,0.6717501282691956,1.8516075611114502,0.638961672782898
220.30999755859375,0.0,0.0,0.0,2.848069429397583,-0.5069791674613953,0.14672109484672546,3.5543041229248047,0.09066155552864075
391.72198486328125,0.0,0.0,0.0,2.115020751953125,0.06552445143461227,0.13771802186965942,3.5572519302368164,0.7772340178489685
653.4979858398438,0.0,0.0,0.0,2.8875744342803955,-0.06299979984760284,0.09918354451656342,2.2344703674316406,0.05862702801823616
490.08599853515625,0.0,0.0,0.0,-1.0265543460845947,-0.22298575937747955,0.9856213331222534,1.7611608505249023,-0.4120156466960907
382.6260070800781,0.0,0.0,0.0,3.3681817054748535,-0.7811110615730286,-0.3928839862346649,2.5026609897613525,-0.49149835109710693
581.7459716796875,0.0,0.0,0.0,1.9377326965332031,-1.8852239847183228,0.9517601132392883,2.053349018096924,0.596244752407074
532.5380249023438,0.0,0.0,0.0,1.6846407651901245,-0.8359533548355103,0.8836939930915833,2.4434192180633545,0.8732264637947083
793.2260131835938,0.0,0.0,0.0,3.8786232471466064,-0.6718235611915588,-0.040693361312150955,4.755008220672607,-0.07175872474908829
843.4739990234375,0.0,0.0,0.0,3.515944719314575,0.9583480358123779,-0.48578646779060364,2.8720529079437256,-0.6484531760215759
909.1699829101562,0.0,0.0,0.0,3.0386593341827393,1.7519439458847046,-0.23759600520133972,4.401586055755615,-0.08751898258924484
621.8779907226562,0.0,0.0,0.0,0.2255907654762268,-2.393772840499878,1.1194509267807007,4.2656989097595215,0.014554218389093876
834.1300048828125,0.0,0.0,0.0,-1.934297800064087,-0.4750020503997803,0.9687578678131104,2.879387378692627,-0.6133313179016113
126.7699966430664,0.0,0.0,0.0,1.8721911907196045,0.7481755614280701,-0.1577765941619873,2.9371626377105713,-0.05106088146567345
426.5820007324219,0.0,0.0,0.0,1.0044816732406616,-2.742924928665161,0.6185579299926758,4.465392589569092,-0.28762346506118774
245.82200622558594,0.0,0.0,0.0,3.7510390281677246,-1.8070447444915771,-0.019964709877967834,4.714543342590332,-0.02500278875231743
418.6499938964844,0.0,0.0,0.0,3.9713873863220215,-1.4784834384918213,0.3395788073539734,4.113059997558594,0.20618997514247894
111.48600006103516,0.0,0.0,0.0,0.4495275616645813,0.06427360326051712,0.07942727953195572,2.4909169673919678,-0.6026936173439026
239.49000549316406,0.0,0.0,0.0,3.620936632156372,-0.9491352438926697,0.12089712917804718,3.9796833992004395,0.013469899073243141
595.0139770507812,0.0,0.0,0.0,3.510552167892456,1.333121657371521,-0.15377019345760345,4.524170398712158,-0.07908535748720169
844.3099975585938,0.0,0.0,0.0,2.2914884090423584,2.1424431800842285,-0.9079493880271912,3.010786771774292,-0.6676421761512756
73.19400024414062,0.0,0.0,0.0,3.0020647048950195,0.19798865914344788,-0.18812106549739838,2.923278570175171,-0.08604133129119873
496.63800048828125,0.0,0.0,0.0,1.4268417358398438,1.0909682512283325,-0.1429378092288971,1.4973405599594116,-0.05705781653523445
393.5299987792969,0.0,0.0,0.0,2.7698137760162354,-1.5781559944152832,0.5380015969276428,3.8896286487579346,0.4577822983264923
477.3580017089844,0.0,0.0,0.0,1.4527746438980103,2.656357765197754,-0.3887433707714081,3.015676736831665,-0.3310008943080902
446.885986328125,0.0,0.0,0.0,4.034982681274414,-0.8155515789985657,0.025763152167201042,4.811611652374268,0.015516494400799274
385.34600830078125,0.0,0.0,0.0,1.2659767866134644,1.897434949874878,-0.7692481875419617,2.081909418106079,-0.659849226474762
372.5820007324219,0.0,0.0,0.0,1.0936505794525146,-1.1056733131408691,0.5360473394393921,1.6931644678115845,0.4118727147579193
786.030029296875,0.0,0.0,0.0,1.4015192985534668,-0.30850788950920105,0.1358402520418167,1.4505484104156494,0.10155115276575089
441.22198486328125,0.0,0.0,0.0,1.5186762809753418,-0.88825923204422,0.7004711627960205,1.9902112483978271,0.5260339975357056
920.4140014648438,0.0,0.0,0.0,3.3812570571899414,-2.315859794616699,0.6059387922286987,3.0586822032928467,0.6135227680206299
677.114013671875,0.0,0.0,0.0,4.403878688812256,-0.9356598258018494,0.19820384681224823,4.71961784362793,0.26804524660110474
540.0460205078125,0.0,0.0,0.0,2.199970245361328,-0.03798733651638031,0.0052783978171646595,2.439988613128662,0.037565529346466064
576.8820190429688,0.0,0.0,0.0,4.023667335510254,0.11082128435373306,-0.05841025710105896,4.302883148193359,-0.009038153104484081
670.8099975585938,0.0,0.0,0.0,2.9432308673858643,0.4644099175930023,-0.16949062049388885,3.5820631980895996,-0.16116417944431305
96.38999938964844,0.0,0.0,0.0,1.761096477508545,-0.7565959095954895,0.42815715074539185,2.351489543914795,0.37359997630119324
150.24600219726562,0.0,0.0,0.0,1.8759092092514038,-2.4120211601257324,0.5728921890258789,4.628427505493164,0.09104112535715103
757.8099975585938,0.0,0.0,0.0,3.1533350944519043,-0.8304879069328308,-0.04424702003598213,3.934946060180664,-0.06550812721252441
398.49798583984375,0.0,0.0,0.0,0.3403199017047882,-2.499828577041626,0.8880313038825989,2.8031773567199707,-0.6563202738761902
364.0660095214844,0.0,0.0,0.0,2.487720012664795,-2.415322780609131,0.6360760927200317,3.1070542335510254,0.24149879813194275
63.18600082397461,0.0,0.0,0.0,2.818532705307007,2.2137863636016846,-0.43307432532310486,3.8086795806884766,-0.36023640632629395
473.2659912109375,0.0,0.0,0.0,4.070383071899414,1.3695170879364014,-0.11325129121541977,4.32119607925415,-0.16654957830905914
118.28600311279297,0.0,0.0,0.0,-0.3047106862068176,0.553114116191864,-1.2410168647766113,1.8745951652526855,-0.5254921913146973
161.0540008544922,0.0,0.0,0.0,-0.6256473660469055,0.19670212268829346,-0.6809274554252625,4.251100540161133,0.1816297173500061
377.3340148925781,0.0,0.0,0.0,1.7064887285232544,-0.9534568190574646,0.36303582787513733,2.123204231262207,0.31662803888320923
189.77000427246094,0.0,0.0,0.0,1.951181411743164,0.38908135890960693,-0.6552073955535889,2.895742177963257,-0.8742944002151489
796.6740112304688,0.0,0.0,0.0,4.014455795288086,-1.462183952331543,0.3113703727722168,4.617648124694824,0.31894558668136597
773.7739868164062,0.0,0.0,0.0,0.06580384820699692,0.04618971794843674,0.00992539245635271,3.151761054992676,-0.7117786407470703
691.9180297851562,0.0,0.0,0.0,0.5988250970840454,0.004626571200788021,0.11835362762212753,3.9449923038482666,-0.6635217666625977
410.9419860839844,0.0,0.0,0.0,2.5447134971618652,-0.41003647446632385,0.15387310087680817,2.7988452911376953,0.23775124549865723
242.21800231933594,0.0,0.0,0.0,4.121436595916748,-0.6747047305107117,0.017455698922276497,4.412766456604004,0.0618407242000103
819.114013671875,0.0,0.0,0.0,2.2573530673980713,2.046909809112549,-0.3491872251033783,4.086313247680664,-0.09283901005983353
88.90599822998047,0.0,0.0,0.0,-0.841565728187561,-0.17787882685661316,-0.047125283628702164,2.3048324584960938,-0.22934669256210327
323.51800537109375,0.0,0.0,0.0,2.3914926052093506,-1.235640525817871,0.3273060619831085,3.6133673191070557,0.26826727390289307
611.43798828125,0.0,0.0,0.0,1.005658507347107,3.416135549545288,-0.5306116938591003,3.8408710956573486,0.12734270095825195
424.84600830078125,0.0,0.0,0.0,1.8508051633834839,-2.7325780391693115,0.37435758113861084,4.121251106262207,0.07319138199090958
677.010009765625,0.0,0.0,0.0,4.412981033325195,-0.8751686811447144,0.19661389291286469,4.594500541687012,0.2219206988811493
473.9219970703125,0.0,0.0,0.0,3.7382092475891113,1.5481996536254883,-0.4048173427581787,3.3874008655548096,-0.38155022263526917
356.64599609375,0.0,0.0,0.0,2.666884183883667,-1.3929656744003296,0.2959960997104645,3.5794460773468018,0.23427723348140717
114.65399932861328,0.0,0.0,0.0,1.5039448738098145,1.3308275938034058,-0.8497787117958069,2.0826218128204346,-0.6330572962760925
384.1700134277344,0.0,0.0,0.0,2.1433260440826416,1.4762897491455078,-0.64644855260849,2.472268581390381,-0.5292288064956665
589.0780029296875,0.0,0.0,0.0,2.6398532390594482,0.30400797724723816,-0.2561175525188446,4.220910549163818,-0.4745227098464966
213.63800048828125,0.0,0.0,0.0,2.335371255874634,-0.6782534718513489,0.240913525223732,2.6165554523468018,0.1990840584039688
72.12200164794922,0.0,0.0,0.0,3.1797821521759033,-0.6152321696281433,-0.2003885954618454,3.4126663208007812,-0.1559862345457077
511.0780029296875,0.0,0.0,0.0,-1.602918028831482,-0.37639036774635315,-0.4006880223751068,3.060580015182495,0.4743128716945648
664.02197265625,0.0,0.0,0.0,0.4222376346588135,0.17009828984737396,0.037473056465387344,0.0,0.0
89.12200164794922,0.0,0.0,0.0,-0.7373743057250977,-0.15545964241027832,-0.026850435882806778,2.1825313568115234,-0.4022105634212494
783.3419799804688,0.0,0.0,0.0,0.4668262004852295,-0.06753435730934143,0.0005269736284390092,1.6249502897262573,0.10702384263277054
138.28599548339844,0.0,0.0,0.0,1.92324697971344,-0.17157801985740662,0.26225745677948,2.400627613067627,0.30964189767837524
352.0140075683594,0.0,0.0,0.0,0.8171439170837402,-0.024620892480015755,-0.1905926764011383,2.3802196979522705,0.47957491874694824
511.91400146484375,0.0,0.0,0.0,-1.1492809057235718,-0.3749024271965027,-0.0860620066523552,3.0582070350646973,0.5619909763336182
732.4459838867188,0.0,0.0,0.0,2.558734655380249,-0.7473323941230774,0.4313390851020813,3.170248508453369,0.44340452551841736
847.677978515625,0.0,0.0,0.0,-1.1327108144760132,-0.2684715986251831,-0.23949606716632843,2.708237409591675,0.10348961502313614
561.6099853515625,0.0,0.0,0.0,0.9940218925476074,2.824622392654419,-0.5025571584701538,2.2313668727874756,-0.13441428542137146
453.4339904785156,0.0,0.0,0.0,4.626955509185791,-0.5449424982070923,0.17853808403015137,4.018204212188721,0.32717517018318176
515.47802734375,0.0,0.0,0.0,1.0831739902496338,-0.08920871466398239,0.11527933180332184,3.1285526752471924,-0.31609073281288147
85.82599639892578,0.0,0.0,0.0,0.41878047585487366,2.7568886280059814,-0.778472900390625,3.2586705684661865,-0.49505409598350525
378.5780029296875,0.0,0.0,0.0,2.0388591289520264,-0.9284766316413879,0.34016743302345276,2.943551540374756,0.3967023193836212
668.010009765625,0.0,0.0,0.0,2.5529143810272217,-0.1675717681646347,0.06035841256380081,2.409285068511963,0.04110174626111984
767.5380249023438,0.0,0.0,0.0,2.6665096282958984,-1.6372872591018677,0.4487178325653076,2.821959972381592,0.47767895460128784
345.9339904785156,0.0,0.0,0.0,1.3478468656539917,0.18512551486492157,-0.584855318069458,2.2524404525756836,-1.0998674631118774
617.3140258789062,0.0,0.0,0.0,0.4148668944835663,-0.07356210798025131,-0.08351574093103409,3.1854264736175537,0.8351401090621948
555.3419799804688,0.0,0.0,0.0,2.3808369636535645,2.645261287689209,-0.35292527079582214,4.03009033203125,-0.2757560908794403
523.0780029296875,0.0,0.0,0.0,1.5251550674438477,1.18570077419281,-0.6474743485450745,1.737425446510315,-0.4768723249435425
89.75800323486328,0.0,0.0,0.0,-0.4241476356983185,-0.09598946571350098,0.0060088494792580605,1.8558026552200317,-0.38008391857147217
396.19000244140625,0.0,0.0,0.0,1.8886022567749023,-2.749065399169922,0.463397741317749,4.192104339599609,-0.16737079620361328
390.8420104980469,0.0,0.0,0.0,1.1672178506851196,0.05107441172003746,-0.14530324935913086,3.546361207962036,0.6438960433006287
405.0820007324219,0.0,0.0,0.0,1.693515419960022,-0.49377697706222534,0.38728827238082886,2.2212395668029785,0.4008134603500366
737.0859985351562,0.0,0.0,0.0,3.208376884460449,-0.6425381302833557,0.08206895738840103,3.6687636375427246,-0.01826157234609127
509.1659851074219,0.0,0.0,0.0,0.503512978553772,2.8954038619995117,-0.9247826337814331,2.689727544784546,-0.6156902313232422
410.0419921875,0.0,0.0,0.0,2.6854450702667236,-0.5736505389213562,-0.12153089791536331,2.408146381378174,-0.03703577071428299
636.7459716796875,0.0,0.0,0.0,2.474381685256958,1.0500520467758179,-0.32452839612960815,3.589258909225464,-0.36568906903266907
172.18600463867188,0.0,0.0,0.0,-0.32535213232040405,0.09056632965803146,0.00644096452742815,2.1641526222229004,-0.9291507005691528
909.6099853515625,0.0,0.0,0.0,3.228924036026001,1.7032700777053833,-0.14298434555530548,4.381889820098877,0.017163490876555443
235.73399353027344,0.0,0.0,0.0,2.904578924179077,-1.1288375854492188,0.25887206196784973,3.953037738800049,0.239994078874588
287.20599365234375,0.0,0.0,0.0,4.0557475090026855,-0.8094701766967773,0.5628881454467773,3.3943939208984375,0.5869638919830322
929.5780029296875,0.0,0.0,0.0,1.8933477401733398,0.02533811144530773,0.07298281788825989,4.837272644042969,-0.06809116899967194
265.72601318359375,0.0,0.0,0.0,3.689918041229248,0.19006040692329407,-0.18398098647594452,3.965651512145996,-0.1744956374168396
795.4819946289062,0.0,0.0,0.0,4.165609359741211,-0.7833623290061951,0.21966971457004547,4.461566925048828,0.2885516583919525
63.854000091552734,0.0,0.0,0.0,2.573992967605591,2.4109511375427246,-0.38488492369651794,4.107909202575684,-0.10428190976381302
277.0459899902344,0.0,0.0,0.0,2.0782628059387207,-0.7471857666969299,0.40406328439712524,2.729240655899048,0.39068910479545593
186.13400268554688,0.0,0.0,0.0,-0.8713138103485107,0.10353381186723709,0.3480447828769684,3.299530029296875,-0.6908611059188843
643.2860107421875,0.0,0.0,0.0,4.385087966918945,0.3612537682056427,0.03419918194413185,4.859429359436035,0.05735544487833977
509.06201171875,0.0,0.0,0.0,0.6875451803207397,2.9041173458099365,-0.8830558061599731,2.552932024002075,-0.6342368125915527
868.9580078125,0.0,0.0,0.0,1.4861936569213867,-0.37356075644493103,0.35140806436538696,1.9561787843704224,0.379395455121994
898.0659790039062,0.0,0.0,0.0,4.0522141456604,0.9221938848495483,-0.11567815393209457,4.624946117401123,-0.051577698439359665
508.32598876953125,0.0,0.0,0.0,2.023479461669922,2.5426077842712402,-0.9373735189437866,2.1857006549835205,-0.698711633682251
376.64599609375,0.0,0.0,0.0,1.7647690773010254,-0.9901173710823059,0.42987504601478577,2.0108530521392822,0.33454787731170654
59.96200180053711,0.0,0.0,0.0,3.0731425285339355,0.701142430305481,-0.15197628736495972,3.626023769378662,-0.14328691363334656
790.3619995117188,0.0,0.0,0.0,2.68678617477417,-1.102136254310608,0.27584508061408997,3.963894844055176,0.35753190517425537
53.790000915527344,0.0,0.0,0.0,-0.0017655323026701808,0.0005799396894872189,-9.019257049658336e-06,0.0,0.0
517.2780151367188,0.0,0.0,0.0,2.5139150619506836,0.3653939664363861,-0.3133414089679718,2.872537136077881,-0.3308650851249695
481.9179992675781,0.0,0.0,0.0,-0.2775258421897888,1.2365297079086304,-1.3090931177139282,3.289198160171509,0.20625993609428406
923.3419799804688,0.0,0.0,0.0,-2.4379725456237793,-0.22837704420089722,0.8759429454803467,4.01797342300415,-0.24651940166950226
536.4099731445312,0.0,0.0,0.0,-0.5448648929595947,0.033007510006427765,0.3345016837120056,1.465550422668457,-0.22650295495986938
778.9539794921875,0.0,0.0,0.0,0.6216598153114319,2.6571578979492188,-0.9181882739067078,4.331258773803711,-0.10810089856386185
536.2020263671875,0.0,0.0,0.0,-0.6639688611030579,-0.02829696796834469,0.5397210717201233,1.3516631126403809,-0.223283588886261
909.47802734375,0.0,0.0,0.0,3.164010524749756,1.721774697303772,-0.18862013518810272,4.598671913146973,0.014772805385291576
97.8499984741211,0.0,0.0,0.0,2.022977828979492,-0.858764111995697,0.29504862427711487,2.572739839553833,0.3190475106239319
365.3739929199219,0.0,0.0,0.0,2.1435186862945557,-2.4592106342315674,0.1454472839832306,3.204167604446411,-0.15117695927619934
250.98199462890625,0.0,0.0,0.0,2.5724332332611084,-1.8183972835540771,0.17273694276809692,2.9689009189605713,0.05318726971745491
949.0700073242188,0.0,0.0,0.0,0.42904311418533325,0.0045868270099163055,0.034223318099975586,4.041227340698242,-0.26957860589027405
776.0180053710938,0.0,0.0,0.0,2.293916940689087,0.3461047112941742,-0.5932955741882324,3.3511123657226562,-0.8854596614837646
505.5580139160156,0.0,0.0,0.0,3.8877451419830322,1.6538300514221191,-0.2604622542858124,4.464566707611084,-0.18496118485927582
867.9739990234375,0.0,0.0,0.0,1.03770911693573,-0.13821375370025635,0.1979583203792572,1.4834654331207275,0.2697678804397583
846.7780151367188,0.0,0.0,0.0,-1.5893852710723877,0.42925867438316345,-0.9475100636482239,4.224292755126953,0.2133207470178604
747.3699951171875,0.0,0.0,0.0,0.7016454339027405,-3.7224318981170654,0.9306631088256836,3.172731876373291,0.5196931958198547
734.3140258789062,0.0,0.0,0.0,2.404529094696045,-1.2143769264221191,0.20601308345794678,2.6282107830047607,0.12719230353832245
722.322021484375,0.0,0.0,0.0,4.426680088043213,-0.040969979017972946,-0.024382848292589188,3.920276641845703,-0.09898100793361664
734.7739868164062,0.0,0.0,0.0,2.3800301551818848,-1.084790587425232,0.1441051959991455,2.834510564804077,0.0683949887752533
257.46600341796875,0.0,0.0,0.0,-0.7271841764450073,0.8547780513763428,-1.3556493520736694,2.5272252559661865,-0.1624096781015396
368.5820007324219,0.0,0.0,0.0,2.903435468673706,-0.9565194845199585,0.5659528374671936,2.519944429397583,0.4695177674293518
851.2020263671875,0.0,0.0,0.0,-0.022547392174601555,-0.024034470319747925,-0.0022177002392709255,0.0,0.0
536.281982421875,0.0,0.0,0.0,-0.6184154748916626,0.0016038368921726942,0.464174747467041,1.4052948951721191,-0.20986761152744293
562.281982421875,0.0,0.0,0.0,0.6602209210395813,2.6950604915618896,-0.552574634552002,2.195646286010742,0.0027583499904721975
298.6419982910156,0.0,0.0,0.0,3.4468653202056885,-1.0305261611938477,0.13264614343643188,3.8258533477783203,-0.02378898859024048
693.9459838867188,0.0,0.0,0.0,2.7193729877471924,0.1515803039073944,-0.33340194821357727,3.777371883392334,-0.36902210116386414
559.3779907226562,0.0,0.0,0.0,2.129049301147461,2.623566150665283,-0.4448799192905426,3.2481164932250977,-0.5836428999900818
300.510009765625,0.0,0.0,0.0,2.4557929039001465,1.0950026512145996,-0.6428918242454529,2.4320907592773438,-0.5068209171295166
157.67799377441406,0.0,0.0,0.0,1.508658766746521,0.8710890412330627,-0.8924417495727539,2.0447776317596436,-0.851867139339447
787.0780029296875,0.0,0.0,0.0,1.4869117736816406,-0.35212165117263794,0.20416145026683807,1.9006552696228027,0.20327626168727875
510.8139953613281,0.0,0.0,0.0,-1.7640502452850342,-0.21789149940013885,-0.6159088611602783,3.13630747795105,0.27635622024536133
730.7459716796875,0.0,0.0,0.0,1.1136322021484375,-0.007551825139671564,-0.16650143265724182,3.171862840652466,0.6002697944641113
483.1780090332031,0.0,0.0,0.0,-0.32744306325912476,0.10922315716743469,-0.3558897376060486,2.5472629070281982,0.6473061442375183
515.302001953125,0.0,0.0,0.0,0.8950178027153015,-0.0716019719839096,0.10265455394983292,3.035647392272949,-0.3306984305381775
808.22998046875,0.0,0.0,0.0,3.930999279022217,1.195821762084961,-0.45795056223869324,4.305545330047607,-0.32689136266708374
132.7220001220703,0.0,0.0,0.0,0.954277515411377,-1.9268546104431152,0.7629266381263733,2.4830996990203857,0.09204115718603134
508.91400146484375,0.0,0.0,0.0,0.928379237651825,2.902557134628296,-0.8661701083183289,2.461362361907959,-0.6162821054458618
653.677978515625,0.0,0.0,0.0,2.7807939052581787,-0.08368031680583954,0.09313114732503891,2.178267478942871,0.03384513035416603
817.1939697265625,0.0,0.0,0.0,2.2016282081604004,1.7030655145645142,-0.4303181767463684,4.073471546173096,-0.3157241642475128
222.197998046875,0.0,0.0,0.0,3.325575351715088,-0.6204094886779785,0.1978933960199356,3.765763759613037,0.3438052535057068
260.5580139160156,0.0,0.0,0.0,1.006626009941101,0.03240686282515526,-0.1135384738445282,2.8198463916778564,0.3290119767189026
879.0460205078125,0.0,0.0,0.0,3.6565284729003906,-2.10856032371521,0.18352428078651428,4.816696643829346,0.08781750500202179
912.030029296875,0.0,0.0,0.0,3.85446834564209,1.530225396156311,-0.1578710377216339,4.661970138549805,-0.10212504863739014
370.0140075683594,0.0,0.0,0.0,1.6491899490356445,-1.6895829439163208,0.5063786506652832,2.0992002487182617,0.35331857204437256
56.9900016784668,0.0,0.0,0.0,1.0180021524429321,0.02747149020433426,-0.022452611476182938,2.1161584854125977,-0.10087665915489197
659.2659912109375,0.0,0.0,0.0,1.9770787954330444,0.8250916004180908,-0.2913661301136017,2.45641827583313,-0.33989229798316956
894.7059936523438,0.0,0.0,0.0,1.929009199142456,-0.08207019418478012,0.058573052287101746,4.172114372253418,-0.22976718842983246
159.14199829101562,0.0,0.0,0.0,0.99626624584198,1.6480553150177002,-0.9890356063842773,2.839451313018799,-0.614882230758667
763.6740112304688,0.0,0.0,0.0,2.8756484985351562,-0.04739849269390106,0.33088240027427673,2.7832770347595215,0.40481171011924744
644.9459838867188,0.0,0.0,0.0,4.598573684692383,0.24309347569942474,-0.028113532811403275,4.833806037902832,0.05299893394112587
759.1300048828125,0.0,0.0,0.0,3.3137197494506836,-0.19180400669574738,0.06313816457986832,3.115079164505005,0.23569214344024658
391.9700012207031,0.0,0.0,0.0,2.340862274169922,-0.0672542080283165,0.3352053463459015,3.594494581222534,0.7146486043930054
65.71399688720703,0.0,0.0,0.0,2.81862735748291,1.1618001461029053,0.47839686274528503,2.5356554985046387,0.5452713966369629
743.8419799804688,0.0,0.0,0.0,4.389378547668457,-0.8631988763809204,0.30341413617134094,4.803043365478516,0.3479783236980438
181.5500030517578,0.0,0.0,0.0,1.6714438199996948,0.06770773977041245,0.021818507462739944,3.4001781940460205,1.0398725271224976
729.97802734375,0.0,0.0,0.0,0.3155910074710846,-0.06722608208656311,-0.052197523415088654,3.268517255783081,0.6115542650222778
514.8140258789062,0.0,0.0,0.0,0.42809394001960754,-0.04874095693230629,0.05217119678854942,2.9548492431640625,-0.25311264395713806
206.97000122070312,0.0,0.0,0.0,-0.815546452999115,0.12094442546367645,0.1418365091085434,2.1883766651153564,-0.7758769989013672
249.43800354003906,0.0,0.0,0.0,3.3931074142456055,-1.2590099573135376,0.5579016208648682,3.0079214572906494,0.4485461115837097
314.4219970703125,0.0,0.0,0.0,2.78682279586792,-2.1777210235595703,0.26634681224823,4.166586399078369,0.30127817392349243
173.90199279785156,0.0,0.0,0.0,1.1559302806854248,0.024888182058930397,-0.33285796642303467,2.2069010734558105,-0.9914371967315674
612.1420288085938,0.0,0.0,0.0,0.0753643810749054,3.193309783935547,-0.8224759697914124,3.515333414077759,-0.041120268404483795
76.81800079345703,0.0,0.0,0.0,1.5690207481384277,0.4520319998264313,-0.4207504093647003,1.7483855485916138,-0.39055246114730835
292.72601318359375,0.0,0.0,0.0,1.6511965990066528,-1.6294348239898682,0.08932970464229584,1.7661319971084595,0.056014157831668854
381.7099914550781,0.0,0.0,0.0,3.3367109298706055,-1.4067108631134033,0.1803993433713913,4.081218719482422,0.01665870100259781
741.5020141601562,0.0,0.0,0.0,4.300955772399902,-0.07403570413589478,-0.02804749645292759,4.804698467254639,0.01072654314339161
905.406005859375,0.0,0.0,0.0,2.335481643676758,0.8238385319709778,-0.4856361448764801,2.6829309463500977,-0.4225389063358307
538.4140014648438,0.0,0.0,0.0,1.2771847248077393,0.005904905032366514,0.07302255928516388,2.1534664630889893,0.03708046302199364
863.5059814453125,0.0,0.0,0.0,2.851224899291992,-0.2511744499206543,-0.005104792304337025,0.0,0.0
373.8699951171875,0.0,0.0,0.0,1.6960705518722534,-0.8576260209083557,0.256904274225235,2.82340669631958,0.14759209752082825
567.9819946289062,0.0,0.0,0.0,0.8125357031822205,-0.019950440153479576,-0.09921374917030334,4.001589775085449,0.491441011428833
93.0979995727539,0.0,0.0,0.0,1.2344907522201538,-0.26543015241622925,0.3594673275947571,1.4092260599136353,0.3416334092617035
301.8179931640625,0.0,0.0,0.0,2.0421855449676514,0.8347249627113342,0.18654464185237885,2.1573994159698486,0.20825201272964478
846.6420288085938,0.0,0.0,0.0,-1.5725561380386353,0.7238567471504211,-1.1481739282608032,4.212472438812256,0.16317303478717804
784.614013671875,0.0,0.0,0.0,1.4206875562667847,-0.1712946593761444,0.14730726182460785,1.537998914718628,0.11227649450302124
176.96600341796875,0.0,0.0,0.0,0.6697381138801575,1.7717052698135376,-1.0910753011703491,3.6970598697662354,-0.5519212484359741
753.1380004882812,0.0,0.0,0.0,-0.15132856369018555,0.07685337215662003,0.040511444211006165,3.4427895545959473,0.5010905265808105
170.6540069580078,0.0,0.0,0.0,-1.233496069908142,0.18634237349033356,0.34497740864753723,3.0447757244110107,-0.9829341173171997
774.530029296875,0.0,0.0,0.0,0.7719173431396484,0.010281316936016083,0.15146449208259583,3.208024740219116,-0.8037969470024109
804.8179931640625,0.0,0.0,0.0,3.8400678634643555,-2.1552226543426514,0.24721349775791168,4.6483893394470215,0.12201551347970963
914.7100219726562,0.0,0.0,0.0,4.32580041885376,1.1719578504562378,-0.03805285692214966,4.7803497314453125,-0.011627589352428913
103.74199676513672,0.0,0.0,0.0,3.9637198448181152,-0.7648695111274719,0.14620862901210785,3.3353874683380127,0.2485903799533844
625.2780151367188,0.0,0.0,0.0,-0.08314436674118042,0.07070036232471466,0.04193339869379997,2.7448813915252686,-0.5151940584182739
660.3060302734375,0.0,0.0,0.0,2.0567524433135986,0.8689966201782227,-0.28438466787338257,2.2446441650390625,-0.2617894411087036
355.6820068359375,0.0,0.0,0.0,2.4622645378112793,-1.3457075357437134,0.3320530951023102,3.248715877532959,0.32241520285606384
275.8219909667969,0.0,0.0,0.0,1.6557910442352295,-0.3755202293395996,0.3189902603626251,2.1792213916778564,0.37283092737197876
93.6780014038086,0.0,0.0,0.0,1.341073751449585,-0.377687931060791,0.4024915099143982,1.5940240621566772,0.35920315980911255
250.8780059814453,0.0,0.0,0.0,2.574735164642334,-1.8620933294296265,0.2014571726322174,3.034350633621216,0.07955485582351685
482.91400146484375,0.0,0.0,0.0,-0.4621228277683258,0.2067590355873108,-0.5794172883033752,2.8258373737335205,0.6863213777542114
513.6300048828125,0.0,0.0,0.0,-0.34932762384414673,-0.10509862750768661,-0.01954101212322712,3.066972494125366,-0.14096161723136902
145.2899932861328,0.0,0.0,0.0,1.672519326210022,-0.8460215926170349,0.4501294791698456,1.9435954093933105,0.4057750701904297
705.030029296875,0.0,0.0,0.0,3.977152109146118,1.3885964155197144,-0.1283358335494995,4.764235973358154,-0.09524666517972946
494.4540100097656,0.0,0.0,0.0,1.7407634258270264,0.6988194584846497,-0.6665666699409485,2.383307933807373,-0.7391228675842285
262.2820129394531,0.0,0.0,0.0,2.6051015853881836,-0.4582895338535309,0.3594742715358734,3.6729321479797363,0.49614575505256653
242.8179931640625,0.0,0.0,0.0,4.143043518066406,-0.6023450493812561,0.04281327500939369,4.226295471191406,0.33783113956451416
266.6180114746094,0.0,0.0,0.0,3.6374361515045166,0.6515367031097412,-0.1615084856748581,4.181644916534424,-0.19599884748458862
717.6099853515625,0.0,0.0,0.0,4.070319652557373,-1.2666672468185425,0.027066659182310104,4.248289585113525,0.016020197421312332
58.73400115966797,0.0,0.0,0.0,2.4835317134857178,0.33834636211395264,-0.18709984421730042,3.330436944961548,-0.19923198223114014
78.25,0.0,0.0,0.0,1.4744049310684204,0.6939970254898071,-0.4384560286998749,1.8237942457199097,-0.44812896847724915
694.0819702148438,0.0,0.0,0.0,2.8143787384033203,0.26547354459762573,-0.3473051190376282,3.6116597652435303,-0.4599188268184662
345.6780090332031,0.0,0.0,0.0,1.1509279012680054,0.04379766061902046,-0.3430764675140381,2.17960262298584,-0.960878849029541
952.3740234375,0.0,0.0,0.0,3.4712047576904297,0.5909161567687988,-0.30804193019866943,4.727400779724121,-0.2928827702999115
231.0500030517578,0.0,0.0,0.0,2.20070743560791,-0.4513336420059204,0.03802323713898659,1.8524162769317627,0.06211907044053078
388.8500061035156,0.0,0.0,0.0,-0.4052942097187042,0.005870855413377285,-0.20443880558013916,3.4028263092041016,0.4166647493839264
585.614013671875,0.0,0.0,0.0,-0.5059133768081665,0.06455511599779129,0.0799858570098877,3.1032233238220215,-0.6494647264480591
353.9020080566406,0.0,0.0,0.0,2.159020185470581,-0.7632959485054016,0.5015461444854736,2.8438758850097656,0.4390667676925659
343.0260009765625,0.0,0.0,0.0,-0.40537235140800476,-0.9205315709114075,1.454999566078186,3.263211488723755,-0.5752907395362854
399.7820129394531,0.0,0.0,0.0,-1.376826524734497,-0.3138665556907654,0.9057458639144897,1.992563247680664,-0.6865077018737793
804.93798828125,0.0,0.0,0.0,3.829637050628662,-2.1629912853240967,0.23733560740947723,4.925967216491699,0.17840203642845154
491.3179931640625,0.0,0.0,0.0,-0.44981467723846436,0.11074191331863403,0.03866349533200264,2.126901865005493,-0.5762321949005127
763.3179931640625,0.0,0.0,0.0,2.9129602909088135,0.20885054767131805,0.10702336579561234,2.897599220275879,0.24888679385185242
734.510009765625,0.0,0.0,0.0,2.3839404582977295,-1.1589125394821167,0.1669975072145462,2.6002578735351562,0.12887848913669586
811.9340209960938,0.0,0.0,0.0,3.2706949710845947,1.039269208908081,-0.03762349113821983,3.0592763423919678,-0.005185930989682674
613.5020141601562,0.0,0.0,0.0,-1.9985134601593018,0.2852567136287689,-0.6650541424751282,3.4291675090789795,0.4127316474914551
929.2420043945312,0.0,0.0,0.0,1.5059572458267212,0.03610597550868988,0.02258322201669216,4.788420677185059,-0.12780995666980743
889.8179931640625,0.0,0.0,0.0,-1.4928497076034546,0.5462501645088196,0.18945693969726562,3.436349630355835,-0.4429314136505127
244.87399291992188,0.0,0.0,0.0,3.582752227783203,-2.0348355770111084,0.2678426206111908,4.554932117462158,0.1494320034980774
499.6780090332031,0.0,0.0,0.0,2.2558579444885254,0.5805916786193848,-0.13560794293880463,3.3058652877807617,-0.05010855942964554
410.2900085449219,0.0,0.0,0.0,2.631439208984375,-0.4498574137687683,-0.0670759305357933,2.406406879425049,0.07788866758346558
748.1019897460938,0.0,0.0,0.0,-1.8222417831420898,-2.69797420501709,1.3803452253341675,4.088987350463867,0.2645287811756134
836.6060180664062,0.0,0.0,0.0,-0.6949728727340698,0.17953571677207947,-0.011481313966214657,2.903869390487671,-0.4719674587249756
58.16600036621094,0.0,0.0,0.0,2.115387201309204,0.1882849782705307,-0.14912167191505432,2.8018877506256104,-0.15176410973072052
338.01800537109375,0.0,0.0,0.0,1.9164767265319824,-1.238187313079834,0.5346750617027283,1.7325705289840698,0.4698367714881897
302.9259948730469,0.0,0.0,0.0,2.2536754608154297,-0.24928447604179382,0.4965386688709259,2.423841953277588,0.4885522127151489
380.9939880371094,0.0,0.0,0.0,3.056239128112793,-1.3583683967590332,0.22901996970176697,4.192261695861816,0.18608000874519348
345.1499938964844,0.0,0.0,0.0,0.6744082570075989,-0.024551499634981155,0.20937564969062805,2.106563091278076,-0.928191602230072
799.8460083007812,0.0,0.0,0.0,3.8559887409210205,-1.973510503768921,0.20541976392269135,4.546380996704102,0.18151883780956268
83.40599822998047,0.0,0.0,0.0,2.2540366649627686,2.333249568939209,-0.5507997870445251,3.6826882362365723,-0.46942541003227234
176.35400390625,0.0,0.0,0.0,1.1735626459121704,1.6562676429748535,-0.8961881399154663,3.2317442893981934,-0.718130350112915
257.2300109863281,0.0,0.0,0.0,-0.516350507736206,1.2160022258758545,-1.4851001501083374,2.451414108276367,-0.2789355516433716
504.0780029296875,0.0,0.0,0.0,4.057212829589844,0.6082242131233215,-0.2827162742614746,4.55625581741333,-0.32955726981163025
174.08599853515625,0.0,0.0,0.0,1.3059911727905273,0.1067911684513092,-0.5360957980155945,2.1467878818511963,-0.9213454127311707
844.5339965820312,0.0,0.0,0.0,1.916621446609497,2.3571043014526367,-0.8919678926467896,2.9211080074310303,-0.6087753176689148
384.7300109863281,0.0,0.0,0.0,1.7159957885742188,1.7154979705810547,-0.7584434747695923,2.1111772060394287,-0.5993436574935913
945.9619750976562,0.0,0.0,0.0,-1.2537264823913574,-0.34002718329429626,-0.1024208590388298,3.323674201965332,0.7207863926887512
864.9619750976562,0.0,0.0,0.0,1.8566293716430664,-0.18171054124832153,-0.007492741569876671,0.0,0.0
447.5820007324219,0.0,0.0,0.0,4.216395854949951,-0.7146301865577698,0.03686005622148514,4.843685626983643,0.13650257885456085
824.781982421875,0.0,0.0,0.0,2.55570387840271,2.485365867614746,-0.25300168991088867,4.016610145568848,-0.020516229793429375
469.3340148925781,0.0,0.0,0.0,4.209383487701416,-0.7208614349365234,0.025618785992264748,4.767822742462158,-0.024518880993127823
246.0659942626953,0.0,0.0,0.0,3.8803093433380127,-1.6486097574234009,-0.0269014835357666,4.674603462219238,-0.106041818857193
603.9819946289062,0.0,0.0,0.0,3.2669365406036377,2.8548851013183594,-0.3296872675418854,4.745115756988525,-0.19639769196510315
706.281982421875,0.0,0.0,0.0,4.162064552307129,1.1759196519851685,-0.037725672125816345,4.731232643127441,0.01619728095829487
590.8099975585938,0.0,0.0,0.0,3.4676661491394043,1.1033633947372437,-0.29402172565460205,4.433720588684082,-0.1495165079832077
323.01800537109375,0.0,0.0,0.0,2.1940014362335205,-1.1633193492889404,0.37762266397476196,3.3620622158050537,0.30477288365364075
762.1300048828125,0.0,0.0,0.0,2.9051787853240967,-0.47813087701797485,-0.2571536898612976,3.2144558429718018,-0.29041704535484314
575.7540283203125,0.0,0.0,0.0,4.02561092376709,-0.7776148319244385,-0.15900079905986786,4.266684532165527,-0.16386941075325012
305.5140075683594,0.0,0.0,0.0,1.8874702453613281,-1.3181475400924683,0.45522430539131165,2.7594425678253174,0.34899112582206726
601.9140014648438,0.0,0.0,0.0,3.966848850250244,1.9809818267822266,-0.3394619822502136,4.52451753616333,-0.3850977122783661
116.3219985961914,0.0,0.0,0.0,0.8354156613349915,1.5457983016967773,-0.7794733643531799,2.307722568511963,-0.6446859240531921
846.8740234375,0.0,0.0,0.0,-1.5710186958312988,0.26078999042510986,-0.8195934295654297,4.312380313873291,0.11517345160245895
832.9500122070312,0.0,0.0,0.0,0.2036304771900177,-2.936033010482788,0.8928053975105286,3.1898884773254395,-0.7570686340332031
885.2420043945312,0.0,0.0,0.0,4.111852169036865,-1.2491135597229004,0.4079909026622772,3.658766984939575,0.5842996835708618
666.1300048828125,0.0,0.0,0.0,2.1212215423583984,-0.0074569727294147015,0.05376705527305603,2.719472646713257,0.09143944829702377
495.2139892578125,0.0,0.0,0.0,1.826953649520874,1.2067123651504517,-0.641310453414917,2.7015676498413086,-0.5066807866096497
488.2820129394531,0.0,0.0,0.0,1.0510685443878174,-1.9655181169509888,0.8452075719833374,3.126126527786255,0.08145066350698471
408.64599609375,0.0,0.0,0.0,2.7808175086975098,-1.4072128534317017,0.25368285179138184,3.4465739727020264,0.006827315781265497
674.7420043945312,0.0,0.0,0.0,4.179533004760742,0.4712522327899933,-0.004614843521267176,4.328292369842529,0.13202862441539764
852.2459716796875,0.0,0.0,0.0,-0.0019079672638326883,6.361383566400036e-05,-5.465742560772924e-07,0.0,0.0
87.3219985961914,0.0,0.0,0.0,-1.6217093467712402,0.2749626934528351,-0.7064646482467651,3.2412567138671875,-0.20541450381278992
328.385986328125,0.0,0.0,0.0,3.9958722591400146,-0.526823103427887,-0.2729514539241791,4.3980793952941895,-0.3237799406051636
310.04998779296875,0.0,0.0,0.0,1.8891682624816895,-1.1498386859893799,0.47658851742744446,2.739978313446045,0.4630321264266968
97.46199798583984,0.0,0.0,0.0,1.9726308584213257,-0.8636148571968079,0.362921804189682,2.4233968257904053,0.2692342698574066
209.97799682617188,0.0,0.0,0.0,1.1945736408233643,0.012736295349895954,-0.18749892711639404,1.226871132850647,-0.07061946392059326
371.4100036621094,0.0,0.0,0.0,1.1605536937713623,-1.3837634325027466,0.560991108417511,1.658350944519043,0.45526236295700073
867.030029296875,0.0,0.0,0.0,0.3280662000179291,-0.0842633917927742,0.010256646201014519,0.6558994650840759,0.05502938851714134
812.8779907226562,0.0,0.0,0.0,2.954017162322998,0.7115134000778198,-0.026891227811574936,2.257716178894043,-0.04156406223773956
236.82200622558594,0.0,0.0,0.0,3.25173020362854,-1.1824254989624023,0.19094863533973694,3.7460789680480957,0.14316551387310028
467.6780090332031,0.0,0.0,0.0,3.656785726547241,-1.1393640041351318,0.08352937549352646,4.823074817657471,0.006480096373707056
543.6099853515625,0.0,0.0,0.0,2.6020421981811523,0.9882833361625671,-0.3132876753807068,3.1971466541290283,-0.29222071170806885
816.8980102539062,0.0,0.0,0.0,2.1706807613372803,1.6113754510879517,-0.4421463906764984,3.7479307651519775,-0.31462177634239197
449.1499938964844,0.0,0.0,0.0,4.43855619430542,-0.6751623749732971,0.04589805752038956,4.707910060882568,-0.0068941605277359486
282.19000244140625,0.0,0.0,0.0,3.8492467403411865,-0.7219179272651672,-0.0885695144534111,4.31174898147583,-0.06387953460216522
157.8820037841797,0.0,0.0,0.0,1.472865343093872,1.0121595859527588,-0.9086942672729492,2.013064384460449,-0.780210554599762
246.25,0.0,0.0,0.0,3.962003469467163,-1.514455795288086,-0.06920593976974487,4.668181896209717,-0.15459875762462616
295.95001220703125,0.0,0.0,0.0,2.345553159713745,-0.7962283492088318,0.29168766736984253,3.226865530014038,0.3355315029621124
665.75,0.0,0.0,0.0,1.850484848022461,0.017077919095754623,0.04681455343961716,2.6119136810302734,0.1008630022406578
617.2379760742188,0.0,0.0,0.0,0.3389056324958801,-0.07680119574069977,-0.06817702203989029,3.024745225906372,0.7825474143028259
840.030029296875,0.0,0.0,0.0,2.1027562618255615,0.0024553565308451653,-0.10556335002183914,3.6215693950653076,-0.3118542730808258
395.385986328125,0.0,0.0,0.0,2.2165980339050293,-2.5928890705108643,0.46064791083335876,4.479236602783203,0.028418542817234993
854.0540161132812,0.0,0.0,0.0,1.5602954626083374,-0.054869651794433594,0.03855069726705551,2.6771230697631836,0.12216230481863022
639.8820190429688,0.0,0.0,0.0,3.64675235748291,1.166051983833313,-0.08257593214511871,4.568016052246094,-0.11401619762182236
714.3779907226562,0.0,0.0,0.0,3.7949836254119873,-1.591835856437683,0.35721147060394287,4.36243200302124,0.2735908031463623
886.7459716796875,0.0,0.0,0.0,1.4251512289047241,-3.1941680908203125,0.8569046258926392,3.263559341430664,0.5730391144752502
622.0780029296875,0.0,0.0,0.0,-0.20247285068035126,-2.2299091815948486,1.293599009513855,4.080073833465576,-0.12871025502681732
767.010009765625,0.0,0.0,0.0,2.889803886413574,-1.4926458597183228,0.27275344729423523,3.213991641998291,0.3734948933124542
944.43798828125,0.0,0.0,0.0,-2.0803890228271484,0.32365310192108154,-0.8319783806800842,3.4584097862243652,0.6639206409454346
806.2139892578125,0.0,0.0,0.0,3.9793143272399902,-1.8769347667694092,0.05994221195578575,4.518723964691162,-0.1116509735584259
566.510009765625,0.0,0.0,0.0,-0.2958254814147949,-0.06924349814653397,0.005934560671448708,3.453035831451416,0.4606250524520874
271.2139892578125,0.0,0.0,0.0,2.9428963661193848,-1.1037756204605103,0.14041873812675476,2.945162773132324,0.09449149668216705
596.1380004882812,0.0,0.0,0.0,3.706164836883545,1.269901990890503,-0.12846572697162628,4.5119829177856445,-0.023603815585374832
183.69000244140625,0.0,0.0,0.0,1.3649420738220215,-1.9829462766647339,0.9296646118164062,3.52793550491333,0.619545578956604
218.62600708007812,0.0,0.0,0.0,2.0999786853790283,-0.3803651034832001,0.09331098198890686,2.8238487243652344,0.11182716488838196
261.1499938964844,0.0,0.0,0.0,1.67289400100708,0.07994487881660461,-0.07743000239133835,3.3119750022888184,0.3780665993690491
167.80999755859375,0.0,0.0,0.0,1.4968934059143066,-2.820749282836914,0.6418091654777527,5.004308700561523,0.13286077976226807
379.7619934082031,0.0,0.0,0.0,2.5491020679473877,-1.1373367309570312,0.3164850175380707,3.299199342727661,0.30146530270576477
392.62200927734375,0.0,0.0,0.0,2.705711603164673,-0.750593364238739,0.5661647319793701,3.9312126636505127,0.7038399577140808
66.58999633789062,0.0,0.0,0.0,2.6706979274749756,-0.5873520374298096,0.736049234867096,2.6978073120117188,0.6093982458114624
276.0459899902344,0.0,0.0,0.0,1.746934175491333,-0.43873292207717896,0.34957155585289,2.147249221801758,0.3223840296268463
666.8779907226562,0.0,0.0,0.0,2.4339723587036133,-0.08924300968647003,0.07992129772901535,2.6248300075531006,0.08776503056287766
176.6219940185547,0.0,0.0,0.0,0.9916874766349792,1.7335729598999023,-0.9837128520011902,3.372267007827759,-0.741277277469635
851.4420166015625,0.0,0.0,0.0,-0.0072156284004449844,-0.0007425976218655705,-0.0023811624851077795,0.0,0.0
444.9179992675781,0.0,0.0,0.0,3.217003345489502,-1.0518332719802856,0.16839683055877686,4.547856330871582,0.09401345252990723
160.14599609375,0.0,0.0,0.0,-0.2296389937400818,1.3875904083251953,-1.5182229280471802,4.050734519958496,-0.3048700988292694
381.4739990234375,0.0,0.0,0.0,3.249356985092163,-1.3957581520080566,0.1878231167793274,4.174208164215088,0.1652098000049591
196.28199768066406,0.0,0.0,0.0,1.1926469802856445,0.09849204123020172,0.02115839533507824,2.4125375747680664,-0.04356519505381584
655.4660034179688,0.0,0.0,0.0,1.7411538362503052,0.39899805188179016,-0.4194098114967346,1.4661648273468018,-0.2538776695728302
257.0260009765625,0.0,0.0,0.0,-0.25823989510536194,1.4819937944412231,-1.3288549184799194,2.8688302040100098,-0.453962117433548
192.80999755859375,0.0,0.0,0.0,0.10411786288022995,2.230140209197998,-0.4836463928222656,0.0,0.0
111.41000366210938,0.0,0.0,0.0,0.3700186610221863,0.07102645933628082,0.10961952805519104,2.6193864345550537,-0.704857349395752
651.1300048828125,0.0,0.0,0.0,2.987247943878174,2.160555839538574,0.18453115224838257,3.6473491191864014,0.3364514410495758
948.14599609375,0.0,0.0,0.0,-0.1835080087184906,-0.0248689204454422,-0.021342888474464417,3.707622766494751,-0.22912585735321045
727.43798828125,0.0,0.0,0.0,-0.9512847065925598,0.8879446387290955,-1.3355218172073364,2.967937707901001,0.007464362308382988
366.8139953613281,0.0,0.0,0.0,3.146155595779419,-1.1779887676239014,-0.22374515235424042,3.876253128051758,-0.34512630105018616
261.4179992675781,0.0,0.0,0.0,1.9509247541427612,0.04120378568768501,0.08369456976652145,2.8459904193878174,0.4621813893318176
236.4499969482422,0.0,0.0,0.0,3.166198492050171,-1.1952910423278809,0.17760318517684937,3.872879981994629,0.1842283308506012
662.5180053710938,0.0,0.0,0.0,1.6180932521820068,0.5986109972000122,-0.06740203499794006,0.0,0.0
916.6740112304688,0.0,0.0,0.0,4.5254669189453125,0.7857429385185242,0.07780534029006958,4.381511211395264,0.2583560347557068
424.4859924316406,0.0,0.0,0.0,1.9342347383499146,-2.7406063079833984,0.3587211072444916,4.195926189422607,0.13308975100517273
643.7459716796875,0.0,0.0,0.0,4.520511627197266,0.23937419056892395,0.028713898733258247,4.886082172393799,0.021687820553779602
946.5180053710938,0.0,0.0,0.0,-0.9882866144180298,-0.22579054534435272,-0.03466009348630905,3.062410354614258,0.2250594198703766
157.21400451660156,0.0,0.0,0.0,1.503670573234558,0.5214124321937561,-0.8297989964485168,2.1252832412719727,-0.9418453574180603
102.0780029296875,0.0,0.0,0.0,3.6156978607177734,-0.8715592622756958,0.07297933101654053,4.157987594604492,0.040084827691316605
302.07000732421875,0.0,0.0,0.0,2.114496946334839,0.5895034074783325,0.2634441554546356,2.3502423763275146,0.27628257870674133
873.2739868164062,0.0,0.0,0.0,2.8465065956115723,-1.5517308712005615,0.31057029962539673,4.320565700531006,0.15392126142978668
143.41000366210938,0.0,0.0,0.0,2.2742271423339844,-0.5568065047264099,0.08677905052900314,2.1604464054107666,0.07409533113241196
384.8340148925781,0.0,0.0,0.0,1.6310111284255981,1.7508054971694946,-0.7708861231803894,2.2872040271759033,-0.6160531044006348
497.54998779296875,0.0,0.0,0.0,1.3799808025360107,0.6756038665771484,-0.2214910387992859,1.7925341129302979,-0.30249765515327454
243.3260040283203,0.0,0.0,0.0,4.01213264465332,-0.9082512259483337,0.32709166407585144,4.444108009338379,0.3779335916042328
160.96600341796875,0.0,0.0,0.0,-0.664738655090332,0.2686344385147095,-0.8172266483306885,4.259359836578369,0.12470151484012604
718.8140258789062,0.0,0.0,0.0,4.18947696685791,-0.7342134118080139,-0.020358026027679443,4.558894157409668,-0.125226691365242
222.44200134277344,0.0,0.0,0.0,3.3153560161590576,-0.7443627119064331,0.2727739214897156,3.65543532371521,0.35592734813690186
896.9420166015625,0.0,0.0,0.0,3.71195125579834,0.5937375426292419,-0.17531995475292206,4.534765720367432,-0.24263863265514374
490.60198974609375,0.0,0.0,0.0,-0.8028084635734558,0.081992007791996,0.3264261782169342,2.0540530681610107,-0.5103782415390015
201.04600524902344,0.0,0.0,0.0,3.631570816040039,0.08307602256536484,0.26742979884147644,3.470876932144165,0.4456475079059601
154.4739990234375,0.0,0.0,0.0,-0.5414312481880188,0.10490548610687256,0.06040198728442192,2.4106619358062744,-0.9518530368804932
131.8179931640625,0.0,0.0,0.0,1.4547312259674072,-1.7542104721069336,0.7511186599731445,2.41274356842041,0.6106505393981934
931.3740234375,0.0,0.0,0.0,3.5917160511016846,0.29931244254112244,-0.10728351026773453,4.835754871368408,-0.0799611359834671
694.47802734375,0.0,0.0,0.0,2.9436824321746826,0.606166422367096,-0.3447524905204773,3.209895372390747,-0.3492177128791809
147.9499969482422,0.0,0.0,0.0,2.1832151412963867,-1.3303076028823853,0.488935261964798,3.332902193069458,0.531147837638855
716.2100219726562,0.0,0.0,0.0,3.812957525253296,-1.8368891477584839,0.11186382174491882,4.549729824066162,0.012855914421379566
267.5299987792969,0.0,0.0,0.0,3.5261120796203613,0.6803048849105835,0.04809907451272011,3.1811304092407227,0.24040500819683075
260.3500061035156,0.0,0.0,0.0,0.7810642719268799,0.002656539436429739,-0.09307800233364105,2.913386344909668,0.2691766023635864
428.1260070800781,0.0,0.0,0.0,-1.4055204391479492,-1.135609745979309,1.2901719808578491,3.4073100090026855,-0.7808198928833008
588.614013671875,0.0,0.0,0.0,2.183955669403076,0.07118220627307892,-0.2236502319574356,3.8728630542755127,-0.5127834677696228
238.07400512695312,0.0,0.0,0.0,3.396307945251465,-0.969822347164154,0.10360097140073776,3.8995449542999268,0.08978093415498734
441.75,0.0,0.0,0.0,1.5223459005355835,-1.0050994157791138,0.496467262506485,2.085845470428467,0.24543602764606476
334.2820129394531,0.0,0.0,0.0,3.948291063308716,-1.3936150074005127,0.1672220677137375,4.208718776702881,0.05709817633032799
212.97000122070312,0.0,0.0,0.0,2.174639940261841,-0.5190160870552063,0.24975353479385376,2.5924277305603027,0.22611147165298462
559.177978515625,0.0,0.0,0.0,2.1947429180145264,2.599555730819702,-0.4052482545375824,3.6773340702056885,-0.4923741817474365
552.469970703125,0.0,0.0,0.0,3.2805356979370117,2.396514654159546,-0.4455339014530182,4.125121593475342,-0.41018664836883545
502.5060119628906,0.0,0.0,0.0,3.7370259761810303,0.12352986633777618,0.019998634234070778,4.391045093536377,-0.003911333158612251
63.60599899291992,0.0,0.0,0.0,2.650709390640259,2.365865707397461,-0.444030225276947,3.8197531700134277,-0.09690388292074203
234.49000549316406,0.0,0.0,0.0,2.4265589714050293,-0.9278233647346497,0.3354785442352295,3.4488894939422607,0.3929923474788666
225.85800170898438,0.0,0.0,0.0,3.4976062774658203,-1.542496919631958,0.11468241363763809,4.428157806396484,0.09711525589227676
513.9819946289062,0.0,0.0,0.0,-0.1530265361070633,-0.07599244266748428,-0.02251472882926464,3.2468605041503906,-0.23029939830303192
204.00999450683594,0.0,0.0,0.0,1.0434890985488892,-2.5719387531280518,0.7363694906234741,3.5729010105133057,0.17667844891548157
701.593994140625,0.0,0.0,0.0,3.2521109580993652,1.2575687170028687,-0.1631113737821579,4.037026882171631,-0.10033851116895676
82.48600006103516,0.0,0.0,0.0,2.4707376956939697,1.8874027729034424,-0.5276826620101929,4.1466240882873535,-0.3533942699432373
815.8419799804688,0.0,0.0,0.0,2.0261170864105225,1.2799838781356812,-0.4663766622543335,2.980229377746582,-0.4175831079483032
153.1300048828125,0.0,0.0,0.0,-1.3033534288406372,-0.31853947043418884,0.8618510365486145,3.1776909828186035,-0.9126908183097839
811.2739868164062,0.0,0.0,0.0,3.438633680343628,1.3103593587875366,-0.07534384727478027,3.30090594291687,-0.07490575313568115
217.41799926757812,0.0,0.0,0.0,2.0490474700927734,-0.469580739736557,0.06724023073911667,1.8777077198028564,0.04100974649190903
99.802001953125,0.0,0.0,0.0,2.566218376159668,-0.9188029766082764,0.2273581326007843,3.509472370147705,0.18444883823394775
311.6260070800781,0.0,0.0,0.0,2.278322458267212,-1.5483675003051758,0.4761156737804413,3.671360969543457,0.25218871235847473
444.7820129394531,0.0,0.0,0.0,3.1276438236236572,-1.0531362295150757,0.1637384593486786,4.4431047439575195,0.15149852633476257
795.6060180664062,0.0,0.0,0.0,4.152388572692871,-0.8671537041664124,0.22538843750953674,4.57222843170166,0.17184048891067505
949.8060302734375,0.0,0.0,0.0,1.0886198282241821,0.008411129005253315,-0.0009253495954908431,4.4450554847717285,-0.2386193573474884
274.6780090332031,0.0,0.0,0.0,1.1870065927505493,-0.19691015779972076,0.1610860675573349,1.4645417928695679,0.15620499849319458
644.6019897460938,0.0,0.0,0.0,4.577108860015869,0.20445123314857483,-0.020882954820990562,4.882114410400391,0.051335472613573074
585.0180053710938,0.0,0.0,0.0,-0.8232020735740662,0.06221974641084671,0.2967747151851654,3.1141979694366455,-0.5894038081169128
832.7420043945312,0.0,0.0,0.0,0.5266802906990051,-3.001065969467163,0.7328550219535828,3.047084093093872,-0.6050639748573303
438.9460144042969,0.0,0.0,0.0,0.44394662976264954,0.03745683282613754,-0.2964176833629608,2.1384117603302,0.662028968334198
501.24200439453125,0.0,0.0,0.0,3.254831314086914,0.33199551701545715,0.010139171965420246,4.042194366455078,-0.0049991426058113575
472.91400146484375,0.0,0.0,0.0,4.1584553718566895,1.3585988283157349,-0.14987263083457947,4.340330600738525,-0.04229077324271202
636.6060180664062,0.0,0.0,0.0,2.415149688720703,1.028418779373169,-0.3168151378631592,3.5370523929595947,-0.387785404920578
761.1060180664062,0.0,0.0,0.0,2.635793447494507,-1.182147741317749,0.20169205963611603,2.747112512588501,-0.07922083139419556
318.41400146484375,0.0,0.0,0.0,3.3006231784820557,-0.3432345688343048,-0.4824177920818329,3.42615008354187,-0.3984825611114502
71.58999633789062,0.0,0.0,0.0,3.057007312774658,-1.1885877847671509,-0.15978014469146729,3.4705424308776855,-0.15761470794677734
683.010009765625,0.0,0.0,0.0,2.3920819759368896,-3.1255128383636475,0.3901607096195221,4.184506893157959,0.17428460717201233
65.8219985961914,0.0,0.0,0.0,2.838672161102295,0.9479041695594788,0.5822917222976685,2.54976224899292,0.5750013589859009
98.8219985961914,0.0,0.0,0.0,2.2219574451446533,-0.8810232877731323,0.28246060013771057,2.6852481365203857,0.24409639835357666
845.2420043945312,0.0,0.0,0.0,0.9486989974975586,2.686999559402466,-0.834248960018158,3.6675045490264893,-0.4782959818840027
281.91400146484375,0.0,0.0,0.0,3.759789228439331,-0.9001835584640503,-0.047849349677562714,3.956845283508301,-0.07051152735948563
144.68600463867188,0.0,0.0,0.0,1.792594075202942,-0.726416289806366,0.444500595331192,1.939037799835205,0.4133976399898529
502.3500061035156,0.0,0.0,0.0,3.686366558074951,0.13367916643619537,4.3550408008741215e-05,4.322401523590088,0.012039905413985252
905.3099975585938,0.0,0.0,0.0,2.3672587871551514,0.7650206685066223,-0.46288299560546875,2.6135449409484863,-0.42313191294670105
508.17401123046875,0.0,0.0,0.0,2.3632595539093018,2.3929200172424316,-0.8240180611610413,2.2634763717651367,-0.7115955948829651
493.3500061035156,0.0,0.0,0.0,1.1275238990783691,0.0005577591946348548,-0.04979822039604187,2.1212902069091797,-0.7393514513969421
136.9459991455078,0.0,0.0,0.0,1.1264245510101318,-0.02514459937810898,-0.05556221678853035,2.017483711242676,-0.15524478256702423
691.1259765625,0.0,0.0,0.0,-0.044066231697797775,0.030179206281900406,-0.005165486596524715,3.8730063438415527,-0.5897315144538879
330.1860046386719,0.0,0.0,0.0,4.051117420196533,1.2257661819458008,-0.2009628564119339,4.352632999420166,-0.09769423305988312
174.21800231933594,0.0,0.0,0.0,1.3943372964859009,0.20242907106876373,-0.5890257358551025,2.234044075012207,-1.0189317464828491
530.35400390625,0.0,0.0,0.0,0.08082835376262665,-0.003805040381848812,-0.12161047011613846,2.7770822048187256,1.0449564456939697
236.32200622558594,0.0,0.0,0.0,3.1183254718780518,-1.1945252418518066,0.20506595075130463,4.062560081481934,0.15186995267868042
906.8779907226562,0.0,0.0,0.0,2.3573193550109863,1.335223913192749,-0.42964544892311096,3.222691297531128,-0.37455639243125916
801.2340087890625,0.0,0.0,0.0,3.897336006164551,-1.9403088092803955,0.16504092514514923,5.058621883392334,0.08387043327093124
102.98200225830078,0.0,0.0,0.0,3.903244733810425,-0.7434629201889038,0.06952934712171555,4.33034610748291,0.009695698507130146
730.9500122070312,0.0,0.0,0.0,1.3517506122589111,0.017893509939312935,-0.14414900541305542,3.3395957946777344,0.6654353737831116
515.2020263671875,0.0,0.0,0.0,0.7886598706245422,-0.06450805813074112,0.11336495727300644,3.037635326385498,-0.24651525914669037
381.98199462890625,0.0,0.0,0.0,3.4190821647644043,-1.3836673498153687,0.10472441464662552,3.511326789855957,-0.0812038853764534
622.6380004882812,0.0,0.0,0.0,-1.278713345527649,-1.1048303842544556,1.449678897857666,4.221500873565674,-0.37569665908813477
347.98199462890625,0.0,0.0,0.0,1.0684890747070312,1.5123379230499268,-0.9133665561676025,2.8131790161132812,-0.7610475420951843
221.53799438476562,0.0,0.0,0.0,3.266477584838867,-0.5328002572059631,0.06476253271102905,3.592541456222534,0.04532712325453758
380.08599853515625,0.0,0.0,0.0,2.6755170822143555,-1.2121021747589111,0.2818221151828766,3.7502713203430176,0.3185673654079437
280.5580139160156,0.0,0.0,0.0,3.3904061317443848,-1.3433903455734253,0.12803520262241364,3.9811837673187256,0.08498235791921616
520.0819702148438,0.0,0.0,0.0,2.2973549365997314,0.6289840340614319,-0.1829461306333542,2.5390384197235107,-0.22715167701244354
55.209999084472656,0.0,0.0,0.0,-0.0008746366947889328,0.0010649829637259245,-0.0017507746815681458,0.0,0.0
915.9660034179688,0.0,0.0,0.0,4.494109630584717,0.9639694690704346,-0.06566967070102692,4.791879653930664,-0.0036218625027686357
353.7980041503906,0.0,0.0,0.0,2.1429402828216553,-0.6999540328979492,0.4970346987247467,2.8971633911132812,0.49748826026916504
523.6939697265625,0.0,0.0,0.0,1.355716347694397,1.2523596286773682,-0.6610156297683716,2.075212001800537,-0.5435804128646851
352.1579895019531,0.0,0.0,0.0,0.9804094433784485,-0.007805957458913326,-0.1553739309310913,2.502078056335449,0.45315834879875183
225.2100067138672,0.0,0.0,0.0,3.3487448692321777,-1.6111243963241577,0.22176851332187653,4.158077239990234,0.1575140357017517
793.4500122070312,0.0,0.0,0.0,3.954266309738159,-0.5842961072921753,-0.03513100743293762,4.446186542510986,-0.08038762211799622
945.8619995117188,0.0,0.0,0.0,-1.3077006340026855,-0.3584176301956177,-0.10491100698709488,3.3456122875213623,0.6621176600456238
832.3740234375,0.0,0.0,0.0,0.9130147099494934,-3.0641210079193115,0.5942140817642212,3.3213348388671875,-0.586889922618866
866.8820190429688,0.0,0.0,0.0,0.4128868281841278,-0.08719290047883987,-0.010779022239148617,0.3858885169029236,0.026534579694271088
160.7779998779297,0.0,0.0,0.0,-0.7068074345588684,0.46513229608535767,-1.1960448026657104,4.386203289031982,0.014860721305012703
830.7739868164062,0.0,0.0,0.0,2.096618890762329,-2.830101490020752,0.6474683880805969,3.2454166412353516,0.03886227309703827
215.25,0.0,0.0,0.0,2.394573926925659,-0.7602356672286987,0.1394994705915451,2.484452962875366,0.08552569895982742
862.4099731445312,0.0,0.0,0.0,3.569901943206787,-0.2996384799480438,0.010777745395898819,0.0,0.0
190.6739959716797,0.0,0.0,0.0,2.044182777404785,1.291073203086853,-0.7500471472740173,3.3662824630737305,-0.8267173171043396
134.30599975585938,0.0,0.0,0.0,-0.6961756348609924,-0.8082260489463806,1.5146310329437256,1.8645129203796387,-0.46313175559043884
150.35000610351562,0.0,0.0,0.0,1.816936731338501,-2.4535975456237793,0.5811038017272949,4.481836318969727,0.0014288579113781452
131.3179931640625,0.0,0.0,0.0,1.7422513961791992,-1.5772559642791748,0.6981022357940674,2.2666866779327393,0.667008101940155
914.1099853515625,0.0,0.0,0.0,4.231387615203857,1.235427975654602,-0.09674086421728134,4.8482770919799805,-0.017240706831216812
943.3820190429688,0.0,0.0,0.0,-0.31481224298477173,2.9585111141204834,-1.1886287927627563,4.0303239822387695,0.4071979820728302
69.35800170898438,0.0,0.0,0.0,2.3436124324798584,-1.9739245176315308,0.3833741545677185,4.342654228210449,0.07165926694869995
955.6500244140625,0.0,0.0,0.0,1.7376365661621094,3.0215673446655273,-0.6984977126121521,3.343308210372925,-0.44208699464797974
809.0139770507812,0.0,0.0,0.0,3.6240854263305664,1.776697039604187,-0.29803168773651123,4.472740173339844,-0.2037723958492279
395.25,0.0,0.0,0.0,2.2695274353027344,-2.5508949756622314,0.4828347861766815,4.281490802764893,0.07245311886072159
850.073974609375,0.0,0.0,0.0,0.38969486951828003,-0.04579687863588333,0.030959170311689377,1.563463568687439,0.07646786421537399
623.3380126953125,0.0,0.0,0.0,-1.2410523891448975,0.05858850106596947,0.5654842257499695,3.2000768184661865,-0.6798281073570251
561.0859985351562,0.0,0.0,0.0,1.2450449466705322,2.8531041145324707,-0.5025901198387146,2.6738789081573486,-0.21995918452739716
210.1179962158203,0.0,0.0,0.0,1.20180344581604,0.027892066165804863,-0.11705148220062256,1.1613038778305054,-0.061260901391506195
902.510009765625,0.0,0.0,0.0,3.9154229164123535,0.4184805750846863,-0.06480546295642853,3.043961763381958,-0.030991652980446815
672.3419799804688,0.0,0.0,0.0,3.4524662494659424,0.7289758324623108,-0.06155257672071457,3.975170612335205,-0.026396369561553
526.9140014648438,0.0,0.0,0.0,1.2135913372039795,1.7263364791870117,-0.7303173542022705,3.948669195175171,-0.15086863934993744
888.7100219726562,0.0,0.0,0.0,-2.2168209552764893,0.06767646968364716,0.7664422988891602,3.624887466430664,-0.477739155292511
593.7459716796875,0.0,0.0,0.0,3.5459671020507812,1.1140798330307007,-0.20856411755084991,4.0094499588012695,-0.20798207819461823
56.02199935913086,0.0,0.0,0.0,-0.002133395290002227,3.3217176678590477e-05,0.001050284830853343,0.4723075032234192,-0.0038675623945891857
833.0540161132812,0.0,0.0,0.0,-0.001110481913201511,-2.877657890319824,0.9988106489181519,3.098794937133789,-0.8151524066925049
422.9580078125,0.0,0.0,0.0,2.2486698627471924,-2.6393535137176514,0.3852095305919647,3.8120343685150146,0.32367143034935
491.6619873046875,0.0,0.0,0.0,-0.2777155637741089,0.08426807075738907,-0.009160209447145462,2.009007692337036,-0.5326619148254395
306.2139892578125,0.0,0.0,0.0,1.9990220069885254,-1.3053333759307861,0.35886862874031067,2.8150112628936768,0.16660134494304657
556.6300048828125,0.0,0.0,0.0,2.218686819076538,2.5872645378112793,-0.3886713981628418,4.029950141906738,-0.3350793719291687
190.91799926757812,0.0,0.0,0.0,2.000261068344116,1.5193315744400024,-0.7766318321228027,3.7073419094085693,-0.7066569924354553
498.29400634765625,0.0,0.0,0.0,1.5174140930175781,0.6083796620368958,-0.3435506224632263,2.0570766925811768,-0.3874984085559845
104.25800323486328,0.0,0.0,0.0,3.5442891120910645,-1.1267949342727661,0.46434545516967773,2.805371046066284,0.5264146327972412
892.3699951171875,0.0,0.0,0.0,-0.16720956563949585,0.052335020154714584,-0.022543903440237045,3.270047187805176,-0.4441888630390167
372.3500061035156,0.0,0.0,0.0,1.0855129957199097,-1.1609801054000854,0.5540419816970825,1.601328730583191,0.44372299313545227
713.8099975585938,0.0,0.0,0.0,4.016036033630371,-0.9749282002449036,0.4194827675819397,4.339222431182861,0.27538740634918213
133.75,0.0,0.0,0.0,-0.06642507761716843,-1.5727977752685547,1.358154296875,2.341522216796875,-0.4529763460159302
487.7900085449219,0.0,0.0,0.0,1.4097620248794556,-1.7948497533798218,0.7820751667022705,3.944214344024658,0.628635585308075
488.1499938964844,0.0,0.0,0.0,1.1627976894378662,-1.9241766929626465,0.8244771957397461,3.5435097217559814,0.29462382197380066
774.030029296875,0.0,0.0,0.0,0.2749423384666443,0.04380278289318085,0.09235493093729019,3.2164413928985596,-0.7315418720245361
685.8740234375,0.0,0.0,0.0,1.1937414407730103,-3.177424669265747,0.42457231879234314,3.8679051399230957,0.43354612588882446
344.2980041503906,0.0,0.0,0.0,-0.0960407629609108,-0.012340683490037918,0.2625635266304016,2.3824503421783447,-0.9002837538719177
876.3460083007812,0.0,0.0,0.0,3.9865639209747314,-1.113466501235962,0.23799662292003632,4.621670722961426,0.32421404123306274
76.24199676513672,0.0,0.0,0.0,1.7726445198059082,0.2980399429798126,-0.222021222114563,1.7164307832717896,-0.22316119074821472
599.7620239257812,0.0,0.0,0.0,4.3243536949157715,1.1314259767532349,-0.21517354249954224,4.591817378997803,-0.22076357901096344
581.302001953125,0.0,0.0,0.0,2.655031204223633,-1.4009753465652466,0.7246062755584717,2.0007925033569336,0.6290014386177063
955.3740234375,0.0,0.0,0.0,2.087031364440918,2.868999481201172,-0.7327272891998291,3.391786575317383,-0.4374392330646515
585.1500244140625,0.0,0.0,0.0,-0.7526116967201233,0.07195797562599182,0.2160518914461136,3.103543996810913,-0.5894206166267395
528.0139770507812,0.0,0.0,0.0,0.27754315733909607,1.661565899848938,-1.1384936571121216,4.12847900390625,0.3036862313747406
182.24600219726562,0.0,0.0,0.0,2.1026451587677,-0.5368638038635254,0.8140274286270142,2.7902722358703613,0.9545064568519592
739.7420043945312,0.0,0.0,0.0,3.9507381916046143,-0.2732866704463959,-0.054191719740629196,4.7956719398498535,-0.015101187862455845
500.4739990234375,0.0,0.0,0.0,2.829360246658325,0.45905551314353943,0.012221897952258587,3.736039400100708,-0.04290774092078209
542.4180297851562,0.0,0.0,0.0,2.4574122428894043,0.6355603337287903,-0.2489670217037201,2.953376054763794,-0.2869861125946045
326.19000244140625,0.0,0.0,0.0,3.2143678665161133,-1.6771408319473267,0.2635486423969269,4.620879173278809,0.2022903859615326
342.4700012207031,0.0,0.0,0.0,0.19730810821056366,-1.4203760623931885,1.3004124164581299,3.5639657974243164,-0.3764607012271881
897.573974609375,0.0,0.0,0.0,3.925420045852661,0.8360424041748047,-0.14759857952594757,4.5283613204956055,-0.04791397228837013
612.010009765625,0.0,0.0,0.0,0.3139628469944,3.2532312870025635,-0.7324724197387695,4.220841407775879,-0.08065558224916458
411.9460144042969,0.0,0.0,0.0,2.6192548274993896,-0.743977427482605,0.2628002464771271,3.1027424335479736,0.2862544655799866
833.8820190429688,0.0,0.0,0.0,-1.8302525281906128,-1.1276499032974243,1.2640001773834229,2.8056998252868652,-0.8378344774246216
773.114013671875,0.0,0.0,0.0,-0.38871076703071594,0.07514859735965729,0.08937792479991913,3.1016695499420166,-0.6758354306221008
247.906005859375,0.0,0.0,0.0,4.277864456176758,-0.414460152387619,-0.10901021212339401,4.101101398468018,-0.06447036564350128
67.21399688720703,0.0,0.0,0.0,2.3916728496551514,-1.2474002838134766,0.5654360055923462,3.194657325744629,0.4968392550945282
760.0180053710938,0.0,0.0,0.0,2.958582639694214,-0.6859042644500732,0.37351924180984497,2.7839787006378174,0.40751075744628906
689.0540161132812,0.0,0.0,0.0,-1.2271708250045776,-0.18854331970214844,0.5097870230674744,4.268970489501953,-0.4325253665447235
636.2459716796875,0.0,0.0,0.0,2.2944672107696533,0.9270589351654053,-0.32486867904663086,3.095825672149658,-0.32833725214004517
704.2979736328125,0.0,0.0,0.0,3.90787935256958,1.3377420902252197,-0.19247576594352722,4.5403056144714355,-0.1760767251253128
633.7899780273438,0.0,0.0,0.0,1.197409749031067,0.0699126124382019,-0.13655979931354523,1.8805439472198486,-0.1976497918367386
435.0379943847656,0.0,0.0,0.0,1.3749018907546997,1.7032169103622437,-0.7596642374992371,3.2014734745025635,0.004723408259451389
346.45001220703125,0.0,0.0,0.0,1.5093910694122314,0.6316500902175903,-0.8863452076911926,2.1779959201812744,-0.9664025902748108
801.030029296875,0.0,0.0,0.0,3.906313180923462,-1.9799960851669312,0.17499229311943054,4.514431953430176,0.11121798306703568
343.5580139160156,0.0,0.0,0.0,-0.49788352847099304,-0.3306109607219696,0.929931640625,2.791149139404297,-0.7579371333122253
814.281982421875,0.0,0.0,0.0,2.227186918258667,0.82616126537323,-0.3868011236190796,2.0495827198028564,-0.30251452326774597
722.02197265625,0.0,0.0,0.0,4.441418170928955,-0.03635776787996292,0.012429608032107353,4.669240951538086,0.05876987800002098
466.8340148925781,0.0,0.0,0.0,3.3199222087860107,-1.2808247804641724,0.17583876848220825,4.455160140991211,0.15188944339752197
524.2860107421875,0.0,0.0,0.0,1.344935655593872,1.2912821769714355,-0.6160603761672974,2.2253193855285645,-0.5179840922355652
192.6060028076172,0.0,0.0,0.0,0.4791184961795807,2.3425774574279785,-1.0328774452209473,0.0,0.0
157.57400512695312,0.0,0.0,0.0,1.519222378730774,0.7974348664283752,-0.8610311150550842,2.007601737976074,-0.815693199634552
92.22200012207031,0.0,0.0,0.0,1.1960941553115845,-0.07985592633485794,0.14804039895534515,1.3335164785385132,0.2079443782567978
544.2940063476562,0.0,0.0,0.0,2.7652032375335693,1.1156017780303955,-0.3225212097167969,3.4564146995544434,-0.32784202694892883
308.2860107421875,0.0,0.0,0.0,2.186124801635742,-0.8223965167999268,0.3384864926338196,2.071885585784912,0.32277965545654297
920.1699829101562,0.0,0.0,0.0,3.6635360717773438,-2.058640956878662,0.44817909598350525,3.8595874309539795,0.5634592175483704
333.7539978027344,0.0,0.0,0.0,3.997083902359009,-1.3042576313018799,0.20042434334754944,4.4008002281188965,0.1110152155160904
267.74200439453125,0.0,0.0,0.0,3.4993977546691895,0.5559514164924622,0.1663503348827362,3.370570182800293,0.27379703521728516
848.2100219726562,0.0,0.0,0.0,-0.8306460380554199,-0.22667323052883148,-0.08548066765069962,2.2199974060058594,0.18251927196979523
351.04998779296875,0.0,0.0,0.0,-0.08331003040075302,-0.05956381931900978,-0.14184732735157013,2.0756783485412598,0.27157914638519287
403.2139892578125,0.0,0.0,0.0,1.130536675453186,-0.033847130835056305,-0.14245383441448212,1.5979702472686768,0.02964206412434578
932.197998046875,0.0,0.0,0.0,3.9550375938415527,0.5556421279907227,-0.09933140128850937,4.78949499130249,-0.12008094042539597
194.24600219726562,0.0,0.0,0.0,-7.740566798020154e-05,1.1204692125320435,0.0011397087946534157,0.0,0.0
895.4819946289062,0.0,0.0,0.0,2.762158155441284,-0.07188910990953445,-0.0661754310131073,4.401350975036621,-0.28580257296562195
682.8179931640625,0.0,0.0,0.0,2.479060649871826,-3.0830798149108887,0.4084928631782532,3.8606600761413574,0.19942428171634674
857.2059936523438,0.0,0.0,0.0,3.463273763656616,-0.6144760847091675,0.06314483284950256,4.256442546844482,0.09192616492509842
743.7100219726562,0.0,0.0,0.0,4.405696868896484,-0.7571102380752563,0.2697151303291321,4.644482612609863,0.29667359590530396
724.47802734375,0.0,0.0,0.0,1.6936043500900269,2.2963991165161133,-0.7640986442565918,2.0417721271514893,-0.3917214870452881
259.75799560546875,0.0,0.0,0.0,0.2308053821325302,-0.008358314633369446,-0.04268110916018486,2.6086392402648926,0.28935036063194275
541.6420288085938,0.0,0.0,0.0,2.3823511600494385,0.38342681527137756,-0.22393497824668884,2.689788579940796,-0.22911140322685242
828.1740112304688,0.0,0.0,0.0,3.9006145000457764,-0.7484391331672668,0.19096024334430695,4.3998284339904785,0.11583991348743439
823.5460205078125,0.0,0.0,0.0,2.5324466228485107,2.4221339225769043,-0.3705875277519226,4.075073719024658,-0.14920037984848022
615.1500244140625,0.0,0.0,0.0,-1.0280437469482422,-0.2922337055206299,-0.06024818494915962,2.937181234359741,0.7044299840927124
910.7420043945312,0.0,0.0,0.0,3.7180700302124023,1.3886107206344604,-0.15051902830600739,4.53691291809082,-0.23361904919147491
289.0820007324219,0.0,0.0,0.0,2.203442096710205,-2.8737270832061768,0.4833361804485321,3.635626792907715,0.3095330595970154
58.518001556396484,0.0,0.0,0.0,2.3581526279449463,0.2768608629703522,-0.15622572600841522,3.214862585067749,-0.17295324802398682
810.7420043945312,0.0,0.0,0.0,3.4941048622131348,1.5344834327697754,-0.15142589807510376,3.6389734745025635,-0.08807189017534256
771.4539794921875,0.0,0.0,0.0,-1.0006942749023438,-1.0125290155410767,1.3164485692977905,3.977219581604004,-0.11735090613365173
495.6579895019531,0.0,0.0,0.0,1.7563556432724,1.350008487701416,-0.534755289554596,2.146444082260132,-0.38654759526252747
703.2860107421875,0.0,0.0,0.0,3.752863645553589,1.1624054908752441,-0.12170114368200302,4.395326614379883,-0.1921762377023697
951.64599609375,0.0,0.0,0.0,3.021711587905884,0.12502528727054596,-0.19272708892822266,4.414327144622803,-0.3128648102283478
864.2100219726562,0.0,0.0,0.0,2.376408100128174,-0.21408693492412567,0.011035582982003689,0.0,0.0
135.97000122070312,0.0,0.0,0.0,0.07308884710073471,0.016283562406897545,0.11665615439414978,1.9603450298309326,-0.6267452836036682
831.97802734375,0.0,0.0,0.0,1.212545394897461,-3.0919628143310547,0.510101318359375,3.431506395339966,-0.4715041220188141
784.9940185546875,0.0,0.0,0.0,1.4740121364593506,-0.2260129600763321,0.13097608089447021,1.5151774883270264,0.11981628090143204
317.2019958496094,0.0,0.0,0.0,2.6044392585754395,-2.414884090423584,-0.037331026047468185,3.629927158355713,-0.39963823556900024
506.25,0.0,0.0,0.0,3.8690972328186035,1.7680699825286865,-0.18983104825019836,4.31497859954834,-0.07550977915525436
743.6019897460938,0.0,0.0,0.0,4.419501304626465,-0.6482335925102234,0.2529621422290802,4.665456771850586,0.3012111783027649
455.3340148925781,0.0,0.0,0.0,2.5958921909332275,-2.159388780593872,0.4223766326904297,2.607065200805664,0.2699192464351654
434.3500061035156,0.0,0.0,0.0,1.6409932374954224,1.399053931236267,-0.782706618309021,2.8852133750915527,-0.5114583373069763
575.3499755859375,0.0,0.0,0.0,3.895223379135132,-1.1859639883041382,-0.12123256921768188,4.420166969299316,-0.20492008328437805
587.0579833984375,0.0,0.0,0.0,0.5122951865196228,-0.015500233508646488,0.09947716444730759,3.01153302192688,-0.7431084513664246
275.2139892578125,0.0,0.0,0.0,1.3910857439041138,-0.23932307958602905,0.24958114326000214,1.8480244874954224,0.2934873700141907
324.114013671875,0.0,0.0,0.0,2.6460797786712646,-1.2762278318405151,0.29352471232414246,4.013391494750977,0.37048086524009705
335.510009765625,0.0,0.0,0.0,3.7406504154205322,-1.2073922157287598,0.052431371062994,3.469087839126587,0.004325836431235075
81.03399658203125,0.0,0.0,0.0,2.401299476623535,1.1801695823669434,-0.5020659565925598,3.3404462337493896,-0.5529674291610718
786.114013671875,0.0,0.0,0.0,1.4014040231704712,-0.31892189383506775,0.11880754679441452,1.4443122148513794,0.12869714200496674
763.177978515625,0.0,0.0,0.0,2.9445316791534424,0.26663556694984436,0.03768935054540634,2.5413269996643066,0.20585031807422638
710.2059936523438,0.0,0.0,0.0,4.084629535675049,1.4259394407272339,-0.3196505010128021,4.457855701446533,-0.254329651594162
470.7980041503906,0.0,0.0,0.0,4.417520523071289,0.03238524869084358,-0.20127230882644653,4.3900885581970215,-0.21504798531532288
469.4339904785156,0.0,0.0,0.0,4.233792781829834,-0.7017966508865356,-0.0033268225379288197,4.7409820556640625,0.03879176452755928
766.1220092773438,0.0,0.0,0.0,2.757728099822998,-1.4979724884033203,0.27659153938293457,3.519901752471924,0.25005125999450684
360.91400146484375,0.0,0.0,0.0,4.203970909118652,-0.7103955745697021,0.0013778286520391703,4.697682857513428,0.011778651736676693
234.00599670410156,0.0,0.0,0.0,2.2477002143859863,-0.8305673599243164,0.3555193245410919,3.257944345474243,0.35483506321907043
299.7860107421875,0.0,0.0,0.0,3.157728910446167,0.008299743756651878,-0.590158998966217,2.439525604248047,-0.4568786025047302
191.02200317382812,0.0,0.0,0.0,1.967584490776062,1.607459545135498,-0.7870740294456482,3.6491363048553467,-0.7952051758766174
182.5500030517578,0.0,0.0,0.0,2.076724052429199,-0.947939932346344,0.8745681643486023,2.9469823837280273,0.8301660418510437
607.885986328125,0.0,0.0,0.0,3.088740348815918,2.6933882236480713,-0.35160911083221436,3.8591692447662354,-0.2911751866340637
384.6300048828125,0.0,0.0,0.0,1.795337438583374,1.6652096509933472,-0.7466140985488892,2.1190428733825684,-0.5665827393531799
128.88600158691406,0.0,0.0,0.0,2.952594757080078,0.16848865151405334,0.054650504142045975,2.6896419525146484,0.3351893126964569
944.0980224609375,0.0,0.0,0.0,-1.9797296524047852,1.2020494937896729,-1.2242937088012695,3.8461391925811768,0.5239003300666809
953.5139770507812,0.0,0.0,0.0,3.789098024368286,1.2532093524932861,-0.22573189437389374,4.365842819213867,-0.20473811030387878
581.9860229492188,0.0,0.0,0.0,1.583341121673584,-2.0486526489257812,0.9232571125030518,2.2515289783477783,0.7308419942855835
664.9940185546875,0.0,0.0,0.0,1.1368886232376099,0.07486584782600403,0.02261095866560936,2.0133845806121826,0.0652315691113472
248.697998046875,0.0,0.0,0.0,3.977924346923828,-0.34579795598983765,0.22779640555381775,3.259789228439331,0.372196227312088
84.2979965209961,0.0,0.0,0.0,1.7050503492355347,2.701658010482788,-0.6118294596672058,3.226020336151123,-0.5126122832298279
737.3619995117188,0.0,0.0,0.0,3.277120590209961,-0.6240194439888,0.0548907145857811,3.893141508102417,0.02946583926677704
740.3980102539062,0.0,0.0,0.0,4.108091354370117,-0.16043266654014587,-0.012786920182406902,4.60651969909668,0.011751222424209118
225.5500030517578,0.0,0.0,0.0,3.414531946182251,-1.615768313407898,0.18550382554531097,4.086775302886963,0.03823521360754967
419.2179870605469,0.0,0.0,0.0,3.7876946926116943,-1.7202715873718262,0.25426018238067627,4.15441370010376,0.15984486043453217
592.4019775390625,0.0,0.0,0.0,3.617161750793457,1.1709034442901611,-0.16859424114227295,3.4482176303863525,0.007444074377417564
89.01000213623047,0.0,0.0,0.0,-0.7901275753974915,-0.17726515233516693,-0.025327203795313835,2.320066452026367,-0.27311888337135315
187.97000122070312,0.0,0.0,0.0,0.27528855204582214,0.03631012141704559,0.006896488834172487,2.9310214519500732,-0.8352944254875183
310.1860046386719,0.0,0.0,0.0,1.9189844131469727,-1.1668882369995117,0.47811445593833923,2.8314201831817627,0.4599679112434387
587.75,0.0,0.0,0.0,1.2456532716751099,-0.09424426406621933,0.15396350622177124,3.05008602142334,-0.8163445591926575
457.50201416015625,0.0,0.0,0.0,1.8792741298675537,-1.3196653127670288,0.14468689262866974,2.048630475997925,0.07406186312437057
665.8779907226562,0.0,0.0,0.0,1.946616291999817,0.010727119632065296,0.047017652541399,2.7034077644348145,0.08386753499507904
609.7739868164062,0.0,0.0,0.0,2.1376426219940186,3.3065106868743896,-0.45331141352653503,4.531052112579346,-0.11878739297389984
710.9420166015625,0.0,0.0,0.0,3.9434211254119873,1.7985727787017822,-0.27469781041145325,4.746636390686035,-0.16585057973861694
949.7139892578125,0.0,0.0,0.0,0.9959465861320496,0.0058794389478862286,0.07306888699531555,4.387050151824951,-0.29159465432167053
925.781982421875,0.0,0.0,0.0,-0.98050457239151,0.31034520268440247,0.05101899057626724,3.9268829822540283,-0.12329532206058502
162.24200439453125,0.0,0.0,0.0,0.1948619782924652,-0.007405053824186325,-0.04973534494638443,3.8607771396636963,0.6077782511711121
381.2019958496094,0.0,0.0,0.0,3.1503939628601074,-1.3841649293899536,0.22961917519569397,4.00937032699585,0.20514848828315735
179.1219940185547,0.0,0.0,0.0,-0.419314980506897,-0.007575342897325754,-0.21131134033203125,3.5421142578125,0.5925425887107849
700.7260131835938,0.0,0.0,0.0,2.918811082839966,1.2618645429611206,-0.2866370677947998,3.8099706172943115,-0.19924360513687134
243.93800354003906,0.0,0.0,0.0,3.824492931365967,-1.4968336820602417,0.36722269654273987,4.078986644744873,0.32745450735092163
638.4500122070312,0.0,0.0,0.0,3.1940159797668457,1.238173007965088,-0.2213355004787445,4.339795112609863,-0.14972810447216034
728.8060302734375,0.0,0.0,0.0,-0.4918714165687561,-0.08856148272752762,-0.1397574096918106,2.755178213119507,0.4469342827796936
175.23399353027344,0.0,0.0,0.0,1.5171785354614258,1.026129961013794,-0.9526174664497375,2.4477903842926025,-1.0262402296066284
219.07400512695312,0.0,0.0,0.0,2.293234348297119,-0.3988252282142639,0.11143776029348373,2.9110636711120605,0.12647996842861176
626.8779907226562,0.0,0.0,0.0,1.3491907119750977,0.07278372347354889,-0.14860257506370544,1.5465054512023926,-0.1609584242105484
843.9819946289062,0.0,0.0,0.0,2.877866506576538,1.7167675495147705,-0.8084090352058411,2.610110282897949,-0.6885088086128235
401.010009765625,0.0,0.0,0.0,-0.6846205592155457,0.13316850364208221,0.08061869442462921,1.9035762548446655,-0.61479252576828
394.8380126953125,0.0,0.0,0.0,2.4270780086517334,-2.4090540409088135,0.49086514115333557,4.33563232421875,0.14997217059135437
234.1219940185547,0.0,0.0,0.0,2.2875261306762695,-0.8475285172462463,0.3545553982257843,3.148699998855591,0.3629448711872101
328.1099853515625,0.0,0.0,0.0,3.901473045349121,-0.8616051077842712,-0.18575045466423035,4.249439239501953,-0.34085574746131897
855.0540161132812,0.0,0.0,0.0,2.3590617179870605,-0.22968611121177673,0.1396235078573227,3.4236629009246826,0.18457216024398804
415.4100036621094,0.0,0.0,0.0,3.6853458881378174,-0.954056441783905,0.04551213979721069,4.796844005584717,0.04502926394343376
77.55000305175781,0.0,0.0,0.0,1.4678997993469238,0.6027898788452148,-0.4623761475086212,1.7430832386016846,-0.3696703314781189
704.0579833984375,0.0,0.0,0.0,3.886892318725586,1.2865968942642212,-0.19572073221206665,4.7222747802734375,-0.21384574472904205
797.3380126953125,0.0,0.0,0.0,3.877401113510132,-1.8371272087097168,0.31618615984916687,4.712479114532471,0.26292145252227783
583.3779907226562,0.0,0.0,0.0,-0.036272380501031876,-2.0456645488739014,1.200677514076233,3.2756521701812744,0.30685552954673767
875.7100219726562,0.0,0.0,0.0,3.947737693786621,-1.0294561386108398,0.05794824659824371,4.584115028381348,0.1640971302986145
111.25800323486328,0.0,0.0,0.0,0.2309538573026657,0.08051174134016037,0.011260762810707092,2.4201879501342773,-0.5749080181121826
98.13800048828125,0.0,0.0,0.0,2.0776472091674805,-0.8724009394645691,0.3311425745487213,2.6206021308898926,0.2727806866168976
194.03799438476562,0.0,0.0,0.0,-0.0008631531964056194,1.3133387565612793,-0.001612550811842084,0.0,0.0
935.6420288085938,0.0,0.0,0.0,3.6731834411621094,1.1849284172058105,-0.24504801630973816,4.273486137390137,-0.22816340625286102
339.77398681640625,0.0,0.0,0.0,1.1938937902450562,-1.4363723993301392,0.5891069769859314,2.2907674312591553,0.46477779746055603
901.1619873046875,0.0,0.0,0.0,4.277721405029297,0.5570548176765442,0.024635709822177887,4.056053638458252,0.016727730631828308
102.44999694824219,0.0,0.0,0.0,3.733354091644287,-0.8111428022384644,0.07252760231494904,4.295033931732178,0.04587313532829285
845.1060180664062,0.0,0.0,0.0,1.14512038230896,2.676494836807251,-0.8351112604141235,3.377668619155884,-0.5682615637779236
939.1380004882812,0.0,0.0,0.0,4.042189121246338,0.9112473726272583,-0.0446542352437973,4.388845920562744,-0.011218573898077011
923.1060180664062,0.0,0.0,0.0,-2.4263312816619873,-0.8661960363388062,1.1184803247451782,3.900179386138916,-0.18994037806987762
613.2780151367188,0.0,0.0,0.0,-2.024200677871704,0.7349252700805664,-0.897324800491333,3.464714527130127,0.292771577835083
70.35399627685547,0.0,0.0,0.0,2.476778030395508,-1.945122480392456,0.24428731203079224,4.03922700881958,-0.1290396898984909
215.1699981689453,0.0,0.0,0.0,2.388019323348999,-0.7677141427993774,0.1397264301776886,2.712322950363159,0.10532734543085098
257.6860046386719,0.0,0.0,0.0,-0.7949162721633911,0.5291635990142822,-1.1760567426681519,2.242295265197754,0.08614654839038849
534.14599609375,0.0,0.0,0.0,0.9598830938339233,-1.840384602546692,0.9279491305351257,2.49324631690979,0.2508965730667114
754.677978515625,0.0,0.0,0.0,1.2026325464248657,0.1133369654417038,-0.18425677716732025,3.1453638076782227,0.6081153750419617
572.1300048828125,0.0,0.0,0.0,3.101349353790283,-2.039695978164673,0.4269627630710602,4.54839563369751,0.16512836515903473
718.5380249023438,0.0,0.0,0.0,4.170859336853027,-0.8485935926437378,-0.03846541792154312,4.235713005065918,0.04581493139266968
747.8820190429688,0.0,0.0,0.0,-1.0260530710220337,-3.3142688274383545,1.326183795928955,3.7975640296936035,0.24887914955615997
886.0180053710938,0.0,0.0,0.0,2.828871726989746,-2.4459667205810547,0.8932403326034546,3.2208521366119385,0.6230555176734924
859.9619750976562,0.0,0.0,0.0,4.328900337219238,-0.5163925886154175,-0.02700822614133358,4.268340587615967,-0.042654313147068024
753.3579711914062,0.0,0.0,0.0,-0.006579239387065172,0.06594173610210419,0.007750304881483316,2.9572625160217285,0.47935783863067627
443.1820068359375,0.0,0.0,0.0,2.2584547996520996,-0.9613507390022278,0.2750711441040039,3.4851231575012207,0.281792014837265
794.1580200195312,0.0,0.0,0.0,4.106797695159912,-0.31356388330459595,-0.03880872577428818,4.576113224029541,0.12847013771533966
204.1179962158203,0.0,0.0,0.0,0.9330881237983704,-2.569960117340088,0.7761474847793579,3.681216239929199,0.11421087384223938
143.20599365234375,0.0,0.0,0.0,2.316030263900757,-0.5866180062294006,0.11600957810878754,2.155559778213501,0.048369377851486206
485.39801025390625,0.0,0.0,0.0,1.509326457977295,-0.18126997351646423,0.6031036376953125,2.3290205001831055,0.9062426686286926
172.88600158691406,0.0,0.0,0.0,0.1802750527858734,0.031481049954891205,0.04821212962269783,2.201047658920288,-1.0892127752304077
200.91799926757812,0.0,0.0,0.0,3.658128261566162,0.18293994665145874,0.15244948863983154,3.6231024265289307,0.43070188164711
661.8499755859375,0.0,0.0,0.0,2.0076799392700195,0.7667204141616821,-0.16067244112491608,2.010680675506592,-0.13298523426055908
152.57400512695312,0.0,0.0,0.0,-1.0097459554672241,-1.4878315925598145,1.451364517211914,3.810194730758667,-0.7146021127700806
319.6860046386719,0.0,0.0,0.0,2.5246686935424805,0.1170424297451973,0.30455708503723145,1.9003022909164429,0.4128934144973755
517.8779907226562,0.0,0.0,0.0,2.564931869506836,0.6352090239524841,-0.27511167526245117,2.6234445571899414,-0.24074558913707733
712.8099975585938,0.0,0.0,0.0,4.192109107971191,0.7859513163566589,0.32962989807128906,4.140338897705078,0.44010722637176514
199.70199584960938,0.0,0.0,0.0,3.4320311546325684,0.3135449290275574,-0.028711792081594467,3.9706428050994873,-0.025342565029859543
490.9100036621094,0.0,0.0,0.0,-0.6520964503288269,0.11139526963233948,0.17393337190151215,2.0397300720214844,-0.5366896390914917
311.1260070800781,0.0,0.0,0.0,2.161327838897705,-1.3689602613449097,0.4793114960193634,3.3588240146636963,0.348581463098526
190.44200134277344,0.0,0.0,0.0,2.062488555908203,1.0933843851089478,-0.7752662301063538,3.131765604019165,-0.8326587677001953
686.2100219726562,0.0,0.0,0.0,1.0269030332565308,-3.099904775619507,0.4426116347312927,4.12490701675415,0.4157399833202362
493.50201416015625,0.0,0.0,0.0,1.2592121362686157,0.031062407419085503,-0.2726466655731201,2.073523998260498,-0.7169257402420044
899.3779907226562,0.0,0.0,0.0,4.258133411407471,1.0291247367858887,-0.06622553616762161,4.420211315155029,-0.025370990857481956
57.709999084472656,0.0,0.0,0.0,1.7570677995681763,0.09810499846935272,-0.11285172402858734,2.669363021850586,-0.14065773785114288
780.5419921875,0.0,0.0,0.0,-1.459479808807373,0.03862874582409859,-0.6525367498397827,2.8650007247924805,0.18764084577560425
460.3699951171875,0.0,0.0,0.0,1.6928292512893677,-0.3965587019920349,0.07335354387760162,1.6855837106704712,0.03548307716846466
60.374000549316406,0.0,0.0,0.0,3.192655563354492,0.7600209712982178,-0.15031994879245758,4.055211067199707,-0.10675950348377228
420.0260009765625,0.0,0.0,0.0,3.5474252700805664,-1.8305104970932007,0.2702406644821167,3.595062017440796,0.24085743725299835
389.4339904785156,0.0,0.0,0.0,-0.060181524604558945,-0.0047760955058038235,-0.08514294028282166,3.5948069095611572,0.42492562532424927
146.3459930419922,0.0,0.0,0.0,1.7911500930786133,-0.9739425778388977,0.4346505105495453,2.6824495792388916,0.5026663541793823
341.5580139160156,0.0,0.0,0.0,0.9538716673851013,-1.539381980895996,0.8119195699691772,3.812223434448242,0.019257420673966408
480.6780090332031,0.0,0.0,0.0,0.7535261511802673,1.9129307270050049,-0.6356046795845032,3.1180617809295654,0.02825605496764183
408.20599365234375,0.0,0.0,0.0,2.6478798389434814,-1.341862678527832,0.3416662812232971,4.024609088897705,0.24180330336093903
107.30999755859375,0.0,0.0,0.0,0.02652709186077118,-2.4040610790252686,0.9884893894195557,2.8716623783111572,0.36907297372817993
184.48199462890625,0.0,0.0,0.0,0.24791759252548218,-2.0743770599365234,1.2639683485031128,3.8800878524780273,0.24216561019420624
510.46600341796875,0.0,0.0,0.0,-1.9198836088180542,0.29330331087112427,-0.9223247766494751,3.036322593688965,0.2174134999513626
285.614013671875,0.0,0.0,0.0,4.478055000305176,0.33205920457839966,0.0034500083420425653,4.522270202636719,0.030666954815387726
584.8779907226562,0.0,0.0,0.0,-0.8959097266197205,0.023880621418356895,0.34526386857032776,3.2458648681640625,-0.45143380761146545
375.67401123046875,0.0,0.0,0.0,2.0933187007904053,-0.8049542307853699,0.45932021737098694,2.0438692569732666,0.39363089203834534
83.302001953125,0.0,0.0,0.0,2.2960093021392822,2.2769973278045654,-0.5160362720489502,3.7874701023101807,-0.5497136116027832
683.1099853515625,0.0,0.0,0.0,2.3536195755004883,-3.1397907733917236,0.3940623104572296,4.282123565673828,0.18487092852592468
714.530029296875,0.0,0.0,0.0,3.7500271797180176,-1.6932257413864136,0.3417367935180664,4.581888198852539,0.28717097640037537
205.5500030517578,0.0,0.0,0.0,-1.3328654766082764,-0.9289466142654419,1.3463268280029297,3.2262909412384033,-0.5190699696540833
164.6060028076172,0.0,0.0,0.0,2.5711629390716553,-0.4830332398414612,0.49832332134246826,3.7348554134368896,0.7496846318244934
650.6099853515625,0.0,0.0,0.0,2.621241807937622,2.7566816806793213,-0.02895493246614933,3.6409361362457275,0.2702940106391907
456.6820068359375,0.0,0.0,0.0,1.9198505878448486,-1.7783781290054321,0.2104243040084839,2.408463954925537,0.15023742616176605
82.01399993896484,0.0,0.0,0.0,2.492617607116699,1.630740761756897,-0.5352703332901001,4.088577747344971,-0.5604979395866394
494.9739990234375,0.0,0.0,0.0,1.8137208223342896,1.0635665655136108,-0.6873562932014465,2.8987016677856445,-0.6857368350028992
264.6499938964844,0.0,0.0,0.0,3.4309818744659424,-0.5998371243476868,-0.14424452185630798,4.245670318603516,-0.21654915809631348
635.8179931640625,0.0,0.0,0.0,2.1302616596221924,0.7702853679656982,-0.3937682509422302,3.043468952178955,-0.43411192297935486
317.7820129394531,0.0,0.0,0.0,3.118462562561035,-1.5315048694610596,-0.4090100824832916,3.241271495819092,-0.4340828061103821
845.0339965820312,0.0,0.0,0.0,1.246239185333252,2.654259443283081,-0.8447175621986389,3.637378692626953,-0.6443985104560852
869.8900146484375,0.0,0.0,0.0,1.7459808588027954,-0.6672655344009399,0.4108026325702667,2.321498394012451,0.4393156170845032
243.45399475097656,0.0,0.0,0.0,3.9959075450897217,-1.0393884181976318,0.34623217582702637,4.29260778427124,0.4097994863986969
869.406005859375,0.0,0.0,0.0,1.6165013313293457,-0.5068268775939941,0.39364805817604065,2.2201058864593506,0.42254170775413513
703.7420043945312,0.0,0.0,0.0,3.830970525741577,1.2219865322113037,-0.18307273089885712,4.652566432952881,-0.1681935042142868
300.10198974609375,0.0,0.0,0.0,2.887331962585449,0.5806118249893188,-0.6528356671333313,2.189332962036133,-0.42817726731300354
409.19000244140625,0.0,0.0,0.0,2.808518409729004,-1.1940889358520508,-0.04044438153505325,2.9480977058410645,-0.06628444045782089
130.8820037841797,0.0,0.0,0.0,2.0153987407684326,-1.4061532020568848,0.6044937968254089,2.2151389122009277,0.5571669340133667
238.9499969482422,0.0,0.0,0.0,3.5183985233306885,-0.9363735318183899,0.12265454232692719,3.8161609172821045,0.11967509239912033
848.5700073242188,0.0,0.0,0.0,-0.6345804333686829,-0.17393654584884644,-0.029696134850382805,1.9680018424987793,0.0650378093123436
391.385986328125,0.0,0.0,0.0,1.7667354345321655,0.12854446470737457,-0.07379864156246185,3.76021671295166,0.6361696124076843
423.9460144042969,0.0,0.0,0.0,2.042630434036255,-2.733541965484619,0.3357773721218109,3.943626642227173,0.10739044100046158
778.3980102539062,0.0,0.0,0.0,1.405670404434204,2.5837433338165283,-0.8018133044242859,4.069367408752441,-0.4115492105484009
397.8500061035156,0.0,0.0,0.0,0.980607807636261,-2.679187774658203,0.6126993298530579,3.1985249519348145,-0.5704237818717957
419.0140075683594,0.0,0.0,0.0,3.85426926612854,-1.6573939323425293,0.2832379937171936,4.106344223022461,0.20038177073001862
623.6060180664062,0.0,0.0,0.0,-1.0815521478652954,0.1703338772058487,0.3153480589389801,3.1381025314331055,-0.8758248090744019
167.53799438476562,0.0,0.0,0.0,1.7512913942337036,-2.750077724456787,0.6054368019104004,4.629109859466553,0.028629202395677567
427.9700012207031,0.0,0.0,0.0,-1.1960357427597046,-1.5332856178283691,1.3745875358581543,3.5121381282806396,-0.7194141745567322
242.7100067138672,0.0,0.0,0.0,4.1637372970581055,-0.6502198576927185,-0.01005665585398674,4.227105140686035,0.19777610898017883
879.469970703125,0.0,0.0,0.0,3.766744613647461,-1.9909191131591797,0.13100549578666687,4.866217613220215,0.10751450061798096
191.41400146484375,0.0,0.0,0.0,1.7822809219360352,1.9238793849945068,-0.7828169465065002,4.096814155578613,-0.5381535291671753
720.0139770507812,0.0,0.0,0.0,4.269662380218506,-0.31584692001342773,-0.035659488290548325,4.7823805809021,-0.023364232853055
246.6300048828125,0.0,0.0,0.0,4.108817100524902,-1.2135734558105469,-0.07504219561815262,4.323680877685547,-0.1824304312467575
341.3500061035156,0.0,0.0,0.0,1.036924123764038,-1.52317476272583,0.7498564720153809,3.6536669731140137,0.1169326901435852
218.52200317382812,0.0,0.0,0.0,2.0664854049682617,-0.3705144226551056,0.07822536677122116,2.5322792530059814,0.11737797409296036
672.010009765625,0.0,0.0,0.0,3.3398473262786865,0.7413312196731567,-0.09483171999454498,4.1117682456970215,-0.049614228308200836
747.2659912109375,0.0,0.0,0.0,0.9589364528656006,-3.704955577850342,0.9019895792007446,3.4362196922302246,0.6104933023452759
605.1179809570312,0.0,0.0,0.0,3.0303924083709717,3.0737550258636475,-0.28559938073158264,4.770203113555908,-0.10742807388305664
198.7100067138672,0.0,0.0,0.0,3.035538911819458,0.2641281187534332,-0.056555043905973434,3.676945686340332,-0.06898171454668045
117.22200012207031,0.0,0.0,0.0,0.31419599056243896,1.3115540742874146,-1.2103439569473267,1.7773405313491821,-0.4763128459453583
478.4700012207031,0.0,0.0,0.0,1.258768916130066,2.4145009517669678,-0.4106392562389374,3.049405097961426,-0.24263006448745728
413.6659851074219,0.0,0.0,0.0,3.087517738342285,-1.0735276937484741,0.19718676805496216,4.039995193481445,0.18229900300502777
197.6060028076172,0.0,0.0,0.0,2.3635082244873047,0.1359865963459015,-0.06451902538537979,3.528850555419922,-0.09182441234588623
610.5139770507812,0.0,0.0,0.0,1.7166378498077393,3.414689302444458,-0.4529172480106354,3.9791438579559326,0.10746755450963974
85.47799682617188,0.0,0.0,0.0,0.7769790887832642,2.8409245014190674,-0.5960757732391357,3.231395721435547,-0.34929370880126953
227.07400512695312,0.0,0.0,0.0,3.6595451831817627,-1.2484886646270752,0.06078038364648819,3.7875678539276123,0.030777525156736374
71.69400024414062,0.0,0.0,0.0,3.0974714756011963,-1.065929651260376,-0.15137340128421783,3.4646143913269043,-0.20823441445827484
462.39801025390625,0.0,0.0,0.0,1.7198175191879272,-0.3944535255432129,0.30419307947158813,2.183518886566162,0.33391299843788147
326.697998046875,0.0,0.0,0.0,3.3497297763824463,-1.662474513053894,0.20328190922737122,4.523866653442383,0.09342853724956512
739.9500122070312,0.0,0.0,0.0,4.014732837677002,-0.23965251445770264,-0.03539121150970459,4.506621837615967,-0.043721988797187805
638.0780029296875,0.0,0.0,0.0,3.0205845832824707,1.2434974908828735,-0.19627293944358826,4.281275749206543,-0.19569778442382812
686.3140258789062,0.0,0.0,0.0,0.972639262676239,-3.070439577102661,0.44779980182647705,4.313650131225586,0.50184565782547
182.47000122070312,0.0,0.0,0.0,2.097168445587158,-0.8509864807128906,0.8842397928237915,2.777785539627075,0.8832707405090332
610.1820068359375,0.0,0.0,0.0,1.9184931516647339,3.3783206939697266,-0.4649767279624939,4.165574073791504,0.11145339906215668
210.25,0.0,0.0,0.0,1.191607117652893,0.025559699162840843,-0.09868735820055008,1.140821099281311,-0.037126075476408005
759.35400390625,0.0,0.0,0.0,3.260254144668579,-0.2537181079387665,0.1739150732755661,2.946727752685547,0.26072555780410767
443.48199462890625,0.0,0.0,0.0,2.4401559829711914,-0.9728146195411682,0.22462697327136993,3.5628397464752197,0.3223491311073303
627.4459838867188,0.0,0.0,0.0,1.4576793909072876,0.18398325145244598,-0.18034860491752625,1.4845975637435913,-0.1097576841711998
786.8740234375,0.0,0.0,0.0,1.43049156665802,-0.3486271798610687,0.15310636162757874,1.7101024389266968,0.19273269176483154
630.0260009765625,0.0,0.0,0.0,0.21980048716068268,0.12273134291172028,0.012397738173604012,0.0,0.0
947.4979858398438,0.0,0.0,0.0,-0.5267947912216187,-0.07514294981956482,0.006519825663417578,3.9371743202209473,-0.11394576728343964
492.9540100097656,0.0,0.0,0.0,0.7468835711479187,0.003940290305763483,0.17978185415267944,2.3551645278930664,-0.7184358835220337
625.4099731445312,0.0,0.0,0.0,0.014896721579134464,0.058243297040462494,0.04867573827505112,2.4710700511932373,-0.3859643340110779
922.073974609375,0.0,0.0,0.0,0.15443412959575653,-3.448184013366699,0.994634747505188,3.9262328147888184,0.4305230379104614
157.7779998779297,0.0,0.0,0.0,1.4904232025146484,0.9422388076782227,-0.8437419533729553,2.2363295555114746,-0.9725996851921082
446.0140075683594,0.0,0.0,0.0,3.7181150913238525,-0.9948429465293884,0.07778534293174744,4.5708088874816895,0.034839268773794174
159.91799926757812,0.0,0.0,0.0,0.13193753361701965,1.588497281074524,-1.37697172164917,4.035946369171143,-0.5044153928756714
631.8099975585938,0.0,0.0,0.0,-0.0019106469117105007,0.000401892903028056,5.8517680372460745e-06,0.0,0.0
778.1220092773438,0.0,0.0,0.0,1.708652138710022,2.4423041343688965,-0.7234204411506653,4.143125057220459,-0.40803733468055725
458.5780029296875,0.0,0.0,0.0,1.8525196313858032,-0.814001739025116,0.08934151381254196,1.8388828039169312,0.04898063838481903
113.8499984741211,0.0,0.0,0.0,1.8399614095687866,0.9607670903205872,-0.6050304770469666,2.2068588733673096,-0.6362887620925903
698.2139892578125,0.0,0.0,0.0,2.3643345832824707,0.7907742857933044,-0.22776150703430176,2.5889973640441895,-0.2840917110443115
223.0500030517578,0.0,0.0,0.0,3.2441844940185547,-1.120980143547058,0.3451806902885437,3.6158759593963623,0.3718551695346832
249.64199829101562,0.0,0.0,0.0,3.185805082321167,-1.5259602069854736,0.5957180857658386,3.186530113220215,0.3936786949634552
900.7100219726562,0.0,0.0,0.0,4.3012776374816895,0.7123474478721619,0.014748379588127136,4.465226650238037,-0.0062057687900960445
68.35800170898438,0.0,0.0,0.0,2.3552191257476807,-1.744975209236145,0.47300276160240173,3.9870316982269287,0.29131588339805603
479.45001220703125,0.0,0.0,0.0,1.091020941734314,2.198564291000366,-0.4206463098526001,3.269625186920166,-0.10845285654067993
70.08999633789062,0.0,0.0,0.0,2.4193217754364014,-1.989409327507019,0.2943406403064728,4.249950885772705,-0.09999946504831314
744.5460205078125,0.0,0.0,0.0,4.26131534576416,-1.4453861713409424,0.28995388746261597,4.716638565063477,0.23325860500335693
273.7860107421875,0.0,0.0,0.0,1.4559571743011475,-0.31888720393180847,0.005215849727392197,0.4162118136882782,0.025552574545145035
703.6099853515625,0.0,0.0,0.0,3.8178184032440186,1.2151576280593872,-0.1518440544605255,4.546143531799316,-0.14910544455051422
378.8139953613281,0.0,0.0,0.0,2.1461422443389893,-0.9473621845245361,0.3595130443572998,3.0728158950805664,0.32574158906936646
445.91400146484375,0.0,0.0,0.0,3.6720776557922363,-1.0037684440612793,0.09163948893547058,4.7215681076049805,0.11903875321149826
775.9099731445312,0.0,0.0,0.0,2.2200987339019775,0.23829688131809235,-0.4979631304740906,3.2984564304351807,-0.8223546147346497
240.85400390625,0.0,0.0,0.0,3.8580784797668457,-0.8441246151924133,0.05296437069773674,4.37252950668335,0.038230929523706436
708.030029296875,0.0,0.0,0.0,4.427968502044678,0.6878544688224792,-0.005437058862298727,4.867275714874268,-0.18577058613300323
921.9420166015625,0.0,0.0,0.0,0.4867956042289734,-3.503568410873413,0.8930215835571289,3.8596925735473633,0.45473480224609375
139.697998046875,0.0,0.0,0.0,2.3567841053009033,-0.656682550907135,0.2997601628303528,2.840181827545166,0.22261205315589905
877.5180053710938,0.0,0.0,0.0,3.772149085998535,-1.8420093059539795,0.37153032422065735,4.457449436187744,0.3404786288738251
659.1220092773438,0.0,0.0,0.0,1.9606947898864746,0.81721431016922,-0.3052525222301483,2.3502368927001953,-0.2896558344364166
455.1180114746094,0.0,0.0,0.0,2.8128936290740967,-2.10935640335083,0.44419822096824646,2.728742837905884,0.28441110253334045
426.84600830078125,0.0,0.0,0.0,0.7516317367553711,-2.7098639011383057,0.6794485449790955,4.2010955810546875,-0.3539236783981323
889.4660034179688,0.0,0.0,0.0,-1.7082114219665527,0.5892256498336792,0.3039812743663788,3.6011924743652344,-0.30888956785202026
106.69000244140625,0.0,0.0,0.0,0.7998440861701965,-2.6162109375,0.6561795473098755,2.9002785682678223,0.19597546756267548
851.1060180664062,0.0,0.0,0.0,-0.03306763991713524,-0.024837398901581764,-0.0001022321084747091,0.0,0.0
800.2579956054688,0.0,0.0,0.0,3.845292568206787,-1.9790507555007935,0.21886782348155975,4.771780967712402,0.19997426867485046
940.5059814453125,0.0,0.0,0.0,3.57623291015625,1.5776625871658325,-0.586524248123169,3.4124093055725098,-0.6018847823143005
690.677978515625,0.0,0.0,0.0,-0.33727648854255676,0.045794397592544556,-0.005415782332420349,3.6939034461975098,-0.5908498764038086
583.0819702148438,0.0,0.0,0.0,0.42891815304756165,-2.2277286052703857,0.9236419200897217,3.03663969039917,0.47183170914649963
385.50201416015625,0.0,0.0,0.0,1.1743028163909912,1.9178531169891357,-0.7629922032356262,2.069850444793701,-0.6196918487548828
109.9739990234375,0.0,0.0,0.0,-0.598922073841095,0.16469894349575043,0.030344072729349136,3.1624667644500732,-0.40626636147499084
823.9180297851562,0.0,0.0,0.0,2.514139175415039,2.4808971881866455,-0.38407382369041443,4.127901077270508,-0.09625770151615143
750.22998046875,0.0,0.0,0.0,-1.6886917352676392,0.8096420168876648,0.15912242233753204,4.252102851867676,-0.06597293168306351
753.5540161132812,0.0,0.0,0.0,0.1363992989063263,0.05752922222018242,-0.05838358774781227,3.311758041381836,0.5510995388031006
744.8140258789062,0.0,0.0,0.0,4.211894989013672,-1.5890110731124878,0.25966203212738037,4.662169933319092,0.14883585274219513
474.75,0.0,0.0,0.0,2.8413307666778564,2.2489373683929443,-0.621500551700592,3.2537548542022705,-0.506802499294281
673.0180053710938,0.0,0.0,0.0,3.6997785568237305,0.6630334258079529,-0.035635411739349365,4.7124409675598145,-0.021716639399528503
258.6659851074219,0.0,0.0,0.0,-0.4358544945716858,-0.004278621636331081,-0.17622387409210205,1.6944708824157715,0.38106250762939453
454.0459899902344,0.0,0.0,0.0,4.115506649017334,-1.1883376836776733,0.3890015780925751,3.165364980697632,0.3778087794780731
841.4739990234375,0.0,0.0,0.0,3.1391103267669678,0.48641151189804077,-0.14054767787456512,3.8827970027923584,-0.15678995847702026
767.8980102539062,0.0,0.0,0.0,2.394336462020874,-1.8067339658737183,0.571116030216217,2.8036601543426514,0.5082182288169861
311.51800537109375,0.0,0.0,0.0,2.2546470165252686,-1.4926973581314087,0.4746284484863281,3.89058256149292,0.280024915933609
861.0419921875,0.0,0.0,0.0,4.537312984466553,-0.2331530749797821,0.059375420212745667,0.0,0.0
312.5419921875,0.0,0.0,0.0,2.4556725025177,-1.8730171918869019,0.4010348618030548,4.26782751083374,0.18581484258174896
251.08599853515625,0.0,0.0,0.0,2.5706748962402344,-1.7787936925888062,0.13948416709899902,2.7261416912078857,0.014541864395141602
596.3099975585938,0.0,0.0,0.0,3.7549562454223633,1.2456971406936646,-0.07795502990484238,4.48316764831543,-0.09562012553215027
611.3140258789062,0.0,0.0,0.0,1.1210432052612305,3.4188530445098877,-0.5185920596122742,3.7406630516052246,0.21766802668571472
125.74600219726562,0.0,0.0,0.0,1.3359538316726685,0.9595614671707153,-0.6091011166572571,1.9975826740264893,-0.4089198410511017
266.0740051269531,0.0,0.0,0.0,3.6911375522613525,0.4032762944698334,-0.20689260959625244,3.7269363403320312,-0.20660607516765594
336.19000244140625,0.0,0.0,0.0,3.5458624362945557,-0.990496039390564,0.0801660418510437,3.294224500656128,-0.028373776003718376
540.8300170898438,0.0,0.0,0.0,2.318701982498169,0.054170504212379456,-0.1571187674999237,2.508317470550537,-0.1609998345375061
436.45001220703125,0.0,0.0,0.0,0.14290428161621094,1.6082026958465576,-1.3571902513504028,2.748967170715332,0.629255473613739
149.36599731445312,0.0,0.0,0.0,2.190871000289917,-1.9832690954208374,0.5533530712127686,4.370941162109375,0.33253243565559387
373.7340087890625,0.0,0.0,0.0,1.6022284030914307,-0.8921571373939514,0.29525330662727356,2.7853682041168213,0.11128002405166626
498.5140075683594,0.0,0.0,0.0,1.585066318511963,0.6195573806762695,-0.35132232308387756,2.235273599624634,-0.44213181734085083
429.7300109863281,0.0,0.0,0.0,-0.8846900463104248,0.20063258707523346,0.08808862417936325,2.1854541301727295,-0.9237772822380066
809.7139892578125,0.0,0.0,0.0,3.5469155311584473,1.8201481103897095,-0.2398313730955124,4.440375328063965,-0.04703744128346443
378.3580017089844,0.0,0.0,0.0,1.9613546133041382,-0.9158080816268921,0.3606841266155243,2.6799023151397705,0.3423510789871216
156.38999938964844,0.0,0.0,0.0,1.0318706035614014,-0.013511354103684425,-0.2537875771522522,2.0680153369903564,-0.9446343779563904
751.0819702148438,0.0,0.0,0.0,-1.2204777002334595,0.5018469095230103,0.07792438566684723,3.6740667819976807,-0.20660719275474548
449.7179870605469,0.0,0.0,0.0,4.5218658447265625,-0.6519184708595276,-0.0126680638641119,5.070443153381348,-0.005347909405827522
575.6099853515625,0.0,0.0,0.0,3.9830708503723145,-0.9281226992607117,-0.15508398413658142,4.530118465423584,-0.16525563597679138
622.8779907226562,0.0,0.0,0.0,-1.4075298309326172,-0.5246247053146362,1.1248522996902466,3.7426888942718506,-0.5223193168640137
796.5380249023438,0.0,0.0,0.0,4.04642915725708,-1.381888747215271,0.2771713435649872,4.467927932739258,0.35818973183631897
115.97799682617188,0.0,0.0,0.0,0.9785234332084656,1.5698474645614624,-0.7395250797271729,2.2380852699279785,-0.5728815793991089
621.5339965820312,0.0,0.0,0.0,0.8172615766525269,-2.4701755046844482,0.9264276623725891,4.436260223388672,0.20616310834884644
670.1820068359375,0.0,0.0,0.0,2.7381296157836914,0.23036180436611176,-0.16815176606178284,3.1810708045959473,-0.18196415901184082
539.1019897460938,0.0,0.0,0.0,1.8620394468307495,-0.02060869336128235,0.04351141303777695,2.496131181716919,-0.007802274543792009
547.72998046875,0.0,0.0,0.0,3.30609130859375,1.803122878074646,-0.29367077350616455,4.2371110916137695,-0.1986241638660431
634.7459716796875,0.0,0.0,0.0,1.7620811462402344,0.33166301250457764,-0.3261812627315521,2.2988827228546143,-0.34357720613479614
766.3300170898438,0.0,0.0,0.0,2.793375015258789,-1.5047218799591064,0.2760562002658844,3.66750168800354,0.18154095113277435
412.08599853515625,0.0,0.0,0.0,2.635568857192993,-0.7798703908920288,0.2809259295463562,3.357935905456543,0.2906430661678314
789.3660278320312,0.0,0.0,0.0,2.2382569313049316,-0.9074316620826721,0.34542328119277954,3.179307699203491,0.38780540227890015
405.4779968261719,0.0,0.0,0.0,1.7888689041137695,-0.6239480376243591,0.4310709238052368,2.2630701065063477,0.4583931863307953
123.15399932861328,0.0,0.0,0.0,1.2847013473510742,0.8189085125923157,-0.5711864829063416,1.649755597114563,-0.45078399777412415
662.2139892578125,0.0,0.0,0.0,1.857168436050415,0.6874626278877258,-0.10860779881477356,0.0,0.0
299.1940002441406,0.0,0.0,0.0,3.4218151569366455,-0.8050749897956848,-0.14254140853881836,3.1622588634490967,-0.3082064688205719
529.64599609375,0.0,0.0,0.0,-0.40415307879447937,0.05633799359202385,-0.32442304491996765,2.9402596950531006,0.8973333835601807
692.2379760742188,0.0,0.0,0.0,0.9225680232048035,-0.01553359255194664,0.18012234568595886,3.793828248977661,-0.7021478414535522
581.8779907226562,0.0,0.0,0.0,1.7319053411483765,-1.9737786054611206,0.9338392615318298,2.1579883098602295,0.5901764035224915
357.3819885253906,0.0,0.0,0.0,2.951113700866699,-1.3441699743270874,0.19718019664287567,4.0647454261779785,0.16945478320121765
482.3659973144531,0.0,0.0,0.0,-0.5688909888267517,0.6860443353652954,-1.1926714181900024,3.1951327323913574,0.4802488088607788
478.98199462890625,0.0,0.0,0.0,1.179113507270813,2.3021373748779297,-0.45963698625564575,3.219906806945801,-0.16576208174228668
924.9619750976562,0.0,0.0,0.0,-1.4094257354736328,0.5454343557357788,0.07513739168643951,3.71093487739563,-0.37406793236732483
750.1300048828125,0.0,0.0,0.0,-1.751761555671692,0.8381903171539307,0.18371516466140747,3.7918784618377686,-0.05504325404763222
688.7420043945312,0.0,0.0,0.0,-1.321783423423767,-0.5418040752410889,0.8265209794044495,4.224981784820557,-0.3371870517730713
873.406005859375,0.0,0.0,0.0,2.8898746967315674,-1.5677894353866577,0.2699598968029022,4.468305587768555,0.22583498060703278
357.8500061035156,0.0,0.0,0.0,3.188444137573242,-1.2927440404891968,0.13787364959716797,4.117927074432373,0.11163309216499329
219.74600219726562,0.0,0.0,0.0,2.612096071243286,-0.47365254163742065,0.12054698914289474,3.3035285472869873,0.09681351482868195
431.14599609375,0.0,0.0,0.0,-0.07788581401109695,0.0452830046415329,-0.009836548939347267,2.284925699234009,-0.8716055750846863
431.7099914550781,0.0,0.0,0.0,0.3985099494457245,0.03161250799894333,0.146676704287529,2.4173052310943604,-0.9548174142837524
724.1259765625,0.0,0.0,0.0,2.2293195724487305,2.0917935371398926,-0.8126144409179688,2.0112831592559814,-0.43437036871910095
195.6820068359375,0.0,0.0,0.0,0.4954656660556793,0.14096243679523468,0.03672497719526291,1.714127779006958,-0.02094973810017109
556.2659912109375,0.0,0.0,0.0,2.241968870162964,2.603761672973633,-0.30861571431159973,3.75974440574646,-0.32105690240859985
91.52200317382812,0.0,0.0,0.0,0.9748712778091431,-0.03043684922158718,0.03394532948732376,1.2861719131469727,0.018959756940603256
365.8139953613281,0.0,0.0,0.0,2.351891279220581,-2.21110463142395,0.042069144546985626,3.4222049713134766,-0.26233965158462524
477.01800537109375,0.0,0.0,0.0,1.5285083055496216,2.699465036392212,-0.39649564027786255,3.0817723274230957,-0.3460162580013275
485.84600830078125,0.0,0.0,0.0,1.6561803817749023,-0.5588695406913757,0.7590267658233643,2.181164264678955,0.8513337969779968
598.6300048828125,0.0,0.0,0.0,4.307279586791992,0.6956208944320679,-0.04450958967208862,4.830132007598877,-0.117479607462883
736.2780151367188,0.0,0.0,0.0,2.882333755493164,-0.740548849105835,0.04090164974331856,3.460820198059082,0.032610587775707245
207.85000610351562,0.0,0.0,0.0,-0.35315942764282227,0.04756813868880272,0.030785564333200455,2.0523107051849365,-0.7549560070037842
239.98199462890625,0.0,0.0,0.0,3.723797082901001,-0.8987520933151245,0.06719554960727692,4.133933067321777,0.13877147436141968
395.8179931640625,0.0,0.0,0.0,2.0479674339294434,-2.684858560562134,0.45510557293891907,4.586569786071777,-0.03395473212003708
937.2659912109375,0.0,0.0,0.0,3.6613612174987793,1.445854902267456,-0.1394723504781723,4.195309638977051,-0.06784931570291519
282.79400634765625,0.0,0.0,0.0,4.003289699554443,-0.24038949608802795,-0.07135017216205597,4.495733737945557,-0.12650306522846222
435.4100036621094,0.0,0.0,0.0,1.157578468322754,1.7722876071929932,-0.8141671419143677,3.149624824523926,0.270600289106369
407.03399658203125,0.0,0.0,0.0,2.221238374710083,-1.098986268043518,0.3902934491634369,3.2643144130706787,0.3733782172203064
180.3780059814453,0.0,0.0,0.0,0.4626515805721283,-0.028772111982107162,-0.12119197845458984,3.437882423400879,0.7626072764396667
278.14599609375,0.0,0.0,0.0,2.5268592834472656,-1.1085199117660522,0.348297655582428,3.4978902339935303,0.3627007305622101
360.2099914550781,0.0,0.0,0.0,4.0479631423950195,-0.8617408275604248,0.022814933210611343,4.692783832550049,-0.06192634627223015
162.68600463867188,0.0,0.0,0.0,0.6038838028907776,-0.009475188329815865,-0.0590420663356781,3.5651183128356934,0.661880373954773
858.9660034179688,0.0,0.0,0.0,4.005401134490967,-0.6835227608680725,0.04004592448472977,4.71360969543457,-0.020589081570506096
825.47802734375,0.0,0.0,0.0,2.754615068435669,2.2539191246032715,-0.06023272126913071,4.012055397033691,0.33213692903518677
918.7899780273438,0.0,0.0,0.0,4.034404277801514,-1.6760938167572021,0.29437536001205444,4.531068325042725,0.25446224212646484
114.41799926757812,0.0,0.0,0.0,1.622331976890564,1.2374058961868286,-0.7561285495758057,2.051215410232544,-0.6746110916137695
749.7739868164062,0.0,0.0,0.0,-1.9998197555541992,0.898523211479187,0.3012884855270386,4.178011417388916,-0.023600224405527115
719.614013671875,0.0,0.0,0.0,4.245419979095459,-0.44062697887420654,-0.03839445486664772,4.482076644897461,-0.08079909533262253
253.906005859375,0.0,0.0,0.0,2.5223426818847656,1.1656056642532349,-0.4822821319103241,2.79148268699646,-0.4995499551296234
465.06201171875,0.0,0.0,0.0,2.5752170085906982,-1.1322503089904785,0.28648918867111206,3.6132311820983887,0.3510217070579529
226.3260040283203,0.0,0.0,0.0,3.589982748031616,-1.4273402690887451,0.08755157887935638,4.269299507141113,0.048037782311439514
685.177978515625,0.0,0.0,0.0,1.5193151235580444,-3.272146463394165,0.4041666090488434,3.788902521133423,0.4139987826347351
106.4540023803711,0.0,0.0,0.0,1.0094648599624634,-2.629451036453247,0.6527246236801147,2.901409149169922,0.22346962988376617
742.5380249023438,0.0,0.0,0.0,4.46507453918457,-0.05359746888279915,0.001730100018903613,4.583727836608887,0.1299164891242981
512.9459838867188,0.0,0.0,0.0,-0.6707936525344849,-0.18429028987884521,-0.02697710692882538,2.773359537124634,-0.11380823701620102
850.5380249023438,0.0,0.0,0.0,0.44997555017471313,-0.03929852694272995,-0.04172242432832718,0.0,0.0
199.87399291992188,0.0,0.0,0.0,3.470137119293213,0.2992970943450928,-0.053973469883203506,4.16120719909668,-0.009753944352269173
949.4420166015625,0.0,0.0,0.0,0.7427781224250793,0.007393099833279848,0.05785822123289108,4.487308979034424,-0.2953706383705139
802.1300048828125,0.0,0.0,0.0,3.980293035507202,-1.847176194190979,0.20648950338363647,4.827694892883301,0.1905045062303543
88.61799621582031,0.0,0.0,0.0,-0.9837985634803772,-0.22024311125278473,-0.08277982473373413,2.2712554931640625,-0.15466101467609406
194.8419952392578,0.0,0.0,0.0,-0.001183069427497685,0.5349931120872498,0.002001318847760558,0.0,0.0
672.8099975585938,0.0,0.0,0.0,3.6069674491882324,0.6911128163337708,-0.012052950449287891,4.596029758453369,-0.008391715586185455
407.4460144042969,0.0,0.0,0.0,2.379384756088257,-1.1866648197174072,0.37824201583862305,3.37384295463562,0.36788108944892883
748.1740112304688,0.0,0.0,0.0,-2.0473148822784424,-2.438208818435669,1.3894953727722168,4.18868350982666,0.23349930346012115
825.7420043945312,0.0,0.0,0.0,2.9211478233337402,2.045238971710205,0.045873403549194336,3.9247665405273438,0.2759321630001068
757.9340209960938,0.0,0.0,0.0,3.2122466564178467,-0.7625948786735535,-0.07260002195835114,3.475674867630005,-0.06667864322662354
532.7459716796875,0.0,0.0,0.0,1.6729838848114014,-1.0296456813812256,0.8840014934539795,2.5989251136779785,1.005022644996643
169.47799682617188,0.0,0.0,0.0,-1.271686315536499,-1.6043123006820679,1.424970269203186,4.123465061187744,-0.5694063901901245
281.12200927734375,0.0,0.0,0.0,3.515500783920288,-1.2286243438720703,0.11082158982753754,4.117856502532959,-0.035740114748477936
605.677978515625,0.0,0.0,0.0,2.9959826469421387,3.083662986755371,-0.2433510273694992,4.445564270019531,-0.07256656885147095
261.5260009765625,0.0,0.0,0.0,2.0371904373168945,0.014446600340306759,0.18936637043952942,3.3100979328155518,0.48690393567085266
202.4739990234375,0.0,0.0,0.0,2.3588013648986816,-1.8934277296066284,0.745368242263794,3.2816660404205322,0.6817511320114136
884.7100219726562,0.0,0.0,0.0,4.364535808563232,-1.0303298234939575,0.07956967502832413,4.033512115478516,0.17961467802524567
822.4299926757812,0.0,0.0,0.0,2.6079373359680176,2.1802680492401123,-0.3791537880897522,4.095568656921387,-0.3702070116996765
835.9340209960938,0.0,0.0,0.0,-1.0202748775482178,0.29922136664390564,0.05951649695634842,2.8729405403137207,-0.5142601132392883
828.969970703125,0.0,0.0,0.0,3.9432005882263184,-0.9584550261497498,0.24208278954029083,3.853374481201172,0.3312191367149353
222.33799743652344,0.0,0.0,0.0,3.334245443344116,-0.6884236335754395,0.26344406604766846,3.4198970794677734,0.2597157955169678
871.281982421875,0.0,0.0,0.0,2.1179137229919434,-1.0598700046539307,0.4694458544254303,3.2103278636932373,0.45159775018692017
909.0499877929688,0.0,0.0,0.0,2.997825860977173,1.7526026964187622,-0.24113847315311432,4.235271453857422,-0.14909105002880096
592.822021484375,0.0,0.0,0.0,3.5633533000946045,1.103428602218628,-0.11561166495084763,3.866027593612671,-0.09502888470888138
538.5460205078125,0.0,0.0,0.0,1.418584942817688,-0.0029045187402516603,0.0008287655073218048,2.2230265140533447,0.02861044928431511
350.00201416015625,0.0,0.0,0.0,-0.634620189666748,0.2865211069583893,-0.9822100400924683,1.9524896144866943,0.3640076220035553
795.14599609375,0.0,0.0,0.0,4.182796955108643,-0.5642528533935547,0.21250927448272705,4.387119770050049,0.18717904388904572
674.1339721679688,0.0,0.0,0.0,4.077965259552002,0.5373924374580383,0.013343842700123787,4.3639326095581055,0.012586910277605057
158.3300018310547,0.0,0.0,0.0,1.360125184059143,1.2827438116073608,-0.905307412147522,2.4498507976531982,-0.8833271861076355
645.14599609375,0.0,0.0,0.0,4.599081993103027,0.23448067903518677,0.005827974062412977,4.609222412109375,-0.06802424788475037
283.6780090332031,0.0,0.0,0.0,4.208733558654785,-0.00774887390434742,-0.07970431447029114,4.434591293334961,-0.009364701807498932
593.510009765625,0.0,0.0,0.0,3.5583577156066895,1.0766342878341675,-0.1830911934375763,3.9593098163604736,-0.22553418576717377
531.64599609375,0.0,0.0,0.0,1.3355728387832642,-0.00825131218880415,0.3447689712047577,2.2502150535583496,0.9523910880088806
180.81399536132812,0.0,0.0,0.0,0.8950713276863098,0.003315566573292017,-0.17742592096328735,3.799767255783081,0.8875847458839417
733.9099731445312,0.0,0.0,0.0,2.4383535385131836,-1.2463594675064087,0.26483240723609924,2.8973491191864014,0.20803521573543549
535.2899780273438,0.0,0.0,0.0,-0.5470303893089294,-1.2031710147857666,1.6065373420715332,1.3808177709579468,-0.1731926053762436
69.82599639892578,0.0,0.0,0.0,2.378406524658203,-2.0041205883026123,0.33344796299934387,4.062069892883301,-0.039198584854602814
408.00201416015625,0.0,0.0,0.0,2.5799851417541504,-1.30885648727417,0.3454190492630005,3.809953212738037,0.35188716650009155
431.2619934082031,0.0,0.0,0.0,0.0015503313625231385,0.045811913907527924,-0.015548518858850002,2.3290743827819824,-0.9686654806137085
824.3099975585938,0.0,0.0,0.0,2.509619951248169,2.5022411346435547,-0.3096001148223877,4.178397178649902,-0.12495005875825882
924.2420043945312,0.0,0.0,0.0,-1.8502432107925415,0.653695821762085,0.2916995882987976,3.5514795780181885,-0.6186965703964233
895.281982421875,0.0,0.0,0.0,2.56713604927063,-0.10219182819128036,-0.018392382189631462,4.272368907928467,-0.2097339630126953
373.2460021972656,0.0,0.0,0.0,1.30588698387146,-0.974128007888794,0.3879803717136383,2.338085889816284,0.15287381410598755
729.6060180664062,0.0,0.0,0.0,0.01635555922985077,-0.06879915297031403,-0.025235548615455627,2.9878909587860107,0.5039002895355225
577.2979736328125,0.0,0.0,0.0,4.026957988739014,0.2319856733083725,-0.08231248706579208,4.4469709396362305,-0.10678748786449432
408.9100036621094,0.0,0.0,0.0,2.790196657180786,-1.3507767915725708,0.08839776366949081,3.2863168716430664,-0.09163698554039001
229.11000061035156,0.0,0.0,0.0,3.1602182388305664,-0.753269612789154,0.043162550777196884,2.597210645675659,0.08453445881605148
369.5140075683594,0.0,0.0,0.0,2.032757520675659,-1.6756913661956787,0.5682150721549988,2.018693208694458,0.32435938715934753
133.6219940185547,0.0,0.0,0.0,0.11680455505847931,-1.6790401935577393,1.231552004814148,2.4428367614746094,-0.3628652095794678
514.2059936523438,0.0,0.0,0.0,-0.019919343292713165,-0.06339065730571747,-0.0004520013462752104,2.694040298461914,-0.20241065323352814
397.2139892578125,0.0,0.0,0.0,1.397078514099121,-2.764052152633667,0.5146817564964294,3.4076030254364014,-0.32585251331329346
722.6099853515625,0.0,0.0,0.0,4.327291011810303,0.06263620406389236,-0.1335698366165161,3.170135974884033,-0.3729077875614166
442.7099914550781,0.0,0.0,0.0,1.9710197448730469,-0.975238025188446,0.29410412907600403,3.0319101810455322,0.3036668598651886
192.7100067138672,0.0,0.0,0.0,0.26697099208831787,2.3013577461242676,-0.7617539763450623,0.0,0.0
72.72599792480469,0.0,0.0,0.0,3.136091709136963,-0.09597848355770111,-0.22687053680419922,2.9813833236694336,-0.14191295206546783
252.19000244140625,0.0,0.0,0.0,2.6905078887939453,-0.5968939661979675,-0.4501250386238098,2.578078269958496,-0.4255448281764984
890.573974609375,0.0,0.0,0.0,-1.096167802810669,0.3493496775627136,0.07335244119167328,3.4391109943389893,-0.4904125928878784
639.1500244140625,0.0,0.0,0.0,3.379969835281372,1.1655492782592773,-0.14537987112998962,4.471042633056641,-0.13120059669017792
676.4099731445312,0.0,0.0,0.0,4.403709411621094,-0.5142086744308472,0.21693308651447296,4.896010398864746,0.16532927751541138
300.95001220703125,0.0,0.0,0.0,2.1049106121063232,1.3461792469024658,-0.44512879848480225,2.157137632369995,-0.09773586690425873
421.3580017089844,0.0,0.0,0.0,2.7913150787353516,-2.3152880668640137,0.46555912494659424,3.462094783782959,0.21807478368282318
822.9739990234375,0.0,0.0,0.0,2.572821617126465,2.3090438842773438,-0.3781520128250122,4.405139923095703,-0.243147611618042
457.08599853515625,0.0,0.0,0.0,1.9022531509399414,-1.5537618398666382,0.20991799235343933,2.118647813796997,0.13891929388046265
76.4260025024414,0.0,0.0,0.0,1.7081376314163208,0.3412221074104309,-0.29517367482185364,1.457919955253601,-0.30613163113594055
918.0339965820312,0.0,0.0,0.0,4.288529872894287,-0.9596531391143799,0.40542349219322205,4.613968849182129,0.3939857482910156
70.697998046875,0.0,0.0,0.0,2.5963964462280273,-1.8477637767791748,0.17772246897220612,3.7787747383117676,-0.1332450956106186
512.1380004882812,0.0,0.0,0.0,-1.0471861362457275,-0.33303073048591614,-0.06756168603897095,2.828693389892578,0.2938390374183655
143.82200622558594,0.0,0.0,0.0,2.186248540878296,-0.5115567445755005,0.1451529562473297,1.9883800745010376,0.23343658447265625
67.11000061035156,0.0,0.0,0.0,2.4119553565979004,-1.1764838695526123,0.5811853408813477,2.9967925548553467,0.4893948435783386
130.99000549316406,0.0,0.0,0.0,1.9444142580032349,-1.4470523595809937,0.6406499743461609,2.414949893951416,0.5694606900215149
563.6019897460938,0.0,0.0,0.0,-1.1916580200195312,1.4369632005691528,-1.3565706014633179,1.8835029602050781,0.14022444188594818
64.91799926757812,0.0,0.0,0.0,2.493455171585083,2.2856714725494385,-0.16795191168785095,3.1328136920928955,0.2067117542028427
541.5380249023438,0.0,0.0,0.0,2.3785836696624756,0.3296416401863098,-0.21038757264614105,2.6122851371765137,-0.24701642990112305
571.7459716796875,0.0,0.0,0.0,3.1435301303863525,-1.8222283124923706,0.44533929228782654,4.62114953994751,0.3045744001865387
184.04200744628906,0.0,0.0,0.0,0.9564101099967957,-2.1098005771636963,1.0073410272598267,3.6537814140319824,0.5046119093894958
588.3779907226562,0.0,0.0,0.0,1.9193260669708252,-0.03866398707032204,-0.19646844267845154,3.6882448196411133,-0.5087668299674988
364.58599853515625,0.0,0.0,0.0,2.100466251373291,-2.589031934738159,0.3502797484397888,3.304609537124634,0.10731624811887741
374.0820007324219,0.0,0.0,0.0,1.8567548990249634,-0.8077316284179688,0.21049678325653076,2.781965732574463,0.12258148938417435
146.1820068359375,0.0,0.0,0.0,1.7385162115097046,-0.9503385424613953,0.45693239569664,2.5938849449157715,0.5371419191360474
324.885986328125,0.0,0.0,0.0,2.8925445079803467,-1.4325758218765259,0.3346312940120697,3.918844223022461,0.3632901608943939
872.7059936523438,0.0,0.0,0.0,2.6444520950317383,-1.4154362678527832,0.35646238923072815,4.225183486938477,0.3189447820186615
896.3099975585938,0.0,0.0,0.0,3.38503098487854,0.2547788619995117,-0.15176284313201904,4.446260929107666,-0.23648607730865479
909.7100219726562,0.0,0.0,0.0,3.281182050704956,1.6655397415161133,-0.1274777352809906,4.759545803070068,-0.0786929801106453
361.1820068359375,0.0,0.0,0.0,4.249292373657227,-0.6541081666946411,0.020236168056726456,4.66862154006958,0.032929085195064545
895.6060180664062,0.0,0.0,0.0,2.8767879009246826,-0.05515386536717415,-0.11033350974321365,4.616293430328369,-0.18575289845466614
680.322021484375,0.0,0.0,0.0,3.756394863128662,-2.165438413619995,0.3668493330478668,4.188926696777344,0.33929961919784546
291.20599365234375,0.0,0.0,0.0,1.4463026523590088,-2.821190118789673,0.21397387981414795,2.1926403045654297,0.061210762709379196
256.1780090332031,0.0,0.0,0.0,0.6558333039283752,1.9261640310287476,-0.7580426335334778,2.2257986068725586,-0.6054291129112244
168.32200622558594,0.0,0.0,0.0,0.9176265001296997,-2.8548765182495117,0.7397817969322205,4.6283488273620605,-0.20441803336143494
729.27001953125,0.0,0.0,0.0,-0.21385657787322998,-0.07680492848157883,-0.02477293275296688,3.0622897148132324,0.4947715699672699
803.197998046875,0.0,0.0,0.0,3.8902204036712646,-2.0354466438293457,0.2514224648475647,4.918442726135254,0.2068246454000473
406.14599609375,0.0,0.0,0.0,1.9368644952774048,-0.8486574292182922,0.41985028982162476,2.7015621662139893,0.44544997811317444
529.281982421875,0.0,0.0,0.0,-0.5885837078094482,0.23335064947605133,-0.7169153094291687,3.01497745513916,0.8019055128097534
328.6300048828125,0.0,0.0,0.0,4.046532154083252,-0.19730934500694275,-0.2997684180736542,4.237452030181885,-0.32202625274658203
537.8460083007812,0.0,0.0,0.0,0.5869824886322021,0.02341259829699993,0.1346863955259323,2.077625274658203,0.06107392534613609
682.1300048828125,0.0,0.0,0.0,2.842348098754883,-2.864797830581665,0.41209307312965393,4.166335105895996,0.31770074367523193
660.1300048828125,0.0,0.0,0.0,2.058131694793701,0.865155816078186,-0.29291388392448425,2.3012866973876953,-0.25007522106170654
543.0020141601562,0.0,0.0,0.0,2.5045979022979736,0.7993959784507751,-0.3129365146160126,3.0486762523651123,-0.2971527576446533
601.7860107421875,0.0,0.0,0.0,4.00623083114624,1.9057531356811523,-0.32486316561698914,4.5852952003479,-0.3007097542285919
351.7539978027344,0.0,0.0,0.0,0.5265915393829346,-0.048333410173654556,-0.14956015348434448,2.2157726287841797,0.3850134611129761
687.8099975585938,0.0,0.0,0.0,-0.3179973065853119,-2.2736129760742188,0.9914014935493469,4.614266872406006,0.14291836321353912
383.82598876953125,0.0,0.0,0.0,2.387882709503174,1.229516863822937,-0.6900085806846619,2.7130277156829834,-0.6030218005180359
146.78599548339844,0.0,0.0,0.0,1.9256888628005981,-1.0397942066192627,0.43173518776893616,2.981935501098633,0.5539180636405945
254.9499969482422,0.0,0.0,0.0,1.5486786365509033,1.7498087882995605,-0.9128221869468689,1.9724311828613281,-0.6976020932197571
672.9140014648438,0.0,0.0,0.0,3.6554951667785645,0.6802543997764587,-0.06759404391050339,4.343940258026123,0.03173871338367462
554.4979858398438,0.0,0.0,0.0,2.5351390838623047,2.6863462924957275,-0.3230533003807068,4.128900527954102,-0.3322787880897522
103.85399627685547,0.0,0.0,0.0,3.9005701541900635,-0.8143203258514404,0.18428300321102142,2.9748387336730957,0.3527893126010895
369.2019958496094,0.0,0.0,0.0,2.3085670471191406,-1.5552935600280762,0.6131238341331482,2.3475096225738525,0.39603742957115173
827.1099853515625,0.0,0.0,0.0,3.7193522453308105,0.16403791308403015,0.38085082173347473,3.85955548286438,0.2907419204711914
953.406005859375,0.0,0.0,0.0,3.7683660984039307,1.2030553817749023,-0.23874758183956146,4.7314839363098145,-0.18631170690059662
484.9219970703125,0.0,0.0,0.0,1.125508189201355,0.06070973351597786,0.1491759866476059,2.3245041370391846,0.8344712853431702
586.4140014648438,0.0,0.0,0.0,-0.012910209596157074,0.023202676326036453,-0.024487029761075974,2.9636597633361816,-0.8472108840942383
542.8779907226562,0.0,0.0,0.0,2.5066888332366943,0.7702761292457581,-0.31639742851257324,2.8708336353302,-0.2611077129840851
897.2579956054688,0.0,0.0,0.0,3.815105676651001,0.7222407460212708,-0.1771821677684784,4.836347579956055,-0.1412198692560196
488.4020080566406,0.0,0.0,0.0,0.9402834177017212,-1.9854485988616943,0.8722617626190186,3.0906174182891846,0.1164262592792511
689.8779907226562,0.0,0.0,0.0,-0.7955501675605774,0.0745759904384613,0.11847787350416183,3.787461280822754,-0.5962662696838379
490.4460144042969,0.0,0.0,0.0,-0.8792956471443176,0.03728451952338219,0.4487683176994324,1.9259904623031616,-0.40698933601379395
444.25,0.0,0.0,0.0,2.857309103012085,-1.0205422639846802,0.20224817097187042,3.9492526054382324,0.2139594405889511
934.2020263671875,0.0,0.0,0.0,3.9984726905822754,0.7358853816986084,-0.06991647928953171,3.8743560314178467,-0.09798473864793777
588.030029296875,0.0,0.0,0.0,1.5430784225463867,-0.11084000766277313,0.0053094131872057915,2.953026294708252,-0.8427720069885254
331.7539978027344,0.0,0.0,0.0,4.24237060546875,0.498634397983551,0.2712392508983612,4.371840476989746,0.29401957988739014
446.3699951171875,0.0,0.0,0.0,3.850658416748047,-0.9260300993919373,0.04901566356420517,4.569515228271484,0.031562432646751404
642.22998046875,0.0,0.0,0.0,4.208931922912598,0.6352536678314209,0.03878644481301308,4.84666633605957,0.019369015470147133
934.7940063476562,0.0,0.0,0.0,3.8516478538513184,0.8309421539306641,-0.14908082783222198,3.9470691680908203,-0.22274960577487946
386.5140075683594,0.0,0.0,0.0,0.5741937756538391,1.9170541763305664,-0.8281658887863159,3.004288673400879,-0.33799076080322266
413.04998779296875,0.0,0.0,0.0,2.875420093536377,-0.9997969269752502,0.22590376436710358,3.841886281967163,0.24257811903953552
235.07000732421875,0.0,0.0,0.0,2.6819419860839844,-1.0421316623687744,0.2881232500076294,3.871398687362671,0.3449372351169586
528.7219848632812,0.0,0.0,0.0,-0.5708632469177246,0.8994503021240234,-1.4694734811782837,3.9323878288269043,0.605202317237854
837.0460205078125,0.0,0.0,0.0,-0.4798450171947479,0.11316501349210739,-0.02420733869075775,2.8792037963867188,-0.5169815421104431
411.1860046386719,0.0,0.0,0.0,2.545624017715454,-0.47807037830352783,0.20133337378501892,2.8769845962524414,0.23375558853149414
817.385986328125,0.0,0.0,0.0,2.216029644012451,1.7473596334457397,-0.4313700199127197,4.122875213623047,-0.2371010184288025
290.65399169921875,0.0,0.0,0.0,1.498142957687378,-2.9973456859588623,0.3337549865245819,2.519326686859131,0.057153720408678055
229.21400451660156,0.0,0.0,0.0,3.1114490032196045,-0.7318978309631348,0.06802687793970108,2.7872133255004883,0.05237682908773422
329.6180114746094,0.0,0.0,0.0,4.091496467590332,0.8933842778205872,-0.2998523712158203,4.543570041656494,-0.15532909333705902
645.8099975585938,0.0,0.0,0.0,4.588746547698975,0.29288265109062195,-0.015776339918375015,5.070008277893066,-0.08693546801805496
670.5380249023438,0.0,0.0,0.0,2.8474462032318115,0.36874014139175415,-0.21765026450157166,3.5068295001983643,-0.2123386263847351
671.2139892578125,0.0,0.0,0.0,3.059950113296509,0.5833961963653564,-0.12370366603136063,4.0206170082092285,-0.17789292335510254
357.77398681640625,0.0,0.0,0.0,3.1448779106140137,-1.292644739151001,0.14890989661216736,4.368156433105469,0.1514795422554016
602.218017578125,0.0,0.0,0.0,3.8662679195404053,2.151726484298706,-0.35205626487731934,4.458616733551025,-0.36257728934288025
323.114013671875,0.0,0.0,0.0,2.2334506511688232,-1.1785976886749268,0.36850103735923767,3.359262466430664,0.30750158429145813
930.7739868164062,0.0,0.0,0.0,3.197417736053467,0.1084180623292923,-0.09749414771795273,4.60923433303833,-0.1288444548845291
415.1499938964844,0.0,0.0,0.0,3.595458745956421,-0.992894172668457,0.09283583611249924,4.483086109161377,0.016233114525675774
598.9500122070312,0.0,0.0,0.0,4.353605270385742,0.7238786816596985,-0.11621356755495071,4.439507961273193,-0.21292614936828613
180.6300048828125,0.0,0.0,0.0,0.7052066326141357,-0.007309509441256523,-0.12704160809516907,3.4299848079681396,0.7647403478622437
562.9459838867188,0.0,0.0,0.0,0.04728266969323158,2.4479880332946777,-0.9251642227172852,2.1437430381774902,0.03486606478691101
874.9500122070312,0.0,0.0,0.0,3.6177725791931152,-1.3327975273132324,0.06159425526857376,4.467138290405273,0.02448337897658348
250.75799560546875,0.0,0.0,0.0,2.5697240829467773,-1.9097543954849243,0.23110301792621613,3.198479652404785,0.11267425119876862
415.0419921875,0.0,0.0,0.0,3.5591464042663574,-1.0155773162841797,0.09065300971269608,4.441643238067627,0.08632572740316391
464.91400146484375,0.0,0.0,0.0,2.5190181732177734,-1.0864949226379395,0.33893072605133057,3.6648850440979004,0.28061366081237793
614.677978515625,0.0,0.0,0.0,-1.3056445121765137,-0.3534351885318756,-0.13382847607135773,2.996250867843628,0.6503459215164185
461.802001953125,0.0,0.0,0.0,1.593902587890625,-0.27500399947166443,0.1651870459318161,1.8612661361694336,0.1941821128129959
400.0459899902344,0.0,0.0,0.0,-1.2573877573013306,-0.025583164766430855,0.5961220264434814,1.9801411628723145,-0.6687270998954773
722.8820190429688,0.0,0.0,0.0,4.134495735168457,0.34535616636276245,-0.3458247780799866,2.732135772705078,-0.402678906917572
77.69400024414062,0.0,0.0,0.0,1.4583444595336914,0.629688560962677,-0.46613162755966187,1.8408987522125244,-0.42145437002182007
451.9339904785156,0.0,0.0,0.0,4.70350980758667,-0.4665052890777588,0.013977497816085815,4.617217540740967,-0.04618023708462715
190.57000732421875,0.0,0.0,0.0,2.0550014972686768,1.2005934715270996,-0.7547067999839783,3.112078905105591,-0.7996487617492676
116.62200164794922,0.0,0.0,0.0,0.7008259296417236,1.4979767799377441,-0.9158279299736023,2.137073040008545,-0.6973889470100403
101.62200164794922,0.0,0.0,0.0,3.39878511428833,-0.9028125405311584,0.09752513468265533,4.371688365936279,0.09441691637039185
313.3219909667969,0.0,0.0,0.0,2.5684263706207275,-2.0787675380706787,0.33992552757263184,4.578686714172363,-0.04741096869111061
421.6059875488281,0.0,0.0,0.0,2.6665196418762207,-2.4047224521636963,0.42748698592185974,3.674943685531616,0.17307893931865692
665.197998046875,0.0,0.0,0.0,1.349216103553772,0.06186330318450928,0.018790539354085922,2.171673059463501,0.05484341084957123
500.7139892578125,0.0,0.0,0.0,2.9831321239471436,0.4208157956600189,0.020827384665608406,3.618163585662842,0.0005001632962375879
646.8099975585938,0.0,0.0,0.0,4.6219635009765625,0.3720623552799225,-0.023081136867403984,4.700803756713867,-0.0190714243799448
731.8140258789062,0.0,0.0,0.0,2.2310659885406494,-0.20690955221652985,0.3810564875602722,3.352203845977783,0.6638803482055664
130.21800231933594,0.0,0.0,0.0,2.420506715774536,-1.0746811628341675,0.5375767946243286,2.5063626766204834,0.4466424286365509
645.5419921875,0.0,0.0,0.0,4.591015815734863,0.2816883623600006,-0.030997680500149727,4.507656097412109,-0.06755401194095612
586.2780151367188,0.0,0.0,0.0,-0.10702390223741531,0.018320417031645775,-0.0230911485850811,3.117701292037964,-0.8033695220947266
856.4660034179688,0.0,0.0,0.0,3.1334097385406494,-0.5833056569099426,0.1452624797821045,4.013607978820801,0.14271007478237152
337.6820068359375,0.0,0.0,0.0,2.301680326461792,-1.0916177034378052,0.4028407037258148,1.8306902647018433,0.45645853877067566
573.3579711914062,0.0,0.0,0.0,3.051168441772461,-2.333601713180542,0.2672332227230072,4.860470771789551,-0.039618369191884995
68.49400329589844,0.0,0.0,0.0,2.3526549339294434,-1.7904331684112549,0.4646986424922943,4.264986515045166,0.2712940275669098
278.7019958496094,0.0,0.0,0.0,2.73667311668396,-1.2547272443771362,0.30935555696487427,3.8936009407043457,0.30105826258659363
218.73399353027344,0.0,0.0,0.0,2.150881767272949,-0.3744859993457794,0.10926596075296402,2.7108211517333984,0.12010160088539124
298.22198486328125,0.0,0.0,0.0,3.3002443313598633,-1.0269150733947754,0.1717795431613922,4.394001483917236,0.1294250190258026
714.2420043945312,0.0,0.0,0.0,3.848910093307495,-1.4843299388885498,0.3729337751865387,4.219031810760498,0.2896029055118561
889.906005859375,0.0,0.0,0.0,-1.4431867599487305,0.5272190570831299,0.16608648002147675,3.6999244689941406,-0.5246155858039856
130.11000061035156,0.0,0.0,0.0,2.47971510887146,-1.003807544708252,0.5377370119094849,2.531981945037842,0.42556557059288025
615.5020141601562,0.0,0.0,0.0,-0.8302098512649536,-0.23970003426074982,-0.03554241359233856,2.823333263397217,0.6822577118873596
842.406005859375,0.0,0.0,0.0,3.560116767883301,0.6392753720283508,-0.07713021337985992,4.280368328094482,-0.023333685472607613
934.0980224609375,0.0,0.0,0.0,4.026812553405762,0.7363006472587585,-0.08855137228965759,3.8298680782318115,-0.01258626114577055
516.97802734375,0.0,0.0,0.0,2.429155111312866,0.20827865600585938,-0.29498690366744995,3.0242068767547607,-0.29433947801589966
498.1940002441406,0.0,0.0,0.0,1.4865014553070068,0.611652135848999,-0.3257571756839752,1.979866862297058,-0.3673322796821594
618.7459716796875,0.0,0.0,0.0,1.9433481693267822,-0.12201138585805893,0.37641721963882446,3.076256513595581,0.965166449546814
556.47802734375,0.0,0.0,0.0,2.2139415740966797,2.587977409362793,-0.35494673252105713,4.184517860412598,-0.37057632207870483
386.75799560546875,0.0,0.0,0.0,0.35504165291786194,1.8400037288665771,-1.0046409368515015,3.133401393890381,-0.26280373334884644
130.32200622558594,0.0,0.0,0.0,2.3646347522735596,-1.1466991901397705,0.5405154824256897,2.414515256881714,0.40234723687171936
285.9859924316406,0.0,0.0,0.0,4.475389003753662,0.2794140577316284,-0.006477335933595896,4.48101806640625,0.02658182941377163
777.4420166015625,0.0,0.0,0.0,2.2463979721069336,1.9012036323547363,-0.7423190474510193,3.5762693881988525,-0.6674942970275879
777.2420043945312,0.0,0.0,0.0,2.346259355545044,1.704585075378418,-0.7268298268318176,3.633709192276001,-0.7521878480911255
156.48199462890625,0.0,0.0,0.0,1.1123517751693726,0.018194688484072685,-0.3011189103126526,1.9307078123092651,-0.852868378162384
256.6820068359375,0.0,0.0,0.0,0.21261873841285706,1.7663366794586182,-1.0448848009109497,2.457259178161621,-0.4699082374572754
915.4459838867188,0.0,0.0,0.0,4.444697856903076,1.041764736175537,-0.04533969238400459,5.038144111633301,0.023964302614331245
569.0540161132812,0.0,0.0,0.0,1.9809900522232056,0.11605188250541687,-0.14233087003231049,4.090121269226074,0.557971715927124
544.1820068359375,0.0,0.0,0.0,2.7488629817962646,1.096172571182251,-0.30752167105674744,3.365408182144165,-0.29943764209747314
213.3179931640625,0.0,0.0,0.0,2.2633578777313232,-0.6137298345565796,0.2461230307817459,2.7996742725372314,0.2378416806459427
603.1740112304688,0.0,0.0,0.0,3.5292088985443115,2.5942673683166504,-0.37358909845352173,4.571700572967529,-0.2119699865579605
318.15399169921875,0.0,0.0,0.0,3.2981626987457275,-0.8058857917785645,-0.4619961977005005,3.045402765274048,-0.35227230191230774
127.73400115966797,0.0,0.0,0.0,2.5798048973083496,0.4311813414096832,-0.012056579813361168,3.5219736099243164,-0.023986248299479485
920.3060302734375,0.0,0.0,0.0,3.524757146835327,-2.1879000663757324,0.5433040261268616,3.3129897117614746,0.5852038860321045
709.3660278320312,0.0,0.0,0.0,4.195163726806641,1.1291472911834717,-0.26900798082351685,4.621332168579102,-0.2882179021835327
596.9459838867188,0.0,0.0,0.0,3.9131476879119873,1.06581449508667,-0.04133310168981552,4.473011493682861,-0.015511063858866692
815.9420166015625,0.0,0.0,0.0,2.0403003692626953,1.2968547344207764,-0.4774632453918457,3.1406450271606445,-0.40626367926597595
742.8099975585938,0.0,0.0,0.0,4.485101222991943,-0.10500898212194443,0.07885072380304337,4.472991466522217,0.23262447118759155
848.8499755859375,0.0,0.0,0.0,-0.4795820415019989,-0.1339888721704483,-0.0013317635748535395,1.8614915609359741,0.17196844518184662
845.8660278320312,0.0,0.0,0.0,-0.198794424533844,2.4447224140167236,-1.2088640928268433,3.970756769180298,-0.359023779630661
560.3419799804688,0.0,0.0,0.0,1.6298713684082031,2.80594539642334,-0.530031144618988,3.172933340072632,-0.35463327169418335
925.8579711914062,0.0,0.0,0.0,-0.9432289600372314,0.28716981410980225,0.041818998754024506,4.176287651062012,-0.09861832112073898
869.1699829101562,0.0,0.0,0.0,1.5481998920440674,-0.44579899311065674,0.35777199268341064,2.1033356189727783,0.4180118143558502
183.1820068359375,0.0,0.0,0.0,1.7921215295791626,-1.6295933723449707,0.9133715629577637,2.9748358726501465,0.7359766364097595
722.1380004882812,0.0,0.0,0.0,4.453123092651367,-0.03546256199479103,0.02428276278078556,4.266615390777588,-0.09304095804691315
544.8140258789062,0.0,0.0,0.0,2.828517198562622,1.2371983528137207,-0.3311828076839447,3.5490667819976807,-0.4199887812137604
263.0820007324219,0.0,0.0,0.0,2.8887813091278076,-0.9923645257949829,0.35147783160209656,3.8060295581817627,0.3857209086418152
603.8820190429688,0.0,0.0,0.0,3.2915427684783936,2.8394627571105957,-0.33159294724464417,4.694103240966797,-0.20649679005146027
507.91400146484375,0.0,0.0,0.0,2.895575761795044,2.1353940963745117,-0.5969582200050354,2.2194697856903076,-0.6076682209968567
396.5780029296875,0.0,0.0,0.0,1.7151436805725098,-2.7616074085235596,0.4653850197792053,3.991398811340332,-0.2501235902309418
375.12200927734375,0.0,0.0,0.0,2.316061019897461,-0.6575321555137634,0.23450185358524323,2.056793212890625,0.28382769227027893
426.3420104980469,0.0,0.0,0.0,1.1993683576583862,-2.748418092727661,0.5724989771842957,4.4680376052856445,-0.2664298415184021
677.469970703125,0.0,0.0,0.0,4.369372367858887,-1.1495176553726196,0.2648126482963562,4.555468559265137,0.27265313267707825
912.9979858398438,0.0,0.0,0.0,3.9994122982025146,1.4598922729492188,-0.0887315422296524,4.986821174621582,-0.039853934198617935
827.7100219726562,0.0,0.0,0.0,3.846912145614624,-0.4559246301651001,0.27821633219718933,4.4327778816223145,0.1814001500606537
856.6900024414062,0.0,0.0,0.0,3.2431578636169434,-0.6297827959060669,0.14099445939064026,4.178196907043457,0.13672791421413422
296.0979919433594,0.0,0.0,0.0,2.404404640197754,-0.8368771076202393,0.2861548066139221,3.3898208141326904,0.27961230278015137
929.469970703125,0.0,0.0,0.0,1.7685691118240356,0.031387779861688614,0.03722275048494339,4.731321811676025,-0.16012194752693176
527.510009765625,0.0,0.0,0.0,0.8212600350379944,1.7776682376861572,-0.9146844744682312,4.4597954750061035,0.04074830934405327
224.67799377441406,0.0,0.0,0.0,3.2517189979553223,-1.647626519203186,0.23870526254177094,4.1909894943237305,0.23435701429843903
414.75,0.0,0.0,0.0,3.470046281814575,-1.0306389331817627,0.12189161032438278,4.219796657562256,0.07087717950344086
482.2659912109375,0.0,0.0,0.0,-0.5323997735977173,0.8109311461448669,-1.345042109489441,3.3590073585510254,0.40793052315711975
927.7739868164062,0.0,0.0,0.0,0.16110627353191376,0.05075567588210106,0.03231591731309891,4.611175060272217,-0.0995892733335495
636.3499755859375,0.0,0.0,0.0,2.327234983444214,0.965962290763855,-0.3369244337081909,3.183379888534546,-0.3427737355232239
954.9619750976562,0.0,0.0,0.0,2.629145622253418,2.482595443725586,-0.7788598537445068,3.608733892440796,-0.6424115896224976
486.36199951171875,0.0,0.0,0.0,1.7055015563964844,-0.9659355282783508,0.7549539804458618,2.5311522483825684,0.7837117314338684
447.0220031738281,0.0,0.0,0.0,4.069954872131348,-0.7872851490974426,0.025076337158679962,4.859705924987793,-0.006521613337099552
819.8140258789062,0.0,0.0,0.0,2.301875352859497,2.0553090572357178,-0.3044385313987732,4.565301895141602,-0.08829113841056824
807.677978515625,0.0,0.0,0.0,4.176766395568848,0.2849123477935791,-0.5040156245231628,4.00022029876709,-0.3499542474746704
207.53799438476562,0.0,0.0,0.0,-0.513701319694519,0.0687771737575531,0.03859838470816612,2.2369117736816406,-0.8316439986228943
146.4739990234375,0.0,0.0,0.0,1.834413766860962,-0.9954751133918762,0.4527050256729126,2.577258348464966,0.5052996873855591
316.4179992675781,0.0,0.0,0.0,2.5197739601135254,-2.6599910259246826,0.35735127329826355,4.032138347625732,-0.11094241589307785
445.3139953613281,0.0,0.0,0.0,3.4320976734161377,-1.0537060499191284,0.09826298803091049,4.417192459106445,0.07259094715118408
857.8460083007812,0.0,0.0,0.0,3.6819818019866943,-0.5621331334114075,0.11277275532484055,4.217770576477051,0.05817108228802681
637.8179931640625,0.0,0.0,0.0,2.9070942401885986,1.2271522283554077,-0.21291334927082062,4.129710674285889,-0.22491386532783508
345.2820129394531,0.0,0.0,0.0,0.7946775555610657,-0.024446096271276474,0.10257268697023392,2.1111578941345215,-0.8668656349182129
317.3699951171875,0.0,0.0,0.0,2.7340075969696045,-2.22833514213562,-0.13409490883350372,3.6181845664978027,-0.3316415846347809
303.7139892578125,0.0,0.0,0.0,1.9849576950073242,-0.9364920854568481,0.6341215372085571,2.4678802490234375,0.5763332843780518
526.6339721679688,0.0,0.0,0.0,1.3237427473068237,1.6757328510284424,-0.6752524971961975,4.162402153015137,-0.23975612223148346
428.8500061035156,0.0,0.0,0.0,-1.3689876794815063,0.02736045978963375,0.47293952107429504,2.7793877124786377,-0.8954513669013977
551.3939819335938,0.0,0.0,0.0,3.7920541763305664,1.8986021280288696,-0.24579666554927826,4.067542552947998,-0.38476404547691345
783.0419921875,0.0,0.0,0.0,0.14159755408763885,-0.07744346559047699,0.0284307561814785,1.661691665649414,0.11111332476139069
174.53399658203125,0.0,0.0,0.0,1.5415480136871338,0.45331084728240967,-0.7949381470680237,1.9855748414993286,-0.828844428062439
193.75,0.0,0.0,0.0,-0.001415702747181058,1.5562677383422852,-0.0023761934135109186,0.0,0.0
711.1420288085938,0.0,0.0,0.0,3.928508758544922,1.846260905265808,-0.23025792837142944,4.785772800445557,-0.18489794433116913
54.145999908447266,0.0,0.0,0.0,-0.0007582773687317967,0.0003608998085837811,-0.0018044051248580217,0.0,0.0
609.25,0.0,0.0,0.0,2.3997833728790283,3.1604127883911133,-0.4266843795776367,4.417187690734863,-0.18616244196891785
134.20199584960938,0.0,0.0,0.0,-0.6266241669654846,-0.9740782380104065,1.55558443069458,1.9985284805297852,-0.48226651549339294
448.39801025390625,0.0,0.0,0.0,4.280951023101807,-0.5894906520843506,0.04395104572176933,4.972519397735596,0.08528970927000046
425.0820007324219,0.0,0.0,0.0,1.789812684059143,-2.712122917175293,0.38792747259140015,4.062132358551025,0.040778230875730515
767.6820068359375,0.0,0.0,0.0,2.5656933784484863,-1.7026891708374023,0.5042909979820251,2.787461757659912,0.5267496109008789
56.15399932861328,0.0,0.0,0.0,0.03046594373881817,-0.008192993700504303,-0.014187929220497608,0.787820041179657,-0.010930296033620834
796.2059936523438,0.0,0.0,0.0,4.108479976654053,-1.1850738525390625,0.2649361491203308,4.589766025543213,0.36005109548568726
784.1339721679688,0.0,0.0,0.0,1.2523471117019653,-0.10710272938013077,0.1349967122077942,1.5646129846572876,0.1401597261428833
639.0419921875,0.0,0.0,0.0,3.36212420463562,1.1791445016860962,-0.1748938113451004,4.372055530548096,-0.18841390311717987
310.6780090332031,0.0,0.0,0.0,2.0397396087646484,-1.2524397373199463,0.489767462015152,3.220365524291992,0.5033650398254395
691.6900024414062,0.0,0.0,0.0,0.39495155215263367,0.013197805732488632,0.0458403043448925,3.766188144683838,-0.6658390760421753
917.5020141601562,0.0,0.0,0.0,4.444099426269531,-0.17476923763751984,0.3774499297142029,4.231207370758057,0.44019195437431335
163.98599243164062,0.0,0.0,0.0,2.077662706375122,0.026142198592424393,0.17351049184799194,3.9207966327667236,0.829323947429657
353.0820007324219,0.0,0.0,0.0,1.834720492362976,-0.26724910736083984,0.35260772705078125,2.6437761783599854,0.5788851976394653
762.5460205078125,0.0,0.0,0.0,3.023318290710449,-0.06007523462176323,-0.3066325783729553,2.8262321949005127,-0.15371720492839813
740.2979736328125,0.0,0.0,0.0,4.086226463317871,-0.17126470804214478,-0.04672272503376007,4.616378307342529,0.00664185406640172
609.97802734375,0.0,0.0,0.0,2.0271711349487305,3.3453922271728516,-0.3799503743648529,4.137941837310791,-0.016464238986372948
868.6179809570312,0.0,0.0,0.0,1.3507355451583862,-0.2881549000740051,0.2971857786178589,1.8043879270553589,0.3470681607723236
452.8500061035156,0.0,0.0,0.0,4.832333087921143,-0.3647908568382263,0.026163380593061447,4.4999260902404785,0.0243212953209877
454.4460144042969,0.0,0.0,0.0,3.663454055786133,-1.6264506578445435,0.44388139247894287,3.1468987464904785,0.3459579348564148
270.35400390625,0.0,0.0,0.0,3.0294110774993896,-1.249705195426941,0.21328073740005493,3.216144323348999,0.08998140692710876
811.8099975585938,0.0,0.0,0.0,3.3055224418640137,1.0734692811965942,-0.045088719576597214,2.967446804046631,-0.004322127904742956
104.11000061035156,0.0,0.0,0.0,3.688598394393921,-0.9864009618759155,0.35192620754241943,2.953413486480713,0.543474555015564
315.302001953125,0.0,0.0,0.0,2.7658355236053467,-2.3179314136505127,0.37978866696357727,4.185724258422852,0.3512476682662964
88.1500015258789,0.0,0.0,0.0,-1.2232515811920166,-0.21725785732269287,-0.21620944142341614,3.1748220920562744,0.059681329876184464
234.92999267578125,0.0,0.0,0.0,2.6143312454223633,-1.0085115432739258,0.3025946617126465,3.7846930027008057,0.3266028165817261
684.030029296875,0.0,0.0,0.0,2.0065579414367676,-3.2544503211975098,0.38902905583381653,4.018762588500977,0.4293077290058136
235.1739959716797,0.0,0.0,0.0,2.732856035232544,-1.0585752725601196,0.2850032448768616,3.7817838191986084,0.3077396750450134
160.06199645996094,0.0,0.0,0.0,-0.10034709423780441,1.4702017307281494,-1.4705069065093994,4.023040294647217,-0.4081465005874634
445.19000244140625,0.0,0.0,0.0,3.3727900981903076,-1.0482035875320435,0.13714677095413208,4.277213096618652,0.09172516316175461
451.2980041503906,0.0,0.0,0.0,4.719476699829102,-0.4801495373249054,0.0152819799259305,4.5233354568481445,-0.016887802630662918
393.1820068359375,0.0,0.0,0.0,2.7712230682373047,-1.3068196773529053,0.5420051217079163,4.227699279785156,0.596327543258667
274.91400146484375,0.0,0.0,0.0,1.2701759338378906,-0.21405304968357086,0.1702665090560913,1.6420812606811523,0.2048366218805313
683.4140014648438,0.0,0.0,0.0,2.2371904850006104,-3.1884281635284424,0.38223445415496826,4.2530622482299805,0.1736503690481186
800.6500244140625,0.0,0.0,0.0,3.869764804840088,-1.9820349216461182,0.20601867139339447,4.951457500457764,0.14504165947437286
191.75,0.0,0.0,0.0,1.5334044694900513,2.143768548965454,-0.8123155236244202,4.264997959136963,-0.4591883420944214
313.4700012207031,0.0,0.0,0.0,2.592426300048828,-2.1196491718292236,0.3256700932979584,4.51367712020874,-0.09085927158594131
568.281982421875,0.0,0.0,0.0,1.1195571422576904,0.017455045133829117,-0.09673334658145905,4.108094692230225,0.5025341510772705
258.07000732421875,0.0,0.0,0.0,-0.7143602967262268,0.15850870311260223,-0.591796875,2.0847997665405273,0.2572050392627716
717.7420043945312,0.0,0.0,0.0,4.076341152191162,-1.2029887437820435,0.021867411211133003,4.275160789489746,-0.03056233562529087
594.8099975585938,0.0,0.0,0.0,3.5107734203338623,1.313251256942749,-0.2066536694765091,3.9489872455596924,-0.11821034550666809
620.4099731445312,0.0,0.0,0.0,2.0092461109161377,-1.9048300981521606,0.7760744690895081,3.9549660682678223,0.6041521430015564
905.5260009765625,0.0,0.0,0.0,2.3240807056427,0.8927880525588989,-0.5212055444717407,2.5326004028320312,-0.40454909205436707
531.2739868164062,0.0,0.0,0.0,0.9954540729522705,0.05212709307670593,-0.11447961628437042,2.5186915397644043,0.9943603873252869
592.4940185546875,0.0,0.0,0.0,3.605269432067871,1.1583200693130493,-0.09686905145645142,3.779047727584839,-0.03571910411119461
724.6099853515625,0.0,0.0,0.0,1.5414613485336304,2.32580304145813,-0.7015756368637085,2.2800395488739014,-0.40938225388526917
732.5419921875,0.0,0.0,0.0,2.5810062885284424,-0.8151589632034302,0.4281105399131775,3.2866342067718506,0.4285735785961151
787.6820068359375,0.0,0.0,0.0,1.6747928857803345,-0.4709588289260864,0.26665061712265015,2.2270188331604004,0.35427168011665344
430.093994140625,0.0,0.0,0.0,-0.6893200278282166,0.16213025152683258,0.0479520708322525,2.34672474861145,-0.90576171875
874.281982421875,0.0,0.0,0.0,3.2564404010772705,-1.5174754858016968,0.16224543750286102,4.615212440490723,0.05937207490205765
309.30999755859375,0.0,0.0,0.0,1.8682506084442139,-1.0483033657073975,0.5221690535545349,2.1744089126586914,0.39406558871269226
563.197998046875,0.0,0.0,0.0,-0.4105075001716614,2.2002532482147217,-1.205841064453125,2.2446959018707275,-0.0014687658986076713
747.75,0.0,0.0,0.0,-0.5140066146850586,-3.535945177078247,1.260567545890808,3.7731010913848877,0.4748518168926239
471.4100036621094,0.0,0.0,0.0,4.395728588104248,0.5785161852836609,-0.2263306975364685,4.650878429412842,-0.1627364158630371
846.5020141601562,0.0,0.0,0.0,-1.476468563079834,1.0835800170898438,-1.4065697193145752,4.152003765106201,0.043877098709344864
55.917999267578125,0.0,0.0,0.0,-0.0021528848446905613,0.0008713839342817664,0.001130227348767221,0.0,0.0
852.9619750976562,0.0,0.0,0.0,0.2943727374076843,-0.010876607149839401,0.01742926426231861,1.2733861207962036,0.01851034350693226
181.85000610351562,0.0,0.0,0.0,1.942198395729065,-0.0372866690158844,0.4049477279186249,3.100771903991699,1.0199439525604248
172.44200134277344,0.0,0.0,0.0,-0.16160361468791962,0.06008197367191315,0.009774927981197834,2.28597092628479,-1.120102882385254
334.4259948730469,0.0,0.0,0.0,3.9301788806915283,-1.398227572441101,0.1482449471950531,3.8584752082824707,0.06825912743806839
383.0740051269531,0.0,0.0,0.0,3.1225619316101074,0.07095086574554443,-0.6517080068588257,2.6369853019714355,-0.575083315372467
886.9539794921875,0.0,0.0,0.0,1.0409637689590454,-3.274796485900879,0.8641247749328613,3.4135899543762207,0.5455518960952759
368.2659912109375,0.0,0.0,0.0,3.1186978816986084,-0.5877775549888611,0.41993966698646545,2.648545503616333,0.4601936340332031
77.32599639892578,0.0,0.0,0.0,1.4717285633087158,0.576462984085083,-0.4734441041946411,1.6828126907348633,-0.41297653317451477
290.989990234375,0.0,0.0,0.0,1.4544084072113037,-2.90745210647583,0.2787640690803528,2.339289665222168,0.02291853539645672
865.6099853515625,0.0,0.0,0.0,1.400288462638855,-0.1378398984670639,0.009823859669268131,0.0,0.0
59.2140007019043,0.0,0.0,0.0,2.7438406944274902,0.5006074905395508,-0.20468199253082275,3.4549715518951416,-0.20534266531467438
572.573974609375,0.0,0.0,0.0,3.048271656036377,-2.2245256900787354,0.36144259572029114,4.693869590759277,0.16742682456970215
848.0020141601562,0.0,0.0,0.0,-0.9454284906387329,-0.2603384256362915,-0.12084104120731354,2.2485554218292236,0.2284414917230606
346.6860046386719,0.0,0.0,0.0,1.4968446493148804,0.8357223868370056,-0.841701090335846,2.194979190826416,-1.049035668373108
446.1180114746094,0.0,0.0,0.0,3.757685661315918,-0.9727898836135864,0.05178072676062584,4.759283065795898,0.11107344925403595
837.8820190429688,0.0,0.0,0.0,-0.011743142269551754,0.050268691033124924,0.022761400789022446,3.1420140266418457,-0.5380808711051941
954.0020141601562,0.0,0.0,0.0,3.679466724395752,1.4996145963668823,-0.40637069940567017,3.7559518814086914,-0.5288103818893433
86.98999786376953,0.0,0.0,0.0,-1.589052438735962,0.9213528633117676,-1.1260520219802856,2.7331831455230713,-0.17290952801704407
241.01400756835938,0.0,0.0,0.0,3.889721632003784,-0.8089344501495361,0.03793039917945862,4.258655071258545,0.056455470621585846
484.50201416015625,0.0,0.0,0.0,0.7327645421028137,0.07026199996471405,-0.19333907961845398,2.198274612426758,0.7810990810394287
771.3460083007812,0.0,0.0,0.0,-0.8991305828094482,-1.2452601194381714,1.3707259893417358,3.7390341758728027,-0.007672242820262909
884.8419799804688,0.0,0.0,0.0,4.326975345611572,-1.033658742904663,0.0961112380027771,4.533852577209473,0.3411332070827484
544.9459838867188,0.0,0.0,0.0,2.834268569946289,1.29595148563385,-0.3677496016025543,3.530820846557617,-0.35243260860443115
657.5020141601562,0.0,0.0,0.0,1.6115505695343018,0.6731910109519958,-0.30905234813690186,2.051600933074951,-0.36451151967048645
504.3059997558594,0.0,0.0,0.0,4.056992053985596,0.8263501524925232,-0.282305508852005,4.2043657302856445,-0.3684512972831726
648.56201171875,0.0,0.0,0.0,3.7300682067871094,1.901061773300171,-0.6543887853622437,3.4242186546325684,-0.5400295853614807
440.75,0.0,0.0,0.0,1.6377443075180054,-0.6282522678375244,0.658656895160675,1.865899920463562,0.5936359763145447
145.49400329589844,0.0,0.0,0.0,1.659380316734314,-0.867155134677887,0.4757255017757416,1.9509000778198242,0.40509867668151855
121.24600219726562,0.0,0.0,0.0,1.423149824142456,0.5340081453323364,-0.45854124426841736,1.668702483177185,-0.5178422927856445
138.50599670410156,0.0,0.0,0.0,2.0053980350494385,-0.264519065618515,0.27554577589035034,2.4012417793273926,0.278949111700058
696.1539916992188,0.0,0.0,0.0,2.7508838176727295,1.1637823581695557,-0.21602047979831696,3.044461727142334,-0.1408073902130127
846.1699829101562,0.0,0.0,0.0,-0.915501594543457,1.9554418325424194,-1.4255571365356445,4.0818023681640625,-0.20375895500183105
77.94200134277344,0.0,0.0,0.0,1.469035029411316,0.6613395810127258,-0.4848482310771942,1.7998586893081665,-0.40770113468170166
309.19000244140625,0.0,0.0,0.0,1.8835949897766113,-1.027448296546936,0.508039653301239,2.3080782890319824,0.5275422930717468
560.885986328125,0.0,0.0,0.0,1.3427634239196777,2.8543167114257812,-0.5085142254829407,2.6731181144714355,-0.27731966972351074
549.4459838867188,0.0,0.0,0.0,3.6290228366851807,1.8935824632644653,-0.18909262120723724,4.454390048980713,-0.13263727724552155
123.79000091552734,0.0,0.0,0.0,1.3259342908859253,0.8261319994926453,-0.5006060600280762,1.800044298171997,-0.5010919570922852
252.4499969482422,0.0,0.0,0.0,2.6717240810394287,-0.21949687600135803,-0.5055402517318726,2.6556248664855957,-0.4893723428249359
220.91000366210938,0.0,0.0,0.0,3.0403249263763428,-0.548085629940033,0.08427802473306656,3.8122074604034424,0.07821337878704071
679.1859741210938,0.0,0.0,0.0,4.145135402679443,-1.7781879901885986,0.16760022938251495,4.657448768615723,0.17984473705291748
329.37799072265625,0.0,0.0,0.0,4.094030857086182,0.6953412294387817,-0.3042163848876953,4.625182151794434,-0.2441467046737671
243.6820068359375,0.0,0.0,0.0,3.9249298572540283,-1.2653098106384277,0.35673314332962036,4.3306708335876465,0.3310043513774872
931.7940063476562,0.0,0.0,0.0,3.805769205093384,0.4466973543167114,-0.1243540346622467,4.669216156005859,-0.06719730794429779
468.406005859375,0.0,0.0,0.0,3.9471216201782227,-0.9489656686782837,0.04444190859794617,4.918193817138672,0.01506744883954525
125.55000305175781,0.0,0.0,0.0,1.339721918106079,0.9337853193283081,-0.6764882802963257,1.7553960084915161,-0.563146710395813
681.1699829101562,0.0,0.0,0.0,3.313922882080078,-2.603525161743164,0.38672956824302673,3.8548734188079834,0.2382582426071167
333.2980041503906,0.0,0.0,0.0,4.095857620239258,-1.1230601072311401,0.23495663702487946,4.253540515899658,0.24540436267852783
793.1259765625,0.0,0.0,0.0,3.843400001525879,-0.7205595374107361,-0.025537367910146713,4.4528489112854,-0.08967992663383484
770.2100219726562,0.0,0.0,0.0,0.6823196411132812,-2.3905510902404785,0.733466625213623,3.4004621505737305,0.3309275805950165
943.073974609375,0.0,0.0,0.0,0.39552631974220276,3.159817695617676,-0.8381181359291077,4.262883186340332,0.33425793051719666
423.2860107421875,0.0,0.0,0.0,2.1755001544952393,-2.6820363998413086,0.38046735525131226,3.8073172569274902,0.21307013928890228
385.6059875488281,0.0,0.0,0.0,1.1159802675247192,1.9353972673416138,-0.7549991607666016,2.1974973678588867,-0.6956271529197693
67.00199890136719,0.0,0.0,0.0,2.440577507019043,-1.0772203207015991,0.6309452652931213,3.1727800369262695,0.5356935858726501
345.7820129394531,0.0,0.0,0.0,1.2385382652282715,0.0930381491780281,-0.4564141631126404,2.07458233833313,-0.8512638807296753
691.2659912109375,0.0,0.0,0.0,0.05371952801942825,0.0265205018222332,0.059295665472745895,3.9566526412963867,-0.7529541850090027
265.4779968261719,0.0,0.0,0.0,3.65521502494812,0.003328277263790369,-0.16961699724197388,4.3829169273376465,-0.22249627113342285
455.0140075683594,0.0,0.0,0.0,2.940227746963501,-2.0691912174224854,0.4553269147872925,2.7523961067199707,0.27190345525741577
398.0820007324219,0.0,0.0,0.0,0.7930790781974792,-2.6356844902038574,0.6777797341346741,3.251068353652954,-0.5346773266792297
750.5339965820312,0.0,0.0,0.0,-1.510330080986023,0.7145324945449829,0.10420782119035721,4.131173610687256,-0.1410159170627594
147.21800231933594,0.0,0.0,0.0,2.050752639770508,-1.1236873865127563,0.45369574427604675,3.025632619857788,0.5461099147796631
586.8099975585938,0.0,0.0,0.0,0.29056939482688904,-0.0022106911055743694,0.0482335239648819,3.363218307495117,-0.8345131278038025
528.4459838867188,0.0,0.0,0.0,-0.30716729164123535,1.2798445224761963,-1.4127205610275269,4.177558898925781,0.5214440822601318
761.8900146484375,0.0,0.0,0.0,2.836482286453247,-0.6946185231208801,-0.17814092338085175,3.1109859943389893,-0.2855234444141388
541.7780151367188,0.0,0.0,0.0,2.3953657150268555,0.433383047580719,-0.2336113005876541,2.733130931854248,-0.2536643445491791
119.78199768066406,0.0,0.0,0.0,0.7068371176719666,0.14320756494998932,-0.14131632447242737,1.5193514823913574,-0.4205305278301239
162.58200073242188,0.0,0.0,0.0,0.49791109561920166,-0.0027828929014503956,-0.05112403631210327,3.621068000793457,0.6792775392532349
890.1099853515625,0.0,0.0,0.0,-1.3286188840866089,0.4867849051952362,0.07791018486022949,3.2140772342681885,-0.451524943113327
896.1539916992188,0.0,0.0,0.0,3.2945117950439453,0.19146567583084106,-0.1915534883737564,4.473030090332031,-0.2763824164867401
406.8340148925781,0.0,0.0,0.0,2.1462745666503906,-1.0334184169769287,0.4061441421508789,3.249317169189453,0.4459509551525116
137.70599365234375,0.0,0.0,0.0,1.6748239994049072,-0.003380630863830447,0.12532031536102295,2.000994920730591,0.18321150541305542
246.48199462890625,0.0,0.0,0.0,4.05195426940918,-1.315596103668213,-0.10590210556983948,4.469272136688232,-0.1558845341205597
947.1300048828125,0.0,0.0,0.0,-0.7019264101982117,-0.11332013458013535,0.02791575901210308,3.758054256439209,0.09151572734117508
376.8580017089844,0.0,0.0,0.0,1.7419369220733643,-0.9894466996192932,0.4190736413002014,1.9876348972320557,0.3652102053165436
889.3660278320312,0.0,0.0,0.0,-1.7713699340820312,0.576003909111023,0.34219449758529663,3.586387872695923,-0.35276633501052856
569.9940185546875,0.0,0.0,0.0,2.8554892539978027,-0.27563655376434326,0.3677220940589905,3.936234951019287,0.5608718991279602
464.32598876953125,0.0,0.0,0.0,2.313612699508667,-0.9569390416145325,0.36314183473587036,3.1685612201690674,0.3928363621234894
280.84600830078125,0.0,0.0,0.0,3.4427490234375,-1.298054575920105,0.11365523934364319,4.166775703430176,0.021679537370800972
709.02197265625,0.0,0.0,0.0,4.2815680503845215,0.9001128673553467,-0.25398457050323486,4.7512664794921875,-0.3259854316711426
770.1099853515625,0.0,0.0,0.0,0.7783873677253723,-2.401890277862549,0.7054594159126282,3.5915415287017822,0.4069882035255432
704.3619995117188,0.0,0.0,0.0,3.9098315238952637,1.3499335050582886,-0.19475941359996796,4.468486785888672,-0.09926962107419968
155.41400146484375,0.0,0.0,0.0,0.0750398114323616,0.02345440536737442,-0.002832980128005147,1.9899382591247559,-0.9052709937095642
739.8939819335938,0.0,0.0,0.0,4.003101825714111,-0.2502073347568512,-0.04554174467921257,4.5339813232421875,0.00358259747736156
644.0540161132812,0.0,0.0,0.0,4.551395416259766,0.1728672981262207,-0.0003824939194601029,4.733102798461914,-0.019498059526085854
848.114013671875,0.0,0.0,0.0,-0.8823528289794922,-0.24776875972747803,-0.097630575299263,2.1428005695343018,0.09535133093595505
823.1699829101562,0.0,0.0,0.0,2.5641419887542725,2.3441712856292725,-0.3833986222743988,4.280014991760254,-0.3316909670829773
845.5700073242188,0.0,0.0,0.0,0.4197298288345337,2.6471080780029297,-0.9724847674369812,3.8494129180908203,-0.41808104515075684
938.4660034179688,0.0,0.0,0.0,3.89699125289917,1.119649887084961,-0.04995244741439819,4.3203864097595215,-0.026178749278187752
429.20599365234375,0.0,0.0,0.0,-1.1731512546539307,0.18533656001091003,0.2498820722103119,2.462141990661621,-1.0048545598983765
711.47802734375,0.0,0.0,0.0,3.91985821723938,1.860046148300171,-0.1769697368144989,4.85992956161499,-0.1034972220659256
59.577999114990234,0.0,0.0,0.0,2.8928112983703613,0.6121922135353088,-0.14536729454994202,3.7396440505981445,-0.14040406048297882
700.1339721679688,0.0,0.0,0.0,2.7010107040405273,1.191884994506836,-0.28805023431777954,3.6720130443573,-0.2509804964065552
837.3779907226562,0.0,0.0,0.0,-0.3080076575279236,0.08194179087877274,-0.0312819667160511,2.9979279041290283,-0.5952122807502747
334.9419860839844,0.0,0.0,0.0,3.823702812194824,-1.3462468385696411,0.1105942502617836,3.766620635986328,0.0516604483127594
861.5059814453125,0.0,0.0,0.0,4.163663864135742,-0.28291594982147217,0.0355372317135334,0.0,0.0
173.03799438476562,0.0,0.0,0.0,0.33134928345680237,0.023202361539006233,0.14559611678123474,2.013715982437134,-0.8504924178123474
765.9180297851562,0.0,0.0,0.0,2.743051290512085,-1.472812294960022,0.30964189767837524,3.3333535194396973,0.22502362728118896
216.95799255371094,0.0,0.0,0.0,2.136042833328247,-0.535300076007843,0.06227594614028931,2.014404296875,0.0605197548866272
668.9660034179688,0.0,0.0,0.0,2.4233922958374023,-0.15649330615997314,0.030512459576129913,2.417263984680176,-0.04933944344520569
371.0820007324219,0.0,0.0,0.0,1.2328654527664185,-1.4580538272857666,0.5426667332649231,1.7225606441497803,0.40979912877082825
103.36199951171875,0.0,0.0,0.0,3.998361825942993,-0.7115194201469421,0.07711559534072876,4.0516438484191895,0.035761427134275436
663.4140014648438,0.0,0.0,0.0,0.9312517046928406,0.3183439075946808,0.011593753471970558,0.0,0.0
645.677978515625,0.0,0.0,0.0,4.585204124450684,0.2933492958545685,-0.025974523276090622,4.946834087371826,-0.03598209097981453
598.47802734375,0.0,0.0,0.0,4.298603534698486,0.7141435742378235,-0.02018621563911438,4.434219837188721,-0.10556706041097641
756.2420043945312,0.0,0.0,0.0,2.5026111602783203,-0.6588485240936279,0.5397682189941406,3.619504690170288,0.7396320700645447
337.45001220703125,0.0,0.0,0.0,2.57527232170105,-1.0065433979034424,0.32512515783309937,1.8123795986175537,0.3773990273475647
151.75799560546875,0.0,0.0,0.0,0.47579869627952576,-2.4998786449432373,0.8936154842376709,4.102988243103027,-0.37639695405960083
537.43798828125,0.0,0.0,0.0,0.14638596773147583,0.035079266875982285,0.09679973125457764,1.534744143486023,-0.1126142144203186
487.3699951171875,0.0,0.0,0.0,1.5988987684249878,-1.5909613370895386,0.7603464722633362,3.308938980102539,0.7275168895721436
768.9739990234375,0.0,0.0,0.0,1.608174443244934,-2.326408624649048,0.6400724649429321,3.076024055480957,0.3365635275840759
169.26600646972656,0.0,0.0,0.0,-0.8475859761238098,-2.110628128051758,1.34865403175354,4.17799186706543,-0.5790860056877136
182.68600463867188,0.0,0.0,0.0,2.05635666847229,-1.1230700016021729,0.8672654628753662,2.906466245651245,0.9302831888198853
380.3340148925781,0.0,0.0,0.0,2.7738289833068848,-1.2510367631912231,0.27108949422836304,3.72592830657959,0.29724112153053284
54.71799850463867,0.0,0.0,0.0,-0.0021122160833328962,0.0004120482481084764,0.0015749455196782947,0.0,0.0
74.48999786376953,0.0,0.0,0.0,2.49811053276062,0.393290638923645,-0.04612910374999046,2.2482614517211914,-0.013897426426410675
121.90599822998047,0.0,0.0,0.0,1.326189398765564,0.7154960632324219,-0.5805585384368896,1.7695177793502808,-0.5419005155563354
222.78199768066406,0.0,0.0,0.0,3.295206308364868,-0.9607149958610535,0.3261483609676361,3.5744259357452393,0.34209179878234863
188.1820068359375,0.0,0.0,0.0,0.4719109833240509,0.02274203486740589,0.06533439457416534,2.962143898010254,-0.9682454466819763
375.0220031738281,0.0,0.0,0.0,2.3338515758514404,-0.6456434726715088,0.20868352055549622,2.1810755729675293,0.273021936416626
449.8380126953125,0.0,0.0,0.0,4.545725345611572,-0.6452077627182007,-0.027224643155932426,4.73382043838501,-0.012578600086271763
884.3939819335938,0.0,0.0,0.0,4.355813980102539,-1.0715842247009277,0.07210723310709,4.657002925872803,0.0510396733880043
569.6099853515625,0.0,0.0,0.0,2.5584957599639893,0.006756182294338942,0.1668841689825058,3.8872742652893066,0.6421719789505005
895.3740234375,0.0,0.0,0.0,2.658348321914673,-0.09130751341581345,-0.04225694015622139,4.347309112548828,-0.227229505777359
99.38600158691406,0.0,0.0,0.0,2.4013547897338867,-0.9101637005805969,0.2688990533351898,3.2085063457489014,0.26800355315208435
188.99000549316406,0.0,0.0,0.0,1.3182826042175293,-0.07095791399478912,0.045801807194948196,2.829711437225342,-0.8916453123092651
118.38999938964844,0.0,0.0,0.0,-0.2912643253803253,0.477073609828949,-1.1321712732315063,1.8045947551727295,-0.6180495619773865
795.0460205078125,0.0,0.0,0.0,4.174977779388428,-0.5161811709403992,0.17705318331718445,4.869363307952881,0.27031585574150085
956.2100219726562,0.0,0.0,0.0,1.0326133966445923,3.167623996734619,-0.7126772999763489,3.396387815475464,-0.24171140789985657
630.9140014648438,0.0,0.0,0.0,-0.004053908865898848,-0.0011042871046811342,0.001709837932139635,0.0,0.0
58.61800003051758,0.0,0.0,0.0,2.4199507236480713,0.31565842032432556,-0.15553541481494904,3.1223435401916504,-0.20982414484024048
268.51800537109375,0.0,0.0,0.0,3.412782907485962,-0.29036036133766174,0.39758509397506714,3.540358066558838,0.35711777210235596
921.8660278320312,0.0,0.0,0.0,0.657198429107666,-3.500701427459717,0.8566133379936218,3.8268511295318604,0.5469951629638672
660.030029296875,0.0,0.0,0.0,2.0650229454040527,0.8504660129547119,-0.30065590143203735,2.1754658222198486,-0.2441488653421402
792.6740112304688,0.0,0.0,0.0,3.6554677486419678,-0.9600520133972168,-0.029092853888869286,4.307806968688965,-0.18010835349559784
808.0579833984375,0.0,0.0,0.0,4.009797096252441,0.9603888988494873,-0.4451616704463959,4.399474620819092,-0.2835083603858948
890.8499755859375,0.0,0.0,0.0,-0.9605416059494019,0.29276183247566223,0.025749731808900833,3.266695737838745,-0.5388163328170776
673.1500244140625,0.0,0.0,0.0,3.763120651245117,0.6623247265815735,-0.02857392653822899,4.554575443267822,0.009501414373517036
99.0780029296875,0.0,0.0,0.0,2.2864274978637695,-0.8816217184066772,0.273372620344162,3.1238884925842285,0.2938117980957031
834.6420288085938,0.0,0.0,0.0,-1.731913447380066,0.221793994307518,0.4874825179576874,2.93157696723938,-0.4353926479816437
653.6019897460938,0.0,0.0,0.0,2.82169246673584,-0.08938953280448914,0.0756017416715622,2.366514205932617,0.019052568823099136
675.1339721679688,0.0,0.0,0.0,4.243645191192627,0.3595689535140991,0.11587278544902802,4.581088542938232,0.2256542444229126
829.2780151367188,0.0,0.0,0.0,3.79728102684021,-1.2001526355743408,0.42157286405563354,3.5526626110076904,0.5077376365661621
319.9259948730469,0.0,0.0,0.0,2.348220109939575,-0.1152811199426651,0.3973112404346466,1.8101882934570312,0.41016075015068054
690.8140258789062,0.0,0.0,0.0,-0.2559680640697479,0.036650240421295166,0.0334930382668972,4.056249618530273,-0.6608316898345947
298.0780029296875,0.0,0.0,0.0,3.235752582550049,-1.0252091884613037,0.16950352489948273,4.38732385635376,0.1956264227628708
690.22998046875,0.0,0.0,0.0,-0.5980061292648315,0.08019967377185822,0.06693194061517715,3.9954257011413574,-0.6560322046279907
56.650001525878906,0.0,0.0,0.0,0.6028880476951599,0.017618967220187187,0.025820067152380943,1.7475037574768066,-0.050631534308195114
856.0659790039062,0.0,0.0,0.0,2.936232805252075,-0.4807194769382477,0.14968760311603546,3.9105987548828125,0.15976129472255707
270.8299865722656,0.0,0.0,0.0,2.987761974334717,-1.1831834316253662,0.1568787395954132,3.0654056072235107,0.11569565534591675
754.02197265625,0.0,0.0,0.0,0.5151152610778809,0.0497063547372818,-0.044009316712617874,3.214876174926758,0.5484901070594788
147.4739990234375,0.0,0.0,0.0,2.0983071327209473,-1.1735666990280151,0.463483989238739,3.1160616874694824,0.5481783747673035
830.3779907226562,0.0,0.0,0.0,2.525904655456543,-2.5110127925872803,0.7477942109107971,3.3640482425689697,0.35601288080215454
822.6060180664062,0.0,0.0,0.0,2.5967025756835938,2.2216811180114746,-0.3868720233440399,4.218197822570801,-0.2765085995197296
536.989990234375,0.0,0.0,0.0,-0.20277860760688782,0.06008865311741829,0.11515537649393082,1.4087557792663574,-0.16762037575244904
417.3139953613281,0.0,0.0,0.0,4.186803340911865,-0.6114915609359741,0.08557359874248505,4.690662860870361,0.2586604058742523
643.385986328125,0.0,0.0,0.0,4.400484561920166,0.35908403992652893,0.0029555526562035084,4.803994655609131,0.0154116777703166
832.6060180664062,0.0,0.0,0.0,0.6900614500045776,-3.0283350944519043,0.6635180711746216,3.1814019680023193,-0.6656044721603394
557.4140014648438,0.0,0.0,0.0,2.250976324081421,2.579284429550171,-0.29987430572509766,4.009617328643799,-0.3104335069656372
648.8140258789062,0.0,0.0,0.0,3.357991933822632,2.315929889678955,-0.7021151185035706,3.6641135215759277,-0.35187187790870667
522.2940063476562,0.0,0.0,0.0,2.009829521179199,0.9774962663650513,-0.506417453289032,1.6676973104476929,-0.45233389735221863
336.7820129394531,0.0,0.0,0.0,3.2504475116729736,-0.8804927468299866,0.14222285151481628,2.2574024200439453,0.13862909376621246
918.2739868164062,0.0,0.0,0.0,4.200754642486572,-1.2615340948104858,0.4281303286552429,4.44114875793457,0.2815871834754944
870.6420288085938,0.0,0.0,0.0,1.9273802042007446,-0.873317539691925,0.46476733684539795,2.7270731925964355,0.45994308590888977
367.91400146484375,0.0,0.0,0.0,3.31933331489563,-0.3228853940963745,0.10306897014379501,2.823026180267334,0.37267643213272095
483.03399658203125,0.0,0.0,0.0,-0.40388765931129456,0.1499766856431961,-0.439331591129303,2.7278940677642822,0.6601183414459229
768.8980102539062,0.0,0.0,0.0,1.6544339656829834,-2.3008460998535156,0.627821683883667,3.2736141681671143,0.4510948956012726
947.2940063476562,0.0,0.0,0.0,-0.6282232999801636,-0.0973459854722023,-0.01598414219915867,3.421321392059326,-0.09473562985658646
245.9219970703125,0.0,0.0,0.0,3.803009510040283,-1.746053695678711,-0.018732819706201553,4.809127330780029,-0.09494122117757797
572.0139770507812,0.0,0.0,0.0,3.1175782680511475,-1.9889085292816162,0.43244653940200806,4.66072416305542,0.21896480023860931
64.11000061035156,0.0,0.0,0.0,2.5200867652893066,2.4311740398406982,-0.35241907835006714,4.159463405609131,-0.12012140452861786
238.70199584960938,0.0,0.0,0.0,3.492875814437866,-0.9261577725410461,0.11319893598556519,3.9807801246643066,0.10674575716257095
331.3819885253906,0.0,0.0,0.0,4.172336578369141,0.9312017560005188,0.15096056461334229,4.425830841064453,0.3840850591659546
570.7139892578125,0.0,0.0,0.0,3.1012110710144043,-1.0464844703674316,0.48324474692344666,4.124135971069336,0.5266894698143005
187.1540069580078,0.0,0.0,0.0,-0.30255556106567383,0.09131734818220139,0.06576117128133774,2.976482391357422,-0.8873450756072998
71.88600158691406,0.0,0.0,0.0,3.1549510955810547,-0.8641661405563354,-0.18816034495830536,3.1580891609191895,-0.20029518008232117
303.5260009765625,0.0,0.0,0.0,2.059583902359009,-0.8054771423339844,0.6223812699317932,2.27028751373291,0.5722131729125977
954.333984375,0.0,0.0,0.0,3.413239002227783,1.8101975917816162,-0.5421711802482605,3.8402364253997803,-0.612912118434906
332.8219909667969,0.0,0.0,0.0,4.129940986633301,-0.8011844754219055,0.2885257601737976,4.6839165687561035,0.22202275693416595
195.8260040283203,0.0,0.0,0.0,0.6617645621299744,0.11803440749645233,0.02917732298374176,1.9294999837875366,-0.02428659051656723
619.2780151367188,0.0,0.0,0.0,2.2660319805145264,-0.6740949749946594,0.6655172109603882,3.1969635486602783,0.8956099152565002
707.8779907226562,0.0,0.0,0.0,4.404242992401123,0.7198522686958313,-0.013793607242405415,4.817476272583008,-0.08884640038013458
251.91799926757812,0.0,0.0,0.0,2.6704633235931396,-0.9766198992729187,-0.32462599873542786,2.7081820964813232,-0.4041430652141571
610.6300048828125,0.0,0.0,0.0,1.6417163610458374,3.432565450668335,-0.44062185287475586,4.181521415710449,0.16012175381183624
664.6179809570312,0.0,0.0,0.0,0.7108024954795837,0.09802167862653732,0.03897910937666893,1.6139112710952759,0.021155059337615967
210.85400390625,0.0,0.0,0.0,1.2040988206863403,0.018586458638310432,0.06784064322710037,1.6574755907058716,0.10005014389753342
754.4619750976562,0.0,0.0,0.0,0.9656835198402405,0.08320282399654388,-0.1533011943101883,3.1085925102233887,0.6804003715515137
407.69000244140625,0.0,0.0,0.0,2.4531989097595215,-1.2427538633346558,0.3451354205608368,3.7882115840911865,0.32606041431427
528.14599609375,0.0,0.0,0.0,0.10087048262357712,1.5796290636062622,-1.3162472248077393,3.8902506828308105,0.36731594800949097
233.53799438476562,0.0,0.0,0.0,2.123567819595337,-0.7023841738700867,0.38019371032714844,2.861955404281616,0.3824473023414612
521.9860229492188,0.0,0.0,0.0,2.1328012943267822,0.9186850190162659,-0.3455904424190521,2.1088249683380127,-0.37778642773628235
764.93798828125,0.0,0.0,0.0,2.6810507774353027,-1.1192290782928467,0.41575735807418823,3.2846648693084717,0.3796215057373047
775.4340209960938,0.0,0.0,0.0,1.783659815788269,-0.08154516667127609,-0.10775534063577652,3.097358226776123,-0.7707571983337402
718.4340209960938,0.0,0.0,0.0,4.167115211486816,-0.8958913087844849,-0.034075092524290085,4.274487018585205,-0.03139062598347664
529.7780151367188,0.0,0.0,0.0,-0.3247750401496887,0.030883068218827248,-0.2782963216304779,2.886451005935669,0.9491143822669983
317.45001220703125,0.0,0.0,0.0,2.805326461791992,-2.125776529312134,-0.17402544617652893,3.3431286811828613,-0.48562198877334595
640.9219970703125,0.0,0.0,0.0,3.9257161617279053,0.9858089685440063,-0.033536676317453384,4.707815647125244,-0.030045442283153534
722.2219848632812,0.0,0.0,0.0,4.451650619506836,-0.04960903897881508,-0.01447475515305996,3.9362964630126953,-0.12345176935195923
638.8140258789062,0.0,0.0,0.0,3.3262124061584473,1.204257845878601,-0.09698724001646042,4.179846286773682,-0.16421368718147278
142.3179931640625,0.0,0.0,0.0,2.453948497772217,-0.7185270190238953,0.10901430994272232,2.5933644771575928,0.08925765752792358
556.72998046875,0.0,0.0,0.0,2.2250325679779053,2.592174530029297,-0.37549200654029846,3.9786217212677,-0.35989534854888916
688.9500122070312,0.0,0.0,0.0,-1.2714605331420898,-0.27589163184165955,0.5866554379463196,4.299281120300293,-0.39340266585350037
848.3419799804688,0.0,0.0,0.0,-0.759362518787384,-0.20820792019367218,-0.06613363325595856,1.7985124588012695,0.10620036721229553
429.385986328125,0.0,0.0,0.0,-1.072624921798706,0.1966489851474762,0.201595738530159,2.3756024837493896,-0.9826475381851196
582.0900268554688,0.0,0.0,0.0,1.4629274606704712,-2.1051392555236816,0.9000152945518494,2.322979211807251,0.6395145654678345
346.91400146484375,0.0,0.0,0.0,1.4542641639709473,0.9975159764289856,-0.9074645638465881,2.006749153137207,-0.8011517524719238
531.5499877929688,0.0,0.0,0.0,1.255122184753418,0.031514331698417664,0.14860714972019196,2.319150686264038,0.9705439209938049
757.7059936523438,0.0,0.0,0.0,3.1225953102111816,-0.8877147436141968,0.008723778650164604,3.6842732429504395,-0.14395056664943695
319.8139953613281,0.0,0.0,0.0,2.4339959621429443,-0.000691759109031409,0.38865816593170166,1.864432454109192,0.34870097041130066
663.9619750976562,0.0,0.0,0.0,0.4801023602485657,0.18401747941970825,-0.03891425579786301,0.0,0.0
198.01800537109375,0.0,0.0,0.0,2.64743709564209,0.17758969962596893,-0.05667031183838844,3.525428295135498,-0.03698985278606415
475.51800537109375,0.0,0.0,0.0,2.120694398880005,2.6719393730163574,-0.5213428735733032,3.0502865314483643,-0.25579822063446045
386.04998779296875,0.0,0.0,0.0,0.8749121427536011,1.9738578796386719,-0.7292771339416504,2.3896868228912354,-0.5867080092430115
803.7739868164062,0.0,0.0,0.0,3.8707170486450195,-2.0898985862731934,0.2252860814332962,4.855515003204346,0.11165478825569153
896.0579833984375,0.0,0.0,0.0,3.232247829437256,0.13782578706741333,-0.17367519438266754,4.42667818069458,-0.20220263302326202
944.5819702148438,0.0,0.0,0.0,-2.030479907989502,0.0808400809764862,-0.7274513244628906,3.6624088287353516,0.7632120251655579
621.4299926757812,0.0,0.0,0.0,0.9652762413024902,-2.4680533409118652,0.8851097226142883,4.4809041023254395,0.26329296827316284
841.9739990234375,0.0,0.0,0.0,3.3728132247924805,0.59359210729599,-0.13429896533489227,4.173496723175049,-0.01289945375174284
98.44999694824219,0.0,0.0,0.0,2.1457507610321045,-0.8835324048995972,0.30642223358154297,2.5778942108154297,0.3487352132797241
900.030029296875,0.0,0.0,0.0,4.290371894836426,0.8855828642845154,-0.007126585580408573,4.713144302368164,0.02455311454832554
631.02197265625,0.0,0.0,0.0,-0.0019578009378165007,4.967876520822756e-06,-0.0029813398141413927,0.0,0.0
201.3179931640625,0.0,0.0,0.0,3.5404393672943115,-0.24577079713344574,0.5072951316833496,2.960283041000366,0.5688166618347168
710.4459838867188,0.0,0.0,0.0,4.050815582275391,1.5670639276504517,-0.36692652106285095,4.801539421081543,-0.29665079712867737
53.518001556396484,0.0,0.0,0.0,-0.0018170478288084269,0.0012831133790314198,-0.0003308440500404686,0.0,0.0
53.11800003051758,0.0,0.0,0.0,-0.0020928080193698406,2.4997560103656724e-05,0.0015231599099934101,0.0,0.0
275.1180114746094,0.0,0.0,0.0,1.363303303718567,-0.22688628733158112,0.237473726272583,1.7405462265014648,0.2463521510362625
309.91400146484375,0.0,0.0,0.0,1.870077133178711,-1.137113332748413,0.475384920835495,2.5651772022247314,0.46690893173217773
742.4299926757812,0.0,0.0,0.0,4.455997943878174,-0.07377887517213821,-0.004540660418570042,4.762948989868164,0.15063774585723877
876.2379760742188,0.0,0.0,0.0,3.986027717590332,-1.0507428646087646,0.21279524266719818,4.512862205505371,0.3238601088523865
132.50999450683594,0.0,0.0,0.0,1.0896039009094238,-1.902862548828125,0.7654096484184265,2.615610361099243,0.2520584166049957
462.5820007324219,0.0,0.0,0.0,1.7681708335876465,-0.4406491219997406,0.3101034164428711,2.2874815464019775,0.3246496021747589
304.7460021972656,0.0,0.0,0.0,1.831073522567749,-1.2530099153518677,0.5133057832717896,2.708352565765381,0.45944687724113464
555.2459716796875,0.0,0.0,0.0,2.4026424884796143,2.6548469066619873,-0.36815178394317627,3.7231507301330566,-0.26330819725990295
886.85400390625,0.0,0.0,0.0,1.2291051149368286,-3.252720355987549,0.8593334555625916,3.2741689682006836,0.4633999466896057
54.24599838256836,0.0,0.0,0.0,-0.001723511959426105,0.0003333447384648025,0.0007066741236485541,0.0,0.0
698.406005859375,0.0,0.0,0.0,2.358973264694214,0.8164772391319275,-0.26666632294654846,2.7113945484161377,-0.3135222792625427
798.9099731445312,0.0,0.0,0.0,3.839512348175049,-2.035295009613037,0.1780325174331665,4.787642002105713,0.1237713024020195
859.8419799804688,0.0,0.0,0.0,4.291900634765625,-0.529504656791687,-2.8307131287874654e-05,4.741474628448486,-0.03894059732556343
449.5820007324219,0.0,0.0,0.0,4.499689102172852,-0.6625455617904663,0.010914838872849941,4.76202917098999,0.039569392800331116
54.04600143432617,0.0,0.0,0.0,-0.0018033062806352973,0.00040107607492245734,0.0027732178568840027,0.0,0.0
733.3660278320312,0.0,0.0,0.0,2.519716501235962,-1.2253074645996094,0.35636553168296814,2.7533133029937744,0.22143670916557312
873.9739990234375,0.0,0.0,0.0,3.103902816772461,-1.5716913938522339,0.21517780423164368,4.5444254875183105,0.11159354448318481
265.8699951171875,0.0,0.0,0.0,3.6912479400634766,0.28843337297439575,-0.1743679791688919,3.818300247192383,-0.156581848859787
750.9739990234375,0.0,0.0,0.0,-1.273152232170105,0.5367876887321472,0.004030848853290081,4.174424648284912,-0.21571217477321625
632.197998046875,0.0,0.0,0.0,-0.0008343903464265168,0.0010116514749825,-0.0008215961279347539,0.0,0.0
363.385986328125,0.0,0.0,0.0,3.50557541847229,-1.5944846868515015,0.6527068018913269,2.9834907054901123,0.520378053188324
411.2820129394531,0.0,0.0,0.0,2.5496788024902344,-0.5076037049293518,0.21468165516853333,2.6640617847442627,0.2550668716430664
547.3460083007812,0.0,0.0,0.0,3.2370615005493164,1.776926875114441,-0.3124028444290161,4.14390230178833,-0.23419523239135742
594.5460205078125,0.0,0.0,0.0,3.514738082885742,1.2767165899276733,-0.2166774421930313,3.96684193611145,-0.18681944906711578
660.4420166015625,0.0,0.0,0.0,2.05285906791687,0.8683209419250488,-0.28068122267723083,2.276947498321533,-0.1637936532497406
758.6740112304688,0.0,0.0,0.0,3.3810064792633057,-0.293742835521698,-0.09165888279676437,3.3368115425109863,0.07039269059896469
141.8419952392578,0.0,0.0,0.0,2.478644609451294,-0.7922998666763306,0.14994537830352783,2.523677110671997,0.08301401883363724
749.1099853515625,0.0,0.0,0.0,-2.5474767684936523,0.48390862345695496,0.6769180297851562,3.958488941192627,0.12289081513881683
875.1099853515625,0.0,0.0,0.0,3.683173656463623,-1.272686243057251,0.05319274216890335,4.676764011383057,-0.03521749749779701
690.030029296875,0.0,0.0,0.0,-0.7141998410224915,0.0735170766711235,0.11443155258893967,4.1159563064575195,-0.6471213698387146
552.5460205078125,0.0,0.0,0.0,3.2293148040771484,2.4316234588623047,-0.46020621061325073,4.336549282073975,-0.3821738362312317
849.166015625,0.0,0.0,0.0,-0.30678197741508484,-0.10286606848239899,0.028170745819807053,1.6142199039459229,0.08320929855108261
589.56201171875,0.0,0.0,0.0,2.9743595123291016,0.5632745027542114,-0.2976137697696686,4.020210266113281,-0.3688456118106842
691.02197265625,0.0,0.0,0.0,-0.12011319398880005,0.036904413253068924,-0.007966187782585621,3.7744553089141846,-0.7257124185562134
347.2380065917969,0.0,0.0,0.0,1.3639087677001953,1.2064955234527588,-0.8919097185134888,2.35693359375,-0.7937383651733398
571.8779907226562,0.0,0.0,0.0,3.132023811340332,-1.9119170904159546,0.43402284383773804,4.499769687652588,0.3120845556259155
172.75,0.0,0.0,0.0,0.0651373490691185,0.030336329713463783,-0.013515179976820946,2.1520707607269287,-0.9396964311599731
495.9100036621094,0.0,0.0,0.0,1.6800117492675781,1.3737926483154297,-0.46571460366249084,1.7979532480239868,-0.19963793456554413
528.35400390625,0.0,0.0,0.0,-0.1861448585987091,1.3874664306640625,-1.4494621753692627,3.8744170665740967,0.4461866617202759
90.55000305175781,0.0,0.0,0.0,0.03056536614894867,-0.04026804491877556,-0.002952221315354109,1.4782668352127075,-0.14508002996444702
169.8260040283203,0.0,0.0,0.0,-1.5993781089782715,-0.6968978643417358,1.082732081413269,3.485804557800293,-0.7318463921546936
749.885986328125,0.0,0.0,0.0,-1.919227123260498,0.889022946357727,0.2981990575790405,4.0052008628845215,0.01004770491272211
259.25,0.0,0.0,0.0,-0.12638239562511444,-0.00727216899394989,-0.08661817014217377,2.172931432723999,0.2888595163822174
279.12200927734375,0.0,0.0,0.0,2.916527032852173,-1.3123782873153687,0.28128257393836975,4.040990829467773,0.24231107532978058
497.6780090332031,0.0,0.0,0.0,1.4090598821640015,0.643291711807251,-0.29371675848960876,1.647006869316101,-0.2691758871078491
153.8179931640625,0.0,0.0,0.0,-0.9318594932556152,0.11141908168792725,0.28476282954216003,2.5613181591033936,-1.0470224618911743
238.63800048828125,0.0,0.0,0.0,3.4897878170013428,-0.9173893332481384,0.1219198927283287,3.8207263946533203,0.03936448693275452
420.5419921875,0.0,0.0,0.0,3.2995336055755615,-1.9746785163879395,0.3550538420677185,3.532228708267212,0.35930490493774414
227.99000549316406,0.0,0.0,0.0,3.5654468536376953,-0.9851043224334717,0.038842104375362396,2.9964358806610107,0.07431986927986145
395.7139892578125,0.0,0.0,0.0,2.0892934799194336,-2.665998697280884,0.455138623714447,4.3624725341796875,-0.04603274166584015
153.61000061035156,0.0,0.0,0.0,-1.0581270456314087,0.06182049214839935,0.4449597895145416,2.7031941413879395,-0.9841949939727783
641.2540283203125,0.0,0.0,0.0,4.003586769104004,0.8868422508239746,-0.005771924275904894,4.658194065093994,-0.009059860371053219
280.01800537109375,0.0,0.0,0.0,3.224057912826538,-1.3717340230941772,0.2048533409833908,4.130448341369629,0.1732945442199707
574.2780151367188,0.0,0.0,0.0,3.3019399642944336,-2.1385021209716797,0.08636283874511719,4.861011028289795,-0.07050471752882004
325.5820007324219,0.0,0.0,0.0,3.062236785888672,-1.6095786094665527,0.32363495230674744,4.329488754272461,0.2420884668827057
232.9499969482422,0.0,0.0,0.0,1.9775681495666504,-0.5459400415420532,0.34963810443878174,2.442363739013672,0.3200228214263916
591.3060302734375,0.0,0.0,0.0,3.566896438598633,1.1939570903778076,-0.1639871448278427,4.372607231140137,-0.10341625660657883
594.3060302734375,0.0,0.0,0.0,3.522400379180908,1.2284328937530518,-0.2177790403366089,4.052082061767578,-0.20349358022212982
636.4819946289062,0.0,0.0,0.0,2.369433641433716,0.9940272569656372,-0.36713171005249023,3.4275193214416504,-0.3802337050437927
656.9660034179688,0.0,0.0,0.0,1.5180505514144897,0.6634109616279602,-0.4284774363040924,2.007244348526001,-0.3915638327598572
433.8900146484375,0.0,0.0,0.0,1.730602741241455,1.0714945793151855,-0.8296773433685303,2.726884603500366,-0.8583789467811584
725.510009765625,0.0,0.0,0.0,0.9749137163162231,2.351130723953247,-0.5887963175773621,2.4973769187927246,-0.33340513706207275
600.4340209960938,0.0,0.0,0.0,4.23382568359375,1.4745274782180786,-0.19719663262367249,4.604696750640869,-0.17960937321186066
949.3660278320312,0.0,0.0,0.0,0.6789945960044861,0.004259784705936909,0.0014514790382236242,4.195916652679443,-0.22715041041374207
403.08599853515625,0.0,0.0,0.0,1.0079013109207153,-0.05201592668890953,-0.060227587819099426,1.7527395486831665,-0.19443337619304657
198.92999267578125,0.0,0.0,0.0,3.1305789947509766,0.2780100405216217,-0.11010594666004181,3.8817007541656494,-0.08465573191642761
383.6180114746094,0.0,0.0,0.0,2.598173141479492,0.9922336339950562,-0.6869532465934753,2.3855605125427246,-0.5310387015342712
463.96600341796875,0.0,0.0,0.0,2.1717689037323,-0.8543129563331604,0.3851318955421448,3.2769346237182617,0.4001006484031677
930.8740234375,0.0,0.0,0.0,3.2722227573394775,0.1398710310459137,-0.05348516255617142,4.654330730438232,-0.18486037850379944
897.9660034179688,0.0,0.0,0.0,4.017693042755127,0.9062160849571228,-0.11549418419599533,4.927653789520264,-0.04189334064722061
948.4539794921875,0.0,0.0,0.0,0.0012126299552619457,0.00021818216191604733,-0.021090049296617508,4.145367622375488,-0.2929712235927582
800.093994140625,0.0,0.0,0.0,3.846299409866333,-1.9832950830459595,0.21890167891979218,4.7992634773254395,0.19782806932926178
732.0659790039062,0.0,0.0,0.0,2.3829445838928223,-0.4406625032424927,0.43540430068969727,3.3483786582946777,0.562795102596283
294.0260009765625,0.0,0.0,0.0,1.672736644744873,-0.7571103572845459,0.13826709985733032,2.051896572113037,0.19674386084079742
855.5980224609375,0.0,0.0,0.0,2.7018980979919434,-0.37478646636009216,0.14629638195037842,3.412137746810913,0.1354765146970749
103.48200225830078,0.0,0.0,0.0,4.007142066955566,-0.7064826488494873,0.08761732280254364,3.7136118412017822,0.12890493869781494
856.2659912109375,0.0,0.0,0.0,3.034001350402832,-0.5313153266906738,0.1466963291168213,3.8030664920806885,0.12512852251529694
410.3900146484375,0.0,0.0,0.0,2.5999338626861572,-0.40686294436454773,0.0005326187238097191,2.304940938949585,0.07603458315134048
558.47802734375,0.0,0.0,0.0,2.2389466762542725,2.564034938812256,-0.3553515672683716,4.650362014770508,-0.23346328735351562
240.08599853515625,0.0,0.0,0.0,3.7442779541015625,-0.8962084650993347,0.06429185718297958,4.157309055328369,0.13095645606517792
829.9539794921875,0.0,0.0,0.0,3.108116388320923,-2.0164854526519775,0.6870601177215576,3.1511473655700684,0.6359254121780396
303.3900146484375,0.0,0.0,0.0,2.102877140045166,-0.6889879107475281,0.6115596890449524,2.1289799213409424,0.536275327205658
730.4979858398438,0.0,0.0,0.0,0.830565333366394,-0.039180316030979156,-0.09059618413448334,3.3130393028259277,0.6588151454925537
614.8140258789062,0.0,0.0,0.0,-1.2242287397384644,-0.34167763590812683,-0.10822213441133499,3.02901554107666,0.6686079502105713
552.0460205078125,0.0,0.0,0.0,3.506516933441162,2.165565252304077,-0.36617282032966614,4.255405426025391,-0.4783265292644501
358.75799560546875,0.0,0.0,0.0,3.603379964828491,-1.132705807685852,0.08963589370250702,4.409739017486572,0.06792028248310089
137.91000366210938,0.0,0.0,0.0,1.7470804452896118,-0.04831157252192497,0.22352905571460724,2.0919296741485596,0.21014608442783356
951.5180053710938,0.0,0.0,0.0,2.9172751903533936,0.060444705188274384,-0.13261491060256958,4.382592678070068,-0.37420135736465454
111.62999725341797,0.0,0.0,0.0,0.5999433398246765,0.0651489645242691,0.16157713532447815,2.3390865325927734,-0.5717917084693909
156.14599609375,0.0,0.0,0.0,0.800631046295166,-0.033407505601644516,0.05032588541507721,2.272563934326172,-1.023240089416504
417.9859924316406,0.0,0.0,0.0,4.16221284866333,-0.9738156795501709,0.2964288592338562,4.549687385559082,0.33275049924850464
472.1860046386719,0.0,0.0,0.0,4.287736892700195,1.0959850549697876,-0.21488557755947113,4.371276378631592,-0.12650436162948608
330.7380065917969,0.0,0.0,0.0,4.074427604675293,1.321479320526123,-0.10304997116327286,4.881152153015137,0.1326562762260437
620.0659790039062,0.0,0.0,0.0,2.1875789165496826,-1.570369005203247,0.7725369334220886,3.5634167194366455,0.7286287546157837
533.697998046875,0.0,0.0,0.0,1.3151973485946655,-1.6965951919555664,0.886368453502655,2.786008596420288,0.5216864943504333
863.7780151367188,0.0,0.0,0.0,2.6696767807006836,-0.2375137060880661,0.012937149032950401,0.0,0.0
284.92999267578125,0.0,0.0,0.0,4.42349100112915,0.31281235814094543,-0.06740875542163849,4.556483268737793,-0.021672580391168594
624.0859985351562,0.0,0.0,0.0,-0.7977255582809448,0.20520320534706116,0.12666550278663635,2.708986520767212,-0.8480048775672913
380.84600830078125,0.0,0.0,0.0,2.9908363819122314,-1.3482167720794678,0.24587178230285645,4.184974193572998,0.20353053510189056
684.8779907226562,0.0,0.0,0.0,1.6516262292861938,-3.2760612964630127,0.3986036479473114,3.9547176361083984,0.47609132528305054
177.47000122070312,0.0,0.0,0.0,-0.030843377113342285,1.5727143287658691,-1.4290928840637207,4.317499160766602,-0.396254301071167
375.22601318359375,0.0,0.0,0.0,2.272977590560913,-0.6730207800865173,0.29450008273124695,2.2913827896118164,0.36802229285240173
537.6380004882812,0.0,0.0,0.0,0.34888356924057007,0.03594478964805603,0.14621631801128387,1.6002131700515747,-0.025700151920318604
420.1260070800781,0.0,0.0,0.0,3.505603551864624,-1.8636378049850464,0.277515709400177,3.514552593231201,0.26903095841407776
102.91000366210938,0.0,0.0,0.0,3.87998366355896,-0.7505455613136292,0.0624898299574852,4.40588903427124,0.03405101224780083
555.4500122070312,0.0,0.0,0.0,2.3603131771087646,2.655219316482544,-0.34860172867774963,4.079735279083252,-0.24554723501205444
378.4460144042969,0.0,0.0,0.0,1.9931232929229736,-0.9135228395462036,0.34075456857681274,2.6466002464294434,0.3355579376220703
855.8619995117188,0.0,0.0,0.0,2.8382606506347656,-0.442875474691391,0.18541492521762848,3.5135040283203125,0.18049582839012146
602.3099975585938,0.0,0.0,0.0,3.827223539352417,2.2127573490142822,-0.3628578186035156,4.758571624755859,-0.2872203588485718
721.1019897460938,0.0,0.0,0.0,4.352284908294678,-0.11597783118486404,-0.030747948214411736,4.304609775543213,0.004502217285335064
833.1820068359375,0.0,0.0,0.0,-0.29303601384162903,-2.7672529220581055,1.1404112577438354,2.951460838317871,-0.7558022737503052
124.51799774169922,0.0,0.0,0.0,1.4112831354141235,0.8478171825408936,-0.5537328124046326,1.8444613218307495,-0.58965665102005
217.6820068359375,0.0,0.0,0.0,1.9794584512710571,-0.43378692865371704,0.07104451209306717,1.9562277793884277,0.04853357747197151
403.6059875488281,0.0,0.0,0.0,1.362796425819397,-0.03711269050836563,0.058150939643383026,1.671410083770752,0.15826921164989471
669.2739868164062,0.0,0.0,0.0,2.4538021087646484,-0.09100741893053055,-0.05104363337159157,2.6213181018829346,-0.08297806233167648
815.7139892578125,0.0,0.0,0.0,2.0076119899749756,1.2498470544815063,-0.44938430190086365,2.8743834495544434,-0.5060898661613464
117.43399810791016,0.0,0.0,0.0,0.12687663733959198,1.206192135810852,-1.4370969533920288,1.942700982093811,-0.4504081904888153
145.0500030517578,0.0,0.0,0.0,1.6965855360031128,-0.8029486536979675,0.44049984216690063,2.0227599143981934,0.40710222721099854
764.2139892578125,0.0,0.0,0.0,2.7243034839630127,-0.570336103439331,0.47076016664505005,3.016197681427002,0.3826090693473816
925.9860229492188,0.0,0.0,0.0,-0.8742976784706116,0.26036128401756287,-0.034039322286844254,4.050965309143066,-0.22626207768917084
215.06199645996094,0.0,0.0,0.0,2.381061553955078,-0.785747230052948,0.14704647660255432,2.65735125541687,0.09316695481538773
181.32200622558594,0.0,0.0,0.0,1.442101240158081,0.08140511810779572,-0.14202533662319183,3.2987194061279297,0.9050894379615784
309.510009765625,0.0,0.0,0.0,1.8427315950393677,-1.0795103311538696,0.5017309784889221,2.3940703868865967,0.4603503346443176
483.8420104980469,0.0,0.0,0.0,0.10851454734802246,0.03039795160293579,-0.15693581104278564,2.3328747749328613,0.7846482396125793
608.677978515625,0.0,0.0,0.0,2.687974691390991,2.949073076248169,-0.43037283420562744,4.489748954772949,-0.3125787079334259
241.23399353027344,0.0,0.0,0.0,3.9175000190734863,-0.7886583805084229,0.04875034838914871,4.472011566162109,0.019984720274806023
706.47802734375,0.0,0.0,0.0,4.17105770111084,1.1229838132858276,-0.006155630107969046,5.007866859436035,-0.021441049873828888
602.1099853515625,0.0,0.0,0.0,3.894059181213379,2.106142282485962,-0.34576499462127686,4.69900369644165,-0.3564094007015228
458.0459899902344,0.0,0.0,0.0,1.8966881036758423,-1.0319844484329224,0.12432283163070679,1.873106837272644,0.07462826371192932
945.0499877929688,0.0,0.0,0.0,-1.765500783920288,-0.3308386504650116,-0.4048404097557068,3.0052835941314697,0.760375440120697
469.1780090332031,0.0,0.0,0.0,4.1726202964782715,-0.7716580629348755,0.022534651681780815,4.9171013832092285,-0.05141257494688034
643.0819702148438,0.0,0.0,0.0,4.352244853973389,0.40752166509628296,0.001267997082322836,4.812885761260986,-0.02521573379635811
558.7459716796875,0.0,0.0,0.0,2.2375755310058594,2.58573055267334,-0.35276105999946594,3.916827440261841,-0.37014827132225037
344.9020080566406,0.0,0.0,0.0,0.4318597614765167,-0.006431978195905685,0.27118930220603943,2.4015727043151855,-0.9849327802658081
940.1619873046875,0.0,0.0,0.0,3.868590831756592,1.1426067352294922,-0.4127412438392639,3.586305618286133,-0.5305047631263733
494.34600830078125,0.0,0.0,0.0,1.7111610174179077,0.6173074245452881,-0.6817029714584351,2.4283254146575928,-0.751457929611206
393.2820129394531,0.0,0.0,0.0,2.77329158782959,-1.3905961513519287,0.554793119430542,4.039953231811523,0.44714540243148804
269.65399169921875,0.0,0.0,0.0,3.134918689727783,-1.1467140913009644,0.2882064878940582,3.026259660720825,0.20530883967876434
177.3459930419922,0.0,0.0,0.0,0.1611160784959793,1.6721421480178833,-1.2571455240249634,4.050538539886475,-0.42755433917045593
873.0460205078125,0.0,0.0,0.0,2.7622907161712646,-1.4972120523452759,0.3352159261703491,4.328989028930664,0.18786688148975372
527.6179809570312,0.0,0.0,0.0,0.7258567214012146,1.7655839920043945,-0.9808155298233032,4.251847743988037,0.12158732116222382
472.3179931640625,0.0,0.0,0.0,4.260356903076172,1.1677297353744507,-0.2560209631919861,4.616593837738037,-0.1356411576271057
682.5380249023438,0.0,0.0,0.0,2.621227502822876,-2.9976770877838135,0.421947181224823,4.175436019897461,0.34160467982292175
539.5460205078125,0.0,0.0,0.0,2.08257794380188,-0.03237837180495262,0.05071807652711868,2.519361734390259,0.07265971601009369
389.3340148925781,0.0,0.0,0.0,-0.1266317069530487,-0.00300322356633842,-0.06855559349060059,3.651224374771118,0.48680126667022705
200.51800537109375,0.0,0.0,0.0,3.679697036743164,0.325018048286438,-0.031823430210351944,3.8025999069213867,0.1669963300228119
464.1059875488281,0.0,0.0,0.0,2.2395474910736084,-0.8901289701461792,0.3731159269809723,2.9041101932525635,0.3528591990470886
314.51800537109375,0.0,0.0,0.0,2.8031351566314697,-2.1803131103515625,0.2759853005409241,4.308376789093018,0.3149828314781189
306.5820007324219,0.0,0.0,0.0,2.0900447368621826,-1.2337472438812256,0.2714346647262573,2.6065876483917236,0.13831999897956848
354.9100036621094,0.0,0.0,0.0,2.333465576171875,-1.199410319328308,0.4423019289970398,3.149585008621216,0.3871906101703644
355.4540100097656,0.0,0.0,0.0,2.4333226680755615,-1.3089810609817505,0.38837093114852905,3.197500705718994,0.33502084016799927
201.1820068359375,0.0,0.0,0.0,3.6048874855041504,-0.05986612290143967,0.3593696057796478,3.029555320739746,0.6343740224838257
686.4140014648438,0.0,0.0,0.0,0.9199272394180298,-3.0278966426849365,0.45763111114501953,4.296393871307373,0.43466198444366455
105.25,0.0,0.0,0.0,2.115483045578003,-2.236774206161499,0.7555299997329712,2.486764669418335,0.519496738910675
63.7140007019043,0.0,0.0,0.0,2.6113743782043457,2.388188362121582,-0.40283432602882385,3.9161036014556885,-0.20276860892772675
504.3739929199219,0.0,0.0,0.0,4.045112609863281,0.8827218413352966,-0.33164969086647034,4.611809253692627,-0.27652376890182495
446.4700012207031,0.0,0.0,0.0,3.8839147090911865,-0.901752233505249,0.03165901452302933,4.6851301193237305,0.07835943251848221
438.86199951171875,0.0,0.0,0.0,0.3567211925983429,0.020190849900245667,-0.32709258794784546,2.046943187713623,0.7894142270088196
526.0859985351562,0.0,0.0,0.0,1.4320718050003052,1.5608187913894653,-0.6465416550636292,3.464665174484253,-0.3276112973690033
932.885986328125,0.0,0.0,0.0,4.084141254425049,0.6696101427078247,-0.08000453561544418,4.4065093994140625,-0.04919333755970001
723.7100219726562,0.0,0.0,0.0,2.994621992111206,1.5981404781341553,-0.6585360765457153,2.2198128700256348,-0.650798499584198
649.6179809570312,0.0,0.0,0.0,2.590250015258789,2.972287893295288,-0.3793269395828247,3.8799619674682617,-0.041392043232917786
411.3900146484375,0.0,0.0,0.0,2.5603373050689697,-0.5366899967193604,0.24242961406707764,3.063390016555786,0.2905507981777191
579.4459838867188,0.0,0.0,0.0,4.229770183563232,0.20920294523239136,0.07496444135904312,4.1999735832214355,-0.017398696392774582
378.6860046386719,0.0,0.0,0.0,2.092427968978882,-0.9295772910118103,0.34276190400123596,3.133988380432129,0.40537816286087036
679.9099731445312,0.0,0.0,0.0,3.9800662994384766,-1.955223560333252,0.305970162153244,4.203846454620361,0.36351290345191956
617.4459838867188,0.0,0.0,0.0,0.5430158972740173,-0.06470441818237305,-0.10789763182401657,3.1798038482666016,0.7741842269897461
569.3499755859375,0.0,0.0,0.0,2.296225070953369,0.0970175713300705,0.02328658290207386,4.235292434692383,0.5349146127700806
435.14599609375,0.0,0.0,0.0,1.3177193403244019,1.7202106714248657,-0.777053952217102,3.1228911876678467,0.07017438858747482
262.5539855957031,0.0,0.0,0.0,2.731480360031128,-0.6562539339065552,0.40396103262901306,3.7554540634155273,0.4070882201194763
696.614013671875,0.0,0.0,0.0,2.6652233600616455,1.1080769300460815,-0.1372648924589157,2.4439949989318848,-0.0818398967385292
100.11000061035156,0.0,0.0,0.0,2.7171051502227783,-0.9205214977264404,0.19184920191764832,3.7520577907562256,0.2604585886001587
911.7860107421875,0.0,0.0,0.0,3.801361083984375,1.5289835929870605,-0.17967024445533752,4.737860679626465,-0.07410847395658493
350.8580017089844,0.0,0.0,0.0,-0.2052101194858551,-0.04269295558333397,-0.19074875116348267,1.9832956790924072,0.39272770285606384
561.25,0.0,0.0,0.0,1.166502594947815,2.8596818447113037,-0.4967193901538849,2.6915342807769775,-0.17819315195083618
126.5780029296875,0.0,0.0,0.0,1.7306970357894897,0.8191442489624023,-0.17511291801929474,2.59954833984375,-0.09989980608224869
75.31400299072266,0.0,0.0,0.0,2.198829412460327,0.32139891386032104,-0.031458426266908646,1.9604865312576294,-0.03322651609778404
898.614013671875,0.0,0.0,0.0,4.147791862487793,0.9806521534919739,-0.12251858413219452,4.71884298324585,-0.04365592077374458
520.3099975585938,0.0,0.0,0.0,2.2884883880615234,0.6354954242706299,-0.22540853917598724,2.3319976329803467,-0.23919148743152618
320.5820007324219,0.0,0.0,0.0,1.9381343126296997,-0.6807656288146973,0.5395146012306213,2.1361801624298096,0.5380558967590332
292.25,0.0,0.0,0.0,1.63032865524292,-2.0624001026153564,0.07511948049068451,1.8574990034103394,0.02379937842488289
242.91799926757812,0.0,0.0,0.0,4.119653701782227,-0.5875034928321838,0.13280756771564484,4.303131580352783,0.33659374713897705
551.25,0.0,0.0,0.0,3.8131136894226074,1.875036597251892,-0.23301906883716583,4.422508239746094,-0.2992112934589386
566.6500244140625,0.0,0.0,0.0,-0.21452060341835022,-0.06044334918260574,0.006392733659595251,3.387298583984375,0.43156224489212036
526.177978515625,0.0,0.0,0.0,1.4189561605453491,1.5768373012542725,-0.5875570774078369,3.7666125297546387,-0.36704978346824646
519.5780029296875,0.0,0.0,0.0,2.376878261566162,0.7151433825492859,-0.14747346937656403,2.371173143386841,-0.07128679007291794
736.7459716796875,0.0,0.0,0.0,3.086113214492798,-0.6628408432006836,0.05800936371088028,3.7189316749572754,0.0784510150551796
175.0260009765625,0.0,0.0,0.0,1.5522323846817017,0.872573971748352,-0.9284315705299377,2.1938490867614746,-0.8815077543258667
162.41400146484375,0.0,0.0,0.0,0.3447040021419525,-0.00481014559045434,-0.021627718582749367,3.903482675552368,0.5365254878997803
346.5820007324219,0.0,0.0,0.0,1.5102026462554932,0.7475365400314331,-0.8490415811538696,2.0348448753356934,-0.8114753365516663
545.3579711914062,0.0,0.0,0.0,2.8507988452911377,1.408220887184143,-0.3313170373439789,3.785846710205078,-0.32875150442123413
729.8740234375,0.0,0.0,0.0,0.2282276749610901,-0.05880436301231384,-0.00575140118598938,3.147747278213501,0.543877363204956
311.07000732421875,0.0,0.0,0.0,2.1464927196502686,-1.3528679609298706,0.47822630405426025,3.4176554679870605,0.4192553758621216
563.9459838867188,0.0,0.0,0.0,-1.4748069047927856,0.6204938888549805,-1.0573076009750366,2.3117406368255615,0.06721856445074081
358.3819885253906,0.0,0.0,0.0,3.443495750427246,-1.195326805114746,0.12225431203842163,4.090171813964844,0.057578712701797485
390.2019958496094,0.0,0.0,0.0,0.5278367400169373,0.004060841165482998,-0.066862553358078,3.6546430587768555,0.5924221277236938
935.5139770507812,0.0,0.0,0.0,3.7061829566955566,1.1324714422225952,-0.24413472414016724,3.7798259258270264,-0.21647591888904572
108.09400177001953,0.0,0.0,0.0,-1.345266342163086,-0.9886882901191711,1.259433388710022,3.111480474472046,0.32907113432884216
284.3819885253906,0.0,0.0,0.0,4.332751750946045,0.1751183718442917,-0.10477175563573837,4.6013875007629395,0.016779977828264236
578.989990234375,0.0,0.0,0.0,4.158990859985352,0.2873292863368988,0.029167305678129196,4.627592086791992,0.09085751324892044
57.13399887084961,0.0,0.0,0.0,1.1831046342849731,0.033932898193597794,-0.034538187086582184,2.3076529502868652,-0.1104082316160202
899.0139770507812,0.0,0.0,0.0,4.204763412475586,1.0299034118652344,-0.12344790995121002,4.692065238952637,-0.02886868827044964
563.4979858398438,0.0,0.0,0.0,-1.0147157907485962,1.6771328449249268,-1.3601148128509521,1.9984334707260132,0.10994555801153183
650.197998046875,0.0,0.0,0.0,2.5027801990509033,2.95865535736084,-0.2029900848865509,3.7442758083343506,0.16600139439105988
312.08599853515625,0.0,0.0,0.0,2.375816583633423,-1.7025009393692017,0.42776644229888916,4.301491737365723,0.1687435358762741
348.85400390625,0.0,0.0,0.0,0.31370314955711365,1.5088335275650024,-1.3365124464035034,2.8267807960510254,-0.2657634913921356
491.5260009765625,0.0,0.0,0.0,-0.3500491678714752,0.09311763942241669,-0.00884187500923872,2.029576539993286,-0.5977996587753296
597.302001953125,0.0,0.0,0.0,4.0356764793396,0.9493331909179688,-0.02486022375524044,4.580469131469727,-0.0656188428401947
255.2899932861328,0.0,0.0,0.0,1.2348730564117432,1.8946293592453003,-0.8546854257583618,2.1033341884613037,-0.7026647925376892
124.84600067138672,0.0,0.0,0.0,1.4168012142181396,0.854275107383728,-0.5910196900367737,1.809898853302002,-0.5809065699577332
558.0499877929688,0.0,0.0,0.0,2.244905471801758,2.563217878341675,-0.34814682602882385,4.393036842346191,-0.27249351143836975
866.7780151367188,0.0,0.0,0.0,0.5055335164070129,-0.09554678201675415,-0.029037518426775932,0.0,0.0
421.906005859375,0.0,0.0,0.0,2.5484731197357178,-2.4939446449279785,0.3999837338924408,3.748993158340454,0.262552946805954
435.27801513671875,0.0,0.0,0.0,1.2410712242126465,1.761249303817749,-0.7826438546180725,3.4522547721862793,0.18489690124988556
910.9580078125,0.0,0.0,0.0,3.751312494277954,1.409708857536316,-0.19170714914798737,4.28106164932251,-0.17837776243686676
593.6099853515625,0.0,0.0,0.0,3.553683280944824,1.0817989110946655,-0.1940024495124817,3.7982845306396484,-0.21263636648654938
478.7820129394531,0.0,0.0,0.0,1.2086447477340698,2.3423526287078857,-0.45943018794059753,3.2796528339385986,-0.1607849895954132
330.2820129394531,0.0,0.0,0.0,4.043887138366699,1.2605212926864624,-0.18415625393390656,4.884511947631836,-0.17192840576171875
433.5459899902344,0.0,0.0,0.0,1.7586933374404907,0.7790517807006836,-0.8233217000961304,2.6386096477508545,-1.0357638597488403
84.54199981689453,0.0,0.0,0.0,1.5255104303359985,2.788041114807129,-0.5972614288330078,3.168217182159424,-0.5601033568382263
781.030029296875,0.0,0.0,0.0,-1.1576992273330688,-0.23973964154720306,-0.31182554364204407,2.257678747177124,0.12425719201564789
902.6699829101562,0.0,0.0,0.0,3.832819938659668,0.41292765736579895,-0.03102746233344078,3.2009096145629883,0.0169843640178442
428.0740051269531,0.0,0.0,0.0,-1.34317946434021,-1.2624595165252686,1.3284181356430054,3.6578280925750732,-0.812954306602478
159.35000610351562,0.0,0.0,0.0,0.8286519050598145,1.692554235458374,-1.0397560596466064,3.3742260932922363,-0.7103719711303711
285.7460021972656,0.0,0.0,0.0,4.473629474639893,0.31476423144340515,0.014615087769925594,4.545958518981934,0.02408411167562008
878.85400390625,0.0,0.0,0.0,3.6330807209014893,-2.1381125450134277,0.21672064065933228,4.662042617797852,0.1253528743982315
748.4140014648438,0.0,0.0,0.0,-2.5808193683624268,-1.4594933986663818,1.3167864084243774,4.201895713806152,0.12044958770275116
856.3660278320312,0.0,0.0,0.0,3.0833287239074707,-0.5589324831962585,0.15516133606433868,3.9211559295654297,0.1735038459300995
811.406005859375,0.0,0.0,0.0,3.4002811908721924,1.2532881498336792,-0.0471128486096859,3.3379874229431152,-0.01719975285232067
611.8980102539062,0.0,0.0,0.0,0.4854944944381714,3.296299457550049,-0.6670604348182678,3.571488618850708,-0.0036906618624925613
107.59400177001953,0.0,0.0,0.0,-0.5324943661689758,-2.08366060256958,1.270143985748291,3.075077772140503,0.47965946793556213
643.614013671875,0.0,0.0,0.0,4.467214107513428,0.2918855845928192,0.0566972978413105,4.912691593170166,-0.019489437341690063
792.2940063476562,0.0,0.0,0.0,3.480762243270874,-1.1277250051498413,0.037729598581790924,4.424656391143799,-0.05706818401813507
716.8140258789062,0.0,0.0,0.0,3.9584572315216064,-1.600063681602478,0.05340976640582085,4.8301215171813965,0.029827982187271118
356.3819885253906,0.0,0.0,0.0,2.60318922996521,-1.387359857559204,0.3283061981201172,3.486361265182495,0.2410152554512024
845.7059936523438,0.0,0.0,0.0,0.15318839251995087,2.581122875213623,-1.0677613019943237,4.087727069854736,-0.3923485577106476
168.70599365234375,0.0,0.0,0.0,0.3470793664455414,-2.7536253929138184,0.8983102440834045,4.39888858795166,-0.3436577320098877
505.0539855957031,0.0,0.0,0.0,3.931363582611084,1.401254415512085,-0.28647133708000183,4.285328388214111,-0.2507547438144684
707.1580200195312,0.0,0.0,0.0,4.305274486541748,0.909595787525177,-0.004090199712663889,4.649321556091309,-0.0007102229865267873
559.7420043945312,0.0,0.0,0.0,1.9651373624801636,2.6807775497436523,-0.5117447972297668,3.1538474559783936,-0.5910572409629822
789.0499877929688,0.0,0.0,0.0,2.120795249938965,-0.8383001089096069,0.3334462642669678,2.9626212120056152,0.4195137619972229
131.7100067138672,0.0,0.0,0.0,1.5164271593093872,-1.717273473739624,0.7553023099899292,2.362006664276123,0.5605770945549011
826.7020263671875,0.0,0.0,0.0,3.5759308338165283,0.7216691374778748,0.3300509452819824,3.897122383117676,0.3171408772468567
676.8099975585938,0.0,0.0,0.0,4.420875072479248,-0.7681981325149536,0.19839566946029663,4.718299388885498,0.18133480846881866
295.2460021972656,0.0,0.0,0.0,2.072690010070801,-0.6810227632522583,0.2702866494655609,2.7319512367248535,0.30225297808647156
529.177978515625,0.0,0.0,0.0,-0.6278344988822937,0.3182721436023712,-0.8830539584159851,3.3057117462158203,0.7183065414428711
836.2459716796875,0.0,0.0,0.0,-0.868858277797699,0.2333844155073166,0.026732202619314194,2.993697166442871,-0.5498420000076294
839.166015625,0.0,0.0,0.0,1.160865306854248,-0.022410253062844276,0.1372341513633728,3.05942440032959,-0.5131988525390625
720.97802734375,0.0,0.0,0.0,4.354404449462891,-0.1367184817790985,0.003943903837352991,4.31749153137207,-0.06432435661554337
451.1499938964844,0.0,0.0,0.0,4.702897071838379,-0.48367634415626526,0.011434558779001236,5.162217617034912,0.061207808554172516
822.5059814453125,0.0,0.0,0.0,2.602325677871704,2.185800790786743,-0.38936948776245117,4.115519046783447,-0.3725537359714508
329.1860046386719,0.0,0.0,0.0,4.089950084686279,0.5075575709342957,-0.3593525290489197,4.564325332641602,-0.21903039515018463
360.12200927734375,0.0,0.0,0.0,4.024857997894287,-0.8837732076644897,0.031033094972372055,4.7457966804504395,-0.05779998004436493
877.3779907226562,0.0,0.0,0.0,3.801030158996582,-1.7753686904907227,0.34345874190330505,4.664209365844727,0.3442195653915405
139.8300018310547,0.0,0.0,0.0,2.385740041732788,-0.6994213461875916,0.26033663749694824,2.6912946701049805,0.21891745924949646
620.8779907226562,0.0,0.0,0.0,1.6259907484054565,-2.265047073364258,0.8052685856819153,4.4232563972473145,0.501160204410553
320.6940002441406,0.0,0.0,0.0,1.9040101766586304,-0.7514399886131287,0.5506818294525146,2.056650161743164,0.4258642792701721
282.2900085449219,0.0,0.0,0.0,3.8793749809265137,-0.662416398525238,-0.11360909044742584,4.3469085693359375,-0.08706589788198471
314.22601318359375,0.0,0.0,0.0,2.7457778453826904,-2.1638827323913574,0.25606757402420044,4.231680393218994,0.19027987122535706
819.030029296875,0.0,0.0,0.0,2.254448175430298,2.0414199829101562,-0.3656233847141266,4.386323928833008,-0.06093273311853409
640.677978515625,0.0,0.0,0.0,3.8574419021606445,1.0508508682250977,-0.055261291563510895,4.920836925506592,0.04836084321141243
238.3820037841797,0.0,0.0,0.0,3.437160015106201,-0.9223619699478149,0.10520225018262863,3.947002410888672,0.1503823846578598
152.08599853515625,0.0,0.0,0.0,-0.07611054182052612,-2.2955234050750732,1.1476261615753174,3.9857099056243896,-0.5452401638031006
944.1740112304688,0.0,0.0,0.0,-2.0383193492889404,0.9722877740859985,-1.2159422636032104,3.689086675643921,0.6215479969978333
258.2860107421875,0.0,0.0,0.0,-0.6190081834793091,0.061447467654943466,-0.33720576763153076,2.0802934169769287,0.3744395077228546
593.2780151367188,0.0,0.0,0.0,3.5641016960144043,1.0628920793533325,-0.13137641549110413,3.7138874530792236,-0.08277269452810287
571.177978515625,0.0,0.0,0.0,3.1382932662963867,-1.4542601108551025,0.46414440870285034,4.424581527709961,0.4492990970611572
107.39399719238281,0.0,0.0,0.0,-0.12862223386764526,-2.3327226638793945,1.1363224983215332,3.0306689739227295,0.4436506927013397
639.2459716796875,0.0,0.0,0.0,3.402799606323242,1.1727186441421509,-0.16305625438690186,4.662051200866699,-0.11327606439590454
369.07000732421875,0.0,0.0,0.0,2.450773239135742,-1.4551148414611816,0.6358213424682617,2.3365747928619385,0.4556853473186493
661.166015625,0.0,0.0,0.0,2.0845370292663574,0.8195909261703491,-0.25630825757980347,2.1350862979888916,-0.15759454667568207
273.406005859375,0.0,0.0,0.0,1.7414039373397827,-0.44140323996543884,0.00665334053337574,0.0,0.0
553.9420166015625,0.0,0.0,0.0,2.59869384765625,2.7438955307006836,-0.3411552906036377,4.302048206329346,-0.11244425922632217
447.9460144042969,0.0,0.0,0.0,4.298961162567139,-0.728040874004364,0.03475607559084892,4.810344696044922,-0.03025946207344532
416.91400146484375,0.0,0.0,0.0,4.09894323348999,-0.6427714228630066,0.023606622591614723,4.709932327270508,0.10452140867710114
736.6580200195312,0.0,0.0,0.0,3.04667329788208,-0.6787503957748413,0.046217579394578934,3.7975552082061768,0.03233756870031357
832.1859741210938,0.0,0.0,0.0,1.0619336366653442,-3.081637382507324,0.5352635979652405,3.2718586921691895,-0.5155771374702454
543.718017578125,0.0,0.0,0.0,2.6094295978546143,1.0183333158493042,-0.3031217157840729,3.586655616760254,-0.33370518684387207
753.6820068359375,0.0,0.0,0.0,0.23297835886478424,0.05445513129234314,-0.07340916991233826,3.1124813556671143,0.5663819313049316
654.0419921875,0.0,0.0,0.0,2.5606398582458496,-0.11419542133808136,0.011310774832963943,2.219794988632202,-0.0022865349892526865
548.6820068359375,0.0,0.0,0.0,3.4690845012664795,1.9048465490341187,-0.24027936160564423,4.630280494689941,-0.13773754239082336
285.0820007324219,0.0,0.0,0.0,4.447732925415039,0.3358049690723419,-0.0928284078836441,4.3487067222595215,0.010647394694387913
609.14599609375,0.0,0.0,0.0,2.4530553817749023,3.1248648166656494,-0.4293496310710907,4.370365619659424,-0.22410428524017334
524.1019897460938,0.0,0.0,0.0,1.3354270458221436,1.2757889032363892,-0.6115636825561523,1.9480284452438354,-0.44119274616241455
761.3779907226562,0.0,0.0,0.0,2.6562063694000244,-1.073373794555664,0.012383701279759407,2.9721035957336426,-0.16027268767356873
501.5780029296875,0.0,0.0,0.0,3.424436330795288,0.2614826560020447,0.025476016104221344,4.291813373565674,0.08012952655553818
764.4459838867188,0.0,0.0,0.0,2.7026424407958984,-0.7796770930290222,0.44896596670150757,3.148505449295044,0.40669363737106323
91.90599822998047,0.0,0.0,0.0,1.1429396867752075,-0.04674197733402252,0.07216838002204895,1.2708468437194824,0.0928594246506691
231.38600158691406,0.0,0.0,0.0,2.052365303039551,-0.3783007562160492,0.054934822022914886,1.862836241722107,0.06885652989149094
500.593994140625,0.0,0.0,0.0,2.905724048614502,0.4410817623138428,0.011506585404276848,3.8037495613098145,0.04221348837018013
634.4140014648438,0.0,0.0,0.0,1.608452558517456,0.22412918508052826,-0.21959181129932404,2.062086343765259,-0.28494274616241455
83.91799926757812,0.0,0.0,0.0,1.9715696573257446,2.5587539672851562,-0.5952280163764954,3.3767266273498535,-0.6696075201034546
935.7780151367188,0.0,0.0,0.0,3.6684532165527344,1.2347674369812012,-0.244375541806221,4.0767316818237305,-0.2787175476551056
295.5140075683594,0.0,0.0,0.0,2.1685128211975098,-0.7273557782173157,0.280819296836853,2.940422534942627,0.3410739302635193
800.4140014648438,0.0,0.0,0.0,3.845982551574707,-1.9954147338867188,0.2110411673784256,4.938435077667236,0.16742165386676788
710.3060302734375,0.0,0.0,0.0,4.0647149085998535,1.489359974861145,-0.3371727168560028,4.857780456542969,-0.21729926764965057
556.8099975585938,0.0,0.0,0.0,2.2356956005096436,2.593839645385742,-0.3759700357913971,3.968029737472534,-0.3899412453174591
168.57400512695312,0.0,0.0,0.0,0.5664029121398926,-2.7949306964874268,0.8373828530311584,5.037208080291748,-0.19687500596046448
429.9460144042969,0.0,0.0,0.0,-0.7685244679450989,0.17831751704216003,0.06726377457380295,2.329373598098755,-0.9192624688148499
601.177978515625,0.0,0.0,0.0,4.156128883361816,1.6304701566696167,-0.25080111622810364,4.529036521911621,-0.2246614396572113
689.2979736328125,0.0,0.0,0.0,-1.108385682106018,-0.04136820510029793,0.34189853072166443,4.288722515106201,-0.415385901927948
605.3380126953125,0.0,0.0,0.0,3.01375412940979,3.1025733947753906,-0.26569196581840515,4.526806354522705,-0.05167720839381218
547.6300048828125,0.0,0.0,0.0,3.2812559604644775,1.8030542135238647,-0.2572222948074341,4.404091835021973,-0.237736776471138
362.6820068359375,0.0,0.0,0.0,4.181972980499268,-0.6277650594711304,0.2589641809463501,3.4642069339752197,0.39212629199028015
810.6019897460938,0.0,0.0,0.0,3.498375177383423,1.573816180229187,-0.11470545828342438,3.7469289302825928,-0.09426373988389969
198.21400451660156,0.0,0.0,0.0,2.7592012882232666,0.193130761384964,-0.08164477348327637,3.7170751094818115,-0.1193099394440651
822.7899780273438,0.0,0.0,0.0,2.5859830379486084,2.2677927017211914,-0.38236090540885925,4.0873613357543945,-0.28900212049484253
881.7780151367188,0.0,0.0,0.0,4.250003337860107,-1.2494432926177979,0.12556873261928558,4.980530261993408,0.08314843475818634
108.30999755859375,0.0,0.0,0.0,-1.4263089895248413,-0.5208735466003418,0.9638339281082153,3.2629263401031494,0.23868563771247864
880.06201171875,0.0,0.0,0.0,3.9446492195129395,-1.7427923679351807,0.05660267919301987,4.77874231338501,-0.048500996083021164
924.0380249023438,0.0,0.0,0.0,-1.9948121309280396,0.6061000227928162,0.3832297623157501,3.8360228538513184,-0.5175710916519165
738.4340209960938,0.0,0.0,0.0,3.621349811553955,-0.5133522748947144,0.007778323721140623,4.448205947875977,-0.018028385937213898
407.8940124511719,0.0,0.0,0.0,2.5411019325256348,-1.2749031782150269,0.34679099917411804,3.777801513671875,0.3695134222507477
352.8500061035156,0.0,0.0,0.0,1.6515666246414185,-0.1481274962425232,0.2918442487716675,2.5872507095336914,0.5011463165283203
836.4660034179688,0.0,0.0,0.0,-0.7621716260910034,0.2013571560382843,-0.003286021063104272,2.81833815574646,-0.5001636743545532
725.6380004882812,0.0,0.0,0.0,0.9059747457504272,2.334581136703491,-0.589240550994873,2.4454548358917236,-0.29537883400917053
546.3099975585938,0.0,0.0,0.0,3.064373254776001,1.5870885848999023,-0.34234631061553955,3.9485297203063965,-0.3181404769420624
171.3820037841797,0.0,0.0,0.0,-0.7885740399360657,0.18308961391448975,0.11528325825929642,2.4355881214141846,-0.9766888618469238
256.45001220703125,0.0,0.0,0.0,0.45567840337753296,1.8614596128463745,-0.8541480302810669,2.321333646774292,-0.4907073378562927
85.37799835205078,0.0,0.0,0.0,0.869027316570282,2.847299098968506,-0.6250994205474854,3.522127628326416,-0.3340320587158203
790.1259765625,0.0,0.0,0.0,2.582620143890381,-1.0654388666152954,0.29417991638183594,3.8514678478240967,0.3089478015899658
99.18599700927734,0.0,0.0,0.0,2.3354859352111816,-0.8983322381973267,0.2746540904045105,2.899822235107422,0.21855062246322632
581.197998046875,0.0,0.0,0.0,2.8256633281707764,-1.2731819152832031,0.6812251210212708,1.9872536659240723,0.6192869544029236
307.0780029296875,0.0,0.0,0.0,2.199383497238159,-1.0593457221984863,0.19308775663375854,2.5425281524658203,0.1523609608411789
340.2460021972656,0.0,0.0,0.0,1.1708635091781616,-1.4469267129898071,0.5830149054527283,2.704373836517334,0.4715538024902344
320.8139953613281,0.0,0.0,0.0,1.8489758968353271,-0.8073798418045044,0.5164667963981628,1.9965965747833252,0.3957163989543915
799.030029296875,0.0,0.0,0.0,3.846327066421509,-2.0250484943389893,0.17830201983451843,4.741509437561035,0.10988187789916992
904.1740112304688,0.0,0.0,0.0,2.9592201709747314,0.2712744474411011,-0.10869109630584717,2.201798677444458,-0.1586337685585022
842.3380126953125,0.0,0.0,0.0,3.5313920974731445,0.6291543841362,-0.0902262032032013,4.4842424392700195,-0.07665951550006866
178.8459930419922,0.0,0.0,0.0,-0.5665624141693115,0.04296199604868889,-0.39339005947113037,3.9943764209747314,0.5428126454353333
659.6060180664062,0.0,0.0,0.0,2.022080659866333,0.846714973449707,-0.3269025683403015,2.309795379638672,-0.2321760058403015
307.9779968261719,0.0,0.0,0.0,2.2586748600006104,-0.8295990228652954,0.20110827684402466,2.236931324005127,0.2194964587688446
176.48599243164062,0.0,0.0,0.0,1.0917927026748657,1.6961054801940918,-0.9558179378509521,3.454591751098633,-0.7296228408813477
119.91799926757812,0.0,0.0,0.0,0.8542711734771729,0.14334134757518768,-0.2023012340068817,1.6858388185501099,-0.37159913778305054
586.6820068359375,0.0,0.0,0.0,0.18354825675487518,0.009004342369735241,0.02388179302215576,3.015942096710205,-0.7626839280128479
105.51000213623047,0.0,0.0,0.0,1.7919871807098389,-2.3948583602905273,0.7266177535057068,2.661221504211426,0.5333982706069946
543.9819946289062,0.0,0.0,0.0,2.684966564178467,1.0643510818481445,-0.29507818818092346,3.467346429824829,-0.2657123804092407
237.20599365234375,0.0,0.0,0.0,3.322042226791382,-1.1602721214294434,0.13272689282894135,3.6645312309265137,0.07648365199565887
800.885986328125,0.0,0.0,0.0,3.8930742740631104,-1.9876807928085327,0.1948752999305725,4.682095527648926,0.0554284006357193
544.3820190429688,0.0,0.0,0.0,2.7785003185272217,1.1278623342514038,-0.29619836807250977,3.426600694656372,-0.31505903601646423
557.197998046875,0.0,0.0,0.0,2.2573397159576416,2.5931546688079834,-0.3359452486038208,4.059008598327637,-0.3977310061454773
900.8619995117188,0.0,0.0,0.0,4.296351909637451,0.664203941822052,0.01960803009569645,4.301855564117432,-0.005731870885938406
278.0459899902344,0.0,0.0,0.0,2.487454652786255,-1.0696666240692139,0.3662399351596832,3.3575479984283447,0.34106045961380005
771.2540283203125,0.0,0.0,0.0,-0.7837719917297363,-1.424325704574585,1.3516896963119507,3.9667470455169678,-0.02853075973689556
562.1060180664062,0.0,0.0,0.0,0.7559702396392822,2.7366504669189453,-0.530478835105896,2.1235461235046387,-0.06157522276043892
54.59400177001953,0.0,0.0,0.0,-0.0010585080599412322,-0.0001451562566217035,-0.0023346939124166965,0.0,0.0
943.7940063476562,0.0,0.0,0.0,-1.4463636875152588,2.1510651111602783,-1.335449457168579,4.013468265533447,0.4442678689956665
320.27398681640625,0.0,0.0,0.0,2.111093282699585,-0.4459224045276642,0.514098048210144,1.7787387371063232,0.37377142906188965
712.5460205078125,0.0,0.0,0.0,4.155182838439941,1.2044724225997925,0.15428461134433746,3.9908089637756348,0.43514150381088257
93.78600311279297,0.0,0.0,0.0,1.3519185781478882,-0.3940516412258148,0.40452060103416443,1.6289582252502441,0.433164119720459
628.7100219726562,0.0,0.0,0.0,1.3140403032302856,0.2580207288265228,-0.09628845751285553,0.0,0.0
575.0059814453125,0.0,0.0,0.0,3.698084831237793,-1.548178791999817,-0.08995227515697479,4.814451217651367,-0.1820807158946991
901.4739990234375,0.0,0.0,0.0,4.219874858856201,0.46555495262145996,0.04324359446763992,3.8022220134735107,0.021399671211838722
479.2019958496094,0.0,0.0,0.0,1.1361730098724365,2.246202230453491,-0.4075349271297455,3.047438144683838,-0.07866082340478897
144.83799743652344,0.0,0.0,0.0,1.744647741317749,-0.7627852559089661,0.4216194748878479,1.8836138248443604,0.35766178369522095
588.97802734375,0.0,0.0,0.0,2.550966739654541,0.24645371735095978,-0.275711327791214,4.170133113861084,-0.46294349431991577
550.281982421875,0.0,0.0,0.0,3.7302908897399902,1.8693851232528687,-0.19277863204479218,4.630058765411377,-0.19653978943824768
436.1820068359375,0.0,0.0,0.0,0.48968085646629333,1.7370306253433228,-1.0449851751327515,2.8466174602508545,0.549045741558075
678.8740234375,0.0,0.0,0.0,4.174129486083984,-1.7774733304977417,0.19234132766723633,4.551732063293457,0.08855373412370682
288.80999755859375,0.0,0.0,0.0,2.3846404552459717,-2.759953260421753,0.5397893190383911,3.7037572860717773,0.2574431896209717
164.23399353027344,0.0,0.0,0.0,2.3152410984039307,-0.12514032423496246,0.34176620841026306,3.584514617919922,0.6766550540924072
737.8820190429688,0.0,0.0,0.0,3.4345643520355225,-0.5791402459144592,0.02266744337975979,4.094717979431152,-0.01441582478582859
338.67401123046875,0.0,0.0,0.0,1.4049451351165771,-1.39884352684021,0.6488860249519348,1.8856650590896606,0.4884684383869171
509.6780090332031,0.0,0.0,0.0,-0.7718788385391235,2.446160078048706,-1.3936169147491455,2.943347930908203,-0.1674150675535202
886.3419799804688,0.0,0.0,0.0,2.176504611968994,-2.8713090419769287,0.9153093695640564,3.2290358543395996,0.7501478791236877
946.2739868164062,0.0,0.0,0.0,-1.1052231788635254,-0.2727474868297577,-0.08710626512765884,3.2402985095977783,0.7305185794830322
376.2860107421875,0.0,0.0,0.0,1.8730494976043701,-0.9722796678543091,0.47197481989860535,1.806579828262329,0.2847064435482025
831.14599609375,0.0,0.0,0.0,1.7880531549453735,-2.9884696006774902,0.5432741045951843,3.606558322906494,-0.09774400293827057
757.0780029296875,0.0,0.0,0.0,2.7675228118896484,-1.0966392755508423,0.20257782936096191,3.649395704269409,0.06409510970115662
806.9420166015625,0.0,0.0,0.0,4.202693939208984,-1.0816066265106201,-0.26077839732170105,4.558049201965332,-0.40022218227386475
436.3380126953125,0.0,0.0,0.0,0.2991378605365753,1.67544424533844,-1.2517623901367188,2.3924853801727295,0.6131913065910339
545.2059936523438,0.0,0.0,0.0,2.842949867248535,1.3741936683654785,-0.3554398715496063,3.429079055786133,-0.2940846383571625
154.1540069580078,0.0,0.0,0.0,-0.7316172122955322,0.11914503574371338,0.18514953553676605,2.6226861476898193,-1.1026097536087036
154.0500030517578,0.0,0.0,0.0,-0.7929738163948059,0.11690649390220642,0.21750877797603607,2.5500876903533936,-1.0643740892410278
906.0460205078125,0.0,0.0,0.0,2.2654669284820557,1.1019700765609741,-0.4475834369659424,2.8375399112701416,-0.40171948075294495
529.1019897460938,0.0,0.0,0.0,-0.6506546139717102,0.403316855430603,-0.9602391719818115,3.5492680072784424,0.742134690284729
532.8779907226562,0.0,0.0,0.0,1.6511406898498535,-1.138216495513916,0.9123656749725342,2.707204818725586,0.7964299917221069
229.56199645996094,0.0,0.0,0.0,2.9675955772399902,-0.7083170413970947,0.06504933536052704,2.6086952686309814,0.046040140092372894
608.969970703125,0.0,0.0,0.0,2.546154022216797,3.061721086502075,-0.4333113431930542,4.22347354888916,-0.3791312873363495
662.7379760742188,0.0,0.0,0.0,1.4502921104431152,0.51722252368927,-0.05778598040342331,0.0,0.0
349.2460021972656,0.0,0.0,0.0,-0.2256820797920227,1.236240267753601,-1.5774072408676147,2.5145583152770996,-0.035776834934949875
494.114013671875,0.0,0.0,0.0,1.6245228052139282,0.4327116310596466,-0.6889569759368896,2.471808910369873,-0.7766948342323303
175.6060028076172,0.0,0.0,0.0,1.4471194744110107,1.261680006980896,-0.8846540451049805,2.5849149227142334,-0.8989554047584534
330.8819885253906,0.0,0.0,0.0,4.107396602630615,1.284010887145996,-0.03491196781396866,4.282601356506348,0.12205832451581955
315.87799072265625,0.0,0.0,0.0,2.6478376388549805,-2.503309488296509,0.3960989713668823,4.203371047973633,0.2295389622449875
954.7100219726562,0.0,0.0,0.0,2.9689526557922363,2.216646194458008,-0.6570650935173035,3.2530593872070312,-0.6374417543411255
83.48999786376953,0.0,0.0,0.0,2.2169106006622314,2.360774278640747,-0.5623797178268433,3.4285738468170166,-0.5702092051506042
758.4099731445312,0.0,0.0,0.0,3.3224356174468994,-0.4341769814491272,-0.0926676094532013,3.6118459701538086,-0.18229925632476807
270.6780090332031,0.0,0.0,0.0,3.0025930404663086,-1.2088779211044312,0.17304755747318268,3.3194634914398193,0.11808037757873535
466.9100036621094,0.0,0.0,0.0,3.3474323749542236,-1.2860512733459473,0.16913093626499176,4.486677169799805,0.06922869384288788
684.97802734375,0.0,0.0,0.0,1.6082103252410889,-3.284263849258423,0.39835476875305176,4.048044681549072,0.4411355257034302
828.64599609375,0.0,0.0,0.0,3.959951400756836,-0.8704210519790649,0.14173674583435059,4.317448616027832,0.22422154247760773
127.23400115966797,0.0,0.0,0.0,2.248917579650879,0.590958297252655,-0.08057941496372223,2.979252338409424,-0.012871813029050827
347.1340026855469,0.0,0.0,0.0,1.3868603706359863,1.1364717483520508,-0.8779199123382568,2.317174196243286,-0.9719619750976562
481.489990234375,0.0,0.0,0.0,0.19127146899700165,1.6143935918807983,-1.1067193746566772,3.48075008392334,0.1372159868478775
815.5700073242188,0.0,0.0,0.0,1.9886285066604614,1.2194929122924805,-0.4534822404384613,2.777301788330078,-0.4288683533668518
852.3499755859375,0.0,0.0,0.0,-0.0019000094616785645,-0.0006763973506167531,0.001348542282357812,0.0,0.0
297.3179931640625,0.0,0.0,0.0,2.9013047218322754,-0.9699763059616089,0.2413579374551773,3.9480104446411133,0.21704621613025665
881.6500244140625,0.0,0.0,0.0,4.242441654205322,-1.2368797063827515,0.12430872023105621,4.833001136779785,0.1565990149974823
891.1420288085938,0.0,0.0,0.0,-0.8165816068649292,0.21603158116340637,0.0387892872095108,3.4692280292510986,-0.5548129677772522
866.1380004882812,0.0,0.0,0.0,1.009823203086853,-0.12101273238658905,0.019015027210116386,0.0,0.0
485.29400634765625,0.0,0.0,0.0,1.4366846084594727,-0.10642530769109726,0.531754195690155,2.3174197673797607,0.8786016702651978
846.9979858398438,0.0,0.0,0.0,-1.5221924781799316,0.08466790616512299,-0.7346451282501221,3.9392762184143066,0.19075676798820496
90.88600158691406,0.0,0.0,0.0,0.3262077271938324,-0.035765647888183594,0.05455769598484039,1.398219347000122,-0.03176726773381233
568.8460083007812,0.0,0.0,0.0,1.7443182468414307,0.07530712336301804,-0.14398351311683655,4.106354713439941,0.48246005177497864
378.1180114746094,0.0,0.0,0.0,1.8776310682296753,-0.9066974520683289,0.3772311508655548,2.5230700969696045,0.3461991548538208
331.8580017089844,0.0,0.0,0.0,4.245110988616943,0.350830614566803,0.3185884356498718,4.413171768188477,0.35939380526542664
637.0780029296875,0.0,0.0,0.0,2.59932279586792,1.1405526399612427,-0.2866073548793793,3.7118821144104004,-0.2891879975795746
308.489990234375,0.0,0.0,0.0,2.1190261840820312,-0.8699445724487305,0.3970951437950134,2.31208872795105,0.4053589403629303
183.41799926757812,0.0,0.0,0.0,1.6134499311447144,-1.811059594154358,0.9102714657783508,3.382187604904175,0.73943692445755
713.6740112304688,0.0,0.0,0.0,4.044720649719238,-0.780650794506073,0.44738489389419556,4.374858856201172,0.3979974389076233
138.1179962158203,0.0,0.0,0.0,1.8361397981643677,-0.10972525924444199,0.23123390972614288,2.419257879257202,0.26586541533470154
406.5459899902344,0.0,0.0,0.0,2.0559003353118896,-0.9531476497650146,0.4182797372341156,2.8939974308013916,0.41814589500427246
521.6179809570312,0.0,0.0,0.0,2.1734166145324707,0.8819600343704224,-0.3214655816555023,2.501727342605591,-0.2842381000518799
360.4620056152344,0.0,0.0,0.0,4.105990409851074,-0.7999354004859924,0.0002526050666347146,4.848146915435791,0.03398469462990761
260.6499938964844,0.0,0.0,0.0,1.1128756999969482,0.037559282034635544,-0.1691933125257492,3.058481216430664,0.4079061448574066
777.5659790039062,0.0,0.0,0.0,2.170071840286255,2.010021686553955,-0.7868872284889221,4.036839008331299,-0.5854130387306213
669.35400390625,0.0,0.0,0.0,2.4671854972839355,-0.07192355394363403,-0.06753557920455933,2.563852310180664,-0.12261401116847992
374.91400146484375,0.0,0.0,0.0,2.3197264671325684,-0.6539056301116943,0.16499298810958862,2.528778553009033,0.21018962562084198
522.4340209960938,0.0,0.0,0.0,1.9133169651031494,1.0263559818267822,-0.5183091163635254,1.8854923248291016,-0.4913517236709595
142.9499969482422,0.0,0.0,0.0,2.3623154163360596,-0.6113041043281555,0.10044070333242416,2.214242696762085,0.062225136905908585
546.0859985351562,0.0,0.0,0.0,3.0253281593322754,1.5424106121063232,-0.30533266067504883,3.922729253768921,-0.2781200110912323
266.5140075683594,0.0,0.0,0.0,3.64945387840271,0.6148796677589417,-0.18415765464305878,3.7375924587249756,-0.13322961330413818
511.50201416015625,0.0,0.0,0.0,-1.358228087425232,-0.4444856643676758,-0.21821795403957367,3.1106200218200684,0.5964523553848267
75.46199798583984,0.0,0.0,0.0,2.1445980072021484,0.3166242241859436,-0.021397847682237625,2.056530237197876,-0.009875297546386719
559.8740234375,0.0,0.0,0.0,1.8927698135375977,2.7223310470581055,-0.521963357925415,2.966179609298706,-0.505327045917511
337.91400146484375,0.0,0.0,0.0,2.037663698196411,-1.198543667793274,0.49292272329330444,1.6659774780273438,0.45336753129959106
227.7100067138672,0.0,0.0,0.0,3.6018102169036865,-1.0409456491470337,0.019457899034023285,3.4108035564422607,0.01933814026415348
242.6060028076172,0.0,0.0,0.0,4.177818775177002,-0.6580072641372681,0.025293152779340744,4.342851161956787,0.11991257965564728
216.03799438476562,0.0,0.0,0.0,2.295799493789673,-0.6549117565155029,0.07276549190282822,2.251333475112915,0.09425660967826843
798.0419921875,0.0,0.0,0.0,3.8060333728790283,-2.014636754989624,0.2514064610004425,4.706109523773193,0.19781996309757233
674.3380126953125,0.0,0.0,0.0,4.117624759674072,0.5197501182556152,-0.01975173130631447,4.451272487640381,0.021507298573851585
834.8699951171875,0.0,0.0,0.0,-1.5951508283615112,0.33468371629714966,0.366033136844635,2.808100461959839,-0.4606766700744629
886.4739990234375,0.0,0.0,0.0,1.9283934831619263,-2.9960052967071533,0.9051452875137329,2.837641716003418,0.5160543322563171
138.58200073242188,0.0,0.0,0.0,2.0289361476898193,-0.2872658967971802,0.2732037305831909,2.4749042987823486,0.30689337849617004
111.11799621582031,0.0,0.0,0.0,0.11479516327381134,0.07548321783542633,-0.003106821095570922,2.492570161819458,-0.5820399522781372
767.7780151367188,0.0,0.0,0.0,2.4830493927001953,-1.747300624847412,0.5235130190849304,2.845067262649536,0.5632588863372803
505.3380126953125,0.0,0.0,0.0,3.899038791656494,1.5679179430007935,-0.28369638323783875,4.577027320861816,-0.2151746153831482
426.03399658203125,0.0,0.0,0.0,1.4055510759353638,-2.722198009490967,0.529340386390686,4.59222936630249,-0.15807394683361053
698.010009765625,0.0,0.0,0.0,2.3765316009521484,0.7943193912506104,-0.18482182919979095,2.540778636932373,-0.20893262326717377
372.9859924316406,0.0,0.0,0.0,1.1972413063049316,-1.0247998237609863,0.479260116815567,2.0050673484802246,0.17743490636348724
661.97802734375,0.0,0.0,0.0,1.9875284433364868,0.7365239262580872,-0.17292754352092743,0.0,0.0
715.3179931640625,0.0,0.0,0.0,3.712172031402588,-1.915045142173767,0.21275542676448822,4.777615070343018,0.095469169318676
272.0899963378906,0.0,0.0,0.0,2.7438433170318604,-0.9106063842773438,0.06791213899850845,0.0,0.0
116.0459976196289,0.0,0.0,0.0,0.954357385635376,1.568166732788086,-0.822167158126831,2.3849596977233887,-0.5717414617538452
171.52200317382812,0.0,0.0,0.0,-0.7056360244750977,0.1821465790271759,0.11312773078680038,2.325809955596924,-0.9659807682037354
344.6499938964844,0.0,0.0,0.0,0.189340740442276,0.007786071393638849,0.19059988856315613,2.368257522583008,-0.9944964647293091
765.1580200195312,0.0,0.0,0.0,2.674593448638916,-1.2120451927185059,0.40021711587905884,3.3590636253356934,0.44723913073539734
627.3179931640625,0.0,0.0,0.0,1.44817316532135,0.1657882183790207,-0.187601238489151,1.62153959274292,-0.16422072052955627
391.5660095214844,0.0,0.0,0.0,1.9565149545669556,0.11231324076652527,0.03069475293159485,3.6261472702026367,0.674080491065979
387.7539978027344,0.0,0.0,0.0,-0.753993570804596,0.7253899574279785,-1.2432031631469727,3.4636876583099365,0.1588415503501892
750.6060180664062,0.0,0.0,0.0,-1.4685837030410767,0.6784679889678955,0.05435481667518616,4.129563808441162,-0.15568222105503082
877.2260131835938,0.0,0.0,0.0,3.8375515937805176,-1.679736614227295,0.3501298427581787,4.536431789398193,0.2987913191318512
70.98999786376953,0.0,0.0,0.0,2.7261874675750732,-1.7105624675750732,0.09349312633275986,3.8261141777038574,-0.18435050547122955
684.6060180664062,0.0,0.0,0.0,1.768121600151062,-3.2778735160827637,0.3964696526527405,3.851759672164917,0.3937133550643921
197.3300018310547,0.0,0.0,0.0,2.154771327972412,0.0997973158955574,-0.050276678055524826,3.1872878074645996,-0.10194537788629532
646.9140014648438,0.0,0.0,0.0,4.6241326332092285,0.3674711287021637,-0.019865810871124268,4.9754862785339355,0.05070844665169716
307.6260070800781,0.0,0.0,0.0,2.2592999935150146,-0.9047741293907166,0.14200977981090546,2.415820360183716,0.11856813728809357
454.80999755859375,0.0,0.0,0.0,3.2067017555236816,-1.9481759071350098,0.48544180393218994,2.9560446739196777,0.343078076839447
221.95799255371094,0.0,0.0,0.0,3.3452043533325195,-0.5485801100730896,0.10985419154167175,3.383484125137329,0.2930862605571747
779.0700073242188,0.0,0.0,0.0,0.41525065898895264,2.6410763263702393,-0.9625696539878845,4.570383548736572,-0.048562876880168915
382.8699951171875,0.0,0.0,0.0,3.2737393379211426,-0.3328230381011963,-0.5728398561477661,2.287229299545288,-0.49764037132263184
798.666015625,0.0,0.0,0.0,3.811284303665161,-2.027722120285034,0.22497451305389404,4.840274333953857,0.1435064673423767
580.6900024414062,0.0,0.0,0.0,3.524535655975342,-0.5629004240036011,0.46812281012535095,2.2529406547546387,0.6355343461036682
499.80999755859375,0.0,0.0,0.0,2.3580849170684814,0.5674355030059814,-0.05946553871035576,3.353029727935791,-0.1302444338798523
719.3099975585938,0.0,0.0,0.0,4.251527309417725,-0.5259378552436829,-0.035464268177747726,4.282535552978516,0.03310158848762512
133.08599853515625,0.0,0.0,0.0,0.6920541524887085,-1.885705828666687,0.851525068283081,2.6907355785369873,-0.14312902092933655
663.030029296875,0.0,0.0,0.0,1.227097511291504,0.4320674538612366,-0.0036597060970962048,0.0,0.0
171.64599609375,0.0,0.0,0.0,-0.6307059526443481,0.15022581815719604,0.06567078828811646,2.2597122192382812,-0.9536416530609131
439.3940124511719,0.0,0.0,0.0,0.9037341475486755,0.09406574815511703,-0.04290803149342537,2.229741334915161,0.7688217163085938
289.2139892578125,0.0,0.0,0.0,2.1231961250305176,-2.925619602203369,0.4612969160079956,3.4710471630096436,0.18939639627933502
64.78199768066406,0.0,0.0,0.0,2.478304862976074,2.347318649291992,-0.23140472173690796,3.3857645988464355,0.1598675400018692
899.6420288085938,0.0,0.0,0.0,4.267740249633789,0.9894664883613586,-0.04581702873110771,4.200380325317383,-0.013066379353404045
619.2059936523438,0.0,0.0,0.0,2.2426865100860596,-0.5903281569480896,0.6363754272460938,3.1474335193634033,0.8352878093719482
293.2139892578125,0.0,0.0,0.0,1.6296586990356445,-1.2222732305526733,0.07730089128017426,1.7769182920455933,0.04043819382786751
768.3740234375,0.0,0.0,0.0,2.008509874343872,-2.058211088180542,0.6850472092628479,2.7862212657928467,0.4382595121860504
300.6860046386719,0.0,0.0,0.0,2.3037991523742676,1.2411555051803589,-0.6447737216949463,2.348416328430176,-0.41470858454704285
791.2100219726562,0.0,0.0,0.0,3.0197646617889404,-1.2338930368423462,0.22942650318145752,4.157271385192871,0.23803815245628357
555.9140014648438,0.0,0.0,0.0,2.2882630825042725,2.632875919342041,-0.3520025908946991,4.039502143859863,-0.27450403571128845
860.5780029296875,0.0,0.0,0.0,4.448958873748779,-0.308407187461853,-0.09411416947841644,4.443792343139648,0.03458426892757416
195.20199584960938,0.0,0.0,0.0,-0.0024051587097346783,0.27494680881500244,-0.0001827157539082691,0.48854586482048035,-0.0061119780875742435
650.8779907226562,0.0,0.0,0.0,2.777519464492798,2.4856860637664795,0.1125626415014267,3.87304949760437,0.1917053908109665
411.5299987792969,0.0,0.0,0.0,2.5597875118255615,-0.5995393991470337,0.2639295160770416,2.9921603202819824,0.2352573424577713
916.406005859375,0.0,0.0,0.0,4.511347770690918,0.8910797834396362,-0.0023513108026236296,4.73781681060791,0.16135026514530182
722.4140014648438,0.0,0.0,0.0,4.397112846374512,-0.014951135963201523,-0.023543410003185272,3.8584513664245605,-0.2192392349243164
417.0459899902344,0.0,0.0,0.0,4.135062217712402,-0.6301229596138,0.021152323111891747,4.790414333343506,0.09944918006658554
487.67401123046875,0.0,0.0,0.0,1.4725488424301147,-1.7526389360427856,0.7728458642959595,3.6877822875976562,0.6388489007949829
92.48600006103516,0.0,0.0,0.0,1.1888407468795776,-0.13187739253044128,0.24810616672039032,1.3852736949920654,0.20647744834423065
530.5700073242188,0.0,0.0,0.0,0.2718178629875183,-0.007011367939412594,-0.16497470438480377,2.553713321685791,1.000983476638794
395.9460144042969,0.0,0.0,0.0,1.9954968690872192,-2.7054457664489746,0.4620530307292938,4.328342914581299,-0.23426054418087006
489.4339904785156,0.0,0.0,0.0,-0.6070048809051514,-1.4018490314483643,1.667210340499878,2.230595588684082,-0.3685416281223297
462.70599365234375,0.0,0.0,0.0,1.8112307786941528,-0.4628150761127472,0.31624335050582886,2.2748024463653564,0.3930315375328064
222.91799926757812,0.0,0.0,0.0,3.267343282699585,-1.039642333984375,0.34393951296806335,3.789492607116699,0.3860044777393341
231.75799560546875,0.0,0.0,0.0,1.9553611278533936,-0.32166123390197754,0.11237789690494537,1.9344289302825928,0.164364293217659
581.3779907226562,0.0,0.0,0.0,2.5292980670928955,-1.4841781854629517,0.7486457824707031,2.136789321899414,0.6375478506088257
456.1260070800781,0.0,0.0,0.0,2.07863712310791,-2.0376086235046387,0.3036763370037079,2.144479513168335,0.1218281015753746
254.85800170898438,0.0,0.0,0.0,1.6573116779327393,1.7168875932693481,-0.8766542673110962,1.8914194107055664,-0.6992191076278687
545.7420043945312,0.0,0.0,0.0,2.9535555839538574,1.4940906763076782,-0.34794700145721436,4.066014289855957,-0.2906153202056885
692.4099731445312,0.0,0.0,0.0,1.1118769645690918,-0.04647508263587952,0.1598883718252182,3.682614326477051,-0.7886571884155273
251.6820068359375,0.0,0.0,0.0,2.6458230018615723,-1.2795426845550537,-0.20412972569465637,2.645364284515381,-0.28384533524513245
876.0499877929688,0.0,0.0,0.0,4.003547191619873,-1.0074975490570068,0.12382441014051437,4.045028209686279,0.3064933121204376
220.66200256347656,0.0,0.0,0.0,2.971804141998291,-0.5347594618797302,0.11851135641336441,3.5332727432250977,0.09823129326105118
466.34600830078125,0.0,0.0,0.0,3.1236367225646973,-1.2848817110061646,0.2325667142868042,4.663912773132324,0.21186895668506622
756.0579833984375,0.0,0.0,0.0,2.4123682975769043,-0.47865578532218933,0.5516443848609924,3.5615389347076416,0.6832017302513123
471.7860107421875,0.0,0.0,0.0,4.361792087554932,0.8433201313018799,-0.23142069578170776,4.49206018447876,-0.19518251717090607
251.47000122070312,0.0,0.0,0.0,2.5855226516723633,-1.5066484212875366,-0.06502949446439743,2.7205612659454346,-0.2112385332584381
845.3660278320312,0.0,0.0,0.0,0.7644254565238953,2.6831753253936768,-0.8841422200202942,3.3681328296661377,-0.4328240752220154
771.1420288085938,0.0,0.0,0.0,-0.6186977624893188,-1.6238317489624023,1.320300817489624,3.7475595474243164,-0.016238728538155556
225.6540069580078,0.0,0.0,0.0,3.4386932849884033,-1.5894811153411865,0.15514782071113586,4.175601959228516,0.1033063754439354
651.8099975585938,0.0,0.0,0.0,3.3293256759643555,1.118557095527649,0.2771911919116974,3.365043878555298,0.13486696779727936
841.3460083007812,0.0,0.0,0.0,3.0836615562438965,0.453244149684906,-0.1536215990781784,3.8001980781555176,-0.11821486800909042
437.2300109863281,0.0,0.0,0.0,-0.6644858717918396,0.6389656066894531,-1.4952436685562134,2.3025691509246826,0.8109713196754456
467.8139953613281,0.0,0.0,0.0,3.709136962890625,-1.0967375040054321,0.06298137456178665,4.653770446777344,-0.009304161183536053
802.6099853515625,0.0,0.0,0.0,3.961233139038086,-1.895150065422058,0.2696738839149475,4.637671947479248,0.15780951082706451
370.6820068359375,0.0,0.0,0.0,1.3489172458648682,-1.556935429573059,0.49103856086730957,1.7183711528778076,0.41609928011894226
179.48199462890625,0.0,0.0,0.0,-0.20408794283866882,-0.03756227716803551,-0.09027475118637085,3.3726186752319336,0.6813032627105713
387.2460021972656,0.0,0.0,0.0,-0.2778761386871338,1.4614299535751343,-1.3835440874099731,3.3410003185272217,-0.06298517435789108
400.1820068359375,0.0,0.0,0.0,-1.1790525913238525,0.05514765530824661,0.490976482629776,1.8651362657546997,-0.7061468958854675
339.3139953613281,0.0,0.0,0.0,1.2396807670593262,-1.4368075132369995,0.6158174872398376,1.945534110069275,0.42038795351982117
794.4180297851562,0.0,0.0,0.0,4.142235279083252,-0.309389591217041,0.029411667957901955,4.057303428649902,0.1432463675737381
400.5820007324219,0.0,0.0,0.0,-0.9384427666664124,0.15585599839687347,0.2412872165441513,2.103534698486328,-0.735328197479248
775.6740112304688,0.0,0.0,0.0,2.0173873901367188,0.03197499364614487,-0.35443100333213806,3.1641385555267334,-0.8272644281387329
232.69000244140625,0.0,0.0,0.0,1.949269413948059,-0.4727465808391571,0.337731271982193,2.2576773166656494,0.33352866768836975
950.02197265625,0.0,0.0,0.0,1.3082447052001953,-0.0027039912529289722,0.08935325592756271,4.430238246917725,-0.30295610427856445
468.2019958496094,0.0,0.0,0.0,3.862637996673584,-0.9913731217384338,0.0346139520406723,4.7299113273620605,0.002776307985186577
219.86199951171875,0.0,0.0,0.0,2.6604533195495605,-0.4743713140487671,0.11136400699615479,3.365814685821533,0.13968871533870697
230.9219970703125,0.0,0.0,0.0,2.258540391921997,-0.4812420606613159,0.05981222540140152,1.9278706312179565,0.03970126062631607
425.4339904785156,0.0,0.0,0.0,1.684679627418518,-2.701167106628418,0.4080045819282532,4.515162467956543,-0.06078719720244408
474.87799072265625,0.0,0.0,0.0,2.692086935043335,2.3530232906341553,-0.6450707316398621,3.052290678024292,-0.31427350640296936
458.2699890136719,0.0,0.0,0.0,1.870989203453064,-0.9233689308166504,0.1144462302327156,2.01296067237854,0.11241474002599716
634.1820068359375,0.0,0.0,0.0,1.4678186178207397,0.14815036952495575,-0.1659655123949051,2.0493428707122803,-0.2533913254737854
266.9179992675781,0.0,0.0,0.0,3.622426748275757,0.7445898652076721,-0.15213380753993988,3.673565626144409,-0.12324467301368713
735.22998046875,0.0,0.0,0.0,2.513190269470215,-0.9711825251579285,0.13806872069835663,3.0972869396209717,0.0893111601471901
789.1740112304688,0.0,0.0,0.0,2.163663148880005,-0.8575457334518433,0.3459184765815735,3.1608169078826904,0.40933385491371155
942.6380004882812,0.0,0.0,0.0,1.0779497623443604,3.197239875793457,-0.7113316059112549,4.185361385345459,0.08828390389680862
159.01800537109375,0.0,0.0,0.0,1.0766730308532715,1.608458161354065,-0.8950491547584534,2.9768049716949463,-0.8404443264007568
803.64599609375,0.0,0.0,0.0,3.86391282081604,-2.083740472793579,0.23464591801166534,4.797266006469727,0.1542053371667862
457.22198486328125,0.0,0.0,0.0,1.8933236598968506,-1.4789378643035889,0.19796818494796753,2.0781891345977783,0.09913497418165207
793.8179931640625,0.0,0.0,0.0,4.0286641120910645,-0.43585681915283203,-0.06750164926052094,4.3678669929504395,0.014930243603885174
582.5339965820312,0.0,0.0,0.0,1.0235739946365356,-2.252272367477417,0.8514326214790344,2.4259989261627197,0.5317369699478149
93.4739990234375,0.0,0.0,0.0,1.2785792350769043,-0.3302523195743561,0.3487258851528168,1.7990186214447021,0.43335139751434326
405.75799560546875,0.0,0.0,0.0,1.8387067317962646,-0.7271497845649719,0.451570063829422,2.408778667449951,0.39769816398620605
829.4739990234375,0.0,0.0,0.0,3.649693727493286,-1.4079909324645996,0.5048574805259705,3.2418196201324463,0.5351373553276062
171.78599548339844,0.0,0.0,0.0,-0.5520939826965332,0.14513729512691498,0.0747053399682045,2.473466634750366,-1.0718926191329956
950.469970703125,0.0,0.0,0.0,1.8024784326553345,-0.040762510150671005,0.06320333480834961,4.543789386749268,-0.3109409511089325
780.030029296875,0.0,0.0,0.0,-1.4820396900177002,0.9920544028282166,-1.3514072895050049,3.76212739944458,0.18828622996807098
76.69000244140625,0.0,0.0,0.0,1.610584020614624,0.41745325922966003,-0.3543740212917328,1.6037908792495728,-0.39415034651756287
573.677978515625,0.0,0.0,0.0,3.106092691421509,-2.3163228034973145,0.2257254421710968,4.797338485717773,-0.05882709100842476
432.0979919433594,0.0,0.0,0.0,0.8045282959938049,-0.010659277439117432,0.18529464304447174,2.5564301013946533,-1.0851577520370483
875.573974609375,0.0,0.0,0.0,3.891282320022583,-1.0788193941116333,0.005918595939874649,4.554945468902588,0.09927190095186234
520.72998046875,0.0,0.0,0.0,2.207597017288208,0.6903929710388184,-0.3158666789531708,2.3568127155303955,-0.3182748556137085
388.9779968261719,0.0,0.0,0.0,-0.33359891176223755,-0.0031553173903375864,-0.1636212021112442,3.4062459468841553,0.47248172760009766
178.64199829101562,0.0,0.0,0.0,-0.6702040433883667,0.1357005089521408,-0.5514679551124573,4.248903274536133,0.42435330152511597
419.6820068359375,0.0,0.0,0.0,3.654313564300537,-1.778749942779541,0.2530386447906494,3.698361396789551,0.12628191709518433
229.4219970703125,0.0,0.0,0.0,3.032254457473755,-0.7147175073623657,0.07550288736820221,2.5566635131835938,0.07683958858251572
677.8099975585938,0.0,0.0,0.0,4.307072639465332,-1.3855311870574951,0.25729846954345703,4.933032035827637,0.28915977478027344
750.4340209960938,0.0,0.0,0.0,-1.5678704977035522,0.7429554462432861,0.12743711471557617,4.160175800323486,-0.095918670296669
736.8619995117188,0.0,0.0,0.0,3.1253621578216553,-0.6489621996879578,0.09659974277019501,3.7817564010620117,-0.007545661646872759
831.2739868164062,0.0,0.0,0.0,1.6965583562850952,-3.0306198596954346,0.540086030960083,3.406653642654419,-0.22835171222686768
297.00201416015625,0.0,0.0,0.0,2.7521302700042725,-0.9558975100517273,0.22667524218559265,3.9612560272216797,0.22899973392486572
937.8460083007812,0.0,0.0,0.0,3.745798110961914,1.3357532024383545,-0.06175637245178223,4.576267719268799,-0.07933376729488373
252.61000061035156,0.0,0.0,0.0,2.659961700439453,0.004711973015218973,-0.5429775714874268,2.6767821311950684,-0.4561988115310669
604.510009765625,0.0,0.0,0.0,3.1507914066314697,2.978978395462036,-0.3221418857574463,4.390268325805664,-0.1833600401878357
193.14999389648438,0.0,0.0,0.0,-0.0016578143695369363,2.01090669631958,0.0009969619568437338,0.0,0.0
97.11799621582031,0.0,0.0,0.0,1.894785761833191,-0.8291066288948059,0.3845302164554596,2.516063690185547,0.421756386756897
731.1699829101562,0.0,0.0,0.0,1.6092650890350342,0.03596045449376106,-0.10199418663978577,3.2826218605041504,0.6903552412986755
439.70599365234375,0.0,0.0,0.0,1.202705979347229,0.04120530188083649,0.26361674070358276,2.1475608348846436,0.7216198444366455
252.7100067138672,0.0,0.0,0.0,2.655982255935669,0.13428722321987152,-0.5242764353752136,2.583221912384033,-0.44264355301856995
879.573974609375,0.0,0.0,0.0,3.7974143028259277,-1.9544928073883057,0.12243190407752991,4.935871124267578,0.03292103856801987
858.3460083007812,0.0,0.0,0.0,3.837937116622925,-0.6404315233230591,0.07372499257326126,4.46753454208374,0.016104308888316154
827.0339965820312,0.0,0.0,0.0,3.6961355209350586,0.256952166557312,0.3211277723312378,4.179553508758545,0.3091029226779938
260.7900085449219,0.0,0.0,0.0,1.2659281492233276,0.05019966885447502,-0.09075469523668289,3.214703321456909,0.4118724465370178
298.8580017089844,0.0,0.0,0.0,3.45565128326416,-0.9961583018302917,0.044027987867593765,3.768507957458496,-0.14715322852134705
879.14599609375,0.0,0.0,0.0,3.677358627319336,-2.0975911617279053,0.1702648252248764,4.8128204345703125,0.10479941964149475
870.5059814453125,0.0,0.0,0.0,1.8894433975219727,-0.8363698720932007,0.45357030630111694,2.6530802249908447,0.4798968732357025
70.48600006103516,0.0,0.0,0.0,2.518062114715576,-1.9246103763580322,0.21638885140419006,3.848606586456299,-0.16093917191028595
241.45399475097656,0.0,0.0,0.0,3.971797227859497,-0.771662175655365,0.049453768879175186,4.453638076782227,0.0378570556640625
657.8779907226562,0.0,0.0,0.0,1.701645851135254,0.6845331788063049,-0.3709922432899475,2.061671257019043,-0.3562066853046417
490.80999755859375,0.0,0.0,0.0,-0.699661374092102,0.12339258939027786,0.230411559343338,1.9255378246307373,-0.4573954641819
670.9180297851562,0.0,0.0,0.0,2.97269344329834,0.5013213157653809,-0.15328717231750488,3.447251558303833,-0.133686825633049
121.48999786376953,0.0,0.0,0.0,1.4052789211273193,0.6157815456390381,-0.5713233947753906,1.5756171941757202,-0.4983985424041748
107.68599700927734,0.0,0.0,0.0,-0.7243348360061646,-1.9282482862472534,1.310731053352356,3.0531165599823,0.3653341829776764
175.1300048828125,0.0,0.0,0.0,1.5377378463745117,0.962824821472168,-0.9503296613693237,2.090798854827881,-0.8098132610321045
630.677978515625,0.0,0.0,0.0,-0.01031501591205597,0.0010271711507812142,-0.0012619682820513844,0.0,0.0
515.406005859375,0.0,0.0,0.0,1.0054755210876465,-0.0814334973692894,0.11234356462955475,3.071270704269409,-0.32661160826683044
136.73399353027344,0.0,0.0,0.0,0.8869527578353882,-0.028141533955931664,0.09305848181247711,1.7741057872772217,-0.1586715281009674
418.12200927734375,0.0,0.0,0.0,4.1296000480651855,-1.0765691995620728,0.3001612424850464,4.329491138458252,0.29111725091934204
805.9299926757812,0.0,0.0,0.0,3.906060218811035,-2.0083186626434326,0.1209978312253952,4.977776527404785,0.08667919784784317
942.2379760742188,0.0,0.0,0.0,1.5580248832702637,3.123350143432617,-0.6590692400932312,4.271993637084961,0.052362605929374695
606.6099853515625,0.0,0.0,0.0,3.0910067558288574,2.9359025955200195,-0.13833539187908173,4.585867404937744,-0.08911098539829254
780.1300048828125,0.0,0.0,0.0,-1.5434480905532837,0.741457998752594,-1.1462568044662476,3.510606050491333,0.129518061876297
429.6300048828125,0.0,0.0,0.0,-0.9392117261886597,0.2027571201324463,0.12356113642454147,2.4819769859313965,-1.100165605545044
750.8699951171875,0.0,0.0,0.0,-1.327121376991272,0.5771898031234741,0.014898966997861862,3.810777425765991,-0.10944345593452454
109.1500015258789,0.0,0.0,0.0,-1.0549215078353882,0.1864294856786728,0.23732833564281464,3.5778205394744873,-0.12254615128040314
141.73399353027344,0.0,0.0,0.0,2.4842870235443115,-0.8132820129394531,0.15930195152759552,2.570570707321167,0.11938952654600143
74.78600311279297,0.0,0.0,0.0,2.3977904319763184,0.37716394662857056,-0.07336702197790146,2.104452610015869,-0.02816605754196644
844.1820068359375,0.0,0.0,0.0,2.5321455001831055,1.9934550523757935,-0.8725747466087341,2.486445665359497,-0.6501543521881104
531.9219970703125,0.0,0.0,0.0,1.5302413702011108,-0.21679368615150452,0.6722862124443054,2.3730456829071045,0.9612511396408081
788.7100219726562,0.0,0.0,0.0,2.0152223110198975,-0.7418631911277771,0.3422544300556183,2.6480512619018555,0.3510375916957855
412.60198974609375,0.0,0.0,0.0,2.750255584716797,-0.9205529093742371,0.2473253458738327,3.2406117916107178,0.24788211286067963
847.8099975585938,0.0,0.0,0.0,-1.0557786226272583,-0.2721863389015198,-0.1847919523715973,2.417668581008911,0.1448047161102295
770.9539794921875,0.0,0.0,0.0,-0.3129892647266388,-1.9110392332077026,1.1863561868667603,3.8302254676818848,0.13026593625545502
630.2940063476562,0.0,0.0,0.0,-0.04623141139745712,0.005451417062431574,0.0030281166546046734,0.0,0.0
243.9980010986328,0.0,0.0,0.0,3.8006463050842285,-1.556044578552246,0.36583971977233887,4.370396614074707,0.2601243555545807
645.4420166015625,0.0,0.0,0.0,4.591427326202393,0.2633090019226074,-0.051664724946022034,4.686880588531494,0.06073867902159691
941.0059814453125,0.0,0.0,0.0,2.958420753479004,2.22269344329834,-0.7453205585479736,3.3631036281585693,-0.5379225015640259
410.2099914550781,0.0,0.0,0.0,2.643563747406006,-0.48361995816230774,-0.0907004252076149,2.5482122898101807,-0.009482530876994133
437.57000732421875,0.0,0.0,0.0,-0.6122288107872009,0.2485184222459793,-0.9980823993682861,1.9448281526565552,0.7724459171295166
938.3779907226562,0.0,0.0,0.0,3.8637778759002686,1.154233455657959,-0.034751635044813156,4.750166893005371,-0.06287769228219986
839.7739868164062,0.0,0.0,0.0,1.8262768983840942,-0.043536439538002014,-0.02630884386599064,3.6621618270874023,-0.3203837275505066
857.1060180664062,0.0,0.0,0.0,3.423301935195923,-0.6457634568214417,0.07167530804872513,4.309843063354492,0.0460851714015007
413.1499938964844,0.0,0.0,0.0,2.9062418937683105,-1.0033619403839111,0.22679699957370758,3.913512706756592,0.1857108473777771
88.38600158691406,0.0,0.0,0.0,-1.1000730991363525,-0.24081072211265564,-0.14931754767894745,2.5790834426879883,-0.08623934537172318
166.72999572753906,0.0,0.0,0.0,2.3202602863311768,-2.3806920051574707,0.5749390721321106,4.485019683837891,0.28246769309043884
862.5380249023438,0.0,0.0,0.0,3.487078905105591,-0.29790717363357544,-0.002148907631635666,0.0,0.0
296.25799560546875,0.0,0.0,0.0,2.4635159969329834,-0.8636916279792786,0.2621590495109558,3.278292417526245,0.29045480489730835
823.2899780273438,0.0,0.0,0.0,2.5552525520324707,2.371546745300293,-0.38258859515190125,4.34871768951416,-0.19357377290725708
892.2100219726562,0.0,0.0,0.0,-0.26327797770500183,0.06109999865293503,-0.03216007351875305,3.5245471000671387,-0.50008225440979
616.6259765625,0.0,0.0,0.0,-0.14635087549686432,-0.1048879623413086,0.014978007413446903,3.149940252304077,0.85427325963974
769.6060180664062,0.0,0.0,0.0,1.1811349391937256,-2.4413325786590576,0.6077017784118652,3.0041725635528564,0.4332713484764099
248.00999450683594,0.0,0.0,0.0,4.268012523651123,-0.3657611608505249,-0.11206845939159393,4.286500930786133,-0.16752074658870697
203.4459991455078,0.0,0.0,0.0,1.562376856803894,-2.485074281692505,0.6921504139900208,3.755366563796997,0.37368518114089966
650.2979736328125,0.0,0.0,0.0,2.517181396484375,2.925771474838257,-0.12161009758710861,3.7748241424560547,0.17952817678451538
932.989990234375,0.0,0.0,0.0,4.108069896697998,0.6789478063583374,-0.07472393661737442,4.289877891540527,-0.08802817761898041
419.114013671875,0.0,0.0,0.0,3.818049669265747,-1.6880167722702026,0.27786311507225037,4.331329345703125,0.14218178391456604
56.27399826049805,0.0,0.0,0.0,0.15626531839370728,0.008815211243927479,0.03126002848148346,1.2189762592315674,-0.036062173545360565
926.2899780273438,0.0,0.0,0.0,-0.7207992672920227,0.20659947395324707,-0.022145653143525124,4.5049147605896,-0.14231622219085693
931.2860107421875,0.0,0.0,0.0,3.5448427200317383,0.27425941824913025,-0.1191004142165184,4.809325218200684,-0.07820957899093628
760.4140014648438,0.0,0.0,0.0,2.783518075942993,-0.9752214550971985,0.4584749639034271,2.696906566619873,0.3497401475906372
735.8099975585938,0.0,0.0,0.0,2.6975998878479004,-0.8598661422729492,0.05890724062919617,3.341762065887451,0.06644288450479507
664.2940063476562,0.0,0.0,0.0,0.3363262116909027,0.1275843381881714,-0.037125829607248306,0.8602820038795471,-0.003907541744410992
476.1059875488281,0.0,0.0,0.0,1.8134814500808716,2.752634286880493,-0.44159549474716187,3.1578009128570557,-0.23088015615940094
151.01800537109375,0.0,0.0,0.0,1.3013324737548828,-2.59953236579895,0.6593499183654785,4.3945488929748535,-0.24939648807048798
288.22601318359375,0.0,0.0,0.0,2.9166879653930664,-2.3582892417907715,0.6134151220321655,3.2369749546051025,0.3707602620124817
632.3980102539062,0.0,0.0,0.0,-0.000938824494369328,0.0003845227474812418,-0.002154913265258074,0.0,0.0
733.06201171875,0.0,0.0,0.0,2.561361074447632,-1.1294888257980347,0.4237201511859894,2.9624030590057373,0.30462491512298584
849.7100219726562,0.0,0.0,0.0,0.043771423399448395,-0.057623956352472305,0.015985865145921707,1.5865720510482788,0.056362804025411606
66.85800170898438,0.0,0.0,0.0,2.5020713806152344,-0.9419918060302734,0.6428188681602478,2.8278603553771973,0.5130061507225037
751.9500122070312,0.0,0.0,0.0,-0.789228618144989,0.2430010735988617,0.037129998207092285,4.126068115234375,-0.2050677239894867
909.2459716796875,0.0,0.0,0.0,3.069568634033203,1.7466694116592407,-0.27086567878723145,4.393506050109863,-0.005801952909678221
858.1539916992188,0.0,0.0,0.0,3.782749891281128,-0.6297609806060791,0.09572213888168335,4.382444858551025,-0.025343555957078934
854.1619873046875,0.0,0.0,0.0,1.671287178993225,-0.04682241752743721,0.07352641224861145,2.5337491035461426,0.1544233113527298
432.1780090332031,0.0,0.0,0.0,0.8809313178062439,-0.018383966758847237,0.136453315615654,2.266925573348999,-0.9053156971931458
599.197998046875,0.0,0.0,0.0,4.347416877746582,0.8030068874359131,-0.1745927631855011,4.490647315979004,-0.3198047876358032
276.6579895019531,0.0,0.0,0.0,1.9295698404312134,-0.6165489554405212,0.4128665030002594,2.5608367919921875,0.40055400133132935
91.16999816894531,0.0,0.0,0.0,0.6461844444274902,-0.03919399902224541,0.007937981747090816,1.3798784017562866,-0.015225308015942574
112.69000244140625,0.0,0.0,0.0,1.6199870109558105,0.233341246843338,-0.43470460176467896,2.3227810859680176,-0.6427919864654541
864.5780029296875,0.0,0.0,0.0,2.1231634616851807,-0.19225145876407623,-0.014587500132620335,0.0,0.0
242.33399963378906,0.0,0.0,0.0,4.14164924621582,-0.6513068079948425,0.014225766994059086,4.437084674835205,0.042385000735521317
932.0980224609375,0.0,0.0,0.0,3.9161243438720703,0.5227243304252625,-0.11393582075834274,4.870912551879883,-0.1355322301387787
871.1859741210938,0.0,0.0,0.0,2.091150999069214,-1.0350744724273682,0.4817846417427063,3.024319887161255,0.47673937678337097
648.4420166015625,0.0,0.0,0.0,3.888871192932129,1.6995807886123657,-0.6100079417228699,3.5812599658966064,-0.5892456769943237
932.3060302734375,0.0,0.0,0.0,3.989469289779663,0.5713105201721191,-0.11559498310089111,4.558647155761719,-0.07742662727832794
690.4099731445312,0.0,0.0,0.0,-0.49440380930900574,0.06406179815530777,0.028431914746761322,3.827411651611328,-0.699448823928833
673.5139770507812,0.0,0.0,0.0,3.877810001373291,0.6072281002998352,-0.036991897970438004,4.3253493309021,0.00890323705971241
401.9700012207031,0.0,0.0,0.0,-0.11177100241184235,0.024119114503264427,-0.046225033700466156,1.7694830894470215,-0.38924357295036316
939.5859985351562,0.0,0.0,0.0,4.076957702636719,0.810102641582489,-0.07709173113107681,3.99409556388855,-0.3365508019924164
918.8980102539062,0.0,0.0,0.0,4.010355472564697,-1.7121936082839966,0.2832047641277313,4.483430862426758,0.1684882491827011
141.4219970703125,0.0,0.0,0.0,2.5022027492523193,-0.833662748336792,0.17660021781921387,2.6736950874328613,0.1410447359085083
343.6820068359375,0.0,0.0,0.0,-0.4549863040447235,-0.23916245996952057,0.7328092455863953,2.7612695693969727,-0.8645422458648682
246.73399353027344,0.0,0.0,0.0,4.172438621520996,-1.1242797374725342,-0.11276587098836899,4.406341075897217,-0.13713422417640686
835.2739868164062,0.0,0.0,0.0,-1.3602864742279053,0.39214926958084106,0.1529017686843872,2.7172513008117676,-0.42949268221855164
847.073974609375,0.0,0.0,0.0,-1.4868422746658325,0.0041157943196594715,-0.6255532503128052,3.836737632751465,0.11657337844371796
75.56600189208984,0.0,0.0,0.0,2.116392135620117,0.29705187678337097,0.01694110780954361,1.8431453704833984,-0.0031655621714890003
937.3300170898438,0.0,0.0,0.0,3.665987968444824,1.4404723644256592,-0.16775231063365936,4.548894882202148,-0.09698354452848434
111.01000213623047,0.0,0.0,0.0,0.03298482298851013,0.0839877724647522,-0.04168039560317993,2.7808406352996826,-0.5687918066978455
427.1180114746094,0.0,0.0,0.0,0.4205126166343689,-2.644709587097168,0.8024603724479675,4.020140647888184,-0.5163784623146057
822.1300048828125,0.0,0.0,0.0,2.6123173236846924,2.1013314723968506,-0.3847646713256836,4.034331321716309,-0.2920583486557007
880.4140014648438,0.0,0.0,0.0,4.058725357055664,-1.5324110984802246,0.001345786266028881,4.939000129699707,0.07212497293949127
821.8900146484375,0.0,0.0,0.0,2.615338087081909,2.0659902095794678,-0.35660985112190247,3.9305002689361572,-0.3059610426425934
230.70599365234375,0.0,0.0,0.0,2.3725082874298096,-0.5339935421943665,0.05614252761006355,1.9613454341888428,0.03646761551499367
176.0500030517578,0.0,0.0,0.0,1.321806788444519,1.5225998163223267,-0.8739269971847534,2.9220879077911377,-0.8075174689292908
865.4739990234375,0.0,0.0,0.0,1.4946221113204956,-0.1454290896654129,-0.003488716436550021,0.0,0.0
642.4099731445312,0.0,0.0,0.0,4.246766567230225,0.5918006300926208,-0.0014930202160030603,4.64808988571167,-0.08900284767150879
667.8140258789062,0.0,0.0,0.0,2.558016777038574,-0.16124872863292694,0.08173072338104248,2.577695846557617,0.006737363990396261
953.093994140625,0.0,0.0,0.0,3.699989080429077,1.061852216720581,-0.2597978413105011,4.609870433807373,-0.2691866159439087
765.5419921875,0.0,0.0,0.0,2.6958823204040527,-1.3779048919677734,0.3937489688396454,3.470691680908203,0.2953895330429077
124.71800231933594,0.0,0.0,0.0,1.4129719734191895,0.8527334332466125,-0.5937471389770508,1.8836982250213623,-0.5530969500541687
903.030029296875,0.0,0.0,0.0,3.662551164627075,0.39473268389701843,-0.038292814046144485,2.83856201171875,-0.03631884977221489
616.0780029296875,0.0,0.0,0.0,-0.4968455135822296,-0.16563458740711212,-0.002968796528875828,3.2429301738739014,0.8602007627487183
786.406005859375,0.0,0.0,0.0,1.389963984489441,-0.3239876925945282,0.15518537163734436,1.457953929901123,0.11985213309526443
774.8740234375,0.0,0.0,0.0,1.165223240852356,-0.042748864740133286,0.21502834558486938,3.223726749420166,-0.8090118169784546
286.3819885253906,0.0,0.0,0.0,4.449622631072998,0.27833542227745056,-0.010425317101180553,3.7168679237365723,0.27985796332359314
366.3900146484375,0.0,0.0,0.0,2.808070421218872,-1.7634282112121582,-0.2098340392112732,3.6528842449188232,-0.2534356713294983
854.5139770507812,0.0,0.0,0.0,1.9629725217819214,-0.10944423079490662,0.08961337804794312,2.887547492980957,0.14760643243789673
771.0659790039062,0.0,0.0,0.0,-0.4986414313316345,-1.75571608543396,1.2692148685455322,3.8809659481048584,0.04072335734963417
269.20599365234375,0.0,0.0,0.0,3.237004518508911,-0.935685396194458,0.3392221927642822,3.4448800086975098,0.23896993696689606
774.2620239257812,0.0,0.0,0.0,0.49469897150993347,0.036847785115242004,0.10056938230991364,3.182739734649658,-0.7026628851890564
402.3819885253906,0.0,0.0,0.0,0.22552162408828735,-0.0011498124804347754,0.03845454007387161,1.8179094791412354,-0.35757625102996826
519.4500122070312,0.0,0.0,0.0,2.3941760063171387,0.7346004843711853,-0.17974264919757843,2.4272067546844482,-0.13997645676136017
725.1019897460938,0.0,0.0,0.0,1.1839942932128906,2.3826279640197754,-0.5937271118164062,2.250847339630127,-0.3553612530231476
103.1259994506836,0.0,0.0,0.0,3.9505319595336914,-0.7291985154151917,0.07795896381139755,4.23897123336792,0.04495416209101677
126.90599822998047,0.0,0.0,0.0,1.98623788356781,0.6997971534729004,-0.10782677680253983,3.0494048595428467,-0.035844314843416214
766.677978515625,0.0,0.0,0.0,2.8641555309295654,-1.491038203239441,0.2388540655374527,3.4050300121307373,0.13947398960590363
914.22998046875,0.0,0.0,0.0,4.250909805297852,1.2143038511276245,-0.07489433884620667,4.875683784484863,-0.13138890266418457
804.677978515625,0.0,0.0,0.0,3.8496155738830566,-2.133219003677368,0.24461287260055542,4.748873710632324,0.19263795018196106
624.97802734375,0.0,0.0,0.0,-0.28110650181770325,0.10971596837043762,0.007833129726350307,2.675773859024048,-0.6046620607376099
312.41400146484375,0.0,0.0,0.0,2.4357621669769287,-1.826709508895874,0.42123913764953613,4.257887840270996,0.10310790687799454
874.0780029296875,0.0,0.0,0.0,3.152712345123291,-1.5626349449157715,0.20574559271335602,4.5460524559021,-0.016342561691999435
867.3300170898438,0.0,0.0,0.0,0.5508456230163574,-0.07760882377624512,0.07675229758024216,1.1116241216659546,0.15328970551490784
97.31800079345703,0.0,0.0,0.0,1.9475271701812744,-0.848730206489563,0.39116284251213074,2.457113027572632,0.3445487320423126
693.030029296875,0.0,0.0,0.0,1.8112802505493164,-0.14384296536445618,0.11329472810029984,4.044075965881348,-0.5745805501937866
799.6099853515625,0.0,0.0,0.0,3.869419574737549,-1.9695444107055664,0.20156364142894745,4.427741527557373,0.18968501687049866
618.14599609375,0.0,0.0,0.0,1.331758975982666,0.028671160340309143,-0.17058590054512024,3.2396159172058105,0.7987213730812073
297.5740051269531,0.0,0.0,0.0,3.00299072265625,-1.0041755437850952,0.22610501945018768,4.309602737426758,0.16060256958007812
709.9539794921875,0.0,0.0,0.0,4.105437278747559,1.3236886262893677,-0.23966796696186066,4.84770393371582,-0.34313488006591797
921.1300048828125,0.0,0.0,0.0,2.0295543670654297,-3.1641664505004883,0.8534994125366211,3.457857608795166,0.6206920742988586
444.3900146484375,0.0,0.0,0.0,2.92865252494812,-1.0304936170578003,0.20377926528453827,4.039848804473877,0.18432994186878204
530.4660034179688,0.0,0.0,0.0,0.1794361174106598,-0.006993704009801149,-0.10873901844024658,2.549196720123291,0.949677586555481
349.385986328125,0.0,0.0,0.0,-0.3961534798145294,1.080328345298767,-1.582207202911377,2.198748826980591,0.11780331283807755
586.177978515625,0.0,0.0,0.0,-0.17582210898399353,0.03004307858645916,0.048715874552726746,3.188368320465088,-0.7670082449913025
79.87799835205078,0.0,0.0,0.0,1.9402186870574951,0.9157829880714417,-0.4313848316669464,2.886090040206909,-0.4658695161342621
311.8380126953125,0.0,0.0,0.0,2.3259589672088623,-1.6058979034423828,0.4515504837036133,4.011288642883301,0.35387614369392395
745.0180053710938,0.0,0.0,0.0,4.183001518249512,-1.6752101182937622,0.23392266035079956,4.837765216827393,0.20316915214061737
617.5700073242188,0.0,0.0,0.0,0.6772481799125671,-0.05340581387281418,-0.16030853986740112,2.964454174041748,0.8040534257888794
271.84600830078125,0.0,0.0,0.0,2.8471477031707764,-0.9734208583831787,0.1483212560415268,2.8985564708709717,0.06848884373903275
936.7059936523438,0.0,0.0,0.0,3.6079859733581543,1.4799946546554565,-0.24357198178768158,4.510011196136475,-0.08325128257274628
117.2979965209961,0.0,0.0,0.0,0.2490805834531784,1.2749319076538086,-1.3179534673690796,2.0093069076538086,-0.5728842616081238
85.27400207519531,0.0,0.0,0.0,0.9588924646377563,2.8597021102905273,-0.6288619041442871,3.284400463104248,-0.45140281319618225
158.67799377441406,0.0,0.0,0.0,1.2535439729690552,1.4644774198532104,-0.9377772212028503,2.7273447513580322,-0.7972221970558167
585.3460083007812,0.0,0.0,0.0,-0.6451228260993958,0.085747130215168,0.1443873792886734,3.048745632171631,-0.6706609129905701
205.69000244140625,0.0,0.0,0.0,-1.3943990468978882,-0.6241705417633057,1.12407386302948,3.0329220294952393,-0.5823734402656555
359.3059997558594,0.0,0.0,0.0,3.8097634315490723,-1.0418484210968018,0.05610167235136032,4.30454683303833,0.07572595775127411
378.9620056152344,0.0,0.0,0.0,2.218474864959717,-0.9784896373748779,0.35361817479133606,2.949003219604492,0.32256853580474854
394.7139892578125,0.0,0.0,0.0,2.4729244709014893,-2.3380579948425293,0.5002180933952332,4.367308616638184,0.19278021156787872
310.3179931640625,0.0,0.0,0.0,1.9458229541778564,-1.1751474142074585,0.4863709807395935,2.941890239715576,0.4860403537750244
687.5540161132812,0.0,0.0,0.0,0.05460560694336891,-2.5148792266845703,0.7940698862075806,4.5724873542785645,0.23744554817676544
332.9580078125,0.0,0.0,0.0,4.129244327545166,-0.9220176339149475,0.2810628414154053,4.782350063323975,0.18026204407215118
687.677978515625,0.0,0.0,0.0,-0.11904896050691605,-2.4114019870758057,0.8612766861915588,4.344949722290039,0.10077439248561859
146.0540008544922,0.0,0.0,0.0,1.7249053716659546,-0.9393664598464966,0.47232404351234436,2.2371578216552734,0.4041283428668976
314.75799560546875,0.0,0.0,0.0,2.821418523788452,-2.194711923599243,0.31091728806495667,4.189823150634766,0.31139707565307617
826.2739868164062,0.0,0.0,0.0,3.313133478164673,1.3483988046646118,0.26963138580322266,3.949392080307007,0.36911869049072266
89.84600067138672,0.0,0.0,0.0,-0.38032934069633484,-0.0943564772605896,-0.01594270020723343,1.8213340044021606,-0.33087122440338135
651.322021484375,0.0,0.0,0.0,3.133417844772339,1.8652989864349365,0.24185606837272644,3.1458020210266113,0.26639726758003235
495.4620056152344,0.0,0.0,0.0,1.803255558013916,1.3166804313659668,-0.5882546305656433,2.2670013904571533,-0.3841938078403473
468.6499938964844,0.0,0.0,0.0,4.023804187774658,-0.8746137619018555,0.03968920186161995,4.959392547607422,0.027743617072701454
598.27001953125,0.0,0.0,0.0,4.2671380043029785,0.7488599419593811,-0.07290825992822647,4.685692310333252,-0.002094672527164221
832.073974609375,0.0,0.0,0.0,1.144713044166565,-3.0880658626556396,0.5196877121925354,3.2828595638275146,-0.4869534373283386
457.7139892578125,0.0,0.0,0.0,1.8941161632537842,-1.2015248537063599,0.11969752609729767,2.129985809326172,0.11936717480421066
321.6780090332031,0.0,0.0,0.0,1.7975654602050781,-1.025894284248352,0.43639007210731506,2.5581483840942383,0.42141884565353394
667.3140258789062,0.0,0.0,0.0,2.5086960792541504,-0.1283489167690277,0.09699742496013641,2.60033917427063,0.04450492188334465
245.1300048828125,0.0,0.0,0.0,3.589639663696289,-2.075138568878174,0.21415522694587708,4.643487930297852,-0.06366831809282303
547.27001953125,0.0,0.0,0.0,3.2251312732696533,1.7686281204223633,-0.26827946305274963,4.175702095031738,-0.24484246969223022
511.8139953613281,0.0,0.0,0.0,-1.1994893550872803,-0.40014299750328064,-0.11681568622589111,2.898928642272949,0.5356343388557434
625.6380004882812,0.0,0.0,0.0,0.20624053478240967,0.04731753095984459,0.014248880557715893,2.134913206100464,-0.3569276034832001
387.8819885253906,0.0,0.0,0.0,-0.7810813784599304,0.546214759349823,-1.0779287815093994,3.2591352462768555,0.2699296772480011
524.6179809570312,0.0,0.0,0.0,1.3673665523529053,1.3325953483581543,-0.5868197679519653,2.4631752967834473,-0.5481741428375244
358.64599609375,0.0,0.0,0.0,3.557725667953491,-1.1535311937332153,0.08874757587909698,4.244907855987549,0.0844694972038269
84.98999786376953,0.0,0.0,0.0,1.1876459121704102,2.864619016647339,-0.5957814455032349,3.3145053386688232,-0.4636860489845276
348.08599853515625,0.0,0.0,0.0,1.0099409818649292,1.5356616973876953,-0.9297087788581848,2.902986526489258,-0.7826497554779053
891.6420288085938,0.0,0.0,0.0,-0.5666071176528931,0.13081340491771698,-0.0400092713534832,3.7686784267425537,-0.5586857795715332
681.2420043945312,0.0,0.0,0.0,3.266688823699951,-2.626143217086792,0.3846507966518402,3.8129208087921143,0.17235861718654633
813.9739990234375,0.0,0.0,0.0,2.3879921436309814,0.6937405467033386,-0.32726630568504333,2.02777361869812,-0.3122027516365051
268.37799072265625,0.0,0.0,0.0,3.4360909461975098,-0.13258010149002075,0.347408652305603,3.2428359985351562,0.4047131836414337
61.08599853515625,0.0,0.0,0.0,3.468383312225342,0.8215504884719849,-0.12024971842765808,3.7293601036071777,-0.2985689043998718
564.5020141601562,0.0,0.0,0.0,-1.3196545839309692,-0.05124446377158165,-0.4574379324913025,2.644144296646118,0.1119236946105957
823.8140258789062,0.0,0.0,0.0,2.517793655395508,2.468224287033081,-0.39030495285987854,4.155213832855225,-0.18126845359802246
783.2379760742188,0.0,0.0,0.0,0.34416186809539795,-0.07926052063703537,-0.02837025560438633,1.4317094087600708,0.0848599448800087
261.9100036621094,0.0,0.0,0.0,2.357372522354126,-0.2053588479757309,0.30832788348197937,3.7530806064605713,0.48706114292144775
751.4739990234375,0.0,0.0,0.0,-1.0218009948730469,0.3609035611152649,-0.0025683799758553505,4.152682781219482,-0.22131609916687012
753.4819946289062,0.0,0.0,0.0,0.08232773095369339,0.06207933649420738,-0.06066392362117767,3.2968790531158447,0.576298713684082
183.0780029296875,0.0,0.0,0.0,1.8618009090423584,-1.5345549583435059,0.9081275463104248,2.8441097736358643,0.8129169344902039
661.3699951171875,0.0,0.0,0.0,2.068572521209717,0.8213134407997131,-0.2106439769268036,2.12292742729187,-0.1835164576768875
370.5459899902344,0.0,0.0,0.0,1.4117984771728516,-1.5923432111740112,0.5162410140037537,1.6304543018341064,0.3086570203304291
332.3580017089844,0.0,0.0,0.0,4.2111005783081055,-0.2934790551662445,0.31958821415901184,4.250949859619141,0.267550528049469
778.5059814453125,0.0,0.0,0.0,1.270037055015564,2.626227378845215,-0.7628616094589233,4.310199737548828,-0.33000409603118896
643.8460083007812,0.0,0.0,0.0,4.533055305480957,0.20236986875534058,0.09949424117803574,4.825459957122803,0.014741345308721066
942.8820190429688,0.0,0.0,0.0,0.7316165566444397,3.2014124393463135,-0.7697139978408813,4.263219356536865,0.27657338976860046
423.8420104980469,0.0,0.0,0.0,2.062013626098633,-2.7430508136749268,0.33551880717277527,4.0089640617370605,0.18505439162254333
919.073974609375,0.0,0.0,0.0,3.9792842864990234,-1.7731887102127075,0.2677742838859558,4.6130266189575195,0.21585018932819366
296.5060119628906,0.0,0.0,0.0,2.5634729862213135,-0.9010653495788574,0.265707403421402,3.6131889820098877,0.31006115674972534
147.02200317382812,0.0,0.0,0.0,2.009430170059204,-1.070702314376831,0.44018930196762085,2.804800510406494,0.5064772963523865
512.3499755859375,0.0,0.0,0.0,-0.9484027028083801,-0.28825998306274414,-0.03891230374574661,3.002486228942871,0.047777581959962845
367.50201416015625,0.0,0.0,0.0,3.4155192375183105,-0.41022616624832153,-0.1901821345090866,3.579357147216797,0.014723065309226513
154.35800170898438,0.0,0.0,0.0,-0.6117902398109436,0.10868791490793228,0.09189683943986893,2.3857173919677734,-1.0658451318740845
177.697998046875,0.0,0.0,0.0,-0.37716275453567505,1.3222196102142334,-1.455312728881836,4.631173610687256,-0.23507799208164215
284.2820129394531,0.0,0.0,0.0,4.320582866668701,0.13560816645622253,-0.06996221095323563,4.424075603485107,-0.11713644117116928
352.6820068359375,0.0,0.0,0.0,1.5177596807479858,-0.07630228251218796,0.20386338233947754,2.4646546840667725,0.4646056294441223
648.9219970703125,0.0,0.0,0.0,3.213348865509033,2.456289052963257,-0.6725437641143799,4.036925315856934,-0.35760530829429626
510.9460144042969,0.0,0.0,0.0,-1.6843674182891846,-0.3079855442047119,-0.48603641986846924,2.924213171005249,0.4061153829097748
908.7100219726562,0.0,0.0,0.0,2.8887412548065186,1.7259409427642822,-0.3240364193916321,4.187283992767334,-0.11977891623973846
316.98199462890625,0.0,0.0,0.0,2.5020699501037598,-2.577394723892212,0.09798147529363632,3.659730911254883,-0.30208396911621094
570.4739990234375,0.0,0.0,0.0,3.066850423812866,-0.7987023591995239,0.4614129960536957,4.07119607925415,0.5119132995605469
342.62200927734375,0.0,0.0,0.0,0.01375949289649725,-1.3263888359069824,1.4111868143081665,3.450300931930542,-0.3711276650428772
278.58599853515625,0.0,0.0,0.0,2.694643974304199,-1.2171820402145386,0.3325049877166748,3.7057714462280273,0.2911303639411926
605.0339965820312,0.0,0.0,0.0,3.0400607585906982,3.0761959552764893,-0.28678277134895325,4.737888813018799,-0.14587414264678955
113.94999694824219,0.0,0.0,0.0,1.8131369352340698,1.0014541149139404,-0.6585035920143127,2.145338535308838,-0.599353015422821
811.5419921875,0.0,0.0,0.0,3.375058174133301,1.1953402757644653,-0.04348915442824364,2.9083192348480225,-0.011196482926607132
701.2100219726562,0.0,0.0,0.0,3.09405779838562,1.27229642868042,-0.19620728492736816,3.925607442855835,-0.125793918967247
459.2139892578125,0.0,0.0,0.0,1.818444013595581,-0.6106694340705872,0.10009955614805222,1.883563756942749,0.07094718515872955
472.8139953613281,0.0,0.0,0.0,4.182302474975586,1.319685459136963,-0.18160833418369293,4.414266586303711,-0.0922403335571289
237.69400024414062,0.0,0.0,0.0,3.3642497062683105,-1.0622875690460205,0.07572194188833237,3.799501419067383,0.13244950771331787
96.50199890136719,0.0,0.0,0.0,1.7880628108978271,-0.7766066193580627,0.41146957874298096,2.2210450172424316,0.35806357860565186
701.8099975585938,0.0,0.0,0.0,3.3142781257629395,1.2302510738372803,-0.12740404903888702,4.301354885101318,-0.059512682259082794
933.1259765625,0.0,0.0,0.0,4.110164165496826,0.6714168787002563,-0.08186456561088562,4.431715965270996,-0.08032067120075226
564.0460205078125,0.0,0.0,0.0,-1.482630968093872,0.43750008940696716,-0.8648240566253662,2.5173661708831787,0.12300220876932144
940.06201171875,0.0,0.0,0.0,3.9203405380249023,1.0516248941421509,-0.34529006481170654,3.897712230682373,-0.46720895171165466
645.0460205078125,0.0,0.0,0.0,4.6027445793151855,0.2433197945356369,0.0003770622715819627,4.5923237800598145,0.020468920469284058
833.822021484375,0.0,0.0,0.0,-1.7592220306396484,-1.309421420097351,1.3437734842300415,2.595808744430542,-0.8655695915222168
866.3179931640625,0.0,0.0,0.0,0.878783643245697,-0.10992540419101715,0.017145341262221336,0.0,0.0
431.3739929199219,0.0,0.0,0.0,0.09107597917318344,0.040896158665418625,-0.006543426308780909,2.4013383388519287,-0.9578311443328857
300.385986328125,0.0,0.0,0.0,2.5804340839385986,0.9578285813331604,-0.7022520899772644,2.350510597229004,-0.490521639585495
855.35400390625,0.0,0.0,0.0,2.5705361366271973,-0.3075411021709442,0.1744987815618515,3.3643157482147217,0.1784953773021698
249.1820068359375,0.0,0.0,0.0,3.636587142944336,-0.91159588098526,0.47264939546585083,3.056854724884033,0.4499562978744507
922.9979858398438,0.0,0.0,0.0,-2.349797487258911,-1.2302861213684082,1.2142012119293213,4.272602081298828,-0.07555641233921051
318.9179992675781,0.0,0.0,0.0,3.1398301124572754,0.30812862515449524,-0.298206627368927,2.213804006576538,0.11653843522071838
645.9180297851562,0.0,0.0,0.0,4.604486465454102,0.30774274468421936,-0.07987012714147568,4.893955230712891,-0.06686641275882721
762.9140014648438,0.0,0.0,0.0,2.9905996322631836,0.22177942097187042,-0.15689104795455933,2.916825771331787,0.08746510744094849
304.6419982910156,0.0,0.0,0.0,1.8248822689056396,-1.2385529279708862,0.5132899880409241,2.6269583702087402,0.4613327980041504
613.8779907226562,0.0,0.0,0.0,-1.8076735734939575,-0.15874572098255157,-0.4466734528541565,3.1153392791748047,0.5169897079467773
182.08599853515625,0.0,0.0,0.0,2.0691490173339844,-0.31051358580589294,0.6833655834197998,2.735025644302368,0.9960724115371704
443.2860107421875,0.0,0.0,0.0,2.3257246017456055,-0.9670119285583496,0.2551836371421814,3.5217831134796143,0.25761014223098755
520.9500122070312,0.0,0.0,0.0,2.193265914916992,0.7457535266876221,-0.338806688785553,2.300354242324829,-0.33299145102500916
922.8980102539062,0.0,0.0,0.0,-2.2147295475006104,-1.5937533378601074,1.3197788000106812,4.061992645263672,-0.027683118358254433
906.4019775390625,0.0,0.0,0.0,2.2704899311065674,1.217455267906189,-0.4300259053707123,2.9705188274383545,-0.3908432126045227
377.64599609375,0.0,0.0,0.0,1.768191933631897,-0.9165215492248535,0.3606870472431183,2.2165513038635254,0.34783482551574707
717.14599609375,0.0,0.0,0.0,4.0349602699279785,-1.450989007949829,0.03543960675597191,4.740379810333252,0.030950365588068962
287.65399169921875,0.0,0.0,0.0,3.5843498706817627,-1.6577732563018799,0.6352072358131409,3.6889591217041016,0.49994269013404846
678.2420043945312,0.0,0.0,0.0,4.2503581047058105,-1.5946956872940063,0.2533853054046631,4.851306438446045,0.1665787249803543
189.406005859375,0.0,0.0,0.0,1.7067766189575195,0.06605278700590134,-0.38491544127464294,3.1583635807037354,-0.9636693596839905
681.4580078125,0.0,0.0,0.0,3.1489882469177246,-2.677133321762085,0.3478875160217285,4.261785507202148,0.2793373465538025
205.44200134277344,0.0,0.0,0.0,-1.2380568981170654,-1.1868647336959839,1.4153039455413818,2.929698944091797,-0.4550228714942932
673.2379760742188,0.0,0.0,0.0,3.8009192943573,0.6380739212036133,0.00845958013087511,4.249948501586914,0.008770039305090904
948.0700073242188,0.0,0.0,0.0,-0.2285388559103012,-0.0185620728880167,0.021263040602207184,3.7830584049224854,-0.20448927581310272
789.2459716796875,0.0,0.0,0.0,2.196026086807251,-0.8758683800697327,0.3416852056980133,3.053633213043213,0.4278830289840698
486.1099853515625,0.0,0.0,0.0,1.6869492530822754,-0.7752131223678589,0.7985354065895081,2.4109416007995605,0.8007091283798218
922.510009765625,0.0,0.0,0.0,-1.2270886898040771,-2.8602144718170166,1.3053193092346191,4.611688137054443,0.2088923454284668
255.19000244140625,0.0,0.0,0.0,1.3185954093933105,1.8531047105789185,-0.88493412733078,1.9626926183700562,-0.6428081393241882
860.0859985351562,0.0,0.0,0.0,4.330750942230225,-0.48510169982910156,-0.016531364992260933,4.36345911026001,-0.026340579614043236
736.166015625,0.0,0.0,0.0,2.840672254562378,-0.7640001773834229,0.06296328455209732,3.4929497241973877,0.01988060772418976
910.0419921875,0.0,0.0,0.0,3.459291934967041,1.5608277320861816,-0.0657673254609108,4.450799465179443,0.023848215118050575
718.677978515625,0.0,0.0,0.0,4.1765456199646,-0.7860302329063416,-0.03561941161751747,4.686115741729736,0.005918324459344149
564.8980102539062,0.0,0.0,0.0,-1.116801142692566,-0.16839802265167236,-0.24361145496368408,2.7932755947113037,0.22460903227329254
500.0419921875,0.0,0.0,0.0,2.518176555633545,0.5275131464004517,-0.02643929421901703,3.4691710472106934,-0.007860627956688404
535.3939819335938,0.0,0.0,0.0,-0.6620778441429138,-1.0335373878479004,1.6346104145050049,1.490201473236084,-0.2154313325881958
772.3900146484375,0.0,0.0,0.0,-0.8106350898742676,0.01825062930583954,0.30352097749710083,3.679730176925659,-0.5359988808631897
570.2059936523438,0.0,0.0,0.0,2.970609664916992,-0.4969819188117981,0.44386401772499084,4.160266876220703,0.6022226810455322
129.9980010986328,0.0,0.0,0.0,2.547441244125366,-0.9022486209869385,0.5497282147407532,2.5076663494110107,0.4327767789363861
228.13800048828125,0.0,0.0,0.0,3.5357017517089844,-0.9500191807746887,0.042459435760974884,3.3194580078125,0.03732068091630936
553.0659790039062,0.0,0.0,0.0,2.926222085952759,2.7195394039154053,-0.4358997642993927,4.191454887390137,-0.2744201421737671
540.2459716796875,0.0,0.0,0.0,2.246443510055542,-0.02224377728998661,0.023949651047587395,2.381547212600708,0.025935182347893715
291.5780029296875,0.0,0.0,0.0,1.509132742881775,-2.600637912750244,0.15402816236019135,1.8856803178787231,0.04252615198493004
503.5780029296875,0.0,0.0,0.0,4.0524492263793945,0.23264890909194946,-0.15256384015083313,4.325898170471191,-0.2795896530151367
568.2059936523438,0.0,0.0,0.0,1.0387208461761475,-0.004715949296951294,-0.12888063490390778,3.8100359439849854,0.4828573763370514
124.62999725341797,0.0,0.0,0.0,1.4149634838104248,0.8493685722351074,-0.5885828137397766,1.847257375717163,-0.558791995048523
857.573974609375,0.0,0.0,0.0,3.5857303142547607,-0.5398523807525635,0.10938747972249985,4.272768497467041,0.07976195961236954
524.7420043945312,0.0,0.0,0.0,1.3803092241287231,1.3410217761993408,-0.6238623261451721,2.4474704265594482,-0.5044111013412476
815.010009765625,0.0,0.0,0.0,2.0099425315856934,1.0752109289169312,-0.4585982859134674,2.314805746078491,-0.4008040130138397
491.7659912109375,0.0,0.0,0.0,-0.220220148563385,0.08331453800201416,0.015554123558104038,2.002981185913086,-0.680199384689331
293.7820129394531,0.0,0.0,0.0,1.6306061744689941,-0.8609259128570557,0.1025068461894989,1.8493831157684326,0.13551925122737885
158.57400512695312,0.0,0.0,0.0,1.2913308143615723,1.4115581512451172,-0.9390501976013184,2.646331310272217,-0.79659104347229
577.6420288085938,0.0,0.0,0.0,4.042898178100586,0.3062833547592163,-0.04178261384367943,4.524497985839844,-0.08239509165287018
649.7420043945312,0.0,0.0,0.0,2.5428452491760254,3.002875804901123,-0.33686521649360657,3.8855960369110107,0.10295302420854568
486.2139892578125,0.0,0.0,0.0,1.6987327337265015,-0.8577476739883423,0.7934757471084595,2.5889735221862793,0.8036301732063293
646.0180053710938,0.0,0.0,0.0,4.611260890960693,0.32023975253105164,-0.03793836012482643,4.842731475830078,-0.04011843353509903
358.8659973144531,0.0,0.0,0.0,3.64715838432312,-1.1204818487167358,0.07752956449985504,4.498423099517822,0.04600362852215767
224.02200317382812,0.0,0.0,0.0,3.173430919647217,-1.5491200685501099,0.3246653378009796,4.219449520111084,0.2989226281642914
548.9500122070312,0.0,0.0,0.0,3.521113395690918,1.9194177389144897,-0.24785394966602325,4.492861747741699,-0.10714413225650787
502.8139953613281,0.0,0.0,0.0,3.844982147216797,0.10672172904014587,0.003384326584637165,4.83840274810791,0.005528941284865141
532.281982421875,0.0,0.0,0.0,1.6736195087432861,-0.5716868042945862,0.8510997891426086,2.2133216857910156,0.9520195126533508
79.19400024414062,0.0,0.0,0.0,1.698692798614502,0.787437379360199,-0.4687823951244354,2.3843936920166016,-0.5545268058776855
808.3619995117188,0.0,0.0,0.0,3.867445707321167,1.3600742816925049,-0.4334384799003601,4.441816806793213,-0.22879715263843536
942.1339721679688,0.0,0.0,0.0,1.6707323789596558,3.0890793800354004,-0.6552984714508057,3.900123119354248,0.046726878732442856
379.98199462890625,0.0,0.0,0.0,2.624682664871216,-1.1950823068618774,0.2941981554031372,3.777876615524292,0.28737783432006836
655.7100219726562,0.0,0.0,0.0,1.6190876960754395,0.5046719312667847,-0.3788238763809204,1.5541443824768066,-0.29558998346328735
455.6780090332031,0.0,0.0,0.0,2.324408531188965,-2.1528983116149902,0.37818482518196106,2.6423871517181396,0.23144979774951935
287.51800537109375,0.0,0.0,0.0,3.7399396896362305,-1.4225000143051147,0.6327566504478455,3.632127046585083,0.5369873046875
100.73400115966797,0.0,0.0,0.0,2.9968059062957764,-0.9209601283073425,0.15367884933948517,4.057368278503418,0.1238165944814682
837.6420288085938,0.0,0.0,0.0,-0.16001355648040771,0.07209955155849457,-0.038308341056108475,2.8311023712158203,-0.39981284737586975
748.5419921875,0.0,0.0,0.0,-2.7145273685455322,-0.9681010246276855,1.1900111436843872,4.231806755065918,0.04185892641544342
827.5700073242188,0.0,0.0,0.0,3.819591760635376,-0.3443238437175751,0.28368428349494934,4.50667667388916,0.27544641494750977
692.3099975585938,0.0,0.0,0.0,1.0002628564834595,-0.023990141227841377,0.19394710659980774,3.853318691253662,-0.720918595790863
390.34600830078125,0.0,0.0,0.0,0.6601168513298035,0.009920050390064716,-0.08693048357963562,3.855792999267578,0.5432213544845581
656.8099975585938,0.0,0.0,0.0,1.4980049133300781,0.6685075759887695,-0.3706982731819153,1.8633372783660889,-0.3939321041107178
443.6099853515625,0.0,0.0,0.0,2.5144758224487305,-0.9809407591819763,0.23400743305683136,3.5820865631103516,0.26347753405570984
350.1059875488281,0.0,0.0,0.0,-0.6005123257637024,0.19894413650035858,-0.8288517594337463,1.718990683555603,0.3643285930156708
728.1060180664062,0.0,0.0,0.0,-0.8730942010879517,0.06378878653049469,-0.4296007454395294,3.0658035278320312,0.2781018912792206
412.70599365234375,0.0,0.0,0.0,2.760148286819458,-0.9343816637992859,0.23215246200561523,3.5052459239959717,0.19804634153842926
467.36199951171875,0.0,0.0,0.0,3.5442466735839844,-1.2031590938568115,0.12755829095840454,4.636688232421875,0.026995236054062843
64.70999908447266,0.0,0.0,0.0,2.473900079727173,2.369980573654175,-0.251861572265625,3.6906917095184326,0.0299964789301157
72.61000061035156,0.0,0.0,0.0,3.1714577674865723,-0.1813434660434723,-0.20611946284770966,2.8410964012145996,-0.20874439179897308
269.1059875488281,0.0,0.0,0.0,3.2600443363189697,-0.8787261843681335,0.35834988951683044,3.505699396133423,0.24278096854686737
881.3740234375,0.0,0.0,0.0,4.23399019241333,-1.227935552597046,0.11769223213195801,4.942825794219971,0.20766720175743103
726.8179931640625,0.0,0.0,0.0,-0.13396792113780975,1.8938698768615723,-1.1807645559310913,2.8030409812927246,-0.10303699970245361
256.91400146484375,0.0,0.0,0.0,-0.10065483301877975,1.5987069606781006,-1.2546674013137817,2.8804354667663574,-0.5595560073852539
245.58999633789062,0.0,0.0,0.0,3.6672585010528564,-1.9642927646636963,0.059523116797208786,4.386119365692139,-0.09471818804740906
72.25800323486328,0.0,0.0,0.0,3.200655698776245,-0.4889698028564453,-0.20425324141979218,2.9682343006134033,-0.203952357172966
698.8140258789062,0.0,0.0,0.0,2.395700693130493,0.9197606444358826,-0.3164685368537903,3.001260280609131,-0.31743428111076355
61.88600158691406,0.0,0.0,0.0,3.3920986652374268,1.2687366008758545,-0.4394555687904358,3.745215892791748,-0.4298703372478485
250.35400390625,0.0,0.0,0.0,2.6447081565856934,-1.9703315496444702,0.3643377125263214,3.201859951019287,0.13539747893810272
578.06201171875,0.0,0.0,0.0,4.060343265533447,0.33479559421539307,-0.010080698877573013,4.22331428527832,0.04982907325029373
931.197998046875,0.0,0.0,0.0,3.4865310192108154,0.24555836617946625,-0.12189383059740067,4.546316623687744,-0.13396528363227844
495.3580017089844,0.0,0.0,0.0,1.8143033981323242,1.2763478755950928,-0.6108601689338684,2.513507604598999,-0.41264158487319946
543.3300170898438,0.0,0.0,0.0,2.5551626682281494,0.9031031131744385,-0.32838088274002075,3.2135565280914307,-0.3046014904975891
184.61000061035156,0.0,0.0,0.0,-0.009432275779545307,-1.9877804517745972,1.3719085454940796,4.417788028717041,0.21295374631881714
850.8060302734375,0.0,0.0,0.0,0.11871374398469925,-0.034083928912878036,-0.1640893667936325,0.0,0.0
558.8900146484375,0.0,0.0,0.0,2.2325799465179443,2.5909066200256348,-0.35510575771331787,3.8869895935058594,-0.4284061789512634
401.2300109863281,0.0,0.0,0.0,-0.559361457824707,0.11085611581802368,0.04327534884214401,2.224825382232666,-0.8933714032173157
557.5499877929688,0.0,0.0,0.0,2.2495434284210205,2.5599403381347656,-0.3505326509475708,4.109370231628418,-0.3444036543369293
276.1860046386719,0.0,0.0,0.0,1.785979151725769,-0.4679424464702606,0.35140788555145264,2.2894442081451416,0.39237338304519653
181.75399780273438,0.0,0.0,0.0,1.868536114692688,0.023301417008042336,0.25251293182373047,2.8545877933502197,0.9310587048530579
73.06199645996094,0.0,0.0,0.0,3.0510683059692383,0.12785197794437408,-0.17069117724895477,2.796344518661499,-0.13326673209667206
404.1499938964844,0.0,0.0,0.0,1.5002681016921997,-0.17333632707595825,0.272855281829834,1.7946041822433472,0.3225967586040497
243.78599548339844,0.0,0.0,0.0,3.888921022415161,-1.3645684719085693,0.3721347451210022,4.089457035064697,0.3028365969657898
337.0580139160156,0.0,0.0,0.0,2.9907727241516113,-0.8979576826095581,0.17337161302566528,1.8507421016693115,0.2754379212856293
597.0460205078125,0.0,0.0,0.0,3.9461328983306885,1.0446606874465942,-0.020770791918039322,4.658590316772461,-0.01819806545972824
914.8380126953125,0.0,0.0,0.0,4.354970932006836,1.146484375,-0.043246790766716,4.872711658477783,-0.04553096368908882
372.03399658203125,0.0,0.0,0.0,1.08687162399292,-1.235140323638916,0.5747887492179871,1.6206955909729004,0.4441577196121216
601.281982421875,0.0,0.0,0.0,4.133724212646484,1.6658987998962402,-0.24444350600242615,4.58021879196167,-0.31444427371025085
765.677978515625,0.0,0.0,0.0,2.7098610401153564,-1.420849084854126,0.36258620023727417,3.456526041030884,0.30927351117134094
578.75,0.0,0.0,0.0,4.144297122955322,0.3035270869731903,-0.011198753491044044,4.172287464141846,0.08900409936904907
755.3660278320312,0.0,0.0,0.0,1.9143197536468506,0.07204226404428482,0.2129839062690735,3.180553913116455,0.6465555429458618
699.0700073242188,0.0,0.0,0.0,2.4384381771087646,0.9725432991981506,-0.3226800858974457,2.964804172515869,-0.3128089904785156
802.0339965820312,0.0,0.0,0.0,3.984156608581543,-1.8457262516021729,0.20361602306365967,4.664246082305908,0.16702856123447418
386.4259948730469,0.0,0.0,0.0,0.6393814086914062,1.935895323753357,-0.8014988899230957,2.731461524963379,-0.3542829155921936
197.6540069580078,0.0,0.0,0.0,2.4028844833374023,0.14082515239715576,-0.06695666909217834,3.412909507751465,-0.05424424633383751
113.58999633789062,0.0,0.0,0.0,1.8364447355270386,0.8278269171714783,-0.593968391418457,2.380419969558716,-0.5685505867004395
341.7659912109375,0.0,0.0,0.0,0.8415845036506653,-1.5490648746490479,0.8843964338302612,3.7891170978546143,-0.032900482416152954
347.3699951171875,0.0,0.0,0.0,1.3269964456558228,1.2719205617904663,-0.9178587198257446,2.1993398666381836,-0.7527384757995605
506.5899963378906,0.0,0.0,0.0,3.865210771560669,1.7666186094284058,-0.1542564034461975,4.660801887512207,-0.103126659989357
886.6179809570312,0.0,0.0,0.0,1.6576770544052124,-3.1148574352264404,0.8728231191635132,3.304511070251465,0.5126380920410156
494.6499938964844,0.0,0.0,0.0,1.767135500907898,0.8342335820198059,-0.6660616993904114,2.6032562255859375,-0.8077031970024109
870.7780151367188,0.0,0.0,0.0,1.9642876386642456,-0.9140920042991638,0.48843681812286377,2.771925687789917,0.5058497786521912
86.32599639892578,0.0,0.0,0.0,-0.45159637928009033,2.3953800201416016,-1.1282509565353394,2.9480133056640625,-0.6018194556236267
216.25399780273438,0.0,0.0,0.0,2.2570719718933105,-0.6205558180809021,0.07667690515518188,2.224613904953003,0.0867004469037056
892.8499755859375,0.0,0.0,0.0,0.145595520734787,0.03180848807096481,-0.04434839263558388,3.972450017929077,-0.2629310190677643
191.6739959716797,0.0,0.0,0.0,1.5974456071853638,2.08713436126709,-0.8118784427642822,3.875833034515381,-0.4567708969116211
828.2739868164062,0.0,0.0,0.0,3.91733980178833,-0.7784514427185059,0.1817040890455246,4.1960296630859375,0.1646542102098465
590.5780029296875,0.0,0.0,0.0,3.402536630630493,1.027255892753601,-0.23719970881938934,4.465856075286865,-0.2740602493286133
887.1740112304688,0.0,0.0,0.0,0.5944656133651733,-3.2973668575286865,0.9398525953292847,3.9063544273376465,0.44229939579963684
465.8139953613281,0.0,0.0,0.0,2.8950705528259277,-1.2464327812194824,0.27694886922836304,4.113433361053467,0.2081948071718216
446.6619873046875,0.0,0.0,0.0,3.9568355083465576,-0.8616548180580139,0.038964055478572845,4.689380645751953,0.04156099259853363
533.4140014648438,0.0,0.0,0.0,1.4773719310760498,-1.529557466506958,0.8759032487869263,3.2888622283935547,0.7736983299255371
77.81800079345703,0.0,0.0,0.0,1.4614008665084839,0.6541875600814819,-0.4193184971809387,1.808658480644226,-0.4254135489463806
272.2380065917969,0.0,0.0,0.0,2.616788864135742,-0.8596658706665039,0.06273307651281357,0.0,0.0
482.0260009765625,0.0,0.0,0.0,-0.3745526969432831,1.1102837324142456,-1.4144459962844849,3.5507445335388184,0.31415385007858276
280.41400146484375,0.0,0.0,0.0,3.356748104095459,-1.3645448684692383,0.14013253152370453,3.970813035964966,0.08633454144001007
298.9779968261719,0.0,0.0,0.0,3.4631030559539795,-0.9524050951004028,-0.02299702726304531,3.052704334259033,-0.2825826406478882
754.5419921875,0.0,0.0,0.0,1.0541249513626099,0.0959395170211792,-0.18885694444179535,3.0009090900421143,0.6125859022140503
935.1939697265625,0.0,0.0,0.0,3.7851192951202393,0.9911038279533386,-0.22105224430561066,3.779259204864502,-0.2493991106748581
816.406005859375,0.0,0.0,0.0,2.120695114135742,1.4475075006484985,-0.4771345257759094,3.4104220867156982,-0.3504880964756012
836.7620239257812,0.0,0.0,0.0,-0.6201158761978149,0.14547528326511383,0.0010945555986836553,3.028773069381714,-0.5115451216697693
698.3419799804688,0.0,0.0,0.0,2.3592348098754883,0.8057904243469238,-0.26077336072921753,2.6663596630096436,-0.26413846015930176
911.281982421875,0.0,0.0,0.0,3.759992837905884,1.4757415056228638,-0.18995386362075806,4.325722694396973,-0.18498539924621582
342.87799072265625,0.0,0.0,0.0,-0.2739456593990326,-1.0899100303649902,1.5048837661743164,3.63254976272583,-0.4823002219200134
684.4739990234375,0.0,0.0,0.0,1.8236068487167358,-3.2868974208831787,0.3928512632846832,3.676356315612793,0.4120982885360718
628.1220092773438,0.0,0.0,0.0,1.4355792999267578,0.2558918595314026,-0.13957107067108154,1.4860368967056274,-0.09745161235332489
354.510009765625,0.0,0.0,0.0,2.2865731716156006,-1.042777419090271,0.44269463419914246,2.9684977531433105,0.47660917043685913
181.2100067138672,0.0,0.0,0.0,1.3250523805618286,0.06862746924161911,-0.21113410592079163,3.435692310333252,0.8776911497116089
715.177978515625,0.0,0.0,0.0,3.6939311027526855,-1.909289002418518,0.22781524062156677,4.753047466278076,0.16430503129959106
319.19000244140625,0.0,0.0,0.0,2.943993330001831,0.3827267289161682,-0.08323851227760315,1.968449592590332,0.10943583399057388
769.7459716796875,0.0,0.0,0.0,1.0731412172317505,-2.438500165939331,0.6571232080459595,3.146610975265503,0.37056732177734375
941.2340087890625,0.0,0.0,0.0,2.6523406505584717,2.4872703552246094,-0.7552691102027893,3.8009445667266846,-0.4861721694469452
75.14600372314453,0.0,0.0,0.0,2.265986442565918,0.3412508964538574,-0.08150803297758102,1.9929362535476685,-0.021820250898599625
610.281982421875,0.0,0.0,0.0,1.8589509725570679,3.397946834564209,-0.42424479126930237,4.182710647583008,0.1275322139263153
79.4020004272461,0.0,0.0,0.0,1.764115810394287,0.8253777623176575,-0.45989030599594116,2.4253451824188232,-0.4204801321029663
483.9620056152344,0.0,0.0,0.0,0.2100583165884018,0.032270703464746475,-0.20187059044837952,2.2887184619903564,0.8154518008232117
659.8900146484375,0.0,0.0,0.0,2.039827823638916,0.8607100248336792,-0.26302576065063477,2.430145025253296,-0.30829861760139465
276.5140075683594,0.0,0.0,0.0,1.8822169303894043,-0.5707237124443054,0.38833174109458923,2.680850028991699,0.4764014184474945
646.5380249023438,0.0,0.0,0.0,4.631686687469482,0.359036386013031,-0.015234606340527534,4.783102512359619,-0.021406810730695724
380.20599365234375,0.0,0.0,0.0,2.723799705505371,-1.2344897985458374,0.2825965881347656,3.6668648719787598,0.24922974407672882
852.8619995117188,0.0,0.0,0.0,0.1779240518808365,-0.008495597168803215,0.038986947387456894,1.0490366220474243,0.01906769722700119
548.4019775390625,0.0,0.0,0.0,3.4338650703430176,1.8623805046081543,-0.2488771229982376,4.578003406524658,-0.262005478143692
430.50201416015625,0.0,0.0,0.0,-0.4643093943595886,0.11178305000066757,0.02581147290766239,2.532057285308838,-1.0235544443130493
78.95800018310547,0.0,0.0,0.0,1.6378487348556519,0.7587553262710571,-0.47069767117500305,2.3071439266204834,-0.48170459270477295
84.18599700927734,0.0,0.0,0.0,1.7868657112121582,2.660832166671753,-0.6117169260978699,3.0495715141296387,-0.5505735874176025
192.02200317382812,0.0,0.0,0.0,1.2654187679290771,2.2730743885040283,-0.8491846323013306,4.477423191070557,-0.38612380623817444
233.7100067138672,0.0,0.0,0.0,2.1745283603668213,-0.7564870715141296,0.3564012944698334,2.9134328365325928,0.37722906470298767
947.5700073242188,0.0,0.0,0.0,-0.4918265640735626,-0.0643739253282547,-0.0010634283535182476,4.25750732421875,-0.0832894816994667
363.19000244140625,0.0,0.0,0.0,3.7492029666900635,-1.2907134294509888,0.5450772643089294,3.169013500213623,0.46769481897354126
761.5139770507812,0.0,0.0,0.0,2.695676803588867,-0.9838163256645203,-0.03150587156414986,2.9715356826782227,-0.19246532022953033
110.0780029296875,0.0,0.0,0.0,-0.5420809388160706,0.15524865686893463,0.01734466850757599,3.2650253772735596,-0.4752644896507263
244.14199829101562,0.0,0.0,0.0,3.7606256008148193,-1.65883469581604,0.35665321350097656,4.205357074737549,0.350850909948349
870.3300170898438,0.0,0.0,0.0,1.846541404724121,-0.7830072045326233,0.4467514455318451,2.4712777137756348,0.4416327476501465
642.030029296875,0.0,0.0,0.0,4.171994686126709,0.6955164074897766,0.02150016278028488,4.767588138580322,-0.056531764566898346
780.4420166015625,0.0,0.0,0.0,-1.502968668937683,0.15480218827724457,-0.7713494896888733,3.1354050636291504,0.16885508596897125
883.85400390625,0.0,0.0,0.0,4.343085289001465,-1.131021499633789,0.07631366699934006,4.7374162673950195,0.011651173233985901
200.08599853515625,0.0,0.0,0.0,3.5382699966430664,0.3130115270614624,-0.03865973651409149,4.130537033081055,-0.020641081035137177
214.14199829101562,0.0,0.0,0.0,2.38832688331604,-0.7728595733642578,0.22442634403705597,2.7540860176086426,0.12440631538629532
412.3659973144531,0.0,0.0,0.0,2.685720682144165,-0.8618966341018677,0.24537259340286255,3.4335834980010986,0.256576269865036
820.4739990234375,0.0,0.0,0.0,2.3760769367218018,2.0499749183654785,-0.324173241853714,4.460549831390381,-0.06439661979675293
846.2739868164062,0.0,0.0,0.0,-1.1356370449066162,1.706138014793396,-1.4582291841506958,4.214047431945801,-0.04442109912633896
121.74600219726562,0.0,0.0,0.0,1.3476290702819824,0.6854123473167419,-0.5861673355102539,1.6054141521453857,-0.4910122752189636
291.093994140625,0.0,0.0,0.0,1.4509726762771606,-2.876370668411255,0.2545512020587921,2.0772995948791504,0.06287560611963272
384.95001220703125,0.0,0.0,0.0,1.5508978366851807,1.7826921939849854,-0.7768553495407104,2.023798942565918,-0.6242188215255737
754.9099731445312,0.0,0.0,0.0,1.4551973342895508,0.12805584073066711,-0.08534900099039078,3.2442007064819336,0.7398387789726257
529.3779907226562,0.0,0.0,0.0,-0.544377863407135,0.16951410472393036,-0.6190350651741028,3.3827197551727295,0.8018736243247986
377.1659851074219,0.0,0.0,0.0,1.7248324155807495,-0.9680097699165344,0.40745699405670166,1.90984308719635,0.27519363164901733
727.8099975585938,0.0,0.0,0.0,-0.9975621104240417,0.29546913504600525,-0.7474141716957092,3.141547441482544,0.16719980537891388
595.1220092773438,0.0,0.0,0.0,3.5271694660186768,1.332027554512024,-0.16994890570640564,4.176220417022705,-0.08668282628059387
863.2459716796875,0.0,0.0,0.0,3.0233263969421387,-0.25694313645362854,-0.03596985340118408,0.0,0.0
661.6060180664062,0.0,0.0,0.0,2.0436222553253174,0.7841241955757141,-0.20926295220851898,2.0149333477020264,-0.12756772339344025
553.3779907226562,0.0,0.0,0.0,2.76241397857666,2.8272554874420166,-0.3997229337692261,4.087339878082275,-0.14936088025569916
744.9340209960938,0.0,0.0,0.0,4.195223808288574,-1.6361379623413086,0.24093866348266602,4.602603435516357,0.17159678041934967
109.05400085449219,0.0,0.0,0.0,-1.109025239944458,0.16513001918792725,0.2861013114452362,3.6097981929779053,-0.12505406141281128
469.04998779296875,0.0,0.0,0.0,4.1484375,-0.7930676937103271,0.008166569285094738,4.669621467590332,0.07743461430072784
503.8179931640625,0.0,0.0,0.0,4.064257621765137,0.385353684425354,-0.18760903179645538,4.229022979736328,-0.32209694385528564
867.6420288085938,0.0,0.0,0.0,0.8382347822189331,-0.11193178594112396,0.11002635210752487,1.2072973251342773,0.187863290309906
597.677978515625,0.0,0.0,0.0,4.149920463562012,0.8578157424926758,-0.02995423786342144,4.419403553009033,-0.011908463202416897
346.80999755859375,0.0,0.0,0.0,1.4761444330215454,0.9207386374473572,-0.9068499803543091,2.2163186073303223,-0.9253968596458435
150.1219940185547,0.0,0.0,0.0,1.9421004056930542,-2.367462635040283,0.559059739112854,4.695549964904785,0.038346901535987854
251.3459930419922,0.0,0.0,0.0,2.5743088722229004,-1.6089829206466675,-0.0026572481729090214,2.678401470184326,-0.18271683156490326
742.0260009765625,0.0,0.0,0.0,4.392961502075195,-0.06284933537244797,0.017182517796754837,4.73940896987915,-0.0058174654841423035
604.3779907226562,0.0,0.0,0.0,3.1801538467407227,2.9615509510040283,-0.3145492970943451,4.483730316162109,-0.2152010053396225
936.9619750976562,0.0,0.0,0.0,3.6307265758514404,1.4663814306259155,-0.17479205131530762,4.275089263916016,-0.1390211433172226
806.8619995117188,0.0,0.0,0.0,4.182621479034424,-1.204095721244812,-0.23177701234817505,4.296998023986816,-0.32205986976623535
223.17799377441406,0.0,0.0,0.0,3.2199113368988037,-1.206033706665039,0.3729965090751648,3.9409968852996826,0.34332039952278137
85.95800018310547,0.0,0.0,0.0,0.23599101603031158,2.70493483543396,-0.7796005606651306,3.1046788692474365,-0.44119495153427124
735.3060302734375,0.0,0.0,0.0,2.5380492210388184,-0.961172342300415,0.1152840107679367,3.024449110031128,0.12830668687820435
193.8780059814453,0.0,0.0,0.0,-0.001046305987983942,1.4482084512710571,-0.0011228906223550439,0.0,0.0
389.1940002441406,0.0,0.0,0.0,-0.2105075865983963,-0.0022304332815110683,-0.08023464679718018,3.5730698108673096,0.40711700916290283
452.3699951171875,0.0,0.0,0.0,4.747245788574219,-0.41980603337287903,-0.009937155060470104,4.891657829284668,0.056274451315402985
899.906005859375,0.0,0.0,0.0,4.281459808349609,0.9040985703468323,-0.019652625545859337,4.4033522605896,-0.052945785224437714
918.6420288085938,0.0,0.0,0.0,4.083077430725098,-1.5851935148239136,0.3202435076236725,4.264577388763428,0.19756464660167694
558.3460083007812,0.0,0.0,0.0,2.2400870323181152,2.5712761878967285,-0.35038450360298157,4.267628192901611,-0.18411460518836975
132.58200073242188,0.0,0.0,0.0,1.0469282865524292,-1.9148813486099243,0.7801504135131836,2.437070846557617,0.09823227673768997
522.6339721679688,0.0,0.0,0.0,1.7627898454666138,1.1002507209777832,-0.5780400037765503,1.8277102708816528,-0.49909746646881104
329.7099914550781,0.0,0.0,0.0,4.085563659667969,0.977768063545227,-0.25089651346206665,4.571901321411133,-0.24230675399303436
637.281982421875,0.0,0.0,0.0,2.6896777153015137,1.170953392982483,-0.28589704632759094,4.018154621124268,-0.3073880076408386
160.30599975585938,0.0,0.0,0.0,-0.4446848928928375,1.1787725687026978,-1.5537527799606323,4.173572540283203,-0.2732553482055664
287.00201416015625,0.0,0.0,0.0,4.217397689819336,-0.40283337235450745,0.48188260197639465,3.4386186599731445,0.5004011392593384
947.8460083007812,0.0,0.0,0.0,-0.34734031558036804,-0.0392184741795063,-0.04494496434926987,3.6463356018066406,-0.162190780043602
553.6300048828125,0.0,0.0,0.0,2.6649653911590576,2.825664520263672,-0.3059353530406952,4.2696614265441895,-0.1676199585199356
54.45399856567383,0.0,0.0,0.0,-0.001932417624630034,0.000536944018676877,5.486185182235204e-05,0.0,0.0
755.9500122070312,0.0,0.0,0.0,2.359959602355957,-0.36022835969924927,0.5388094782829285,3.3539490699768066,0.6949267983436584
574.0460205078125,0.0,0.0,0.0,3.216169834136963,-2.236217737197876,0.15526264905929565,4.280324935913086,-0.1155158281326294
343.9779968261719,0.0,0.0,0.0,-0.3017498254776001,-0.07807868719100952,0.41973191499710083,2.8171300888061523,-0.8928811550140381
687.0339965820312,0.0,0.0,0.0,0.559532642364502,-2.7944538593292236,0.5542925000190735,4.3907694816589355,0.2840203046798706
868.7459716796875,0.0,0.0,0.0,1.395580530166626,-0.31382256746292114,0.31330257654190063,1.840478539466858,0.35675856471061707
317.0820007324219,0.0,0.0,0.0,2.5467875003814697,-2.5155303478240967,0.07350480556488037,3.4100687503814697,-0.34853529930114746
626.6099853515625,0.0,0.0,0.0,1.2200915813446045,0.03702534735202789,-0.1062011867761612,1.6108382940292358,-0.17923472821712494
67.43399810791016,0.0,0.0,0.0,2.3645637035369873,-1.35715913772583,0.5318830013275146,3.418527841567993,0.515522301197052
66.4020004272461,0.0,0.0,0.0,2.755202054977417,-0.24867354333400726,0.7300384044647217,2.728442907333374,0.6126829981803894
750.3300170898438,0.0,0.0,0.0,-1.6277459859848022,0.7866300344467163,0.12891842424869537,4.347225666046143,-0.07740925252437592
474.22601318359375,0.0,0.0,0.0,3.4381020069122314,1.7964051961898804,-0.49011287093162537,3.405913829803467,-0.47000357508659363
370.4419860839844,0.0,0.0,0.0,1.4519563913345337,-1.614287257194519,0.4967494308948517,1.8262066841125488,0.40374207496643066
682.3699951171875,0.0,0.0,0.0,2.7188503742218018,-2.945594549179077,0.4184543788433075,3.7867720127105713,0.3308649957180023
139.1179962158203,0.0,0.0,0.0,2.2240188121795654,-0.4895187318325043,0.2925124168395996,2.8201310634613037,0.3011898994445801
60.577999114990234,0.0,0.0,0.0,3.2822813987731934,0.792732834815979,-0.10671350359916687,4.191272258758545,-0.12561780214309692
534.4340209960938,0.0,0.0,0.0,0.6762372851371765,-1.8506501913070679,0.9938831925392151,2.254141092300415,0.15289822220802307
806.7100219726562,0.0,0.0,0.0,4.1321492195129395,-1.4191428422927856,-0.17195965349674225,4.263357639312744,-0.29869380593299866
865.06201171875,0.0,0.0,0.0,1.7871099710464478,-0.16489608585834503,-0.0026439668145030737,0.0,0.0
671.010009765625,0.0,0.0,0.0,2.999213933944702,0.535597026348114,-0.17286188900470734,3.5947656631469727,-0.17976118624210358
864.3380126953125,0.0,0.0,0.0,2.287242889404297,-0.20131425559520721,-0.0023875406477600336,0.0,0.0
905.2100219726562,0.0,0.0,0.0,2.4067578315734863,0.7210551500320435,-0.4159962236881256,2.2595267295837402,-0.40572652220726013
161.6580047607422,0.0,0.0,0.0,-0.24833077192306519,0.008642531000077724,-0.22426562011241913,4.022489070892334,0.4622301161289215
946.177978515625,0.0,0.0,0.0,-1.1495997905731201,-0.3016887605190277,-0.0849284678697586,3.3791842460632324,0.6872188448905945
639.6019897460938,0.0,0.0,0.0,3.535409450531006,1.1818443536758423,-0.11100862920284271,4.726507663726807,-0.052408404648303986
209.70599365234375,0.0,0.0,0.0,1.1357567310333252,-0.020130692049860954,-0.12426844984292984,1.3513613939285278,-0.13723963499069214
911.2020263671875,0.0,0.0,0.0,3.752397060394287,1.462978482246399,-0.1986526995897293,4.524008750915527,-0.14347466826438904
445.80999755859375,0.0,0.0,0.0,3.6437559127807617,-1.0179846286773682,0.08442001044750214,4.25530481338501,0.12579141557216644
585.4819946289062,0.0,0.0,0.0,-0.5727385878562927,0.08149974793195724,0.10351788997650146,3.168735980987549,-0.6552262306213379
107.94999694824219,0.0,0.0,0.0,-1.1893543004989624,-1.345984697341919,1.3595811128616333,2.936716079711914,0.3077361583709717
906.14599609375,0.0,0.0,0.0,2.2731056213378906,1.1557475328445435,-0.43664437532424927,2.740596055984497,-0.39443454146385193
751.2739868164062,0.0,0.0,0.0,-1.122941255569458,0.4339335262775421,0.023816879838705063,4.042618751525879,-0.11961139738559723
607.6380004882812,0.0,0.0,0.0,3.163456916809082,2.66564679145813,-0.2866095304489136,4.558690547943115,-0.39052826166152954
330.614013671875,0.0,0.0,0.0,4.055239677429199,1.313939094543457,-0.15467017889022827,4.8401899337768555,0.06333329528570175
953.2739868164062,0.0,0.0,0.0,3.7405500411987305,1.159826636314392,-0.2424507737159729,4.735211372375488,-0.2187492400407791
393.7300109863281,0.0,0.0,0.0,2.740229368209839,-1.722440481185913,0.5367051362991333,4.356671333312988,0.35558271408081055
919.2739868164062,0.0,0.0,0.0,3.956885576248169,-1.82184898853302,0.2490963637828827,4.7661919593811035,0.12520991265773773
143.61000061035156,0.0,0.0,0.0,2.2409653663635254,-0.5241410732269287,0.06487666070461273,2.1042323112487793,0.07470367848873138
732.1420288085938,0.0,0.0,0.0,2.41994047164917,-0.49459099769592285,0.4769212305545807,3.5857362747192383,0.5217559933662415
915.7059936523438,0.0,0.0,0.0,4.467805862426758,1.001547932624817,-0.0267561636865139,4.850426197052002,-0.05210104212164879
475.7460021972656,0.0,0.0,0.0,1.981698989868164,2.7156834602355957,-0.49050718545913696,3.3754451274871826,-0.35283491015434265
655.8060302734375,0.0,0.0,0.0,1.583542823791504,0.5248944759368896,-0.3857802748680115,1.7874916791915894,-0.3679856061935425
504.7900085449219,0.0,0.0,0.0,3.9813132286071777,1.2286039590835571,-0.3025723993778229,4.135118007659912,-0.1907709836959839
442.0220031738281,0.0,0.0,0.0,1.6135532855987549,-1.0020216703414917,0.382948637008667,2.388315200805664,0.30703818798065186
211.53799438476562,0.0,0.0,0.0,1.5630900859832764,-0.11247410625219345,0.1559644490480423,2.076585531234741,0.21697010099887848
626.3140258789062,0.0,0.0,0.0,0.9557551145553589,0.022379642352461815,0.06309015303850174,1.7226144075393677,-0.18539762496948242
389.6499938964844,0.0,0.0,0.0,0.08792462199926376,-0.012672881595790386,-0.09488822519779205,3.61195969581604,0.544792890548706
71.11399841308594,0.0,0.0,0.0,2.7952308654785156,-1.6208523511886597,0.060011208057403564,3.732240915298462,-0.1923115849494934
948.2620239257812,0.0,0.0,0.0,-0.11762814968824387,-0.009451384656131268,0.01523679867386818,3.6585752964019775,-0.15826399624347687
605.9500122070312,0.0,0.0,0.0,3.0014562606811523,3.067005157470703,-0.18862095475196838,4.68899393081665,-0.003047960577532649
943.1740112304688,0.0,0.0,0.0,0.1930062621831894,3.1207919120788574,-0.991276741027832,4.220993518829346,0.3728235960006714
294.98199462890625,0.0,0.0,0.0,1.9760533571243286,-0.6648924946784973,0.2679304778575897,2.5827765464782715,0.2885492742061615
778.6099853515625,0.0,0.0,0.0,1.134966492652893,2.65792179107666,-0.802936315536499,4.2693634033203125,-0.3145800828933716
716.5419921875,0.0,0.0,0.0,3.871973752975464,-1.7123368978500366,0.08346393704414368,4.728061199188232,0.010507846251130104
635.5700073242188,0.0,0.0,0.0,2.0257089138031006,0.6733866333961487,-0.4030664265155792,3.0233404636383057,-0.44113999605178833
347.5260009765625,0.0,0.0,0.0,1.2687376737594604,1.3468258380889893,-0.8580719232559204,2.43925142288208,-0.9048304557800293
269.406005859375,0.0,0.0,0.0,3.1785190105438232,-1.0553580522537231,0.30841967463493347,3.689030885696411,0.2648228406906128
678.77001953125,0.0,0.0,0.0,4.190604209899902,-1.7658214569091797,0.18882852792739868,4.5181169509887695,0.2243947982788086
780.9580078125,0.0,0.0,0.0,-1.2032153606414795,-0.21991148591041565,-0.3462681472301483,2.3452727794647217,0.24787840247154236
171.1540069580078,0.0,0.0,0.0,-0.9271106719970703,0.2196309119462967,0.15991318225860596,2.616699457168579,-1.0159177780151367
292.12200927734375,0.0,0.0,0.0,1.6025676727294922,-2.1636624336242676,0.0807933434844017,2.0203263759613037,0.030871346592903137
132.1540069580078,0.0,0.0,0.0,1.286769151687622,-1.8574965000152588,0.7335544228553772,2.9632298946380615,0.6229960918426514
350.75799560546875,0.0,0.0,0.0,-0.2631227970123291,-0.042813822627067566,-0.25413650274276733,1.8014365434646606,0.34726032614707947
264.3380126953125,0.0,0.0,0.0,3.306251287460327,-0.8138154149055481,-0.068909652531147,4.000446319580078,-0.14299559593200684
588.75,0.0,0.0,0.0,2.332103729248047,0.1355278044939041,-0.24277463555335999,3.947115898132324,-0.45191067457199097
195.41799926757812,0.0,0.0,0.0,0.19776411354541779,0.19455216825008392,0.03183828666806221,1.2589111328125,-0.008359597064554691
268.7460021972656,0.0,0.0,0.0,3.3553192615509033,-0.5641257166862488,0.37013694643974304,3.5884127616882324,0.2984826862812042
905.0380249023438,0.0,0.0,0.0,2.4791531562805176,0.6200276017189026,-0.4338262975215912,2.2934834957122803,-0.39642852544784546
105.75399780273438,0.0,0.0,0.0,1.564265489578247,-2.5042662620544434,0.6611047983169556,2.666060209274292,0.4688492715358734
922.4180297851562,0.0,0.0,0.0,-0.9240818023681641,-3.0504443645477295,1.2697783708572388,4.084408760070801,0.1827767789363861
581.614013671875,0.0,0.0,0.0,2.1521809101104736,-1.7493702173233032,0.9074373245239258,2.1851646900177,0.7139994502067566
913.7219848632812,0.0,0.0,0.0,4.156381607055664,1.3068100214004517,-0.06687549501657486,4.918731689453125,-0.005368600133806467
58.854000091552734,0.0,0.0,0.0,2.5480926036834717,0.3725709319114685,-0.18408311903476715,3.422968626022339,-0.2257707566022873
355.8139953613281,0.0,0.0,0.0,2.482057809829712,-1.34022855758667,0.3451199531555176,3.3358681201934814,0.3805720806121826
904.906005859375,0.0,0.0,0.0,2.5409228801727295,0.5392037630081177,-0.3529934585094452,2.1785998344421387,-0.3348175287246704
905.64599609375,0.0,0.0,0.0,2.3014490604400635,0.9567362070083618,-0.48731639981269836,2.5005791187286377,-0.3911571502685547
917.885986328125,0.0,0.0,0.0,4.347090244293213,-0.7450489401817322,0.4117755591869354,4.394384384155273,0.37352725863456726
854.906005859375,0.0,0.0,0.0,2.263037919998169,-0.1905057281255722,0.13367491960525513,3.1610512733459473,0.20488889515399933
547.8099975585938,0.0,0.0,0.0,3.319554567337036,1.8024650812149048,-0.25928929448127747,4.629432678222656,-0.22879546880722046
872.4459838867188,0.0,0.0,0.0,2.5419838428497314,-1.3531763553619385,0.35211610794067383,4.149901866912842,0.32353776693344116
421.70599365234375,0.0,0.0,0.0,2.626955032348633,-2.444661855697632,0.41277119517326355,3.4447178840637207,0.2646481990814209
186.23399353027344,0.0,0.0,0.0,-0.8157665133476257,0.12053508311510086,0.2851525843143463,3.1747474670410156,-0.6394592523574829
775.8099975585938,0.0,0.0,0.0,2.1521682739257812,0.13701847195625305,-0.46489718556404114,3.2719194889068604,-0.7971319556236267
223.78599548339844,0.0,0.0,0.0,3.181840419769287,-1.4934360980987549,0.3221917748451233,4.019811153411865,0.31585922837257385
473.8219909667969,0.0,0.0,0.0,3.8139169216156006,1.476728081703186,-0.2899947762489319,3.412106513977051,-0.45115992426872253
616.177978515625,0.0,0.0,0.0,-0.43675586581230164,-0.15410637855529785,0.005224217195063829,3.0008745193481445,0.7957213521003723
610.0819702148438,0.0,0.0,0.0,1.9727568626403809,3.3634135723114014,-0.41817766427993774,4.515465259552002,0.02302798628807068
311.9540100097656,0.0,0.0,0.0,2.351278066635132,-1.660465955734253,0.44732916355133057,3.916198968887329,0.22855205833911896
463.2460021972656,0.0,0.0,0.0,1.940524697303772,-0.6359966993331909,0.3571185767650604,2.608934164047241,0.3790377378463745
950.8419799804688,0.0,0.0,0.0,2.2264351844787598,-0.05734024941921234,0.03590305522084236,4.617626667022705,-0.3830772638320923
853.4739990234375,0.0,0.0,0.0,0.9160181879997253,-0.014665677212178707,0.006385486107319593,2.04718017578125,0.07966183125972748
700.3660278320312,0.0,0.0,0.0,2.7902894020080566,1.2234618663787842,-0.2611798048019409,3.880070447921753,-0.216151162981987
498.37799072265625,0.0,0.0,0.0,1.5491609573364258,0.6129109263420105,-0.3503272533416748,1.9260296821594238,-0.3283950090408325
476.2619934082031,0.0,0.0,0.0,1.7512786388397217,2.77360463142395,-0.41873297095298767,3.1634223461151123,-0.19359463453292847
368.50201416015625,0.0,0.0,0.0,2.9633281230926514,-0.8588546514511108,0.5318565368652344,2.7679283618927,0.5332821011543274
560.5059814453125,0.0,0.0,0.0,1.5404720306396484,2.840409994125366,-0.5146242380142212,3.0769364833831787,-0.3360341787338257
933.5020141601562,0.0,0.0,0.0,4.095738410949707,0.7077084183692932,-0.07545223087072372,4.274630546569824,-0.05145110934972763
401.7179870605469,0.0,0.0,0.0,-0.27712082862854004,0.04626281186938286,0.04538784548640251,2.0120673179626465,-0.6179723143577576
414.6180114746094,0.0,0.0,0.0,3.42682147026062,-1.0595251321792603,0.10816170275211334,4.271653652191162,0.09775204211473465
271.35400390625,0.0,0.0,0.0,2.911707878112793,-1.0757851600646973,0.13874775171279907,3.079397201538086,0.09658239036798477
550.4099731445312,0.0,0.0,0.0,3.7473130226135254,1.8585673570632935,-0.19650454819202423,4.922428131103516,-0.22226282954216003
612.989990234375,0.0,0.0,0.0,-1.815494179725647,1.5504579544067383,-1.1429263353347778,3.683403491973877,0.17176640033721924
733.22998046875,0.0,0.0,0.0,2.528791904449463,-1.1939696073532104,0.35836803913116455,3.083249807357788,0.31733614206314087
548.5020141601562,0.0,0.0,0.0,3.446995735168457,1.886994481086731,-0.2800811231136322,4.402583599090576,-0.1051001027226448
462.8580017089844,0.0,0.0,0.0,1.8546831607818604,-0.5094694495201111,0.3539227247238159,2.2818551063537598,0.3579510450363159
79.48200225830078,0.0,0.0,0.0,1.7890217304229736,0.8392099738121033,-0.45597538352012634,2.623797655105591,-0.4775841236114502
565.302001953125,0.0,0.0,0.0,-0.9083046317100525,-0.17169496417045593,-0.12025100737810135,2.865617513656616,0.311093807220459
383.5140075683594,0.0,0.0,0.0,2.716890335083008,0.8572879433631897,-0.7316439151763916,2.173229932785034,-0.5212591290473938
351.5220031738281,0.0,0.0,0.0,0.2977590560913086,-0.05594566464424133,-0.10719173401594162,2.284046173095703,0.3594556748867035
158.74600219726562,0.0,0.0,0.0,1.2218263149261475,1.4964083433151245,-0.8669671416282654,2.8142521381378174,-0.7617983818054199
623.9860229492188,0.0,0.0,0.0,-0.8581598997116089,0.2137080281972885,0.21170251071453094,2.63232159614563,-0.8355177640914917
694.8619995117188,0.0,0.0,0.0,2.973557949066162,0.8708561658859253,-0.30586645007133484,3.375145435333252,-0.3631146550178528
276.37799072265625,0.0,0.0,0.0,1.8386237621307373,-0.5236680507659912,0.37359797954559326,2.3522236347198486,0.3787599802017212
224.24200439453125,0.0,0.0,0.0,3.1956939697265625,-1.6019827127456665,0.31638211011886597,4.270263195037842,0.27890822291374207
576.7899780273438,0.0,0.0,0.0,4.028467178344727,0.07667587697505951,-0.10784824192523956,4.190339088439941,-0.0501050166785717
390.1340026855469,0.0,0.0,0.0,0.4658692479133606,-0.006206737365573645,-0.1062573790550232,3.6302406787872314,0.5475530028343201
181.99400329589844,0.0,0.0,0.0,2.021420955657959,-0.1813974231481552,0.6310863494873047,3.142756938934326,1.0728003978729248
588.5059814453125,0.0,0.0,0.0,2.062150001525879,0.01055124681442976,-0.20813000202178955,3.9174797534942627,-0.5903556942939758
361.3500061035156,0.0,0.0,0.0,4.251437664031982,-0.6231299638748169,-0.013021152466535568,4.525096416473389,-0.03348216786980629
546.8140258789062,0.0,0.0,0.0,3.146192789077759,1.6806801557540894,-0.3184463679790497,4.413398742675781,-0.3341982364654541
869.06201171875,0.0,0.0,0.0,1.5274747610092163,-0.4083836078643799,0.36667242646217346,1.8405159711837769,0.3393689692020416
155.5540008544922,0.0,0.0,0.0,0.20753349363803864,0.021868109703063965,0.06891141086816788,2.122178792953491,-0.9090672731399536
394.9100036621094,0.0,0.0,0.0,2.3990252017974854,-2.4388790130615234,0.48146262764930725,4.364251613616943,0.1057504266500473
300.7820129394531,0.0,0.0,0.0,2.2235963344573975,1.3006502389907837,-0.6092184782028198,2.4480881690979004,-0.3203345239162445
646.1259765625,0.0,0.0,0.0,4.618495941162109,0.3400050103664398,-0.06260180473327637,5.153054237365723,-0.006117840763181448
784.7420043945312,0.0,0.0,0.0,1.4452253580093384,-0.19014528393745422,0.15335306525230408,1.5730053186416626,0.10625996440649033
333.8819885253906,0.0,0.0,0.0,3.9898858070373535,-1.3316247463226318,0.18366752564907074,4.4305315017700195,0.18034875392913818
674.0180053710938,0.0,0.0,0.0,4.045708179473877,0.5582053065299988,-0.052662257105112076,4.720054626464844,-0.04416919872164726
119.53399658203125,0.0,0.0,0.0,0.42614275217056274,0.1469074934720993,-0.2440667748451233,1.8122354745864868,-0.43985772132873535
922.7940063476562,0.0,0.0,0.0,-2.016916513442993,-1.975174069404602,1.3563817739486694,4.322422027587891,0.08841905742883682
573.56201171875,0.0,0.0,0.0,3.083725690841675,-2.31571888923645,0.24834227561950684,4.833062648773193,-0.10355006903409958
852.1420288085938,0.0,0.0,0.0,-0.0020744476933032274,-0.0006205899990163743,0.0008389919530600309,0.0,0.0
213.91400146484375,0.0,0.0,0.0,2.3698537349700928,-0.7286512851715088,0.24195021390914917,2.810433864593506,0.16887439787387848
329.2820129394531,0.0,0.0,0.0,4.090287685394287,0.6075847744941711,-0.33987873792648315,4.684074401855469,-0.2647690773010254
375.43798828125,0.0,0.0,0.0,2.201141834259033,-0.7192289233207703,0.37925687432289124,1.9678308963775635,0.3529972434043884
733.5380249023438,0.0,0.0,0.0,2.4899938106536865,-1.2490406036376953,0.3132990896701813,2.6458287239074707,0.1864289492368698
192.45799255371094,0.0,0.0,0.0,0.710917055606842,2.343641757965088,-0.9593366980552673,0.0,0.0
396.3179931640625,0.0,0.0,0.0,1.8316608667373657,-2.759678363800049,0.45971056818962097,4.086332321166992,-0.1926039606332779
730.1859741210938,0.0,0.0,0.0,0.5116916298866272,-0.05874995142221451,-0.08306412398815155,3.186049222946167,0.6267761588096619
788.1099853515625,0.0,0.0,0.0,1.8133646249771118,-0.5722663998603821,0.3372657597064972,2.393927574157715,0.3404046297073364
629.302001953125,0.0,0.0,0.0,0.851301372051239,0.20978915691375732,-0.05392121896147728,0.0,0.0
401.4259948730469,0.0,0.0,0.0,-0.44784650206565857,0.07810520380735397,0.07730559259653091,1.8839302062988281,-0.622113823890686
904.4459838867188,0.0,0.0,0.0,2.776461601257324,0.33086663484573364,-0.16548500955104828,2.249835729598999,-0.2312236726284027
219.1739959716797,0.0,0.0,0.0,2.3399600982666016,-0.4150981307029724,0.11619466543197632,3.021657705307007,0.09553802013397217
424.35400390625,0.0,0.0,0.0,1.962368130683899,-2.7310097217559814,0.3584195673465729,4.225823879241943,0.11077345162630081
155.83799743652344,0.0,0.0,0.0,0.4975767731666565,-0.011100697331130505,0.22222086787223816,2.163405418395996,-0.8956945538520813
480.8179931640625,0.0,0.0,0.0,0.6889175772666931,1.8756861686706543,-0.7499924898147583,3.233304023742676,0.02365300804376602
688.8419799804688,0.0,0.0,0.0,-1.3013275861740112,-0.3994382619857788,0.7272127866744995,4.176912784576416,-0.26776477694511414
169.68600463867188,0.0,0.0,0.0,-1.5303744077682495,-1.0373724699020386,1.304567813873291,3.7043204307556152,-0.6553722620010376
481.80999755859375,0.0,0.0,0.0,-0.16100922226905823,1.3521164655685425,-1.3359326124191284,3.573338270187378,0.22897745668888092
368.9540100097656,0.0,0.0,0.0,2.5570602416992188,-1.3599448204040527,0.6259801387786865,2.5349414348602295,0.49236440658569336
450.8819885253906,0.0,0.0,0.0,4.689192771911621,-0.493246853351593,-0.015311349183321,4.784637928009033,0.04118829593062401
132.0500030517578,0.0,0.0,0.0,1.3384429216384888,-1.827599048614502,0.7339456677436829,2.690086603164673,0.5648955702781677
870.22998046875,0.0,0.0,0.0,1.8216885328292847,-0.7628922462463379,0.4128429889678955,2.483198642730713,0.4575469493865967
595.3779907226562,0.0,0.0,0.0,3.5668582916259766,1.320693850517273,-0.15309609472751617,4.2928619384765625,-0.07368277758359909
801.8140258789062,0.0,0.0,0.0,3.982966899871826,-1.8517210483551025,0.16212616860866547,4.70717191696167,0.2761234641075134
646.3660278320312,0.0,0.0,0.0,4.621817588806152,0.34688326716423035,-0.03580573946237564,5.06108283996582,-0.0031586862169206142
377.510009765625,0.0,0.0,0.0,1.7303396463394165,-0.9285745024681091,0.349590003490448,2.4094865322113037,0.3993324041366577
512.8140258789062,0.0,0.0,0.0,-0.7354736328125,-0.2027391791343689,-0.007110528647899628,2.810157299041748,-0.14952296018600464
274.1820068359375,0.0,0.0,0.0,1.1220476627349854,-0.2431127429008484,0.073947474360466,1.1614197492599487,0.09162861108779907
231.1540069580078,0.0,0.0,0.0,2.1565799713134766,-0.43269139528274536,0.002838631859049201,1.750006914138794,0.033833205699920654
607.2780151367188,0.0,0.0,0.0,3.209031105041504,2.706866502761841,-0.1988798826932907,4.242496490478516,-0.26967498660087585
693.3300170898438,0.0,0.0,0.0,2.1553955078125,-0.1601884812116623,0.003358268877491355,3.9392476081848145,-0.4597662091255188
475.1579895019531,0.0,0.0,0.0,2.4000306129455566,2.534334659576416,-0.57242751121521,3.2772858142852783,-0.3018324077129364
123.41400146484375,0.0,0.0,0.0,1.3021222352981567,0.822793185710907,-0.5148595571517944,1.6949304342269897,-0.4924824833869934
308.1780090332031,0.0,0.0,0.0,2.2218992710113525,-0.8122193217277527,0.26232844591140747,2.1964635848999023,0.3841632306575775
77.4739990234375,0.0,0.0,0.0,1.4604796171188354,0.603369414806366,-0.45257842540740967,1.7931512594223022,-0.4265395402908325
871.6380004882812,0.0,0.0,0.0,2.242007255554199,-1.1424700021743774,0.4029087424278259,3.461059331893921,0.39525657892227173
459.36199951171875,0.0,0.0,0.0,1.7925158739089966,-0.5733930468559265,0.12601621448993683,1.7641921043395996,0.07135672867298126
162.13800048828125,0.0,0.0,0.0,0.10693062096834183,-0.007853500545024872,-0.056306298822164536,3.513277769088745,0.5279907584190369
668.3419799804688,0.0,0.0,0.0,2.510016918182373,-0.1636626422405243,0.04175669699907303,2.2381632328033447,0.03468789905309677
237.41799926757812,0.0,0.0,0.0,3.3382413387298584,-1.1128745079040527,0.1091785877943039,3.693892002105713,0.0792732909321785
621.197998046875,0.0,0.0,0.0,1.2699249982833862,-2.4129817485809326,0.8484455943107605,4.133513450622559,0.32190918922424316
430.70599365234375,0.0,0.0,0.0,-0.34660547971725464,0.08973539620637894,0.018169542774558067,2.305393695831299,-0.9326919317245483
719.218017578125,0.0,0.0,0.0,4.2474365234375,-0.5840246081352234,-0.06710074841976166,4.298171043395996,-0.03183108568191528
166.93800354003906,0.0,0.0,0.0,2.1993327140808105,-2.4960365295410156,0.5884674787521362,4.623096466064453,0.21410630643367767
566.166015625,0.0,0.0,0.0,-0.48221832513809204,-0.10436846315860748,0.0071524567902088165,3.3082501888275146,0.3538898825645447
488.7139892578125,0.0,0.0,0.0,0.6053171157836914,-1.9804118871688843,0.9866065382957458,2.7354910373687744,-0.2517763078212738
748.2979736328125,0.0,0.0,0.0,-2.367276430130005,-1.9517868757247925,1.388338565826416,4.102717399597168,0.2844015955924988
58.981998443603516,0.0,0.0,0.0,2.620695114135742,0.42227494716644287,-0.23979903757572174,3.6053731441497803,-0.24152909219264984
153.48199462890625,0.0,0.0,0.0,-1.1327677965164185,0.006989250425249338,0.506000816822052,2.6239447593688965,-0.9451342821121216
560.6099853515625,0.0,0.0,0.0,1.4848750829696655,2.8511106967926025,-0.5116182565689087,2.9057130813598633,-0.3349625766277313
284.6180114746094,0.0,0.0,0.0,4.378346920013428,0.2503397464752197,-0.1334492415189743,4.5962724685668945,-0.019181184470653534
941.9660034179688,0.0,0.0,0.0,1.847273826599121,3.0204384326934814,-0.6577946543693542,3.8744454383850098,-0.05978424847126007
463.8699951171875,0.0,0.0,0.0,2.1343672275543213,-0.8255806565284729,0.36302995681762695,3.0117862224578857,0.4780760109424591
532.4140014648438,0.0,0.0,0.0,1.6724958419799805,-0.7172195315361023,0.8780814409255981,2.696826219558716,1.0962481498718262
105.12999725341797,0.0,0.0,0.0,2.2630505561828613,-2.1413097381591797,0.7481976747512817,2.771115303039551,0.5748977661132812
462.9939880371094,0.0,0.0,0.0,1.8809641599655151,-0.5506041049957275,0.3618512451648712,2.4037411212921143,0.37264367938041687
884.1619873046875,0.0,0.0,0.0,4.357985019683838,-1.0940940380096436,0.06812657415866852,4.8565993309021,0.12194087356328964
642.8099975585938,0.0,0.0,0.0,4.3108391761779785,0.47395071387290955,0.029815824702382088,4.722674369812012,0.006254998967051506
641.0139770507812,0.0,0.0,0.0,3.9459543228149414,0.9631378054618835,-0.0616031214594841,4.795330047607422,-0.015484028495848179
402.2900085449219,0.0,0.0,0.0,0.13638699054718018,0.002361419377848506,0.0360393300652504,1.9068912267684937,-0.33440399169921875
505.3819885253906,0.0,0.0,0.0,3.8927578926086426,1.578338623046875,-0.2858979403972626,4.602752685546875,-0.18108834326267242
361.5820007324219,0.0,0.0,0.0,4.230119228363037,-0.5134643912315369,-0.10272786021232605,4.567536354064941,-0.019442828372120857
882.1900024414062,0.0,0.0,0.0,4.2574872970581055,-1.271943211555481,0.134924978017807,4.578874588012695,0.11782538145780563
500.1659851074219,0.0,0.0,0.0,2.6089439392089844,0.511300802230835,-0.08376597613096237,3.5955352783203125,-0.02164999395608902
818.322021484375,0.0,0.0,0.0,2.2375664710998535,1.9677948951721191,-0.3903076648712158,4.366711139678955,-0.0010399133898317814
502.6059875488281,0.0,0.0,0.0,3.779669761657715,0.11719053238630295,-0.005329516716301441,4.7655134201049805,0.03974226862192154
781.8099975585938,0.0,0.0,0.0,-0.6775159239768982,-0.21854102611541748,-0.0522286593914032,1.5847924947738647,0.12821324169635773
341.2139892578125,0.0,0.0,0.0,1.076384425163269,-1.5106549263000488,0.7199196815490723,3.311811685562134,0.24891692399978638
84.8499984741211,0.0,0.0,0.0,1.2957967519760132,2.838524341583252,-0.5985882878303528,3.2982122898101807,-0.48642829060554504
387.114013671875,0.0,0.0,0.0,-0.10038568824529648,1.6026926040649414,-1.2238891124725342,3.32197642326355,-0.15940015017986298
601.510009765625,0.0,0.0,0.0,4.077391624450684,1.774760127067566,-0.2739514112472534,4.718851566314697,-0.38600462675094604
230.23399353027344,0.0,0.0,0.0,2.619541645050049,-0.6232278943061829,0.048359330743551254,2.003164291381836,0.022013356909155846
767.3060302734375,0.0,0.0,0.0,2.7854361534118652,-1.5506669282913208,0.36541637778282166,3.341592788696289,0.5068061947822571
74.38600158691406,0.0,0.0,0.0,2.5452215671539307,0.3972128927707672,-0.039869777858257294,2.2387654781341553,-0.0472358837723732
88.75800323486328,0.0,0.0,0.0,-0.9153937101364136,-0.19425716996192932,-0.06623925268650055,2.1799676418304443,-0.18934214115142822
675.4420166015625,0.0,0.0,0.0,4.304770469665527,0.18858028948307037,0.1504039317369461,4.358402729034424,0.25517508387565613
208.23399353027344,0.0,0.0,0.0,-0.1325991451740265,0.007684576325118542,-0.035036955028772354,2.1661295890808105,-0.7092799544334412
153.71800231933594,0.0,0.0,0.0,-0.9900036454200745,0.09057170897722244,0.34588098526000977,2.822885751724243,-0.9534387588500977
590.4940185546875,0.0,0.0,0.0,3.372898817062378,0.9973155856132507,-0.23371393978595734,4.427302360534668,-0.23768430948257446
127.40599822998047,0.0,0.0,0.0,2.3607163429260254,0.5350663661956787,0.005237302742898464,3.3508541584014893,0.02936214953660965
737.197998046875,0.0,0.0,0.0,3.2332019805908203,-0.6425601243972778,0.050758592784404755,3.898047685623169,0.057909492403268814
231.26600646972656,0.0,0.0,0.0,2.0962817668914795,-0.4062775671482086,0.03472930192947388,1.8411269187927246,0.04666571691632271
427.0220031738281,0.0,0.0,0.0,0.5484138131141663,-2.672142505645752,0.7495615482330322,4.19617223739624,-0.4265831410884857
591.6740112304688,0.0,0.0,0.0,3.5978634357452393,1.1917754411697388,-0.15722934901714325,4.41043758392334,-0.037966977804899216
304.1180114746094,0.0,0.0,0.0,1.8771058320999146,-1.1366397142410278,0.5748767852783203,2.32096266746521,0.4666914939880371
755.7139892578125,0.0,0.0,0.0,2.2158238887786865,-0.15420852601528168,0.42514193058013916,3.2304370403289795,0.7235416173934937
750.030029296875,0.0,0.0,0.0,-1.819387674331665,0.8677082657814026,0.25085023045539856,3.6888656616210938,0.008639868348836899
850.2780151367188,0.0,0.0,0.0,0.6310418248176575,-0.045390643179416656,-0.04978220909833908,0.0,0.0
322.04998779296875,0.0,0.0,0.0,1.888445496559143,-1.0550875663757324,0.4156613349914551,2.63616681098938,0.3497118055820465
773.2459716796875,0.0,0.0,0.0,-0.30237632989883423,0.06900323927402496,0.024753062054514885,3.2782974243164062,-0.6625746488571167
92.08599853515625,0.0,0.0,0.0,1.1654272079467773,-0.07094734162092209,0.09935953468084335,1.4243996143341064,0.15325666964054108
829.6339721679688,0.0,0.0,0.0,3.470874071121216,-1.60499107837677,0.5935910940170288,3.2592086791992188,0.5952829122543335
340.98199462890625,0.0,0.0,0.0,1.1246601343154907,-1.48957359790802,0.6776042580604553,3.351311683654785,0.2929551303386688
534.7139892578125,0.0,0.0,0.0,0.3292393982410431,-1.7852280139923096,1.1718519926071167,1.5829612016677856,-0.04366559162735939
121.38999938964844,0.0,0.0,0.0,1.4194636344909668,0.5825502872467041,-0.49792248010635376,1.533681869506836,-0.47495636343955994
295.6419982910156,0.0,0.0,0.0,2.224804401397705,-0.7481743693351746,0.2943427264690399,3.1000418663024902,0.31705212593078613
423.6860046386719,0.0,0.0,0.0,2.093812942504883,-2.721773386001587,0.3676193356513977,4.053850173950195,0.18602131307125092
114.30999755859375,0.0,0.0,0.0,1.6730842590332031,1.181693196296692,-0.7755855917930603,2.1459219455718994,-0.6892193555831909
299.51800537109375,0.0,0.0,0.0,3.3063037395477295,-0.4128773510456085,-0.3744770884513855,2.5455074310302734,-0.5050159096717834
170.1060028076172,0.0,0.0,0.0,-1.552517294883728,-0.19358786940574646,0.7492608428001404,3.5186054706573486,-0.9111670255661011
934.5059814453125,0.0,0.0,0.0,3.9304239749908447,0.759585976600647,-0.1289636492729187,3.8376009464263916,-0.1641734391450882
626.2420043945312,0.0,0.0,0.0,0.8694785833358765,0.02514239214360714,0.12450144439935684,2.065264940261841,-0.2933686375617981
157.99000549316406,0.0,0.0,0.0,1.4375176429748535,1.0727148056030273,-0.9230198860168457,2.0034873485565186,-0.7643207311630249
734.4140014648438,0.0,0.0,0.0,2.3974931240081787,-1.1821258068084717,0.19309067726135254,2.382549285888672,0.07208620011806488
361.0539855957031,0.0,0.0,0.0,4.234555244445801,-0.6696241497993469,0.027168098837137222,4.592094898223877,-0.0131160207092762
908.3660278320312,0.0,0.0,0.0,2.791442394256592,1.673370122909546,-0.36795249581336975,4.064443111419678,-0.16920951008796692
288.95001220703125,0.0,0.0,0.0,2.287925958633423,-2.8336055278778076,0.5067043900489807,3.6771929264068604,0.20190401375293732
219.3820037841797,0.0,0.0,0.0,2.4506547451019287,-0.43272721767425537,0.12299951910972595,3.1214866638183594,0.14857935905456543
148.31399536132812,0.0,0.0,0.0,2.22979736328125,-1.4729121923446655,0.5376560688018799,3.7187821865081787,0.5288233757019043
849.9660034179688,0.0,0.0,0.0,0.270751029253006,-0.05063190311193466,0.024522090330719948,1.5183030366897583,0.06014277786016464
72.40599822998047,0.0,0.0,0.0,3.186269998550415,-0.35290518403053284,-0.20596446096897125,3.291581392288208,-0.17494405806064606
486.72601318359375,0.0,0.0,0.0,1.7129197120666504,-1.1789132356643677,0.7696452736854553,2.8639252185821533,0.7739285826683044
358.99798583984375,0.0,0.0,0.0,3.6958670616149902,-1.097939133644104,0.08735889941453934,4.467897891998291,0.04202039912343025
626.114013671875,0.0,0.0,0.0,0.717195987701416,0.03099733777344227,0.15803854167461395,1.9296081066131592,-0.2399468570947647
854.8259887695312,0.0,0.0,0.0,2.2092437744140625,-0.16574355959892273,0.13231271505355835,3.0022988319396973,0.14675375819206238
623.2139892578125,0.0,0.0,0.0,-1.3129253387451172,-0.03957603499293327,0.6573282480239868,3.309549331665039,-0.645350992679596
258.84600830078125,0.0,0.0,0.0,-0.3482440114021301,-0.00858824048191309,-0.10186997801065445,1.855499029159546,0.4422079622745514
348.3500061035156,0.0,0.0,0.0,0.8280726671218872,1.5613516569137573,-1.0000758171081543,3.2817275524139404,-0.7019791603088379
229.77000427246094,0.0,0.0,0.0,2.865989923477173,-0.6907841563224792,0.05793831869959831,2.4138095378875732,0.08642251044511795
901.8499755859375,0.0,0.0,0.0,4.130243301391602,0.4008207619190216,-0.04723455756902695,3.9715735912323,-0.06444393843412399
106.27400207519531,0.0,0.0,0.0,1.1505622863769531,-2.619593381881714,0.6199256777763367,2.90234637260437,0.36672836542129517
757.406005859375,0.0,0.0,0.0,2.9435625076293945,-1.0192716121673584,0.07337761670351028,3.913167715072632,-0.06179939582943916
654.1699829101562,0.0,0.0,0.0,2.50484561920166,-0.10579349845647812,0.0003075038839597255,2.0820000171661377,0.003143841400742531
104.85399627685547,0.0,0.0,0.0,2.7052948474884033,-1.8697881698608398,0.7651453614234924,2.4908061027526855,0.5158993601799011
630.0980224609375,0.0,0.0,0.0,0.03637021780014038,0.11199162900447845,-0.0006200809730216861,0.0,0.0
458.7139892578125,0.0,0.0,0.0,1.8567849397659302,-0.7634374499320984,0.0745440423488617,1.868229627609253,0.09604963660240173
389.5379943847656,0.0,0.0,0.0,0.010020404122769833,-0.006205773912370205,-0.027172576636075974,3.430321216583252,0.4926556348800659
716.1339721679688,0.0,0.0,0.0,3.7930452823638916,-1.848179817199707,0.12540875375270844,4.752429962158203,0.05723309889435768
599.5139770507812,0.0,0.0,0.0,4.340695381164551,0.9902759790420532,-0.20964308083057404,4.604954242706299,-0.24921056628227234
762.22998046875,0.0,0.0,0.0,2.941889762878418,-0.3751392662525177,-0.263895720243454,3.1435813903808594,-0.31828826665878296
930.0380249023438,0.0,0.0,0.0,2.439466953277588,0.018211210146546364,0.04008832573890686,4.9982476234436035,-0.11801262944936752
144.94200134277344,0.0,0.0,0.0,1.7163236141204834,-0.7923270463943481,0.4548845589160919,1.8356537818908691,0.3686732351779938
638.93798828125,0.0,0.0,0.0,3.351419448852539,1.1676326990127563,-0.15392549335956573,4.512497901916504,-0.15371328592300415
586.5380249023438,0.0,0.0,0.0,0.07462286204099655,0.005029304884374142,-0.0032729823142290115,3.1239733695983887,-0.6461978554725647
920.9940185546875,0.0,0.0,0.0,2.2836716175079346,-3.013258218765259,0.8737722635269165,3.404161214828491,0.6049371361732483
440.2099914550781,0.0,0.0,0.0,1.5700551271438599,-0.2457091510295868,0.593156099319458,2.1844730377197266,0.8144640922546387
240.7220001220703,0.0,0.0,0.0,3.830350399017334,-0.8479762077331543,0.05434639751911163,4.570983409881592,0.08472343534231186
546.5579833984375,0.0,0.0,0.0,3.0959601402282715,1.6279356479644775,-0.3135949373245239,4.259130001068115,-0.3221402168273926
559.6380004882812,0.0,0.0,0.0,2.016047239303589,2.6576879024505615,-0.4996366500854492,3.278428792953491,-0.5843489170074463
55.81399917602539,0.0,0.0,0.0,-0.0020758085884153843,0.00024159994791261852,0.0006870308425277472,0.0,0.0
824.510009765625,0.0,0.0,0.0,2.5214762687683105,2.501058340072632,-0.29123085737228394,4.303411960601807,-0.0787057876586914
839.3740234375,0.0,0.0,0.0,1.3909322023391724,-0.04335084185004234,0.09313727915287018,3.133756399154663,-0.4894467294216156
315.2019958496094,0.0,0.0,0.0,2.784162759780884,-2.3034794330596924,0.37509775161743164,4.1131591796875,0.3592398762702942
787.8099975585938,0.0,0.0,0.0,1.7160518169403076,-0.4928427040576935,0.2855469286441803,2.28607177734375,0.307298481464386
611.5059814453125,0.0,0.0,0.0,0.9399960041046143,3.3942792415618896,-0.5479841232299805,3.666288137435913,0.12852348387241364
582.4340209960938,0.0,0.0,0.0,1.118399977684021,-2.241262674331665,0.8153153657913208,2.410944938659668,0.5572730302810669
657.0460205078125,0.0,0.0,0.0,1.537127137184143,0.6677197813987732,-0.41792768239974976,1.9792206287384033,-0.3494182825088501
330.03399658203125,0.0,0.0,0.0,4.0620527267456055,1.1537342071533203,-0.2029704749584198,4.536765098571777,-0.13762815296649933
98.97799682617188,0.0,0.0,0.0,2.256284713745117,-0.8914156556129456,0.271847128868103,2.8100361824035645,0.2651842534542084
630.4099731445312,0.0,0.0,0.0,-0.033465538173913956,0.008757433854043484,-0.0053755189292132854,0.0,0.0
816.969970703125,0.0,0.0,0.0,2.17879319190979,1.6334301233291626,-0.4379861354827881,3.881033182144165,-0.3203869163990021
904.5380249023438,0.0,0.0,0.0,2.7236664295196533,0.35247719287872314,-0.20374055206775665,2.226463556289673,-0.29357218742370605
552.3820190429688,0.0,0.0,0.0,3.3233988285064697,2.3466014862060547,-0.440024197101593,4.520493507385254,-0.26685819029808044
710.6740112304688,0.0,0.0,0.0,3.990929365158081,1.7137809991836548,-0.30017784237861633,4.593946933746338,-0.225666806101799
496.0539855957031,0.0,0.0,0.0,1.6186764240264893,1.3506836891174316,-0.38551706075668335,1.841748833656311,-0.17691028118133545
397.0780029296875,0.0,0.0,0.0,1.472051978111267,-2.77123761177063,0.4994160234928131,3.8150265216827393,-0.34695345163345337
861.1420288085938,0.0,0.0,0.0,4.43089485168457,-0.25367602705955505,0.04767237603664398,0.0,0.0
166.02200317382812,0.0,0.0,0.0,2.639909505844116,-1.8882298469543457,0.5837416648864746,4.169379711151123,0.49227914214134216
719.114013671875,0.0,0.0,0.0,4.235809326171875,-0.6256754398345947,-0.05078929290175438,4.621359348297119,-0.05720044672489166
457.93798828125,0.0,0.0,0.0,1.8940900564193726,-1.091950535774231,0.11515222489833832,2.1189937591552734,0.07431641221046448
714.6019897460938,0.0,0.0,0.0,3.7319493293762207,-1.7379150390625,0.33059167861938477,4.240132808685303,0.20443159341812134
270.1180114746094,0.0,0.0,0.0,3.048626184463501,-1.2254974842071533,0.23876740038394928,3.4328882694244385,0.20457984507083893
944.3060302734375,0.0,0.0,0.0,-2.0895302295684814,0.620402991771698,-0.9791225790977478,3.591942310333252,0.612431526184082
606.8779907226562,0.0,0.0,0.0,3.154463052749634,2.8400790691375732,-0.142800435423851,4.2515869140625,-0.16148115694522858
150.73399353027344,0.0,0.0,0.0,1.5467768907546997,-2.563261032104492,0.6214324235916138,4.637609004974365,-0.07484997808933258
224.47000122070312,0.0,0.0,0.0,3.216914415359497,-1.6340436935424805,0.2704889476299286,4.103321552276611,0.1569468230009079
191.3300018310547,0.0,0.0,0.0,1.8308722972869873,1.8496149778366089,-0.7868817448616028,3.9431962966918945,-0.6859893798828125
173.98199462890625,0.0,0.0,0.0,1.2228223085403442,0.05548844859004021,-0.44175395369529724,2.1102261543273926,-0.8632591366767883
955.9660034179688,0.0,0.0,0.0,1.3498303890228271,3.147170305252075,-0.688624918460846,3.694185733795166,-0.40529608726501465
236.2100067138672,0.0,0.0,0.0,3.079720973968506,-1.1915817260742188,0.2176457941532135,4.06342077255249,0.1629219502210617
386.9620056152344,0.0,0.0,0.0,0.1070924699306488,1.7266662120819092,-1.0983226299285889,3.3981411457061768,-0.2896324396133423
129.14999389648438,0.0,0.0,0.0,2.8983747959136963,0.006179951597005129,0.23056000471115112,2.7692086696624756,0.4058074355125427
826.1939697265625,0.0,0.0,0.0,3.2556748390197754,1.4693188667297363,0.24947769939899445,3.9029886722564697,0.3182872533798218
829.8499755859375,0.0,0.0,0.0,3.226346015930176,-1.8814877271652222,0.6640539765357971,3.1156466007232666,0.637255847454071
846.0700073242188,0.0,0.0,0.0,-0.6852661371231079,2.139989137649536,-1.37363600730896,4.120052814483643,-0.1820974498987198
402.5299987792969,0.0,0.0,0.0,0.37523353099823,-0.007451548706740141,0.09001192450523376,1.8890314102172852,-0.29774123430252075
851.8419799804688,0.0,0.0,0.0,-0.001356401015073061,-0.000261270091868937,-0.002344726584851742,0.0,0.0
377.9739990234375,0.0,0.0,0.0,1.8403246402740479,-0.9071217179298401,0.35746699571609497,2.4610321521759033,0.39763179421424866
608.3140258789062,0.0,0.0,0.0,2.86938214302063,2.7996768951416016,-0.3877745270729065,4.390624523162842,-0.3544940948486328
947.9500122070312,0.0,0.0,0.0,-0.2941246032714844,-0.040798503905534744,-0.02605845034122467,3.8424956798553467,-0.2598229944705963
814.5460205078125,0.0,0.0,0.0,2.11188006401062,0.9247130751609802,-0.39844197034835815,2.226257801055908,-0.38481372594833374
760.2739868164062,0.0,0.0,0.0,2.833592653274536,-0.8675652146339417,0.43154630064964294,2.875410795211792,0.39414381980895996
61.21799850463867,0.0,0.0,0.0,3.4895052909851074,0.8397594094276428,-0.1520475447177887,3.9230477809906006,-0.3792015314102173
249.85000610351562,0.0,0.0,0.0,2.980808734893799,-1.748488187789917,0.5515719056129456,3.149681568145752,0.3297208249568939
160.38999938964844,0.0,0.0,0.0,-0.5372411012649536,1.0413932800292969,-1.5468635559082031,4.315253734588623,-0.16961520910263062
600.7420043945312,0.0,0.0,0.0,4.212662696838379,1.5384825468063354,-0.1718318611383438,4.771734237670898,-0.18561041355133057
719.0380249023438,0.0,0.0,0.0,4.225480556488037,-0.647672712802887,-0.043485987931489944,4.434344291687012,-0.06427285820245743
147.5780029296875,0.0,0.0,0.0,2.1229283809661865,-1.2026984691619873,0.47773414850234985,3.184256076812744,0.5703362226486206
96.19000244140625,0.0,0.0,0.0,1.7319135665893555,-0.7252609729766846,0.41925352811813354,2.177541494369507,0.38786041736602783
66.72200012207031,0.0,0.0,0.0,2.585400342941284,-0.774713397026062,0.7126694321632385,2.6189608573913574,0.44823670387268066
137.4499969482422,0.0,0.0,0.0,1.5660804510116577,0.02458004839718342,0.021258272230625153,2.0320606231689453,0.09365862607955933
159.79400634765625,0.0,0.0,0.0,0.3138284683227539,1.657498836517334,-1.2717878818511963,3.937293767929077,-0.6932005882263184
692.7780151367188,0.0,0.0,0.0,1.5279995203018188,-0.11595789343118668,0.1817447692155838,3.6712663173675537,-0.7799378633499146
881.8820190429688,0.0,0.0,0.0,4.250091552734375,-1.2655949592590332,0.13248442113399506,4.369194030761719,0.11307542771100998
738.030029296875,0.0,0.0,0.0,3.4836370944976807,-0.5506881475448608,0.016676489263772964,3.9915683269500732,0.020233426243066788
529.9180297851562,0.0,0.0,0.0,-0.2343369722366333,0.011611432768404484,-0.20262327790260315,2.7791213989257812,0.8766322135925293
225.3260040283203,0.0,0.0,0.0,3.369610071182251,-1.6236387491226196,0.2195219099521637,4.0813798904418945,0.12155544012784958
826.5419921875,0.0,0.0,0.0,3.4868345260620117,0.9478799700737,0.3520793616771698,4.071493148803711,0.35888150334358215
58.02199935913086,0.0,0.0,0.0,2.011730432510376,0.15964852273464203,-0.14228472113609314,2.8871285915374756,-0.18818449974060059
290.093994140625,0.0,0.0,0.0,1.6936769485473633,-3.0560309886932373,0.41277754306793213,3.4308700561523438,0.08054736256599426
364.4700012207031,0.0,0.0,0.0,2.1528992652893066,-2.598388195037842,0.42773881554603577,2.9170029163360596,-0.012732988223433495
153.3179931640625,0.0,0.0,0.0,-1.225534439086914,-0.1095954105257988,0.632538914680481,3.1035242080688477,-0.9784634113311768
203.76600646972656,0.0,0.0,0.0,1.2846745252609253,-2.55423641204834,0.7243743538856506,3.826457977294922,0.2117195427417755
604.885986328125,0.0,0.0,0.0,3.0638160705566406,3.043771266937256,-0.304569810628891,4.660834789276123,-0.05334071069955826
735.4420166015625,0.0,0.0,0.0,2.5762526988983154,-0.9261898994445801,0.11108161509037018,3.008554458618164,0.05640200525522232
287.8580017089844,0.0,0.0,0.0,3.348346710205078,-1.962673544883728,0.651235818862915,3.427089214324951,0.4112628996372223
365.5820007324219,0.0,0.0,0.0,2.2257559299468994,-2.356919288635254,0.09012062102556229,3.543696165084839,-0.24449147284030914
923.7059936523438,0.0,0.0,0.0,-2.2372000217437744,0.3583427369594574,0.5768086910247803,4.027278423309326,-0.5201061964035034
355.19000244140625,0.0,0.0,0.0,2.3918581008911133,-1.284022331237793,0.42996999621391296,3.153249502182007,0.3443398177623749
124.38600158691406,0.0,0.0,0.0,1.4003753662109375,0.8491581678390503,-0.5503067374229431,1.9019170999526978,-0.5876721739768982
680.5700073242188,0.0,0.0,0.0,3.6393229961395264,-2.2957310676574707,0.3775613605976105,3.9806551933288574,0.3091374337673187
167.64199829101562,0.0,0.0,0.0,1.6588623523712158,-2.7809088230133057,0.6159545183181763,4.763725757598877,0.003726021386682987
144.28199768066406,0.0,0.0,0.0,2.00581431388855,-0.5908541083335876,0.35347986221313477,1.7991684675216675,0.3745245337486267
579.3099975585938,0.0,0.0,0.0,4.2065653800964355,0.2371176928281784,0.0647914931178093,4.632417678833008,0.025131123140454292
934.9940185546875,0.0,0.0,0.0,3.81636905670166,0.9102689623832703,-0.20371611416339874,4.002413749694824,-0.1493464708328247
107.18599700927734,0.0,0.0,0.0,0.23522065579891205,-2.477290630340576,0.8876296877861023,2.7707319259643555,0.3143223822116852
927.989990234375,0.0,0.0,0.0,0.3221074342727661,0.039912354201078415,0.025604167953133583,4.522886753082275,-0.048340216279029846
516.4459838867188,0.0,0.0,0.0,2.081718921661377,-0.055028464645147324,-0.1728486865758896,3.1702773571014404,-0.4456947445869446
562.8060302734375,0.0,0.0,0.0,0.24254624545574188,2.5122859477996826,-0.7858958840370178,2.147688627243042,-0.014223983511328697
265.2139892578125,0.0,0.0,0.0,3.6152021884918213,-0.16403117775917053,-0.17129135131835938,4.118354797363281,-0.2084299921989441
73.4540023803711,0.0,0.0,0.0,2.9209420680999756,0.31091582775115967,-0.10582241415977478,2.8119277954101562,-0.09187720715999603
426.4460144042969,0.0,0.0,0.0,1.1189671754837036,-2.7480645179748535,0.5922289490699768,4.411238193511963,-0.2898760735988617
877.906005859375,0.0,0.0,0.0,3.670231819152832,-2.0340633392333984,0.3089795410633087,4.5315961837768555,0.20718598365783691
365.27398681640625,0.0,0.0,0.0,2.112743616104126,-2.4848856925964355,0.16971075534820557,3.426269769668579,-0.14529454708099365
559.3099975585938,0.0,0.0,0.0,2.150203227996826,2.6011528968811035,-0.4408285319805145,3.565112829208374,-0.5427807569503784
658.4580078125,0.0,0.0,0.0,1.8390543460845947,0.7342912554740906,-0.39586344361305237,2.1555991172790527,-0.34605997800827026
368.3580017089844,0.0,0.0,0.0,3.050351858139038,-0.7019534707069397,0.4713059067726135,2.8907599449157715,0.5285760164260864
225.75399780273438,0.0,0.0,0.0,3.4634900093078613,-1.5659509897232056,0.1349397599697113,4.264430046081543,0.03461699187755585
65.26200103759766,0.0,0.0,0.0,2.59183669090271,1.9673972129821777,0.1374150961637497,3.09962797164917,0.47216397523880005
840.9619750976562,0.0,0.0,0.0,2.85111141204834,0.3364260792732239,-0.1885262429714203,3.9995906352996826,-0.22207015752792358
140.49000549316406,0.0,0.0,0.0,2.4619147777557373,-0.7768986821174622,0.22819490730762482,2.949786424636841,0.1967669278383255
340.8500061035156,0.0,0.0,0.0,1.1411640644073486,-1.4882148504257202,0.6633795499801636,3.216702938079834,0.45812636613845825
260.2179870605469,0.0,0.0,0.0,0.6509273052215576,3.234814721508883e-05,-0.10759646445512772,2.858220338821411,0.341642290353775
614.010009765625,0.0,0.0,0.0,-1.7264354228973389,-0.23798590898513794,-0.38323619961738586,3.1151316165924072,0.4715772271156311
651.4019775390625,0.0,0.0,0.0,3.1814732551574707,1.741544485092163,0.25022536516189575,3.318972110748291,0.32587969303131104
492.8139953613281,0.0,0.0,0.0,0.606408953666687,0.010728261433541775,0.19027821719646454,2.2206928730010986,-0.7134225368499756
526.802001953125,0.0,0.0,0.0,1.2624273300170898,1.706809163093567,-0.7043019533157349,4.069807529449463,-0.21289514005184174
471.64599609375,0.0,0.0,0.0,4.378343105316162,0.7453277111053467,-0.22172246873378754,4.66149377822876,-0.16343125700950623
161.54200744628906,0.0,0.0,0.0,-0.3303629457950592,0.018389159813523293,-0.20839308202266693,3.7078497409820557,0.4493195712566376
785.8820190429688,0.0,0.0,0.0,1.4008886814117432,-0.3103678524494171,0.1358841359615326,1.4868214130401611,0.1276676505804062
792.073974609375,0.0,0.0,0.0,3.380671262741089,-1.1945186853408813,0.10277064889669418,4.413936138153076,-0.07200402766466141
244.70599365234375,0.0,0.0,0.0,3.58891224861145,-1.9798494577407837,0.31088370084762573,4.5716376304626465,0.13102419674396515
819.4420166015625,0.0,0.0,0.0,2.277245283126831,2.061929225921631,-0.3321906328201294,4.057945251464844,-0.0963832214474678
919.1740112304688,0.0,0.0,0.0,3.9646806716918945,-1.8084728717803955,0.2543432414531708,4.645629405975342,0.2193077802658081
627.9219970703125,0.0,0.0,0.0,1.4437402486801147,0.2412986010313034,-0.12875670194625854,1.451121211051941,-0.10471342504024506
539.281982421875,0.0,0.0,0.0,1.9716392755508423,-0.01895793154835701,0.03582146018743515,2.4468352794647217,0.016627265140414238
119.22200012207031,0.0,0.0,0.0,0.1427369862794876,0.15737764537334442,-0.40470898151397705,1.862803339958191,-0.46213939785957336
543.1900024414062,0.0,0.0,0.0,2.5259528160095215,0.8691108822822571,-0.29897043108940125,3.1201510429382324,-0.2990071177482605
868.3460083007812,0.0,0.0,0.0,1.2368578910827637,-0.21539078652858734,0.2551591992378235,1.5802638530731201,0.27859199047088623
54.874000549316406,0.0,0.0,0.0,-0.0007371598621830344,0.000776308064814657,-0.0022203403059393167,0.0,0.0
594.0859985351562,0.0,0.0,0.0,3.527683973312378,1.2015022039413452,-0.21593265235424042,3.9505794048309326,-0.19279879331588745
850.4340209960938,0.0,0.0,0.0,0.552988588809967,-0.035892706364393234,-0.01339009404182434,0.0,0.0
782.8460083007812,0.0,0.0,0.0,-0.02959858439862728,-0.0898762047290802,0.011768045835196972,1.6569818258285522,0.08223854005336761
678.1420288085938,0.0,0.0,0.0,4.266394138336182,-1.5453251600265503,0.26497000455856323,4.72949743270874,0.18593008816242218
371.3340148925781,0.0,0.0,0.0,1.1770943403244019,-1.4130889177322388,0.5668540000915527,1.5644757747650146,0.3773885667324066
54.95800018310547,0.0,0.0,0.0,-0.0018631925340741873,1.1075746442656964e-05,0.0017076961230486631,0.0,0.0
525.6179809570312,0.0,0.0,0.0,1.4415249824523926,1.473334550857544,-0.5403466820716858,3.3147990703582764,-0.4936622679233551
638.5700073242188,0.0,0.0,0.0,3.243363380432129,1.2359204292297363,-0.19316743314266205,4.277797222137451,-0.18144717812538147
131.9499969482422,0.0,0.0,0.0,1.3904320001602173,-1.7933763265609741,0.753673255443573,2.592317581176758,0.5672446489334106
120.9739990234375,0.0,0.0,0.0,1.4268300533294678,0.4436216354370117,-0.48019900918006897,1.6293160915374756,-0.3905373811721802
497.3380126953125,0.0,0.0,0.0,1.3745321035385132,0.7268319725990295,-0.24060136079788208,1.5954256057739258,-0.1999155879020691
720.47802734375,0.0,0.0,0.0,4.311861991882324,-0.240789532661438,-0.022532794624567032,4.2536845207214355,-0.04636303335428238
686.510009765625,0.0,0.0,0.0,0.8683229684829712,-2.99556040763855,0.4629204273223877,4.044410705566406,0.43055540323257446
88.48600006103516,0.0,0.0,0.0,-1.0504448413848877,-0.21874459087848663,-0.11440223455429077,2.4476425647735596,-0.13318610191345215
888.2340087890625,0.0,0.0,0.0,-2.2000789642333984,-1.1334847211837769,1.3236128091812134,4.32657527923584,-0.20135878026485443
715.677978515625,0.0,0.0,0.0,3.7480742931365967,-1.8944743871688843,0.19369962811470032,4.575896263122559,0.10421735793352127
320.07000732421875,0.0,0.0,0.0,2.2471566200256348,-0.2594403028488159,0.4834248721599579,1.8533960580825806,0.41939577460289
537.0859985351562,0.0,0.0,0.0,-0.1410883069038391,0.05512223020195961,0.1408931314945221,1.5879319906234741,-0.20592643320560455
787.5380249023438,0.0,0.0,0.0,1.6260251998901367,-0.44224387407302856,0.24903154373168945,2.1089768409729004,0.2805652618408203
808.8099975585938,0.0,0.0,0.0,3.7066152095794678,1.705988883972168,-0.3346559405326843,3.9545717239379883,-0.1579296737909317
149.98599243164062,0.0,0.0,0.0,2.004011869430542,-2.3066306114196777,0.5505528450012207,4.557096004486084,0.07813266664743423
854.6420288085938,0.0,0.0,0.0,2.072608232498169,-0.1351013481616974,0.12214279174804688,2.979470729827881,0.15024146437644958
533.9660034179688,0.0,0.0,0.0,1.1178768873214722,-1.7910118103027344,0.9143190979957581,2.721405267715454,0.40901318192481995
125.1500015258789,0.0,0.0,0.0,1.3899714946746826,0.89090895652771,-0.6669195890426636,1.8034747838974,-0.642667829990387
489.906005859375,0.0,0.0,0.0,-1.038924217224121,-0.4925801455974579,1.2640517950057983,1.891197681427002,-0.4752071797847748
237.9499969482422,0.0,0.0,0.0,3.388296365737915,-0.9920086860656738,0.06548643857240677,3.7067975997924805,0.10096988826990128
394.0780029296875,0.0,0.0,0.0,2.6696510314941406,-1.977681279182434,0.5285128355026245,4.1286749839782715,0.3062012195587158
525.3460083007812,0.0,0.0,0.0,1.4286689758300781,1.4291318655014038,-0.5375353693962097,2.8729915618896484,-0.42134734988212585
762.6820068359375,0.0,0.0,0.0,3.0178370475769043,0.06313662230968475,-0.28065434098243713,2.982421398162842,-0.1286185085773468
829.073974609375,0.0,0.0,0.0,3.911588191986084,-1.016166090965271,0.2842673361301422,3.7968761920928955,0.5471471548080444
207.2899932861328,0.0,0.0,0.0,-0.6481401324272156,0.09649232774972916,0.11562588810920715,2.3228511810302734,-0.8258721232414246
89.48200225830078,0.0,0.0,0.0,-0.5556545853614807,-0.11075985431671143,0.004677457269281149,1.808434247970581,-0.40973129868507385
460.4700012207031,0.0,0.0,0.0,1.6758040189743042,-0.3693735599517822,0.0925266444683075,1.5672202110290527,0.038318805396556854
157.4739990234375,0.0,0.0,0.0,1.5185747146606445,0.7340249419212341,-0.848984956741333,2.11252498626709,-0.8777735233306885
179.96600341796875,0.0,0.0,0.0,0.12837238609790802,-0.03721921890974045,-0.05957133322954178,3.374483108520508,0.7461082339286804
186.8419952392578,0.0,0.0,0.0,-0.4786088168621063,0.11562962085008621,0.024964353069663048,3.0512492656707764,-0.7403082251548767
506.34600830078125,0.0,0.0,0.0,3.859417200088501,1.764390230178833,-0.18970410525798798,4.497574329376221,-0.1333514004945755
796.8099975585938,0.0,0.0,0.0,3.995333194732666,-1.5528236627578735,0.32485994696617126,4.454010963439941,0.2399781048297882
851.5780029296875,0.0,0.0,0.0,-0.003929255995899439,0.0002982193254865706,-0.0011437940411269665,0.0,0.0
81.28199768066406,0.0,0.0,0.0,2.44156813621521,1.270068883895874,-0.4973267912864685,3.4881815910339355,-0.5874155759811401
669.47802734375,0.0,0.0,0.0,2.4789881706237793,-0.029993804171681404,-0.09710897505283356,3.0082855224609375,-0.11288635432720184
161.8939971923828,0.0,0.0,0.0,-0.0840405598282814,-0.002979893470183015,-0.057739198207855225,3.704270124435425,0.5874923467636108
553.822021484375,0.0,0.0,0.0,2.624133348464966,2.765389919281006,-0.34067171812057495,4.024738788604736,-0.06182757765054703
279.8819885253906,0.0,0.0,0.0,3.1719603538513184,-1.3658647537231445,0.2085268348455429,4.417332172393799,0.13077566027641296
547.1220092773438,0.0,0.0,0.0,3.2004282474517822,1.7348936796188354,-0.2953665554523468,4.284717082977295,-0.31107574701309204
602.8099975585938,0.0,0.0,0.0,3.664923906326294,2.4485669136047363,-0.3210795819759369,4.6359381675720215,-0.18819569051265717
470.58599853515625,0.0,0.0,0.0,4.4135870933532715,-0.1641349196434021,-0.1747809648513794,4.535884380340576,-0.27796268463134766
214.91799926757812,0.0,0.0,0.0,2.3862266540527344,-0.7934544086456299,0.15071424841880798,2.558485269546509,0.15532855689525604
818.2100219726562,0.0,0.0,0.0,2.236084222793579,1.9522123336791992,-0.3819968104362488,4.218602657318115,-0.09833072870969772
826.073974609375,0.0,0.0,0.0,3.1742498874664307,1.6414661407470703,0.19141815602779388,3.8326380252838135,0.3723965287208557
723.8099975585938,0.0,0.0,0.0,2.8172101974487305,1.7162258625030518,-0.7048298716545105,2.289005994796753,-0.6109323501586914
516.5780029296875,0.0,0.0,0.0,2.187101125717163,-0.016476061195135117,-0.24131879210472107,3.088538646697998,-0.4078397750854492
544.0819702148438,0.0,0.0,0.0,2.7116875648498535,1.077167272567749,-0.26556357741355896,3.6030123233795166,-0.2637510895729065
868.1060180664062,0.0,0.0,0.0,1.118599534034729,-0.1643257737159729,0.21889682114124298,1.518203854560852,0.2975998520851135
788.469970703125,0.0,0.0,0.0,1.922906756401062,-0.6754615306854248,0.33552777767181396,2.7133476734161377,0.39752769470214844
696.7420043945312,0.0,0.0,0.0,2.629059314727783,1.0689021348953247,-0.09009724855422974,2.480966567993164,-0.07368113100528717
522.9819946289062,0.0,0.0,0.0,1.5752308368682861,1.1707720756530762,-0.6348416805267334,1.7599812746047974,-0.5221838355064392
480.9460144042969,0.0,0.0,0.0,0.61988765001297,1.8386352062225342,-0.7920250296592712,3.1527585983276367,0.026915816590189934
811.0859985351562,0.0,0.0,0.0,3.458460569381714,1.4080842733383179,-0.05279271677136421,3.5198047161102295,0.005109482444822788
72.51000213623047,0.0,0.0,0.0,3.1788203716278076,-0.2562081515789032,-0.21902602910995483,3.1207263469696045,-0.1390829086303711
234.25,0.0,0.0,0.0,2.341538429260254,-0.8786822557449341,0.3471798598766327,3.298443078994751,0.33732870221138
90.20999908447266,0.0,0.0,0.0,-0.1892646700143814,-0.06664665788412094,-0.007586553227156401,1.613092064857483,-0.25102755427360535
140.35000610351562,0.0,0.0,0.0,2.4401888847351074,-0.7708402276039124,0.22666844725608826,2.8309061527252197,0.19910776615142822
429.2980041503906,0.0,0.0,0.0,-1.1196486949920654,0.19139553606510162,0.19100821018218994,2.3694241046905518,-1.0043821334838867
485.7179870605469,0.0,0.0,0.0,1.6274138689041138,-0.44783899188041687,0.7512133121490479,2.317750930786133,0.8475162982940674
603.4860229492188,0.0,0.0,0.0,3.4065253734588623,2.7138240337371826,-0.3526490032672882,4.314276218414307,-0.18842022120952606
428.99798583984375,0.0,0.0,0.0,-1.2907426357269287,0.11327928304672241,0.4173818826675415,2.730644941329956,-1.0863070487976074
420.8179931640625,0.0,0.0,0.0,3.1313037872314453,-2.096252202987671,0.4085400104522705,3.424373149871826,0.4235878586769104
912.6420288085938,0.0,0.0,0.0,3.9473536014556885,1.4990639686584473,-0.15651364624500275,4.719851493835449,-0.1326472908258438
453.3340148925781,0.0,0.0,0.0,4.694231033325195,-0.4907565712928772,0.1298036277294159,3.638944387435913,0.30140215158462524
613.3779907226562,0.0,0.0,0.0,-2.0235297679901123,0.5109065771102905,-0.8647707104682922,3.133836507797241,0.3881656527519226
280.2860107421875,0.0,0.0,0.0,3.3122401237487793,-1.379957914352417,0.15944445133209229,4.221188545227051,0.07334335148334503
472.0459899902344,0.0,0.0,0.0,4.307073593139648,1.0118552446365356,-0.248948872089386,4.762137413024902,-0.12017054110765457
494.5580139160156,0.0,0.0,0.0,1.754393458366394,0.7722606658935547,-0.6762330532073975,2.491438865661621,-0.7234374284744263
814.1740112304688,0.0,0.0,0.0,2.2781498432159424,0.7742164731025696,-0.416206419467926,2.1411359310150146,-0.36858081817626953
490.3139953613281,0.0,0.0,0.0,-0.9430643916130066,-0.0228771660476923,0.6134025454521179,1.8811014890670776,-0.4017033278942108
916.9099731445312,0.0,0.0,0.0,4.503327369689941,0.5949758887290955,0.17315202951431274,4.344499588012695,0.2970329225063324
241.6060028076172,0.0,0.0,0.0,3.9994301795959473,-0.7491656541824341,0.04002481698989868,4.20261812210083,-0.007610172964632511
658.9340209960938,0.0,0.0,0.0,1.9251985549926758,0.7967432737350464,-0.3603675365447998,2.3764781951904297,-0.3148075342178345
96.75,0.0,0.0,0.0,1.8190425634384155,-0.8026185631752014,0.3930623233318329,2.3958404064178467,0.35845717787742615
437.4700012207031,0.0,0.0,0.0,-0.6462224125862122,0.3392713665962219,-1.185118556022644,2.183505058288574,0.9174955487251282
691.5419921875,0.0,0.0,0.0,0.2631817162036896,0.018489958718419075,0.046672046184539795,3.7931275367736816,-0.7217808365821838
69.61799621582031,0.0,0.0,0.0,2.358717918395996,-1.99785315990448,0.3660377562046051,4.243186950683594,-0.06479892879724503
608.2139892578125,0.0,0.0,0.0,2.9213759899139404,2.770386219024658,-0.407648503780365,4.067777156829834,-0.35786378383636475
106.91799926757812,0.0,0.0,0.0,0.579520046710968,-2.5737357139587402,0.7349931001663208,3.1740670204162598,0.3383921980857849
459.5740051269531,0.0,0.0,0.0,1.7738542556762695,-0.5301676392555237,0.08473047614097595,1.7281996011734009,0.035962462425231934
179.25399780273438,0.0,0.0,0.0,-0.3402480185031891,-0.037104979157447815,-0.18333818018436432,3.820934295654297,0.6963080167770386
184.1540069580078,0.0,0.0,0.0,0.8010405898094177,-2.1253082752227783,1.0473990440368652,3.9093000888824463,0.3440571129322052
701.4940185546875,0.0,0.0,0.0,3.209641933441162,1.2747867107391357,-0.15869612991809845,4.2140655517578125,-0.08749140053987503
764.7100219726562,0.0,0.0,0.0,2.6917850971221924,-0.9673831462860107,0.4377883970737457,3.1785881519317627,0.3978762924671173
150.58599853515625,0.0,0.0,0.0,1.658270001411438,-2.5385801792144775,0.6014607548713684,4.611955642700195,0.034498345106840134
867.1300048828125,0.0,0.0,0.0,0.37162885069847107,-0.08516895771026611,0.060430217534303665,0.8001251816749573,0.07718298584222794
86.05799865722656,0.0,0.0,0.0,0.0796743854880333,2.649024724960327,-0.942474901676178,2.6130781173706055,-0.4312599301338196
939.2379760742188,0.0,0.0,0.0,4.057477951049805,0.8999028205871582,-0.03940825164318085,4.393092155456543,0.017531566321849823
752.5139770507812,0.0,0.0,0.0,-0.5017170310020447,0.14657773077487946,0.034124284982681274,3.373044490814209,0.04122154414653778
772.781982421875,0.0,0.0,0.0,-0.5866582989692688,0.07728137820959091,0.18060222268104553,3.197373628616333,-0.6664976477622986
567.6619873046875,0.0,0.0,0.0,0.5179076194763184,-0.03238111361861229,-0.06738686561584473,4.015270233154297,0.46994444727897644
318.0140075683594,0.0,0.0,0.0,3.2652225494384766,-1.075811505317688,-0.44286608695983887,3.072662830352783,-0.4114161729812622
675.9420166015625,0.0,0.0,0.0,4.381035804748535,-0.19040697813034058,0.1775250881910324,4.574292182922363,0.2576274275779724
114.55000305175781,0.0,0.0,0.0,1.5527993440628052,1.2881861925125122,-0.7916774153709412,2.1495866775512695,-0.7409667372703552
245.71400451660156,0.0,0.0,0.0,3.7065048217773438,-1.8971437215805054,-0.0030001585837453604,4.467167377471924,-0.14376243948936462
890.9420166015625,0.0,0.0,0.0,-0.9154265522956848,0.25913381576538086,0.04738853499293327,3.6093955039978027,-0.5451710820198059
717.3460083007812,0.0,0.0,0.0,4.083418369293213,-1.3659361600875854,0.03413141891360283,4.278282165527344,0.052924253046512604
790.5380249023438,0.0,0.0,0.0,2.7609546184539795,-1.1263772249221802,0.2727063298225403,3.810185194015503,0.2592613399028778
731.6019897460938,0.0,0.0,0.0,2.048793077468872,-0.07420676201581955,0.2354079782962799,3.381959915161133,0.6933943629264832
191.2259979248047,0.0,0.0,0.0,1.88564133644104,1.7686803340911865,-0.789606511592865,3.540689468383789,-0.5613037347793579
306.4419860839844,0.0,0.0,0.0,2.0584371089935303,-1.2552144527435303,0.3100372552871704,2.710585832595825,0.20026114583015442
519.8460083007812,0.0,0.0,0.0,2.337813377380371,0.6588976979255676,-0.08671369403600693,2.309736490249634,-0.14337725937366486
233.8459930419922,0.0,0.0,0.0,2.2170028686523438,-0.7836592793464661,0.34715020656585693,2.774132013320923,0.34148648381233215
229.98199462890625,0.0,0.0,0.0,2.760019540786743,-0.6706138253211975,0.05823440104722977,2.192281723022461,0.05506708845496178
828.5020141601562,0.0,0.0,0.0,3.9393746852874756,-0.8393800854682922,0.17733755707740784,4.610568046569824,0.11221771687269211
611.7579956054688,0.0,0.0,0.0,0.66827791929245,3.350581169128418,-0.5995797514915466,3.9295012950897217,0.057157501578330994
885.3419799804688,0.0,0.0,0.0,4.013607978820801,-1.3628697395324707,0.48185935616493225,3.682706594467163,0.6396870017051697
546.4459838867188,0.0,0.0,0.0,3.075531244277954,1.6057889461517334,-0.3101312518119812,4.187619209289551,-0.3287825286388397
767.2100219726562,0.0,0.0,0.0,2.8349859714508057,-1.5274136066436768,0.3335956335067749,2.840400218963623,0.39897698163986206
456.5459899902344,0.0,0.0,0.0,1.9375156164169312,-1.8587563037872314,0.2360546886920929,2.3043785095214844,0.12763893604278564
252.04200744628906,0.0,0.0,0.0,2.698456287384033,-0.7965409755706787,-0.364602267742157,2.365687131881714,-0.4186719059944153
808.4660034179688,0.0,0.0,0.0,3.8300085067749023,1.4723740816116333,-0.39597177505493164,4.15119743347168,-0.2884753942489624
418.7820129394531,0.0,0.0,0.0,3.912536144256592,-1.563538908958435,0.30084148049354553,4.177431106567383,0.14889951050281525
94.5260009765625,0.0,0.0,0.0,1.3995240926742554,-0.5155283808708191,0.4100441038608551,1.654641032218933,0.3678964078426361
745.2459716796875,0.0,0.0,0.0,4.164085388183594,-1.7236791849136353,0.21419532597064972,4.938283443450928,0.20386970043182373
541.0339965820312,0.0,0.0,0.0,2.3407554626464844,0.11044371128082275,-0.19972456991672516,2.7315890789031982,-0.2613377869129181
425.906005859375,0.0,0.0,0.0,1.4789475202560425,-2.7170259952545166,0.5265255570411682,4.2898335456848145,-0.10756196081638336
275.5220031738281,0.0,0.0,0.0,1.5208327770233154,-0.29665401577949524,0.2974998652935028,2.1038870811462402,0.3043539524078369
179.406005859375,0.0,0.0,0.0,-0.2495909035205841,-0.028916681185364723,-0.12200687825679779,3.6529808044433594,0.654901921749115
637.9500122070312,0.0,0.0,0.0,2.9675509929656982,1.239488959312439,-0.1868654191493988,4.074345111846924,-0.22729551792144775
907.0819702148438,0.0,0.0,0.0,2.4082324504852295,1.382381796836853,-0.39554300904273987,3.6616575717926025,-0.3348718285560608
127.81800079345703,0.0,0.0,0.0,2.634483575820923,0.4089885652065277,-0.03505641222000122,3.3125953674316406,0.103915736079216
59.757999420166016,0.0,0.0,0.0,2.973724126815796,0.6558533310890198,-0.20760893821716309,4.022189617156982,-0.1279773861169815
893.0540161132812,0.0,0.0,0.0,0.2983201742172241,0.020597506314516068,0.02689066343009472,3.9408438205718994,-0.25634175539016724
365.6820068359375,0.0,0.0,0.0,2.276546001434326,-2.2899410724639893,0.06427791714668274,3.560375452041626,-0.2181980460882187
386.86199951171875,0.0,0.0,0.0,0.2366134524345398,1.7869914770126343,-1.089523196220398,3.194927215576172,-0.24215711653232574
887.4099731445312,0.0,0.0,0.0,-0.007642244920134544,-3.201970338821411,1.1339184045791626,3.9060161113739014,0.2983829081058502
196.94200134277344,0.0,0.0,0.0,1.855231523513794,0.09222711622714996,-0.055040355771780014,2.9185309410095215,-0.06203487887978554
501.00201416015625,0.0,0.0,0.0,3.131714344024658,0.3791601061820984,0.027712780982255936,3.8756587505340576,0.014572469517588615
610.9459838867188,0.0,0.0,0.0,1.4205540418624878,3.4315402507781982,-0.47559112310409546,3.8429598808288574,0.1601746827363968
181.4459991455078,0.0,0.0,0.0,1.568547010421753,0.08179087191820145,-0.07630260288715363,3.2981696128845215,0.9619104266166687
354.7820129394531,0.0,0.0,0.0,2.315080165863037,-1.1550958156585693,0.44099918007850647,3.336841583251953,0.44750574231147766
383.9179992675781,0.0,0.0,0.0,2.31950306892395,1.3031196594238281,-0.7039247155189514,2.3242738246917725,-0.4208877980709076
640.8259887695312,0.0,0.0,0.0,3.9012973308563232,1.0164793729782104,-0.09469825774431229,4.54689884185791,0.03420078381896019
853.2780151367188,0.0,0.0,0.0,0.6755732297897339,-0.025004858151078224,-0.013578646816313267,1.7374260425567627,0.04748094454407692
582.6060180664062,0.0,0.0,0.0,0.9551764130592346,-2.2661659717559814,0.857029139995575,2.588747978210449,0.542848527431488
502.1260070800781,0.0,0.0,0.0,3.6140806674957275,0.14613597095012665,0.03084767609834671,4.086947917938232,0.0024944108445197344
798.1420288085938,0.0,0.0,0.0,3.8057994842529297,-2.022265672683716,0.23270350694656372,4.709388732910156,0.16770680248737335
234.82200622558594,0.0,0.0,0.0,2.5730140209198,-1.0026516914367676,0.306201308965683,3.5339460372924805,0.32120534777641296
262.14599609375,0.0,0.0,0.0,2.5297839641571045,-0.35302481055259705,0.3590536117553711,3.4706993103027344,0.3983812630176544
682.2659912109375,0.0,0.0,0.0,2.7764155864715576,-2.913665771484375,0.4132930338382721,3.818726062774658,0.32543036341667175
897.8619995117188,0.0,0.0,0.0,3.999497890472412,0.9012399315834045,-0.12961052358150482,4.59122371673584,-0.11411125957965851
727.9219970703125,0.0,0.0,0.0,-0.9573689103126526,0.18869464099407196,-0.617608368396759,3.063206672668457,0.23086564242839813
602.677978515625,0.0,0.0,0.0,3.696942090988159,2.3988187313079834,-0.34879153966903687,4.705386638641357,-0.3527446985244751
699.8140258789062,0.0,0.0,0.0,2.596231460571289,1.1337511539459229,-0.3042004406452179,3.69549560546875,-0.28151649236679077
315.7619934082031,0.0,0.0,0.0,2.673251152038574,-2.4824371337890625,0.3749934136867523,4.4048027992248535,0.28905215859413147
148.4459991455078,0.0,0.0,0.0,2.2377259731292725,-1.538591742515564,0.5324392318725586,3.861865758895874,0.5021390318870544
893.3419799804688,0.0,0.0,0.0,0.52938312292099,0.011147275567054749,0.026531808078289032,4.111708164215088,-0.2114638388156891
172.54200744628906,0.0,0.0,0.0,-0.09155724197626114,0.04916561022400856,-0.0470009371638298,2.3269615173339844,-1.0891000032424927
294.3819885253906,0.0,0.0,0.0,1.7622309923171997,-0.6755139827728271,0.20090313255786896,2.1549477577209473,0.23496991395950317
357.0899963378906,0.0,0.0,0.0,2.8095452785491943,-1.3782132863998413,0.22659532725811005,4.06757926940918,0.1553099900484085
240.52200317382812,0.0,0.0,0.0,3.8053030967712402,-0.8771805763244629,0.0625331923365593,4.3338799476623535,0.015335588715970516
68.0459976196289,0.0,0.0,0.0,2.360435724258423,-1.633971929550171,0.4864460527896881,3.742342472076416,0.3860118091106415
353.6860046386719,0.0,0.0,0.0,2.118588924407959,-0.6322693824768066,0.4663510024547577,2.6754395961761475,0.5407128930091858
444.64599609375,0.0,0.0,0.0,3.0578300952911377,-1.04166579246521,0.187679722905159,4.234093189239502,0.1863780915737152
100.22200012207031,0.0,0.0,0.0,2.7811310291290283,-0.9217748641967773,0.20090574026107788,3.621575117111206,0.17031696438789368
365.5060119628906,0.0,0.0,0.0,2.189995765686035,-2.3833906650543213,0.10861562937498093,3.589478015899658,-0.20814421772956848
872.8460083007812,0.0,0.0,0.0,2.695864677429199,-1.4629369974136353,0.3495153486728668,4.112672805786133,0.24823825061321259
761.6699829101562,0.0,0.0,0.0,2.749985456466675,-0.876227080821991,-0.09461519122123718,3.1495344638824463,-0.15667866170406342
258.98199462890625,0.0,0.0,0.0,-0.2801669239997864,-0.01425217092037201,-0.10408822447061539,1.8853213787078857,0.43932580947875977
927.8779907226562,0.0,0.0,0.0,0.23882050812244415,0.05547507479786873,0.016581110656261444,4.4905104637146,-0.14729751646518707
537.7100219726562,0.0,0.0,0.0,0.42609935998916626,0.02351462095975876,0.14562706649303436,1.9910457134246826,0.03017973154783249
417.7539978027344,0.0,0.0,0.0,4.195731163024902,-0.7979825139045715,0.22776465117931366,4.589113712310791,0.37856191396713257
201.42599487304688,0.0,0.0,0.0,3.4646732807159424,-0.42212894558906555,0.530306339263916,2.9186453819274902,0.5922276377677917
641.114013671875,0.0,0.0,0.0,3.969993829727173,0.92848140001297,-0.009141732007265091,4.636297225952148,0.06870850175619125
930.5020141601562,0.0,0.0,0.0,2.9406514167785645,0.04820770025253296,-0.03181476518511772,4.794414520263672,-0.12529203295707703
949.5780029296875,0.0,0.0,0.0,0.8647648692131042,0.007469912059605122,0.06249168515205383,3.999025344848633,-0.29889577627182007
478.3699951171875,0.0,0.0,0.0,1.270043134689331,2.437779664993286,-0.36745375394821167,3.0147366523742676,-0.2674119174480438
442.8380126953125,0.0,0.0,0.0,2.051304578781128,-0.959477961063385,0.29758912324905396,2.982475519180298,0.2712935209274292
404.50201416015625,0.0,0.0,0.0,1.5573861598968506,-0.290253221988678,0.32622987031936646,1.7404159307479858,0.30614766478538513
592.6300048828125,0.0,0.0,0.0,3.5738070011138916,1.1318345069885254,-0.04801884666085243,3.6771836280822754,-0.13327918946743011
925.166015625,0.0,0.0,0.0,-1.2983697652816772,0.48575958609580994,0.04481812193989754,4.14752721786499,-0.16851985454559326
386.65399169921875,0.0,0.0,0.0,0.4563823938369751,1.87147057056427,-0.8999751210212708,3.0936782360076904,-0.3823298513889313
705.1300048828125,0.0,0.0,0.0,3.987399101257324,1.3774590492248535,-0.13463300466537476,4.6431427001953125,0.005178069695830345
545.9819946289062,0.0,0.0,0.0,3.0033276081085205,1.525119662284851,-0.3015687167644501,4.021590709686279,-0.30009809136390686
322.32598876953125,0.0,0.0,0.0,1.956077218055725,-1.0693453550338745,0.3865457773208618,2.867231607437134,0.41561612486839294
868.4739990234375,0.0,0.0,0.0,1.2907432317733765,-0.25364869832992554,0.275844931602478,1.660290002822876,0.3303162455558777
675.6900024414062,0.0,0.0,0.0,4.326649188995361,0.0023227317724376917,0.17947213351726532,4.820516586303711,0.1369023472070694
121.6259994506836,0.0,0.0,0.0,1.3761177062988281,0.6552749276161194,-0.5922887325286865,1.5084540843963623,-0.4606974422931671
865.2260131835938,0.0,0.0,0.0,1.6715487241744995,-0.16528619825839996,0.009149725548923016,0.0,0.0
948.3419799804688,0.0,0.0,0.0,-0.07121022045612335,-0.01550542376935482,-0.03133676201105118,3.7893800735473633,-0.3020884692668915
806.010009765625,0.0,0.0,0.0,3.929154872894287,-1.9794076681137085,0.11272291094064713,4.8227691650390625,0.040644388645887375
573.9180297851562,0.0,0.0,0.0,3.169760227203369,-2.2732415199279785,0.1802305430173874,4.922672748565674,-0.1096077486872673
183.29400634765625,0.0,0.0,0.0,1.7110159397125244,-1.7258723974227905,0.9129971265792847,3.2294843196868896,0.7169404029846191
575.9979858398438,0.0,0.0,0.0,4.0649590492248535,-0.5318142771720886,-0.18599289655685425,4.007596969604492,-0.16111664474010468
417.19000244140625,0.0,0.0,0.0,4.170701503753662,-0.6094420552253723,0.035055045038461685,4.448156833648682,0.19919922947883606
147.3780059814453,0.0,0.0,0.0,2.0839998722076416,-1.1550711393356323,0.4497568905353546,2.863408327102661,0.49967795610427856
254.64199829101562,0.0,0.0,0.0,1.8981435298919678,1.6050457954406738,-0.8102078437805176,2.024446964263916,-0.5669234991073608
304.84600830078125,0.0,0.0,0.0,1.839499831199646,-1.2791050672531128,0.5090306997299194,2.3318898677825928,0.34667932987213135
776.1220092773438,0.0,0.0,0.0,2.3478291034698486,0.45797979831695557,-0.6082750558853149,3.0341851711273193,-0.7826947569847107
435.7860107421875,0.0,0.0,0.0,0.8755286931991577,1.7945220470428467,-0.9056484699249268,3.191948175430298,0.28788894414901733
698.6820068359375,0.0,0.0,0.0,2.3833014965057373,0.8862093091011047,-0.29978030920028687,2.846341848373413,-0.2814977467060089
695.677978515625,0.0,0.0,0.0,2.8617210388183594,1.1423509120941162,-0.2537840008735657,3.051852226257324,-0.1925293654203415
87.55000305175781,0.0,0.0,0.0,-1.5322777032852173,0.01964581571519375,-0.5575430989265442,3.0474631786346436,-0.041214149445295334
394.2139892578125,0.0,0.0,0.0,2.633671998977661,-2.0646581649780273,0.5238627791404724,4.30202054977417,0.3099490702152252
327.1340026855469,0.0,0.0,0.0,3.5142855644226074,-1.5599403381347656,0.10701339691877365,4.322324752807617,0.016727913171052933
214.01800537109375,0.0,0.0,0.0,2.386009693145752,-0.7508934140205383,0.24008966982364655,2.6875879764556885,0.18202731013298035
171.91799926757812,0.0,0.0,0.0,-0.47815200686454773,0.11174332350492477,0.011843501590192318,2.366811990737915,-1.1059250831604004
135.71400451660156,0.0,0.0,0.0,-0.13283635675907135,0.03250798583030701,0.18393337726593018,1.8766069412231445,-0.6065776348114014
623.0380249023438,0.0,0.0,0.0,-1.3866606950759888,-0.24711894989013672,0.897841215133667,3.5217201709747314,-0.5250075459480286
143.9219970703125,0.0,0.0,0.0,2.1492106914520264,-0.5145607590675354,0.19564604759216309,1.889932632446289,0.23209986090660095
328.8699951171875,0.0,0.0,0.0,4.076776027679443,0.12298550456762314,-0.32248347997665405,4.552444934844971,-0.2836759388446808
922.2780151367188,0.0,0.0,0.0,-0.4602874219417572,-3.284759521484375,1.1769094467163086,4.0564422607421875,0.3217073976993561
637.6259765625,0.0,0.0,0.0,2.834787368774414,1.2191259860992432,-0.24074696004390717,3.890420436859131,-0.20939865708351135
817.614013671875,0.0,0.0,0.0,2.2284092903137207,1.8242918252944946,-0.42296090722084045,4.023556709289551,-0.11303218454122543
605.2379760742188,0.0,0.0,0.0,3.020063638687134,3.0844619274139404,-0.27737221121788025,4.799038410186768,-0.10505109280347824
743.030029296875,0.0,0.0,0.0,4.473766803741455,-0.21017278730869293,0.14679250121116638,4.484734058380127,0.32103729248046875
786.6060180664062,0.0,0.0,0.0,1.3925718069076538,-0.32915937900543213,0.1450221836566925,1.6021885871887207,0.1574183851480484
744.0419921875,0.0,0.0,0.0,4.3579864501953125,-1.060500144958496,0.31129100918769836,4.655142784118652,0.3179705739021301
288.45001220703125,0.0,0.0,0.0,2.677722692489624,-2.5270488262176514,0.5923277735710144,3.6394081115722656,0.33087632060050964
81.41400146484375,0.0,0.0,0.0,2.4496829509735107,1.3378770351409912,-0.5096725225448608,3.606637716293335,-0.532645046710968
887.9860229492188,0.0,0.0,0.0,-1.7707880735397339,-2.0261497497558594,1.4739795923233032,3.926860809326172,-0.0211517084389925
808.9140014648438,0.0,0.0,0.0,3.6618189811706543,1.7546736001968384,-0.31811174750328064,4.436775207519531,-0.17583149671554565
127.10199737548828,0.0,0.0,0.0,2.1463115215301514,0.6328150629997253,-0.07989563047885895,3.145963668823242,0.022373296320438385
829.7420043945312,0.0,0.0,0.0,3.342529535293579,-1.75628662109375,0.6365218162536621,3.485863208770752,0.6181249022483826
644.6820068359375,0.0,0.0,0.0,4.582426071166992,0.2180817574262619,-0.03074345737695694,4.890953063964844,-0.048852480947971344
616.47802734375,0.0,0.0,0.0,-0.24530363082885742,-0.11769717186689377,0.014729270711541176,3.1802144050598145,0.797623336315155
150.93800354003906,0.0,0.0,0.0,1.3731908798217773,-2.593825340270996,0.6396945714950562,4.5668253898620605,-0.13590268790721893
237.3179931640625,0.0,0.0,0.0,3.331211566925049,-1.1431070566177368,0.11908413469791412,3.7213149070739746,0.07013632357120514
890.0059814453125,0.0,0.0,0.0,-1.3845078945159912,0.5145569443702698,0.09833666682243347,3.4056508541107178,-0.3848428726196289
720.3660278320312,0.0,0.0,0.0,4.308352947235107,-0.24653147161006927,-0.010410873219370842,4.510646343231201,0.036474768072366714
819.5659790039062,0.0,0.0,0.0,2.282972574234009,2.0512492656707764,-0.34615322947502136,4.117024898529053,-0.12492463737726212
100.55000305175781,0.0,0.0,0.0,2.917699098587036,-0.9252152442932129,0.17051143944263458,3.714779853820801,0.1408228725194931
807.9140014648438,0.0,0.0,0.0,4.075833320617676,0.7284524440765381,-0.44605493545532227,4.15921688079834,-0.4389612078666687
718.9099731445312,0.0,0.0,0.0,4.202807426452637,-0.705632746219635,-0.022103818133473396,4.731870651245117,-0.11053340137004852
858.8660278320312,0.0,0.0,0.0,3.9919676780700684,-0.6781226396560669,0.0697193369269371,4.26090669631958,0.021782636642456055
574.7459716796875,0.0,0.0,0.0,3.5346760749816895,-1.8040273189544678,-0.009103488177061081,4.674324035644531,-0.2547098696231842
306.0780029296875,0.0,0.0,0.0,1.969800591468811,-1.3235862255096436,0.37033939361572266,2.8416686058044434,0.2784525752067566
752.4219970703125,0.0,0.0,0.0,-0.547885000705719,0.16486236453056335,-0.027104685083031654,3.997626543045044,0.08274854719638824
502.2179870605469,0.0,0.0,0.0,3.645122766494751,0.15271487832069397,-0.0013162376126274467,4.2535319328308105,0.05076394975185394
359.989990234375,0.0,0.0,0.0,3.98856258392334,-0.9116382598876953,0.023431329056620598,4.496940612792969,-0.003840641351416707
456.8219909667969,0.0,0.0,0.0,1.9146981239318848,-1.697656512260437,0.21414116024971008,2.263787269592285,0.15495602786540985
499.45001220703125,0.0,0.0,0.0,2.0764191150665283,0.6197797656059265,-0.11726869642734528,3.1220908164978027,-0.07525364309549332
740.5700073242188,0.0,0.0,0.0,4.1376190185546875,-0.15303640067577362,-0.0037352063227444887,4.793447017669678,-0.011789236217737198
764.8460083007812,0.0,0.0,0.0,2.6927711963653564,-1.0548032522201538,0.43609878420829773,3.0316550731658936,0.32687127590179443
459.1180114746094,0.0,0.0,0.0,1.8326354026794434,-0.6340693235397339,0.09932084381580353,1.7676467895507812,0.06038977950811386
903.926025390625,0.0,0.0,0.0,3.132511854171753,0.25793758034706116,-0.05121308192610741,2.380178928375244,-0.08398459851741791
418.906005859375,0.0,0.0,0.0,3.8765275478363037,-1.6138134002685547,0.29346099495887756,4.5696024894714355,0.2796810269355774
191.1219940185547,0.0,0.0,0.0,1.9287176132202148,1.6884561777114868,-0.7728996872901917,4.095993518829346,-0.6862537860870361
655.2659912109375,0.0,0.0,0.0,1.8549314737319946,0.296027809381485,-0.43720248341560364,1.5952194929122925,-0.3184702694416046
572.2139892578125,0.0,0.0,0.0,3.0896034240722656,-2.092571496963501,0.41185569763183594,4.3151750564575195,0.17849312722682953
170.3179931640625,0.0,0.0,0.0,-1.4382669925689697,0.02117069624364376,0.527541995048523,3.016113042831421,-0.8593930006027222
375.57000732421875,0.0,0.0,0.0,2.1294405460357666,-0.7657514214515686,0.4032124876976013,2.228593587875366,0.49349555373191833
694.6179809570312,0.0,0.0,0.0,2.9496870040893555,0.7060364484786987,-0.37408170104026794,3.5876097679138184,-0.32730650901794434
344.1860046386719,0.0,0.0,0.0,-0.17513592541217804,-0.03578060120344162,0.3082577586174011,2.542454242706299,-0.8713216781616211
911.5339965820312,0.0,0.0,0.0,3.7716894149780273,1.4958271980285645,-0.18919582664966583,4.440516471862793,-0.18300305306911469
949.2059936523438,0.0,0.0,0.0,0.5416164398193359,0.013610752299427986,0.03909198194742203,4.248927116394043,-0.25177624821662903
80.58999633789062,0.0,0.0,0.0,2.2650065422058105,1.0619711875915527,-0.3764052987098694,3.2167880535125732,-0.5429836511611938
566.4140014648438,0.0,0.0,0.0,-0.34923720359802246,-0.0765945315361023,0.003955214284360409,3.3895411491394043,0.4622419476509094
519.0460205078125,0.0,0.0,0.0,2.479532241821289,0.7692052125930786,-0.1959102749824524,2.427196979522705,-0.09856819361448288
598.3460083007812,0.0,0.0,0.0,4.281782150268555,0.7500857710838318,-0.01939999684691429,4.357880592346191,0.02276233583688736
893.5059814453125,0.0,0.0,0.0,0.674500048160553,0.005874513648450375,0.045895740389823914,4.116265773773193,-0.233320415019989
598.72998046875,0.0,0.0,0.0,4.324855804443359,0.7010815143585205,-0.06246234476566315,4.615307807922363,-0.15169872343540192
350.4179992675781,0.0,0.0,0.0,-0.4540920853614807,0.031713034957647324,-0.4326275587081909,1.585058331489563,0.4411257207393646
711.2459716796875,0.0,0.0,0.0,3.9272782802581787,1.856867790222168,-0.236573725938797,4.786827564239502,-0.17034682631492615
883.06201171875,0.0,0.0,0.0,4.295007705688477,-1.2454395294189453,0.09342068433761597,4.910892963409424,0.06899391859769821
503.4700012207031,0.0,0.0,0.0,4.040453910827637,0.15859581530094147,-0.12935969233512878,4.319769382476807,-0.24070490896701813
936.4459838867188,0.0,0.0,0.0,3.598123550415039,1.4464552402496338,-0.24084201455116272,4.418496608734131,-0.09464965760707855
781.4660034179688,0.0,0.0,0.0,-0.8829586505889893,-0.25681835412979126,-0.11510348320007324,1.8750993013381958,0.16070188581943512
788.8419799804688,0.0,0.0,0.0,2.043639898300171,-0.7875175476074219,0.3356366455554962,3.0486183166503906,0.41910937428474426
372.84600830078125,0.0,0.0,0.0,1.143580436706543,-1.0504708290100098,0.48194020986557007,2.109496831893921,0.28146812319755554
515.614013671875,0.0,0.0,0.0,1.2312508821487427,-0.10471849143505096,0.11122284084558487,3.0646519660949707,-0.3490542769432068
336.2860107421875,0.0,0.0,0.0,3.5249545574188232,-0.9632357358932495,0.046148065477609634,3.138437032699585,0.08452995121479034
219.53399658203125,0.0,0.0,0.0,2.523026704788208,-0.441100537776947,0.13078247010707855,3.2326719760894775,0.12527845799922943
363.29400634765625,0.0,0.0,0.0,3.627009630203247,-1.4656356573104858,0.5672230124473572,3.136068344116211,0.518787682056427
478.6780090332031,0.0,0.0,0.0,1.2262707948684692,2.3635666370391846,-0.43874797224998474,3.2763049602508545,-0.21949534118175507
597.5579833984375,0.0,0.0,0.0,4.119077205657959,0.8837042450904846,-0.032950062304735184,4.627194404602051,-0.02002386376261711
710.8099975585938,0.0,0.0,0.0,3.964799165725708,1.7652546167373657,-0.2818413972854614,4.836785316467285,-0.2319442480802536
527.114013671875,0.0,0.0,0.0,1.107715368270874,1.7560385465621948,-0.7765960693359375,4.210102081298828,-0.11787569522857666
348.62200927734375,0.0,0.0,0.0,0.5829412341117859,1.5620616674423218,-1.144749402999878,2.9623706340789795,-0.411568820476532
155.7259979248047,0.0,0.0,0.0,0.3768972158432007,0.0010395752033218741,0.1844620406627655,2.2751705646514893,-0.9479522705078125
286.1340026855469,0.0,0.0,0.0,4.486543655395508,0.27791011333465576,-0.025671036913990974,4.406905651092529,0.23106613755226135
441.8900146484375,0.0,0.0,0.0,1.558500051498413,-0.9998548030853271,0.4062102735042572,2.2517669200897217,0.36695680022239685
597.4500122070312,0.0,0.0,0.0,4.087434768676758,0.9197989106178284,-0.027692066505551338,4.663492679595947,-0.02930866740643978
109.24600219726562,0.0,0.0,0.0,-1.0019315481185913,0.1952165961265564,0.21807128190994263,3.5961527824401855,-0.13986198604106903
117.05000305175781,0.0,0.0,0.0,0.45520809292793274,1.3764368295669556,-1.0860869884490967,2.012451410293579,-0.6632677316665649
556.3460083007812,0.0,0.0,0.0,2.2335526943206787,2.5917046070098877,-0.3444119989871979,3.68334698677063,-0.29685553908348083
699.9180297851562,0.0,0.0,0.0,2.6328353881835938,1.1645970344543457,-0.3007009029388428,3.448446750640869,-0.27936840057373047
462.50201416015625,0.0,0.0,0.0,1.749871850013733,-0.4093734622001648,0.3006933629512787,2.1060290336608887,0.32600322365760803
359.1059875488281,0.0,0.0,0.0,3.733915090560913,-1.0781837701797485,0.06348805129528046,4.531341075897217,0.0706658586859703
574.4099731445312,0.0,0.0,0.0,3.36688494682312,-2.0556447505950928,0.0910424292087555,4.530247211456299,-0.12859846651554108
98.68599700927734,0.0,0.0,0.0,2.1731226444244385,-0.8896303772926331,0.3018737733364105,2.8800888061523438,0.26975002884864807
432.4219970703125,0.0,0.0,0.0,1.1062556505203247,-0.020974578335881233,-0.10139250010251999,2.3677310943603516,-0.9712894558906555
379.2380065917969,0.0,0.0,0.0,2.326066732406616,-1.0294173955917358,0.3454643487930298,3.2995166778564453,0.3012445569038391
212.11399841308594,0.0,0.0,0.0,1.8434420824050903,-0.26431208848953247,0.24279731512069702,2.4354193210601807,0.2463950663805008
592.2780151367188,0.0,0.0,0.0,3.617267370223999,1.1790703535079956,-0.13281391561031342,3.973442554473877,-0.12479327619075775
160.64999389648438,0.0,0.0,0.0,-0.6982633471488953,0.6369220614433289,-1.3540520668029785,4.174581527709961,0.025514954701066017
408.0979919433594,0.0,0.0,0.0,2.614595890045166,-1.3253551721572876,0.3585949242115021,3.8003287315368652,0.2922557294368744
440.0060119628906,0.0,0.0,0.0,1.4539117813110352,-0.1084059327840805,0.47921985387802124,2.01631236076355,0.6477023363113403
339.57000732421875,0.0,0.0,0.0,1.2075361013412476,-1.4420733451843262,0.5866504907608032,2.1288552284240723,0.5191791653633118
641.906005859375,0.0,0.0,0.0,4.1508402824401855,0.7191063165664673,-0.021123813465237617,4.749297142028809,0.04099174588918686
149.71800231933594,0.0,0.0,0.0,2.105255603790283,-2.1696600914001465,0.5534824728965759,4.566683292388916,0.1840633749961853
382.72198486328125,0.0,0.0,0.0,3.3335447311401367,-0.6120098233222961,-0.4833599030971527,2.5800912380218506,-0.5369715690612793
888.9619750976562,0.0,0.0,0.0,-2.053171396255493,0.39054495096206665,0.5798499584197998,3.9634807109832764,-0.28916841745376587
932.5139770507812,0.0,0.0,0.0,4.027997016906738,0.6100221872329712,-0.08495987206697464,4.552058696746826,-0.13428282737731934
487.25,0.0,0.0,0.0,1.6342878341674805,-1.519121527671814,0.766515851020813,3.1591312885284424,0.6641004681587219
351.30999755859375,0.0,0.0,0.0,0.11308497190475464,-0.05291087552905083,-0.17970010638237,2.3136892318725586,0.41337651014328003
458.1659851074219,0.0,0.0,0.0,1.879775047302246,-0.9752123355865479,0.12123189121484756,1.985818862915039,0.09808405488729477
185.3179931640625,0.0,0.0,0.0,-1.1253224611282349,-0.7250442504882812,1.3670865297317505,4.4700541496276855,-0.33043891191482544
308.9419860839844,0.0,0.0,0.0,1.9643793106079102,-0.9750219583511353,0.48081308603286743,2.027404546737671,0.37188613414764404
576.9819946289062,0.0,0.0,0.0,4.031886577606201,0.15092431008815765,-0.11624214798212051,4.326709270477295,-0.04730044677853584
615.8779907226562,0.0,0.0,0.0,-0.6126999855041504,-0.19143861532211304,-0.01026829145848751,3.001380681991577,0.7138069272041321
662.3380126953125,0.0,0.0,0.0,1.7599706649780273,0.6501969695091248,-0.09463191777467728,0.0,0.0
672.2459716796875,0.0,0.0,0.0,3.422003746032715,0.7328893542289734,-0.07265731692314148,4.064552307128906,-0.0011680321767926216
820.75,0.0,0.0,0.0,2.4171814918518066,2.054394483566284,-0.3021155297756195,4.420109272003174,0.0772106945514679
305.2019958496094,0.0,0.0,0.0,1.857521653175354,-1.2983685731887817,0.48556482791900635,2.657989501953125,0.42069557309150696
683.77001953125,0.0,0.0,0.0,2.1042308807373047,-3.24240779876709,0.37557533383369446,4.000833988189697,0.3397197723388672
509.2659912109375,0.0,0.0,0.0,0.30109718441963196,2.88212513923645,-0.9936972856521606,2.5489041805267334,-0.5670393109321594
518.9459838867188,0.0,0.0,0.0,2.490771532058716,0.7827532887458801,-0.18315021693706512,2.5362884998321533,-0.17801548540592194
516.1099853515625,0.0,0.0,0.0,1.7604966163635254,-0.12835632264614105,-0.054405514150857925,3.307103157043457,-0.33545613288879395
504.9179992675781,0.0,0.0,0.0,3.9546992778778076,1.3277069330215454,-0.3081744909286499,4.422306060791016,-0.25262629985809326
318.7900085449219,0.0,0.0,0.0,3.203606605529785,0.19031426310539246,-0.3935410678386688,2.458462715148926,-0.09458167850971222
335.6499938964844,0.0,0.0,0.0,3.69323992729187,-1.1451033353805542,0.03457779809832573,3.7760846614837646,-0.05358303710818291
593.8820190429688,0.0,0.0,0.0,3.5417733192443848,1.1420047283172607,-0.2161969244480133,3.874845027923584,-0.1935746967792511
706.6099853515625,0.0,0.0,0.0,4.2011919021606445,1.0719889402389526,-0.0289264228194952,4.660661697387695,0.02147950977087021
120.48200225830078,0.0,0.0,0.0,1.2916923761367798,0.26347070932388306,-0.3165217339992523,1.5528029203414917,-0.3600139319896698
933.8740234375,0.0,0.0,0.0,4.073846340179443,0.7203969359397888,-0.09487319737672806,4.082980632781982,-0.07755840569734573
286.7659912109375,0.0,0.0,0.0,4.341192245483398,0.0068684956058859825,0.3552623391151428,3.6471993923187256,0.39959314465522766
911.6539916992188,0.0,0.0,0.0,3.7767412662506104,1.509465217590332,-0.18836672604084015,4.732108116149902,-0.1744537204504013
100.41799926757812,0.0,0.0,0.0,2.860135555267334,-0.9138529896736145,0.18603254854679108,3.763766050338745,0.14702767133712769
681.35400390625,0.0,0.0,0.0,3.1969738006591797,-2.6543753147125244,0.3636881113052368,4.0027570724487305,0.18483151495456696
200.19000244140625,0.0,0.0,0.0,3.5651140213012695,0.3081233501434326,-0.00761934882029891,4.455954074859619,-0.03027988225221634
74.61799621582031,0.0,0.0,0.0,2.4520623683929443,0.3865264654159546,-0.03135702386498451,2.199756383895874,-0.00976228341460228
637.47802734375,0.0,0.0,0.0,2.779918670654297,1.20852530002594,-0.26816949248313904,3.7523248195648193,-0.1886598914861679
173.61399841308594,0.0,0.0,0.0,0.9014883637428284,-0.023050013929605484,-0.007009907625615597,2.136794328689575,-0.9705162048339844
298.3940124511719,0.0,0.0,0.0,3.3757171630859375,-1.0381120443344116,0.17455023527145386,4.070761203765869,0.0782826766371727
631.2860107421875,0.0,0.0,0.0,-0.0011163176968693733,0.0004508386191446334,-0.0015070923836901784,0.0,0.0
406.2900085449219,0.0,0.0,0.0,1.9798426628112793,-0.884680986404419,0.41085106134414673,2.693937063217163,0.45670005679130554
706.0780029296875,0.0,0.0,0.0,4.126969337463379,1.2386360168457031,-0.05036803334951401,4.760275840759277,-0.06869775056838989
165.3699951171875,0.0,0.0,0.0,2.7552034854888916,-1.3085355758666992,0.569728434085846,4.143355846405029,0.7105172276496887
660.9180297851562,0.0,0.0,0.0,2.089416980743408,0.8366825580596924,-0.24572357535362244,2.2720181941986084,-0.20886968076229095
822.8740234375,0.0,0.0,0.0,2.579925060272217,2.2751564979553223,-0.38380447030067444,4.130849361419678,-0.2889169454574585
436.0459899902344,0.0,0.0,0.0,0.6370739936828613,1.7752734422683716,-0.9920775294303894,2.8191192150115967,0.5380263924598694
372.1180114746094,0.0,0.0,0.0,1.0812724828720093,-1.2242708206176758,0.5611409544944763,1.6741968393325806,0.458258718252182
376.1499938964844,0.0,0.0,0.0,1.9292893409729004,-0.9506006240844727,0.49206048250198364,1.965463399887085,0.3772132694721222
321.4700012207031,0.0,0.0,0.0,1.7661422491073608,-0.9929408431053162,0.46648067235946655,2.3494961261749268,0.3732529282569885
720.6179809570312,0.0,0.0,0.0,4.3209357261657715,-0.22519560158252716,-0.03693041577935219,4.569162845611572,-0.05165115371346474
348.9939880371094,0.0,0.0,0.0,0.11882814019918442,1.4410279989242554,-1.3856867551803589,2.796541690826416,-0.24774102866649628
514.4819946289062,0.0,0.0,0.0,0.17201632261276245,-0.05079565569758415,0.028542041778564453,3.3216803073883057,-0.24147751927375793
314.0060119628906,0.0,0.0,0.0,2.698554039001465,-2.175665855407715,0.2630455493927002,4.222601890563965,0.09972726553678513
59.67399978637695,0.0,0.0,0.0,2.935227870941162,0.6433130502700806,-0.16880662739276886,3.7914540767669678,-0.17398060858249664
135.58599853515625,0.0,0.0,0.0,-0.22044458985328674,0.03050881065428257,0.14233280718326569,1.9010381698608398,-0.6074990034103394
546.2020263671875,0.0,0.0,0.0,3.0486819744110107,1.5723189115524292,-0.2860964238643646,3.867229700088501,-0.29651930928230286
365.07000732421875,0.0,0.0,0.0,2.077557325363159,-2.5528178215026855,0.23214729130268097,3.617034435272217,-0.10219800472259521
447.6860046386719,0.0,0.0,0.0,4.238699913024902,-0.7021745443344116,0.05233129486441612,4.831693649291992,0.030152762308716774
395.0459899902344,0.0,0.0,0.0,2.345665693283081,-2.4868927001953125,0.4663754999637604,4.573256969451904,0.0776716098189354
842.989990234375,0.0,0.0,0.0,3.7062578201293945,0.645693302154541,-0.1007600873708725,3.6816959381103516,-0.42406022548675537
619.8099975585938,0.0,0.0,0.0,2.2653701305389404,-1.3052432537078857,0.781131386756897,3.316253900527954,0.6859889030456543
82.59400177001953,0.0,0.0,0.0,2.4592068195343018,1.9324729442596436,-0.5315239429473877,4.387207984924316,-0.34645509719848633
924.1420288085938,0.0,0.0,0.0,-1.9200007915496826,0.6257281303405762,0.3274950087070465,4.069909572601318,-0.6510488390922546
74.88600158691406,0.0,0.0,0.0,2.3524739742279053,0.3669719099998474,0.005365925841033459,2.1180338859558105,-0.0632108524441719
491.2139892578125,0.0,0.0,0.0,-0.5055967569351196,0.11143191903829575,0.12731994688510895,1.975765585899353,-0.5367558598518372
516.25,0.0,0.0,0.0,1.8981544971466064,-0.11013681441545486,-0.06421121209859848,3.2766103744506836,-0.42333829402923584
146.67799377441406,0.0,0.0,0.0,1.8874365091323853,-1.0123838186264038,0.43451377749443054,2.7703232765197754,0.44954001903533936
553.1699829101562,0.0,0.0,0.0,2.866691827774048,2.7590179443359375,-0.42513570189476013,4.080772876739502,-0.22333276271820068
284.0220031738281,0.0,0.0,0.0,4.27345085144043,0.060918405652046204,-0.05069911852478981,4.3962531089782715,-0.13333463668823242
943.9940185546875,0.0,0.0,0.0,-1.8476481437683105,1.534159779548645,-1.3027892112731934,3.9039883613586426,0.47275927662849426
945.7139892578125,0.0,0.0,0.0,-1.3837007284164429,-0.38641348481178284,-0.14901819825172424,3.3459033966064453,0.7352351546287537
182.8179931640625,0.0,0.0,0.0,2.007338762283325,-1.257711410522461,0.8900355100631714,2.735535144805908,0.8684132695198059
810.1420288085938,0.0,0.0,0.0,3.5393869876861572,1.7330118417739868,-0.09949509054422379,3.980928421020508,-0.09007185697555542
811.1740112304688,0.0,0.0,0.0,3.448800563812256,1.3639297485351562,-0.03207926079630852,3.175398111343384,-0.024874547496438026
647.114013671875,0.0,0.0,0.0,4.630703449249268,0.3659132421016693,-0.026808004826307297,4.943429470062256,-0.10939271003007889
264.56201171875,0.0,0.0,0.0,3.3850557804107666,-0.6594958305358887,-0.12026058882474899,3.7364020347595215,-0.16918334364891052
95.38200378417969,0.0,0.0,0.0,1.5400105714797974,-0.6117501258850098,0.4372267425060272,2.025949239730835,0.411853164434433
739.1220092773438,0.0,0.0,0.0,3.7894651889801025,-0.39696204662323,-0.005836244206875563,4.489103317260742,0.04389246553182602
637.72998046875,0.0,0.0,0.0,2.8714330196380615,1.2273072004318237,-0.23403006792068481,4.0913987159729,-0.24351602792739868
930.1380004882812,0.0,0.0,0.0,2.5543015003204346,0.0133711788803339,-0.012009315192699432,4.5734782218933105,-0.16248896718025208
370.9779968261719,0.0,0.0,0.0,1.257228136062622,-1.481037974357605,0.5357368588447571,1.714072346687317,0.41954535245895386
135.3820037841797,0.0,0.0,0.0,-0.34981197118759155,0.015329869464039803,0.23280926048755646,1.6824952363967896,-0.5191714763641357
798.5020141601562,0.0,0.0,0.0,3.8106279373168945,-2.0360989570617676,0.1989014893770218,4.639004230499268,0.17075777053833008
602.0339965820312,0.0,0.0,0.0,3.921015501022339,2.0501744747161865,-0.35476571321487427,4.7115478515625,-0.2585624158382416
642.1300048828125,0.0,0.0,0.0,4.188432693481445,0.6567249298095703,-0.0033058689441531897,5.148925304412842,0.0533561110496521
475.64599609375,0.0,0.0,0.0,2.036372184753418,2.7035984992980957,-0.4793691635131836,3.2308390140533447,-0.28305745124816895
483.6300048828125,0.0,0.0,0.0,-0.05063724145293236,0.04457999765872955,-0.1889181137084961,2.405223846435547,0.8414967060089111
284.5140075683594,0.0,0.0,0.0,4.360653877258301,0.21315641701221466,-0.13883046805858612,4.646062850952148,-0.0969390794634819
582.1939697265625,0.0,0.0,0.0,1.353744626045227,-2.1565587520599365,0.881816029548645,2.2863118648529053,0.600395679473877
851.7100219726562,0.0,0.0,0.0,-0.002791958162561059,-6.410739297280088e-05,0.0012169992551207542,0.0,0.0
425.19000244140625,0.0,0.0,0.0,1.7598077058792114,-2.7188525199890137,0.3903261423110962,4.02087926864624,-0.012873676605522633
466.2179870605469,0.0,0.0,0.0,3.0627126693725586,-1.275896430015564,0.2450607419013977,4.275298118591309,0.21937279403209686
848.9420166015625,0.0,0.0,0.0,-0.42976152896881104,-0.1264498233795166,0.011229395866394043,1.756348729133606,0.08242737501859665
580.2659912109375,0.0,0.0,0.0,3.9843177795410156,-0.04736476019024849,0.18481282889842987,2.779804229736328,0.42356961965560913
299.39801025390625,0.0,0.0,0.0,3.360452890396118,-0.5734844207763672,-0.28708183765411377,2.621299982070923,-0.3984557092189789
440.6579895019531,0.0,0.0,0.0,1.6382743120193481,-0.5715396404266357,0.6836685538291931,2.0131359100341797,0.6149481534957886
587.2020263671875,0.0,0.0,0.0,0.6550519466400146,-0.025366777554154396,0.14906096458435059,3.121259927749634,-0.7948824167251587
299.0820007324219,0.0,0.0,0.0,3.431028127670288,-0.8866398334503174,-0.10764636844396591,3.319955348968506,-0.21514062583446503
91.6259994506836,0.0,0.0,0.0,1.0313773155212402,-0.0388530008494854,0.011396217159926891,1.346954584121704,0.03786845505237579
304.53399658203125,0.0,0.0,0.0,1.826097846031189,-1.2352988719940186,0.5241318941116333,2.6010477542877197,0.45453065633773804
360.7820129394531,0.0,0.0,0.0,4.18553352355957,-0.7214348912239075,0.01816260814666748,4.694247245788574,-0.011706102639436722
488.6340026855469,0.0,0.0,0.0,0.700046718120575,-1.9912559986114502,0.9476866722106934,3.1302661895751953,0.014830084517598152
433.6820068359375,0.0,0.0,0.0,1.7587021589279175,0.9047656059265137,-0.8558139204978943,2.533698320388794,-0.8798510432243347
936.573974609375,0.0,0.0,0.0,3.605374813079834,1.4697258472442627,-0.1919851154088974,4.350772380828857,-0.23077832162380219
593.989990234375,0.0,0.0,0.0,3.5304617881774902,1.1792724132537842,-0.21801766753196716,3.806830644607544,-0.1033104807138443
836.010009765625,0.0,0.0,0.0,-0.9830948710441589,0.2785504460334778,0.04687396436929703,2.9934942722320557,-0.5165271162986755
299.3179931640625,0.0,0.0,0.0,3.3760054111480713,-0.6676622033119202,-0.2358047217130661,2.9170308113098145,-0.3802393078804016
192.35000610351562,0.0,0.0,0.0,0.8641576170921326,2.3520495891571045,-0.914103090763092,4.6598334312438965,-0.21632826328277588
388.56201171875,0.0,0.0,0.0,-0.5585838556289673,0.055382005870342255,-0.284463495016098,3.6757125854492188,0.38825833797454834
744.3499755859375,0.0,0.0,0.0,4.309417724609375,-1.3197628259658813,0.2846347391605377,4.58774471282959,0.26122891902923584
908.2459716796875,0.0,0.0,0.0,2.7551441192626953,1.647702932357788,-0.3700738549232483,4.187358379364014,-0.22725258767604828
295.114013671875,0.0,0.0,0.0,2.0182487964630127,-0.6802886128425598,0.2610677182674408,2.799409866333008,0.2965294420719147
285.3380126953125,0.0,0.0,0.0,4.458786964416504,0.34901881217956543,-0.05091942474246025,4.6490373611450195,0.06879035383462906
595.6619873046875,0.0,0.0,0.0,3.6168830394744873,1.3169134855270386,-0.1408604234457016,4.385269641876221,-0.11502055823802948
705.8740234375,0.0,0.0,0.0,4.088164329528809,1.2765406370162964,-0.05950529873371124,4.725884437561035,-0.036778636276721954
133.21800231933594,0.0,0.0,0.0,0.578316867351532,-1.862205147743225,0.8890947699546814,2.373884677886963,-0.2403993308544159
158.8939971923828,0.0,0.0,0.0,1.1525529623031616,1.5618891716003418,-0.9544121623039246,3.021807909011841,-0.8626890182495117
141.63400268554688,0.0,0.0,0.0,2.4942448139190674,-0.8126761317253113,0.16249385476112366,2.5270447731018066,0.16645066440105438
492.46600341796875,0.0,0.0,0.0,0.26761239767074585,0.034011222422122955,0.08110293745994568,2.2229461669921875,-0.6788119077682495
829.1740112304688,0.0,0.0,0.0,3.863731622695923,-1.1025372743606567,0.345201700925827,3.5840282440185547,0.4591602385044098
178.98599243164062,0.0,0.0,0.0,-0.49122434854507446,0.002317233243957162,-0.3038056194782257,3.7395682334899902,0.5938776731491089
253.77000427246094,0.0,0.0,0.0,2.558626413345337,1.0920122861862183,-0.4570827782154083,2.898980140686035,-0.39870771765708923
251.21800231933594,0.0,0.0,0.0,2.5582172870635986,-1.6934112310409546,0.09321475774049759,2.9940989017486572,-0.15942919254302979
169.37399291992188,0.0,0.0,0.0,-1.0765851736068726,-1.8687928915023804,1.4192317724227905,4.06507682800293,-0.527276337146759
874.4180297851562,0.0,0.0,0.0,3.332928419113159,-1.4918248653411865,0.15148678421974182,4.689477920532227,0.05905461683869362
93.18599700927734,0.0,0.0,0.0,1.2391554117202759,-0.2848103642463684,0.3776471018791199,1.5565801858901978,0.3241061866283417
618.489990234375,0.0,0.0,0.0,1.6928695440292358,0.006931775715202093,0.14014600217342377,3.2815651893615723,0.8433159589767456
451.41400146484375,0.0,0.0,0.0,4.7218804359436035,-0.48283350467681885,0.01347922720015049,4.914325714111328,-0.009981646202504635
214.6060028076172,0.0,0.0,0.0,2.403536319732666,-0.8028808832168579,0.18908551335334778,2.5133090019226074,0.10524795949459076
776.3579711914062,0.0,0.0,0.0,2.4156429767608643,0.7578274011611938,-0.6664981245994568,3.4442224502563477,-0.8244107365608215
262.8500061035156,0.0,0.0,0.0,2.8257217407226562,-0.8631646037101746,0.3982231616973877,4.047021389007568,0.38065454363822937
577.5419921875,0.0,0.0,0.0,4.036381721496582,0.2959597408771515,-0.026218002662062645,4.386798858642578,-0.012746636755764484
563.8179931640625,0.0,0.0,0.0,-1.4258489608764648,0.9021624326705933,-1.1836344003677368,2.290327787399292,0.1298849731683731
697.6740112304688,0.0,0.0,0.0,2.4100162982940674,0.823905885219574,-0.09889629483222961,2.4542033672332764,-0.134240984916687
588.8779907226562,0.0,0.0,0.0,2.454618215560913,0.20093245804309845,-0.24234679341316223,3.9302268028259277,-0.47254714369773865
913.4340209960938,0.0,0.0,0.0,4.1079864501953125,1.3758807182312012,-0.080921970307827,4.583379745483398,-0.035935405641794205
244.98599243164062,0.0,0.0,0.0,3.584423065185547,-2.061514377593994,0.2310357689857483,4.3124237060546875,0.07725988328456879
448.6059875488281,0.0,0.0,0.0,4.3187947273254395,-0.6312862038612366,0.05641000717878342,5.040029525756836,-0.0012472785310819745
554.093994140625,0.0,0.0,0.0,2.582749366760254,2.7322232723236084,-0.32753294706344604,3.8985440731048584,-0.21613675355911255
613.6420288085938,0.0,0.0,0.0,-1.9388843774795532,0.07750075310468674,-0.6135557293891907,3.412764072418213,0.44197309017181396
392.9419860839844,0.0,0.0,0.0,2.76983380317688,-1.0966519117355347,0.5497701168060303,3.775913953781128,0.5918217301368713
288.36199951171875,0.0,0.0,0.0,2.7601850032806396,-2.4636216163635254,0.600243330001831,3.825746774673462,0.49059534072875977
106.81400299072266,0.0,0.0,0.0,0.6859211325645447,-2.596466064453125,0.702882707118988,2.970482110977173,0.2794260084629059
630.1939697265625,0.0,0.0,0.0,-0.047181449830532074,0.09843189269304276,0.0006436770781874657,0.0,0.0
768.1420288085938,0.0,0.0,0.0,2.212003707885742,-1.9283407926559448,0.65470951795578,2.711590528488159,0.5332692265510559
113.45800018310547,0.0,0.0,0.0,1.8196191787719727,0.7623012065887451,-0.5549184679985046,2.4477121829986572,-0.5470957159996033
83.0739974975586,0.0,0.0,0.0,2.3789749145507812,2.176090717315674,-0.5288921594619751,3.808300733566284,-0.41718947887420654
844.0780029296875,0.0,0.0,0.0,2.706709384918213,1.8560596704483032,-0.8564959764480591,2.8221592903137207,-0.6611847877502441
663.5460205078125,0.0,0.0,0.0,0.8289269208908081,0.2775900363922119,-0.044641152024269104,0.0,0.0
542.3179931640625,0.0,0.0,0.0,2.4487152099609375,0.6034325957298279,-0.29526403546333313,2.8302628993988037,-0.22957882285118103
758.5380249023438,0.0,0.0,0.0,3.350436210632324,-0.3690381944179535,-0.09963295608758926,3.7662909030914307,-0.052319563925266266
821.510009765625,0.0,0.0,0.0,2.565864086151123,2.0297422409057617,-0.3101562559604645,4.302898406982422,-0.21994653344154358
164.13400268554688,0.0,0.0,0.0,2.2327563762664795,-0.042949896305799484,0.23342324793338776,3.534637689590454,0.8387419581413269
697.0780029296875,0.0,0.0,0.0,2.535386800765991,0.9843624830245972,-0.10084190219640732,2.5950827598571777,-0.07124227285385132
783.677978515625,0.0,0.0,0.0,0.8836110830307007,-0.06954964995384216,0.008519143797457218,1.5770193338394165,0.12756536900997162
805.3619995117188,0.0,0.0,0.0,3.8326683044433594,-2.1475605964660645,0.20869934558868408,4.776357173919678,0.10291127860546112
579.5859985351562,0.0,0.0,0.0,4.234776496887207,0.18905234336853027,0.034625135362148285,4.062248229980469,0.08665752410888672
803.4340209960938,0.0,0.0,0.0,3.869455099105835,-2.061187505722046,0.244445338845253,4.791071891784668,0.1793622523546219
593.4219970703125,0.0,0.0,0.0,3.5649161338806152,1.0639474391937256,-0.1817372590303421,3.8336708545684814,-0.2718752324581146
727.6820068359375,0.0,0.0,0.0,-1.0193781852722168,0.4609958529472351,-0.9391751885414124,2.9092705249786377,0.17594996094703674
274.3179931640625,0.0,0.0,0.0,1.1004759073257446,-0.2257450819015503,0.10068736970424652,1.2970690727233887,0.12455197423696518
752.1699829101562,0.0,0.0,0.0,-0.6765113472938538,0.1958700716495514,-0.01880757510662079,4.156461238861084,-0.0763322189450264
867.4340209960938,0.0,0.0,0.0,0.6539592742919922,-0.08945970982313156,0.10812807083129883,1.219614028930664,0.1614374816417694
678.530029296875,0.0,0.0,0.0,4.212621212005615,-1.713489294052124,0.22949858009815216,4.6041998863220215,0.14096157252788544
438.5299987792969,0.0,0.0,0.0,0.028693104162812233,0.008166381157934666,-0.23426859080791473,2.10308575630188,0.9041767716407776
675.5419921875,0.0,0.0,0.0,4.311619281768799,0.1160835400223732,0.1849507987499237,4.509280681610107,0.20966337621212006
545.06201171875,0.0,0.0,0.0,2.837702512741089,1.3298364877700806,-0.379319429397583,3.6197519302368164,-0.30632197856903076
269.7699890136719,0.0,0.0,0.0,3.127673625946045,-1.169899344444275,0.2765938639640808,3.371359348297119,0.23247681558132172
723.2340087890625,0.0,0.0,0.0,3.7410528659820557,0.870550811290741,-0.5242450833320618,2.3914313316345215,-0.5351698994636536
812.6420288085938,0.0,0.0,0.0,3.0457489490509033,0.7660028338432312,-0.07172635942697525,2.753682851791382,-0.05310000106692314
499.1780090332031,0.0,0.0,0.0,1.8894290924072266,0.6507065296173096,-0.17121610045433044,2.777240037918091,-0.09679209440946579
62.7140007019043,0.0,0.0,0.0,3.0285723209381104,1.9750782251358032,-0.49234315752983093,3.757030963897705,-0.3053443133831024
805.0499877929688,0.0,0.0,0.0,3.82665753364563,-2.164238214492798,0.2291305810213089,4.711369037628174,0.15158677101135254
929.93798828125,0.0,0.0,0.0,2.325132369995117,0.011931397020816803,0.011194619350135326,4.397943496704102,-0.1547534465789795
424.75799560546875,0.0,0.0,0.0,1.8721866607666016,-2.7350552082061768,0.3693731725215912,4.22155237197876,0.07561317086219788
299.6700134277344,0.0,0.0,0.0,3.2184484004974365,-0.18285082280635834,-0.4883354604244232,2.65006685256958,-0.5535585284233093
409.8139953613281,0.0,0.0,0.0,2.757215976715088,-0.7297132611274719,-0.14427059888839722,2.3293631076812744,-0.08281721919775009
282.6499938964844,0.0,0.0,0.0,3.9716591835021973,-0.32820144295692444,-0.1324038803577423,4.451971054077148,-0.1304592341184616
57.354000091552734,0.0,0.0,0.0,1.4193655252456665,0.056559495627880096,-0.02535989321768284,2.4700310230255127,-0.13370217382907867
643.9539794921875,0.0,0.0,0.0,4.543602466583252,0.17037957906723022,6.257127824937925e-05,4.89845085144043,-0.030031472444534302
533.822021484375,0.0,0.0,0.0,1.2293728590011597,-1.7413051128387451,0.8985622525215149,3.033573627471924,0.4842679798603058
702.14599609375,0.0,0.0,0.0,3.438067674636841,1.1849673986434937,-0.07555609196424484,4.116689205169678,-0.06563492864370346
212.48199462890625,0.0,0.0,0.0,1.9996503591537476,-0.3868606686592102,0.2944283187389374,2.4868323802948,0.2268849015235901
695.9459838867188,0.0,0.0,0.0,2.8150546550750732,1.1576895713806152,-0.21976955235004425,2.7675745487213135,-0.1395144909620285
941.3499755859375,0.0,0.0,0.0,2.5158865451812744,2.597252130508423,-0.7474711537361145,3.7224645614624023,-0.4173090159893036
263.8500061035156,0.0,0.0,0.0,3.103853464126587,-1.094589114189148,0.10095571726560593,3.6983814239501953,-0.11785100400447845
626.510009765625,0.0,0.0,0.0,1.1432851552963257,0.03072665072977543,-0.06208857148885727,1.5842945575714111,-0.16155628859996796
738.5460205078125,0.0,0.0,0.0,3.658353090286255,-0.48566925525665283,0.0035557642113417387,4.324510097503662,-0.06026526167988777
119.02200317382812,0.0,0.0,0.0,-0.001649885787628591,0.19362463057041168,-0.5205933451652527,1.8184115886688232,-0.5479179620742798
612.8820190429688,0.0,0.0,0.0,-1.6424205303192139,1.8753629922866821,-1.2445465326309204,3.592916488647461,0.11916492134332657
729.7379760742188,0.0,0.0,0.0,0.11505294591188431,-0.06784846633672714,0.01576528511941433,2.813152313232422,0.5500447750091553
703.9539794921875,0.0,0.0,0.0,3.8712708950042725,1.2728403806686401,-0.18206803500652313,4.638274669647217,-0.17893926799297333
496.7539978027344,0.0,0.0,0.0,1.3953160047531128,1.0061124563217163,-0.10257606953382492,1.438307285308838,-0.12086712568998337
172.33799743652344,0.0,0.0,0.0,-0.23058801889419556,0.0729760006070137,0.004795401822775602,2.244535207748413,-1.0081400871276855
683.2139892578125,0.0,0.0,0.0,2.312390089035034,-3.156580686569214,0.3857068717479706,4.3390913009643555,0.2366340011358261
590.010009765625,0.0,0.0,0.0,3.1968417167663574,0.8147650361061096,-0.2826439142227173,4.300959587097168,-0.17541728913784027
122.79399871826172,0.0,0.0,0.0,1.2952885627746582,0.8033813238143921,-0.5918886661529541,1.5361928939819336,-0.4819895327091217
164.32200622558594,0.0,0.0,0.0,2.3842153549194336,-0.20450173318386078,0.3864426910877228,3.8488667011260986,0.6520605683326721
947.010009765625,0.0,0.0,0.0,-0.7577489018440247,-0.13435961306095123,0.005157417617738247,3.779446601867676,0.017115119844675064
502.9219970703125,0.0,0.0,0.0,3.8755221366882324,0.09596279263496399,-0.01860462687909603,4.466769218444824,0.015776488929986954
565.177978515625,0.0,0.0,0.0,-0.9751206040382385,-0.1824089139699936,-0.1355554759502411,3.018498659133911,0.2756011188030243
796.2979736328125,0.0,0.0,0.0,4.095909595489502,-1.23189377784729,0.27420565485954285,4.5132975578308105,0.22407996654510498
543.5339965820312,0.0,0.0,0.0,2.5934829711914062,0.9677852988243103,-0.32280489802360535,3.107771396636963,-0.24407251179218292
580.1259765625,0.0,0.0,0.0,4.073581695556641,0.045083221048116684,0.14460855722427368,2.9708428382873535,0.3572831153869629
338.77398681640625,0.0,0.0,0.0,1.3687440156936646,-1.3977705240249634,0.6432563662528992,1.7421996593475342,0.4568069577217102
75.04199981689453,0.0,0.0,0.0,2.298301935195923,0.35407087206840515,-0.0576278455555439,2.095883369445801,-0.032106027007102966
652.2379760742188,0.0,0.0,0.0,3.3476126194000244,0.6281337738037109,0.20976004004478455,3.133404016494751,0.2114557921886444
755.1099853515625,0.0,0.0,0.0,1.6642556190490723,0.1362314671278,0.011785865761339664,3.2201526165008545,0.693185031414032
437.7460021972656,0.0,0.0,0.0,-0.5230447053909302,0.1266488879919052,-0.7180579900741577,2.038783311843872,0.7687253952026367
264.2380065917969,0.0,0.0,0.0,3.2529520988464355,-0.8966640830039978,-0.09768643230199814,3.902416706085205,-0.13811233639717102
101.97799682617188,0.0,0.0,0.0,3.57254958152771,-0.8729332685470581,0.10347214341163635,4.235734462738037,0.05302815139293671
178.0500030517578,0.0,0.0,0.0,-0.7251890897750854,0.7904590368270874,-1.3404256105422974,4.548191547393799,0.003124861279502511
238.87399291992188,0.0,0.0,0.0,3.5121536254882812,-0.9276816844940186,0.1461578607559204,3.8712985515594482,0.1599777340888977
476.5140075683594,0.0,0.0,0.0,1.6671282052993774,2.753300905227661,-0.41019338369369507,3.2627198696136475,-0.11858412623405457
268.85400390625,0.0,0.0,0.0,3.3356618881225586,-0.6575185060501099,0.3700805902481079,3.3692665100097656,0.30165228247642517
955.7940063476562,0.0,0.0,0.0,1.5624260902404785,3.083340883255005,-0.6920927166938782,3.56135892868042,-0.45725297927856445
900.9619750976562,0.0,0.0,0.0,4.2973222732543945,0.6206863522529602,0.008888284675776958,4.153118133544922,0.024598969146609306
708.5419921875,0.0,0.0,0.0,4.387993335723877,0.7107100486755371,-0.11353585869073868,4.551643371582031,-0.2750912308692932
799.1300048828125,0.0,0.0,0.0,3.8565995693206787,-2.000375270843506,0.16938529908657074,4.680249214172363,0.1989222764968872
768.6099853515625,0.0,0.0,0.0,1.8352574110031128,-2.1824123859405518,0.6355674862861633,3.03509783744812,0.5036057829856873
460.77801513671875,0.0,0.0,0.0,1.6298129558563232,-0.3332586884498596,0.05538294091820717,1.6926575899124146,0.06854512542486191
404.36199951171875,0.0,0.0,0.0,1.5303280353546143,-0.2539319694042206,0.31217333674430847,1.841919183731079,0.31821587681770325
151.48199462890625,0.0,0.0,0.0,0.82529616355896,-2.5731124877929688,0.7470556497573853,4.7075066566467285,-0.3132602870464325
341.4540100097656,0.0,0.0,0.0,0.998631477355957,-1.5318511724472046,0.780156672000885,3.6479134559631348,0.12538528442382812
57.582000732421875,0.0,0.0,0.0,1.6455048322677612,0.07496728748083115,-0.07885543256998062,2.4658360481262207,-0.14519844949245453
535.0819702148438,0.0,0.0,0.0,-0.24914215505123138,-1.488702654838562,1.4913609027862549,1.6367772817611694,-0.0981825739145279
294.51800537109375,0.0,0.0,0.0,1.7971971035003662,-0.6632358431816101,0.22268785536289215,2.390552043914795,0.26877841353416443
837.9819946289062,0.0,0.0,0.0,0.059320300817489624,0.04389631748199463,-0.049534913152456284,2.8540689945220947,-0.521187424659729
311.39801025390625,0.0,0.0,0.0,2.2268497943878174,-1.4507288932800293,0.4759066700935364,3.631765604019165,0.3661976456642151
654.9140014648438,0.0,0.0,0.0,2.062648296356201,0.08464070409536362,-0.2547147870063782,1.6012295484542847,-0.2677479088306427
152.79400634765625,0.0,0.0,0.0,-1.26547372341156,-0.9618051052093506,1.3184272050857544,3.482984781265259,-0.7796298861503601
919.47802734375,0.0,0.0,0.0,3.958622932434082,-1.8531655073165894,0.20189060270786285,4.5000457763671875,0.11370420455932617
837.2420043945312,0.0,0.0,0.0,-0.3832046091556549,0.0951380580663681,0.015440200455486774,2.726212501525879,-0.4948614239692688
431.95001220703125,0.0,0.0,0.0,0.6513018608093262,0.010819991119205952,0.22980880737304688,2.573263168334961,-1.0577746629714966
81.55000305175781,0.0,0.0,0.0,2.465203046798706,1.4012341499328613,-0.5105592012405396,3.7378673553466797,-0.5257559418678284
362.7980041503906,0.0,0.0,0.0,4.111849308013916,-0.7473515868186951,0.32212701439857483,3.5156495571136475,0.3933747112751007
880.6740112304688,0.0,0.0,0.0,4.130997180938721,-1.3848598003387451,0.01626819744706154,4.82916259765625,0.1047695204615593
408.7820129394531,0.0,0.0,0.0,2.8016839027404785,-1.3929033279418945,0.17695549130439758,3.1820285320281982,0.00986095704138279
700.2659912109375,0.0,0.0,0.0,2.74522066116333,1.2229335308074951,-0.25399351119995117,3.8887557983398438,-0.19310496747493744
290.4419860839844,0.0,0.0,0.0,1.5559284687042236,-3.029223918914795,0.3726378381252289,2.6998825073242188,0.044312261044979095
625.5380249023438,0.0,0.0,0.0,0.12046290189027786,0.06126103550195694,0.020956259220838547,2.1922764778137207,-0.3750983774662018
78.41000366210938,0.0,0.0,0.0,1.4862046241760254,0.7062670588493347,-0.45108088850975037,2.006967544555664,-0.4317736327648163
476.20599365234375,0.0,0.0,0.0,1.7719411849975586,2.7726645469665527,-0.42395836114883423,3.2595202922821045,-0.23695091903209686
100.01000213623047,0.0,0.0,0.0,2.6681840419769287,-0.913860559463501,0.2001543790102005,3.589414358139038,0.19465085864067078
438.6300048828125,0.0,0.0,0.0,0.12253043055534363,0.005090279504656792,-0.28069233894348145,2.0482704639434814,0.7551121115684509
575.8779907226562,0.0,0.0,0.0,4.0482401847839355,-0.6436991691589355,-0.17869393527507782,3.97222638130188,-0.11265068501234055
817.281982421875,0.0,0.0,0.0,2.209606409072876,1.7296693325042725,-0.4296533167362213,3.798753023147583,-0.2697359323501587
908.8460083007812,0.0,0.0,0.0,2.932969331741333,1.7382780313491821,-0.30924782156944275,4.249073028564453,-0.09884491562843323
151.1580047607422,0.0,0.0,0.0,1.1740509271621704,-2.6060566902160645,0.6974979043006897,4.7950663566589355,-0.2545047402381897
515.1019897460938,0.0,0.0,0.0,0.6922035217285156,-0.05357155576348305,0.0952722355723381,3.1568217277526855,-0.3047625720500946
452.03399658203125,0.0,0.0,0.0,4.707076549530029,-0.4674379527568817,-0.019291236996650696,4.7603912353515625,0.001121620531193912
358.2460021972656,0.0,0.0,0.0,3.3710179328918457,-1.2163039445877075,0.11718086153268814,4.524055480957031,0.1500074565410614
927.5020141601562,0.0,0.0,0.0,-0.022316180169582367,0.06637882441282272,-0.04875769093632698,4.522944450378418,-0.11883263289928436
110.61799621582031,0.0,0.0,0.0,-0.23478271067142487,0.1090235635638237,0.023136889562010765,2.8359527587890625,-0.5986952781677246
662.1099853515625,0.0,0.0,0.0,1.9579168558120728,0.712885856628418,-0.11554352194070816,0.0,0.0
767.4140014648438,0.0,0.0,0.0,2.7380292415618896,-1.5804675817489624,0.4296104609966278,2.7875185012817383,0.43288281559944153
614.3460083007812,0.0,0.0,0.0,-1.5100642442703247,-0.34546124935150146,-0.23326726257801056,3.1476340293884277,0.6093692183494568
657.1420288085938,0.0,0.0,0.0,1.558445692062378,0.6706947684288025,-0.3967067301273346,2.011509656906128,-0.3497075140476227
933.77001953125,0.0,0.0,0.0,4.0854902267456055,0.7102475166320801,-0.09286881983280182,4.045586585998535,-0.07403072714805603
186.4499969482422,0.0,0.0,0.0,-0.6952847838401794,0.1298237442970276,0.16857962310314178,3.3385238647460938,-0.6813740134239197
267.9859924316406,0.0,0.0,0.0,3.476499319076538,0.3222358822822571,0.24156613647937775,3.4653871059417725,0.4371761679649353
737.2979736328125,0.0,0.0,0.0,3.261401653289795,-0.6233670115470886,0.04792438820004463,3.86804461479187,0.02842460386455059
416.7019958496094,0.0,0.0,0.0,4.045172214508057,-0.6832007169723511,0.005543519742786884,4.526472568511963,0.020172586664557457
263.5419921875,0.0,0.0,0.0,2.9961330890655518,-1.1512945890426636,0.22078391909599304,3.656933307647705,0.02840207889676094
866.6420288085938,0.0,0.0,0.0,0.620974600315094,-0.10648474097251892,-0.012347772717475891,0.0,0.0
904.8060302734375,0.0,0.0,0.0,2.5807323455810547,0.4831046760082245,-0.3434654772281647,2.3191139698028564,-0.3179537057876587
132.8459930419922,0.0,0.0,0.0,0.8698853850364685,-1.9106541872024536,0.7797873020172119,2.797060489654541,0.004057526588439941
924.4459838867188,0.0,0.0,0.0,-1.7146321535110474,0.6422000527381897,0.21446330845355988,3.5953783988952637,-0.7460804581642151
306.8139953613281,0.0,0.0,0.0,2.134720802307129,-1.1574201583862305,0.20339179039001465,2.7136805057525635,0.13138602674007416
65.38200378417969,0.0,0.0,0.0,2.6669204235076904,1.7864718437194824,0.2718251645565033,2.786679744720459,0.4677186906337738
673.9180297851562,0.0,0.0,0.0,4.014153957366943,0.5664966106414795,0.00659905094653368,4.572949409484863,-0.009463251568377018
832.2780151367188,0.0,0.0,0.0,0.9934278726577759,-3.0740864276885986,0.5754333734512329,3.365724563598633,-0.544284462928772
206.3300018310547,0.0,0.0,0.0,-1.1696511507034302,0.06117599457502365,0.42010048031806946,2.4699862003326416,-0.6671848893165588
668.1179809570312,0.0,0.0,0.0,2.54654598236084,-0.16177621483802795,0.06239497289061546,2.319133758544922,0.09134543687105179
499.9100036621094,0.0,0.0,0.0,2.428576946258545,0.54388827085495,-0.07587651163339615,3.527121067047119,-0.0514085479080677
540.14599609375,0.0,0.0,0.0,2.224078893661499,-0.030184758827090263,0.03493839129805565,2.4837870597839355,-0.00807769875973463
704.197998046875,0.0,0.0,0.0,3.8997137546539307,1.3206310272216797,-0.15089847147464752,4.5806403160095215,-0.09007146954536438
473.6860046386719,0.0,0.0,0.0,3.8911688327789307,1.412676453590393,-0.20669087767601013,3.5692789554595947,-0.38150107860565186
551.6740112304688,0.0,0.0,0.0,3.6752769947052,1.9929006099700928,-0.3322751522064209,4.121707916259766,-0.366855263710022
448.91400146484375,0.0,0.0,0.0,4.390602111816406,-0.658532440662384,0.05530889704823494,4.759761810302734,0.0004584741545841098
721.9180297851562,0.0,0.0,0.0,4.434068202972412,-0.038677506148815155,0.019175684079527855,4.558587551116943,-0.012469768524169922
888.4739990234375,0.0,0.0,0.0,-2.298764228820801,-0.41280198097229004,1.0016881227493286,4.144698143005371,-0.2233673334121704
158.08599853515625,0.0,0.0,0.0,1.4108301401138306,1.1319453716278076,-0.9137396812438965,2.310187816619873,-0.925261914730072
885.8619995117188,0.0,0.0,0.0,3.183905601501465,-2.192352771759033,0.8224747776985168,2.853381633758545,0.7235768437385559
168.78599548339844,0.0,0.0,0.0,0.20236675441265106,-2.7127418518066406,0.9534863829612732,4.3951544761657715,-0.297828733921051
685.0780029296875,0.0,0.0,0.0,1.5643737316131592,-3.2675068378448486,0.4050598740577698,4.134859561920166,0.47775477170944214
677.5700073242188,0.0,0.0,0.0,4.34789514541626,-1.2309612035751343,0.2725801169872284,4.588569164276123,0.24948684871196747
791.8419799804688,0.0,0.0,0.0,3.269378900527954,-1.2402164936065674,0.13944005966186523,4.237740516662598,0.05206602066755295
263.1940002441406,0.0,0.0,0.0,2.9134557247161865,-1.0418654680252075,0.3431987166404724,3.9140212535858154,0.2675173580646515
173.14999389648438,0.0,0.0,0.0,0.44948622584342957,0.012661916203796864,0.1916205883026123,2.2082457542419434,-0.9620050191879272
507.510009765625,0.0,0.0,0.0,3.529289960861206,1.785250186920166,-0.4036308526992798,2.441531181335449,-0.48651087284088135
814.073974609375,0.0,0.0,0.0,2.322068452835083,0.731351375579834,-0.3012523055076599,2.15610408782959,-0.3607048988342285
422.50201416015625,0.0,0.0,0.0,2.3684275150299072,-2.5844480991363525,0.38600435853004456,3.8128015995025635,0.348923921585083
955.1179809570312,0.0,0.0,0.0,2.423163414001465,2.6358642578125,-0.7214493155479431,3.543667793273926,-0.6768706440925598
878.1099853515625,0.0,0.0,0.0,3.644305944442749,-2.0821352005004883,0.2964104115962982,4.686095237731934,0.1335776001214981
507.0780029296875,0.0,0.0,0.0,3.8215534687042236,1.6854528188705444,-0.1595938801765442,3.698648691177368,-0.2139517068862915
542.1220092773438,0.0,0.0,0.0,2.4319870471954346,0.5496756434440613,-0.22637872397899628,2.7578272819519043,-0.20370304584503174
647.3099975585938,0.0,0.0,0.0,4.631187438964844,0.3814052641391754,-0.05523598566651344,4.507747650146484,-0.31660643219947815
484.0820007324219,0.0,0.0,0.0,0.31989800930023193,0.030601395294070244,-0.20913919806480408,2.3466062545776367,0.7413140535354614
735.5419921875,0.0,0.0,0.0,2.6005589962005615,-0.9061838388442993,0.11645875126123428,3.144533395767212,0.0456029511988163
99.90599822998047,0.0,0.0,0.0,2.6160690784454346,-0.9138277769088745,0.20624418556690216,3.380453109741211,0.18342937529087067
151.6219940185547,0.0,0.0,0.0,0.6604651212692261,-2.541287660598755,0.8225124478340149,4.306868076324463,-0.39357927441596985
527.0180053710938,0.0,0.0,0.0,1.1614972352981567,1.7427085638046265,-0.753955066204071,4.239625930786133,-0.23412233591079712
83.82599639892578,0.0,0.0,0.0,2.03159236907959,2.5081872940063477,-0.5880138278007507,3.272913932800293,-0.6766580939292908
396.8219909667969,0.0,0.0,0.0,1.6016104221343994,-2.774456024169922,0.47571825981140137,4.046635627746582,-0.3522707223892212
923.573974609375,0.0,0.0,0.0,-2.3261749744415283,0.19285547733306885,0.6690810918807983,4.0586256980896,-0.3210906386375427
633.8779907226562,0.0,0.0,0.0,1.268493890762329,0.10093244910240173,-0.1267106980085373,1.9572499990463257,-0.2192482203245163
846.4019775390625,0.0,0.0,0.0,-1.357749581336975,1.356898546218872,-1.4105643033981323,4.153377056121826,-0.07478597015142441
902.3579711914062,0.0,0.0,0.0,3.985722064971924,0.4117565155029297,-0.0980042815208435,3.228853464126587,-0.03153538703918457
319.4540100097656,0.0,0.0,0.0,2.7077507972717285,0.2898118495941162,0.13387717306613922,1.916162371635437,0.3052191138267517
414.4859924316406,0.0,0.0,0.0,3.3681325912475586,-1.0608108043670654,0.1247001588344574,4.364983081817627,0.07725770026445389
315.406005859375,0.0,0.0,0.0,2.7463343143463135,-2.363525629043579,0.39349251985549927,4.365220546722412,0.3312841057777405
892.4739990234375,0.0,0.0,0.0,-0.10652747750282288,0.04143044352531433,-0.03695178031921387,3.6639771461486816,-0.32048821449279785
507.3380126953125,0.0,0.0,0.0,3.6936302185058594,1.7113100290298462,-0.26639121770858765,2.9906718730926514,-0.4122218191623688
877.1339721679688,0.0,0.0,0.0,3.8638429641723633,-1.6081955432891846,0.36046361923217773,4.588042259216309,0.32964110374450684
895.9539794921875,0.0,0.0,0.0,3.1667184829711914,0.08788327127695084,-0.15669792890548706,4.319487571716309,-0.24313758313655853
782.2139892578125,0.0,0.0,0.0,-0.4354143738746643,-0.16105887293815613,-0.0221389252692461,1.712953805923462,0.1418246179819107
469.8580017089844,0.0,0.0,0.0,4.279309272766113,-0.5892924070358276,0.006530131679028273,4.629718780517578,-0.12679190933704376
247.4499969482422,0.0,0.0,0.0,4.2931108474731445,-0.6678574681282043,-0.1129450798034668,4.436286926269531,-0.07335421442985535
382.3819885253906,0.0,0.0,0.0,3.4125428199768066,-1.1358535289764404,-0.20695148408412933,3.0632805824279785,-0.3675926923751831
316.5539855957031,0.0,0.0,0.0,2.494527816772461,-2.6732912063598633,0.3259584307670593,4.195574760437012,-0.17999421060085297
122.32599639892578,0.0,0.0,0.0,1.3072834014892578,0.7742517590522766,-0.5001081824302673,1.5686254501342773,-0.4899066686630249
403.35400390625,0.0,0.0,0.0,1.2340319156646729,-0.030468760058283806,-0.04190682992339134,1.5791921615600586,0.011408541351556778
107.8219985961914,0.0,0.0,0.0,-0.9852430820465088,-1.6500439643859863,1.3658710718154907,3.0222854614257812,0.33419811725616455
649.3419799804688,0.0,0.0,0.0,2.774909496307373,2.8727715015411377,-0.5113745927810669,3.7200889587402344,-0.02791821025311947
594.4500122070312,0.0,0.0,0.0,3.5257153511047363,1.2589740753173828,-0.22545070946216583,3.836174488067627,-0.17049437761306763
303.0220031738281,0.0,0.0,0.0,2.2395522594451904,-0.345366895198822,0.5172767639160156,2.1694254875183105,0.5388859510421753
539.1580200195312,0.0,0.0,0.0,1.8997786045074463,-0.021427376195788383,0.032511934638023376,2.490875005722046,0.07592398673295975
408.43798828125,0.0,0.0,0.0,2.731778621673584,-1.3904449939727783,0.32560181617736816,3.8790388107299805,0.14517506957054138
649.47802734375,0.0,0.0,0.0,2.667938232421875,2.9394571781158447,-0.4367004334926605,3.7797188758850098,0.09945220500230789
576.52197265625,0.0,0.0,0.0,4.0502238273620605,-0.07821793109178543,-0.17177417874336243,3.9703187942504883,-0.04615393280982971
440.34600830078125,0.0,0.0,0.0,1.6180413961410522,-0.34437254071235657,0.6827554702758789,2.003636121749878,0.6052435636520386
684.0980224609375,0.0,0.0,0.0,1.9778966903686523,-3.2680346965789795,0.38604170083999634,3.897089719772339,0.46780478954315186
208.7100067138672,0.0,0.0,0.0,0.21701636910438538,-0.005584231577813625,0.04478135704994202,2.3254551887512207,-0.5415410399436951
664.7420043945312,0.0,0.0,0.0,0.8560131192207336,0.08598201721906662,-0.0005565350293181837,1.7572680711746216,0.04958928003907204
664.8579711914062,0.0,0.0,0.0,0.9862894415855408,0.08481963723897934,0.04655689373612404,1.8734902143478394,0.05505229905247688
491.1180114746094,0.0,0.0,0.0,-0.5494782328605652,0.12022081762552261,0.09125068783760071,2.0828959941864014,-0.5559990406036377
196.73800659179688,0.0,0.0,0.0,1.661897897720337,0.0847538411617279,-0.018590860068798065,2.754305362701416,-0.08747374266386032
95.24600219726562,0.0,0.0,0.0,1.5130915641784668,-0.5928468704223633,0.4439391493797302,1.8902528285980225,0.4299130141735077
446.7860107421875,0.0,0.0,0.0,3.9985873699188232,-0.8484214544296265,0.04332047328352928,4.554850101470947,0.02027181163430214
918.9739990234375,0.0,0.0,0.0,3.9951999187469482,-1.7546130418777466,0.2530878484249115,4.588986396789551,0.21310777962207794
875.3619995117188,0.0,0.0,0.0,3.787240743637085,-1.1566747426986694,0.010453343391418457,4.763099670410156,-0.044568195939064026
596.010009765625,0.0,0.0,0.0,3.6828737258911133,1.2801916599273682,-0.13136862218379974,4.238219738006592,-0.07716527581214905
791.7100219726562,0.0,0.0,0.0,3.20863938331604,-1.2557592391967773,0.16544391214847565,4.3068695068359375,-0.019676150754094124
845.469970703125,0.0,0.0,0.0,0.5961820483207703,2.6632440090179443,-0.9264242053031921,3.6862125396728516,-0.5521788001060486
66.29000091552734,0.0,0.0,0.0,2.796096086502075,-0.03227459266781807,0.7120005488395691,2.652062177658081,0.5713128447532654
326.39801025390625,0.0,0.0,0.0,3.2692410945892334,-1.6795698404312134,0.24968893826007843,4.36594295501709,0.18893122673034668
631.3820190429688,0.0,0.0,0.0,-0.00123218959197402,0.00046039753942750394,-0.001617572968825698,0.0,0.0
81.88600158691406,0.0,0.0,0.0,2.493419885635376,1.5650556087493896,-0.5327352285385132,3.687910556793213,-0.45702263712882996
673.7780151367188,0.0,0.0,0.0,3.965782403945923,0.5774330496788025,-0.017610611394047737,4.599269866943359,0.042819634079933167
747.5020141601562,0.0,0.0,0.0,0.33550775051116943,-3.7242321968078613,1.011351227760315,3.7730536460876465,0.46791207790374756
294.8500061035156,0.0,0.0,0.0,1.9139530658721924,-0.6656679511070251,0.24413208663463593,2.6461305618286133,0.3003881871700287
564.6060180664062,0.0,0.0,0.0,-1.2656258344650269,-0.09276226162910461,-0.40297478437423706,2.9267563819885254,0.18240603804588318
790.8140258789062,0.0,0.0,0.0,2.867502212524414,-1.1736581325531006,0.27582454681396484,3.9853644371032715,0.21152181923389435
917.0180053710938,0.0,0.0,0.0,4.489580154418945,0.48192310333251953,0.1682818979024887,4.254818439483643,0.3333519995212555
575.114013671875,0.0,0.0,0.0,3.7680370807647705,-1.4446724653244019,-0.10793442279100418,4.747530460357666,-0.14709079265594482
272.91400146484375,0.0,0.0,0.0,2.1057076454162598,-0.6110514402389526,0.04978335276246071,0.0,0.0
628.2659912109375,0.0,0.0,0.0,1.4339709281921387,0.25050589442253113,-0.14454768598079681,1.485993504524231,-0.12141184508800507
306.00201416015625,0.0,0.0,0.0,1.9554634094238281,-1.3208309412002563,0.38682276010513306,2.783762216567993,0.22516685724258423
346.1820068359375,0.0,0.0,0.0,1.469700813293457,0.3936269283294678,-0.822876513004303,2.038097620010376,-0.9305569529533386
286.6419982910156,0.0,0.0,0.0,4.388457298278809,0.18392755091190338,0.2303561121225357,3.5638887882232666,0.35872894525527954
782.9420166015625,0.0,0.0,0.0,0.052416328340768814,-0.08741901069879532,0.014448186382651329,1.549705982208252,0.13102765381336212
124.24600219726562,0.0,0.0,0.0,1.3837380409240723,0.8473783135414124,-0.5184345245361328,1.8422858715057373,-0.5376220941543579
372.2460021972656,0.0,0.0,0.0,1.0862720012664795,-1.195296287536621,0.5545966029167175,1.5899304151535034,0.470953106880188
809.2379760742188,0.0,0.0,0.0,3.61385440826416,1.8229695558547974,-0.2546679377555847,4.013778209686279,-0.22741243243217468
80.0979995727539,0.0,0.0,0.0,2.0451650619506836,0.9475330114364624,-0.444985032081604,3.090468168258667,-0.5207732915878296
774.6060180664062,0.0,0.0,0.0,0.8601751923561096,0.00012724589032586664,0.1962304711341858,3.240777015686035,-0.8035733699798584
824.2379760742188,0.0,0.0,0.0,2.5078043937683105,2.500953197479248,-0.3179519772529602,4.10235595703125,-0.13060271739959717
663.22998046875,0.0,0.0,0.0,1.0739538669586182,0.3708890378475189,0.005392590072005987,0.0,0.0
464.22198486328125,0.0,0.0,0.0,2.2717249393463135,-0.9274510145187378,0.3660517632961273,3.317417860031128,0.40819278359413147
75.22200012207031,0.0,0.0,0.0,2.232861042022705,0.3378666639328003,-0.020382417365908623,1.9636836051940918,0.016286620870232582
610.3779907226562,0.0,0.0,0.0,1.800268292427063,3.409928798675537,-0.42854171991348267,3.929924726486206,0.06308411061763763
864.4459838867188,0.0,0.0,0.0,2.211259603500366,-0.19462043046951294,0.004246226511895657,0.0,0.0
287.3219909667969,0.0,0.0,0.0,3.95159912109375,-1.0353704690933228,0.6057989597320557,3.2731940746307373,0.46274033188819885
421.98199462890625,0.0,0.0,0.0,2.5269620418548584,-2.5035464763641357,0.3987377882003784,3.5775444507598877,0.2540665566921234
834.3300170898438,0.0,0.0,0.0,-1.892502784729004,-0.1100686565041542,0.7408375144004822,2.894763946533203,-0.4231302738189697
141.21400451660156,0.0,0.0,0.0,2.5165579319000244,-0.8255959749221802,0.19327732920646667,2.6305882930755615,0.14723873138427734
838.8460083007812,0.0,0.0,0.0,0.8098900318145752,0.011861834675073624,0.1103290542960167,3.011058807373047,-0.5750276446342468
112.23799896240234,0.0,0.0,0.0,1.2734674215316772,0.031937140971422195,-0.04574023187160492,2.135225296020508,-0.5692690014839172
430.7539978027344,0.0,0.0,0.0,-0.321615606546402,0.07895313203334808,0.0003627383557613939,2.369612455368042,-0.9530810117721558
374.6419982910156,0.0,0.0,0.0,2.223031520843506,-0.691326379776001,0.13247431814670563,2.8273327350616455,0.10678400844335556
348.7460021972656,0.0,0.0,0.0,0.4463605582714081,1.5413951873779297,-1.1648070812225342,2.850241184234619,-0.3682501018047333
594.1939697265625,0.0,0.0,0.0,3.5213353633880615,1.2083556652069092,-0.20757117867469788,4.011250972747803,-0.2222261130809784
713.2100219726562,0.0,0.0,0.0,4.1878790855407715,0.05647268146276474,0.4336078464984894,3.8729512691497803,0.3942960798740387
458.98199462890625,0.0,0.0,0.0,1.8470878601074219,-0.6625313758850098,0.09542610496282578,1.8407671451568604,0.08482286334037781
265.9700012207031,0.0,0.0,0.0,3.687572956085205,0.3389987349510193,-0.20215950906276703,4.144618511199951,-0.25695332884788513
617.6740112304688,0.0,0.0,0.0,0.7929039001464844,-0.04162626340985298,-0.18683701753616333,3.140047311782837,0.7620335817337036
399.64599609375,0.0,0.0,0.0,-1.3980083465576172,-0.5454109311103821,1.1037949323654175,2.091639280319214,-0.8009030818939209
207.07400512695312,0.0,0.0,0.0,-0.7611916065216064,0.12118541449308395,0.09134970605373383,2.3209540843963623,-0.7987138032913208
874.8499755859375,0.0,0.0,0.0,3.563286066055298,-1.3578795194625854,0.07699480652809143,4.796696186065674,-0.030749021098017693
737.6420288085938,0.0,0.0,0.0,3.3715195655822754,-0.6072615385055542,0.029433226212859154,3.8275339603424072,-0.018641475588083267
439.50201416015625,0.0,0.0,0.0,1.0161082744598389,0.07820931077003479,-0.008820918388664722,1.986092448234558,0.583290696144104
808.6740112304688,0.0,0.0,0.0,3.7465250492095947,1.6312717199325562,-0.32441529631614685,4.189250469207764,-0.27148133516311646
161.19000244140625,0.0,0.0,0.0,-0.5506265759468079,0.10774946212768555,-0.49494093656539917,4.095388889312744,0.26644080877304077
85.11799621582031,0.0,0.0,0.0,1.0866296291351318,2.8707170486450195,-0.5991150140762329,3.2582850456237793,-0.4092126786708832
550.56201171875,0.0,0.0,0.0,3.780428409576416,1.8602328300476074,-0.19930477440357208,4.936951160430908,-0.2021215856075287
236.6060028076172,0.0,0.0,0.0,3.2047274112701416,-1.1870514154434204,0.1922105997800827,3.9307005405426025,0.14400619268417358
524.9860229492188,0.0,0.0,0.0,1.400945782661438,1.374353051185608,-0.5446056723594666,2.6787374019622803,-0.47680217027664185
138.71800231933594,0.0,0.0,0.0,2.0708045959472656,-0.34097862243652344,0.2896498739719391,2.672248125076294,0.3206552267074585
819.9219970703125,0.0,0.0,0.0,2.3142647743225098,2.052649736404419,-0.3381648361682892,4.354606628417969,-0.09793005883693695
555.677978515625,0.0,0.0,0.0,2.3233413696289062,2.632962226867676,-0.3571016192436218,3.799966335296631,-0.23352591693401337
655.5499877929688,0.0,0.0,0.0,1.687259316444397,0.4467923045158386,-0.39555609226226807,1.6364487409591675,-0.3674308955669403
73.31400299072266,0.0,0.0,0.0,2.9703781604766846,0.2520711421966553,-0.15845152735710144,2.5386295318603516,-0.12022124230861664
877.06201171875,0.0,0.0,0.0,3.8858084678649902,-1.553808569908142,0.35075923800468445,4.429951190948486,0.35936397314071655
789.677978515625,0.0,0.0,0.0,2.368908643722534,-0.9758579730987549,0.32317715883255005,3.7424187660217285,0.33464953303337097
668.4619750976562,0.0,0.0,0.0,2.482356309890747,-0.16005146503448486,0.05670667439699173,2.34867000579834,0.0346943661570549
116.51399993896484,0.0,0.0,0.0,0.7477449178695679,1.5172818899154663,-0.8179202675819397,2.0773398876190186,-0.6878355145454407
650.0540161132812,0.0,0.0,0.0,2.4980480670928955,2.990427255630493,-0.27404528856277466,3.7756268978118896,0.2255932092666626
456.46600341796875,0.0,0.0,0.0,1.9594413042068481,-1.900010108947754,0.2561217248439789,2.185192108154297,0.12393154203891754
222.08999633789062,0.0,0.0,0.0,3.330151319503784,-0.5781741738319397,0.16875196993350983,3.612314462661743,0.29487380385398865
847.9340209960938,0.0,0.0,0.0,-0.983782947063446,-0.26571494340896606,-0.13789618015289307,2.2560629844665527,0.13796111941337585
190.0260009765625,0.0,0.0,0.0,2.0423967838287354,0.6659835577011108,-0.7039080858230591,2.762038230895996,-0.8379537463188171
832.8579711914062,0.0,0.0,0.0,0.3559914529323578,-2.9705569744110107,0.7897019982337952,3.0207865238189697,-0.6933190822601318
68.14600372314453,0.0,0.0,0.0,2.3589794635772705,-1.658176302909851,0.48578596115112305,3.7758443355560303,0.35104668140411377
109.4540023803711,0.0,0.0,0.0,-0.8876996040344238,0.19734148681163788,0.17186112701892853,3.756114959716797,-0.18875795602798462
700.5419921875,0.0,0.0,0.0,2.862713575363159,1.2405803203582764,-0.25911393761634827,3.7458913326263428,-0.25260695815086365
550.6380004882812,0.0,0.0,0.0,3.7970731258392334,1.8736352920532227,-0.19616639614105225,4.486263275146484,-0.1498703956604004
412.2179870605469,0.0,0.0,0.0,2.651623487472534,-0.8225159049034119,0.2683330178260803,3.2706732749938965,0.16227726638317108
155.28199768066406,0.0,0.0,0.0,-0.030929235741496086,0.029747089371085167,-0.03082955628633499,2.0860228538513184,-0.9517854452133179
758.114013671875,0.0,0.0,0.0,3.262277841567993,-0.633014440536499,-0.10097373276948929,3.4159488677978516,-0.14825186133384705
450.5379943847656,0.0,0.0,0.0,4.650458812713623,-0.5457823872566223,-6.565819785464555e-05,4.9568891525268555,-0.042064499109983444
321.2099914550781,0.0,0.0,0.0,1.7745732069015503,-0.940701961517334,0.5117530822753906,2.156369686126709,0.3974282145500183
741.6900024414062,0.0,0.0,0.0,4.335416793823242,-0.05903596803545952,-0.007004917599260807,4.739887714385986,0.017184268683195114
675.8179931640625,0.0,0.0,0.0,4.360507488250732,-0.10123637318611145,0.18855680525302887,4.676081657409668,0.2040947526693344
499.5820007324219,0.0,0.0,0.0,2.1800079345703125,0.5942440629005432,-0.14343179762363434,3.226412534713745,-0.09333338588476181
883.2340087890625,0.0,0.0,0.0,4.310207843780518,-1.2258917093276978,0.09758275747299194,4.590222358703613,0.040893036872148514
926.489990234375,0.0,0.0,0.0,-0.6167448163032532,0.16191163659095764,-0.01019730232656002,4.379064083099365,-0.18534031510353088
149.1179962158203,0.0,0.0,0.0,2.2290029525756836,-1.8508363962173462,0.5460205674171448,4.120090484619141,0.3007544279098511
245.48199462890625,0.0,0.0,0.0,3.6385345458984375,-2.022681474685669,0.09499162435531616,4.2616095542907715,-0.11618205904960632
334.8420104980469,0.0,0.0,0.0,3.847421884536743,-1.3618583679199219,0.1158331111073494,3.8394744396209717,0.11016831547021866
297.1860046386719,0.0,0.0,0.0,2.841597318649292,-0.9672271013259888,0.1993645578622818,3.7873921394348145,0.2476675808429718
277.5539855957031,0.0,0.0,0.0,2.274202823638916,-0.9166714549064636,0.39339137077331543,3.1705455780029297,0.4076700508594513
699.4420166015625,0.0,0.0,0.0,2.5049290657043457,1.0713363885879517,-0.3081667423248291,3.157686233520508,-0.2866412401199341
939.9619750976562,0.0,0.0,0.0,3.9822795391082764,0.951909601688385,-0.3226242661476135,3.776237964630127,-0.4773528277873993
300.25,0.0,0.0,0.0,2.718331813812256,0.7888051867485046,-0.6607226133346558,2.369112014770508,-0.5225435495376587
255.08999633789062,0.0,0.0,0.0,1.4067134857177734,1.8254497051239014,-0.9048048257827759,2.034764289855957,-0.6555930376052856
248.46600341796875,0.0,0.0,0.0,4.102008819580078,-0.2317403107881546,0.058391790837049484,3.0570895671844482,0.2981015741825104
262.01800537109375,0.0,0.0,0.0,2.441606283187866,-0.2641849219799042,0.3272579312324524,3.6178741455078125,0.515953779220581
481.60198974609375,0.0,0.0,0.0,0.07085563242435455,1.5375840663909912,-1.195460557937622,3.504448175430298,0.17412476241588593
94.4219970703125,0.0,0.0,0.0,1.3805574178695679,-0.503339946269989,0.39332857728004456,1.7262904644012451,0.38911089301109314
915.5819702148438,0.0,0.0,0.0,4.468932628631592,1.016126275062561,-0.018107259646058083,4.636195659637451,0.006891818251460791
569.47802734375,0.0,0.0,0.0,2.433589458465576,0.06920389086008072,0.05004562437534332,4.099363327026367,0.552617073059082
120.87000274658203,0.0,0.0,0.0,1.4012001752853394,0.40004920959472656,-0.46886351704597473,1.8858119249343872,-0.5510636568069458
101.00199890136719,0.0,0.0,0.0,3.115307331085205,-0.9042650461196899,0.15080605447292328,3.995126724243164,0.12162766605615616
82.91799926757812,0.0,0.0,0.0,2.4129836559295654,2.1106228828430176,-0.5244090557098389,4.230876445770264,-0.41135504841804504
861.6420288085938,0.0,0.0,0.0,4.0727219581604,-0.2957189679145813,0.049584850668907166,0.0,0.0
397.4859924316406,0.0,0.0,0.0,1.2340792417526245,-2.7416746616363525,0.5465784072875977,3.6282339096069336,-0.3872332274913788
334.5580139160156,0.0,0.0,0.0,3.908330202102661,-1.384935736656189,0.13926468789577484,3.9274234771728516,0.097788006067276
246.35400390625,0.0,0.0,0.0,4.005339622497559,-1.4372427463531494,-0.0665210634469986,4.503312110900879,-0.057662174105644226
439.8059997558594,0.0,0.0,0.0,1.2996139526367188,-0.003285626182332635,0.356151819229126,2.0427768230438232,0.6092464327812195
470.29400634765625,0.0,0.0,0.0,4.3625898361206055,-0.3806873857975006,-0.11958007514476776,4.708574295043945,-0.24398668110370636
577.1820068359375,0.0,0.0,0.0,4.029759883880615,0.2082929164171219,-0.08143536746501923,4.403409481048584,-0.09611048549413681
881.530029296875,0.0,0.0,0.0,4.2286200523376465,-1.2404556274414062,0.13459844887256622,4.9606828689575195,0.10830497741699219
134.99400329589844,0.0,0.0,0.0,-0.574838399887085,-0.06906212121248245,0.5306616425514221,1.8073536157608032,-0.5296946167945862
811.6740112304688,0.0,0.0,0.0,3.350057601928711,1.128502607345581,-0.039788808673620224,3.2127797603607178,-0.06735222041606903
616.3779907226562,0.0,0.0,0.0,-0.3093019425868988,-0.12745368480682373,0.008725962601602077,3.2575290203094482,0.7744474411010742
171.02200317382812,0.0,0.0,0.0,-1.0059922933578491,0.21787039935588837,0.20346298813819885,2.7040820121765137,-1.0103048086166382
363.04998779296875,0.0,0.0,0.0,3.9101321697235107,-1.0733957290649414,0.516391932964325,3.10640287399292,0.58781898021698
343.15399169921875,0.0,0.0,0.0,-0.4796951413154602,-0.771953284740448,1.3869166374206543,3.454071521759033,-0.6483646035194397
699.56201171875,0.0,0.0,0.0,2.523442268371582,1.0904194116592407,-0.27844691276550293,3.1855685710906982,-0.30255618691444397
294.74200439453125,0.0,0.0,0.0,1.8711261749267578,-0.6583887338638306,0.2591102123260498,2.5478339195251465,0.24897049367427826
259.1260070800781,0.0,0.0,0.0,-0.19949005544185638,-0.013042634353041649,-0.0685512125492096,2.009341239929199,0.3132297694683075
518.4099731445312,0.0,0.0,0.0,2.5401480197906494,0.7504030466079712,-0.2918485403060913,2.736845016479492,-0.1946268230676651
821.4099731445312,0.0,0.0,0.0,2.5447936058044434,2.0166800022125244,-0.3397744596004486,4.220782279968262,-0.2681727111339569
781.3619995117188,0.0,0.0,0.0,-0.946624755859375,-0.2512267231941223,-0.15096083283424377,1.8252408504486084,0.09631863236427307
355.58599853515625,0.0,0.0,0.0,2.4461593627929688,-1.3401439189910889,0.3604787588119507,3.2821044921875,0.23370350897312164
530.9459838867188,0.0,0.0,0.0,0.6643615961074829,0.021935010328888893,-0.2389395833015442,2.59261417388916,1.024816870689392
398.7019958496094,0.0,0.0,0.0,0.01011702325195074,-2.3724617958068848,1.0703991651535034,2.9134132862091064,-0.729108452796936
262.4179992675781,0.0,0.0,0.0,2.6634790897369385,-0.5697228312492371,0.36638033390045166,4.077288627624512,0.5440945029258728
873.1420288085938,0.0,0.0,0.0,2.796398162841797,-1.51628577709198,0.32630738615989685,4.64113712310791,0.2115122526884079
490.19000244140625,0.0,0.0,0.0,-0.9929704070091248,-0.10894031822681427,0.7889225482940674,1.9504969120025635,-0.48192036151885986
686.010009765625,0.0,0.0,0.0,1.1276838779449463,-3.149329423904419,0.43169665336608887,4.054805278778076,0.5123099088668823
198.11399841308594,0.0,0.0,0.0,2.7035129070281982,0.18392685055732727,-0.04889180511236191,3.5648324489593506,-0.09594914317131042
135.11399841308594,0.0,0.0,0.0,-0.5085865259170532,-0.028667408972978592,0.4025987982749939,1.8531136512756348,-0.571815013885498
913.3140258789062,0.0,0.0,0.0,4.08534049987793,1.4029370546340942,-0.0876554474234581,4.8241963386535645,-0.05026465281844139
797.2100219726562,0.0,0.0,0.0,3.9049768447875977,-1.7778648138046265,0.3086891174316406,4.620457649230957,0.3402527868747711
165.6060028076172,0.0,0.0,0.0,2.736849069595337,-1.535435676574707,0.5844200849533081,3.88016414642334,0.5986548662185669
729.530029296875,0.0,0.0,0.0,-0.0397944450378418,-0.06741958111524582,-0.01277746632695198,3.1450865268707275,0.5406454205513
125.27799987792969,0.0,0.0,0.0,1.3803746700286865,0.906425416469574,-0.7171068787574768,1.8420847654342651,-0.6403260231018066
313.802001953125,0.0,0.0,0.0,2.6539905071258545,-2.1535537242889404,0.2874177396297455,4.344888687133789,-0.019178789108991623
95.45800018310547,0.0,0.0,0.0,1.5569807291030884,-0.6324405670166016,0.42271941900253296,2.0968096256256104,0.4199225902557373
760.8099975585938,0.0,0.0,0.0,2.6625053882598877,-1.1660653352737427,0.36511173844337463,2.8430910110473633,0.17940132319927216
306.6780090332031,0.0,0.0,0.0,2.105764627456665,-1.205074667930603,0.23438036441802979,2.7938010692596436,0.16161896288394928
552.1539916992188,0.0,0.0,0.0,3.452937364578247,2.2084131240844727,-0.42204776406288147,4.210648059844971,-0.4487808644771576
473.3699951171875,0.0,0.0,0.0,4.0530900955200195,1.3570303916931152,-0.13449722528457642,3.9893245697021484,-0.1989181786775589
591.0499877929688,0.0,0.0,0.0,3.51417875289917,1.1600208282470703,-0.21059514582157135,4.397658348083496,-0.07546285539865494
623.75,0.0,0.0,0.0,-0.9977685213088989,0.20238298177719116,0.31270113587379456,2.8411331176757812,-0.8509565591812134
261.6180114746094,0.0,0.0,0.0,2.1060807704925537,-0.028131796047091484,0.24517881870269775,3.4386606216430664,0.5026180148124695
452.58599853515625,0.0,0.0,0.0,4.816633701324463,-0.36107513308525085,-0.005790411494672298,4.883099555969238,0.008005042560398579
257.6099853515625,0.0,0.0,0.0,-0.7868577241897583,0.6385111808776855,-1.2059489488601685,2.5915088653564453,-0.008194721303880215
438.7300109863281,0.0,0.0,0.0,0.22026391327381134,0.019576001912355423,-0.26826128363609314,2.329009532928467,0.7858859300613403
187.3699951171875,0.0,0.0,0.0,-0.16985870897769928,0.07868950814008713,0.022998614236712456,2.862111806869507,-0.7914167642593384
512.02197265625,0.0,0.0,0.0,-1.09828519821167,-0.35436221957206726,-0.06878452003002167,2.797775983810425,0.368787556886673
114.20600128173828,0.0,0.0,0.0,1.7185630798339844,1.1275265216827393,-0.731226921081543,2.1943559646606445,-0.6369206309318542
308.0780029296875,0.0,0.0,0.0,2.2372889518737793,-0.8113096952438354,0.2322613149881363,2.3726325035095215,0.300546258687973
674.4739990234375,0.0,0.0,0.0,4.135865211486816,0.5123748183250427,-0.02927403338253498,4.393751621246338,0.08334118127822876
750.7459716796875,0.0,0.0,0.0,-1.394546627998352,0.6198540925979614,0.06567911058664322,4.1615118980407715,-0.13805383443832397
227.63800048828125,0.0,0.0,0.0,3.6066386699676514,-1.06346595287323,0.03501739352941513,3.56309175491333,0.09258996695280075
827.4459838867188,0.0,0.0,0.0,3.7941689491271973,-0.21072296798229218,0.2874855399131775,4.303706645965576,0.25783535838127136
708.677978515625,0.0,0.0,0.0,4.360785961151123,0.7315079569816589,-0.17659886181354523,4.441197872161865,-0.3796159327030182
674.6099853515625,0.0,0.0,0.0,4.149142742156982,0.5080583095550537,-0.04443007707595825,4.831454753875732,0.0979183241724968
806.5700073242188,0.0,0.0,0.0,4.0757856369018555,-1.5979562997817993,-0.11072064936161041,4.636200428009033,-0.30972522497177124
565.677978515625,0.0,0.0,0.0,-0.7249301075935364,-0.15531764924526215,-0.04137426242232323,3.04549241065979,0.35890647768974304
647.8140258789062,0.0,0.0,0.0,4.4299468994140625,0.7376036643981934,-0.3267374038696289,3.8246166706085205,-0.49803030490875244
694.2780151367188,0.0,0.0,0.0,2.906968593597412,0.4402928650379181,-0.37316957116127014,3.398231029510498,-0.3308884799480438
583.6420288085938,0.0,0.0,0.0,-0.5196781158447266,-1.7184927463531494,1.4038777351379395,3.5158185958862305,0.1819201111793518
86.45800018310547,0.0,0.0,0.0,-0.7385707497596741,2.19447922706604,-1.3009014129638672,2.9128363132476807,-0.518923819065094
212.25799560546875,0.0,0.0,0.0,1.9069167375564575,-0.31723999977111816,0.23713766038417816,2.5434982776641846,0.2727254331111908
916.177978515625,0.0,0.0,0.0,4.500955104827881,0.9472513794898987,-0.03128201514482498,4.657234191894531,-0.018732093274593353
845.9660034179688,0.0,0.0,0.0,-0.4365195333957672,2.3087453842163086,-1.300241470336914,3.876850128173828,-0.2405199259519577
792.5419921875,0.0,0.0,0.0,3.5985944271087646,-1.0137481689453125,-0.009244770742952824,4.41786527633667,-0.07098051905632019
931.073974609375,0.0,0.0,0.0,3.4001386165618896,0.20650090277194977,-0.11654099076986313,4.785285949707031,-0.09146279096603394
123.88600158691406,0.0,0.0,0.0,1.3362139463424683,0.8337365388870239,-0.5258617997169495,1.9679712057113647,-0.5846415162086487
742.2659912109375,0.0,0.0,0.0,4.436691761016846,-0.0637286901473999,0.015508079901337624,4.851494312286377,0.013054468668997288
734.010009765625,0.0,0.0,0.0,2.4380111694335938,-1.2512822151184082,0.24924366176128387,2.802961587905884,0.20943185687065125
932.4500122070312,0.0,0.0,0.0,4.015568256378174,0.5995007753372192,-0.09694327414035797,4.624955654144287,-0.023147914558649063
924.6060180664062,0.0,0.0,0.0,-1.6133103370666504,0.626263439655304,0.1293332874774933,3.412776231765747,-0.6785271167755127
85.69400024414062,0.0,0.0,0.0,0.5679053664207458,2.7954957485198975,-0.6448464393615723,3.1931231021881104,-0.44419237971305847
781.9140014648438,0.0,0.0,0.0,-0.6189541816711426,-0.1992490440607071,-0.0547405444085598,1.6657848358154297,0.11059975624084473
228.6179962158203,0.0,0.0,0.0,3.3550662994384766,-0.8387246131896973,0.012295753695070744,2.950345277786255,0.022012073546648026
566.0540161132812,0.0,0.0,0.0,-0.5391435623168945,-0.12060660123825073,0.0038236109539866447,3.2437210083007812,0.3620385229587555
545.5139770507812,0.0,0.0,0.0,2.886427164077759,1.4525431394577026,-0.31881916522979736,4.118897438049316,-0.3343934416770935
666.7420043945312,0.0,0.0,0.0,2.3937699794769287,-0.08388327062129974,0.0615343302488327,2.763394594192505,0.06864827126264572
617.8099975585938,0.0,0.0,0.0,0.9473555088043213,-0.022826794534921646,-0.2172570377588272,3.1861355304718018,0.852432370185852
542.0339965820312,0.0,0.0,0.0,2.4245662689208984,0.520395040512085,-0.24674253165721893,2.741084098815918,-0.24716053903102875
421.8059997558594,0.0,0.0,0.0,2.5852537155151367,-2.4598090648651123,0.41248229146003723,3.5644307136535645,0.29476475715637207
562.5339965820312,0.0,0.0,0.0,0.5001711249351501,2.610849618911743,-0.6213065385818481,2.2632482051849365,-0.04096006229519844
360.3580017089844,0.0,0.0,0.0,4.087596893310547,-0.8187589645385742,-0.000946877698879689,4.4589409828186035,0.0062795099802315235
762.030029296875,0.0,0.0,0.0,2.869018793106079,-0.5627166032791138,-0.22690561413764954,3.1580698490142822,-0.27386170625686646
512.6019897460938,0.0,0.0,0.0,-0.8314526677131653,-0.24746423959732056,-0.011866280809044838,2.780665397644043,-0.01163795217871666
539.8140258789062,0.0,0.0,0.0,2.1485376358032227,-0.03450440615415573,0.01694929413497448,2.425065517425537,0.02834687940776348
840.3460083007812,0.0,0.0,0.0,2.3958730697631836,0.11936422437429428,-0.14486819505691528,3.6599531173706055,-0.22862687706947327
278.25,0.0,0.0,0.0,2.568173885345459,-1.1378999948501587,0.34994271397590637,3.40578556060791,0.33354005217552185
583.8820190429688,0.0,0.0,0.0,-0.8961068391799927,-1.2701486349105835,1.4792382717132568,3.441502809524536,-0.027222217991948128
219.25399780273438,0.0,0.0,0.0,2.3738770484924316,-0.41535666584968567,0.10548213869333267,3.3136959075927734,0.12693530321121216
807.56201171875,0.0,0.0,0.0,4.223669528961182,0.0603867843747139,-0.48716580867767334,3.892695903778076,-0.4544452726840973
266.2860107421875,0.0,0.0,0.0,3.663321018218994,0.5094496011734009,-0.20249740779399872,3.7898306846618652,-0.1495211124420166
345.4219970703125,0.0,0.0,0.0,0.9209158420562744,-0.0225626602768898,-0.04556936025619507,2.243533134460449,-1.0183141231536865
821.0540161132812,0.0,0.0,0.0,2.4682822227478027,2.0322649478912354,-0.33612093329429626,4.499452114105225,0.08884192258119583
338.4179992675781,0.0,0.0,0.0,1.5531878471374512,-1.3635445833206177,0.643474280834198,1.8776493072509766,0.51845383644104
525.8460083007812,0.0,0.0,0.0,1.445020079612732,1.5147491693496704,-0.6286112070083618,3.5321033000946045,-0.4844251871109009
781.6740112304688,0.0,0.0,0.0,-0.756039023399353,-0.23003436625003815,-0.06513296067714691,1.8027832508087158,0.13064292073249817
782.5700073242188,0.0,0.0,0.0,-0.21902510523796082,-0.12092141062021255,0.014867560938000679,1.5261067152023315,0.0869448259472847
420.4700012207031,0.0,0.0,0.0,3.3466250896453857,-1.9588018655776978,0.3664714992046356,3.4273006916046143,0.32206618785858154
553.281982421875,0.0,0.0,0.0,2.805147647857666,2.7947418689727783,-0.4084849953651428,3.9801628589630127,-0.15699179470539093
64.00599670410156,0.0,0.0,0.0,2.5392391681671143,2.4267566204071045,-0.3677791953086853,4.084482669830322,-0.1080702468752861
950.7059936523438,0.0,0.0,0.0,2.0730063915252686,-0.053277138620615005,0.06665662676095963,4.288017749786377,-0.38198938965797424
763.4420166015625,0.0,0.0,0.0,2.896474838256836,0.12779363989830017,0.1910761147737503,2.803506374359131,0.3187618553638458
130.57400512695312,0.0,0.0,0.0,2.2176828384399414,-1.2824997901916504,0.5004287958145142,2.5945796966552734,0.540837824344635
757.177978515625,0.0,0.0,0.0,2.8118765354156494,-1.0938631296157837,0.15721215307712555,3.8559136390686035,0.014733543619513512
188.78199768066406,0.0,0.0,0.0,1.1025004386901855,-0.04927805811166763,0.2334323227405548,3.1026923656463623,-0.9872917532920837
277.9179992675781,0.0,0.0,0.0,2.4256293773651123,-1.0272836685180664,0.37359294295310974,3.5682361125946045,0.36292025446891785
621.6060180664062,0.0,0.0,0.0,0.7067075371742249,-2.467214822769165,0.9534810185432434,4.2159743309021,0.10071898996829987
749.5540161132812,0.0,0.0,0.0,-2.1723856925964355,0.8610226511955261,0.37865811586380005,4.074810028076172,0.026765115559101105
312.1820068359375,0.0,0.0,0.0,2.3961338996887207,-1.7434842586517334,0.43060392141342163,4.133569240570068,0.17732657492160797
939.0419921875,0.0,0.0,0.0,4.022665500640869,0.9424854516983032,-0.07935496419668198,4.808379173278809,-0.09903282672166824
98.24199676513672,0.0,0.0,0.0,2.1007208824157715,-0.8750404715538025,0.3079788386821747,2.7559926509857178,0.33603283762931824
66.0780029296875,0.0,0.0,0.0,2.8481171131134033,0.40552979707717896,0.5985066294670105,2.6143314838409424,0.5608747005462646
65.4540023803711,0.0,0.0,0.0,2.703138589859009,1.6671139001846313,0.33061280846595764,2.6589996814727783,0.47096624970436096
351.614013671875,0.0,0.0,0.0,0.3828650712966919,-0.045302119106054306,-0.16019167006015778,2.262000560760498,0.41753852367401123
606.97802734375,0.0,0.0,0.0,3.1697795391082764,2.789227247238159,-0.16044852137565613,4.496558666229248,-0.15147435665130615
741.0780029296875,0.0,0.0,0.0,4.199143886566162,-0.1404043585062027,-0.010107099078595638,4.844567775726318,-0.06747090816497803
912.1300048828125,0.0,0.0,0.0,3.871900796890259,1.5343438386917114,-0.1623402237892151,4.680510520935059,-0.18257197737693787
320.95001220703125,0.0,0.0,0.0,1.8100591897964478,-0.8696322441101074,0.4955277442932129,2.0434939861297607,0.4408666491508484
325.8500061035156,0.0,0.0,0.0,3.1338932514190674,-1.6482179164886475,0.3024303913116455,4.386528015136719,0.22605131566524506
516.3779907226562,0.0,0.0,0.0,2.024045944213867,-0.08303217589855194,-0.1215762123465538,3.0771822929382324,-0.3322189450263977
507.43798828125,0.0,0.0,0.0,3.6038882732391357,1.7425569295883179,-0.35527336597442627,3.404240131378174,-0.4603842496871948
302.1700134277344,0.0,0.0,0.0,2.1393072605133057,0.48605266213417053,0.2795296311378479,2.38742733001709,0.2847582697868347
702.3820190429688,0.0,0.0,0.0,3.504587411880493,1.1341252326965332,-0.09363649785518646,4.29302978515625,-0.1926114857196808
810.969970703125,0.0,0.0,0.0,3.468010663986206,1.4494109153747559,-0.07603869587182999,3.583695888519287,0.017422562465071678
746.2420043945312,0.0,0.0,0.0,3.323805093765259,-2.521054744720459,0.7476367950439453,3.2445602416992188,0.7094020843505859
659.4819946289062,0.0,0.0,0.0,2.0032694339752197,0.840901255607605,-0.2963198721408844,2.4284355640411377,-0.27405229210853577
623.8779907226562,0.0,0.0,0.0,-0.9179471731185913,0.21238204836845398,0.17717352509498596,2.902344226837158,-0.7751176953315735
633.385986328125,0.0,0.0,0.0,0.8097324967384338,0.042961347848176956,-0.06449874490499496,1.5613219738006592,-0.12046393007040024
914.5700073242188,0.0,0.0,0.0,4.292980194091797,1.1838902235031128,-0.07207711786031723,4.971170425415039,-0.011831744574010372
387.614013671875,0.0,0.0,0.0,-0.6768430471420288,0.9434375166893005,-1.4321385622024536,3.381701707839966,0.14991600811481476
817.8699951171875,0.0,0.0,0.0,2.2326149940490723,1.8845590353012085,-0.4046730399131775,4.273142337799072,-0.1671885848045349
277.8059997558594,0.0,0.0,0.0,2.379331350326538,-0.9955410957336426,0.3804457187652588,3.3022940158843994,0.38272759318351746
916.5419921875,0.0,0.0,0.0,4.522221088409424,0.8436797857284546,0.037255555391311646,4.542688846588135,0.22931410372257233
199.9499969482422,0.0,0.0,0.0,3.4917266368865967,0.30381375551223755,0.0017891705501824617,4.238745212554932,-0.03498019278049469
904.06201171875,0.0,0.0,0.0,3.042130708694458,0.2613900601863861,-0.09025151282548904,2.2198662757873535,-0.16888146102428436
267.2659912109375,0.0,0.0,0.0,3.559495449066162,0.7735681533813477,-0.084833063185215,3.5646939277648926,0.12675724923610687
184.75,0.0,0.0,0.0,-0.30630767345428467,-1.8345832824707031,1.4573129415512085,4.328805446624756,0.08001603186130524
156.70199584960938,0.0,0.0,0.0,1.2829711437225342,0.11840828508138657,-0.5941293835639954,2.037200689315796,-0.9426826238632202
785.4099731445312,0.0,0.0,0.0,1.4700586795806885,-0.2723914384841919,0.15826007723808289,1.3493274450302124,0.11800054460763931
851.9459838867188,0.0,0.0,0.0,-0.0012427297187969089,-0.0009002949227578938,-0.00119109358638525,0.0,0.0
361.72198486328125,0.0,0.0,0.0,4.246431827545166,-0.4422065317630768,-0.043529167771339417,4.524109840393066,0.034595225006341934
377.7699890136719,0.0,0.0,0.0,1.792654275894165,-0.9219077825546265,0.3607877492904663,2.307490587234497,0.33384591341018677
352.9779968261719,0.0,0.0,0.0,1.757055640220642,-0.2125527411699295,0.32828426361083984,2.6480937004089355,0.5038748383522034
97.72200012207031,0.0,0.0,0.0,2.0046768188476562,-0.8656247854232788,0.29596057534217834,2.5276081562042236,0.3090212941169739
802.4739990234375,0.0,0.0,0.0,3.972702741622925,-1.8775554895401,0.22035466134548187,4.916744232177734,0.2191636562347412
414.0580139160156,0.0,0.0,0.0,3.229120969772339,-1.0872939825057983,0.15932604670524597,4.006447792053223,0.09846755862236023
226.4340057373047,0.0,0.0,0.0,3.6203317642211914,-1.3902140855789185,0.08487425744533539,3.863288640975952,0.016916833817958832
300.0419921875,0.0,0.0,0.0,2.9497928619384766,0.4657783806324005,-0.687160313129425,2.273427963256836,-0.43009254336357117
248.11000061035156,0.0,0.0,0.0,4.262360572814941,-0.31107082962989807,-0.11084059625864029,3.882155179977417,0.0315813273191452
337.1860046386719,0.0,0.0,0.0,2.8492443561553955,-0.9225815534591675,0.2041151374578476,2.088958740234375,0.30262646079063416
587.6099853515625,0.0,0.0,0.0,1.0948671102523804,-0.07968497276306152,0.2252511829137802,3.033043146133423,-0.8379725813865662
154.6060028076172,0.0,0.0,0.0,-0.4627291262149811,0.08297780901193619,0.04339749366044998,2.214716672897339,-0.9497967958450317
227.8459930419922,0.0,0.0,0.0,3.5850558280944824,-1.0093270540237427,0.03623262420296669,3.6361470222473145,-0.010047459974884987
313.0539855957031,0.0,0.0,0.0,2.5303189754486084,-2.0269341468811035,0.36428889632225037,4.558466911315918,0.022082794457674026
798.2420043945312,0.0,0.0,0.0,3.804718494415283,-2.025676727294922,0.24208198487758636,4.596503734588623,0.1979447305202484
254.53799438476562,0.0,0.0,0.0,2.012737989425659,1.5399471521377563,-0.7778047919273376,2.146672010421753,-0.6280326247215271
772.5139770507812,0.0,0.0,0.0,-0.7370737791061401,0.04846136271953583,0.20631660521030426,3.5001847743988037,-0.5637678503990173
576.43798828125,0.0,0.0,0.0,4.060555934906006,-0.13697493076324463,-0.1398637294769287,3.997847557067871,-0.13168399035930634
282.0539855957031,0.0,0.0,0.0,3.8048148155212402,-0.8078092932701111,-0.06773149222135544,4.343488693237305,-0.06824325025081635
703.0859985351562,0.0,0.0,0.0,3.709174871444702,1.1334595680236816,-0.11596338450908661,4.47970724105835,-0.17393729090690613
164.91400146484375,0.0,0.0,0.0,2.6828677654266357,-0.8280439376831055,0.5765544176101685,3.9347970485687256,0.853727400302887
813.1420288085938,0.0,0.0,0.0,2.788975715637207,0.6493362188339233,-0.05236176401376724,2.2278003692626953,-0.014464931562542915
55.38600158691406,0.0,0.0,0.0,-0.0010873645078390837,0.0006400534184649587,-0.0009028968634083867,0.0,0.0
591.9140014648438,0.0,0.0,0.0,3.6358025074005127,1.1887143850326538,-0.14018747210502625,4.105893611907959,-0.16545405983924866
781.5460205078125,0.0,0.0,0.0,-0.8327726125717163,-0.24350447952747345,-0.09427713602781296,1.6895776987075806,0.12696191668510437
757.5419921875,0.0,0.0,0.0,3.0202014446258545,-0.9748191833496094,0.03373100236058235,4.024679660797119,-0.023811448365449905
129.4980010986328,0.0,0.0,0.0,2.838606119155884,-0.34602442383766174,0.4443950653076172,2.5745368003845215,0.4701043963432312
241.1300048828125,0.0,0.0,0.0,3.904275894165039,-0.8010880947113037,0.0417000912129879,4.375415325164795,0.05250272527337074
202.9499969482422,0.0,0.0,0.0,1.9616329669952393,-2.2594010829925537,0.7118943929672241,3.3654403686523438,0.421354740858078
756.8779907226562,0.0,0.0,0.0,2.7126171588897705,-1.0870214700698853,0.34204918146133423,3.513221025466919,0.05229353904724121
758.010009765625,0.0,0.0,0.0,3.23972487449646,-0.7042874693870544,-0.07628686726093292,3.5488741397857666,-0.14048627018928528
439.1260070800781,0.0,0.0,0.0,0.6376715898513794,0.05461881682276726,-0.2966359257698059,2.1795730590820312,0.7848713994026184
632.2940063476562,0.0,0.0,0.0,-0.0009014479001052678,0.0007787968497723341,9.88638203125447e-05,0.0,0.0
247.802001953125,0.0,0.0,0.0,4.295467376708984,-0.4564591944217682,-0.11307559907436371,4.073294162750244,-0.05638065189123154
389.9020080566406,0.0,0.0,0.0,0.27455300092697144,0.0006284040864557028,-0.02339356578886509,3.357959747314453,0.5430814027786255
416.34600830078125,0.0,0.0,0.0,3.944298505783081,-0.756249189376831,0.036169566214084625,4.526706695556641,-0.02405015379190445
870.4340209960938,0.0,0.0,0.0,1.8694870471954346,-0.8157902359962463,0.45009246468544006,2.663674831390381,0.4784281551837921
713.114013671875,0.0,0.0,0.0,4.209020614624023,0.24077513813972473,0.4013025164604187,4.184950828552246,0.5047398805618286
676.6939697265625,0.0,0.0,0.0,4.422635555267334,-0.6928520202636719,0.20175078511238098,4.6555986404418945,0.17713384330272675
526.0020141601562,0.0,0.0,0.0,1.4353134632110596,1.5435712337493896,-0.563171923160553,3.619990825653076,-0.5203090310096741
679.8099975585938,0.0,0.0,0.0,4.015472888946533,-1.9003920555114746,0.27485400438308716,4.3191704750061035,0.36591771245002747
658.1019897460938,0.0,0.0,0.0,1.7451997995376587,0.7109752893447876,-0.3686189353466034,2.1469037532806396,-0.3480445146560669
166.83799743652344,0.0,0.0,0.0,2.2598369121551514,-2.441709041595459,0.5858046412467957,4.790801525115967,0.3267090916633606
723.333984375,0.0,0.0,0.0,3.6025452613830566,1.0494168996810913,-0.5429696440696716,2.1430368423461914,-0.533797025680542
405.00201416015625,0.0,0.0,0.0,1.6766055822372437,-0.45903095602989197,0.3820928633213043,2.0580554008483887,0.40693899989128113
223.31399536132812,0.0,0.0,0.0,3.2149386405944824,-1.2837538719177246,0.32202038168907166,3.8310399055480957,0.31395262479782104
582.7459716796875,0.0,0.0,0.0,0.8135290741920471,-2.283963441848755,0.8448988199234009,2.6534199714660645,0.5703891515731812
543.8460083007812,0.0,0.0,0.0,2.642777919769287,1.0399008989334106,-0.29267802834510803,3.4595019817352295,-0.3080846965312958
204.83399963378906,0.0,0.0,0.0,-0.10870173573493958,-2.3037383556365967,1.1641075611114502,3.590707778930664,-0.13471387326717377
56.4379997253418,0.0,0.0,0.0,0.3539644479751587,0.012050461955368519,0.00958948489278555,1.3978102207183838,-0.021509220823645592
781.2260131835938,0.0,0.0,0.0,-1.0314829349517822,-0.2618238925933838,-0.17993417382240295,2.1139588356018066,0.15882375836372375
576.2940063476562,0.0,0.0,0.0,4.078656196594238,-0.2533265948295593,-0.18136106431484222,3.751970052719116,-0.024105343967676163
190.14999389648438,0.0,0.0,0.0,2.055643320083618,0.7866260409355164,-0.7548267245292664,3.0391156673431396,-0.8518547415733337
326.85400390625,0.0,0.0,0.0,3.400616407394409,-1.6408567428588867,0.1523781269788742,4.387328624725342,0.021626045927405357
789.9140014648438,0.0,0.0,0.0,2.4907562732696533,-1.028885006904602,0.2984383702278137,3.5138940811157227,0.34014567732810974
696.2420043945312,0.0,0.0,0.0,2.74161696434021,1.1605485677719116,-0.2146727740764618,2.759343385696411,-0.11325247585773468
681.926025390625,0.0,0.0,0.0,2.9469237327575684,-2.7838008403778076,0.41056564450263977,4.126292705535889,0.33124086260795593
716.6740112304688,0.0,0.0,0.0,3.908843517303467,-1.6485145092010498,0.053169380873441696,4.8522162437438965,-0.006422828882932663
908.5780029296875,0.0,0.0,0.0,2.8433260917663574,1.7073214054107666,-0.26392242312431335,4.353908538818359,-0.07725608348846436
56.849998474121094,0.0,0.0,0.0,0.8473845720291138,0.017057189717888832,0.027342725545167923,1.948812484741211,-0.06816565245389938
507.64599609375,0.0,0.0,0.0,3.3534865379333496,1.8884129524230957,-0.4668249785900116,2.1841211318969727,-0.5849888324737549
889.1619873046875,0.0,0.0,0.0,-1.9124605655670166,0.5218207240104675,0.4919629991054535,3.4647161960601807,-0.3208746314048767
119.31400299072266,0.0,0.0,0.0,0.22008031606674194,0.15038175880908966,-0.4283173978328705,1.8039010763168335,-0.47622159123420715
866.2059936523438,0.0,0.0,0.0,0.9639869332313538,-0.11500930041074753,0.01738157868385315,0.0,0.0
620.6099853515625,0.0,0.0,0.0,1.8649327754974365,-2.073615312576294,0.7805443406105042,3.9362094402313232,0.5575076937675476
582.9979858398438,0.0,0.0,0.0,0.5338335037231445,-2.244349718093872,0.9096581935882568,2.914839506149292,0.4799215495586395
792.4019775390625,0.0,0.0,0.0,3.5304629802703857,-1.0711562633514404,0.01937517710030079,4.3980207443237305,-0.03472575545310974
498.9179992675781,0.0,0.0,0.0,1.7417160272598267,0.6458241939544678,-0.28951942920684814,2.5221426486968994,-0.21571606397628784
591.5460205078125,0.0,0.0,0.0,3.5874531269073486,1.1873092651367188,-0.1574947088956833,4.195620536804199,-0.12192920595407486
407.3420104980469,0.0,0.0,0.0,2.33774471282959,-1.1632496118545532,0.3789719045162201,3.575532913208008,0.3991573750972748
460.6780090332031,0.0,0.0,0.0,1.639506459236145,-0.3442554175853729,0.06156317889690399,1.6956486701965332,0.06899502128362656
63.4900016784668,0.0,0.0,0.0,2.6951844692230225,2.34635853767395,-0.4246935546398163,3.821638345718384,-0.22562094032764435
684.7420043945312,0.0,0.0,0.0,1.7104251384735107,-3.278332233428955,0.3976205289363861,3.9628396034240723,0.4846811592578888
125.68199920654297,0.0,0.0,0.0,1.3290202617645264,0.9600269794464111,-0.6522969007492065,1.918233036994934,-0.4764760732650757
628.3300170898438,0.0,0.0,0.0,1.4328877925872803,0.2520623505115509,-0.13693849742412567,1.4982324838638306,-0.1193137839436531
283.80999755859375,0.0,0.0,0.0,4.241183757781982,0.009845050051808357,-0.04684605821967125,4.207562446594238,-0.11079540848731995
914.93798828125,0.0,0.0,0.0,4.374294757843018,1.1180459260940552,-0.055911507457494736,4.999074935913086,-0.06814736872911453
174.75,0.0,0.0,0.0,1.5590863227844238,0.6287677884101868,-0.8800134062767029,2.2237491607666016,-1.0058513879776
812.010009765625,0.0,0.0,0.0,3.2481565475463867,0.9977750778198242,-0.029206782579421997,2.9170351028442383,0.020587658509612083
928.573974609375,0.0,0.0,0.0,0.8197011947631836,0.048914019018411636,0.02752547152340412,4.462915897369385,-0.17400455474853516
409.9259948730469,0.0,0.0,0.0,2.721583843231201,-0.6427353620529175,-0.13779692351818085,2.4414994716644287,-0.04850992187857628
404.6059875488281,0.0,0.0,0.0,1.5730328559875488,-0.32664942741394043,0.33304116129875183,1.9826924800872803,0.34046581387519836
62.354000091552734,0.0,0.0,0.0,3.171443223953247,1.7066717147827148,-0.5075492858886719,3.9899582862854004,-0.4234426021575928
351.1820068359375,0.0,0.0,0.0,0.01684875786304474,-0.056590721011161804,-0.1491885483264923,2.148008346557617,0.3519372045993805
153.23399353027344,0.0,0.0,0.0,-1.2628976106643677,-0.18858246505260468,0.7394900321960449,3.006162405014038,-0.9710644483566284
451.7300109863281,0.0,0.0,0.0,4.710516452789307,-0.4761885702610016,0.02744145318865776,4.519852638244629,-0.042920734733343124
708.8099975585938,0.0,0.0,0.0,4.334711074829102,0.7745801210403442,-0.23401056230068207,4.746374607086182,-0.3378790616989136
758.781982421875,0.0,0.0,0.0,3.3699512481689453,-0.25553077459335327,-0.08305522054433823,3.275036334991455,0.03784152492880821
314.34600830078125,0.0,0.0,0.0,2.7705862522125244,-2.163576364517212,0.2603357136249542,4.380363941192627,0.27247580885887146
652.614013671875,0.0,0.0,0.0,3.2514114379882812,0.3057105243206024,0.19975687563419342,2.8133504390716553,0.11410525441169739
220.0019989013672,0.0,0.0,0.0,2.718973159790039,-0.49368560314178467,0.09943179786205292,3.4750235080718994,0.12539587914943695
730.6259765625,0.0,0.0,0.0,0.975163996219635,-0.02573743648827076,-0.14874158799648285,3.1985719203948975,0.6119180917739868
101.25,0.0,0.0,0.0,3.219848155975342,-0.9130221605300903,0.15681175887584686,3.971803665161133,0.1021798700094223
62.013999938964844,0.0,0.0,0.0,3.339606523513794,1.3897576332092285,-0.4687187671661377,3.930272102355957,-0.43837636709213257
362.5740051269531,0.0,0.0,0.0,4.2325005531311035,-0.5408944487571716,0.18721693754196167,3.727778911590576,0.3868863582611084
513.4819946289062,0.0,0.0,0.0,-0.42149871587753296,-0.11152477562427521,0.03347248211503029,2.879260540008545,-0.19284386932849884
413.8139953613281,0.0,0.0,0.0,3.1468307971954346,-1.0673588514328003,0.1752164661884308,3.9999287128448486,0.15872785449028015
936.8619995117188,0.0,0.0,0.0,3.626004457473755,1.4835532903671265,-0.1625957489013672,4.315461158752441,-0.1838134229183197
842.1300048828125,0.0,0.0,0.0,3.437685251235962,0.6220875978469849,-0.12067516148090363,4.428435802459717,-0.08998359739780426
784.8499755859375,0.0,0.0,0.0,1.458886981010437,-0.2048758566379547,0.13369424641132355,1.5541414022445679,0.09050952643156052
332.2139892578125,0.0,0.0,0.0,4.231302261352539,-0.11988695710897446,0.3171577751636505,4.315633773803711,0.29314371943473816
581.06201171875,0.0,0.0,0.0,3.044560194015503,-1.089606523513794,0.6656681299209595,2.000091314315796,0.5987417101860046
327.8500061035156,0.0,0.0,0.0,3.811732292175293,-1.1183667182922363,-0.10094328969717026,4.287252902984619,-0.2590445280075073
57.50600051879883,0.0,0.0,0.0,1.570087194442749,0.07327296584844589,-0.06037793308496475,2.4634251594543457,-0.1410950869321823
364.9259948730469,0.0,0.0,0.0,2.0674118995666504,-2.5802369117736816,0.26972684264183044,3.306093692779541,-0.0757109746336937
625.1859741210938,0.0,0.0,0.0,-0.14753329753875732,0.08645959943532944,-0.00028895356808789074,2.442929744720459,-0.5046446323394775
330.3819885253906,0.0,0.0,0.0,4.025570869445801,1.2739431858062744,-0.18852411210536957,4.971141815185547,-0.12361149489879608
521.5380249023438,0.0,0.0,0.0,2.1792287826538086,0.8714873194694519,-0.33431798219680786,2.476806640625,-0.2567712068557739
657.7420043945312,0.0,0.0,0.0,1.6659895181655884,0.6771354675292969,-0.3449985384941101,2.1534276008605957,-0.38012927770614624
549.6900024414062,0.0,0.0,0.0,3.6713123321533203,1.88822603225708,-0.17584623396396637,4.38416862487793,-0.12123385071754456
142.4499969482422,0.0,0.0,0.0,2.454455852508545,-0.6947519183158875,0.08902564644813538,2.3998324871063232,0.11728577315807343
772.6420288085938,0.0,0.0,0.0,-0.6637567281723022,0.06647777557373047,0.15174312889575958,3.4813952445983887,-0.5745022296905518
909.8619995117188,0.0,0.0,0.0,3.3688313961029053,1.6171598434448242,-0.11144129931926727,4.445519924163818,0.03737065941095352
830.2979736328125,0.0,0.0,0.0,2.622229814529419,-2.4252548217773438,0.755048394203186,3.4900693893432617,0.5309812426567078
699.2420043945312,0.0,0.0,0.0,2.4662227630615234,1.0185716152191162,-0.2920292913913727,3.1083240509033203,-0.316982626914978
333.385986328125,0.0,0.0,0.0,4.071479320526123,-1.1689115762710571,0.2341737449169159,4.085777759552002,0.09816917032003403
541.3660278320312,0.0,0.0,0.0,2.3782413005828857,0.255786269903183,-0.24541211128234863,2.6149306297302246,-0.24231232702732086
786.7420043945312,0.0,0.0,0.0,1.409970998764038,-0.3342434763908386,0.15503932535648346,1.6146215200424194,0.15282587707042694
896.7059936523438,0.0,0.0,0.0,3.6003754138946533,0.4699481725692749,-0.2104087471961975,4.739192962646484,-0.14371433854103088
332.6059875488281,0.0,0.0,0.0,4.1791253089904785,-0.5736601948738098,0.31389090418815613,4.235604763031006,0.2714056074619293
874.6339721679688,0.0,0.0,0.0,3.4503121376037598,-1.4278676509857178,0.11208609491586685,4.8235344886779785,-0.010622771456837654
129.75,0.0,0.0,0.0,2.7227115631103516,-0.6364041566848755,0.5141460299491882,2.4625437259674072,0.4405919909477234
493.5539855957031,0.0,0.0,0.0,1.297263503074646,0.05900421366095543,-0.3075946867465973,2.152400016784668,-0.8060508370399475
790.2540283203125,0.0,0.0,0.0,2.6406588554382324,-1.0813100337982178,0.2980075180530548,3.7632076740264893,0.3040674924850464
377.4179992675781,0.0,0.0,0.0,1.7117035388946533,-0.9517629742622375,0.3488437235355377,2.1501381397247314,0.3271797001361847
652.1300048828125,0.0,0.0,0.0,3.3612914085388184,0.7361868023872375,0.21654196083545685,3.0005300045013428,0.20197658240795135
618.2459716796875,0.0,0.0,0.0,1.4427237510681152,0.03861822932958603,-0.10427969694137573,2.9108176231384277,0.9224932789802551
731.6740112304688,0.0,0.0,0.0,2.114781379699707,-0.11414217948913574,0.29433876276016235,3.32414174079895,0.7259637713432312
327.45001220703125,0.0,0.0,0.0,3.6388800144195557,-1.413323998451233,0.011845787055790424,4.605264186859131,-0.11513642966747284
673.4019775390625,0.0,0.0,0.0,3.8405098915100098,0.618295431137085,-0.033913515508174896,4.411425590515137,-0.025893444195389748
568.6259765625,0.0,0.0,0.0,1.4971576929092407,0.06135626882314682,-0.11956881731748581,4.226639270782471,0.5507557392120361
657.6060180664062,0.0,0.0,0.0,1.6311792135238647,0.6713560819625854,-0.3438275456428528,2.1151845455169678,-0.3446151912212372
534.0700073242188,0.0,0.0,0.0,1.0289376974105835,-1.815707802772522,0.92623370885849,2.3788461685180664,0.2323957234621048
923.2260131835938,0.0,0.0,0.0,-2.455056667327881,-0.519415020942688,0.9760380387306213,4.091080665588379,-0.2737208604812622
497.0780029296875,0.0,0.0,0.0,1.3717989921569824,0.8266609907150269,-0.09903337061405182,1.4539285898208618,-0.17820478975772858
563.0540161132812,0.0,0.0,0.0,-0.13476257026195526,2.3541693687438965,-1.053194284439087,2.0825843811035156,0.06009098142385483
202.37399291992188,0.0,0.0,0.0,2.454712152481079,-1.8211427927017212,0.7461977005004883,3.0010294914245605,0.5848436951637268
754.8140258789062,0.0,0.0,0.0,1.3511687517166138,0.12943890690803528,-0.15757642686367035,3.3524882793426514,0.7010859847068787
635.6740112304688,0.0,0.0,0.0,2.0804059505462646,0.7160581350326538,-0.3968958556652069,2.8708560466766357,-0.33822259306907654
345.51800537109375,0.0,0.0,0.0,1.011997938156128,-0.0017081701662391424,-0.12805281579494476,2.1012353897094727,-0.89969801902771
173.3820037841797,0.0,0.0,0.0,0.684138298034668,-0.01376937236636877,0.16422536969184875,2.1615917682647705,-0.9135302305221558
122.68599700927734,0.0,0.0,0.0,1.2952333688735962,0.8007007837295532,-0.5254546403884888,1.649285078048706,-0.5151888728141785
260.4540100097656,0.0,0.0,0.0,0.8941008448600769,0.031242305412888527,-0.09719911962747574,3.05777645111084,0.3607868254184723
734.1380004882812,0.0,0.0,0.0,2.4405906200408936,-1.2396736145019531,0.24170199036598206,2.448802947998047,0.11519801616668701
920.8820190429688,0.0,0.0,0.0,2.5253050327301025,-2.8834068775177,0.8406757116317749,2.8986191749572754,0.6562533974647522
858.4420166015625,0.0,0.0,0.0,3.872654914855957,-0.6499720215797424,0.057616375386714935,4.531546592712402,0.10158149152994156
494.2139892578125,0.0,0.0,0.0,1.6647342443466187,0.519214391708374,-0.6825830936431885,2.5048277378082275,-0.7473063468933105
836.1060180664062,0.0,0.0,0.0,-0.9375923871994019,0.2552843689918518,0.052625760436058044,2.911153793334961,-0.5241764187812805
759.5659790039062,0.0,0.0,0.0,3.1705551147460938,-0.35614636540412903,0.27301275730133057,2.945003032684326,0.26668158173561096
128.4459991455078,0.0,0.0,0.0,2.913100481033325,0.27621397376060486,-0.0045190551318228245,3.304939031600952,0.019252439960837364
204.9499969482422,0.0,0.0,0.0,-0.3425193130970001,-2.174311399459839,1.2946642637252808,3.8372395038604736,-0.13693095743656158
828.8740234375,0.0,0.0,0.0,3.9666130542755127,-0.9165284633636475,0.1901744306087494,3.9172146320343018,0.38478097319602966
221.1179962158203,0.0,0.0,0.0,3.1179616451263428,-0.5499970316886902,0.08643515408039093,3.79215669631958,0.04096435755491257
110.48600006103516,0.0,0.0,0.0,-0.3114665150642395,0.11807436496019363,-0.020075317472219467,2.8966190814971924,-0.5374569892883301
59.354000091552734,0.0,0.0,0.0,2.800286054611206,0.5553486943244934,-0.20930422842502594,3.584162950515747,-0.14860352873802185
876.718017578125,0.0,0.0,0.0,3.9536614418029785,-1.3169810771942139,0.2871282696723938,4.610813617706299,0.3103767931461334
685.6099853515625,0.0,0.0,0.0,1.3221598863601685,-3.2238829135894775,0.4163917601108551,4.131673812866211,0.4063209295272827
523.2780151367188,0.0,0.0,0.0,1.4360730648040771,1.20790433883667,-0.669431209564209,1.8810343742370605,-0.5304287672042847
856.166015625,0.0,0.0,0.0,2.994103193283081,-0.5161915421485901,0.15671898424625397,3.630460023880005,0.15182851254940033
303.84600830078125,0.0,0.0,0.0,1.9570748805999756,-1.0231428146362305,0.6117817759513855,2.2283990383148193,0.5098159909248352
275.3179931640625,0.0,0.0,0.0,1.4335744380950928,-0.2676365375518799,0.2529810070991516,1.868807077407837,0.30643758177757263
883.7420043945312,0.0,0.0,0.0,4.342860221862793,-1.1503725051879883,0.09051604568958282,4.777365684509277,0.0736902728676796
685.2860107421875,0.0,0.0,0.0,1.4709137678146362,-3.251868963241577,0.40977489948272705,4.099924087524414,0.4413246810436249
344.802001953125,0.0,0.0,0.0,0.33202701807022095,0.00690149050205946,0.2630913257598877,2.1217799186706543,-0.903658926486969
345.0140075683594,0.0,0.0,0.0,0.5428192615509033,-0.01048988290131092,0.282888799905777,2.173923969268799,-0.9554314017295837
687.1339721679688,0.0,0.0,0.0,0.48038843274116516,-2.749610662460327,0.5614877939224243,4.298541069030762,0.3618203401565552
364.6820068359375,0.0,0.0,0.0,2.0849549770355225,-2.5901451110839844,0.33317938446998596,3.3717422485351562,0.02824300341308117
878.7260131835938,0.0,0.0,0.0,3.6348371505737305,-2.1458678245544434,0.24384941160678864,4.557933330535889,0.11235690116882324
435.9100036621094,0.0,0.0,0.0,0.7656928896903992,1.7872364521026611,-0.9065507650375366,2.6920506954193115,0.4344131350517273
105.01000213623047,0.0,0.0,0.0,2.4496631622314453,-2.0363922119140625,0.7498536109924316,2.4527926445007324,0.4935317635536194
799.22998046875,0.0,0.0,0.0,3.861114025115967,-1.9954125881195068,0.19702625274658203,4.589596271514893,0.1017838642001152
404.25,0.0,0.0,0.0,1.5199466943740845,-0.20587436854839325,0.2962154150009155,1.6258221864700317,0.27448636293411255
862.8060302734375,0.0,0.0,0.0,3.311859369277954,-0.27493220567703247,0.013393938541412354,0.0,0.0
296.7179870605469,0.0,0.0,0.0,2.643829107284546,-0.920787513256073,0.2479386031627655,3.419123888015747,0.21738316118717194
557.6740112304688,0.0,0.0,0.0,2.2460074424743652,2.565864086151123,-0.3502228856086731,4.053741455078125,-0.3026481568813324
165.7100067138672,0.0,0.0,0.0,2.7152328491210938,-1.6266111135482788,0.5877761840820312,4.156026363372803,0.49832338094711304
758.8980102539062,0.0,0.0,0.0,3.3604907989501953,-0.20276761054992676,-0.045602694153785706,3.133772611618042,0.19501732289791107
98.3499984741211,0.0,0.0,0.0,2.1331796646118164,-0.8852856755256653,0.30243992805480957,2.447009801864624,0.21249036490917206
313.7019958496094,0.0,0.0,0.0,2.634437322616577,-2.1556904315948486,0.300345778465271,4.455756664276123,-0.125801220536232
651.5460205078125,0.0,0.0,0.0,3.230581045150757,1.5159245729446411,0.2853125035762787,3.3925588130950928,0.28215885162353516
354.6579895019531,0.0,0.0,0.0,2.3182075023651123,-1.1063711643218994,0.4631790220737457,2.8517208099365234,0.3705715835094452
511.3500061035156,0.0,0.0,0.0,-1.4431791305541992,-0.44139721989631653,-0.2860885262489319,3.0509684085845947,0.5201120376586914
235.96200561523438,0.0,0.0,0.0,2.97902250289917,-1.1656969785690308,0.26359450817108154,4.25295877456665,0.19117741286754608
719.8779907226562,0.0,0.0,0.0,4.257371425628662,-0.35494890809059143,-0.04169212654232979,4.446387767791748,-0.030008425936102867
543.4340209960938,0.0,0.0,0.0,2.575343370437622,0.9341875910758972,-0.32242098450660706,3.201063871383667,-0.32708388566970825
356.07000732421875,0.0,0.0,0.0,2.5315511226654053,-1.3625715970993042,0.3405359387397766,3.4634084701538086,0.3040003478527069
100.31400299072266,0.0,0.0,0.0,2.822716236114502,-0.9121337532997131,0.19743087887763977,3.5369083881378174,0.1452002227306366
132.26600646972656,0.0,0.0,0.0,1.228460431098938,-1.8828171491622925,0.7366889119148254,2.658569574356079,0.43522825837135315
627.6939697265625,0.0,0.0,0.0,1.451500415802002,0.21088440716266632,-0.17567718029022217,1.486936092376709,-0.1347016990184784
93.31800079345703,0.0,0.0,0.0,1.2495577335357666,-0.3126756548881531,0.3390541076660156,1.425788402557373,0.31593477725982666
728.35400390625,0.0,0.0,0.0,-0.7448767423629761,-0.02839866653084755,-0.2745415270328522,3.092989444732666,0.3051123321056366
632.0579833984375,0.0,0.0,0.0,-0.0019687518943101168,0.0004857749445363879,-0.000725216290447861,0.0,0.0
317.69000244140625,0.0,0.0,0.0,3.03277325630188,-1.7056204080581665,-0.36816006898880005,3.527552604675293,-0.44782567024230957
836.3660278320312,0.0,0.0,0.0,-0.8111293911933899,0.21786735951900482,-0.0028548503760248423,3.206256866455078,-0.5036395192146301
318.2820129394531,0.0,0.0,0.0,3.306034564971924,-0.5795478820800781,-0.4704445004463196,3.022672414779663,-0.37795498967170715
357.2820129394531,0.0,0.0,0.0,2.9054431915283203,-1.366281270980835,0.20944462716579437,4.176706314086914,0.17819546163082123
860.1740112304688,0.0,0.0,0.0,4.33355188369751,-0.46837663650512695,-0.04949770122766495,4.672307014465332,0.0019307631300762296
501.4700012207031,0.0,0.0,0.0,3.377678632736206,0.2895674705505371,0.026269424706697464,4.050267696380615,0.055278368294239044
907.2059936523438,0.0,0.0,0.0,2.450831413269043,1.4135764837265015,-0.4060080051422119,3.667100191116333,-0.35600167512893677
626.7540283203125,0.0,0.0,0.0,1.2945579290390015,0.06917346268892288,-0.13526378571987152,1.5921273231506348,-0.13252981007099152
830.989990234375,0.0,0.0,0.0,1.9084479808807373,-2.9339191913604736,0.5844545364379883,3.658079147338867,-0.06631557643413544
248.82200622558594,0.0,0.0,0.0,3.9180943965911865,-0.4610617756843567,0.25224608182907104,3.2798004150390625,0.48083600401878357
505.9020080566406,0.0,0.0,0.0,3.8869876861572266,1.729611873626709,-0.1985003650188446,4.3512864112854,-0.21798451244831085
885.0460205078125,0.0,0.0,0.0,4.261769771575928,-1.0705024003982544,0.23654547333717346,3.8347742557525635,0.5180666446685791
647.9420166015625,0.0,0.0,0.0,4.36299467086792,0.8974786996841431,-0.39249157905578613,3.5920941829681396,-0.5229936242103577
739.4739990234375,0.0,0.0,0.0,3.8851585388183594,-0.3258553147315979,-0.030189773067831993,4.399599552154541,-0.01926620677113533
414.2619934082031,0.0,0.0,0.0,3.3007519245147705,-1.0747840404510498,0.12825216352939606,4.176689147949219,0.19983898103237152
895.0180053710938,0.0,0.0,0.0,2.2801897525787354,-0.11358746141195297,0.0331440232694149,4.5513811111450195,-0.20802518725395203
608.4099731445312,0.0,0.0,0.0,2.8201398849487305,2.8382842540740967,-0.3907758593559265,4.2289605140686035,-0.2877824604511261
341.12200927734375,0.0,0.0,0.0,1.0983575582504272,-1.5141777992248535,0.6981271505355835,3.280691146850586,0.31623440980911255
781.1259765625,0.0,0.0,0.0,-1.0944831371307373,-0.24771878123283386,-0.24903270602226257,2.1644952297210693,0.21494656801223755
843.6060180664062,0.0,0.0,0.0,3.3822078704833984,1.1407618522644043,-0.598327100276947,2.9825942516326904,-0.691379964351654
518.6740112304688,0.0,0.0,0.0,2.5167195796966553,0.769461989402771,-0.2345147728919983,2.595369338989258,-0.14306874573230743
605.4500122070312,0.0,0.0,0.0,3.006216049194336,3.103949546813965,-0.25178417563438416,4.426234245300293,-0.11394602805376053
86.51799774169922,0.0,0.0,0.0,-0.8731845617294312,2.0830812454223633,-1.262695550918579,2.9518496990203857,-0.5191424489021301
841.06201171875,0.0,0.0,0.0,2.9142956733703613,0.36655089259147644,-0.1413876861333847,4.098913192749023,-0.17521539330482483
656.4099731445312,0.0,0.0,0.0,1.5126630067825317,0.638286828994751,-0.37522464990615845,1.6483012437820435,-0.3125700056552887
290.510009765625,0.0,0.0,0.0,1.5343555212020874,-3.0319135189056396,0.35700711607933044,2.71525502204895,0.06337450444698334
950.5700073242188,0.0,0.0,0.0,1.917742371559143,-0.04267917945981026,0.07749681919813156,4.480483055114746,-0.3227672576904297
453.6700134277344,0.0,0.0,0.0,4.453070640563965,-0.7542186975479126,0.28170785307884216,3.657458543777466,0.3586249053478241
547.06201171875,0.0,0.0,0.0,3.1898818016052246,1.727517008781433,-0.29090189933776855,4.244251251220703,-0.25417622923851013
496.2019958496094,0.0,0.0,0.0,1.5829989910125732,1.2934421300888062,-0.3242761492729187,1.789856195449829,-0.1816142499446869
575.2059936523438,0.0,0.0,0.0,3.8268468379974365,-1.3342758417129517,-0.11575793474912643,4.4945807456970215,-0.11366643756628036
96.63800048828125,0.0,0.0,0.0,1.812774896621704,-0.7864651679992676,0.3929556906223297,2.181255578994751,0.3733271658420563
746.8419799804688,0.0,0.0,0.0,1.9325318336486816,-3.410201072692871,0.9316605925559998,3.125663995742798,0.6042011380195618
782.114013671875,0.0,0.0,0.0,-0.5002985596656799,-0.17304475605487823,-0.0455804280936718,1.6143081188201904,0.10505712777376175
712.3099975585938,0.0,0.0,0.0,4.082613945007324,1.4983294010162354,0.09930948913097382,4.391732692718506,0.326177179813385
61.31800079345703,0.0,0.0,0.0,3.491582155227661,0.8630403876304626,-0.2228732705116272,3.923414945602417,-0.3762263059616089
412.91400146484375,0.0,0.0,0.0,2.831895589828491,-0.9745103120803833,0.2432652860879898,3.6081743240356445,0.18482114374637604
185.4219970703125,0.0,0.0,0.0,-1.1544605493545532,-0.5230723023414612,1.2024998664855957,3.67092227935791,-0.3449519872665405
928.8060302734375,0.0,0.0,0.0,1.047603726387024,0.045569002628326416,0.04600756615400314,4.996547222137451,-0.07685553282499313
512.22998046875,0.0,0.0,0.0,-1.0033138990402222,-0.31641310453414917,-0.047536082565784454,2.85105562210083,0.27560919523239136
123.5459976196289,0.0,0.0,0.0,1.3101340532302856,0.8121868968009949,-0.5278676152229309,1.8659406900405884,-0.5989170670509338
183.78599548339844,0.0,0.0,0.0,1.2634217739105225,-2.028676986694336,0.9443577527999878,3.773206949234009,0.5582146048545837
713.322021484375,0.0,0.0,0.0,4.166322231292725,-0.15847274661064148,0.45916298031806946,4.124136447906494,0.37100568413734436
81.75,0.0,0.0,0.0,2.485574960708618,1.495608925819397,-0.5272882580757141,3.7740135192871094,-0.4924127757549286
917.2420043945312,0.0,0.0,0.0,4.477794647216797,0.21782654523849487,0.31198060512542725,4.259893417358398,0.4253475069999695
105.90599822998047,0.0,0.0,0.0,1.4357632398605347,-2.5529847145080566,0.6363011598587036,2.655750036239624,0.4207369089126587
491.0140075683594,0.0,0.0,0.0,-0.5995691418647766,0.12298135459423065,0.11862529814243317,2.0219953060150146,-0.5752034187316895
864.8619995117188,0.0,0.0,0.0,1.9281632900238037,-0.18040509521961212,0.01025017723441124,0.0,0.0
330.98199462890625,0.0,0.0,0.0,4.1026835441589355,1.224116325378418,-0.009171868674457073,4.366292476654053,0.13544917106628418
128.18600463867188,0.0,0.0,0.0,2.8348398208618164,0.33286845684051514,0.010358031839132309,3.3142521381378174,-0.06081683188676834
824.1099853515625,0.0,0.0,0.0,2.5090136528015137,2.4959402084350586,-0.34695106744766235,4.073091506958008,-0.006290819030255079
584.1099853515625,0.0,0.0,0.0,-1.1010738611221313,-0.7811679244041443,1.306350827217102,3.736443281173706,-0.08304162323474884
670.0780029296875,0.0,0.0,0.0,2.7035884857177734,0.18639281392097473,-0.1586717665195465,3.1966938972473145,-0.21015995740890503
667.0780029296875,0.0,0.0,0.0,2.478532314300537,-0.10904812812805176,0.09676205366849899,2.5803825855255127,0.05968356132507324
207.6739959716797,0.0,0.0,0.0,-0.4446766972541809,0.060224082320928574,0.03526083752512932,1.9847817420959473,-0.7064100503921509
264.10198974609375,0.0,0.0,0.0,3.1786141395568848,-0.9874072074890137,-0.047035928815603256,4.1858391761779785,-0.21277658641338348
243.57400512695312,0.0,0.0,0.0,3.960200071334839,-1.167145848274231,0.37406280636787415,4.1623640060424805,0.33687978982925415
209.14199829101562,0.0,0.0,0.0,0.6666520833969116,-0.042437151074409485,0.05916766822338104,1.850908875465393,-0.25564926862716675
132.406005859375,0.0,0.0,0.0,1.1511480808258057,-1.894381046295166,0.7402167320251465,2.746246576309204,0.3652341663837433
908.1099853515625,0.0,0.0,0.0,2.71470308303833,1.6130632162094116,-0.33750298619270325,4.177365303039551,-0.21401210129261017
419.9219970703125,0.0,0.0,0.0,3.5766441822052,-1.8159137964248657,0.24808669090270996,3.7620465755462646,0.2601199448108673
220.76199340820312,0.0,0.0,0.0,2.9942119121551514,-0.5559156537055969,0.09508337825536728,3.70694899559021,0.1109476089477539
824.010009765625,0.0,0.0,0.0,2.507927894592285,2.4899630546569824,-0.3047761023044586,4.197500705718994,-0.12838365137577057
383.2820129394531,0.0,0.0,0.0,2.9496805667877197,0.47098401188850403,-0.6982434391975403,2.546114683151245,-0.5652605295181274
893.9860229492188,0.0,0.0,0.0,1.1330833435058594,-0.00545243127271533,0.07038886845111847,4.44694709777832,-0.21775402128696442
382.5299987792969,0.0,0.0,0.0,3.390684127807617,-0.9326525330543518,-0.2850635349750519,2.6355316638946533,-0.5157563090324402
743.3099975585938,0.0,0.0,0.0,4.440519332885742,-0.40088948607444763,0.2175004482269287,4.406567096710205,0.23728378117084503
427.62200927734375,0.0,0.0,0.0,-0.5001844763755798,-2.241734504699707,1.2129426002502441,3.904240369796753,-0.6066034436225891
724.9979858398438,0.0,0.0,0.0,1.245233178138733,2.3805043697357178,-0.6059829592704773,2.425307035446167,-0.43600812554359436
638.6820068359375,0.0,0.0,0.0,3.2827792167663574,1.2392475605010986,-0.12467517703771591,4.466250896453857,-0.14011599123477936
926.3939819335938,0.0,0.0,0.0,-0.6650580763816833,0.18341577053070068,-0.044879186898469925,4.255997657775879,-0.1691795140504837
955.2739868164062,0.0,0.0,0.0,2.2172141075134277,2.7759790420532227,-0.7560850381851196,3.3953871726989746,-0.4271530210971832
924.8619995117188,0.0,0.0,0.0,-1.4655206203460693,0.561577320098877,0.10704077780246735,3.467686176300049,-0.49420106410980225
250.13800048828125,0.0,0.0,0.0,2.7579264640808105,-1.9195574522018433,0.431849867105484,3.2228434085845947,0.21066519618034363
914.35400390625,0.0,0.0,0.0,4.269388198852539,1.19843327999115,-0.06799088418483734,4.682669162750244,0.005012660287320614
510.0740051269531,0.0,0.0,0.0,-1.7127481698989868,1.3737566471099854,-1.3887165784835815,3.099127769470215,-0.02999786287546158
432.5140075683594,0.0,0.0,0.0,1.1906688213348389,0.007178154774010181,-0.2183455228805542,2.6818840503692627,-1.1160047054290771
339.46600341796875,0.0,0.0,0.0,1.2166810035705566,-1.440396785736084,0.5954955816268921,2.145996570587158,0.4617956876754761
99.6500015258789,0.0,0.0,0.0,2.5040743350982666,-0.9263803362846375,0.24208813905715942,3.267441987991333,0.17348051071166992
635.1179809570312,0.0,0.0,0.0,1.892103672027588,0.4907395541667938,-0.34867820143699646,2.39833402633667,-0.37062233686447144
395.1499938964844,0.0,0.0,0.0,2.3088791370391846,-2.538191556930542,0.47101324796676636,4.422228813171387,0.10597562789916992
425.7820129394531,0.0,0.0,0.0,1.5450940132141113,-2.7127277851104736,0.4904680550098419,4.344292640686035,-0.05059199035167694
606.530029296875,0.0,0.0,0.0,3.0727133750915527,2.9591002464294434,-0.16549484431743622,4.7735185623168945,0.023380642756819725
620.2739868164062,0.0,0.0,0.0,2.0922014713287354,-1.7804064750671387,0.7754676342010498,3.7432124614715576,0.6601418256759644
942.7739868164062,0.0,0.0,0.0,0.8929563760757446,3.1981911659240723,-0.7388517260551453,4.161721706390381,0.2755706012248993
728.2100219726562,0.0,0.0,0.0,-0.8181220293045044,-0.00031748274341225624,-0.3842757046222687,2.9996471405029297,0.3613951802253723
882.4420166015625,0.0,0.0,0.0,4.251042366027832,-1.278658151626587,0.10636360198259354,4.732367992401123,0.12958605587482452
162.97799682617188,0.0,0.0,0.0,0.9235695600509644,0.006629648618400097,-0.09763830155134201,3.6782174110412598,0.6810010075569153
828.7780151367188,0.0,0.0,0.0,3.971130609512329,-0.8928621411323547,0.161228209733963,4.308642864227295,0.23654508590698242
565.1019897460938,0.0,0.0,0.0,-1.0097109079360962,-0.1941595822572708,-0.1781650185585022,2.970839023590088,0.25908994674682617
702.7420043945312,0.0,0.0,0.0,3.6301586627960205,1.1193791627883911,-0.1219254806637764,4.425102233886719,-0.19962628185749054
371.1940002441406,0.0,0.0,0.0,1.2106178998947144,-1.433384895324707,0.5475362539291382,1.6310856342315674,0.4385751485824585
633.9979858398438,0.0,0.0,0.0,1.3644853830337524,0.11130033433437347,-0.13010869920253754,1.803622841835022,-0.2092413604259491
629.06201171875,0.0,0.0,0.0,1.0370672941207886,0.23275229334831238,-0.04129837080836296,0.0,0.0
410.51800537109375,0.0,0.0,0.0,2.5598196983337402,-0.3922971785068512,0.04782887548208237,2.6673543453216553,0.0876866951584816
937.6339721679688,0.0,0.0,0.0,3.7095143795013428,1.374637246131897,-0.127065971493721,4.483154773712158,-0.0734005719423294
654.7059936523438,0.0,0.0,0.0,2.175391912460327,-0.01131256390362978,-0.12050524353981018,1.6499814987182617,-0.21265682578086853
896.5700073242188,0.0,0.0,0.0,3.5188257694244385,0.40025782585144043,-0.21200419962406158,4.624869346618652,-0.20565249025821686
61.417999267578125,0.0,0.0,0.0,3.4922468662261963,0.9238951802253723,-0.2671939730644226,4.165103912353516,-0.4275505244731903
912.2340087890625,0.0,0.0,0.0,3.8838045597076416,1.5286781787872314,-0.15486502647399902,4.685323715209961,-0.15176792442798615
803.52197265625,0.0,0.0,0.0,3.861497163772583,-2.0712759494781494,0.24394214153289795,4.974480152130127,0.11992228031158447
267.84600830078125,0.0,0.0,0.0,3.4859402179718018,0.4701088070869446,0.21814654767513275,3.107161045074463,0.29262077808380127
116.18599700927734,0.0,0.0,0.0,0.8935786485671997,1.5591875314712524,-0.7585287690162659,2.398970603942871,-0.7533538937568665
271.6260070800781,0.0,0.0,0.0,2.877338171005249,-1.0170550346374512,0.11402653157711029,2.9124348163604736,0.047779105603694916
952.0700073242188,0.0,0.0,0.0,3.328014612197876,0.3717985153198242,-0.2552148699760437,4.6738481521606445,-0.3728514313697815
428.7099914550781,0.0,0.0,0.0,-1.4395376443862915,-0.08542057126760483,0.5711620450019836,2.7344608306884766,-0.9676454067230225
110.39399719238281,0.0,0.0,0.0,-0.36520814895629883,0.12606705725193024,-0.014700492843985558,2.913645029067993,-0.4948500394821167
653.197998046875,0.0,0.0,0.0,3.0123538970947266,0.02295246720314026,0.1174057200551033,2.5894179344177246,0.13706152141094208
878.3179931640625,0.0,0.0,0.0,3.631704330444336,-2.112373113632202,0.27316221594810486,4.758101940155029,0.19019077718257904
269.30999755859375,0.0,0.0,0.0,3.2095654010772705,-1.0073190927505493,0.32141655683517456,3.277379274368286,0.21019533276557922
659.7420043945312,0.0,0.0,0.0,2.038701057434082,0.8482674360275269,-0.2969425320625305,2.232086181640625,-0.23150044679641724
482.5299987792969,0.0,0.0,0.0,-0.5764937996864319,0.5047861933708191,-1.0729753971099854,3.3773820400238037,0.536678671836853
544.72998046875,0.0,0.0,0.0,2.8204119205474854,1.218124270439148,-0.37620869278907776,3.4440224170684814,-0.3636317849159241
403.93798828125,0.0,0.0,0.0,1.4796923398971558,-0.11135561019182205,0.2224390059709549,1.510786771774292,0.1777726411819458
652.0579833984375,0.0,0.0,0.0,3.360426664352417,0.8101863265037537,0.22738125920295715,3.288288116455078,0.14746469259262085
379.4939880371094,0.0,0.0,0.0,2.41999888420105,-1.0877548456192017,0.33784806728363037,3.438788652420044,0.3433374762535095
278.3500061035156,0.0,0.0,0.0,2.6009323596954346,-1.1540981531143188,0.3484407961368561,3.724607467651367,0.3790609836578369
240.3179931640625,0.0,0.0,0.0,3.7819576263427734,-0.8903809189796448,0.0896148756146431,4.2991790771484375,0.07456012815237045
266.20599365234375,0.0,0.0,0.0,3.668598175048828,0.4771031439304352,-0.24604807794094086,4.100718975067139,-0.16068221628665924
441.62200927734375,0.0,0.0,0.0,1.4941030740737915,-1.000327706336975,0.5472016334533691,2.184068202972412,0.4622781276702881
777.0419921875,0.0,0.0,0.0,2.411290407180786,1.4986941814422607,-0.6655217409133911,3.504223585128784,-0.7509886026382446
766.0540161132812,0.0,0.0,0.0,2.753495454788208,-1.4832935333251953,0.2835351526737213,3.4319937229156494,0.2572847902774811
229.63400268554688,0.0,0.0,0.0,2.9407153129577637,-0.7028617262840271,0.06296274811029434,2.3404381275177,0.03024694137275219
924.3460083007812,0.0,0.0,0.0,-1.7817937135696411,0.6531608700752258,0.29091930389404297,3.4280078411102295,-0.621514081954956
415.9339904785156,0.0,0.0,0.0,3.851505756378174,-0.8428794145584106,0.02474442683160305,4.4610676765441895,0.05373626574873924
104.58599853515625,0.0,0.0,0.0,3.08408784866333,-1.5522905588150024,0.6218619346618652,2.7234344482421875,0.569911539554596
338.8340148925781,0.0,0.0,0.0,1.3414851427078247,-1.411305546760559,0.6326098442077637,1.8965336084365845,0.55431067943573
652.7420043945312,0.0,0.0,0.0,3.1983659267425537,0.23140263557434082,0.1905328631401062,2.7200944423675537,0.10128840059041977
797.1099853515625,0.0,0.0,0.0,3.9319262504577637,-1.7180119752883911,0.3135482966899872,4.500912189483643,0.295857697725296
653.3980102539062,0.0,0.0,0.0,2.925522565841675,-0.04122447967529297,0.12176571786403656,2.5830771923065186,0.0025090561248362064
656.3099975585938,0.0,0.0,0.0,1.526105284690857,0.6171108484268188,-0.3956047296524048,1.7448877096176147,-0.33299535512924194
523.8140258789062,0.0,0.0,0.0,1.3513240814208984,1.266408920288086,-0.6784892678260803,1.8858540058135986,-0.48573192954063416
884.5700073242188,0.0,0.0,0.0,4.353832244873047,-1.0516819953918457,0.08275368809700012,4.397314548492432,0.09763266146183014
887.5059814453125,0.0,0.0,0.0,-0.2967280149459839,-3.1147541999816895,1.229413628578186,3.798722505569458,0.2081967443227768
437.1260070800781,0.0,0.0,0.0,-0.632075309753418,0.7900061011314392,-1.5682389736175537,2.2758798599243164,0.9005675911903381
776.2459716796875,0.0,0.0,0.0,2.3859570026397705,0.6241590976715088,-0.6535738706588745,3.453974723815918,-0.8136460185050964
281.5899963378906,0.0,0.0,0.0,3.6512129306793213,-1.067676067352295,0.002039577579125762,4.264930248260498,-0.1069803312420845
329.96600341796875,0.0,0.0,0.0,4.066330909729004,1.1295082569122314,-0.24185551702976227,4.675397872924805,-0.20637673139572144
79.62200164794922,0.0,0.0,0.0,1.8426920175552368,0.8697327971458435,-0.43767061829566956,2.699892520904541,-0.5445395112037659
776.7379760742188,0.0,0.0,0.0,2.446077585220337,1.1908832788467407,-0.675147294998169,3.6009740829467773,-0.7316557765007019
399.9100036621094,0.0,0.0,0.0,-1.3267444372177124,-0.1487925797700882,0.7420698404312134,2.0746243000030518,-0.7822792530059814
129.3780059814453,0.0,0.0,0.0,2.870065927505493,-0.21135759353637695,0.39281004667282104,2.7735097408294678,0.4208032488822937
670.4619750976562,0.0,0.0,0.0,2.819981336593628,0.3508557081222534,-0.16479651629924774,3.373960256576538,-0.1872248500585556
827.8419799804688,0.0,0.0,0.0,3.871954917907715,-0.5704834461212158,0.23988504707813263,4.247817039489746,0.21130263805389404
423.2019958496094,0.0,0.0,0.0,2.190197229385376,-2.6719472408294678,0.3575405478477478,3.76157546043396,0.26722562313079834
593.06201171875,0.0,0.0,0.0,3.5712313652038574,1.0631567239761353,-0.09775475412607193,3.6560349464416504,-0.19659268856048584
405.2139892578125,0.0,0.0,0.0,1.7320399284362793,-0.5296159982681274,0.393881618976593,2.1971216201782227,0.4264763593673706
828.0700073242188,0.0,0.0,0.0,3.8923275470733643,-0.7027537822723389,0.21544015407562256,4.315128326416016,0.1587098240852356
597.8259887695312,0.0,0.0,0.0,4.169100761413574,0.8265034556388855,-0.02797725424170494,4.7060465812683105,-0.030711235478520393
536.7540283203125,0.0,0.0,0.0,-0.3462919592857361,0.06047894060611725,0.20588406920433044,1.3688596487045288,-0.20514149963855743
612.510009765625,0.0,0.0,0.0,-0.7931473255157471,2.770207643508911,-1.077984094619751,3.740330457687378,0.10289736092090607
660.2340087890625,0.0,0.0,0.0,2.0570428371429443,0.8676754236221313,-0.2925269603729248,2.211775541305542,-0.21168410778045654
766.22998046875,0.0,0.0,0.0,2.776857376098633,-1.4895538091659546,0.2738937437534332,3.526383876800537,0.28521835803985596
887.0579833984375,0.0,0.0,0.0,0.8398810625076294,-3.2909696102142334,0.9017847776412964,3.9365997314453125,0.470295250415802
838.0780029296875,0.0,0.0,0.0,0.12567786872386932,0.04269852116703987,0.013537568040192127,2.9049270153045654,-0.4929208755493164
455.46600341796875,0.0,0.0,0.0,2.4738080501556396,-2.170558452606201,0.4168030917644501,2.6028926372528076,0.23985671997070312
513.7139892578125,0.0,0.0,0.0,-0.30184128880500793,-0.09932582825422287,0.004477507434785366,2.926248788833618,-0.20398865640163422
118.74600219726562,0.0,0.0,0.0,-0.15841609239578247,0.2784762978553772,-0.8088425397872925,1.6759324073791504,-0.48902687430381775
734.8820190429688,0.0,0.0,0.0,2.3947482109069824,-1.0673526525497437,0.1389491856098175,3.0977578163146973,0.11538209766149521
929.7020263671875,0.0,0.0,0.0,2.0429162979125977,0.02778463065624237,0.06770676374435425,4.875516891479492,-0.16087402403354645
787.1820068359375,0.0,0.0,0.0,1.5258231163024902,-0.3705626428127289,0.2099633514881134,1.7721831798553467,0.24016036093235016
261.2980041503906,0.0,0.0,0.0,1.8253021240234375,0.05597877502441406,0.02856156788766384,3.444958448410034,0.48609426617622375
779.3140258789062,0.0,0.0,0.0,-0.08574419468641281,2.4943268299102783,-1.1202114820480347,4.553030490875244,-0.008650916628539562
102.56199645996094,0.0,0.0,0.0,3.7614963054656982,-0.7961796522140503,0.07855428010225296,4.390240669250488,0.020179109647870064
386.2820129394531,0.0,0.0,0.0,0.7354499697685242,1.951835036277771,-0.7396363615989685,2.6882996559143066,-0.4161132574081421
773.5139770507812,0.0,0.0,0.0,-0.12745265662670135,0.05043399706482887,0.05837249383330345,3.304403305053711,-0.6911605000495911
288.67401123046875,0.0,0.0,0.0,2.4917569160461426,-2.6815526485443115,0.552822470664978,3.6847972869873047,0.2933337688446045
333.51800537109375,0.0,0.0,0.0,4.030031204223633,-1.2244709730148315,0.21323852241039276,4.2933173179626465,0.2371407449245453
742.6740112304688,0.0,0.0,0.0,4.482799530029297,-0.07234141230583191,0.03867906704545021,4.547247886657715,0.2370338886976242
911.885986328125,0.0,0.0,0.0,3.8268635272979736,1.5322765111923218,-0.1806035339832306,4.76775598526001,-0.15304873883724213
873.7739868164062,0.0,0.0,0.0,3.02174711227417,-1.5838226079940796,0.23847243189811707,4.352365970611572,0.10267408192157745
287.1059875488281,0.0,0.0,0.0,4.137803077697754,-0.598258912563324,0.5152449607849121,3.5043935775756836,0.5222604274749756
742.3660278320312,0.0,0.0,0.0,4.450594425201416,-0.07229781895875931,0.005732507444918156,4.667133331298828,-0.055379949510097504
137.1060028076172,0.0,0.0,0.0,1.2925609350204468,-0.014499847777187824,-0.08081717044115067,1.7886319160461426,-0.04014277085661888
74.18599700927734,0.0,0.0,0.0,2.6457204818725586,0.41277119517326355,-0.036878280341625214,2.28468656539917,-0.09821876883506775
126.18599700927734,0.0,0.0,0.0,1.4846583604812622,0.9211649298667908,-0.38125544786453247,2.2656311988830566,-0.11329977214336395
736.4739990234375,0.0,0.0,0.0,2.9637725353240967,-0.7010557651519775,0.06353224068880081,3.6928226947784424,0.08126436918973923
782.322021484375,0.0,0.0,0.0,-0.37237638235092163,-0.14821335673332214,-0.013028585352003574,1.6688812971115112,0.13860644400119781
853.6060180664062,0.0,0.0,0.0,1.073061466217041,-0.025878140702843666,0.003240660298615694,2.1627089977264404,0.07439811527729034
864.030029296875,0.0,0.0,0.0,2.4968924522399902,-0.2251218855381012,-0.00490159634500742,0.0,0.0
465.3699951171875,0.0,0.0,0.0,2.7077972888946533,-1.173035979270935,0.30106228590011597,3.898076295852661,0.28896602988243103
158.2259979248047,0.0,0.0,0.0,1.3830442428588867,1.2229965925216675,-0.8831238746643066,2.2948739528656006,-0.8305281400680542
723.030029296875,0.0,0.0,0.0,3.9831113815307617,0.5551345348358154,-0.4130709767341614,2.732708692550659,-0.48929232358932495
721.6820068359375,0.0,0.0,0.0,4.401476860046387,-0.034397438168525696,0.005731550510972738,4.91969633102417,0.0605383962392807
589.3140258789062,0.0,0.0,0.0,2.829136610031128,0.4387933015823364,-0.3062221109867096,3.888988733291626,-0.3776591718196869
193.06199645996094,0.0,0.0,0.0,0.0015274897450581193,2.0719428062438965,-9.46575528359972e-05,0.0,0.0
143.05799865722656,0.0,0.0,0.0,2.3382906913757324,-0.6046358346939087,0.09902378171682358,2.288867235183716,0.10576236993074417
752.093994140625,0.0,0.0,0.0,-0.7146784067153931,0.20980341732501984,-0.01881665177643299,3.9627654552459717,-0.3166631758213043
688.47802734375,0.0,0.0,0.0,-1.25204598903656,-1.042807936668396,1.1357086896896362,4.48759126663208,-0.0538938045501709
297.4580078125,0.0,0.0,0.0,2.9546194076538086,-1.001990795135498,0.22240686416625977,4.019351959228516,0.23913933336734772
948.573974609375,0.0,0.0,0.0,0.0749289020895958,0.0013943177182227373,0.00849431287497282,4.217010498046875,-0.23556587100028992
505.1780090332031,0.0,0.0,0.0,3.907681941986084,1.4823585748672485,-0.28616657853126526,4.3309831619262695,-0.22307026386260986
509.48199462890625,0.0,0.0,0.0,-0.22227971255779266,2.740095615386963,-1.2088050842285156,2.78143310546875,-0.41132521629333496
708.1300048828125,0.0,0.0,0.0,4.439048767089844,0.6718759536743164,-0.06274218112230301,4.547800540924072,-0.2023598700761795
907.5339965820312,0.0,0.0,0.0,2.541191816329956,1.4919042587280273,-0.37957286834716797,3.6155388355255127,-0.26897940039634705
517.0819702148438,0.0,0.0,0.0,2.4652063846588135,0.27052244544029236,-0.2865942120552063,3.0260744094848633,-0.3266741931438446
227.38600158691406,0.0,0.0,0.0,3.625173330307007,-1.1509820222854614,0.03364139422774315,3.586881637573242,-0.017159679904580116
599.4140014648438,0.0,0.0,0.0,4.340390682220459,0.9279292821884155,-0.2430635690689087,4.683663845062256,-0.2293146550655365
611.2139892578125,0.0,0.0,0.0,1.206998348236084,3.4295735359191895,-0.46851539611816406,4.029482364654541,0.299875944852829
384.3819885253906,0.0,0.0,0.0,1.9992294311523438,1.5645771026611328,-0.6726526021957397,2.193729877471924,-0.5749387741088867
127.91799926757812,0.0,0.0,0.0,2.693195104598999,0.3938862085342407,-0.005752232391387224,3.53753399848938,-0.034717731177806854
362.0899963378906,0.0,0.0,0.0,4.265868663787842,-0.44410401582717896,0.010940476320683956,4.810808181762695,0.058881159871816635
434.04998779296875,0.0,0.0,0.0,1.6970648765563965,1.1852370500564575,-0.8097525835037231,2.884143829345703,-0.8222792148590088
163.78199768066406,0.0,0.0,0.0,1.8568382263183594,0.06486506760120392,-0.008238435722887516,3.7204525470733643,0.7254464030265808
628.9619750976562,0.0,0.0,0.0,1.1174994707107544,0.24896368384361267,-0.09873383492231369,0.0,0.0
170.2100067138672,0.0,0.0,0.0,-1.500752568244934,-0.07269386202096939,0.6807806491851807,3.312145471572876,-0.8611917495727539
387.5140075683594,0.0,0.0,0.0,-0.5959047079086304,1.0929491519927979,-1.3832443952560425,3.4730496406555176,0.07878522574901581
185.75799560546875,0.0,0.0,0.0,-1.0714367628097534,-0.08099081367254257,0.6857103705406189,3.8761987686157227,-0.5604508519172668
284.20599365234375,0.0,0.0,0.0,4.301769733428955,0.11669391393661499,-0.09067719429731369,4.67461633682251,0.0010262263240292668
534.2780151367188,0.0,0.0,0.0,0.8354071378707886,-1.8423101902008057,0.9546083211898804,2.3182778358459473,0.1962313950061798
661.0180053710938,0.0,0.0,0.0,2.086329221725464,0.8380733132362366,-0.21915686130523682,2.2324764728546143,-0.22714053094387054
732.3460083007812,0.0,0.0,0.0,2.5140652656555176,-0.6710020303726196,0.4325256943702698,3.6104533672332764,0.45949873328208923
875.8460083007812,0.0,0.0,0.0,3.9809377193450928,-1.0102721452713013,0.06658399850130081,4.494953155517578,0.1536087840795517
757.2979736328125,0.0,0.0,0.0,2.8839612007141113,-1.0637047290802002,0.10875789076089859,3.873685359954834,0.008895179256796837
705.4340209960938,0.0,0.0,0.0,4.030844211578369,1.3467527627944946,-0.10743283480405807,4.638110637664795,-0.09917926788330078
231.51800537109375,0.0,0.0,0.0,2.0147790908813477,-0.3589637875556946,0.058738090097904205,1.8159226179122925,0.09235020726919174
274.04998779296875,0.0,0.0,0.0,1.1898349523544312,-0.27145111560821533,0.02662949450314045,0.9891324639320374,0.07432259619235992
931.9979858398438,0.0,0.0,0.0,3.8791933059692383,0.4990556836128235,-0.07142014056444168,4.6266350746154785,-0.09945445507764816
867.7940063476562,0.0,0.0,0.0,0.9393965005874634,-0.12464485317468643,0.1700948029756546,1.2571017742156982,0.19755996763706207
356.27398681640625,0.0,0.0,0.0,2.5875117778778076,-1.3918180465698242,0.3373790681362152,3.4158935546875,0.2843005955219269
573.4539794921875,0.0,0.0,0.0,3.064647674560547,-2.3311684131622314,0.25437724590301514,4.9538254737854,0.016118451952934265
252.3179931640625,0.0,0.0,0.0,2.703878164291382,-0.41576454043388367,-0.4826807677745819,2.342639207839966,-0.38560396432876587
200.29400634765625,0.0,0.0,0.0,3.603320598602295,0.3191474974155426,-0.012691390700638294,4.281418800354004,0.010523944161832333
137.2100067138672,0.0,0.0,0.0,1.3781455755233765,0.004899170715361834,-0.05623551830649376,2.0331695079803467,-0.027435410767793655
933.3300170898438,0.0,0.0,0.0,4.110311508178711,0.7039704918861389,-0.09266934543848038,4.195858955383301,-0.04830924794077873
78.8499984741211,0.0,0.0,0.0,1.6077656745910645,0.747165858745575,-0.47779443860054016,2.2181434631347656,-0.5040218234062195
253.406005859375,0.0,0.0,0.0,2.581341028213501,0.8477129340171814,-0.48547032475471497,3.119631052017212,-0.4514847993850708
884.9420166015625,0.0,0.0,0.0,4.308731555938721,-1.0318973064422607,0.17067642509937286,3.655880928039551,0.39175698161125183
693.7020263671875,0.0,0.0,0.0,2.5318117141723633,-0.03474600613117218,-0.2172115296125412,3.539757013320923,-0.45815956592559814
943.6580200195312,0.0,0.0,0.0,-1.0914698839187622,2.500175714492798,-1.296245813369751,3.809230327606201,0.5005213022232056
434.489990234375,0.0,0.0,0.0,1.6003724336624146,1.4733963012695312,-0.7907766699790955,2.989346742630005,-0.39585623145103455
954.1259765625,0.0,0.0,0.0,3.598144054412842,1.5932015180587769,-0.4343375563621521,3.4836301803588867,-0.5214980840682983
844.9140014648438,0.0,0.0,0.0,1.4083802700042725,2.6156387329101562,-0.8412487506866455,3.2582314014434814,-0.5199803113937378
323.75799560546875,0.0,0.0,0.0,2.487405300140381,-1.2593046426773071,0.3060934841632843,3.682541847229004,0.2827518582344055
140.03799438476562,0.0,0.0,0.0,2.4033327102661133,-0.7343329191207886,0.23122638463974,2.796494960784912,0.22832342982292175
513.8460083007812,0.0,0.0,0.0,-0.23470139503479004,-0.08927349001169205,-0.019130893051624298,3.0970301628112793,-0.2802359163761139
760.677978515625,0.0,0.0,0.0,2.6848909854888916,-1.1227400302886963,0.4062604606151581,2.920314073562622,0.17528608441352844
930.3980102539062,0.0,0.0,0.0,2.8337464332580566,0.038219377398490906,0.006013831123709679,4.658660411834717,-0.14075841009616852
211.19000244140625,0.0,0.0,0.0,1.3654717206954956,-0.03174421936273575,0.15649522840976715,1.8130836486816406,0.153262197971344
332.6780090332031,0.0,0.0,0.0,4.158632278442383,-0.6527143716812134,0.3037443161010742,4.617218494415283,0.16346290707588196
674.8820190429688,0.0,0.0,0.0,4.197004318237305,0.4539209008216858,0.03867547586560249,4.501947402954102,0.11336524039506912
289.9939880371094,0.0,0.0,0.0,1.7390210628509521,-3.0403006076812744,0.42129015922546387,3.20105242729187,0.07686921954154968
671.47802734375,0.0,0.0,0.0,3.1779210567474365,0.648677408695221,-0.11617691814899445,3.9036343097686768,-0.11527330428361893
156.91400146484375,0.0,0.0,0.0,1.4057549238204956,0.28261813521385193,-0.7260095477104187,1.9736747741699219,-0.846480667591095
420.2179870605469,0.0,0.0,0.0,3.460444450378418,-1.8731406927108765,0.28922000527381897,3.933170795440674,0.3919188678264618
598.1619873046875,0.0,0.0,0.0,4.242928981781006,0.7758124470710754,-0.022393204271793365,4.706526279449463,-0.019585302099585533
233.41000366210938,0.0,0.0,0.0,2.0872199535369873,-0.6643269062042236,0.3571022152900696,2.6610591411590576,0.40150073170661926
646.4660034179688,0.0,0.0,0.0,4.628508567810059,0.36072516441345215,-0.006467203143984079,5.0203938484191895,-0.05613134428858757
924.7059936523438,0.0,0.0,0.0,-1.5551692247390747,0.6001366972923279,0.13998055458068848,3.373835325241089,-0.6491059064865112
423.4540100097656,0.0,0.0,0.0,2.139432430267334,-2.69655704498291,0.3680779039859772,4.037334442138672,0.22092604637145996
325.01800537109375,0.0,0.0,0.0,2.9272820949554443,-1.4647799730300903,0.34626221656799316,4.388818740844727,0.31164315342903137
874.1900024414062,0.0,0.0,0.0,3.2074923515319824,-1.5471018552780151,0.17599959671497345,4.624957084655762,0.06111655384302139
871.7459716796875,0.0,0.0,0.0,2.284797191619873,-1.177512288093567,0.39217159152030945,3.5200018882751465,0.4557059407234192
79.77400207519531,0.0,0.0,0.0,1.9010398387908936,0.8962942361831665,-0.4470168948173523,2.756146192550659,-0.5464102625846863
341.6579895019531,0.0,0.0,0.0,0.9032289981842041,-1.5566043853759766,0.8405115604400635,3.6506569385528564,0.017065418884158134
905.1060180664062,0.0,0.0,0.0,2.4453976154327393,0.6485515832901001,-0.3688142001628876,2.365943193435669,-0.41924843192100525
520.1820068359375,0.0,0.0,0.0,2.302598476409912,0.6230206489562988,-0.14112447202205658,2.3508458137512207,-0.2655580937862396
468.0539855957031,0.0,0.0,0.0,3.8128905296325684,-1.037063479423523,0.054850246757268906,4.672054767608643,-0.0014036311767995358
715.5380249023438,0.0,0.0,0.0,3.7374353408813477,-1.915626883506775,0.17787116765975952,4.640316486358643,0.1783772110939026
176.27000427246094,0.0,0.0,0.0,1.2213550806045532,1.6139824390411377,-0.9036652445793152,3.0832202434539795,-0.7647064924240112
173.48599243164062,0.0,0.0,0.0,0.7837274670600891,-0.02204178087413311,0.09500513225793839,2.474808931350708,-1.1412352323532104
437.67401123046875,0.0,0.0,0.0,-0.5627875924110413,0.17075979709625244,-0.8304424285888672,2.170842409133911,0.7786718010902405
326.302001953125,0.0,0.0,0.0,3.235413074493408,-1.6765217781066895,0.24850638210773468,4.551961898803711,0.2437167465686798
221.38600158691406,0.0,0.0,0.0,3.2124056816101074,-0.5545549392700195,0.07116258889436722,3.852170944213867,0.09230547398328781
882.3579711914062,0.0,0.0,0.0,4.258641719818115,-1.2686216831207275,0.12404120713472366,4.55079984664917,0.06306234002113342
699.3499755859375,0.0,0.0,0.0,2.4898247718811035,1.0412331819534302,-0.3260243833065033,3.120584011077881,-0.2855417728424072
269.51800537109375,0.0,0.0,0.0,3.1557652950286865,-1.0906157493591309,0.2872195243835449,3.381523847579956,0.26338881254196167
303.6300048828125,0.0,0.0,0.0,2.0107851028442383,-0.883183479309082,0.6389618515968323,2.490086078643799,0.5618273615837097
316.0140075683594,0.0,0.0,0.0,2.6135952472686768,-2.5431714057922363,0.38789549469947815,4.458667755126953,0.13455648720264435
875.2540283203125,0.0,0.0,0.0,3.7450814247131348,-1.2129544019699097,0.035824257880449295,4.537369251251221,-0.04669933393597603
906.5020141601562,0.0,0.0,0.0,2.2860493659973145,1.2369534969329834,-0.42859381437301636,3.1074209213256836,-0.3405066728591919
167.29400634765625,0.0,0.0,0.0,1.952021837234497,-2.66171932220459,0.60891193151474,4.495784282684326,0.18251174688339233
889.677978515625,0.0,0.0,0.0,-1.5751876831054688,0.5787522196769714,0.22154004871845245,3.574028730392456,-0.4618775248527527
186.32200622558594,0.0,0.0,0.0,-0.766471266746521,0.13429735600948334,0.21867014467716217,3.3337888717651367,-0.738498330116272
597.9140014648438,0.0,0.0,0.0,4.187281131744385,0.8191218376159668,-0.012214399874210358,4.524914741516113,-0.012894694693386555
662.8820190429688,0.0,0.0,0.0,1.3408147096633911,0.47013211250305176,-0.04483145475387573,0.0,0.0
126.4739990234375,0.0,0.0,0.0,1.6544477939605713,0.8484675288200378,-0.19862234592437744,2.770671844482422,-0.11782701313495636
628.5780029296875,0.0,0.0,0.0,1.4208916425704956,0.272229939699173,-0.1591496467590332,0.0,0.0
255.38600158691406,0.0,0.0,0.0,1.1633517742156982,1.9207758903503418,-0.8398286700248718,1.8096336126327515,-0.5467212796211243
925.2260131835938,0.0,0.0,0.0,-1.2687947750091553,0.46316587924957275,0.09708775579929352,4.133458137512207,-0.23786674439907074
834.9739990234375,0.0,0.0,0.0,-1.5342657566070557,0.36685776710510254,0.3251568377017975,2.813248872756958,-0.4780283570289612
793.3619995117188,0.0,0.0,0.0,3.933347702026367,-0.6156967878341675,-0.046110183000564575,4.243649005889893,-0.06855595111846924
525.7139892578125,0.0,0.0,0.0,1.4432103633880615,1.4902688264846802,-0.5462061762809753,3.127669095993042,-0.39580151438713074
640.0859985351562,0.0,0.0,0.0,3.7152438163757324,1.127641201019287,-0.1092526838183403,4.56529426574707,-0.05151272937655449
515.9299926757812,0.0,0.0,0.0,1.5706919431686401,-0.1253020167350769,0.06373924762010574,3.1533892154693604,-0.273117333650589
835.5419921875,0.0,0.0,0.0,-1.219999074935913,0.35761672258377075,0.14946171641349792,2.8417794704437256,-0.4874633252620697
902.8980102539062,0.0,0.0,0.0,3.726836681365967,0.41460806131362915,-0.05337625741958618,2.97548246383667,0.05639928951859474
826.906005859375,0.0,0.0,0.0,3.6516284942626953,0.427622526884079,0.31989234685897827,4.130867958068848,0.3004388213157654
561.3460083007812,0.0,0.0,0.0,1.1200042963027954,2.85200572013855,-0.4997721314430237,2.4436733722686768,-0.18144866824150085
178.53799438476562,0.0,0.0,0.0,-0.7150359153747559,0.20609112083911896,-0.6756909489631653,4.172135829925537,0.2878616452217102
708.3099975585938,0.0,0.0,0.0,4.429402828216553,0.6960263848304749,-0.11693698167800903,4.540512561798096,-0.1684972494840622
302.72601318359375,0.0,0.0,0.0,2.2688393592834473,-0.04822256416082382,0.43140190839767456,2.2978665828704834,0.4564146101474762
362.3380126953125,0.0,0.0,0.0,4.298249244689941,-0.4508586823940277,0.0557483471930027,4.09154748916626,0.19052346050739288
744.6820068359375,0.0,0.0,0.0,4.244318008422852,-1.5301063060760498,0.27082791924476624,4.725770473480225,0.09920647740364075
171.30999755859375,0.0,0.0,0.0,-0.8315914869308472,0.194345623254776,0.13008704781532288,2.749706268310547,-1.0525590181350708
406.9339904785156,0.0,0.0,0.0,2.185603141784668,-1.06586492061615,0.4203437864780426,3.2303507328033447,0.3765014708042145
843.2459716796875,0.0,0.0,0.0,3.655332326889038,0.7531944513320923,-0.23978258669376373,3.2105836868286133,-0.5551587343215942
95.91400146484375,0.0,0.0,0.0,1.6579557657241821,-0.6932889223098755,0.4297517240047455,2.269602060317993,0.4240438640117645
192.14599609375,0.0,0.0,0.0,1.1233398914337158,2.3026492595672607,-0.8782557249069214,4.206128120422363,-0.3033522963523865
616.2780151367188,0.0,0.0,0.0,-0.3715665340423584,-0.1378847360610962,0.0056086075492203236,3.091766357421875,0.7641482353210449
239.406005859375,0.0,0.0,0.0,3.598036527633667,-0.9551096558570862,0.11130539327859879,4.209129810333252,0.1187184676527977
189.52999877929688,0.0,0.0,0.0,1.817313313484192,0.160003662109375,-0.44254815578460693,2.62042236328125,-0.8808773159980774
812.4420166015625,0.0,0.0,0.0,3.1251351833343506,0.8304404020309448,-0.01935199648141861,2.7695817947387695,0.0054593696258962154
779.781982421875,0.0,0.0,0.0,-1.1408079862594604,1.6700323820114136,-1.4776424169540405,4.016217231750488,0.3043118715286255
473.4739990234375,0.0,0.0,0.0,4.015749454498291,1.3681777715682983,-0.1648481786251068,3.832615375518799,-0.2588347792625427
764.010009765625,0.0,0.0,0.0,2.776142120361328,-0.3706772029399872,0.4369702637195587,2.661393642425537,0.4050002098083496
775.3179931640625,0.0,0.0,0.0,1.6673256158828735,-0.08963263034820557,0.031548645347356796,3.108250379562378,-0.840718686580658
166.41799926757812,0.0,0.0,0.0,2.4801414012908936,-2.180734872817993,0.5684450268745422,4.2862629890441895,0.4025869369506836
574.5380249023438,0.0,0.0,0.0,3.429056406021118,-1.9709230661392212,0.051590193063020706,4.613790988922119,-0.12929941713809967
204.6820068359375,0.0,0.0,0.0,0.17622630298137665,-2.4209210872650146,1.026239037513733,3.5004913806915283,-0.11950244009494781
421.2139892578125,0.0,0.0,0.0,2.8782434463500977,-2.261920213699341,0.4595579206943512,3.532113552093506,0.3549339771270752
806.4420166015625,0.0,0.0,0.0,4.037273406982422,-1.7283986806869507,-0.038454845547676086,4.599464416503906,-0.276591032743454
218.07400512695312,0.0,0.0,0.0,1.9578648805618286,-0.38765498995780945,0.06205514445900917,2.123147487640381,0.09436797350645065
820.8460083007812,0.0,0.0,0.0,2.4295334815979004,2.050896406173706,-0.30509820580482483,4.506418228149414,0.01880386471748352
639.47802734375,0.0,0.0,0.0,3.489976644515991,1.1758702993392944,-0.19421137869358063,4.387757778167725,-0.04991186410188675
909.9619750976562,0.0,0.0,0.0,3.4208285808563232,1.5910662412643433,-0.06942020356655121,4.494900703430176,-0.0279744490981102
109.8219985961914,0.0,0.0,0.0,-0.6835659146308899,0.1882370263338089,0.04070199280977249,3.477262258529663,-0.3437895178794861
686.6099853515625,0.0,0.0,0.0,0.8135342001914978,-2.972273349761963,0.46773821115493774,4.20208215713501,0.42496803402900696
393.9460144042969,0.0,0.0,0.0,2.703012228012085,-1.8734676837921143,0.5291492938995361,4.249081611633301,0.3711680471897125
201.57400512695312,0.0,0.0,0.0,3.3431434631347656,-0.6819665431976318,0.6310003995895386,2.8772456645965576,0.6094576120376587
443.3900146484375,0.0,0.0,0.0,2.3921799659729004,-0.964985728263855,0.24221567809581757,3.3551430702209473,0.2884058952331543
919.9539794921875,0.0,0.0,0.0,3.8385512828826904,-1.9116491079330444,0.3276198208332062,3.8267810344696045,0.5211074948310852
830.52197265625,0.0,0.0,0.0,2.353778600692749,-2.649144172668457,0.708255410194397,3.356458902359009,0.24396324157714844
770.35400390625,0.0,0.0,0.0,0.5407621264457703,-2.3433170318603516,0.7688905596733093,3.5701396465301514,0.30786001682281494
769.2739868164062,0.0,0.0,0.0,1.409532070159912,-2.3973734378814697,0.6250979900360107,3.124401807785034,0.38296422362327576
418.51800537109375,0.0,0.0,0.0,4.0161027908325195,-1.3910191059112549,0.3154837489128113,4.347704887390137,0.32653313875198364
901.06201171875,0.0,0.0,0.0,4.288163661956787,0.5902336835861206,0.02221309021115303,4.163412094116211,-0.030188463628292084
697.9099731445312,0.0,0.0,0.0,2.388883590698242,0.787289023399353,-0.17614582180976868,2.4884402751922607,-0.22048158943653107
568.0859985351562,0.0,0.0,0.0,0.9152411818504333,-0.013712778687477112,-0.1115131750702858,3.8953282833099365,0.5164998769760132
163.4499969482422,0.0,0.0,0.0,1.4816324710845947,0.06474403291940689,-0.13052590191364288,3.715738296508789,0.7682979106903076
508.67401123046875,0.0,0.0,0.0,1.3158609867095947,2.8162386417388916,-0.9056092500686646,2.3070883750915527,-0.6252796649932861
463.5140075683594,0.0,0.0,0.0,2.032179594039917,-0.7134803533554077,0.37232109904289246,2.5607290267944336,0.35560718178749084
370.2860107421875,0.0,0.0,0.0,1.5148833990097046,-1.658137321472168,0.5058006048202515,1.8218300342559814,0.3581957221031189
479.7860107421875,0.0,0.0,0.0,1.0241631269454956,2.121424436569214,-0.4550893008708954,2.907902479171753,-0.0573665015399456
522.0900268554688,0.0,0.0,0.0,2.108362913131714,0.9342448115348816,-0.3768308460712433,2.035287618637085,-0.45974916219711304
269.86199951171875,0.0,0.0,0.0,3.0870697498321533,-1.1940358877182007,0.26335424184799194,3.5293643474578857,0.20895911753177643
302.51800537109375,0.0,0.0,0.0,2.230961322784424,0.16051031649112701,0.3661837875843048,2.4749271869659424,0.3892643451690674
883.3779907226562,0.0,0.0,0.0,4.309009552001953,-1.20475435256958,0.0824890062212944,5.040316104888916,0.08024264872074127
142.19400024414062,0.0,0.0,0.0,2.460533857345581,-0.740073025226593,0.10041787475347519,2.5653092861175537,0.11725735664367676
94.75399780273438,0.0,0.0,0.0,1.4221410751342773,-0.5495526194572449,0.40712085366249084,1.8489916324615479,0.40440669655799866
791.114013671875,0.0,0.0,0.0,2.9822771549224854,-1.2218493223190308,0.2401210367679596,4.138282775878906,0.22006811201572418
628.8460083007812,0.0,0.0,0.0,1.2069365978240967,0.25030186772346497,-0.07738752663135529,0.0,0.0
135.25,0.0,0.0,0.0,-0.43026596307754517,0.004722152836620808,0.34304583072662354,1.815091609954834,-0.6289787292480469
729.3820190429688,0.0,0.0,0.0,-0.14182311296463013,-0.08270075172185898,-0.017808537930250168,2.8337714672088623,0.535633385181427
89.25399780273438,0.0,0.0,0.0,-0.6649039387702942,-0.1371263861656189,0.013996471650898457,1.6723536252975464,-0.2976555824279785
104.38999938964844,0.0,0.0,0.0,3.3790829181671143,-1.3002700805664062,0.5479192137718201,2.371272087097168,0.46632981300354004
769.073974609375,0.0,0.0,0.0,1.5399283170700073,-2.3514506816864014,0.6197176575660706,3.3548295497894287,0.3519490361213684
505.77801513671875,0.0,0.0,0.0,3.883118152618408,1.7259408235549927,-0.2148587554693222,4.31827449798584,-0.12947525084018707
633.5059814453125,0.0,0.0,0.0,0.932601809501648,0.04857367277145386,-0.08048144727945328,1.611397624015808,-0.1249784529209137
685.7459716796875,0.0,0.0,0.0,1.256328821182251,-3.2012112140655518,0.4235672354698181,4.156728267669678,0.49972203373908997
893.166015625,0.0,0.0,0.0,0.38500362634658813,0.019972829148173332,0.026118187233805656,3.892796277999878,-0.18072175979614258
461.45001220703125,0.0,0.0,0.0,1.5579133033752441,-0.2755682170391083,0.11035335808992386,1.7364896535873413,0.16145935654640198
518.1099853515625,0.0,0.0,0.0,2.538459062576294,0.6890636682510376,-0.22930730879306793,3.0104176998138428,-0.2537256181240082
843.14599609375,0.0,0.0,0.0,3.6703948974609375,0.6840679049491882,-0.21116434037685394,3.91385817527771,-0.4312524199485779
297.6820068359375,0.0,0.0,0.0,3.060373544692993,-1.026762843132019,0.20373260974884033,4.078368186950684,0.15617242455482483
208.45399475097656,0.0,0.0,0.0,0.01679218001663685,0.0032286273781210184,-0.004607049748301506,2.323390245437622,-0.6019734144210815
324.35400390625,0.0,0.0,0.0,2.742833137512207,-1.3074898719787598,0.3173114061355591,3.8604984283447266,0.4326395094394684
211.64199829101562,0.0,0.0,0.0,1.621896743774414,-0.14597930014133453,0.2008960098028183,2.1558244228363037,0.23492960631847382
912.333984375,0.0,0.0,0.0,3.899007558822632,1.5223320722579956,-0.15854457020759583,4.701958656311035,-0.1694018542766571
461.69000244140625,0.0,0.0,0.0,1.5846836566925049,-0.27052703499794006,0.1519218534231186,1.7350366115570068,0.1597047746181488
822.030029296875,0.0,0.0,0.0,2.61281156539917,2.084660053253174,-0.3647567629814148,4.090610027313232,-0.3403299152851105
220.38600158691406,0.0,0.0,0.0,2.8782663345336914,-0.5303457379341125,0.11339949071407318,3.582770586013794,0.09846427291631699
874.4739990234375,0.0,0.0,0.0,3.3624823093414307,-1.472049355506897,0.13464756309986115,4.671098709106445,0.03384670615196228
880.5419921875,0.0,0.0,0.0,4.102568626403809,-1.4557093381881714,0.012206710875034332,4.696319580078125,0.09145362675189972
704.7420043945312,0.0,0.0,0.0,3.928720712661743,1.3917474746704102,-0.1416371762752533,4.777082443237305,-0.08134511113166809
890.4420166015625,0.0,0.0,0.0,-1.1616932153701782,0.39213135838508606,0.08219816535711288,3.256244421005249,-0.5006191730499268
123.29399871826172,0.0,0.0,0.0,1.2868157625198364,0.8235175013542175,-0.5043330192565918,1.8074396848678589,-0.5407458543777466
560.7420043945312,0.0,0.0,0.0,1.4164150953292847,2.8489067554473877,-0.5130855441093445,2.7919132709503174,-0.30319467186927795
812.1099853515625,0.0,0.0,0.0,3.2199227809906006,0.968634307384491,-0.018601300194859505,3.0207972526550293,-0.0236550010740757
647.0380249023438,0.0,0.0,0.0,4.624511241912842,0.36010074615478516,-0.031845834106206894,5.1182074546813965,-0.02944282256066799
339.1820068359375,0.0,0.0,0.0,1.2613881826400757,-1.424548625946045,0.6289423704147339,2.0311453342437744,0.5190416574478149
242.4499969482422,0.0,0.0,0.0,4.148617744445801,-0.6486638784408569,0.04158354923129082,4.537121295928955,0.04541163519024849
537.97802734375,0.0,0.0,0.0,0.7486147284507751,0.014856616966426373,0.08006059378385544,2.16461181640625,0.024672502651810646
416.1499938964844,0.0,0.0,0.0,3.9016478061676025,-0.8013708591461182,0.037919871509075165,4.467819690704346,-0.0063821785151958466
640.302001953125,0.0,0.0,0.0,3.7639689445495605,1.1073194742202759,-0.11165712773799896,4.409814357757568,-0.02405930496752262
649.8499755859375,0.0,0.0,0.0,2.513887643814087,2.9995672702789307,-0.30357590317726135,3.7620279788970947,0.10714997351169586
671.3380126953125,0.0,0.0,0.0,3.1219100952148438,0.6096159815788269,-0.1740894764661789,3.895381450653076,-0.13753703236579895
112.91400146484375,0.0,0.0,0.0,1.7303277254104614,0.3920956552028656,-0.5091455578804016,2.369954824447632,-0.630868136882782
213.07400512695312,0.0,0.0,0.0,2.1986536979675293,-0.5510957837104797,0.24601568281650543,2.729494333267212,0.2257533073425293
849.3419799804688,0.0,0.0,0.0,-0.20628997683525085,-0.08721097558736801,0.028761006891727448,1.4736131429672241,0.07923665642738342
506.9419860839844,0.0,0.0,0.0,3.8675248622894287,1.7040146589279175,-0.13211815059185028,3.610569953918457,-0.22369302809238434
226.6820068359375,0.0,0.0,0.0,3.631051540374756,-1.3314250707626343,0.07225874811410904,3.891078472137451,0.0701165720820427
588.2780151367188,0.0,0.0,0.0,1.8049414157867432,-0.05722716078162193,-0.1257752627134323,3.5494821071624756,-0.5731924772262573
140.98199462890625,0.0,0.0,0.0,2.532965660095215,-0.8219263553619385,0.21394796669483185,2.717158079147339,0.16731326282024384
599.8779907226562,0.0,0.0,0.0,4.3095502853393555,1.1827552318572998,-0.23359324038028717,4.278496742248535,-0.2648944556713104
477.4739990234375,0.0,0.0,0.0,1.429351806640625,2.62391996383667,-0.3975326418876648,3.1911637783050537,-0.3651760518550873
328.72198486328125,0.0,0.0,0.0,4.055276393890381,-0.09010115265846252,-0.34094172716140747,4.716572284698486,-0.33759549260139465
574.8779907226562,0.0,0.0,0.0,3.6145551204681396,-1.6797555685043335,-0.0612267330288887,4.657278060913086,-0.18384070694446564
818.010009765625,0.0,0.0,0.0,2.234954833984375,1.9043245315551758,-0.39172664284706116,3.8819291591644287,-0.09115425497293472
282.91400146484375,0.0,0.0,0.0,4.019390106201172,-0.1874951869249344,-0.06668386608362198,4.539925575256348,-0.04128469526767731
55.518001556396484,0.0,0.0,0.0,-0.0019140151562169194,0.0008771985303610563,-0.00013385609781835228,0.0,0.0
578.6179809570312,0.0,0.0,0.0,4.11956787109375,0.300307035446167,0.0022492576390504837,4.489073753356934,0.023054370656609535
433.4339904785156,0.0,0.0,0.0,1.7530375719070435,0.6704286932945251,-0.8116909265518188,2.4988927841186523,-0.8733831644058228
610.8140258789062,0.0,0.0,0.0,1.5168884992599487,3.4405531883239746,-0.4544964134693146,3.91870379447937,0.2444954216480255
669.8820190429688,0.0,0.0,0.0,2.6283767223358154,0.09526192396879196,-0.14600953459739685,3.0549302101135254,-0.19561012089252472
254.1179962158203,0.0,0.0,0.0,2.412227153778076,1.2745412588119507,-0.5214905738830566,2.3791399002075195,-0.5579072833061218
194.37399291992188,0.0,0.0,0.0,0.00011158700363012031,0.9981693029403687,-0.00048520939890295267,0.0,0.0
498.64599609375,0.0,0.0,0.0,1.6255764961242676,0.630023181438446,-0.35885968804359436,2.1568868160247803,-0.2895483672618866
437.0140075683594,0.0,0.0,0.0,-0.5623890161514282,0.9578012824058533,-1.6113725900650024,2.561370849609375,0.8539226055145264
666.6060180664062,0.0,0.0,0.0,2.362154722213745,-0.06902816146612167,0.08038343489170074,2.71905517578125,0.0573294535279274
148.2100067138672,0.0,0.0,0.0,2.220787525177002,-1.4268033504486084,0.524574875831604,3.363997459411621,0.4910889267921448
809.8419799804688,0.0,0.0,0.0,3.565394163131714,1.8021917343139648,-0.1767011284828186,3.9624545574188232,-0.11930891871452332
707.614013671875,0.0,0.0,0.0,4.373001575469971,0.7596956491470337,-0.05189531296491623,4.906227111816406,-0.022617854177951813
858.7100219726562,0.0,0.0,0.0,3.942835807800293,-0.6759541630744934,0.09332003444433212,4.5103583335876465,-0.007035565096884966
886.1619873046875,0.0,0.0,0.0,2.5240421295166016,-2.6513726711273193,0.9050254821777344,3.199514865875244,0.6673257350921631
868.8499755859375,0.0,0.0,0.0,1.4393937587738037,-0.3512934148311615,0.32916098833084106,1.8843907117843628,0.38565364480018616
727.3660278320312,0.0,0.0,0.0,-0.8968343138694763,1.0340622663497925,-1.3850171566009521,2.8038747310638428,0.0002581523731350899
465.2659912109375,0.0,0.0,0.0,2.6563985347747803,-1.1543480157852173,0.3195250928401947,4.036820888519287,0.25424137711524963
716.4099731445312,0.0,0.0,0.0,3.8525428771972656,-1.761853814125061,0.09166069328784943,4.545050144195557,0.11864703893661499
258.1579895019531,0.0,0.0,0.0,-0.6739940047264099,0.1140751764178276,-0.4803696274757385,2.0474400520324707,0.2812162935733795
910.3779907226562,0.0,0.0,0.0,3.6291537284851074,1.445501446723938,-0.08177204430103302,4.564371109008789,-0.06532630324363708
803.8820190429688,0.0,0.0,0.0,3.8707940578460693,-2.105409622192383,0.21769455075263977,4.696438789367676,0.14481912553310394
536.6179809570312,0.0,0.0,0.0,-0.4247477054595947,0.06361699104309082,0.22484950721263885,1.5324336290359497,-0.18237824738025665
169.02200317382812,0.0,0.0,0.0,-0.28414449095726013,-2.504490613937378,1.1840591430664062,4.341244220733643,-0.44418880343437195
174.6699981689453,0.0,0.0,0.0,1.5548295974731445,0.568615734577179,-0.8242492079734802,2.13496470451355,-0.9724707007408142
764.3140258789062,0.0,0.0,0.0,2.7116148471832275,-0.6740303635597229,0.4778881072998047,2.9500532150268555,0.32827937602996826
467.25,0.0,0.0,0.0,3.493184804916382,-1.2301433086395264,0.11149392277002335,4.601607322692871,0.09730851650238037
618.0460205078125,0.0,0.0,0.0,1.2154182195663452,0.014864379540085793,-0.16940556466579437,3.334423542022705,0.8533421754837036
711.6099853515625,0.0,0.0,0.0,3.9354424476623535,1.8518677949905396,-0.15921418368816376,4.8380632400512695,-0.10169811546802521
803.0579833984375,0.0,0.0,0.0,3.902733325958252,-1.9927294254302979,0.2832629084587097,4.773001194000244,0.10897856205701828
513.2459716796875,0.0,0.0,0.0,-0.5356953740119934,-0.14470532536506653,-0.018402285873889923,2.8992133140563965,-0.2067130208015442
554.5980224609375,0.0,0.0,0.0,2.521005868911743,2.68790602684021,-0.3136014938354492,3.9031896591186523,-0.37996941804885864
942.3740234375,0.0,0.0,0.0,1.4043915271759033,3.159053087234497,-0.6733587384223938,4.283400058746338,0.13667155802249908
283.58599853515625,0.0,0.0,0.0,4.183534622192383,-0.045142412185668945,-0.041150808334350586,4.583179950714111,-0.094474196434021
900.2340087890625,0.0,0.0,0.0,4.319422245025635,0.8347187638282776,-0.06335488706827164,4.342828273773193,0.013192480430006981
908.4739990234375,0.0,0.0,0.0,2.818030834197998,1.6983635425567627,-0.31132712960243225,4.0387163162231445,-0.16159945726394653
739.6099853515625,0.0,0.0,0.0,3.9143266677856445,-0.29635855555534363,-0.03497866913676262,4.671573162078857,-0.06544484198093414
207.98199462890625,0.0,0.0,0.0,-0.27930328249931335,0.03127457946538925,-0.04529738426208496,2.0003557205200195,-0.7561057806015015
280.15399169921875,0.0,0.0,0.0,3.270418882369995,-1.3734984397888184,0.19648334383964539,4.224546432495117,0.0494302436709404
218.8179931640625,0.0,0.0,0.0,2.1801328659057617,-0.3883377015590668,0.10232025384902954,2.7967710494995117,0.13500167429447174
366.5260009765625,0.0,0.0,0.0,2.9359917640686035,-1.5817062854766846,-0.24806389212608337,3.6877732276916504,-0.2721269428730011
879.9619750976562,0.0,0.0,0.0,3.9167447090148926,-1.7788866758346558,0.07153090834617615,4.824291229248047,0.02375786006450653
952.7940063476562,0.0,0.0,0.0,3.621917247772217,0.9058946371078491,-0.274016797542572,4.687272548675537,-0.2623007297515869
452.4460144042969,0.0,0.0,0.0,4.772011756896973,-0.38283470273017883,-0.032017678022384644,4.8691277503967285,-0.0017542836721986532
340.51800537109375,0.0,0.0,0.0,1.1670234203338623,-1.4567904472351074,0.598298192024231,2.835695505142212,0.4634796380996704
266.8139953613281,0.0,0.0,0.0,3.641505479812622,0.7190446853637695,-0.16096360981464386,3.566664457321167,-0.12777912616729736
416.2539978027344,0.0,0.0,0.0,3.9196434020996094,-0.7826192378997803,0.05071822553873062,4.729183197021484,-0.0071433838456869125
556.9500122070312,0.0,0.0,0.0,2.2602832317352295,2.599518299102783,-0.38749685883522034,3.8810365200042725,-0.38903000950813293
204.21800231933594,0.0,0.0,0.0,0.8203780651092529,-2.561107635498047,0.7718517780303955,3.853365421295166,0.12559817731380463
157.0500030517578,0.0,0.0,0.0,1.4536367654800415,0.39520108699798584,-0.7694875597953796,2.155329942703247,-0.9475651979446411
416.60198974609375,0.0,0.0,0.0,4.0096282958984375,-0.7002042531967163,0.03396209329366684,4.6059699058532715,0.0187431238591671
825.9979858398438,0.0,0.0,0.0,3.119133710861206,1.7536420822143555,0.1542958766222,3.8550150394439697,0.350359171628952
954.469970703125,0.0,0.0,0.0,3.283489227294922,1.955951452255249,-0.5928286910057068,3.1785526275634766,-0.5710929036140442
97.01399993896484,0.0,0.0,0.0,1.8731814622879028,-0.8172603249549866,0.3890339732170105,2.403102159500122,0.3916526436805725
951.2780151367188,0.0,0.0,0.0,2.6968178749084473,-0.013594570569694042,-0.04918096959590912,4.265203475952148,-0.2986714541912079
637.1900024414062,0.0,0.0,0.0,2.6468629837036133,1.163602590560913,-0.2863691449165344,3.9458048343658447,-0.29247307777404785
523.3779907226562,0.0,0.0,0.0,1.413502812385559,1.231451153755188,-0.6596603393554688,1.9331369400024414,-0.5594960451126099
96.05000305175781,0.0,0.0,0.0,1.694277048110962,-0.7159518003463745,0.42090824246406555,2.298976182937622,0.4441080689430237
873.5059814453125,0.0,0.0,0.0,2.9277148246765137,-1.5620687007904053,0.2848619818687439,4.195549964904785,0.14572066068649292
929.1179809570312,0.0,0.0,0.0,1.3701368570327759,0.03319152444601059,0.05562397837638855,4.815793514251709,-0.16098937392234802
461.3819885253906,0.0,0.0,0.0,1.55532968044281,-0.26500293612480164,0.0496097207069397,1.6494238376617432,0.13056865334510803
906.281982421875,0.0,0.0,0.0,2.266484498977661,1.192854881286621,-0.43640077114105225,2.9796347618103027,-0.39934253692626953
285.2179870605469,0.0,0.0,0.0,4.447697639465332,0.34410911798477173,-0.06683191657066345,4.694850921630859,0.07955531030893326
102.70600128173828,0.0,0.0,0.0,3.810396194458008,-0.770915150642395,0.05999266356229782,4.387990474700928,0.08753414452075958
678.0419921875,0.0,0.0,0.0,4.27796745300293,-1.4958823919296265,0.25740814208984375,4.773655414581299,0.22716762125492096
629.6099853515625,0.0,0.0,0.0,0.6020881533622742,0.17010599374771118,-0.07945957034826279,0.0,0.0
203.906005859375,0.0,0.0,0.0,1.149058222770691,-2.5682120323181152,0.719005286693573,3.9616007804870605,0.2743875980377197
232.8419952392578,0.0,0.0,0.0,1.9635815620422363,-0.5221250057220459,0.3493413031101227,2.3281936645507812,0.30392107367515564
815.2100219726562,0.0,0.0,0.0,1.9835901260375977,1.128751277923584,-0.4396114945411682,2.5201220512390137,-0.4119603931903839
816.2059936523438,0.0,0.0,0.0,2.0892043113708496,1.379084587097168,-0.47745198011398315,3.385932207107544,-0.44915688037872314
724.7420043945312,0.0,0.0,0.0,1.4156064987182617,2.3568010330200195,-0.6487244963645935,2.4008049964904785,-0.42529726028442383
860.8380126953125,0.0,0.0,0.0,4.5362548828125,-0.19933797419071198,0.04745855554938316,4.8802361488342285,-0.005696737207472324
739.2340087890625,0.0,0.0,0.0,3.817431688308716,-0.3706127107143402,-0.00582888862118125,4.480164051055908,-0.08679772913455963
676.9099731445312,0.0,0.0,0.0,4.420271396636963,-0.8136133551597595,0.2038433849811554,4.582918643951416,0.2244982272386551
347.4700012207031,0.0,0.0,0.0,1.2901527881622314,1.3287516832351685,-0.8883212208747864,2.4669888019561768,-0.8493993878364563
258.3819885253906,0.0,0.0,0.0,-0.5714219212532043,0.035467833280563354,-0.315644770860672,1.854038119316101,0.35787728428840637
422.6059875488281,0.0,0.0,0.0,2.342252492904663,-2.593097448348999,0.38432401418685913,3.222156047821045,0.24721968173980713
514.6859741210938,0.0,0.0,0.0,0.32393524050712585,-0.047914180904626846,0.037771839648485184,3.14797043800354,-0.3323153555393219
411.8179931640625,0.0,0.0,0.0,2.5910983085632324,-0.7033654451370239,0.25632956624031067,3.2083306312561035,0.2770490348339081
263.4020080566406,0.0,0.0,0.0,2.9630563259124756,-1.1176356077194214,0.2910807728767395,3.861687421798706,0.08022341132164001
818.7739868164062,0.0,0.0,0.0,2.242262601852417,2.0199637413024902,-0.3547583818435669,4.258084774017334,0.03666916862130165
652.3820190429688,0.0,0.0,0.0,3.3262269496917725,0.48974812030792236,0.22597859799861908,3.0494279861450195,0.0887783095240593
603.6099853515625,0.0,0.0,0.0,3.3692142963409424,2.7634105682373047,-0.3379203975200653,4.624152183532715,-0.23675265908241272
938.2940063476562,0.0,0.0,0.0,3.83113956451416,1.1871458292007446,-0.05717983841896057,4.749484062194824,0.017547599971294403
265.62200927734375,0.0,0.0,0.0,3.677340507507324,0.12312371283769608,-0.2009378969669342,3.9972565174102783,-0.22380474209785461
413.6059875488281,0.0,0.0,0.0,3.064377546310425,-1.056028962135315,0.20384445786476135,4.097105503082275,0.16255250573158264
143.30599975585938,0.0,0.0,0.0,2.2902991771698,-0.5731152892112732,0.10784270614385605,2.298311710357666,0.044579118490219116
199.1820068359375,0.0,0.0,0.0,3.236982583999634,0.3059678375720978,-0.0436801016330719,4.086368083953857,-0.01806565187871456
875.4660034179688,0.0,0.0,0.0,3.835125207901001,-1.1101855039596558,0.002371058566495776,4.86870002746582,0.06366688013076782
885.43798828125,0.0,0.0,0.0,3.9097654819488525,-1.497840404510498,0.5457556843757629,3.6572678089141846,0.6427247524261475
152.32200622558594,0.0,0.0,0.0,-0.5517380833625793,-1.9906316995620728,1.3212395906448364,4.150052547454834,-0.600296676158905
533.1380004882812,0.0,0.0,0.0,1.5851666927337646,-1.349834680557251,0.8790714740753174,2.7607762813568115,0.8398944735527039
912.4340209960938,0.0,0.0,0.0,3.9140145778656006,1.5182268619537354,-0.1490408182144165,4.577907562255859,-0.1044425368309021
138.99400329589844,0.0,0.0,0.0,2.1768033504486084,-0.45156148076057434,0.26820021867752075,2.8206050395965576,0.2878137528896332
561.47802734375,0.0,0.0,0.0,1.0571364164352417,2.8283185958862305,-0.5066394805908203,2.4889822006225586,-0.19198933243751526
255.92599487304688,0.0,0.0,0.0,0.8147385716438293,1.9547719955444336,-0.8147268891334534,1.8204888105392456,-0.5234038233757019
457.34600830078125,0.0,0.0,0.0,1.8783718347549438,-1.4219982624053955,0.17870397865772247,2.1729471683502197,0.08427663147449493
458.85400390625,0.0,0.0,0.0,1.8445554971694946,-0.7076684832572937,0.10067801177501678,2.060514450073242,0.09372735768556595
150.83799743652344,0.0,0.0,0.0,1.4605567455291748,-2.5817818641662598,0.6262585520744324,4.655037879943848,-0.12359058111906052
324.4939880371094,0.0,0.0,0.0,2.7839369773864746,-1.3477251529693604,0.3330470323562622,3.7810769081115723,0.3046357035636902
496.4339904785156,0.0,0.0,0.0,1.514526128768921,1.1933343410491943,-0.231517031788826,1.4594383239746094,-0.12485349923372269
232.53799438476562,0.0,0.0,0.0,1.9291350841522217,-0.4299074113368988,0.3364567756652832,2.231511354446411,0.3227938115596771
540.4500122070312,0.0,0.0,0.0,2.2625527381896973,-0.021613122895359993,-0.018477631732821465,2.4594409465789795,-0.12262654304504395
364.3139953613281,0.0,0.0,0.0,2.259800434112549,-2.550595998764038,0.5168883204460144,2.9600882530212402,0.10413331538438797
745.7420043945312,0.0,0.0,0.0,4.021002769470215,-1.9269930124282837,0.37948548793792725,4.002485275268555,0.5443696975708008
538.9739990234375,0.0,0.0,0.0,1.7806284427642822,-0.011443117633461952,0.051344580948352814,2.3634235858917236,0.033732883632183075
379.62200927734375,0.0,0.0,0.0,2.476475715637207,-1.1173495054244995,0.32974788546562195,3.72835373878479,0.324247270822525
901.7899780273438,0.0,0.0,0.0,4.1460161209106445,0.40414300560951233,-0.018324945122003555,3.7181203365325928,-0.07249171286821365
699.1420288085938,0.0,0.0,0.0,2.4466094970703125,0.9906044602394104,-0.3280755877494812,3.191056728363037,-0.30818483233451843
479.3380126953125,0.0,0.0,0.0,1.1115827560424805,2.2229273319244385,-0.4150725305080414,3.1985220909118652,-0.19949164986610413
419.4859924316406,0.0,0.0,0.0,3.7289865016937256,-1.7590852975845337,0.23058868944644928,3.8236069679260254,0.1532447785139084
260.010009765625,0.0,0.0,0.0,0.44817692041397095,0.005603227764368057,-0.04753571003675461,2.596306324005127,0.2714732885360718
64.34600067138672,0.0,0.0,0.0,2.4925038814544678,2.4426262378692627,-0.32155007123947144,3.864926338195801,-0.04181351512670517
370.84600830078125,0.0,0.0,0.0,1.2928588390350342,-1.5232144594192505,0.5176771283149719,1.740554690361023,0.4135836064815521
879.3419799804688,0.0,0.0,0.0,3.730302572250366,-2.032545328140259,0.1511574387550354,4.78002405166626,0.06228120997548103
168.91799926757812,0.0,0.0,0.0,-0.05723576620221138,-2.6145286560058594,1.0895345211029053,4.594072341918945,-0.4807858467102051
203.5500030517578,0.0,0.0,0.0,1.4748317003250122,-2.5152764320373535,0.696614146232605,3.610413074493408,0.3184153735637665
246.95799255371094,0.0,0.0,0.0,4.2576093673706055,-0.9468242526054382,-0.09032979607582092,4.398981094360352,-0.09922029823064804
230.4499969482422,0.0,0.0,0.0,2.500591516494751,-0.5733331441879272,0.04246612638235092,2.071084976196289,0.0381016880273819
323.2179870605469,0.0,0.0,0.0,2.274524450302124,-1.1925302743911743,0.35744428634643555,3.3515820503234863,0.27080586552619934
870.1300048828125,0.0,0.0,0.0,1.8039647340774536,-0.7322412729263306,0.41141363978385925,2.3238329887390137,0.4510398805141449
460.8940124511719,0.0,0.0,0.0,1.6044416427612305,-0.31803175806999207,0.06329873204231262,1.5897856950759888,0.04506230726838112
118.18599700927734,0.0,0.0,0.0,-0.3011263906955719,0.6290286183357239,-1.381139874458313,1.8609671592712402,-0.5511814951896667
82.38600158691406,0.0,0.0,0.0,2.4792423248291016,1.8222326040267944,-0.5402962565422058,4.101150035858154,-0.36966776847839355
736.0260009765625,0.0,0.0,0.0,2.7888550758361816,-0.807403564453125,0.06947244703769684,3.3355712890625,0.07526082545518875
573.0700073242188,0.0,0.0,0.0,3.0311825275421143,-2.32261323928833,0.29543745517730713,4.796657085418701,0.01723395101726055
353.1820068359375,0.0,0.0,0.0,1.8971346616744995,-0.31225305795669556,0.3582664728164673,2.8643527030944824,0.5592655539512634
548.093994140625,0.0,0.0,0.0,3.3807930946350098,1.817621111869812,-0.26189741492271423,4.7671895027160645,-0.2642042636871338
801.6820068359375,0.0,0.0,0.0,3.9679617881774902,-1.8591177463531494,0.15470902621746063,4.817187786102295,0.20245026051998138
856.906005859375,0.0,0.0,0.0,3.3475582599639893,-0.660821259021759,0.09454555809497833,4.236976146697998,0.11197348684072495
296.406005859375,0.0,0.0,0.0,2.5162203311920166,-0.8735124468803406,0.27078941464424133,3.539799451828003,0.3107444643974304
639.7459716796875,0.0,0.0,0.0,3.591996669769287,1.1834287643432617,-0.11590992659330368,4.663254261016846,-0.017957404255867004
349.64599609375,0.0,0.0,0.0,-0.602323591709137,0.7282408475875854,-1.545241117477417,2.0057411193847656,0.18000473082065582
158.46600341796875,0.0,0.0,0.0,1.3227591514587402,1.3539952039718628,-0.8648776412010193,2.379415988922119,-0.8277443051338196
376.51800537109375,0.0,0.0,0.0,1.7849023342132568,-0.9865847826004028,0.43113774061203003,2.0183444023132324,0.34390899538993835
602.9539794921875,0.0,0.0,0.0,3.6197104454040527,2.5178048610687256,-0.3348883092403412,4.489603042602539,-0.2953113615512848
720.8779907226562,0.0,0.0,0.0,4.340628623962402,-0.16244149208068848,-0.01573588140308857,4.66799783706665,0.037118177860975266
319.0580139160156,0.0,0.0,0.0,3.030139923095703,0.3882320821285248,-0.16058285534381866,2.4123928546905518,0.18063434958457947
921.7100219726562,0.0,0.0,0.0,0.9714702367782593,-3.505051374435425,0.8145241737365723,3.5841922760009766,0.5048561096191406
234.71800231933594,0.0,0.0,0.0,2.5296366214752197,-0.9853425621986389,0.3112901449203491,3.5335447788238525,0.3370342552661896
129.61399841308594,0.0,0.0,0.0,2.7874090671539307,-0.48842957615852356,0.4733445644378662,2.7770509719848633,0.4849575459957123
793.6740112304688,0.0,0.0,0.0,3.9975426197052,-0.5016242861747742,-0.07527755945920944,4.536594867706299,-0.05906716734170914
551.6019897460938,0.0,0.0,0.0,3.7023491859436035,1.9625457525253296,-0.32401323318481445,4.330631256103516,-0.33101534843444824
601.3820190429688,0.0,0.0,0.0,4.112970352172852,1.7183409929275513,-0.2620201110839844,4.726054668426514,-0.29767492413520813
748.8099975585938,0.0,0.0,0.0,-2.7367401123046875,-0.12192875146865845,0.9111353754997253,3.731764316558838,0.034298792481422424
580.9500122070312,0.0,0.0,0.0,3.213259696960449,-0.9171851277351379,0.6445344090461731,2.0417826175689697,0.5919772386550903
145.63800048828125,0.0,0.0,0.0,1.6499987840652466,-0.885771632194519,0.4783848226070404,2.3717939853668213,0.5120961666107178
139.25,0.0,0.0,0.0,2.273932695388794,-0.5284663438796997,0.28167444467544556,2.632097005844116,0.2635972499847412
642.5419921875,0.0,0.0,0.0,4.264344215393066,0.5391705632209778,0.023737696930766106,4.899188995361328,0.04675886034965515
202.8300018310547,0.0,0.0,0.0,2.0576331615448,-2.178312301635742,0.7263174653053284,3.5283617973327637,0.5346749424934387
305.75799560546875,0.0,0.0,0.0,1.9275038242340088,-1.3382972478866577,0.44242578744888306,2.9126169681549072,0.3048895299434662
682.6740112304688,0.0,0.0,0.0,2.553353786468506,-3.042980194091797,0.42189836502075195,4.054544448852539,0.1622515320777893
740.8419799804688,0.0,0.0,0.0,4.182364463806152,-0.1437620371580124,0.0037941744085401297,4.46703577041626,-0.016943227499723434
488.84600830078125,0.0,0.0,0.0,0.4281109869480133,-1.9531747102737427,1.1290256977081299,2.558274745941162,-0.1898431032896042
211.85800170898438,0.0,0.0,0.0,1.735099196434021,-0.19519490003585815,0.2118399739265442,2.197606086730957,0.2373499721288681
797.7100219726562,0.0,0.0,0.0,3.8393394947052,-1.953269362449646,0.27156826853752136,4.559136867523193,0.2143370658159256
614.9500122070312,0.0,0.0,0.0,-1.1442493200302124,-0.3363516628742218,-0.08652162551879883,2.973855972290039,0.7319333553314209
572.6820068359375,0.0,0.0,0.0,3.0403425693511963,-2.2409918308258057,0.3540419340133667,4.669680595397949,0.11132774502038956
944.8380126953125,0.0,0.0,0.0,-1.893419623374939,-0.20909376442432404,-0.5291817784309387,3.25937557220459,0.8140118718147278
474.46600341796875,0.0,0.0,0.0,3.15950870513916,2.002502202987671,-0.5529667735099792,3.411607503890991,-0.44219908118247986
944.9340209960938,0.0,0.0,0.0,-1.8358935117721558,-0.2807645797729492,-0.47160664200782776,3.174590587615967,0.796425461769104
447.8219909667969,0.0,0.0,0.0,4.271118640899658,-0.7086116671562195,0.06083296984434128,4.7381110191345215,0.01641436107456684
275.4179992675781,0.0,0.0,0.0,1.475303053855896,-0.2732052505016327,0.27940890192985535,2.0079617500305176,0.32602763175964355
901.6099853515625,0.0,0.0,0.0,4.186752796173096,0.43549463152885437,0.013036449439823627,3.8658447265625,-0.05116257071495056
216.58999633789062,0.0,0.0,0.0,2.195971727371216,-0.5768536329269409,0.07517067342996597,2.156891345977783,0.06472843140363693
352.5459899902344,0.0,0.0,0.0,1.3887327909469604,-0.035525768995285034,0.09412999451160431,2.519605875015259,0.4856589138507843
903.573974609375,0.0,0.0,0.0,3.3455734252929688,0.30748704075813293,0.03978613391518593,2.598980188369751,-0.010807313956320286
603.2420043945312,0.0,0.0,0.0,3.503403663635254,2.6341326236724854,-0.36628562211990356,4.54210090637207,-0.27548256516456604
356.7340087890625,0.0,0.0,0.0,2.6898136138916016,-1.3946313858032227,0.2810017466545105,3.6613197326660156,0.20874090492725372
800.197998046875,0.0,0.0,0.0,3.846787214279175,-1.988815426826477,0.2163648009300232,4.7225189208984375,0.19493970274925232
251.78199768066406,0.0,0.0,0.0,2.6513187885284424,-1.1421130895614624,-0.257225900888443,2.5148961544036865,-0.3381962776184082
257.82598876953125,0.0,0.0,0.0,-0.7892720103263855,0.375251829624176,-0.9006112217903137,1.8025895357131958,0.14151212573051453
560.2139892578125,0.0,0.0,0.0,1.7008355855941772,2.7828104496002197,-0.5332127809524536,3.119255781173706,-0.4689147174358368
612.3820190429688,0.0,0.0,0.0,-0.4676695168018341,2.9618277549743652,-0.998322069644928,3.594104528427124,-0.003849729662761092
710.573974609375,0.0,0.0,0.0,4.021217346191406,1.648703932762146,-0.32901546359062195,4.614162921905518,-0.216899111866951
89.40599822998047,0.0,0.0,0.0,-0.5932804942131042,-0.11661891639232635,0.006380791775882244,1.7672871351242065,-0.40736788511276245
609.6099853515625,0.0,0.0,0.0,2.2182958126068115,3.2690632343292236,-0.37528344988822937,4.448428153991699,-0.0513899065554142
695.5700073242188,0.0,0.0,0.0,2.884291887283325,1.11777925491333,-0.25901302695274353,3.0213797092437744,-0.19833336770534515
830.885986328125,0.0,0.0,0.0,1.9955357313156128,-2.8915555477142334,0.6174892783164978,3.6686995029449463,0.014723754487931728
438.3819885253906,0.0,0.0,0.0,-0.09164953976869583,-0.006318158470094204,-0.2712467312812805,2.0820424556732178,0.8119811415672302
733.8099975585938,0.0,0.0,0.0,2.4478349685668945,-1.2609789371490479,0.2815273404121399,2.8002803325653076,0.19411900639533997
893.885986328125,0.0,0.0,0.0,1.0305300951004028,-0.017322374507784843,0.032227929681539536,4.091649055480957,-0.1687089204788208
212.3820037841797,0.0,0.0,0.0,1.9624097347259521,-0.35746145248413086,0.2332395315170288,2.531364679336548,0.224920392036438
69.22200012207031,0.0,0.0,0.0,2.3447813987731934,-1.961408019065857,0.4051949679851532,3.922719717025757,0.12763775885105133
173.25399780273438,0.0,0.0,0.0,0.5572373867034912,0.0005692505510523915,0.19873511791229248,2.1525814533233643,-0.9088341593742371
468.77801513671875,0.0,0.0,0.0,4.0733962059021,-0.8498139977455139,0.07165803015232086,4.933308124542236,-0.057465799152851105
275.0140075683594,0.0,0.0,0.0,1.321336269378662,-0.21790488064289093,0.23944786190986633,1.6268603801727295,0.2262474149465561
64.21800231933594,0.0,0.0,0.0,2.5052852630615234,2.4454195499420166,-0.3378058969974518,3.7840042114257812,-0.09594006091356277
626.9860229492188,0.0,0.0,0.0,1.404692530632019,0.0972965806722641,-0.12453251332044601,1.4867498874664307,-0.1546078473329544
854.3740234375,0.0,0.0,0.0,1.8461579084396362,-0.09530039131641388,0.09021155536174774,2.9356637001037598,0.15985442698001862
952.6420288085938,0.0,0.0,0.0,3.573568344116211,0.8016695380210876,-0.2765595316886902,4.584208011627197,-0.2246817648410797
649.1220092773438,0.0,0.0,0.0,2.9783430099487305,2.6830947399139404,-0.6080387830734253,3.979496955871582,-0.11798130720853806
136.17799377441406,0.0,0.0,0.0,0.280381977558136,0.017586765810847282,0.17910972237586975,1.786826729774475,-0.5513772964477539
366.95001220703125,0.0,0.0,0.0,3.2335548400878906,-1.0022683143615723,-0.27139291167259216,3.836505889892578,-0.31338781118392944
707.4099731445312,0.0,0.0,0.0,4.346757411956787,0.8250957727432251,0.04530404508113861,4.563000202178955,0.010145814158022404
412.50201416015625,0.0,0.0,0.0,2.719846725463867,-0.8860577940940857,0.2636502683162689,3.652348518371582,0.26609498262405396
480.0140075683594,0.0,0.0,0.0,0.9763032793998718,2.072983980178833,-0.5338903665542603,3.1505026817321777,-0.0032934166956692934
196.1739959716797,0.0,0.0,0.0,1.0661063194274902,0.09787286072969437,0.03668742626905441,2.332700729370117,-0.03863610327243805
717.9819946289062,0.0,0.0,0.0,4.097500324249268,-1.0985666513442993,-0.010919525288045406,4.296526908874512,-0.01325047668069601
440.114013671875,0.0,0.0,0.0,1.5275230407714844,-0.17420652508735657,0.5527811050415039,2.020562171936035,0.653844952583313
113.08599853515625,0.0,0.0,0.0,1.785410761833191,0.5190095901489258,-0.6058559417724609,2.2455763816833496,-0.5559486150741577
829.3779907226562,0.0,0.0,0.0,3.7223477363586426,-1.2976384162902832,0.4710153043270111,3.6437721252441406,0.5059470534324646
147.68600463867188,0.0,0.0,0.0,2.14439058303833,-1.2399771213531494,0.4843462407588959,3.3353309631347656,0.5766215324401855
122.21800231933594,0.0,0.0,0.0,1.3289512395858765,0.7612321376800537,-0.5506304502487183,1.5283414125442505,-0.43273746967315674
331.64599609375,0.0,0.0,0.0,4.234143257141113,0.6246892809867859,0.24686947464942932,4.126130104064941,0.2951229214668274
927.0380249023438,0.0,0.0,0.0,-0.3108192980289459,0.1038232073187828,-0.017120571807026863,4.627405166625977,-0.1494138091802597
915.0419921875,0.0,0.0,0.0,4.397501468658447,1.0956363677978516,-0.06653793156147003,4.768899440765381,0.023703759536147118
476.65399169921875,0.0,0.0,0.0,1.6246892213821411,2.7548203468322754,-0.3987991511821747,3.192110300064087,-0.1480986475944519
253.48199462890625,0.0,0.0,0.0,2.582488775253296,0.9136105179786682,-0.4822552800178528,3.013327121734619,-0.42135506868362427
200.3780059814453,0.0,0.0,0.0,3.63645339012146,0.30689212679862976,-0.050301361829042435,4.366942882537842,-0.07302827388048172
384.2820129394531,0.0,0.0,0.0,2.071627616882324,1.5326769351959229,-0.658645510673523,2.204235076904297,-0.5696032643318176
704.8779907226562,0.0,0.0,0.0,3.954714775085449,1.391906499862671,-0.1263793408870697,4.764235973358154,-0.09524666517972946
110.90599822998047,0.0,0.0,0.0,-0.04570586234331131,0.08809774369001389,0.025141438469290733,2.476261854171753,-0.5764216184616089
336.04998779296875,0.0,0.0,0.0,3.60707426071167,-0.998075008392334,0.05447410047054291,3.0941054821014404,0.04253638908267021
391.6260070800781,0.0,0.0,0.0,2.0167975425720215,0.10401725769042969,0.07041957229375839,3.8303518295288086,0.7112230062484741
721.4340209960938,0.0,0.0,0.0,4.369140148162842,-0.06423947960138321,0.03157641366124153,4.625680446624756,-0.002999394666403532
378.2139892578125,0.0,0.0,0.0,1.9070968627929688,-0.9048291444778442,0.36053526401519775,2.6777570247650146,0.37282758951187134
676.5419921875,0.0,0.0,0.0,4.4083356857299805,-0.5983301401138306,0.18790991604328156,4.861464023590088,0.18045252561569214
659.010009765625,0.0,0.0,0.0,1.9429633617401123,0.8100983500480652,-0.31040433049201965,2.214228868484497,-0.2762890160083771
235.82200622558594,0.0,0.0,0.0,2.935408592224121,-1.1411747932434082,0.26128527522087097,3.9266037940979004,0.20000708103179932
645.3419799804688,0.0,0.0,0.0,4.5889668464660645,0.2582777142524719,-0.030390147119760513,4.766595840454102,-0.09380052983760834
221.697998046875,0.0,0.0,0.0,3.3086564540863037,-0.5343707203865051,0.0746108740568161,3.6484012603759766,0.18735872209072113
494.01800537109375,0.0,0.0,0.0,1.5921069383621216,0.35304996371269226,-0.6481636762619019,2.428730010986328,-0.8437646627426147
375.74200439453125,0.0,0.0,0.0,2.0622410774230957,-0.8296834230422974,0.47642752528190613,2.1596531867980957,0.39878615736961365
86.71800231933594,0.0,0.0,0.0,-1.2696940898895264,1.6275404691696167,-1.308434009552002,2.8860526084899902,-0.3903709948062897
928.9099731445312,0.0,0.0,0.0,1.150838851928711,0.04190592095255852,0.036860186606645584,4.44252872467041,-0.10165711492300034
396.9419860839844,0.0,0.0,0.0,1.5412306785583496,-2.7667131423950195,0.4809333384037018,3.8540518283843994,-0.3298294246196747
127.60199737548828,0.0,0.0,0.0,2.5027217864990234,0.4705738127231598,-0.018352534621953964,3.340819835662842,0.007761782966554165
165.92599487304688,0.0,0.0,0.0,2.668478012084961,-1.8107469081878662,0.5787786841392517,4.246886253356934,0.5792667865753174
653.8140258789062,0.0,0.0,0.0,2.6992273330688477,-0.10150139778852463,0.08017605543136597,2.1288046836853027,-0.04824104160070419
303.9859924316406,0.0,0.0,0.0,1.9082609415054321,-1.0801429748535156,0.5966867804527283,2.3931870460510254,0.5284546613693237
122.4540023803711,0.0,0.0,0.0,1.2907088994979858,0.7825936675071716,-0.5005066394805908,1.6594066619873047,-0.5052929520606995
606.1420288085938,0.0,0.0,0.0,3.0221097469329834,3.048827886581421,-0.17173023521900177,4.670727252960205,-0.012138335034251213
728.6820068359375,0.0,0.0,0.0,-0.5586273074150085,-0.0916900560259819,-0.16499559581279755,2.910022735595703,0.4357225000858307
579.1939697265625,0.0,0.0,0.0,4.19549560546875,0.24516238272190094,0.019365767017006874,4.464894771575928,0.058944590389728546
684.3460083007812,0.0,0.0,0.0,1.8773173093795776,-3.2813665866851807,0.3890135884284973,3.8605968952178955,0.45562905073165894
786.2379760742188,0.0,0.0,0.0,1.4012300968170166,-0.3172735869884491,0.11494467407464981,1.3951219320297241,0.1092488169670105
384.07000732421875,0.0,0.0,0.0,2.206631660461426,1.4140180349349976,-0.6842746734619141,2.5672805309295654,-0.599002480506897
572.3179931640625,0.0,0.0,0.0,3.071782350540161,-2.135075807571411,0.39609524607658386,4.619872093200684,0.07631570845842361
558.27001953125,0.0,0.0,0.0,2.2415409088134766,2.558495044708252,-0.3571750223636627,4.101474285125732,-0.28073444962501526
241.7100067138672,0.0,0.0,0.0,4.012112617492676,-0.7496596574783325,0.04239778220653534,4.7234110832214355,-0.032266948372125626
374.2139892578125,0.0,0.0,0.0,1.9487240314483643,-0.7857636213302612,0.1702754646539688,2.8797528743743896,0.11887892335653305
920.6380004882812,0.0,0.0,0.0,2.9980628490448,-2.5890917778015137,0.7519159317016602,2.8369970321655273,0.566419780254364
661.27001953125,0.0,0.0,0.0,2.071254253387451,0.8101999163627625,-0.22099019587039948,2.1988203525543213,-0.17517440021038055
938.7059936523438,0.0,0.0,0.0,3.93867826461792,1.0313948392868042,-0.03900561481714249,4.431752681732178,-0.06856915354728699
163.32200622558594,0.0,0.0,0.0,1.328620433807373,0.046925224363803864,-0.13657480478286743,3.717930555343628,0.7909256815910339
842.218017578125,0.0,0.0,0.0,3.471773386001587,0.6258920431137085,-0.1002059057354927,4.619732856750488,0.021353982388973236
825.1339721679688,0.0,0.0,0.0,2.630080223083496,2.4211392402648926,-0.19254902005195618,3.83210825920105,0.17865294218063354
142.82200622558594,0.0,0.0,0.0,2.390129566192627,-0.6335687637329102,0.10273583233356476,2.3176047801971436,0.09797197580337524
208.6060028076172,0.0,0.0,0.0,0.13401064276695251,-0.0012765994761139154,0.048503126949071884,2.3185675144195557,-0.5574893355369568
869.6539916992188,0.0,0.0,0.0,1.6878248453140259,-0.585867166519165,0.3914138078689575,2.1698546409606934,0.4522784352302551
240.62600708007812,0.0,0.0,0.0,3.819500684738159,-0.8662147521972656,0.07052899152040482,4.217137336730957,0.04661998525261879
542.7420043945312,0.0,0.0,0.0,2.491787910461426,0.7254875302314758,-0.29387789964675903,2.9916529655456543,-0.3364735245704651
635.333984375,0.0,0.0,0.0,1.9566171169281006,0.5723258256912231,-0.34319907426834106,2.4865365028381348,-0.35821977257728577
212.58599853515625,0.0,0.0,0.0,2.045506238937378,-0.4205204248428345,0.25200355052948,2.5027048587799072,0.23738761246204376
728.9420166015625,0.0,0.0,0.0,-0.413967102766037,-0.0917770192027092,-0.08640354126691818,2.9446065425872803,0.5247841477394104
860.7059936523438,0.0,0.0,0.0,4.499604225158691,-0.2384241372346878,-0.09285454452037811,4.617453575134277,-0.016889866441488266
301.45001220703125,0.0,0.0,0.0,1.9603935480117798,1.1569043397903442,-0.051789335906505585,2.3415982723236084,0.17063942551612854
481.385986328125,0.0,0.0,0.0,0.2945075035095215,1.6730024814605713,-1.0266283750534058,3.423250913619995,0.07459984719753265
503.0459899902344,0.0,0.0,0.0,3.927915096282959,0.09841563552618027,0.000504489173181355,4.303773403167725,-0.06843668222427368
813.8779907226562,0.0,0.0,0.0,2.4379043579101562,0.6668436527252197,-0.2659023404121399,2.0741231441497803,-0.25645795464515686
53.88999938964844,0.0,0.0,0.0,-0.0008703451603651047,0.0009112724219448864,-0.003130250610411167,0.0,0.0
708.22998046875,0.0,0.0,0.0,4.438743591308594,0.6877321600914001,-0.0864083394408226,4.623493194580078,-0.20985355973243713
880.8300170898438,0.0,0.0,0.0,4.164774417877197,-1.3177372217178345,0.04744639992713928,5.107274532318115,0.133194237947464
422.3500061035156,0.0,0.0,0.0,2.414829730987549,-2.565800666809082,0.37581753730773926,3.4381425380706787,0.26985517144203186
778.8460083007812,0.0,0.0,0.0,0.7942457795143127,2.6795341968536377,-0.8512661457061768,4.566282272338867,-0.24577470123767853
537.5380249023438,0.0,0.0,0.0,0.245040163397789,0.04566654562950134,0.14163756370544434,1.6625069379806519,-0.04893851280212402
680.2379760742188,0.0,0.0,0.0,3.804091691970825,-2.130469560623169,0.36104342341423035,4.155263900756836,0.28672724962234497
301.6820068359375,0.0,0.0,0.0,2.00508451461792,0.9656656384468079,0.07891327142715454,2.2215240001678467,0.22783714532852173
638.2340087890625,0.0,0.0,0.0,3.1043992042541504,1.2381398677825928,-0.22175569832324982,4.080893516540527,-0.17250339686870575
541.2659912109375,0.0,0.0,0.0,2.3840131759643555,0.21356745064258575,-0.2362293303012848,2.4120094776153564,-0.21416620910167694
398.3900146484375,0.0,0.0,0.0,0.4770914912223816,-2.543292284011841,0.7887136936187744,3.0686044692993164,-0.6143786907196045
68.26599884033203,0.0,0.0,0.0,2.3554394245147705,-1.69989013671875,0.48229092359542847,4.033510208129883,0.3422534465789795
307.2139892578125,0.0,0.0,0.0,2.2254550457000732,-1.013090968132019,0.18779484927654266,2.516465425491333,0.12774726748466492
566.9340209960938,0.0,0.0,0.0,-0.03833707422018051,-0.04873088002204895,-0.02564462088048458,3.552722930908203,0.46963658928871155
744.2420043945312,0.0,0.0,0.0,4.326918125152588,-1.2251977920532227,0.29797789454460144,4.5899882316589355,0.21279829740524292
725.7459716796875,0.0,0.0,0.0,0.8474138975143433,2.315688371658325,-0.64341139793396,2.344766139984131,-0.23212403059005737
837.166015625,0.0,0.0,0.0,-0.4203750789165497,0.11035620421171188,-0.0338493213057518,2.8041598796844482,-0.4746832847595215
273.08599853515625,0.0,0.0,0.0,1.9753518104553223,-0.5550220608711243,-0.0004261202411726117,0.0,0.0
599.06201171875,0.0,0.0,0.0,4.352363586425781,0.7557176351547241,-0.17049860954284668,4.534780502319336,-0.26974669098854065
285.84600830078125,0.0,0.0,0.0,4.481712341308594,0.29830747842788696,-0.008409209549427032,4.3511857986450195,-0.048349104821681976
690.333984375,0.0,0.0,0.0,-0.5401152968406677,0.07168414443731308,0.02497422881424427,4.0262532234191895,-0.6239794492721558
671.906005859375,0.0,0.0,0.0,3.3042469024658203,0.7340822219848633,-0.10663894563913345,4.006173610687256,-0.05845596641302109
127.50199890136719,0.0,0.0,0.0,2.433128833770752,0.5019896626472473,-0.009745731018483639,3.202741861343384,0.018789630383253098
225.4459991455078,0.0,0.0,0.0,3.3888745307922363,-1.613808274269104,0.2004559487104416,4.271803379058838,0.10923656821250916
369.7460021972656,0.0,0.0,0.0,1.826979637145996,-1.7041852474212646,0.5125528573989868,1.9872510433197021,0.3266470432281494
170.5500030517578,0.0,0.0,0.0,-1.2971384525299072,0.15027520060539246,0.39226460456848145,2.8710272312164307,-0.9559376835823059
600.8740234375,0.0,0.0,0.0,4.2085442543029785,1.5656507015228271,-0.1655217409133911,4.746245384216309,-0.24815766513347626
507.77801513671875,0.0,0.0,0.0,3.1281931400299072,2.0143513679504395,-0.5251250267028809,2.6514415740966797,-0.5992095470428467
309.7860107421875,0.0,0.0,0.0,1.8470755815505981,-1.1161658763885498,0.4721381366252899,2.5166304111480713,0.441285640001297
545.614013671875,0.0,0.0,0.0,2.912212371826172,1.4636739492416382,-0.33883774280548096,4.106287956237793,-0.2729257047176361
91.75,0.0,0.0,0.0,1.0831823348999023,-0.042030297219753265,0.05961150676012039,1.4259642362594604,0.07032988965511322
83.15399932861328,0.0,0.0,0.0,2.355246067047119,2.2113332748413086,-0.5306417942047119,3.7862937450408936,-0.433054119348526
293.4179992675781,0.0,0.0,0.0,1.6471306085586548,-1.0737768411636353,0.05934400483965874,1.726793885231018,0.06298971176147461
524.5139770507812,0.0,0.0,0.0,1.3595720529556274,1.3220609426498413,-0.5954458713531494,2.2719459533691406,-0.4991305470466614
953.8900146484375,0.0,0.0,0.0,3.727041482925415,1.4179717302322388,-0.33900848031044006,4.164566993713379,-0.446859747171402
434.9339904785156,0.0,0.0,0.0,1.425184726715088,1.6706321239471436,-0.7502550482749939,3.2961928844451904,-0.0717698410153389
888.8619995117188,0.0,0.0,0.0,-2.1237428188323975,0.27908602356910706,0.6615508198738098,3.8733012676239014,-0.3899277448654175
768.2420043945312,0.0,0.0,0.0,2.124838352203369,-1.99663245677948,0.6789554953575134,2.681312322616577,0.5023946762084961
634.0819702148438,0.0,0.0,0.0,1.4135218858718872,0.13316388428211212,-0.20112277567386627,1.832401990890503,-0.23707865178585052
187.48199462890625,0.0,0.0,0.0,-0.09539899975061417,0.07040909677743912,0.0064505646005272865,3.0174012184143066,-0.8787205815315247
948.7059936523438,0.0,0.0,0.0,0.16612508893013,-0.0081729581579566,0.003795420052483678,4.016315937042236,-0.21458999812602997
340.3819885253906,0.0,0.0,0.0,1.1696016788482666,-1.4498331546783447,0.5884180665016174,2.8351521492004395,0.4338932931423187
187.71800231933594,0.0,0.0,0.0,0.0717068687081337,0.040558114647865295,-0.0067089758813381195,2.9134480953216553,-0.9317099452018738
866.0059814453125,0.0,0.0,0.0,1.1123783588409424,-0.13699306547641754,-0.021897200495004654,0.0,0.0
813.6099853515625,0.0,0.0,0.0,2.5678110122680664,0.6107732057571411,-0.15904460847377777,2.0544581413269043,-0.19880972802639008
325.41400146484375,0.0,0.0,0.0,3.0176048278808594,-1.5726923942565918,0.3240903913974762,4.385995864868164,0.3355920910835266
789.4420166015625,0.0,0.0,0.0,2.267578125,-0.9376838207244873,0.3357435464859009,3.274688482284546,0.3727109730243683
210.53799438476562,0.0,0.0,0.0,1.145821452140808,0.040344078093767166,-0.0648781806230545,1.119368076324463,-0.03319806978106499
956.1099853515625,0.0,0.0,0.0,1.1648471355438232,3.1717641353607178,-0.6967812180519104,3.6833720207214355,-0.3588300943374634
831.510009765625,0.0,0.0,0.0,1.5333253145217896,-3.060363531112671,0.5217872858047485,3.39086651802063,-0.22203809022903442
583.1859741210938,0.0,0.0,0.0,0.2833043038845062,-2.18302321434021,1.0078544616699219,3.15556001663208,0.4283207952976227
510.57000732421875,0.0,0.0,0.0,-1.8887425661087036,0.1006474569439888,-0.8026114106178284,3.083568811416626,0.23509112000465393
722.510009765625,0.0,0.0,0.0,4.369108200073242,0.0184432752430439,-0.07358549535274506,3.6205551624298096,-0.3063287138938904
736.9619750976562,0.0,0.0,0.0,3.1604554653167725,-0.6495720744132996,0.07173922657966614,3.955836296081543,0.06117832660675049
861.7739868164062,0.0,0.0,0.0,3.9862139225006104,-0.3050878047943115,0.021913470700383186,0.0,0.0
480.3299865722656,0.0,0.0,0.0,0.8879179954528809,1.9889750480651855,-0.5927101969718933,3.051194190979004,0.03727118670940399
291.4540100097656,0.0,0.0,0.0,1.4841084480285645,-2.6704647541046143,0.15023276209831238,2.0541040897369385,0.09334693849086761
312.2820129394531,0.0,0.0,0.0,2.4178175926208496,-1.7784738540649414,0.41161829233169556,4.14888858795166,0.11653131991624832
389.7820129394531,0.0,0.0,0.0,0.18543580174446106,-0.013034085743129253,-0.04898868501186371,3.614098310470581,0.49525144696235657
724.3699951171875,0.0,0.0,0.0,1.8229131698608398,2.234642267227173,-0.765242338180542,2.374711751937866,-0.5806530117988586
87.9739990234375,0.0,0.0,0.0,-1.315760612487793,-0.20796963572502136,-0.2917931079864502,3.2246029376983643,0.12272787094116211
82.78199768066406,0.0,0.0,0.0,2.4337165355682373,2.0328097343444824,-0.49593445658683777,4.403271198272705,-0.29044845700263977
196.83799743652344,0.0,0.0,0.0,1.7581992149353027,0.08779637515544891,-0.05347968265414238,2.946815013885498,-0.05636107921600342
717.47802734375,0.0,0.0,0.0,4.086509704589844,-1.304150104522705,0.03991331532597542,4.404294013977051,-0.01078088115900755
755.5700073242188,0.0,0.0,0.0,2.0951907634735107,-0.04056745395064354,0.36133065819740295,3.4408764839172363,0.7296987175941467
201.7779998779297,0.0,0.0,0.0,3.137150526046753,-1.0288691520690918,0.7190101146697998,2.830231189727783,0.6146824359893799
898.4940185546875,0.0,0.0,0.0,4.127447128295898,0.9643993377685547,-0.10769519209861755,4.633774757385254,-0.1448206603527069
343.4179992675781,0.0,0.0,0.0,-0.5246195793151855,-0.4682667851448059,1.1044477224349976,3.201575517654419,-0.7729204893112183
92.35399627685547,0.0,0.0,0.0,1.208507776260376,-0.09611088037490845,0.2017807960510254,1.3481433391571045,0.23478680849075317
664.47802734375,0.0,0.0,0.0,0.5451664924621582,0.10415497422218323,-0.04520460218191147,1.4282608032226562,0.020570414140820503
443.8500061035156,0.0,0.0,0.0,2.6388776302337646,-0.9956145882606506,0.24485686421394348,3.9974963665008545,0.2953488826751709
401.3380126953125,0.0,0.0,0.0,-0.5012333989143372,0.09408372640609741,0.04920303449034691,1.9255808591842651,-0.6686968803405762
415.8340148925781,0.0,0.0,0.0,3.8187808990478516,-0.8535358309745789,0.07044833153486252,4.687307834625244,-0.01637229323387146
695.4420166015625,0.0,0.0,0.0,2.915693759918213,1.093855857849121,-0.2773934304714203,3.0171141624450684,-0.18518267571926117
871.3980102539062,0.0,0.0,0.0,2.1574349403381348,-1.0909993648529053,0.404893696308136,3.2443761825561523,0.46422144770622253
335.0459899902344,0.0,0.0,0.0,3.8036611080169678,-1.3206509351730347,0.10735006630420685,4.004693031311035,0.02972591668367386
240.21400451660156,0.0,0.0,0.0,3.76395845413208,-0.8927015066146851,0.07741459459066391,4.3032684326171875,0.0737689658999443
538.8140258789062,0.0,0.0,0.0,1.6615597009658813,-0.001393650658428669,0.030489487573504448,2.4110002517700195,0.060923442244529724
636.8779907226562,0.0,0.0,0.0,2.5268285274505615,1.0848798751831055,-0.28390610218048096,3.401824474334717,-0.3526681363582611
596.677978515625,0.0,0.0,0.0,3.837839126586914,1.139254093170166,-0.024460570886731148,4.197110176086426,-0.06404349952936172
853.7420043945312,0.0,0.0,0.0,1.2293659448623657,-0.03444204851984978,-0.003140917280688882,2.3294472694396973,0.08939839154481888
759.9299926757812,0.0,0.0,0.0,3.0069339275360107,-0.6133280992507935,0.3782387971878052,2.7617506980895996,0.3222944736480713
183.57400512695312,0.0,0.0,0.0,1.4779363870620728,-1.926934003829956,0.9210930466651917,3.2134454250335693,0.6086882948875427
226.1739959716797,0.0,0.0,0.0,3.5722527503967285,-1.4714982509613037,0.07180800288915634,3.864950180053711,0.10603810101747513
572.4619750976562,0.0,0.0,0.0,3.0540993213653564,-2.187678337097168,0.3727998733520508,4.878061771392822,0.14391683042049408
287.75799560546875,0.0,0.0,0.0,3.4737536907196045,-1.8221999406814575,0.6274889707565308,3.3433830738067627,0.5255538821220398
871.9539794921875,0.0,0.0,0.0,2.3601393699645996,-1.2412736415863037,0.4092871844768524,3.6901700496673584,0.3123067021369934
649.9539794921875,0.0,0.0,0.0,2.4965901374816895,2.99432110786438,-0.26310762763023376,4.33347749710083,0.09047567844390869
109.69000244140625,0.0,0.0,0.0,-0.7558761239051819,0.18558301031589508,0.08353210985660553,3.470679521560669,-0.29399600625038147
133.35000610351562,0.0,0.0,0.0,0.45244044065475464,-1.817807912826538,0.9838064908981323,2.106741428375244,-0.21247202157974243
214.40199279785156,0.0,0.0,0.0,2.408515453338623,-0.7867927551269531,0.2109188586473465,2.628868579864502,0.1561160385608673
433.0220031738281,0.0,0.0,0.0,1.5962941646575928,0.29141420125961304,-0.6272162795066833,2.4595787525177,-1.0339782238006592
195.5500030517578,0.0,0.0,0.0,0.3500974476337433,0.16263934969902039,0.0010712696239352226,1.4786432981491089,-0.02042214386165142
422.114013671875,0.0,0.0,0.0,2.4801316261291504,-2.524247884750366,0.38470885157585144,3.5598647594451904,0.2734264135360718
663.6820068359375,0.0,0.0,0.0,0.7179775238037109,0.24077467620372772,-0.007709320168942213,0.0,0.0
694.9500122070312,0.0,0.0,0.0,2.9736626148223877,0.9199264049530029,-0.34481024742126465,3.3326289653778076,-0.22590596973896027
934.2780151367188,0.0,0.0,0.0,3.982042074203491,0.7400751113891602,-0.030887257307767868,3.7628824710845947,-0.1074656993150711
666.4299926757812,0.0,0.0,0.0,2.288525104522705,-0.0475328266620636,0.07572177797555923,2.9354612827301025,0.11806958168745041
807.4459838867188,0.0,0.0,0.0,4.247166156768799,-0.18363891541957855,-0.4539383351802826,4.094019889831543,-0.4735265076160431
631.6300048828125,0.0,0.0,0.0,-0.0009809465846046805,-0.00015281920786947012,-0.002282040426507592,0.0,0.0
711.7459716796875,0.0,0.0,0.0,3.9604427814483643,1.8250081539154053,-0.14528736472129822,4.754424571990967,-0.02312127873301506
558.9819946289062,0.0,0.0,0.0,2.227722406387329,2.583102226257324,-0.3679497241973877,3.773505449295044,-0.4556306302547455
357.98199462890625,0.0,0.0,0.0,3.245021343231201,-1.258846640586853,0.13264374434947968,4.288111686706543,0.12857681512832642
760.1619873046875,0.0,0.0,0.0,2.890298366546631,-0.7977635264396667,0.4161393642425537,2.753333806991577,0.3684231638908386
759.2340087890625,0.0,0.0,0.0,3.285937547683716,-0.20880569517612457,0.11625935882329941,3.105121612548828,0.30682119727134705
899.1060180664062,0.0,0.0,0.0,4.2217512130737305,1.0304139852523804,-0.14652682840824127,4.645849227905273,-0.010013253428041935
154.88600158691406,0.0,0.0,0.0,-0.2978462874889374,0.059511613100767136,0.04474412277340889,2.141390323638916,-0.9414330124855042
707.3099975585938,0.0,0.0,0.0,4.323758602142334,0.8634700775146484,0.005268583074212074,5.0620341300964355,0.019008327275514603
707.7459716796875,0.0,0.0,0.0,4.3905463218688965,0.7332327961921692,-0.007518459111452103,5.036838531494141,0.020439669489860535
888.1339721679688,0.0,0.0,0.0,-2.071746826171875,-1.4989938735961914,1.3936539888381958,3.911982774734497,-0.018367329612374306
777.14599609375,0.0,0.0,0.0,2.3787384033203125,1.6005605459213257,-0.6855009198188782,3.837271213531494,-0.7129905223846436
353.489990234375,0.0,0.0,0.0,2.048030376434326,-0.5002670884132385,0.4386337995529175,2.8618621826171875,0.557257354259491
145.91799926757812,0.0,0.0,0.0,1.6930155754089355,-0.9194186925888062,0.46826183795928955,2.3933894634246826,0.4902004301548004
175.3260040283203,0.0,0.0,0.0,1.4959796667099,1.096052646636963,-0.8746157884597778,2.2858200073242188,-0.8333621621131897
455.57000732421875,0.0,0.0,0.0,2.3900928497314453,-2.17140531539917,0.40048956871032715,2.693995237350464,0.22038792073726654
210.3820037841797,0.0,0.0,0.0,1.1711899042129517,0.03320498764514923,-0.07980669289827347,1.1216979026794434,-0.08736322820186615
805.4619750976562,0.0,0.0,0.0,3.8360185623168945,-2.14502215385437,0.18720701336860657,4.758529186248779,0.06052813678979874
117.68599700927734,0.0,0.0,0.0,-0.08625325560569763,1.0465068817138672,-1.4923114776611328,1.8768110275268555,-0.5027117729187012
806.322021484375,0.0,0.0,0.0,4.011023998260498,-1.8195760250091553,0.012822742573916912,4.561436176300049,-0.11978635936975479
56.75400161743164,0.0,0.0,0.0,0.7308217883110046,0.029571253806352615,0.012851010076701641,1.8614387512207031,-0.07212874293327332
663.3300170898438,0.0,0.0,0.0,0.9967915415763855,0.32903051376342773,-0.005653223488479853,0.0,0.0
589.75,0.0,0.0,0.0,3.062620162963867,0.6840821504592896,-0.2837498188018799,4.274238109588623,-0.36528950929641724
306.95001220703125,0.0,0.0,0.0,2.1765408515930176,-1.1094251871109009,0.18339811265468597,2.569354295730591,0.14098845422267914
755.4739990234375,0.0,0.0,0.0,2.011463165283203,0.01783142425119877,0.312713086605072,3.2611382007598877,0.805976152420044
133.48599243164062,0.0,0.0,0.0,0.296305775642395,-1.7604022026062012,1.0977542400360107,2.383328914642334,-0.32233211398124695
936.1259765625,0.0,0.0,0.0,3.607469320297241,1.349647879600525,-0.2397240251302719,4.252957820892334,-0.2545773684978485
509.80999755859375,0.0,0.0,0.0,-1.1420364379882812,2.1602509021759033,-1.424361228942871,3.0156514644622803,-0.20460067689418793
167.74200439453125,0.0,0.0,0.0,1.5678186416625977,-2.806229829788208,0.6554529070854187,4.914888381958008,0.039989057928323746
281.69000244140625,0.0,0.0,0.0,3.684684991836548,-1.0171915292739868,-0.01156273577362299,4.119789123535156,-0.06259109079837799
286.25,0.0,0.0,0.0,4.483116626739502,0.27483493089675903,0.031090425327420235,3.77347469329834,0.11463599652051926
301.3139953613281,0.0,0.0,0.0,1.9718878269195557,1.24411940574646,-0.16215237975120544,1.9921735525131226,0.11503712087869644
477.1499938964844,0.0,0.0,0.0,1.497881531715393,2.690901756286621,-0.38949528336524963,3.1343891620635986,-0.3233218193054199
953.6339721679688,0.0,0.0,0.0,3.795414447784424,1.294071078300476,-0.2101229429244995,4.164125442504883,-0.3570977747440338
889.5380249023438,0.0,0.0,0.0,-1.6623324155807495,0.589661180973053,0.27713677287101746,3.5871927738189697,-0.39983126521110535
600.6060180664062,0.0,0.0,0.0,4.216217041015625,1.5111993551254272,-0.1924162209033966,4.726054668426514,-0.09935656934976578
81.1500015258789,0.0,0.0,0.0,2.4196112155914307,1.2291220426559448,-0.4784978926181793,3.3034415245056152,-0.5611311793327332
553.72998046875,0.0,0.0,0.0,2.6455321311950684,2.785184144973755,-0.29570332169532776,4.095380783081055,-0.16625773906707764
950.3660278320312,0.0,0.0,0.0,1.6827857494354248,-0.035166651010513306,0.11720824241638184,4.417539596557617,-0.2622126042842865
930.2780151367188,0.0,0.0,0.0,2.7059743404388428,0.016760991886258125,0.012255538254976273,4.67759895324707,-0.12576955556869507
538.677978515625,0.0,0.0,0.0,1.5367108583450317,0.0037692016921937466,0.07613726705312729,2.2944445610046387,0.022997112944722176
394.3500061035156,0.0,0.0,0.0,2.591620922088623,-2.1479196548461914,0.515853226184845,4.450778007507324,0.2991423010826111
433.8340148925781,0.0,0.0,0.0,1.7437005043029785,1.027200698852539,-0.8320090770721436,2.380707263946533,-0.7082784175872803
534.6060180664062,0.0,0.0,0.0,0.4771488606929779,-1.8107606172561646,1.0905470848083496,2.0174458026885986,0.06401903182268143
775.073974609375,0.0,0.0,0.0,1.3930549621582031,-0.08200956881046295,0.14938876032829285,3.320979118347168,-0.7094917297363281
561.9860229492188,0.0,0.0,0.0,0.8162806630134583,2.7622158527374268,-0.5151822566986084,2.3451626300811768,-0.16205266118049622
625.9099731445312,0.0,0.0,0.0,0.4804813861846924,0.044984426349401474,0.11452558636665344,2.0676486492156982,-0.33748534321784973
601.0819702148438,0.0,0.0,0.0,4.182999610900879,1.6068038940429688,-0.210576593875885,4.357356548309326,-0.30659571290016174
589.6380004882812,0.0,0.0,0.0,3.009451389312744,0.6190882921218872,-0.2693280279636383,4.291988849639893,-0.36254724860191345
738.333984375,0.0,0.0,0.0,3.594416618347168,-0.5096983313560486,0.025382690131664276,4.163656711578369,-0.023878876119852066
945.5700073242188,0.0,0.0,0.0,-1.4612534046173096,-0.40130680799484253,-0.19082115590572357,3.3668155670166016,0.6603120565414429
454.19000244140625,0.0,0.0,0.0,3.9511687755584717,-1.3567545413970947,0.417743057012558,3.27797269821167,0.32873138785362244
238.17799377441406,0.0,0.0,0.0,3.410252094268799,-0.9516847133636475,0.09792877733707428,3.806143283843994,0.07297810912132263
289.6099853515625,0.0,0.0,0.0,1.9192249774932861,-2.9987196922302246,0.43766912817955017,3.3996834754943848,0.17583788931369781
461.03399658203125,0.0,0.0,0.0,1.594054937362671,-0.31220394372940063,0.05823200196027756,1.6069014072418213,0.06285984814167023
55.65399932861328,0.0,0.0,0.0,-0.0018743862165138125,0.0007675078813917935,0.0007986019481904805,0.0,0.0
678.3779907226562,0.0,0.0,0.0,4.242300987243652,-1.6590666770935059,0.24215532839298248,4.796481609344482,0.14697517454624176
108.91400146484375,0.0,0.0,0.0,-1.1912896633148193,0.10454588383436203,0.41962364315986633,3.666239023208618,-0.10428308695554733
923.93798828125,0.0,0.0,0.0,-2.0676772594451904,0.5472111105918884,0.431780070066452,3.642395496368408,-0.568875253200531
454.5780029296875,0.0,0.0,0.0,3.5101757049560547,-1.7519171237945557,0.4422569274902344,2.954925298690796,0.3546181321144104
670.677978515625,0.0,0.0,0.0,2.896693229675293,0.43287813663482666,-0.16350692510604858,3.393686294555664,-0.16183464229106903
461.2019958496094,0.0,0.0,0.0,1.5788929462432861,-0.2933978736400604,0.06410069763660431,1.5393341779708862,0.06739489734172821
450.75,0.0,0.0,0.0,4.681685447692871,-0.5220637321472168,0.0027955982368439436,4.654052734375,-0.05313614383339882
778.7420043945312,0.0,0.0,0.0,0.9498655200004578,2.67472505569458,-0.8392567038536072,4.5553388595581055,-0.3180735409259796
726.5419921875,0.0,0.0,0.0,0.2489791214466095,2.095256805419922,-0.8818972110748291,2.672058343887329,-0.15913984179496765
858.5780029296875,0.0,0.0,0.0,3.9174001216888428,-0.6514679193496704,0.098876953125,4.519292831420898,0.06630232185125351
882.030029296875,0.0,0.0,0.0,4.256587982177734,-1.2669486999511719,0.1414346843957901,4.820375919342041,0.10109438747167587
82.12200164794922,0.0,0.0,0.0,2.491182565689087,1.6774730682373047,-0.5443053245544434,3.9072539806365967,-0.39095139503479004
916.073974609375,0.0,0.0,0.0,4.4970831871032715,0.9622540473937988,-0.018392562866210938,4.794353485107422,0.013017489574849606
377.8699951171875,0.0,0.0,0.0,1.8144729137420654,-0.9057779312133789,0.35346612334251404,2.3093626499176025,0.330698698759079
120.56999969482422,0.0,0.0,0.0,1.3214995861053467,0.29114601016044617,-0.33670371770858765,1.5526129007339478,-0.3602037727832794
408.3340148925781,0.0,0.0,0.0,2.6934173107147217,-1.3714243173599243,0.337002694606781,4.097866058349609,0.2824494242668152
361.45001220703125,0.0,0.0,0.0,4.230311870574951,-0.5950992107391357,-0.022128082811832428,4.513891696929932,-0.019576990976929665
907.906005859375,0.0,0.0,0.0,2.653498888015747,1.581236481666565,-0.3410782814025879,4.062021255493164,-0.22987717390060425
801.9180297851562,0.0,0.0,0.0,3.9873743057250977,-1.8358186483383179,0.18153485655784607,4.6886396408081055,0.16862763464450836
636.0460205078125,0.0,0.0,0.0,2.225584030151367,0.864843487739563,-0.3645283579826355,3.0466206073760986,-0.36462947726249695
568.9500122070312,0.0,0.0,0.0,1.8631622791290283,0.09981793910264969,-0.1393282264471054,4.2185750007629395,0.5876774787902832
792.9140014648438,0.0,0.0,0.0,3.747901201248169,-0.8280733823776245,-0.04260465130209923,4.704169750213623,-0.09851179271936417
152.21800231933594,0.0,0.0,0.0,-0.3412492573261261,-2.1450612545013428,1.2428950071334839,4.123847007751465,-0.505515992641449
940.3740234375,0.0,0.0,0.0,3.6932878494262695,1.4007480144500732,-0.5407789945602417,3.8596115112304688,-0.6005761027336121
940.8660278320312,0.0,0.0,0.0,3.1434779167175293,2.060767412185669,-0.7179132103919983,3.54805326461792,-0.6298478245735168
131.23399353027344,0.0,0.0,0.0,1.7997041940689087,-1.5395222902297974,0.6789370775222778,2.172121524810791,0.5550252199172974
820.1220092773438,0.0,0.0,0.0,2.3350043296813965,2.053332567214966,-0.33205437660217285,4.62082052230835,-0.18332132697105408
543.1300048828125,0.0,0.0,0.0,2.5155117511749268,0.841253936290741,-0.33209899067878723,3.1758904457092285,-0.35799548029899597
501.3340148925781,0.0,0.0,0.0,3.3022851943969727,0.31299856305122375,0.013051236048340797,4.278278350830078,0.05885482579469681
537.2340087890625,0.0,0.0,0.0,-0.03174339979887009,0.053918540477752686,0.07235492020845413,1.391865611076355,-0.16591644287109375
799.47802734375,0.0,0.0,0.0,3.8616278171539307,-1.9808523654937744,0.19826439023017883,4.82659387588501,0.17264823615550995
616.9500122070312,0.0,0.0,0.0,0.09008057415485382,-0.08019465208053589,-0.02870822325348854,3.142608165740967,0.799690842628479
653.093994140625,0.0,0.0,0.0,3.054274320602417,0.06381364166736603,0.1420232206583023,2.693349599838257,0.07104163616895676
145.3939971923828,0.0,0.0,0.0,1.6598163843154907,-0.8603626489639282,0.45502614974975586,2.052913188934326,0.44557711482048035
271.98199462890625,0.0,0.0,0.0,2.8203837871551514,-0.9384250640869141,0.1154298335313797,0.0,0.0
570.0980224609375,0.0,0.0,0.0,2.9207262992858887,-0.38942885398864746,0.4111132323741913,4.224943161010742,0.5371432304382324
567.8779907226562,0.0,0.0,0.0,0.7135105729103088,-0.024904532358050346,-0.08816267549991608,4.009215831756592,0.4494759440422058
460.114013671875,0.0,0.0,0.0,1.7248351573944092,-0.418155312538147,0.07106796652078629,1.7749040126800537,0.0468425527215004
136.82200622558594,0.0,0.0,0.0,0.9900943040847778,-0.029585208743810654,0.019330039620399475,1.9301271438598633,-0.22574473917484283
776.9500122070312,0.0,0.0,0.0,2.4294393062591553,1.4065401554107666,-0.7367983460426331,3.690464735031128,-0.7670742869377136
607.0780029296875,0.0,0.0,0.0,3.1896884441375732,2.768115520477295,-0.15599319338798523,4.473440170288086,-0.22419755160808563
812.52197265625,0.0,0.0,0.0,3.0964629650115967,0.8012779951095581,-0.011290810070931911,2.6042706966400146,-0.07090257853269577
477.98199462890625,0.0,0.0,0.0,1.3322868347167969,2.534576177597046,-0.39908069372177124,2.9915339946746826,-0.25480493903160095
664.3900146484375,0.0,0.0,0.0,0.44101211428642273,0.112980417907238,-0.010255909524857998,1.1200958490371704,0.0048984866589307785
552.677978515625,0.0,0.0,0.0,3.14772891998291,2.5195043087005615,-0.4656486511230469,4.544303894042969,-0.2400146871805191
624.1900024414062,0.0,0.0,0.0,-0.7389047741889954,0.19685806334018707,0.09844984114170074,2.701092004776001,-0.8903824687004089
145.18600463867188,0.0,0.0,0.0,1.6872800588607788,-0.8256925940513611,0.4260730445384979,1.8999401330947876,0.42043453454971313
184.98199462890625,0.0,0.0,0.0,-0.752975583076477,-1.4467307329177856,1.5554856061935425,4.040745735168457,-0.04845409095287323
560.989990234375,0.0,0.0,0.0,1.2910423278808594,2.854536771774292,-0.5035302639007568,2.951571226119995,-0.2965644299983978
653.2979736328125,0.0,0.0,0.0,2.968132495880127,-0.008165276609361172,0.13339149951934814,2.5261919498443604,0.1396998018026352
916.8060302734375,0.0,0.0,0.0,4.514925956726074,0.6873888373374939,0.13487508893013,4.061761379241943,0.24391783773899078
178.25,0.0,0.0,0.0,-0.7779698371887207,0.49827471375465393,-1.0913947820663452,4.580318927764893,0.19150909781455994
338.1499938964844,0.0,0.0,0.0,1.7838587760925293,-1.2817623615264893,0.6065467000007629,1.74514901638031,0.4595944285392761
467.0459899902344,0.0,0.0,0.0,3.404568910598755,-1.2765684127807617,0.14631037414073944,4.4521260261535645,0.07713039219379425
681.8099975585938,0.0,0.0,0.0,3.0111186504364014,-2.7598814964294434,0.3847912549972534,3.7920584678649902,0.3517606854438782
80.44999694824219,0.0,0.0,0.0,2.2019853591918945,1.019500970840454,-0.4051218330860138,3.295903444290161,-0.48205628991127014
951.7739868164062,0.0,0.0,0.0,3.1182353496551514,0.19179348647594452,-0.23708847165107727,4.943370342254639,-0.3785766065120697
564.2459716796875,0.0,0.0,0.0,-1.4329833984375,0.17121116816997528,-0.6914457082748413,2.5448896884918213,0.10771894454956055
107.48600006103516,0.0,0.0,0.0,-0.31284791231155396,-2.22917103767395,1.1458392143249512,2.633716106414795,0.4072756767272949
563.2979736328125,0.0,0.0,0.0,-0.6146332621574402,2.068302631378174,-1.2881138324737549,2.0019757747650146,0.07434432953596115
686.1099853515625,0.0,0.0,0.0,1.0785155296325684,-3.1141879558563232,0.4391862452030182,4.350169658660889,0.4512345790863037
335.1780090332031,0.0,0.0,0.0,3.7918782234191895,-1.2972462177276611,0.0823143720626831,3.6787710189819336,0.012561019510030746
621.7540283203125,0.0,0.0,0.0,0.4575512409210205,-2.4501256942749023,1.0188143253326416,4.222010612487793,0.05869511887431145
461.91400146484375,0.0,0.0,0.0,1.6157591342926025,-0.2912046015262604,0.18077582120895386,1.8222936391830444,0.23546691238880157
792.8099975585938,0.0,0.0,0.0,3.7048680782318115,-0.881769597530365,-0.04427233338356018,4.445201873779297,-0.06726193428039551
891.4019775390625,0.0,0.0,0.0,-0.6878899335861206,0.17241311073303223,-0.000570305623114109,3.533874750137329,-0.4667210280895233
322.7619934082031,0.0,0.0,0.0,2.0964505672454834,-1.1231689453125,0.3958759605884552,3.254855155944824,0.3769151568412781
244.58599853515625,0.0,0.0,0.0,3.6026411056518555,-1.927082896232605,0.350355327129364,4.5446953773498535,0.22360141575336456
883.1220092773438,0.0,0.0,0.0,4.2986369132995605,-1.2385321855545044,0.10787294059991837,4.8983073234558105,0.05550847575068474
197.04600524902344,0.0,0.0,0.0,1.9475078582763672,0.09718173742294312,-0.0562920942902565,2.8244898319244385,-0.055456921458244324
656.2100219726562,0.0,0.0,0.0,1.5326628684997559,0.6120777726173401,-0.39319637417793274,1.6606765985488892,-0.27573904395103455
392.385986328125,0.0,0.0,0.0,2.6244027614593506,-0.4653031826019287,0.5105840563774109,3.696213960647583,0.7555104494094849
943.281982421875,0.0,0.0,0.0,-0.060579050332307816,3.052436113357544,-1.015332818031311,4.16264533996582,0.4235875904560089
932.6380004882812,0.0,0.0,0.0,4.049525737762451,0.6369956135749817,-0.08550557494163513,4.4041852951049805,-0.09486080706119537
184.8820037841797,0.0,0.0,0.0,-0.5679425001144409,-1.632164716720581,1.5492340326309204,4.402752876281738,0.015802262350916862
196.52200317382812,0.0,0.0,0.0,1.4551947116851807,0.08131760358810425,-0.02485036849975586,2.462907075881958,-0.04968846216797829
774.97802734375,0.0,0.0,0.0,1.2850021123886108,-0.06474743038415909,0.18021240830421448,3.08767032623291,-0.7090814113616943
487.5740051269531,0.0,0.0,0.0,1.5203670263290405,-1.6912529468536377,0.7690151333808899,3.7639894485473633,0.7092497944831848
681.6820068359375,0.0,0.0,0.0,3.07743763923645,-2.731468677520752,0.35690033435821533,3.9097464084625244,0.37170031666755676
892.2739868164062,0.0,0.0,0.0,-0.22622768580913544,0.05553599074482918,-0.03271358832716942,3.1764044761657715,-0.47512272000312805
646.6820068359375,0.0,0.0,0.0,4.629151821136475,0.3671747148036957,-0.0045217531733214855,5.107854843139648,0.02447933331131935
270.6059875488281,0.0,0.0,0.0,3.0094361305236816,-1.2185487747192383,0.17889662086963654,3.183351993560791,0.1196713000535965
897.0380249023438,0.0,0.0,0.0,3.744764804840088,0.6418597102165222,-0.18320569396018982,4.578462600708008,-0.09282355010509491
329.82598876953125,0.0,0.0,0.0,4.0739641189575195,1.0376434326171875,-0.27192172408103943,4.655867576599121,-0.2075822651386261
427.3819885253906,0.0,0.0,0.0,-0.010419601574540138,-2.5061402320861816,1.0007798671722412,4.082381725311279,-0.5638743042945862
496.9779968261719,0.0,0.0,0.0,1.361910104751587,0.8760071992874146,-0.1308693289756775,1.6426221132278442,-0.13627992570400238
552.8380126953125,0.0,0.0,0.0,3.0545547008514404,2.6170461177825928,-0.4578644931316376,4.327579021453857,-0.25888219475746155
668.2139892578125,0.0,0.0,0.0,2.5272974967956543,-0.15542465448379517,0.06424824148416519,2.4428789615631104,0.01240700576454401
784.3779907226562,0.0,0.0,0.0,1.3490978479385376,-0.13881799578666687,0.1262846291065216,1.586392879486084,0.13184402883052826
129.88999938964844,0.0,0.0,0.0,2.6205496788024902,-0.7784985303878784,0.5435913801193237,2.5262291431427,0.44320595264434814
413.50201416015625,0.0,0.0,0.0,3.025753974914551,-1.0473111867904663,0.206827774643898,4.051522731781006,0.23210832476615906
603.3460083007812,0.0,0.0,0.0,3.4629807472229004,2.6754910945892334,-0.3704133927822113,4.4105706214904785,-0.1478029489517212
304.9580078125,0.0,0.0,0.0,1.8288655281066895,-1.286742925643921,0.4838305711746216,2.809838056564331,0.4397515058517456
813.3419799804688,0.0,0.0,0.0,2.686290740966797,0.6144222617149353,-0.09304235130548477,2.3509624004364014,-0.12449440360069275
485.04998779296875,0.0,0.0,0.0,1.2406312227249146,0.02380078099668026,0.29183900356292725,2.1741812229156494,0.8800199627876282
577.77001953125,0.0,0.0,0.0,4.059627056121826,0.327821284532547,-0.060842156410217285,4.024596214294434,0.009714526124298573
196.07400512695312,0.0,0.0,0.0,0.9552127718925476,0.10394522547721863,-0.03979833051562309,2.0036611557006836,-0.02733091451227665
582.8939819335938,0.0,0.0,0.0,0.6561785936355591,-2.2597765922546387,0.8756821751594543,2.782344341278076,0.5878663659095764
643.489990234375,0.0,0.0,0.0,4.4262847900390625,0.32638177275657654,-0.015054753050208092,4.979299068450928,-0.04435368627309799
530.2100219726562,0.0,0.0,0.0,-0.03073996491730213,-0.00861264206469059,-0.11221916973590851,2.82472825050354,0.9070698022842407
779.43798828125,0.0,0.0,0.0,-0.37164339423179626,2.355191707611084,-1.266283631324768,4.580617427825928,0.022209109738469124
53.417999267578125,0.0,0.0,0.0,-0.0010712723014876246,0.0003103738999925554,-0.0020301484037190676,0.0,0.0
712.9140014648438,0.0,0.0,0.0,4.206308364868164,0.6079137921333313,0.3205706477165222,4.22918701171875,0.39919042587280273
425.3340148925781,0.0,0.0,0.0,1.7193526029586792,-2.7034454345703125,0.4158022105693817,4.138280391693115,0.09338513016700745
608.8099975585938,0.0,0.0,0.0,2.6218159198760986,2.9942164421081543,-0.43699508905410767,4.646859169006348,-0.31883347034454346
136.48599243164062,0.0,0.0,0.0,0.6117957234382629,-0.017609167844057083,0.23370361328125,1.908582329750061,-0.4272032678127289
583.510009765625,0.0,0.0,0.0,-0.2808317542076111,-1.9043296575546265,1.295458197593689,3.5341365337371826,0.17820528149604797
419.5820007324219,0.0,0.0,0.0,3.690546989440918,-1.7698347568511963,0.24784709513187408,3.8694827556610107,0.2204468995332718
518.5460205078125,0.0,0.0,0.0,2.5277819633483887,0.7589825987815857,-0.23422208428382874,2.6666722297668457,-0.19901715219020844
442.15399169921875,0.0,0.0,0.0,1.6697235107421875,-0.9846895933151245,0.3658306896686554,2.6273856163024902,0.3659188747406006
339.1099853515625,0.0,0.0,0.0,1.2729648351669312,-1.4194871187210083,0.6205545663833618,1.9994398355484009,0.5369703769683838
231.98199462890625,0.0,0.0,0.0,1.9206514358520508,-0.3233270049095154,0.18551361560821533,2.016780376434326,0.22453360259532928
752.8900146484375,0.0,0.0,0.0,-0.29186156392097473,0.10465478897094727,-0.02313367649912834,3.1119232177734375,0.4006287157535553
732.8140258789062,0.0,0.0,0.0,2.5850632190704346,-0.9827368259429932,0.4451383352279663,2.8491883277893066,0.4121391177177429
728.4660034179688,0.0,0.0,0.0,-0.6814610958099365,-0.06268250942230225,-0.221615731716156,3.0392518043518066,0.3531443774700165
790.9180297851562,0.0,0.0,0.0,2.9105892181396484,-1.1889439821243286,0.2596704661846161,3.9632797241210938,0.24511508643627167
682.02197265625,0.0,0.0,0.0,2.894294500350952,-2.814054489135742,0.40964317321777344,4.109707355499268,0.3641384243965149
136.6300048828125,0.0,0.0,0.0,0.7745678424835205,-0.021171558648347855,0.1422920674085617,1.8094993829727173,-0.3454698920249939
755.25,0.0,0.0,0.0,1.8085938692092896,0.1127483919262886,0.0865548625588417,3.044891357421875,0.6750996112823486
514.2780151367188,0.0,0.0,0.0,0.029252007603645325,-0.058841343969106674,0.05881568789482117,2.776350975036621,-0.1915971338748932
221.64199829101562,0.0,0.0,0.0,3.288349151611328,-0.5322749614715576,0.06278166174888611,3.9499058723449707,0.08346407860517502
249.98199462890625,0.0,0.0,0.0,2.8619625568389893,-1.8433711528778076,0.5306957960128784,3.2616825103759766,0.22054935991764069
474.1260070800781,0.0,0.0,0.0,3.5468764305114746,1.7172435522079468,-0.45038771629333496,3.180447816848755,-0.3828180730342865
114.88600158691406,0.0,0.0,0.0,1.393741488456726,1.4059607982635498,-0.793584406375885,2.1968188285827637,-0.6356333494186401
586.9459838867188,0.0,0.0,0.0,0.41160768270492554,-0.0015451813815161586,0.08475184440612793,3.4803011417388916,-0.8532031178474426
545.906005859375,0.0,0.0,0.0,2.994415044784546,1.5251609086990356,-0.2934645116329193,3.924776077270508,-0.3016940951347351
827.3099975585938,0.0,0.0,0.0,3.747008800506592,-0.07407430559396744,0.3401174545288086,4.506423473358154,0.22583432495594025
138.406005859375,0.0,0.0,0.0,1.9753767251968384,-0.21846693754196167,0.2861059606075287,2.3245718479156494,0.2514667809009552
339.6700134277344,0.0,0.0,0.0,1.199500322341919,-1.4344645738601685,0.5839248299598694,2.203310966491699,0.5262566208839417
82.68599700927734,0.0,0.0,0.0,2.4479265213012695,1.9914534091949463,-0.5244583487510681,4.513774394989014,-0.4794371426105499
58.40599822998047,0.0,0.0,0.0,2.278069257736206,0.2545899450778961,-0.15038646757602692,3.1641101837158203,-0.19712276756763458
92.01000213623047,0.0,0.0,0.0,1.1525940895080566,-0.050077445805072784,0.1156710833311081,1.381994366645813,0.08773833513259888
401.1180114746094,0.0,0.0,0.0,-0.6227473020553589,0.11140869557857513,0.0641913041472435,1.9743969440460205,-0.597892701625824
671.1179809570312,0.0,0.0,0.0,3.0269243717193604,0.5656036734580994,-0.1362437605857849,3.8959639072418213,-0.1465059518814087
279.75,0.0,0.0,0.0,3.1296801567077637,-1.3736900091171265,0.21849273145198822,4.104662895202637,0.16940118372440338
540.5460205078125,0.0,0.0,0.0,2.2739994525909424,-0.008592157624661922,-0.0505988672375679,2.4662115573883057,-0.09988827258348465
740.9500122070312,0.0,0.0,0.0,4.185817718505859,-0.1448848843574524,0.00684142392128706,4.578954696655273,-0.0073570385575294495
564.7459716796875,0.0,0.0,0.0,-1.194309115409851,-0.1547827124595642,-0.31211599707603455,2.523406982421875,0.21342411637306213
88.29399871826172,0.0,0.0,0.0,-1.147617220878601,-0.2269594371318817,-0.16099749505519867,2.8237478733062744,-0.0802060067653656
152.64599609375,0.0,0.0,0.0,-1.1127227544784546,-1.31732976436615,1.4448140859603882,3.7912580966949463,-0.6894131302833557
325.9779968261719,0.0,0.0,0.0,3.162816286087036,-1.6750588417053223,0.2758966088294983,4.415543079376221,0.2689710855484009
822.3300170898438,0.0,0.0,0.0,2.6100645065307617,2.14723539352417,-0.3852713108062744,3.8279080390930176,-0.330321729183197
376.43798828125,0.0,0.0,0.0,1.8090407848358154,-0.9861935973167419,0.4342900812625885,2.023576021194458,0.38389852643013
486.989990234375,0.0,0.0,0.0,1.6937741041183472,-1.3485335111618042,0.7754146456718445,3.0897843837738037,0.745822548866272
562.4099731445312,0.0,0.0,0.0,0.583825409412384,2.660024404525757,-0.5762049555778503,2.232875347137451,-0.015290508978068829
223.57400512695312,0.0,0.0,0.0,3.193258762359619,-1.4115906953811646,0.3443237245082855,4.0276336669921875,0.30064040422439575
317.906005859375,0.0,0.0,0.0,3.2189595699310303,-1.2856488227844238,-0.43158894777297974,3.2892332077026367,-0.38512805104255676
765.2979736328125,0.0,0.0,0.0,2.6828036308288574,-1.2885617017745972,0.4125547707080841,3.3227968215942383,0.3611442744731903
898.4140014648438,0.0,0.0,0.0,4.114592552185059,0.9490436315536499,-0.12825053930282593,4.691147804260254,-0.10331172496080399
482.4700012207031,0.0,0.0,0.0,-0.5813565254211426,0.5683702826499939,-1.072187066078186,3.104541540145874,0.49077436327934265
682.9099731445312,0.0,0.0,0.0,2.4355921745300293,-3.093538999557495,0.4007348120212555,4.427533149719238,0.24024233222007751
938.0579833984375,0.0,0.0,0.0,3.7884106636047363,1.2553882598876953,-0.060217879712581635,4.368585586547852,-0.06576033681631088
202.27000427246094,0.0,0.0,0.0,2.5674092769622803,-1.723906397819519,0.7540143132209778,2.8631162643432617,0.551567554473877
105.61799621582031,0.0,0.0,0.0,1.6829564571380615,-2.445857524871826,0.6841516494750977,2.778817892074585,0.44849303364753723
870.8900146484375,0.0,0.0,0.0,1.9888185262680054,-0.9460601210594177,0.49412742257118225,2.8496203422546387,0.5173933506011963
278.49798583984375,0.0,0.0,0.0,2.6596462726593018,-1.194018840789795,0.3384496569633484,3.7359914779663086,0.33225560188293457
872.5780029296875,0.0,0.0,0.0,2.5950751304626465,-1.3818169832229614,0.3602934777736664,4.325085639953613,0.29906269907951355
381.5780029296875,0.0,0.0,0.0,3.2868330478668213,-1.3987133502960205,0.1886928677558899,4.360296249389648,0.1013757511973381
86.18599700927734,0.0,0.0,0.0,-0.1567545086145401,2.5506792068481445,-1.0699524879455566,2.697822093963623,-0.4601438641548157
745.614013671875,0.0,0.0,0.0,4.1264448165893555,-1.8479641675949097,0.2996923327445984,3.612581253051758,0.4684229791164398
522.7219848632812,0.0,0.0,0.0,1.7021775245666504,1.1244059801101685,-0.6206461787223816,1.811493992805481,-0.5164185166358948
642.7100219726562,0.0,0.0,0.0,4.298830986022949,0.5046941637992859,0.018920281901955605,4.62919282913208,-0.008738295175135136
539.6740112304688,0.0,0.0,0.0,2.135486125946045,-0.042513616383075714,0.07427287846803665,2.2657113075256348,-0.010059831663966179
522.1900024414062,0.0,0.0,0.0,2.062309980392456,0.9440277814865112,-0.4356284737586975,2.204075813293457,-0.4582374393939972
525.47802734375,0.0,0.0,0.0,1.43934166431427,1.4503333568572998,-0.6116164922714233,3.228346824645996,-0.5414266586303711
398.84600830078125,0.0,0.0,0.0,-0.2694408595561981,-2.2309155464172363,1.2284740209579468,2.341761827468872,-0.7110081911087036
935.9819946289062,0.0,0.0,0.0,3.6234395503997803,1.2947338819503784,-0.2546972930431366,4.141817092895508,-0.19798432290554047
946.8779907226562,0.0,0.0,0.0,-0.8201974630355835,-0.15127839148044586,-0.01104163657873869,3.3875393867492676,0.12235816568136215
894.1420288085938,0.0,0.0,0.0,1.2982016801834106,-0.027253959327936172,0.030079368501901627,4.511942386627197,-0.16520121693611145
769.47802734375,0.0,0.0,0.0,1.2698959112167358,-2.4366962909698486,0.6125542521476746,2.9051716327667236,0.3363227844238281
577.8460083007812,0.0,0.0,0.0,4.051873683929443,0.3359641134738922,-0.037812240421772,4.112918853759766,0.017427457496523857
917.1060180664062,0.0,0.0,0.0,4.482697010040283,0.3801441192626953,0.23255354166030884,4.525675296783447,0.3690609931945801
620.9860229492188,0.0,0.0,0.0,1.5115302801132202,-2.3207809925079346,0.7805459499359131,4.061393737792969,0.3305402100086212
909.3419799804688,0.0,0.0,0.0,3.1068644523620605,1.7420361042022705,-0.2486555576324463,4.383175373077393,-0.010808696039021015
143.67799377441406,0.0,0.0,0.0,2.2270288467407227,-0.5311328172683716,0.0960218608379364,1.960571050643921,0.1776752769947052
559.510009765625,0.0,0.0,0.0,2.076181411743164,2.6323907375335693,-0.47693032026290894,3.251767158508301,-0.5430863499641418
902.0540161132812,0.0,0.0,0.0,4.074967384338379,0.39992162585258484,-0.06631360203027725,3.6727986335754395,-0.06856377422809601
741.9140014648438,0.0,0.0,0.0,4.373193264007568,-0.050739094614982605,0.016269410029053688,5.097681045532227,0.02117064967751503
319.58599853515625,0.0,0.0,0.0,2.606198310852051,0.19470897316932678,0.27564653754234314,1.7549115419387817,0.3145265281200409
233.19000244140625,0.0,0.0,0.0,2.0293421745300293,-0.6073281764984131,0.3505566418170929,2.570751428604126,0.33189812302589417
248.36199951171875,0.0,0.0,0.0,4.171370983123779,-0.22923152148723602,0.0072851828299462795,3.2367308139801025,0.25201892852783203
810.2420043945312,0.0,0.0,0.0,3.541560649871826,1.6980445384979248,-0.12616144120693207,3.7342185974121094,-0.03829467296600342
859.6099853515625,0.0,0.0,0.0,4.235291004180908,-0.5805377960205078,-0.004679511766880751,4.594211101531982,0.019250413402915
726.4420166015625,0.0,0.0,0.0,0.3585323393344879,2.1408185958862305,-0.8043770790100098,2.6572039127349854,-0.16795170307159424
618.6060180664062,0.0,0.0,0.0,1.803114652633667,-0.04957844316959381,0.26208797097206116,3.22751522064209,0.9361312389373779
571.5380249023438,0.0,0.0,0.0,3.148690938949585,-1.6920149326324463,0.443985253572464,4.708949089050293,0.39656490087509155
876.9619750976562,0.0,0.0,0.0,3.9145827293395996,-1.491939902305603,0.3429929316043854,4.430566310882568,0.34021490812301636
225.96200561523438,0.0,0.0,0.0,3.536790132522583,-1.5187193155288696,0.11254934966564178,3.941683292388916,0.060621701180934906
692.510009765625,0.0,0.0,0.0,1.225926160812378,-0.055778924375772476,0.18172205984592438,3.9353652000427246,-0.7805299758911133
490.70599365234375,0.0,0.0,0.0,-0.7522782683372498,0.10955296456813812,0.2771895229816437,1.9323519468307495,-0.41317811608314514
799.9940185546875,0.0,0.0,0.0,3.851533889770508,-1.9675195217132568,0.21927990019321442,4.6232194900512695,0.1863061487674713
447.12200927734375,0.0,0.0,0.0,4.107733726501465,-0.766037106513977,0.023254649713635445,4.731779098510742,0.06151507794857025
820.6099853515625,0.0,0.0,0.0,2.3949973583221436,2.0439136028289795,-0.33353331685066223,4.56471061706543,-0.008623010478913784
155.94200134277344,0.0,0.0,0.0,0.6076805591583252,-0.02387959323823452,0.17182762920856476,2.1988768577575684,-1.0613294839859009
622.177978515625,0.0,0.0,0.0,-0.4323132038116455,-2.1001369953155518,1.3537298440933228,4.1111273765563965,-0.16484388709068298
722.75,0.0,0.0,0.0,4.235729217529297,0.18105961382389069,-0.21988491714000702,3.211026668548584,-0.4654744565486908
804.5579833984375,0.0,0.0,0.0,3.853041172027588,-2.123648166656494,0.2485518455505371,4.816643714904785,0.15591248869895935
697.4140014648438,0.0,0.0,0.0,2.4719173908233643,0.8816644549369812,-0.083191879093647,2.3307461738586426,-0.11516748368740082
185.6699981689453,0.0,0.0,0.0,-1.1091340780258179,-0.16524435579776764,0.8042829036712646,3.688603162765503,-0.46107012033462524
465.6780090332031,0.0,0.0,0.0,2.8404505252838135,-1.2280869483947754,0.28347915410995483,4.073983669281006,0.2840336561203003
723.4099731445312,0.0,0.0,0.0,3.484320640563965,1.1590744256973267,-0.5586587190628052,2.3658082485198975,-0.6490084528923035
310.9219970703125,0.0,0.0,0.0,2.104755163192749,-1.3232876062393188,0.47815579175949097,3.4610354900360107,0.42693278193473816
943.510009765625,0.0,0.0,0.0,-0.6703540086746216,2.7856245040893555,-1.29417884349823,3.8246195316314697,0.43258559703826904
467.50201416015625,0.0,0.0,0.0,3.5984015464782715,-1.17695152759552,0.08053646236658096,4.458186149597168,0.11572957783937454
601.6380004882812,0.0,0.0,0.0,4.054227352142334,1.8376039266586304,-0.30089497566223145,4.526181221008301,-0.33982470631599426
587.8820190429688,0.0,0.0,0.0,1.3862669467926025,-0.12262275815010071,0.12181317806243896,3.238579273223877,-0.8993183374404907
680.7139892578125,0.0,0.0,0.0,3.5490355491638184,-2.3705267906188965,0.39970433712005615,4.1460652351379395,0.28388792276382446
790.0540161132812,0.0,0.0,0.0,2.555885076522827,-1.0532418489456177,0.29815763235092163,3.5135021209716797,0.28113988041877747
249.697998046875,0.0,0.0,0.0,3.1303532123565674,-1.5895155668258667,0.5725725293159485,3.0756356716156006,0.3511245548725128
568.3779907226562,0.0,0.0,0.0,1.223300576210022,0.030003083869814873,-0.09642034769058228,3.7197017669677734,0.4988992214202881
668.5700073242188,0.0,0.0,0.0,2.4760525226593018,-0.16349497437477112,0.06364284455776215,2.218803644180298,0.05804287642240524
923.4660034179688,0.0,0.0,0.0,-2.3860158920288086,0.025584589689970016,0.7617930769920349,4.087067604064941,-0.25555893778800964
318.65399169921875,0.0,0.0,0.0,3.261561870574951,0.031219350174069405,-0.45435449481010437,2.8092830181121826,-0.16531050205230713
548.2979736328125,0.0,0.0,0.0,3.430107593536377,1.8500217199325562,-0.27653178572654724,4.343466281890869,-0.23439757525920868
867.22998046875,0.0,0.0,0.0,0.45986828207969666,-0.07237835228443146,0.08473403751850128,0.9963290095329285,0.1223428025841713
85.55799865722656,0.0,0.0,0.0,0.7030770778656006,2.826568603515625,-0.6086871027946472,3.109424114227295,-0.27719661593437195
809.4459838867188,0.0,0.0,0.0,3.5682919025421143,1.8392735719680786,-0.2417329102754593,4.198043346405029,-0.04551593214273453
561.75,0.0,0.0,0.0,0.927751898765564,2.792788505554199,-0.5077019333839417,2.4148433208465576,-0.12847188115119934
863.8939819335938,0.0,0.0,0.0,2.5864570140838623,-0.22594717144966125,0.0008711098926141858,0.0,0.0
217.08200073242188,0.0,0.0,0.0,2.106848955154419,-0.5180927515029907,0.08627058565616608,2.1520793437957764,0.058288589119911194
189.23399353027344,0.0,0.0,0.0,1.5429465770721436,-0.011114447377622128,-0.2114609181880951,2.9590253829956055,-0.9329932332038879
788.2420043945312,0.0,0.0,0.0,1.8488435745239258,-0.6238700151443481,0.33284059166908264,2.46340012550354,0.33700141310691833
213.18600463867188,0.0,0.0,0.0,2.238285541534424,-0.5720040202140808,0.2506973445415497,2.5268352031707764,0.25055286288261414
907.6820068359375,0.0,0.0,0.0,2.577514410018921,1.5294603109359741,-0.34941303730010986,4.114142417907715,-0.27920204401016235
585.7540283203125,0.0,0.0,0.0,-0.42569711804389954,0.06169840320944786,0.055351171642541885,3.3182077407836914,-0.693535327911377
794.906005859375,0.0,0.0,0.0,4.178975582122803,-0.429745078086853,0.16429077088832855,4.32913875579834,0.19919688999652863
453.1820068359375,0.0,0.0,0.0,4.763284683227539,-0.4217945635318756,0.09449394792318344,4.043534278869629,0.12697483599185944
533.5700073242188,0.0,0.0,0.0,1.3945622444152832,-1.6307109594345093,0.8712092638015747,3.1609952449798584,0.71657794713974
849.5780029296875,0.0,0.0,0.0,-0.05290064215660095,-0.07404202967882156,0.009639074094593525,1.6650729179382324,0.10374927520751953
331.96600341796875,0.0,0.0,0.0,4.251821041107178,0.217950701713562,0.3296705484390259,4.222288131713867,0.27911558747291565
716.3179931640625,0.0,0.0,0.0,3.833425521850586,-1.795871376991272,0.08355586975812912,4.570315361022949,-0.025670068338513374
493.906005859375,0.0,0.0,0.0,1.5377768278121948,0.26228171586990356,-0.5752454996109009,2.3400771617889404,-0.7740917205810547
364.1860046386719,0.0,0.0,0.0,2.3664653301239014,-2.4912025928497314,0.5713818669319153,2.850795030593872,0.20531940460205078
557.8099975585938,0.0,0.0,0.0,2.2438104152679443,2.5653154850006104,-0.3466021418571472,4.271002292633057,-0.2764090299606323
748.677978515625,0.0,0.0,0.0,-2.7589900493621826,-0.49003633856773376,1.0424895286560059,4.08392858505249,0.025349730625748634
791.93798828125,0.0,0.0,0.0,3.310828924179077,-1.2220430374145508,0.11983651667833328,4.46275520324707,0.02048955112695694
196.62600708007812,0.0,0.0,0.0,1.5553598403930664,0.08020579814910889,-0.03058423101902008,2.7380764484405518,-0.037631966173648834
128.58599853515625,0.0,0.0,0.0,2.947425127029419,0.2602071166038513,-0.010599345900118351,3.059795618057251,0.08202195912599564
719.7420043945312,0.0,0.0,0.0,4.255939483642578,-0.3982510566711426,-0.05604972690343857,4.393566131591797,0.024661611765623093
842.8259887695312,0.0,0.0,0.0,3.707587957382202,0.6206875443458557,-0.08445513248443604,4.063256740570068,-0.28272199630737305
697.281982421875,0.0,0.0,0.0,2.5122244358062744,0.9204399585723877,-0.12822134792804718,2.3636064529418945,-0.03009684570133686
910.85400390625,0.0,0.0,0.0,3.73408842086792,1.3931506872177124,-0.16618041694164276,4.581263542175293,-0.25446027517318726
236.7259979248047,0.0,0.0,0.0,3.2310023307800293,-1.1766842603683472,0.18349090218544006,3.9504144191741943,0.1306656301021576
416.0379943847656,0.0,0.0,0.0,3.8795464038848877,-0.8208041787147522,0.04336407035589218,4.474809646606445,0.02472381666302681
946.3699951171875,0.0,0.0,0.0,-1.0604052543640137,-0.25056707859039307,-0.062462009489536285,3.8562240600585938,0.5332539081573486
286.5140075683594,0.0,0.0,0.0,4.4126787185668945,0.244635209441185,0.07652409374713898,3.780496597290039,0.24224895238876343
721.2100219726562,0.0,0.0,0.0,4.350152969360352,-0.09744276851415634,-0.016219500452280045,4.369292736053467,0.007171363569796085
129.25,0.0,0.0,0.0,2.897167444229126,-0.0833105519413948,0.3705654740333557,2.7655370235443115,0.3900603950023651
728.573974609375,0.0,0.0,0.0,-0.6232693195343018,-0.06871481984853745,-0.19529514014720917,2.8439362049102783,0.38366031646728516
692.114013671875,0.0,0.0,0.0,0.7942571640014648,-0.01266592089086771,0.09603814780712128,3.9150893688201904,-0.800762951374054
693.8140258789062,0.0,0.0,0.0,2.6139273643493652,0.033771418035030365,-0.2700834274291992,3.9676642417907715,-0.4034029245376587
644.3980102539062,0.0,0.0,0.0,4.558909893035889,0.1953190714120865,-0.04451118782162666,4.8143534660339355,-0.06887400150299072
628.4459838867188,0.0,0.0,0.0,1.4291443824768066,0.2542693018913269,-0.11066814512014389,1.4479936361312866,-0.1137232705950737
102.80999755859375,0.0,0.0,0.0,3.8475098609924316,-0.7577182054519653,0.07068628817796707,4.459475517272949,0.0844402015209198
533.0139770507812,0.0,0.0,0.0,1.6200988292694092,-1.249334454536438,0.8883488774299622,2.7045810222625732,0.8668739795684814
853.1740112304688,0.0,0.0,0.0,0.5484186410903931,-0.014844276942312717,0.0010976716876029968,1.5479034185409546,0.045769110321998596
429.8179931640625,0.0,0.0,0.0,-0.8374412059783936,0.19435615837574005,0.06970512866973877,2.431302070617676,-0.9341641664505005
295.37799072265625,0.0,0.0,0.0,2.1157400608062744,-0.7083946466445923,0.2753686308860779,2.9492156505584717,0.3138955235481262
592.9500122070312,0.0,0.0,0.0,3.566164016723633,1.0756441354751587,-0.06629510223865509,3.8947465419769287,-0.12596988677978516
133.95799255371094,0.0,0.0,0.0,-0.3585757315158844,-1.336155891418457,1.5146204233169556,2.140787363052368,-0.4521714448928833
554.8460083007812,0.0,0.0,0.0,2.4739768505096436,2.673220157623291,-0.3336449861526489,3.981043815612793,-0.34927892684936523
480.1820068359375,0.0,0.0,0.0,0.9308026432991028,2.038489580154419,-0.5665865540504456,2.9594123363494873,0.0843355730175972
697.1820068359375,0.0,0.0,0.0,2.5257203578948975,0.9461005330085754,-0.05947406589984894,2.4770519733428955,-0.07394848763942719
385.2179870605469,0.0,0.0,0.0,1.350344181060791,1.8676222562789917,-0.7779844403266907,2.1612069606781006,-0.6776587963104248
508.45001220703125,0.0,0.0,0.0,1.737856388092041,2.6657962799072266,-0.9859907627105713,2.1967599391937256,-0.6278932094573975
294.63800048828125,0.0,0.0,0.0,1.8324400186538696,-0.6559832692146301,0.23871715366840363,2.3938231468200684,0.2757015824317932
427.2460021972656,0.0,0.0,0.0,0.22749722003936768,-2.5930733680725098,0.887973964214325,4.093367099761963,-0.46431687474250793
797.010009765625,0.0,0.0,0.0,3.9517099857330322,-1.674407958984375,0.31984320282936096,4.429413318634033,0.24369828402996063
658.5380249023438,0.0,0.0,0.0,1.8521826267242432,0.7449628710746765,-0.3697807192802429,2.2824151515960693,-0.39397430419921875
282.510009765625,0.0,0.0,0.0,3.940779685974121,-0.4596964120864868,-0.18735644221305847,4.446373462677002,-0.0782826617360115
703.1820068359375,0.0,0.0,0.0,3.7317745685577393,1.145560383796692,-0.1251627504825592,4.3260979652404785,-0.17823563516139984
747.1420288085938,0.0,0.0,0.0,1.2501018047332764,-3.668581962585449,0.8946572542190552,3.5685677528381348,0.6804590821266174
224.95799255371094,0.0,0.0,0.0,3.3044872283935547,-1.6256657838821411,0.20258088409900665,4.106925964355469,0.1758878380060196
290.3380126953125,0.0,0.0,0.0,1.5926909446716309,-3.0391788482666016,0.3896317780017853,2.873138427734375,0.07138364017009735
137.32200622558594,0.0,0.0,0.0,1.4641108512878418,0.021077938377857208,-0.013804242946207523,2.212998628616333,0.059229761362075806
436.80999755859375,0.0,0.0,0.0,-0.35541871190071106,1.2454791069030762,-1.6222907304763794,2.7195937633514404,0.7168073058128357
623.52197265625,0.0,0.0,0.0,-1.1305180788040161,0.14493177831172943,0.4092675745487213,3.2475509643554688,-0.7901544570922852
224.33399963378906,0.0,0.0,0.0,3.207465171813965,-1.622724175453186,0.30092549324035645,4.164212226867676,0.2754340171813965
359.4219970703125,0.0,0.0,0.0,3.8204269409179688,-1.0226479768753052,0.07401526719331741,4.729715824127197,0.04452650621533394
635.9459838867188,0.0,0.0,0.0,2.1857621669769287,0.8232106566429138,-0.4248223304748535,3.143935441970825,-0.4175276458263397
818.4140014648438,0.0,0.0,0.0,2.2408394813537598,1.9823747873306274,-0.42669478058815,4.073108673095703,0.0315372571349144
604.2860107421875,0.0,0.0,0.0,3.198004722595215,2.928314685821533,-0.32296890020370483,4.800865173339844,-0.2166028767824173
311.72601318359375,0.0,0.0,0.0,2.3008294105529785,-1.56624436378479,0.4427044689655304,3.9959464073181152,0.30143311619758606
83.72200012207031,0.0,0.0,0.0,2.0937094688415527,2.463738441467285,-0.5806993246078491,3.287606954574585,-0.5875882506370544
475.0140075683594,0.0,0.0,0.0,2.545891046524048,2.454878807067871,-0.6143466234207153,3.163966178894043,-0.3217989504337311
146.57400512695312,0.0,0.0,0.0,1.8588626384735107,-1.0011967420578003,0.45083481073379517,2.5936429500579834,0.41724881529808044
945.4619750976562,0.0,0.0,0.0,-1.5182342529296875,-0.4040519595146179,-0.20632223784923553,2.8969295024871826,0.6142139434814453
391.25799560546875,0.0,0.0,0.0,1.625697135925293,0.12137000262737274,-0.12420034408569336,3.7787582874298096,0.7228869199752808
383.385986328125,0.0,0.0,0.0,2.8584678173065186,0.6523045897483826,-0.7072123289108276,2.2449421882629395,-0.5656344294548035
115.12200164794922,0.0,0.0,0.0,1.2989658117294312,1.4800618886947632,-0.7401456236839294,2.30666446685791,-0.598426878452301
142.6060028076172,0.0,0.0,0.0,2.4202215671539307,-0.6699999570846558,0.11068257689476013,2.441462278366089,0.04231073334813118
473.5780029296875,0.0,0.0,0.0,3.9650352001190186,1.3916064500808716,-0.21551603078842163,3.4096028804779053,-0.26932787895202637
820.0579833984375,0.0,0.0,0.0,2.3284478187561035,2.0538487434387207,-0.3371158540248871,4.233188629150391,-0.09053976833820343
594.9099731445312,0.0,0.0,0.0,3.51412034034729,1.3354605436325073,-0.1935880482196808,3.926793336868286,-0.1532958298921585
459.9779968261719,0.0,0.0,0.0,1.729788899421692,-0.4453306794166565,0.07064611464738846,1.8408645391464233,0.08690910786390305
578.2659912109375,0.0,0.0,0.0,4.072765827178955,0.31342291831970215,-0.010511056520044804,4.214553356170654,-0.03775763139128685
185.53399658203125,0.0,0.0,0.0,-1.1494390964508057,-0.3403142988681793,1.0163378715515137,3.9200026988983154,-0.3598041832447052
668.8179931640625,0.0,0.0,0.0,2.4320197105407715,-0.15661802887916565,0.012227457016706467,2.4199047088623047,-0.03995862230658531
235.6300048828125,0.0,0.0,0.0,2.876338005065918,-1.1122747659683228,0.2475057989358902,3.7542264461517334,0.20721039175987244
120.27400207519531,0.0,0.0,0.0,1.1616709232330322,0.20821267366409302,-0.3022184371948242,1.605308175086975,-0.4137149453163147
309.0580139160156,0.0,0.0,0.0,1.9214959144592285,-1.0105483531951904,0.4759092628955841,2.122413396835327,0.44193679094314575
155.01800537109375,0.0,0.0,0.0,-0.2112720012664795,0.049091022461652756,-0.05624869093298912,2.162034034729004,-0.9498134255409241
777.6900024414062,0.0,0.0,0.0,2.0835330486297607,2.127518892288208,-0.743161141872406,4.1307053565979,-0.5327687859535217
802.9539794921875,0.0,0.0,0.0,3.9241747856140137,-1.9625550508499146,0.29862651228904724,4.64520788192749,0.27214208245277405
288.0820007324219,0.0,0.0,0.0,3.076108455657959,-2.229062557220459,0.5967224836349487,3.351100444793701,0.3882010877132416
620.197998046875,0.0,0.0,0.0,2.1304714679718018,-1.7166898250579834,0.7717056274414062,3.809962034225464,0.7566989064216614
746.1339721679688,0.0,0.0,0.0,3.5060853958129883,-2.3710246086120605,0.6799221634864807,3.606471538543701,0.7019777894020081
632.6019897460938,0.0,0.0,0.0,-0.0020791320130228996,0.0005368675338104367,0.0008243483607657254,0.0,0.0
805.6740112304688,0.0,0.0,0.0,3.857090711593628,-2.0803635120391846,0.145513653755188,5.08594274520874,0.12934279441833496
256.8139953613281,0.0,0.0,0.0,0.04273773729801178,1.6825344562530518,-1.2469773292541504,2.6143953800201416,-0.5627033710479736
530.8259887695312,0.0,0.0,0.0,0.533435046672821,0.006538475397974253,-0.24681168794631958,2.49530029296875,0.9165442585945129
584.75,0.0,0.0,0.0,-0.9639093279838562,-0.02584208734333515,0.4380902945995331,3.5085842609405518,-0.4340330958366394
604.6380004882812,0.0,0.0,0.0,3.1158101558685303,3.0017621517181396,-0.31543177366256714,4.697185516357422,-0.22795797884464264
513.35400390625,0.0,0.0,0.0,-0.48407697677612305,-0.1285087913274765,0.05716680362820625,2.719698667526245,-0.20792879164218903
824.6420288085938,0.0,0.0,0.0,2.5384950637817383,2.4993598461151123,-0.31408852338790894,4.106394290924072,-0.0012114369310438633
677.677978515625,0.0,0.0,0.0,4.325963020324707,-1.2934471368789673,0.2768529951572418,4.767430305480957,0.19266025722026825
907.3140258789062,0.0,0.0,0.0,2.4802627563476562,1.442508578300476,-0.39139100909233093,3.6673130989074707,-0.24534760415554047
525.0819702148438,0.0,0.0,0.0,1.4092247486114502,1.3886864185333252,-0.5401068925857544,2.884103775024414,-0.44857510924339294
197.46200561523438,0.0,0.0,0.0,2.249863386154175,0.11652126908302307,-0.07524707913398743,3.2780613899230957,-0.09241505712270737
254.69000244140625,0.0,0.0,0.0,1.8422716856002808,1.6321215629577637,-0.8053627014160156,2.010093927383423,-0.7092332243919373
945.1380004882812,0.0,0.0,0.0,-1.7124191522598267,-0.3655349910259247,-0.36961713433265686,3.4176526069641113,0.7673436403274536
663.8179931640625,0.0,0.0,0.0,0.6055695414543152,0.21337471902370453,-0.03874654695391655,0.0,0.0
270.01800537109375,0.0,0.0,0.0,3.0657501220703125,-1.2119892835617065,0.26147228479385376,3.3669941425323486,0.19346456229686737
770.8619995117188,0.0,0.0,0.0,-0.15556900203227997,-2.023465871810913,1.1515825986862183,3.7543601989746094,0.20793570578098297
639.9819946289062,0.0,0.0,0.0,3.6815171241760254,1.150255799293518,-0.14027976989746094,4.508788585662842,-0.12996874749660492
528.2540283203125,0.0,0.0,0.0,-0.05302821472287178,1.4894827604293823,-1.3172084093093872,4.012197971343994,0.3759569227695465
227.49000549316406,0.0,0.0,0.0,3.6199228763580322,-1.1283936500549316,0.026051046326756477,3.5301120281219482,0.008082483895123005
762.333984375,0.0,0.0,0.0,2.9718942642211914,-0.2698855996131897,-0.2861000895500183,3.0518958568573,-0.2347402572631836
273.30999755859375,0.0,0.0,0.0,1.8122748136520386,-0.4732927978038788,0.007150684949010611,0.0,0.0
663.1300048828125,0.0,0.0,0.0,1.1506552696228027,0.3890535235404968,-0.016152439638972282,0.0,0.0
530.1220092773438,0.0,0.0,0.0,-0.09478884935379028,-0.007057727314531803,-0.15833255648612976,2.8764686584472656,0.9551115036010742
740.7219848632812,0.0,0.0,0.0,4.155654430389404,-0.15273252129554749,0.006500661373138428,4.588624954223633,0.03682154044508934
532.02197265625,0.0,0.0,0.0,1.5864192247390747,-0.3142877519130707,0.7287706732749939,2.2377092838287354,0.9588375687599182
931.5059814453125,0.0,0.0,0.0,3.673698663711548,0.3468628525733948,-0.11318919062614441,4.631926536560059,-0.15307128429412842
654.2459716796875,0.0,0.0,0.0,2.4636616706848145,-0.08557084202766418,0.030380062758922577,2.1461408138275146,0.022510776296257973
224.57400512695312,0.0,0.0,0.0,3.230499744415283,-1.6464762687683105,0.25570815801620483,4.2794718742370605,0.22767341136932373
392.72198486328125,0.0,0.0,0.0,2.732513666152954,-0.8569126129150391,0.578402578830719,3.896212100982666,0.6297545433044434
689.5139770507812,0.0,0.0,0.0,-0.9929621815681458,0.029550990089774132,0.24214115738868713,4.210755825042725,-0.511100172996521
196.41799926757812,0.0,0.0,0.0,1.3467410802841187,0.08787184953689575,-0.008970529772341251,2.454254627227783,-0.045298218727111816
501.8380126953125,0.0,0.0,0.0,3.5338001251220703,0.21394263207912445,0.04798996448516846,3.9927711486816406,0.020320050418376923
700.9140014648438,0.0,0.0,0.0,2.965494155883789,1.2805150747299194,-0.21573394536972046,3.9706897735595703,-0.13966983556747437
139.58599853515625,0.0,0.0,0.0,2.3440167903900146,-0.6298056244850159,0.29350200295448303,2.7793712615966797,0.23059919476509094
279.0140075683594,0.0,0.0,0.0,2.8706531524658203,-1.3053159713745117,0.25579458475112915,4.157140254974365,0.22578918933868408
769.9500122070312,0.0,0.0,0.0,0.9164420366287231,-2.427229642868042,0.6782863140106201,3.483466863632202,0.393123596906662
835.1019897460938,0.0,0.0,0.0,-1.4585387706756592,0.3827267587184906,0.253106027841568,2.890212297439575,-0.4023503065109253
619.72998046875,0.0,0.0,0.0,2.279618263244629,-1.2137576341629028,0.7817733287811279,3.3519694805145264,0.7549534440040588
897.7059936523438,0.0,0.0,0.0,3.9637181758880615,0.8627651333808899,-0.14937295019626617,4.730544090270996,-0.12129441648721695
491.43798828125,0.0,0.0,0.0,-0.3918324112892151,0.10377991944551468,0.017851442098617554,2.08673095703125,-0.5839389562606812
786.9739990234375,0.0,0.0,0.0,1.4555777311325073,-0.34506478905677795,0.1951274275779724,1.7974411249160767,0.18838807940483093
222.5500030517578,0.0,0.0,0.0,3.3032262325286865,-0.8116440176963806,0.2905645966529846,3.854708671569824,0.34096163511276245
361.8739929199219,0.0,0.0,0.0,4.22689962387085,-0.4357808232307434,0.059657614678144455,4.5036845207214355,0.011718852445483208
84.43800354003906,0.0,0.0,0.0,1.6019947528839111,2.758922576904297,-0.6002150774002075,2.985675573348999,-0.5209174752235413
816.2979736328125,0.0,0.0,0.0,2.1049318313598633,1.4221997261047363,-0.47278180718421936,3.233128547668457,-0.3616653382778168
75.8499984741211,0.0,0.0,0.0,1.9807300567626953,0.26519307494163513,-0.04937954619526863,1.496801495552063,-0.11787678301334381
823.6740112304688,0.0,0.0,0.0,2.5209224224090576,2.447841167449951,-0.3191068470478058,4.216029644012451,-0.1399368941783905
106.55000305175781,0.0,0.0,0.0,0.9282006621360779,-2.627692461013794,0.6612167954444885,3.096562623977661,0.3078796863555908
406.6860046386719,0.0,0.0,0.0,2.0995466709136963,-0.9973723888397217,0.4260399341583252,3.0147287845611572,0.39835628867149353
122.5459976196289,0.0,0.0,0.0,1.2948755025863647,0.783251941204071,-0.5718701481819153,1.710839033126831,-0.5383332967758179
184.35800170898438,0.0,0.0,0.0,0.474052369594574,-2.1188580989837646,1.1497524976730347,4.215792655944824,0.3516734540462494
880.1380004882812,0.0,0.0,0.0,3.967879295349121,-1.690807819366455,0.040216658264398575,4.82391357421875,-0.02611076645553112
534.9739990234375,0.0,0.0,0.0,-0.07520617544651031,-1.5995692014694214,1.4149452447891235,1.6236889362335205,-0.03764347359538078
807.3499755859375,0.0,0.0,0.0,4.265752792358398,-0.36875754594802856,-0.43146467208862305,3.938300609588623,-0.4090679883956909
465.95001220703125,0.0,0.0,0.0,2.9472055435180664,-1.2637730836868286,0.2604787349700928,4.055988788604736,0.18862853944301605
373.114013671875,0.0,0.0,0.0,1.247847080230713,-1.0004475116729736,0.441424161195755,2.4366564750671387,0.3000747859477997
229.85000610351562,0.0,0.0,0.0,2.8297691345214844,-0.6916821002960205,0.076861672103405,2.2950408458709717,0.025683455169200897
731.9660034179688,0.0,0.0,0.0,2.3364851474761963,-0.3357107639312744,0.46021950244903564,3.161036729812622,0.5524153709411621
449.46600341796875,0.0,0.0,0.0,4.481125354766846,-0.6733845472335815,0.020304664969444275,4.777308464050293,-0.007767537608742714
941.7059936523438,0.0,0.0,0.0,2.1133110523223877,2.8915092945098877,-0.666908860206604,4.142010688781738,-0.1746545135974884
584.4500122070312,0.0,0.0,0.0,-1.0995560884475708,-0.2354319989681244,0.8178133368492126,3.6720850467681885,-0.3728446364402771
898.7459716796875,0.0,0.0,0.0,4.165914058685303,0.9887192249298096,-0.12176229059696198,4.8243021965026855,-0.11255259811878204
215.8979949951172,0.0,0.0,0.0,2.3071179389953613,-0.6773242354393005,0.09665999561548233,2.431274890899658,0.06786040216684341
193.47799682617188,0.0,0.0,0.0,-0.001225228770636022,1.7646054029464722,0.002718536648899317,0.0,0.0
900.5700073242188,0.0,0.0,0.0,4.311373710632324,0.7440438270568848,-0.01730836182832718,4.1172285079956055,0.08089230209589005
746.7100219726562,0.0,0.0,0.0,2.2379517555236816,-3.260979652404785,0.9473333358764648,3.2620086669921875,0.7878385782241821
198.3260040283203,0.0,0.0,0.0,2.824141502380371,0.21038860082626343,-0.11561262607574463,3.8324732780456543,-0.07081428915262222
645.2420043945312,0.0,0.0,0.0,4.593480110168457,0.2421126365661621,-0.024911843240261078,4.753632068634033,0.03353085741400719
878.4459838867188,0.0,0.0,0.0,3.635470390319824,-2.1264097690582275,0.2694726884365082,4.670181751251221,0.1810550093650818
746.010009765625,0.0,0.0,0.0,3.7178871631622314,-2.193645715713501,0.586065411567688,3.268951892852783,0.6403083205223083
131.4499969482422,0.0,0.0,0.0,1.659493088722229,-1.61245596408844,0.7434887290000916,2.3040032386779785,0.6088355183601379
350.5140075683594,0.0,0.0,0.0,-0.4030594527721405,-0.015395652502775192,-0.3898201882839203,1.7271820306777954,0.48337700963020325
424.24200439453125,0.0,0.0,0.0,1.9851078987121582,-2.731832981109619,0.3554956018924713,4.143341064453125,0.1123383566737175
859.385986328125,0.0,0.0,0.0,4.15440034866333,-0.6143338084220886,0.0003781716513913125,4.764575958251953,0.0746854767203331
880.281982421875,0.0,0.0,0.0,4.015172004699707,-1.6055350303649902,0.007958630099892616,4.752099514007568,-0.009981861338019371
919.8619995117188,0.0,0.0,0.0,3.8934614658355713,-1.8841009140014648,0.24795761704444885,3.912726402282715,0.4706335961818695
475.43798828125,0.0,0.0,0.0,2.175550699234009,2.6445679664611816,-0.5290256142616272,3.354830503463745,-0.3817647397518158
893.7739868164062,0.0,0.0,0.0,0.9213742613792419,-0.012459407560527325,0.025983460247516632,4.091649055480957,-0.1687089204788208
785.510009765625,0.0,0.0,0.0,1.4551788568496704,-0.27238962054252625,0.16219379007816315,1.475379228591919,0.1007545217871666
771.8099975585938,0.0,0.0,0.0,-1.0792497396469116,-0.3898514211177826,0.8410338759422302,3.7708675861358643,-0.3049585521221161
169.13400268554688,0.0,0.0,0.0,-0.541263222694397,-2.3491556644439697,1.279364824295044,4.117380619049072,-0.48270153999328613
925.06201171875,0.0,0.0,0.0,-1.3561961650848389,0.5087960958480835,0.10817272216081619,3.9417972564697266,-0.39220914244651794
807.0419921875,0.0,0.0,0.0,4.234602451324463,-0.9303678274154663,-0.3066245913505554,4.222951412200928,-0.48997050523757935
198.6060028076172,0.0,0.0,0.0,2.986870050430298,0.2469409704208374,-0.053446486592292786,3.7290263175964355,-0.0839436799287796
243.0659942626953,0.0,0.0,0.0,4.074593544006348,-0.6544050574302673,0.22919833660125732,4.087965488433838,0.3671681880950928
834.4340209960938,0.0,0.0,0.0,-1.8446214199066162,0.02033953182399273,0.6633633971214294,2.8089778423309326,-0.38680681586265564
388.6860046386719,0.0,0.0,0.0,-0.4936608672142029,0.03373019024729729,-0.2383415400981903,3.7806379795074463,0.33945661783218384
198.45799255371094,0.0,0.0,0.0,2.901407241821289,0.23703083395957947,-0.09485083073377609,3.84816575050354,-0.07238059490919113
882.7100219726562,0.0,0.0,0.0,4.261222839355469,-1.257347583770752,0.06935879588127136,4.903005123138428,0.057007644325494766
890.3060302734375,0.0,0.0,0.0,-1.2294498682022095,0.43466854095458984,0.09899087995290756,3.5434038639068604,-0.5176309943199158
667.6900024414062,0.0,0.0,0.0,2.5576884746551514,-0.15057235956192017,0.06314855813980103,2.5537710189819336,0.044484663754701614
598.02197265625,0.0,0.0,0.0,4.211788177490234,0.7891032695770264,-0.026381151750683784,4.69232177734375,-0.008996129967272282
743.2139892578125,0.0,0.0,0.0,4.45454740524292,-0.3376457095146179,0.19433769583702087,4.589024543762207,0.30649617314338684
92.63800048828125,0.0,0.0,0.0,1.2074682712554932,-0.16424524784088135,0.25126323103904724,1.3890130519866943,0.2996863126754761
794.64599609375,0.0,0.0,0.0,4.147004127502441,-0.33857229351997375,0.08902062475681305,4.693521022796631,0.1493619829416275
113.18599700927734,0.0,0.0,0.0,1.7977591753005981,0.5941789150238037,-0.5404660105705261,2.1928277015686035,-0.5632439851760864
235.2899932861328,0.0,0.0,0.0,2.780226707458496,-1.0630087852478027,0.2703208327293396,3.820566177368164,0.2639138102531433
457.82598876953125,0.0,0.0,0.0,1.9033701419830322,-1.1487250328063965,0.12664714455604553,1.990270972251892,0.07911808788776398
567.1099853515625,0.0,0.0,0.0,0.08208605647087097,-0.04817686975002289,-0.025276778265833855,3.481764793395996,0.3858015239238739
484.8380126953125,0.0,0.0,0.0,1.0513052940368652,0.07747794687747955,0.07421139627695084,2.2720723152160645,0.8162243962287903
389.1300048828125,0.0,0.0,0.0,-0.24610964953899384,-0.005830112844705582,-0.15240445733070374,3.5355687141418457,0.39860400557518005
67.32599639892578,0.0,0.0,0.0,2.371480703353882,-1.313002347946167,0.5469645857810974,3.379737138748169,0.47506818175315857
736.3740234375,0.0,0.0,0.0,2.9167895317077637,-0.7196211814880371,0.039733611047267914,3.6272737979888916,0.07779768109321594
678.9819946289062,0.0,0.0,0.0,4.166379928588867,-1.788092851638794,0.17589037120342255,4.4866814613342285,0.11414668709039688
320.3500061035156,0.0,0.0,0.0,2.0573315620422363,-0.5017982721328735,0.5161343812942505,2.0288097858428955,0.5017381310462952
426.2380065917969,0.0,0.0,0.0,1.2745366096496582,-2.7457492351531982,0.5566188097000122,4.409454345703125,-0.17288225889205933
849.8660278320312,0.0,0.0,0.0,0.17851999402046204,-0.050802815705537796,0.030774973332881927,1.627982258796692,0.10176767408847809
685.4819946289062,0.0,0.0,0.0,1.3816653490066528,-3.241875648498535,0.409071683883667,4.180768013000488,0.43572789430618286
74.29399871826172,0.0,0.0,0.0,2.5900838375091553,0.3994956314563751,-0.06382986903190613,2.2400505542755127,-0.029310420155525208
859.7579956054688,0.0,0.0,0.0,4.27260160446167,-0.5647901296615601,-0.030213436111807823,4.649308681488037,0.0033679730258882046
791.3499755859375,0.0,0.0,0.0,3.076873779296875,-1.2343597412109375,0.23048964142799377,4.198685646057129,0.22506143152713776
271.7699890136719,0.0,0.0,0.0,2.8567919731140137,-0.9845014810562134,0.0957777351140976,2.9000933170318604,0.11999274045228958
408.5060119628906,0.0,0.0,0.0,2.753545045852661,-1.4137294292449951,0.30780792236328125,3.542208194732666,0.1526784896850586
402.7300109863281,0.0,0.0,0.0,0.602821946144104,-0.024969110265374184,0.1284799426794052,1.7665045261383057,-0.24017375707626343
200.78199768066406,0.0,0.0,0.0,3.6774840354919434,0.2588810622692108,0.09244656562805176,3.5217204093933105,0.27320989966392517
926.8380126953125,0.0,0.0,0.0,-0.42938995361328125,0.12364613264799118,0.03270161896944046,4.280325412750244,-0.15412473678588867
87.8219985961914,0.0,0.0,0.0,-1.3984065055847168,-0.14004811644554138,-0.37164464592933655,3.1305437088012695,0.06476911902427673
913.5419921875,0.0,0.0,0.0,4.121658802032471,1.3617290258407593,-0.07112634927034378,4.7736310958862305,-0.04694312438368797
223.69400024414062,0.0,0.0,0.0,3.1919190883636475,-1.4425009489059448,0.3534916937351227,3.957406759262085,0.3118269741535187
370.14599609375,0.0,0.0,0.0,1.5798578262329102,-1.6659823656082153,0.5158692002296448,1.861203908920288,0.34962791204452515
272.64599609375,0.0,0.0,0.0,2.3045756816864014,-0.7249084711074829,0.01707983762025833,0.0,0.0
914.0139770507812,0.0,0.0,0.0,4.221068382263184,1.2487984895706177,-0.08458887785673141,4.674245834350586,-0.09727273881435394
777.8060302734375,0.0,0.0,0.0,1.9958535432815552,2.2133421897888184,-0.7505902051925659,3.9973695278167725,-0.505189836025238
804.4500122070312,0.0,0.0,0.0,3.854422092437744,-2.1258373260498047,0.24173660576343536,4.896042346954346,0.20346258580684662
755.0380249023438,0.0,0.0,0.0,1.5885345935821533,0.14379604160785675,-0.028686877340078354,3.309720516204834,0.6960108280181885
472.4460144042969,0.0,0.0,0.0,4.236241817474365,1.2123446464538574,-0.21462509036064148,4.635295391082764,-0.12919872999191284
272.7820129394531,0.0,0.0,0.0,2.201630115509033,-0.6678422689437866,0.00265115755610168,0.0,0.0
808.5419921875,0.0,0.0,0.0,3.793759346008301,1.5259816646575928,-0.3894106149673462,4.373070240020752,-0.194474995136261
690.1300048828125,0.0,0.0,0.0,-0.6541953682899475,0.07966145873069763,0.09498730301856995,3.8418397903442383,-0.6280161738395691
321.3699951171875,0.0,0.0,0.0,1.7758437395095825,-0.9705674648284912,0.4587530195713043,2.199298858642578,0.47127285599708557
763.9299926757812,0.0,0.0,0.0,2.8070504665374756,-0.2916400730609894,0.41432812809944153,2.766069173812866,0.43901190161705017
741.2260131835938,0.0,0.0,0.0,4.23017692565918,-0.11258123815059662,-0.03394225612282753,4.943945407867432,0.00520063191652298
94.33799743652344,0.0,0.0,0.0,1.3694572448730469,-0.48952460289001465,0.39127346873283386,1.7494457960128784,0.41941696405410767
177.1820068359375,0.0,0.0,0.0,0.4032444953918457,1.7408521175384521,-1.2155684232711792,4.026639461517334,-0.339285284280777
440.4219970703125,0.0,0.0,0.0,1.6362648010253906,-0.41358497738838196,0.6684810519218445,1.8142468929290771,0.5074540376663208
754.1259765625,0.0,0.0,0.0,0.6181853413581848,0.05957438051700592,-0.0949263945221901,3.2733218669891357,0.5984187126159668
233.08999633789062,0.0,0.0,0.0,2.0065410137176514,-0.591511607170105,0.3350457549095154,2.4825689792633057,0.3712925612926483
585.8820190429688,0.0,0.0,0.0,-0.35267406702041626,0.047353439033031464,0.08133300393819809,3.2940993309020996,-0.7105343341827393
432.6300048828125,0.0,0.0,0.0,1.2902311086654663,0.046427901834249496,-0.2544649839401245,2.4908535480499268,-0.9625983834266663
239.04600524902344,0.0,0.0,0.0,3.535654067993164,-0.9454930424690247,0.12374626100063324,4.233692646026611,0.09827246516942978
712.2020263671875,0.0,0.0,0.0,4.056216239929199,1.5859886407852173,0.018924076110124588,4.378968715667725,0.22525489330291748
724.27001953125,0.0,0.0,0.0,1.9660979509353638,2.2013304233551025,-0.7887728810310364,2.2483224868774414,-0.489943265914917
779.177978515625,0.0,0.0,0.0,0.20502904057502747,2.5972321033477783,-1.0134142637252808,4.578850269317627,-0.054162584245204926
151.3780059814453,0.0,0.0,0.0,0.9421926140785217,-2.590158224105835,0.7196587324142456,4.68059778213501,-0.3021145164966583
62.9900016784668,0.0,0.0,0.0,2.9083645343780518,2.1188669204711914,-0.47899875044822693,3.90480899810791,-0.3110039532184601
818.5260009765625,0.0,0.0,0.0,2.241109609603882,1.9968711137771606,-0.4175201654434204,4.279203414916992,-0.03108179196715355
840.8619995117188,0.0,0.0,0.0,2.7817013263702393,0.2934904992580414,-0.2029300183057785,4.025496006011963,-0.20089878141880035
150.4499969482422,0.0,0.0,0.0,1.7542251348495483,-2.5006601810455322,0.5856620073318481,4.4776811599731445,-0.03277309238910675
273.5580139160156,0.0,0.0,0.0,1.6294232606887817,-0.39719441533088684,-0.010027234442532063,0.0,0.0
793.5419921875,0.0,0.0,0.0,3.9735310077667236,-0.5681012868881226,-0.015384497120976448,4.362259864807129,-0.17218784987926483
464.57000732421875,0.0,0.0,0.0,2.3920135498046875,-1.016322135925293,0.3655719757080078,3.3843767642974854,0.3362257480621338
887.885986328125,0.0,0.0,0.0,-1.5076062679290771,-2.341222047805786,1.4422754049301147,4.217238426208496,0.09882818162441254
798.7739868164062,0.0,0.0,0.0,3.8211917877197266,-2.035648822784424,0.20578576624393463,4.718124866485596,0.09172302484512329
838.177978515625,0.0,0.0,0.0,0.20365068316459656,0.030301488935947418,0.0002966775791719556,3.1118922233581543,-0.5818853378295898
726.677978515625,0.0,0.0,0.0,0.07613904029130936,2.017840623855591,-0.9635088443756104,2.804332733154297,-0.1379445195198059
702.2379760742188,0.0,0.0,0.0,3.4632370471954346,1.162104606628418,-0.12750564515590668,4.238764762878418,-0.09438475221395493
797.8499755859375,0.0,0.0,0.0,3.8281266689300537,-1.9912261962890625,0.2544427216053009,4.639662265777588,0.23422707617282867
135.49400329589844,0.0,0.0,0.0,-0.2797219753265381,0.025871746242046356,0.17020028829574585,1.9095364809036255,-0.5881575345993042
497.80999755859375,0.0,0.0,0.0,1.417745590209961,0.6241461038589478,-0.26500535011291504,1.7502692937850952,-0.2899286150932312
349.7460021972656,0.0,0.0,0.0,-0.6422796845436096,0.5906885862350464,-1.3695905208587646,1.968775749206543,0.17603783309459686
81.66600036621094,0.0,0.0,0.0,2.4812495708465576,1.444305181503296,-0.5203325748443604,3.6335837841033936,-0.5965157747268677
163.093994140625,0.0,0.0,0.0,1.0564942359924316,0.007189096417278051,-0.12815545499324799,3.72857666015625,0.7097530961036682
289.69000244140625,0.0,0.0,0.0,1.8804126977920532,-3.010910749435425,0.43218758702278137,3.8776726722717285,0.1128091886639595
584.010009765625,0.0,0.0,0.0,-1.0319304466247559,-0.9922468066215515,1.4503930807113647,3.6757397651672363,-0.010242320597171783
631.14599609375,0.0,0.0,0.0,-0.0026074110064655542,0.0009774973150342703,0.0015053808456286788,0.0,0.0
447.3420104980469,0.0,0.0,0.0,4.168824195861816,-0.7408804297447205,0.0467694066464901,4.644412994384766,0.04056338593363762
448.0820007324219,0.0,0.0,0.0,4.2946929931640625,-0.693879246711731,-0.018735244870185852,4.506799221038818,0.04156680777668953
545.3060302734375,0.0,0.0,0.0,2.843348979949951,1.4077723026275635,-0.32959097623825073,3.689546585083008,-0.3135601282119751
353.385986328125,0.0,0.0,0.0,2.011829137802124,-0.43660739064216614,0.41823261976242065,2.6303038597106934,0.49546173214912415
59.854000091552734,0.0,0.0,0.0,3.0233092308044434,0.6760036945343018,-0.19700470566749573,3.5904605388641357,-0.1452377289533615
756.9979858398438,0.0,0.0,0.0,2.7442288398742676,-1.1004178524017334,0.2474561333656311,3.4491493701934814,0.07371919602155685
205.19400024414062,0.0,0.0,0.0,-0.8465750813484192,-1.7655655145645142,1.436919927597046,3.527606964111328,-0.29384365677833557
292.9739990234375,0.0,0.0,0.0,1.6344470977783203,-1.418684959411621,0.10660543292760849,1.7502715587615967,0.03433914855122566
388.14599609375,0.0,0.0,0.0,-0.7412474155426025,0.2607841491699219,-0.6840029954910278,3.4749562740325928,0.2275998294353485
756.4819946289062,0.0,0.0,0.0,2.574457883834839,-0.8749402761459351,0.535271167755127,3.7332890033721924,0.3777593672275543
450.06201171875,0.0,0.0,0.0,4.5687947273254395,-0.6357792615890503,0.004420821089297533,4.943641185760498,-0.10376660525798798
773.64599609375,0.0,0.0,0.0,-0.031217554584145546,0.06047390028834343,-0.000941654434427619,3.3248279094696045,-0.6926892995834351
470.19000244140625,0.0,0.0,0.0,4.334011554718018,-0.4583406448364258,-0.07006890326738358,4.9766645431518555,-0.2329774796962738
430.34600830078125,0.0,0.0,0.0,-0.5495705604553223,0.13051648437976837,0.03836081922054291,2.3560147285461426,-0.9384313225746155
417.4419860839844,0.0,0.0,0.0,4.197770595550537,-0.6423062682151794,0.13196450471878052,4.290099143981934,0.3145231008529663
528.5819702148438,0.0,0.0,0.0,-0.4585181474685669,1.0973972082138062,-1.4397765398025513,3.587961196899414,0.5314359068870544
108.78199768066406,0.0,0.0,0.0,-1.2604187726974487,0.04116371273994446,0.4775906801223755,3.5246009826660156,-0.0014937344240024686
937.1619873046875,0.0,0.0,0.0,3.6447203159332275,1.4622766971588135,-0.2110242396593094,4.532083988189697,-0.04503820091485977
339.8500061035156,0.0,0.0,0.0,1.1903609037399292,-1.4458427429199219,0.5961138606071472,2.330676555633545,0.45646795630455017
672.4459838867188,0.0,0.0,0.0,3.4801933765411377,0.7226634621620178,-0.03903687372803688,3.9547998905181885,-0.06578674912452698
474.0260009765625,0.0,0.0,0.0,3.644798994064331,1.6297050714492798,-0.4424193203449249,3.2931365966796875,-0.4792686700820923
705.5339965820312,0.0,0.0,0.0,4.045203685760498,1.34860360622406,-0.10144847631454468,4.486220836639404,-0.04220491647720337
894.3460083007812,0.0,0.0,0.0,1.5214946269989014,-0.035834863781929016,0.09219706058502197,4.119624614715576,-0.20205752551555634
855.4539794921875,0.0,0.0,0.0,2.6251633167266846,-0.3335433900356293,0.14077484607696533,3.4135220050811768,0.144129678606987
127.00199890136719,0.0,0.0,0.0,2.06461763381958,0.6637837290763855,-0.0882035568356514,3.208120822906494,-0.08701219409704208
590.677978515625,0.0,0.0,0.0,3.4322919845581055,1.0568366050720215,-0.22919832170009613,4.379118919372559,-0.27577146887779236
679.0819702148438,0.0,0.0,0.0,4.153981685638428,-1.793966293334961,0.16920612752437592,4.476027965545654,0.12833264470100403
277.70599365234375,0.0,0.0,0.0,2.334703207015991,-0.9728242754936218,0.38589534163475037,3.269294261932373,0.36316442489624023
144.02200317382812,0.0,0.0,0.0,2.108572006225586,-0.525428831577301,0.23968079686164856,1.897965908050537,0.2949531376361847
680.114013671875,0.0,0.0,0.0,3.8753538131713867,-2.0525472164154053,0.3435918390750885,4.182496547698975,0.3520350754261017
936.2020263671875,0.0,0.0,0.0,3.6009249687194824,1.372846245765686,-0.26357635855674744,4.3929595947265625,-0.22774221003055573
887.3099975585938,0.0,0.0,0.0,0.26652100682258606,-3.2680819034576416,1.0359281301498413,3.762444019317627,0.32171371579170227
714.7459716796875,0.0,0.0,0.0,3.6995456218719482,-1.8103324174880981,0.31237906217575073,4.733456134796143,0.18955747783184052
429.08599853515625,0.0,0.0,0.0,-1.2419847249984741,0.14749668538570404,0.3672601580619812,2.799950361251831,-1.0201269388198853
170.76199340820312,0.0,0.0,0.0,-1.1650394201278687,0.20990756154060364,0.2920507490634918,2.971257448196411,-1.0333080291748047
349.51800537109375,0.0,0.0,0.0,-0.5180955529212952,0.9050859212875366,-1.6249040365219116,2.30281925201416,0.24395409226417542
557.073974609375,0.0,0.0,0.0,2.265580177307129,2.6084489822387695,-0.3620188236236572,3.630525827407837,-0.33417022228240967
952.510009765625,0.0,0.0,0.0,3.5203068256378174,0.7010865807533264,-0.2996506094932556,4.745181560516357,-0.31742316484451294
403.6860046386719,0.0,0.0,0.0,1.397518277168274,-0.045424994081258774,0.12835684418678284,1.6784508228302002,0.18454335629940033
882.1300048828125,0.0,0.0,0.0,4.249594688415527,-1.2752151489257812,0.1313185840845108,4.940352439880371,0.07478378713130951
301.04998779296875,0.0,0.0,0.0,2.0585591793060303,1.3431282043457031,-0.3748554289340973,2.111175775527954,-0.04422478377819061
247.32200622558594,0.0,0.0,0.0,4.291674613952637,-0.7460196614265442,-0.10615618526935577,4.286566734313965,-0.13556012511253357
651.030029296875,0.0,0.0,0.0,2.903526782989502,2.2891361713409424,0.16334597766399384,3.5681607723236084,0.17745572328567505
434.7019958496094,0.0,0.0,0.0,1.5230309963226318,1.58444082736969,-0.7516332268714905,3.1411075592041016,-0.2465040534734726
292.3819885253906,0.0,0.0,0.0,1.6433098316192627,-1.9403926134109497,0.06175810843706131,1.9281829595565796,0.03849975764751434
274.80999755859375,0.0,0.0,0.0,1.2290606498718262,-0.2172674834728241,0.1574493944644928,1.5719361305236816,0.1926315724849701
801.2940063476562,0.0,0.0,0.0,3.8987185955047607,-1.9424538612365723,0.15966695547103882,4.886318683624268,0.10112075507640839
892.7420043945312,0.0,0.0,0.0,0.0702817514538765,0.030987780541181564,0.04965323582291603,4.024220943450928,-0.3037377893924713
615.7579956054688,0.0,0.0,0.0,-0.681063711643219,-0.2084968537092209,-0.021374594420194626,2.9221913814544678,0.8002870678901672
504.5140075683594,0.0,0.0,0.0,3.999574899673462,1.0212327241897583,-0.3079019784927368,4.2261810302734375,-0.21882812678813934
67.84200286865234,0.0,0.0,0.0,2.3587892055511475,-1.5414410829544067,0.5106146931648254,3.6789145469665527,0.2891004979610443
796.9180297851562,0.0,0.0,0.0,3.9695236682891846,-1.609730839729309,0.31815069913864136,4.682184219360352,0.31583744287490845
226.81399536132812,0.0,0.0,0.0,3.647616386413574,-1.2995059490203857,0.09157690405845642,3.827396869659424,-0.011450651101768017
452.2380065917969,0.0,0.0,0.0,4.7120256423950195,-0.44525253772735596,0.0030962605960667133,5.067111015319824,0.019981015473604202
813.0139770507812,0.0,0.0,0.0,2.870234489440918,0.6813063025474548,-0.05353985354304314,2.3234288692474365,-0.01872909814119339
882.573974609375,0.0,0.0,0.0,4.253592491149902,-1.2644516229629517,0.11335030943155289,4.763461589813232,0.1152380034327507
955.8939819335938,0.0,0.0,0.0,1.4398095607757568,3.12795090675354,-0.686389684677124,3.542494297027588,-0.3258272111415863
439.2179870605469,0.0,0.0,0.0,0.7312827110290527,0.08132908493280411,-0.21077470481395721,2.0387661457061768,0.7524172067642212
929.0059814453125,0.0,0.0,0.0,1.2505559921264648,0.04352981224656105,0.04899100586771965,4.7304277420043945,-0.18979451060295105
939.8619995117188,0.0,0.0,0.0,4.036371231079102,0.8977701663970947,-0.24271659553050995,3.546773672103882,-0.4054065942764282
197.88999938964844,0.0,0.0,0.0,2.560779333114624,0.16420991718769073,-0.0550292432308197,3.704906463623047,-0.07995013147592545
476.00201416015625,0.0,0.0,0.0,1.859025239944458,2.747222661972046,-0.4561532735824585,3.2755985260009766,-0.21760936081409454
717.2579956054688,0.0,0.0,0.0,4.066959381103516,-1.4022188186645508,0.03419891372323036,4.556594371795654,0.031041057780385017
848.7100219726562,0.0,0.0,0.0,-0.556433916091919,-0.15632863342761993,-0.019750023260712624,1.6508409976959229,0.12464473396539688
589.8740234375,0.0,0.0,0.0,3.1190524101257324,0.7371217608451843,-0.3033827543258667,4.625113010406494,-0.3056880533695221
404.7139892578125,0.0,0.0,0.0,1.6060649156570435,-0.3685532510280609,0.32950323820114136,2.007852077484131,0.323714017868042
773.8900146484375,0.0,0.0,0.0,0.1543116271495819,0.03853574022650719,0.0627627745270729,3.303847074508667,-0.7157092690467834
410.72198486328125,0.0,0.0,0.0,2.548295259475708,-0.3973693251609802,0.0878903940320015,2.679919958114624,0.16906693577766418
216.35000610351562,0.0,0.0,0.0,2.2395858764648438,-0.6070412397384644,0.08144208788871765,2.271306276321411,0.10292830318212509
152.4340057373047,0.0,0.0,0.0,-0.7704989910125732,-1.7874802350997925,1.3890804052352905,3.9883365631103516,-0.726187527179718
724.8460083007812,0.0,0.0,0.0,1.3394651412963867,2.368316888809204,-0.6235678195953369,2.4592761993408203,-0.4328029155731201
450.43798828125,0.0,0.0,0.0,4.636039733886719,-0.5699386596679688,-0.012105749920010567,4.847135066986084,0.0118169616907835
898.1820068359375,0.0,0.0,0.0,4.074216842651367,0.9261391162872314,-0.12344563007354736,4.727873802185059,-0.15381698310375214
262.6780090332031,0.0,0.0,0.0,2.780622720718384,-0.7561661601066589,0.38692155480384827,3.657698631286621,0.4514859616756439
163.64199829101562,0.0,0.0,0.0,1.7066030502319336,0.08051934093236923,-0.0640750527381897,3.7695744037628174,0.7130545377731323
870.030029296875,0.0,0.0,0.0,1.777682900428772,-0.703571081161499,0.4027385115623474,2.3449883460998535,0.40186771750450134
776.6099853515625,0.0,0.0,0.0,2.4505276679992676,1.041243076324463,-0.6578772664070129,3.41806697845459,-0.7878817319869995
405.6260070800781,0.0,0.0,0.0,1.814328670501709,-0.6811108589172363,0.4416229724884033,2.363652467727661,0.4410960078239441
696.5139770507812,0.0,0.0,0.0,2.6887571811676025,1.1187900304794312,-0.14550432562828064,2.6736021041870117,-0.09023722261190414
743.4420166015625,0.0,0.0,0.0,4.430307865142822,-0.5155901312828064,0.2201608270406723,4.801312446594238,0.2519708573818207
939.3660278320312,0.0,0.0,0.0,4.0673089027404785,0.8672868013381958,-0.026852592825889587,4.45165491104126,-0.024732446298003197
226.0500030517578,0.0,0.0,0.0,3.546841621398926,-1.4971661567687988,0.10306171327829361,4.05103874206543,-0.005167701747268438
900.47802734375,0.0,0.0,0.0,4.312405586242676,0.7777345776557922,0.0019793356768786907,4.372298717498779,-0.05953173711895943
312.6780090332031,0.0,0.0,0.0,2.475416660308838,-1.9169591665267944,0.3933264911174774,4.551091194152832,0.0777226909995079
62.262001037597656,0.0,0.0,0.0,3.2165701389312744,1.6161953210830688,-0.5152879953384399,3.7996790409088135,-0.4120676815509796
200.64999389648438,0.0,0.0,0.0,3.699396848678589,0.2978266775608063,0.01160565484315157,3.7077319622039795,0.2190484255552292
180.9499969482422,0.0,0.0,0.0,1.040146827697754,0.02196897566318512,-0.20298320055007935,3.4948601722717285,0.8357492089271545
551.9619750976562,0.0,0.0,0.0,3.5470755100250244,2.1193549633026123,-0.3579176962375641,4.162153244018555,-0.35493895411491394
568.7100219726562,0.0,0.0,0.0,1.592599868774414,0.0612938217818737,-0.1886216700077057,4.2106122970581055,0.5559645295143127
686.7420043945312,0.0,0.0,0.0,0.7402212619781494,-2.910615921020508,0.4823639988899231,3.924192190170288,0.359890878200531
513.0460205078125,0.0,0.0,0.0,-0.6285740733146667,-0.16937939822673798,-0.048886917531490326,2.7585880756378174,-0.157039612531662
321.8299865722656,0.0,0.0,0.0,1.8303790092468262,-1.0354784727096558,0.40720364451408386,2.4364192485809326,0.38041502237319946
693.4099731445312,0.0,0.0,0.0,2.2426013946533203,-0.14837659895420074,-0.041790809482336044,3.8507893085479736,-0.5283536314964294
611.6220092773438,0.0,0.0,0.0,0.8210572600364685,3.3829188346862793,-0.5657321214675903,3.8094325065612793,0.013886287808418274
302.2619934082031,0.0,0.0,0.0,2.165578842163086,0.40366730093955994,0.28350579738616943,2.388335943222046,0.3584010601043701
284.8179931640625,0.0,0.0,0.0,4.404800891876221,0.2931935489177704,-0.07762101292610168,4.732604026794434,0.0026589741464704275
725.27001953125,0.0,0.0,0.0,1.0940988063812256,2.368858575820923,-0.6131597757339478,2.387260913848877,-0.2976721227169037
564.3699951171875,0.0,0.0,0.0,-1.381155014038086,0.04112175479531288,-0.5675098299980164,2.734684944152832,0.10821791738271713
112.99400329589844,0.0,0.0,0.0,1.759101390838623,0.45852920413017273,-0.528156042098999,2.2393603324890137,-0.5750603675842285
579.0900268554688,0.0,0.0,0.0,4.173248291015625,0.2645838260650635,0.010950474068522453,4.377776145935059,0.027037981897592545
342.2539978027344,0.0,0.0,0.0,0.44504135847091675,-1.5066856145858765,1.140672206878662,3.9071226119995117,-0.0872834324836731
256.0580139160156,0.0,0.0,0.0,0.7317165732383728,1.9440432786941528,-0.7409128546714783,2.0851402282714844,-0.517606258392334
759.0339965820312,0.0,0.0,0.0,3.3363773822784424,-0.1825498342514038,0.0010605966672301292,2.9567246437072754,0.12633129954338074
879.8619995117188,0.0,0.0,0.0,3.8925702571868896,-1.8262640237808228,0.07651644200086594,4.725340366363525,0.05271065607666969
178.3820037841797,0.0,0.0,0.0,-0.7622940540313721,0.3396930694580078,-0.9318387508392334,4.302562713623047,0.2450566440820694
366.7300109863281,0.0,0.0,0.0,3.0831410884857178,-1.2921396493911743,-0.25992733240127563,3.968235731124878,-0.2840687930583954
680.4500122070312,0.0,0.0,0.0,3.6851272583007812,-2.23311448097229,0.3777557909488678,4.633492469787598,0.28746867179870605
483.7300109863281,0.0,0.0,0.0,0.021946733817458153,0.03990277275443077,-0.1468951255083084,2.336962938308716,0.7475695013999939
212.71800231933594,0.0,0.0,0.0,2.0889835357666016,-0.45500636100769043,0.2369675189256668,2.6278531551361084,0.25525152683258057
735.030029296875,0.0,0.0,0.0,2.4452946186065674,-1.0205546617507935,0.13570702075958252,2.968409776687622,0.0961342453956604
524.1580200195312,0.0,0.0,0.0,1.334017276763916,1.2775471210479736,-0.6011911034584045,2.2446422576904297,-0.5804789066314697
735.9219970703125,0.0,0.0,0.0,2.743544816970825,-0.8316482901573181,0.06898211687803268,3.5454821586608887,0.060346569865942
807.2579956054688,0.0,0.0,0.0,4.267947196960449,-0.5361838936805725,-0.3746373951435089,4.1692118644714355,-0.4796891510486603
765.0499877929688,0.0,0.0,0.0,2.6795923709869385,-1.1757827997207642,0.40762221813201904,3.1128664016723633,0.29371699690818787
878.010009765625,0.0,0.0,0.0,3.6618199348449707,-2.0723979473114014,0.29493361711502075,4.511124610900879,0.2310417741537094
73.73799896240234,0.0,0.0,0.0,2.843092203140259,0.3858489394187927,-0.11008572578430176,2.5110092163085938,-0.04485641047358513
536.8779907226562,0.0,0.0,0.0,-0.2719822824001312,0.058115020394325256,0.131854847073555,1.4592316150665283,-0.20531921088695526
263.697998046875,0.0,0.0,0.0,3.0398082733154297,-1.132877230644226,0.145670086145401,3.921964406967163,-0.0709865540266037
62.15399932861328,0.0,0.0,0.0,3.286348581314087,1.528603196144104,-0.4782012104988098,3.554152250289917,-0.5143982172012329
194.94200134277344,0.0,0.0,0.0,-0.0003796526580117643,0.4444758892059326,-0.001211966504342854,0.0,0.0
454.91400146484375,0.0,0.0,0.0,3.0739264488220215,-2.0179383754730225,0.4714772403240204,2.7143001556396484,0.2609078288078308
558.6179809570312,0.0,0.0,0.0,2.239335775375366,2.5812320709228516,-0.3492886424064636,4.000688552856445,-0.28994864225387573
666.3300170898438,0.0,0.0,0.0,2.2402961254119873,-0.02324250154197216,0.062449418008327484,2.7209882736206055,0.1061258539557457
696.3820190429688,0.0,0.0,0.0,2.716223955154419,1.1487795114517212,-0.1613057553768158,2.5891897678375244,-0.09252528101205826
188.0500030517578,0.0,0.0,0.0,0.3445188105106354,0.03931821882724762,0.09729622304439545,3.037896156311035,-0.8364458084106445
257.1260070800781,0.0,0.0,0.0,-0.3898339867591858,1.3594564199447632,-1.451963186264038,2.6359686851501465,-0.2747586667537689
763.8259887695312,0.0,0.0,0.0,2.8439927101135254,-0.1878667175769806,0.37706729769706726,2.375427007675171,0.38338369131088257
343.2860107421875,0.0,0.0,0.0,-0.5181980729103088,-0.6083325147628784,1.2804800271987915,3.2590420246124268,-0.6579630970954895
531.1500244140625,0.0,0.0,0.0,0.8752117156982422,0.03988608717918396,-0.22585493326187134,2.723698616027832,1.0989331007003784
602.4459838867188,0.0,0.0,0.0,3.7789740562438965,2.2877204418182373,-0.366403192281723,4.5892510414123535,-0.24272795021533966
669.1420288085938,0.0,0.0,0.0,2.4347734451293945,-0.12916535139083862,-0.014747217297554016,2.6326024532318115,-0.10839390754699707
95.78600311279297,0.0,0.0,0.0,1.6194506883621216,-0.6759527921676636,0.42780447006225586,2.225717782974243,0.4900723397731781
515.989990234375,0.0,0.0,0.0,1.6325395107269287,-0.14261771738529205,-0.003177094040438533,3.048872947692871,-0.31255272030830383
631.9500122070312,0.0,0.0,0.0,-0.0009694268810562789,0.0008967270259745419,-0.0013119007926434278,0.0,0.0
131.6060028076172,0.0,0.0,0.0,1.5752930641174316,-1.6761970520019531,0.7570596933364868,2.340204954147339,0.6181298494338989
540.9099731445312,0.0,0.0,0.0,2.3268380165100098,0.08181165903806686,-0.1216108649969101,2.515758752822876,-0.21826952695846558
922.6380004882812,0.0,0.0,0.0,-1.6202237606048584,-2.5060555934906006,1.3418257236480713,4.273001194000244,0.14121924340724945
87.44999694824219,0.0,0.0,0.0,-1.5763487815856934,0.11014222353696823,-0.6211884617805481,3.0187809467315674,-0.06927894800901413
325.17401123046875,0.0,0.0,0.0,2.9616925716400146,-1.5183525085449219,0.33814263343811035,4.135775566101074,0.3229151666164398
906.7739868164062,0.0,0.0,0.0,2.326732873916626,1.308208703994751,-0.4197061061859131,3.342526435852051,-0.373678594827652
229.32200622558594,0.0,0.0,0.0,3.0676212310791016,-0.7234287858009338,0.05366082862019539,2.649590015411377,0.08252730965614319
159.24600219726562,0.0,0.0,0.0,0.9178500771522522,1.674626111984253,-1.0131871700286865,3.391361713409424,-0.745109498500824
264.89801025390625,0.0,0.0,0.0,3.5201075077056885,-0.4035857617855072,-0.16508668661117554,4.188578128814697,-0.21712945401668549
735.677978515625,0.0,0.0,0.0,2.640988826751709,-0.878452479839325,0.09741747379302979,3.4214279651641846,0.01897217147052288
123.04199981689453,0.0,0.0,0.0,1.2736406326293945,0.8107972145080566,-0.5380212068557739,1.7198066711425781,-0.503983736038208
702.97802734375,0.0,0.0,0.0,3.689100742340088,1.1227308511734009,-0.169602170586586,4.3744401931762695,-0.11950448155403137
590.9539794921875,0.0,0.0,0.0,3.5016531944274902,1.142533540725708,-0.2675595283508301,4.287899017333984,-0.21423804759979248
498.7820129394531,0.0,0.0,0.0,1.6750073432922363,0.6391276717185974,-0.3532790243625641,2.258897066116333,-0.21711251139640808
600.97802734375,0.0,0.0,0.0,4.207759380340576,1.5820640325546265,-0.18525005877017975,4.346195220947266,-0.2642914652824402
952.8939819335938,0.0,0.0,0.0,3.650282382965088,0.965690016746521,-0.26676422357559204,4.7295989990234375,-0.26788970828056335
632.4979858398438,0.0,0.0,0.0,-0.002024127636104822,0.00036706114769913256,0.0007526864646933973,0.0,0.0
547.9539794921875,0.0,0.0,0.0,3.3531219959259033,1.8022511005401611,-0.23921498656272888,4.597207069396973,-0.23083098232746124
329.5140075683594,0.0,0.0,0.0,4.09165096282959,0.8065593838691711,-0.2857016921043396,4.684319972991943,-0.27291029691696167
354.25,0.0,0.0,0.0,2.2284700870513916,-0.9328958988189697,0.42887082695961,2.950167417526245,0.5015446543693542
765.4099731445312,0.0,0.0,0.0,2.693770170211792,-1.3379350900650024,0.4078691899776459,3.53476619720459,0.33592042326927185
274.45001220703125,0.0,0.0,0.0,1.118897557258606,-0.21786725521087646,0.1040438860654831,1.4056159257888794,0.15047144889831543
273.19000244140625,0.0,0.0,0.0,1.9015161991119385,-0.5152233242988586,0.013351491652429104,0.0,0.0
175.8419952392578,0.0,0.0,0.0,1.3914579153060913,1.4114830493927002,-0.87116539478302,2.813603401184082,-0.9488645792007446
584.3140258789062,0.0,0.0,0.0,-1.1329903602600098,-0.42250296473503113,1.0313855409622192,3.7323403358459473,-0.22724094986915588
253.98599243164062,0.0,0.0,0.0,2.491692543029785,1.2074246406555176,-0.5025567412376404,2.401062488555908,-0.5194603800773621
606.3939819335938,0.0,0.0,0.0,3.0560903549194336,3.000541925430298,-0.201336070895195,4.277768611907959,0.03588859364390373
231.8820037841797,0.0,0.0,0.0,1.9319519996643066,-0.33114245533943176,0.16926485300064087,2.0305423736572266,0.21582821011543274
448.8139953613281,0.0,0.0,0.0,4.364802360534668,-0.6427979469299316,0.06659683585166931,4.8868303298950195,-0.0024262983351945877
485.98199462890625,0.0,0.0,0.0,1.6634390354156494,-0.6681990027427673,0.7961131930351257,2.6053762435913086,0.9185168147087097
260.9179992675781,0.0,0.0,0.0,1.4126771688461304,0.06121548265218735,-0.11977429687976837,3.294274091720581,0.43584686517715454
709.7100219726562,0.0,0.0,0.0,4.134232997894287,1.280584454536438,-0.20186612010002136,4.779919624328613,-0.3272847533226013
741.2979736328125,0.0,0.0,0.0,4.254889488220215,-0.09712590277194977,-0.0067429556511342525,4.506022930145264,-0.05811143293976784
560.1099853515625,0.0,0.0,0.0,1.75826895236969,2.761031150817871,-0.5338976383209229,3.413379192352295,-0.4783706068992615
217.2220001220703,0.0,0.0,0.0,2.0891404151916504,-0.4933057725429535,0.06542795896530151,2.1064810752868652,0.061596162617206573
648.0499877929688,0.0,0.0,0.0,4.265803337097168,1.0426301956176758,-0.4344356656074524,3.827589750289917,-0.5961849689483643
465.1659851074219,0.0,0.0,0.0,2.6088626384735107,-1.1417090892791748,0.2942325472831726,4.0136213302612305,0.35314807295799255
216.70199584960938,0.0,0.0,0.0,2.1845576763153076,-0.5705024003982544,0.08523842692375183,2.338289976119995,0.12453459948301315
938.5780029296875,0.0,0.0,0.0,3.9138238430023193,1.0854434967041016,-0.04796171933412552,4.36264181137085,-0.03127962723374367
399.5140075683594,0.0,0.0,0.0,-1.3605608940124512,-0.8293329477310181,1.3261257410049438,1.961220383644104,-0.6772168874740601
315.6180114746094,0.0,0.0,0.0,2.700467586517334,-2.427389621734619,0.39624691009521484,4.305210113525391,0.30232301354408264
612.2459716796875,0.0,0.0,0.0,-0.14383116364479065,3.1079955101013184,-0.8842648267745972,3.7280189990997314,0.007235070690512657
573.2459716796875,0.0,0.0,0.0,3.0418152809143066,-2.325165271759033,0.2762198746204376,4.523826599121094,0.05232756584882736
758.2100219726562,0.0,0.0,0.0,3.279188871383667,-0.5620916485786438,-0.10372549295425415,3.6509499549865723,-0.09792985767126083
504.20599365234375,0.0,0.0,0.0,4.066020488739014,0.7282722592353821,-0.32688838243484497,4.432461261749268,-0.32035642862319946
821.6539916992188,0.0,0.0,0.0,2.5964765548706055,2.047144889831543,-0.32743266224861145,3.946845531463623,-0.27539700269699097
862.9219970703125,0.0,0.0,0.0,3.2348005771636963,-0.27760934829711914,0.007656731642782688,0.0,0.0
579.822021484375,0.0,0.0,0.0,4.206671237945557,0.13662472367286682,0.025480512529611588,3.576904773712158,0.1543348729610443
144.4219970703125,0.0,0.0,0.0,1.9248075485229492,-0.6346139907836914,0.40176036953926086,1.7322155237197876,0.36369588971138
277.22601318359375,0.0,0.0,0.0,2.1475021839141846,-0.8032354116439819,0.4087804853916168,2.905569076538086,0.4358361065387726
856.8060302734375,0.0,0.0,0.0,3.3049468994140625,-0.638031005859375,0.15117835998535156,4.099079132080078,0.07969098538160324
177.0540008544922,0.0,0.0,0.0,0.5671048164367676,1.760563850402832,-1.0980719327926636,4.048516750335693,-0.5607949495315552
578.4140014648438,0.0,0.0,0.0,4.08119535446167,0.30843591690063477,-0.036292046308517456,4.755063533782959,0.06816738843917847
723.5419921875,0.0,0.0,0.0,3.2759671211242676,1.3634159564971924,-0.606712818145752,2.293515682220459,-0.5151779055595398
883.6060180664062,0.0,0.0,0.0,4.34119176864624,-1.1647931337356567,0.07172924280166626,4.748568534851074,0.10149531811475754
355.9179992675781,0.0,0.0,0.0,2.5028998851776123,-1.3494702577590942,0.3518567383289337,3.3539986610412598,0.30062252283096313
281.4700012207031,0.0,0.0,0.0,3.6152756214141846,-1.1162070035934448,0.01131093967705965,4.194054126739502,-0.043815676122903824
129.01800537109375,0.0,0.0,0.0,2.922999620437622,0.10835947841405869,0.18745601177215576,2.782806873321533,0.30316585302352905
876.5819702148438,0.0,0.0,0.0,3.969305992126465,-1.2379683256149292,0.273110955953598,4.476715087890625,0.264110267162323
174.8820037841797,0.0,0.0,0.0,1.5537525415420532,0.7558226585388184,-0.90472412109375,2.3522963523864746,-1.0646255016326904
520.6300048828125,0.0,0.0,0.0,2.229806661605835,0.6804656386375427,-0.27244874835014343,2.474269151687622,-0.31219837069511414
373.62200927734375,0.0,0.0,0.0,1.5277646780014038,-0.9099313616752625,0.3215161859989166,2.6604726314544678,0.19835057854652405
115.38999938964844,0.0,0.0,0.0,1.2014175653457642,1.5345213413238525,-0.7909870147705078,2.199873208999634,-0.5665932297706604
912.5020141601562,0.0,0.0,0.0,3.9201107025146484,1.5084139108657837,-0.14542394876480103,4.8184614181518555,-0.06976745277643204
60.81800079345703,0.0,0.0,0.0,3.385052442550659,0.8056108355522156,-0.10497695952653885,4.079986572265625,-0.08339261263608932
240.4219970703125,0.0,0.0,0.0,3.7985236644744873,-0.8823614120483398,0.09304908663034439,4.051819324493408,0.041494231671094894
185.8820037841797,0.0,0.0,0.0,-1.0079315900802612,0.012727340683341026,0.5595230460166931,3.716198682785034,-0.5964052081108093
879.7100219726562,0.0,0.0,0.0,3.844359874725342,-1.8971284627914429,0.09219501912593842,4.803223133087158,0.03203759714961052
302.82598876953125,0.0,0.0,0.0,2.269012689590454,-0.14132744073867798,0.4820042848587036,2.317887544631958,0.4672186076641083
367.22601318359375,0.0,0.0,0.0,3.379042387008667,-0.6628344655036926,-0.25015005469322205,3.561978816986084,-0.17366307973861694
762.8140258789062,0.0,0.0,0.0,3.007404088973999,0.1652170866727829,-0.18593192100524902,2.7020537853240967,0.026766903698444366
863.6420288085938,0.0,0.0,0.0,2.76049542427063,-0.2444632202386856,-0.005417284555733204,0.0,0.0
382.25,0.0,0.0,0.0,3.4279136657714844,-1.2589179277420044,-0.11014901101589203,3.0219480991363525,-0.3941427171230316
617.9539794921875,0.0,0.0,0.0,1.1141630411148071,0.0005534951342269778,-0.2187419980764389,3.0648353099823,0.8492136001586914
511.70599365234375,0.0,0.0,0.0,-1.251679539680481,-0.4103962182998657,-0.13197112083435059,3.24505615234375,0.6047756671905518
407.13800048828125,0.0,0.0,0.0,2.2598206996917725,-1.1247490644454956,0.3765451908111572,3.236511468887329,0.3603055775165558
745.4739990234375,0.0,0.0,0.0,4.162800312042236,-1.776432991027832,0.2458813190460205,4.010338306427002,0.3540903329849243
660.5579833984375,0.0,0.0,0.0,2.0565378665924072,0.853925347328186,-0.2472533881664276,2.3488612174987793,-0.19693750143051147
630.5460205078125,0.0,0.0,0.0,-0.01924763061106205,0.00041742579196579754,0.0023818728514015675,0.0,0.0
738.9180297851562,0.0,0.0,0.0,3.745089530944824,-0.4457685649394989,-0.042020272463560104,4.3009467124938965,-0.047877583652734756
93.5780029296875,0.0,0.0,0.0,1.3208496570587158,-0.3535138666629791,0.38744214177131653,1.67564857006073,0.4077538251876831
608.5499877929688,0.0,0.0,0.0,2.7520368099212646,2.8986759185791016,-0.4410077929496765,4.237022399902344,-0.37010180950164795
453.7860107421875,0.0,0.0,0.0,4.363285541534424,-0.8889345526695251,0.3263508379459381,3.459773302078247,0.2899879515171051
770.4660034179688,0.0,0.0,0.0,0.41551029682159424,-2.3018922805786133,0.822607159614563,3.422332763671875,0.2512438893318176
542.52197265625,0.0,0.0,0.0,2.4745230674743652,0.663702666759491,-0.26503467559814453,2.8557233810424805,-0.26423949003219604
712.6859741210938,0.0,0.0,0.0,4.17279052734375,0.9979783296585083,0.2690260410308838,4.165838241577148,0.43100711703300476
276.9179992675781,0.0,0.0,0.0,2.017493724822998,-0.7045994400978088,0.4202658236026764,2.8290631771087646,0.3949125409126282
529.5139770507812,0.0,0.0,0.0,-0.47623610496520996,0.10461116582155228,-0.4174388647079468,2.852688789367676,0.8406230211257935
468.27398681640625,0.0,0.0,0.0,3.8896312713623047,-0.9715203046798706,0.028161559253931046,4.879204273223877,0.02578236721456051
527.7620239257812,0.0,0.0,0.0,0.5817120671272278,1.7457447052001953,-1.048440933227539,4.253380298614502,0.1786586493253708
732.2540283203125,0.0,0.0,0.0,2.4784302711486816,-0.5918415784835815,0.4458564817905426,3.416606903076172,0.4956711232662201
472.6780090332031,0.0,0.0,0.0,4.211508750915527,1.2872463464736938,-0.1981847882270813,4.5031352043151855,-0.11151771247386932
706.8460083007812,0.0,0.0,0.0,4.241916656494141,0.99964439868927,-0.0016590853920206428,5.041037559509277,-0.05864119157195091
62.858001708984375,0.0,0.0,0.0,2.9639148712158203,2.059912919998169,-0.4799313247203827,3.787834882736206,-0.3236117959022522
180.1699981689453,0.0,0.0,0.0,0.2868327498435974,-0.03197740763425827,-0.07877331227064133,3.708688974380493,0.6866243481636047
423.0459899902344,0.0,0.0,0.0,2.229456663131714,-2.65244722366333,0.38786205649375916,3.7318766117095947,0.2238234281539917
647.4459838867188,0.0,0.0,0.0,4.592775821685791,0.4203434884548187,-0.09626270085573196,4.222558975219727,-0.32029473781585693
733.1259765625,0.0,0.0,0.0,2.5550191402435303,-1.1523553133010864,0.39526432752609253,2.8329734802246094,0.2900371849536896
714.1699829101562,0.0,0.0,0.0,3.8748397827148438,-1.4179641008377075,0.3935762047767639,4.3232245445251465,0.2593191862106323
407.7900085449219,0.0,0.0,0.0,2.498558521270752,-1.2581661939620972,0.35779833793640137,3.8827879428863525,0.337222695350647
838.5780029296875,0.0,0.0,0.0,0.5404531955718994,0.027776610106229782,0.08144635707139969,3.000361442565918,-0.45780718326568604
593.197998046875,0.0,0.0,0.0,3.5574347972869873,1.0558820962905884,-0.10298453271389008,3.953845500946045,-0.1582844853401184
218.41799926757812,0.0,0.0,0.0,2.027709722518921,-0.3707829415798187,0.07052294909954071,2.6283681392669678,0.11119554191827774
718.3099975585938,0.0,0.0,0.0,4.155202865600586,-0.9498129487037659,-0.018216604366898537,4.4165358543396,-0.021189024671912193
397.7619934082031,0.0,0.0,0.0,1.046812891960144,-2.694352626800537,0.5944251418113708,3.2303569316864014,-0.5477147102355957
407.2380065917969,0.0,0.0,0.0,2.2985596656799316,-1.140640139579773,0.38519299030303955,3.3780853748321533,0.35713425278663635
392.8699951171875,0.0,0.0,0.0,2.758542776107788,-1.0256930589675903,0.5626129508018494,3.966034173965454,0.5898101925849915
580.8179931640625,0.0,0.0,0.0,3.376328706741333,-0.7373711466789246,0.5099669694900513,2.387907028198242,0.6986128687858582
437.885986328125,0.0,0.0,0.0,-0.43700096011161804,0.06329154223203659,-0.578942596912384,2.093400239944458,0.8303923010826111
414.8940124511719,0.0,0.0,0.0,3.5110270977020264,-1.0258499383926392,0.11437905579805374,4.384472370147705,0.04543120414018631
393.6300048828125,0.0,0.0,0.0,2.756948471069336,-1.6607407331466675,0.5334243774414062,4.257204055786133,0.49328482151031494
942.510009765625,0.0,0.0,0.0,1.241310715675354,3.184199333190918,-0.6918191313743591,4.119935989379883,0.14669030904769897
737.7780151367188,0.0,0.0,0.0,3.402350664138794,-0.5891354084014893,0.01280271727591753,4.017972469329834,0.03232504054903984
77.0780029296875,0.0,0.0,0.0,1.5113146305084229,0.5247963666915894,-0.4389437139034271,1.4772628545761108,-0.35378971695899963
431.04998779296875,0.0,0.0,0.0,-0.14229078590869904,0.05488341301679611,0.02620680443942547,2.433734178543091,-0.9234428405761719
849.0419921875,0.0,0.0,0.0,-0.3759353458881378,-0.11175569891929626,0.011779941618442535,1.5922602415084839,0.08899946510791779
751.6099853515625,0.0,0.0,0.0,-0.9550295472145081,0.32216835021972656,-0.0054792724549770355,4.605876445770264,-0.23081406950950623
782.4420166015625,0.0,0.0,0.0,-0.301223486661911,-0.13474330306053162,-0.006275402847677469,1.6045188903808594,0.11646082252264023
517.7579956054688,0.0,0.0,0.0,2.563246965408325,0.5909671187400818,-0.278077095746994,2.867497444152832,-0.22240814566612244
849.2420043945312,0.0,0.0,0.0,-0.26832252740859985,-0.09560083597898483,0.003892372827976942,1.7708849906921387,0.08269651979207993
764.5780029296875,0.0,0.0,0.0,2.6976735591888428,-0.8920008540153503,0.45068591833114624,3.279170274734497,0.4329509437084198
873.8939819335938,0.0,0.0,0.0,3.0702269077301025,-1.5779989957809448,0.22631201148033142,4.380870342254639,0.09978461265563965
727.06201171875,0.0,0.0,0.0,-0.5175263285636902,1.5803974866867065,-1.3170268535614014,2.684391498565674,-0.057624898850917816
926.5700073242188,0.0,0.0,0.0,-0.5762041211128235,0.15415741503238678,0.025889385491609573,4.510236740112305,-0.16208814084529877
149.4499969482422,0.0,0.0,0.0,2.172337055206299,-2.029815196990967,0.5262964367866516,4.26349401473999,0.21884125471115112
136.07400512695312,0.0,0.0,0.0,0.17416231334209442,0.01715506799519062,0.1491459310054779,1.798136830329895,-0.5745930671691895
877.6380004882812,0.0,0.0,0.0,3.7319395542144775,-1.9164491891860962,0.37223556637763977,4.554346084594727,0.30353492498397827
179.82200622558594,0.0,0.0,0.0,0.01865258254110813,-0.02931073121726513,-0.053019147366285324,3.4024455547332764,0.7060073018074036
753.0139770507812,0.0,0.0,0.0,-0.22583186626434326,0.09770848602056503,0.014938941225409508,3.243563652038574,0.4699423909187317
702.0460205078125,0.0,0.0,0.0,3.4005677700042725,1.2023098468780518,-0.14244450628757477,4.394763469696045,-0.0879690870642662
148.76199340820312,0.0,0.0,0.0,2.242253541946411,-1.6742712259292603,0.5299145579338074,3.993364095687866,0.43953937292099
550.02197265625,0.0,0.0,0.0,3.7062320709228516,1.8564491271972656,-0.19696901738643646,4.930206298828125,-0.21836376190185547
695.8140258789062,0.0,0.0,0.0,2.828497886657715,1.1521817445755005,-0.20566178858280182,3.073505163192749,-0.1742977797985077
799.75,0.0,0.0,0.0,3.8561975955963135,-1.9743704795837402,0.19980400800704956,4.792469024658203,0.22264401614665985
709.614013671875,0.0,0.0,0.0,4.144759654998779,1.2470715045928955,-0.22430111467838287,4.449216842651367,-0.305336594581604
950.2420043945312,0.0,0.0,0.0,1.5457698106765747,-0.025270896032452583,0.07423704117536545,4.281898021697998,-0.3232268989086151
78.11799621582031,0.0,0.0,0.0,1.4703954458236694,0.6717708110809326,-0.451083779335022,1.8199197053909302,-0.40272143483161926
772.02197265625,0.0,0.0,0.0,-1.0076379776000977,-0.16211917996406555,0.5876436233520508,3.6742749214172363,-0.3010959327220917
520.3820190429688,0.0,0.0,0.0,2.278855800628662,0.6424161791801453,-0.23946702480316162,2.3382136821746826,-0.2794550359249115
954.8619995117188,0.0,0.0,0.0,2.7677412033081055,2.381568193435669,-0.6942355632781982,3.275568723678589,-0.5421488881111145
720.1619873046875,0.0,0.0,0.0,4.291706085205078,-0.284589558839798,-0.017903748899698257,4.6716508865356445,0.012260623276233673
629.510009765625,0.0,0.0,0.0,0.683009684085846,0.18817497789859772,-0.023062070831656456,0.0,0.0
705.614013671875,0.0,0.0,0.0,4.048733234405518,1.340624451637268,-0.09416653960943222,4.870133399963379,-0.04822543263435364
492.57000732421875,0.0,0.0,0.0,0.3646411597728729,0.04295359179377556,0.17159751057624817,2.0563626289367676,-0.598853349685669
497.9460144042969,0.0,0.0,0.0,1.4316586256027222,0.6128385663032532,-0.29059669375419617,1.7888230085372925,-0.2976789176464081
518.3140258789062,0.0,0.0,0.0,2.5506865978240967,0.7336721420288086,-0.3065633773803711,2.5776193141937256,-0.1692465990781784
355.3219909667969,0.0,0.0,0.0,2.407200336456299,-1.303648829460144,0.3581165671348572,3.4732413291931152,0.4230490028858185
487.114013671875,0.0,0.0,0.0,1.6674420833587646,-1.436572551727295,0.7718189358711243,3.0047640800476074,0.6622796058654785
420.6780090332031,0.0,0.0,0.0,3.2188243865966797,-2.026400089263916,0.38386058807373047,3.6278979778289795,0.37759020924568176
533.3179931640625,0.0,0.0,0.0,1.5201821327209473,-1.4664608240127563,0.8808029890060425,2.907684326171875,0.8060885667800903
795.9979858398438,0.0,0.0,0.0,4.126647472381592,-1.0612068176269531,0.20339833199977875,4.483556270599365,0.278767466545105
925.3300170898438,0.0,0.0,0.0,-1.2138276100158691,0.43216609954833984,0.08649828284978867,4.100268363952637,-0.3074375092983246
103.64199829101562,0.0,0.0,0.0,3.9902467727661133,-0.7270612716674805,0.1419181078672409,3.7615861892700195,0.15547123551368713
209.21400451660156,0.0,0.0,0.0,0.7472862601280212,-0.05152612179517746,0.08760450780391693,1.5932605266571045,-0.263624906539917
706.1820068359375,0.0,0.0,0.0,4.145730972290039,1.2141749858856201,-0.0522419773042202,4.747030735015869,0.009452346712350845
87.24199676513672,0.0,0.0,0.0,-1.6345118284225464,0.3978363573551178,-0.8777817487716675,3.0814194679260254,-0.27813443541526794
655.9099731445312,0.0,0.0,0.0,1.5568023920059204,0.5435892939567566,-0.39924490451812744,1.7610708475112915,-0.3648589253425598
561.8779907226562,0.0,0.0,0.0,0.8684667348861694,2.7713840007781982,-0.5125414729118347,2.4239885807037354,-0.10989207774400711
649.02197265625,0.0,0.0,0.0,3.087491512298584,2.58717942237854,-0.6449065208435059,3.8831067085266113,-0.2253919392824173
134.53799438476562,0.0,0.0,0.0,-0.7459063529968262,-0.46644267439842224,1.2577548027038574,1.696660041809082,-0.47567981481552124
857.7100219726562,0.0,0.0,0.0,3.640733242034912,-0.5472961068153381,0.12655116617679596,4.256211757659912,0.08097732812166214
691.4660034179688,0.0,0.0,0.0,0.20303450524806976,0.026267992332577705,0.02373765967786312,3.835679054260254,-0.6592398881912231
833.3099975585938,0.0,0.0,0.0,-0.6195850372314453,-2.600623369216919,1.2668887376785278,2.710127830505371,-0.7858439087867737
335.9179992675781,0.0,0.0,0.0,3.6474380493164062,-1.0429054498672485,0.0394023098051548,3.253821849822998,0.09921477735042572
567.7620239257812,0.0,0.0,0.0,0.6058245897293091,-0.014464899897575378,-0.0366969108581543,3.9753427505493164,0.419702410697937
55.31399917602539,0.0,0.0,0.0,-0.0009821250569075346,0.00019261364650446922,-0.001419833512045443,0.0,0.0
548.197998046875,0.0,0.0,0.0,3.408820152282715,1.8207443952560425,-0.2694619596004486,4.840465545654297,-0.2768538296222687
123.68599700927734,0.0,0.0,0.0,1.316238522529602,0.826789140701294,-0.5438732504844666,1.870029330253601,-0.5911116600036621
419.8219909667969,0.0,0.0,0.0,3.6107890605926514,-1.7947101593017578,0.26644906401634216,3.9493067264556885,0.24329890310764313
903.3099975585938,0.0,0.0,0.0,3.4943442344665527,0.3612001836299896,0.02920142002403736,2.7751481533050537,-0.015977924689650536
899.781982421875,0.0,0.0,0.0,4.294951438903809,0.945929229259491,-0.0181953813880682,4.804640769958496,-0.041911814361810684
809.9420166015625,0.0,0.0,0.0,3.570632219314575,1.7945451736450195,-0.16777166724205017,3.6636509895324707,-0.026139093562960625
687.2420043945312,0.0,0.0,0.0,0.392792284488678,-2.699568271636963,0.6249079704284668,4.732645511627197,0.2973213493824005
297.8139953613281,0.0,0.0,0.0,3.1194698810577393,-1.0226739645004272,0.19142089784145355,4.259612560272217,0.09032689779996872
711.3380126953125,0.0,0.0,0.0,3.927994728088379,1.876200556755066,-0.22257865965366364,4.45235538482666,-0.0116228386759758
267.0459899902344,0.0,0.0,0.0,3.5993189811706543,0.7679628729820251,-0.10417159646749496,3.4901530742645264,0.0015253359451889992
255.67799377441406,0.0,0.0,0.0,0.9606988430023193,1.9475748538970947,-0.7816316485404968,1.9497207403182983,-0.5718029141426086
800.7739868164062,0.0,0.0,0.0,3.8766415119171143,-1.9920666217803955,0.20015469193458557,5.056478977203369,0.17286130785942078
743.9459838867188,0.0,0.0,0.0,4.377262592315674,-0.9646804332733154,0.30405741930007935,4.549084186553955,0.2541090250015259
537.3380126953125,0.0,0.0,0.0,0.053245846182107925,0.04784250631928444,0.14068013429641724,1.4412039518356323,-0.21843606233596802
873.6420288085938,0.0,0.0,0.0,2.9769649505615234,-1.5775593519210815,0.28048175573349,4.313177585601807,0.09163516759872437
530.0139770507812,0.0,0.0,0.0,-0.17286276817321777,0.006748509127646685,-0.14767736196517944,2.572270154953003,0.8763607740402222
478.2460021972656,0.0,0.0,0.0,1.2903566360473633,2.4746944904327393,-0.39918777346611023,3.2200136184692383,-0.32010671496391296
606.0499877929688,0.0,0.0,0.0,3.0133895874023438,3.0587852001190186,-0.25698938965797424,4.849954128265381,0.009392712265253067
809.5780029296875,0.0,0.0,0.0,3.555691957473755,1.8372342586517334,-0.21159131824970245,4.384475231170654,-0.11324882507324219
934.6380004882812,0.0,0.0,0.0,3.8975980281829834,0.7777668237686157,-0.14643292129039764,3.754277229309082,-0.2086394727230072
78.01399993896484,0.0,0.0,0.0,1.471501350402832,0.6683874726295471,-0.4837547242641449,1.7613581418991089,-0.4488753080368042
650.7379760742188,0.0,0.0,0.0,2.687485933303833,2.6479640007019043,0.034532591700553894,3.522012233734131,0.3304905295372009
558.1500244140625,0.0,0.0,0.0,2.242459774017334,2.554655075073242,-0.36042457818984985,4.135563850402832,-0.2068312019109726
692.6099853515625,0.0,0.0,0.0,1.3368982076644897,-0.08008594810962677,0.19623304903507233,3.6693716049194336,-0.6846597194671631
76.55400085449219,0.0,0.0,0.0,1.6450295448303223,0.37814053893089294,-0.3460486829280853,1.6651629209518433,-0.3118821978569031
208.1300048828125,0.0,0.0,0.0,-0.19645920395851135,0.026730116456747055,0.0008783902740105987,2.0122299194335938,-0.6969196796417236
718.0780029296875,0.0,0.0,0.0,4.1020612716674805,-1.0540039539337158,-0.011792374774813652,4.667606830596924,-0.03689281642436981
509.32598876953125,0.0,0.0,0.0,0.16848061978816986,2.846022129058838,-1.055329442024231,2.735433340072632,-0.4639929533004761
274.58599853515625,0.0,0.0,0.0,1.154504656791687,-0.2053813338279724,0.12447777390480042,1.4882681369781494,0.1501339077949524
174.3179931640625,0.0,0.0,0.0,1.4561693668365479,0.2812514007091522,-0.707487165927887,2.0805468559265137,-0.9110930562019348
70.63800048828125,0.0,0.0,0.0,2.572265863418579,-1.88076651096344,0.186857670545578,4.004349231719971,-0.15329815447330475
308.5899963378906,0.0,0.0,0.0,2.0937600135803223,-0.8823608756065369,0.4228934645652771,2.1687631607055664,0.425307959318161
53.66600036621094,0.0,0.0,0.0,-0.0009096754365600646,0.0002601369342301041,-0.00024507028865627944,0.0,0.0
615.0499877929688,0.0,0.0,0.0,-1.0882235765457153,-0.3135429918766022,-0.07933545112609863,2.8603551387786865,0.787294328212738
669.7459716796875,0.0,0.0,0.0,2.579819679260254,0.05686010792851448,-0.12438999861478806,3.063392162322998,-0.13377659022808075
142.1179962158203,0.0,0.0,0.0,2.464799165725708,-0.7623418569564819,0.10184730589389801,2.499878168106079,0.061815295368433
535.4819946289062,0.0,0.0,0.0,-0.7356593608856201,-0.8880888819694519,1.6270073652267456,1.396437406539917,-0.22196125984191895
743.1099853515625,0.0,0.0,0.0,4.467525959014893,-0.264759361743927,0.15601035952568054,4.421787738800049,0.2619416415691376
120.1780014038086,0.0,0.0,0.0,1.0832995176315308,0.18621987104415894,-0.280076801776886,1.8545799255371094,-0.4323689639568329
840.1099853515625,0.0,0.0,0.0,2.184252977371216,0.02670951746404171,-0.1279381811618805,3.4453680515289307,-0.2857232689857483
352.4259948730469,0.0,0.0,0.0,1.2750717401504517,-0.016407523304224014,-0.02725045010447502,2.2606914043426514,0.43689101934432983
500.84600830078125,0.0,0.0,0.0,3.0523223876953125,0.3929330110549927,-0.01466592401266098,3.8009731769561768,-0.0023415496107190847
853.0659790039062,0.0,0.0,0.0,0.41924849152565,-0.00013556706835515797,0.027036523446440697,1.4557737112045288,0.059458136558532715
754.22998046875,0.0,0.0,0.0,0.7206224799156189,0.06734057515859604,-0.14550967514514923,3.0530803203582764,0.5880325436592102
596.573974609375,0.0,0.0,0.0,3.812490701675415,1.174279808998108,-0.04746822640299797,4.4346489906311035,-0.04985007643699646
810.0419921875,0.0,0.0,0.0,3.551102876663208,1.7619092464447021,-0.15832172334194183,4.01669454574585,-0.08609913289546967
830.1939697265625,0.0,0.0,0.0,2.764183282852173,-2.3092920780181885,0.7582183480262756,3.2107739448547363,0.5497548580169678
363.7820129394531,0.0,0.0,0.0,2.9063942432403564,-2.156705379486084,0.7050227522850037,2.999330759048462,0.4915706515312195
217.55799865722656,0.0,0.0,0.0,2.005185604095459,-0.4590209424495697,0.054461508989334106,1.948379635810852,0.07627623528242111
294.1659851074219,0.0,0.0,0.0,1.7033849954605103,-0.7133438587188721,0.1813635379076004,2.0621657371520996,0.195833221077919
328.9700012207031,0.0,0.0,0.0,4.0893707275390625,0.24651363492012024,-0.34322142601013184,4.346192836761475,-0.29072311520576477
265.0780029296875,0.0,0.0,0.0,3.58752703666687,-0.27359819412231445,-0.2223258912563324,4.055259704589844,-0.15148700773715973
448.2179870605469,0.0,0.0,0.0,4.300196647644043,-0.6320661306381226,-0.0492570698261261,4.769223690032959,0.0531444326043129
252.8419952392578,0.0,0.0,0.0,2.630821943283081,0.297664076089859,-0.5444774627685547,2.841791868209839,-0.5189981460571289
333.14599609375,0.0,0.0,0.0,4.126621723175049,-1.040890097618103,0.24992306530475616,4.317516326904297,0.16379885375499725
940.64599609375,0.0,0.0,0.0,3.4340226650238037,1.7544935941696167,-0.6413459181785583,3.4480037689208984,-0.5933400392532349
462.29400634765625,0.0,0.0,0.0,1.6936218738555908,-0.3583970069885254,0.25878459215164185,2.039358377456665,0.3131782114505768
889.06201171875,0.0,0.0,0.0,-1.9830927848815918,0.4517124891281128,0.50723797082901,3.8451831340789795,-0.3117615282535553
555.0460205078125,0.0,0.0,0.0,2.438386917114258,2.6629443168640137,-0.34879544377326965,3.96452260017395,-0.27704814076423645
486.5740051269531,0.0,0.0,0.0,1.7117962837219238,-1.0876539945602417,0.7509751915931702,2.9130265712738037,0.7846675515174866
214.24600219726562,0.0,0.0,0.0,2.396115779876709,-0.7840361595153809,0.20599602162837982,2.8071744441986084,0.19028563797473907
126.64600372314453,0.0,0.0,0.0,1.7784274816513062,0.7759943604469299,-0.17560197412967682,2.711143970489502,-0.02217191830277443
80.18599700927734,0.0,0.0,0.0,2.083479881286621,0.9627045392990112,-0.43593350052833557,3.378267288208008,-0.4303637444972992
187.86199951171875,0.0,0.0,0.0,0.18330584466457367,0.04427570104598999,0.07909533381462097,3.2320139408111572,-0.8631887435913086
606.2420043945312,0.0,0.0,0.0,3.0373589992523193,3.0340352058410645,-0.23831282556056976,4.561487674713135,-0.017080774530768394
90.31800079345703,0.0,0.0,0.0,-0.12534266710281372,-0.057011138647794724,0.0017475171480327845,1.5423007011413574,-0.20679649710655212
232.64199829101562,0.0,0.0,0.0,1.941532850265503,-0.4585055112838745,0.3075285851955414,2.3111021518707275,0.3372117877006531
600.0900268554688,0.0,0.0,0.0,4.271530628204346,1.3230103254318237,-0.24600523710250854,4.494693279266357,-0.20063380897045135
318.5140075683594,0.0,0.0,0.0,3.2946107387542725,-0.1863180249929428,-0.48672083020210266,2.7011618614196777,-0.22092394530773163
833.510009765625,0.0,0.0,0.0,-1.1460362672805786,-2.2043662071228027,1.3838785886764526,2.349656343460083,-0.8645431399345398
450.2860107421875,0.0,0.0,0.0,4.6151227951049805,-0.5981279611587524,-0.015433942899107933,4.818110466003418,0.012183329090476036
299.9020080566406,0.0,0.0,0.0,3.076598644256592,0.23450100421905518,-0.6144086718559265,2.444946527481079,-0.5626266598701477
689.6099853515625,0.0,0.0,0.0,-0.9422324895858765,0.045424435287714005,0.2397317737340927,4.017725944519043,-0.551321804523468
308.697998046875,0.0,0.0,0.0,2.0500710010528564,-0.9224814772605896,0.4525996744632721,2.2162926197052,0.4047497510910034
76.34200286865234,0.0,0.0,0.0,1.7455841302871704,0.3197453022003174,-0.2571573257446289,1.5548362731933594,-0.3034948706626892
588.0859985351562,0.0,0.0,0.0,1.598109245300293,-0.1101505234837532,-0.05127016082406044,3.4805264472961426,-0.7100667357444763
406.0140075683594,0.0,0.0,0.0,1.9034194946289062,-0.8210648894309998,0.41709667444229126,2.5765693187713623,0.41332870721817017
139.45399475097656,0.0,0.0,0.0,2.3202877044677734,-0.5910664200782776,0.27726927399635315,2.7440242767333984,0.30152854323387146
338.98199462890625,0.0,0.0,0.0,1.2961876392364502,-1.4058383703231812,0.6335233449935913,1.9603993892669678,0.5135974884033203
747.614013671875,0.0,0.0,0.0,-0.023753324523568153,-3.6695170402526855,1.1212807893753052,3.5733633041381836,0.45599842071533203
824.8820190429688,0.0,0.0,0.0,2.5762672424316406,2.468930721282959,-0.24064891040325165,4.138340473175049,0.13578979671001434
296.2019958496094,0.0,0.0,0.0,2.4464735984802246,-0.8466447591781616,0.26489174365997314,3.163825035095215,0.2567945122718811
188.57400512695312,0.0,0.0,0.0,0.8790872693061829,-0.014305992051959038,0.25928181409835815,2.92486834526062,-0.8920015096664429
915.1380004882812,0.0,0.0,0.0,4.409840106964111,1.077097773551941,-0.05948050320148468,4.5911641120910645,0.01967262104153633
207.7740020751953,0.0,0.0,0.0,-0.39174705743789673,0.04580884799361229,0.00447299238294363,2.139833927154541,-0.8510857820510864
595.8820190429688,0.0,0.0,0.0,3.6655430793762207,1.2930549383163452,-0.14860381186008453,4.211635589599609,-0.06482575088739395
893.6420288085938,0.0,0.0,0.0,0.7981619238853455,0.004200230818241835,0.04889345169067383,4.456422328948975,-0.21226905286312103
68.61399841308594,0.0,0.0,0.0,2.350956678390503,-1.8278584480285645,0.4556789994239807,4.095405578613281,0.1664670705795288
436.5780029296875,0.0,0.0,0.0,-0.04192804917693138,1.5038806200027466,-1.4730069637298584,2.723886251449585,0.6510558724403381
541.9180297851562,0.0,0.0,0.0,2.411500930786133,0.47371503710746765,-0.2712152600288391,2.7434370517730713,-0.27092069387435913
530.6859741210938,0.0,0.0,0.0,0.39131516218185425,-0.0018432113574817777,-0.2380412220954895,2.599926233291626,0.9330584406852722
464.46600341796875,0.0,0.0,0.0,2.362334966659546,-0.9879659414291382,0.3735823333263397,3.2232725620269775,0.361683189868927
825.030029296875,0.0,0.0,0.0,2.6034493446350098,2.447490930557251,-0.21580879390239716,4.147656440734863,0.12216588854789734
535.9459838867188,0.0,0.0,0.0,-0.7834396958351135,-0.20593416690826416,0.9407122731208801,1.3701637983322144,-0.21608485281467438
69.94999694824219,0.0,0.0,0.0,2.3947336673736572,-2.0117223262786865,0.3103908598423004,4.145146369934082,-0.05186067149043083
783.5419921875,0.0,0.0,0.0,0.7180762887001038,-0.07053925842046738,-0.027933286502957344,1.6644679307937622,0.1267170011997223
141.3179931640625,0.0,0.0,0.0,2.5086376667022705,-0.8358142375946045,0.1878790706396103,2.6463980674743652,0.12437070161104202
453.093994140625,0.0,0.0,0.0,4.795527935028076,-0.394705593585968,0.07069312036037445,4.23965311050415,0.19867253303527832
166.5540008544922,0.0,0.0,0.0,2.412339210510254,-2.271007776260376,0.5630556344985962,4.538418292999268,0.2989192605018616
869.510009765625,0.0,0.0,0.0,1.6451811790466309,-0.542428195476532,0.4028848707675934,2.137037754058838,0.3882690370082855
325.6820068359375,0.0,0.0,0.0,3.085632085800171,-1.6159889698028564,0.3107796013355255,4.564813137054443,0.21463440358638763
664.1220092773438,0.0,0.0,0.0,0.3289269208908081,0.1593785136938095,0.02563924714922905,0.4560656249523163,0.0040029617957770824
862.1699829101562,0.0,0.0,0.0,3.7274088859558105,-0.2963770925998688,0.020531073212623596,0.0,0.0
641.5139770507812,0.0,0.0,0.0,4.061926364898682,0.8209809064865112,-0.012410156428813934,4.787844181060791,0.013566486537456512
683.8820190429688,0.0,0.0,0.0,2.0623369216918945,-3.2516911029815674,0.37753283977508545,3.7018332481384277,0.42923158407211304
737.510009765625,0.0,0.0,0.0,3.319380760192871,-0.6093982458114624,0.03024032898247242,4.148505687713623,0.0021577791776508093
430.9179992675781,0.0,0.0,0.0,-0.22268664836883545,0.06493771821260452,-0.01656852476298809,2.371368169784546,-0.9562473893165588
123.98200225830078,0.0,0.0,0.0,1.3493772745132446,0.8306160569190979,-0.49423617124557495,1.8054392337799072,-0.5662105679512024
254.25,0.0,0.0,0.0,2.3103713989257812,1.3571584224700928,-0.6144742369651794,2.19612979888916,-0.5362682342529297
679.5419921875,0.0,0.0,0.0,4.098924160003662,-1.8287633657455444,0.23560597002506256,4.445978164672852,0.2598118782043457
551.010009765625,0.0,0.0,0.0,3.8111135959625244,1.8657584190368652,-0.19621507823467255,4.477502822875977,-0.14553093910217285
119.14600372314453,0.0,0.0,0.0,0.08759128302335739,0.1670977920293808,-0.4961530566215515,1.8428113460540771,-0.4875776469707489
62.58599853515625,0.0,0.0,0.0,3.086236000061035,1.8887404203414917,-0.5059484243392944,3.9128997325897217,-0.3411676585674286
952.9940185546875,0.0,0.0,0.0,3.6777522563934326,1.024066686630249,-0.25818100571632385,4.574335098266602,-0.2622371315956116
534.8779907226562,0.0,0.0,0.0,0.07738130539655685,-1.6776881217956543,1.3277966976165771,1.609427809715271,-0.04696501046419144
349.8580017089844,0.0,0.0,0.0,-0.6550757884979248,0.44773799180984497,-1.219205379486084,1.8422924280166626,0.32358819246292114
322.5780029296875,0.0,0.0,0.0,2.0316712856292725,-1.0947736501693726,0.39170199632644653,2.93331241607666,0.43954819440841675
695.2100219726562,0.0,0.0,0.0,2.9496750831604004,1.0309168100357056,-0.34507161378860474,3.070936441421509,-0.1297399252653122
744.1500244140625,0.0,0.0,0.0,4.332777976989746,-1.1611626148223877,0.30192720890045166,4.948112964630127,0.2737588584423065
265.00201416015625,0.0,0.0,0.0,3.5583133697509766,-0.32131293416023254,-0.14774012565612793,4.250997066497803,-0.21925857663154602
729.1420288085938,0.0,0.0,0.0,-0.2929522395133972,-0.09399787336587906,-0.05512578412890434,2.8890380859375,0.44304171204566956
740.197998046875,0.0,0.0,0.0,4.07040548324585,-0.1862732321023941,-0.034172508865594864,4.564675331115723,-0.018936797976493835
848.4660034179688,0.0,0.0,0.0,-0.6899289488792419,-0.1895301192998886,-0.038896143436431885,1.9961832761764526,0.11413160711526871
380.4339904785156,0.0,0.0,0.0,2.8127567768096924,-1.2664474248886108,0.2873048186302185,3.961854934692383,0.2694414258003235
206.6820068359375,0.0,0.0,0.0,-0.9746575355529785,0.12765513360500336,0.27067869901657104,2.4096243381500244,-0.7989294528961182
596.218017578125,0.0,0.0,0.0,3.725346088409424,1.2538787126541138,-0.09529640525579453,4.441957950592041,-0.01401935052126646
658.677978515625,0.0,0.0,0.0,1.8751944303512573,0.7668595910072327,-0.41470178961753845,2.2652714252471924,-0.3120332658290863
462.19000244140625,0.0,0.0,0.0,1.6689879894256592,-0.33642861247062683,0.25691717863082886,1.9573848247528076,0.26586878299713135
785.0579833984375,0.0,0.0,0.0,1.4752458333969116,-0.23363390564918518,0.1293478161096573,1.5138362646102905,0.12452682852745056
742.1300048828125,0.0,0.0,0.0,4.4197564125061035,-0.06804943084716797,-0.0029856725595891476,4.743021488189697,0.013595868833363056
527.4219970703125,0.0,0.0,0.0,0.8939275145530701,1.768152117729187,-0.8751987218856812,4.483362197875977,-0.04740425571799278
709.8460083007812,0.0,0.0,0.0,4.1243510246276855,1.3214067220687866,-0.23272886872291565,4.54850435256958,-0.25710079073905945
887.7780151367188,0.0,0.0,0.0,-1.177848219871521,-2.640772819519043,1.4185125827789307,4.0777812004089355,0.13320724666118622
612.75,0.0,0.0,0.0,-1.379095435142517,2.244617223739624,-1.1616311073303223,3.8040950298309326,0.1509278118610382
439.6059875488281,0.0,0.0,0.0,1.1146199703216553,0.05797839164733887,0.16690561175346375,1.894471526145935,0.6634793877601624
465.5740051269531,0.0,0.0,0.0,2.7951579093933105,-1.2138221263885498,0.28255462646484375,4.019985675811768,0.2563164532184601
484.3500061035156,0.0,0.0,0.0,0.5828055739402771,0.0591202937066555,-0.24289898574352264,2.197904348373413,0.8423417806625366
852.0460205078125,0.0,0.0,0.0,-0.00209307880140841,-0.0005023126723244786,0.0012167594395577908,0.0,0.0
259.64599609375,0.0,0.0,0.0,0.1437845379114151,-0.014106018468737602,-0.05045989900827408,2.446169376373291,0.2813188433647156
865.166015625,0.0,0.0,0.0,1.716251015663147,-0.16606320440769196,0.00916907750070095,0.0,0.0
480.54998779296875,0.0,0.0,0.0,0.8076937794685364,1.9444187879562378,-0.6045921444892883,3.1920597553253174,0.02239689789712429
314.114013671875,0.0,0.0,0.0,2.721963882446289,-2.164645195007324,0.25740745663642883,4.191737651824951,0.09050514549016953
399.10198974609375,0.0,0.0,0.0,-0.8005644083023071,-1.8203237056732178,1.458558201789856,2.354151964187622,-0.6636367440223694
772.9180297851562,0.0,0.0,0.0,-0.506671667098999,0.08073241263628006,0.14033013582229614,3.2146530151367188,-0.6520344614982605
268.25,0.0,0.0,0.0,3.45097017288208,0.03136390075087547,0.34685584902763367,3.7142646312713623,0.4111068844795227
354.0379943847656,0.0,0.0,0.0,2.1970865726470947,-0.8415520191192627,0.45773565769195557,2.7553229331970215,0.4568234086036682
542.2459716796875,0.0,0.0,0.0,2.4448916912078857,0.5855541825294495,-0.2974972724914551,2.692042589187622,-0.20246753096580505
236.95399475097656,0.0,0.0,0.0,3.2691750526428223,-1.1705604791641235,0.17161840200424194,4.1071553230285645,0.12010175734758377
322.7019958496094,0.0,0.0,0.0,2.0688202381134033,-1.1159111261367798,0.3859786093235016,3.293612241744995,0.4239307940006256
99.29399871826172,0.0,0.0,0.0,2.3780486583709717,-0.8937883377075195,0.2738973796367645,3.090749740600586,0.2841145396232605
832.4739990234375,0.0,0.0,0.0,0.8200545310974121,-3.050391674041748,0.5935927629470825,3.3213629722595215,-0.6262587904930115
496.53399658203125,0.0,0.0,0.0,1.4720327854156494,1.1513105630874634,-0.1970614492893219,1.3186496496200562,-0.026782266795635223
679.6900024414062,0.0,0.0,0.0,4.063145160675049,-1.8597452640533447,0.2508758306503296,4.394893169403076,0.367195188999176
640.1859741210938,0.0,0.0,0.0,3.741943120956421,1.1360704898834229,-0.08411544561386108,4.370431423187256,-0.031025763601064682
104.71800231933594,0.0,0.0,0.0,2.909414768218994,-1.7055302858352661,0.6898019909858704,2.5760114192962646,0.6238681674003601
148.85000610351562,0.0,0.0,0.0,2.2404286861419678,-1.7151916027069092,0.5269270539283752,4.140141487121582,0.3638749420642853
479.0820007324219,0.0,0.0,0.0,1.158322811126709,2.275691032409668,-0.40206730365753174,3.147230625152588,-0.13562297821044922
445.4460144042969,0.0,0.0,0.0,3.4908487796783447,-1.0284475088119507,0.12105967104434967,4.412806034088135,0.1286957710981369
622.510009765625,0.0,0.0,0.0,-1.1057132482528687,-1.426900863647461,1.509914517402649,4.175519943237305,-0.311663419008255
353.2820129394531,0.0,0.0,0.0,1.9688129425048828,-0.38486215472221375,0.39899834990501404,2.6101608276367188,0.4927586615085602
482.1659851074219,0.0,0.0,0.0,-0.48298925161361694,0.9366076588630676,-1.3200095891952515,3.3242924213409424,0.3361625373363495
199.3179931640625,0.0,0.0,0.0,3.296788215637207,0.297415554523468,-0.018324047327041626,4.009207248687744,-0.0971236303448677
930.97802734375,0.0,0.0,0.0,3.3494791984558105,0.17621134221553802,-0.10306867957115173,4.327332973480225,-0.1315820813179016
609.5139770507812,0.0,0.0,0.0,2.2690067291259766,3.2381508350372314,-0.42017966508865356,4.4287800788879395,-0.13570743799209595
910.1740112304688,0.0,0.0,0.0,3.522794246673584,1.5121194124221802,-0.11752288788557053,4.880281925201416,-0.029253115877509117
122.93800354003906,0.0,0.0,0.0,1.2734464406967163,0.8126266598701477,-0.5985435843467712,1.6910200119018555,-0.4924437999725342
376.01800537109375,0.0,0.0,0.0,1.9642137289047241,-0.9162956476211548,0.46496787667274475,2.083277702331543,0.40838366746902466
850.677978515625,0.0,0.0,0.0,0.31342995166778564,-0.03459247574210167,-0.04698774218559265,0.0,0.0
477.8500061035156,0.0,0.0,0.0,1.3567850589752197,2.551321506500244,-0.40574735403060913,3.1294026374816895,-0.3058313727378845
349.114013671875,0.0,0.0,0.0,-0.04979535564780235,1.3603183031082153,-1.4902667999267578,2.420994281768799,-0.05642418563365936
619.969970703125,0.0,0.0,0.0,2.2210071086883545,-1.4708634614944458,0.7685408592224121,3.458908796310425,0.7254639267921448
174.4219970703125,0.0,0.0,0.0,1.5014554262161255,0.3653295338153839,-0.7695426940917969,2.190951347351074,-0.980027973651886
934.3939819335938,0.0,0.0,0.0,3.9557597637176514,0.7324994802474976,-0.09359440207481384,3.8549675941467285,-0.14550621807575226
841.1619873046875,0.0,0.0,0.0,2.981494665145874,0.40413951873779297,-0.20903509855270386,4.142561912536621,-0.1365884393453598
63.09000015258789,0.0,0.0,0.0,2.861076593399048,2.176569700241089,-0.4570552706718445,3.879793882369995,-0.30022063851356506
763.5419921875,0.0,0.0,0.0,2.891014814376831,0.07614542543888092,0.2817613482475281,2.7050588130950928,0.3404811918735504
685.3820190429688,0.0,0.0,0.0,1.427380084991455,-3.242032766342163,0.4104088544845581,3.952446937561035,0.4138718545436859
940.7940063476562,0.0,0.0,0.0,3.2391958236694336,1.9665695428848267,-0.7021853923797607,3.461801052093506,-0.6172323226928711
775.177978515625,0.0,0.0,0.0,1.5135047435760498,-0.09513296186923981,0.09925664216279984,3.2311131954193115,-0.7434328198432922
146.9219970703125,0.0,0.0,0.0,1.9758002758026123,-1.0646083354949951,0.44887128472328186,2.926685094833374,0.5071169137954712
73.91400146484375,0.0,0.0,0.0,2.755901336669922,0.40716853737831116,-0.0859932228922844,2.6094818115234375,-0.06591125577688217
292.8739929199219,0.0,0.0,0.0,1.6421856880187988,-1.4982796907424927,0.08863633871078491,1.78176748752594,0.08108007907867432
227.28199768066406,0.0,0.0,0.0,3.6404857635498047,-1.1894557476043701,0.044902730733156204,3.4365131855010986,0.028984760865569115
464.6300048828125,0.0,0.0,0.0,2.4121689796447754,-1.0379667282104492,0.3397984802722931,3.5019948482513428,0.376716673374176
840.4500122070312,0.0,0.0,0.0,2.4828996658325195,0.1577947437763214,-0.1461912989616394,3.680053234100342,-0.19546939432621002
329.0419921875,0.0,0.0,0.0,4.087416172027588,0.338824987411499,-0.3653331398963928,4.597169876098633,-0.3045702874660492
624.7420043945312,0.0,0.0,0.0,-0.4243685007095337,0.13405589759349823,0.06566489487886429,2.5731780529022217,-0.6414259076118469
477.7179870605469,0.0,0.0,0.0,1.3815652132034302,2.589280843734741,-0.39814555644989014,3.183887243270874,-0.25936535000801086
636.14599609375,0.0,0.0,0.0,2.261303663253784,0.893256664276123,-0.37859266996383667,3.147812604904175,-0.35544443130493164
513.14599609375,0.0,0.0,0.0,-0.5828478336334229,-0.15448157489299774,0.05561042204499245,2.6629300117492676,-0.14729206264019012
823.4099731445312,0.0,0.0,0.0,2.5455923080444336,2.397836923599243,-0.3783247768878937,4.196378707885742,-0.2071765512228012
889.2659912109375,0.0,0.0,0.0,-1.8400384187698364,0.5616281032562256,0.43297049403190613,3.689332962036133,-0.38684678077697754
211.41400146484375,0.0,0.0,0.0,1.4862011671066284,-0.07589877396821976,0.16688258945941925,2.091466188430786,0.16715076565742493
361.98199462890625,0.0,0.0,0.0,4.235145568847656,-0.4444369971752167,0.02813544124364853,4.8627214431762695,-0.05694844573736191
430.2380065917969,0.0,0.0,0.0,-0.6109546422958374,0.13800175487995148,0.03843032568693161,2.186305046081543,-0.8452332019805908
787.4099731445312,0.0,0.0,0.0,1.585062026977539,-0.4185386002063751,0.23784351348876953,2.0091514587402344,0.2519523501396179
670.333984375,0.0,0.0,0.0,2.7741189002990723,0.2971614599227905,-0.17700162529945374,3.3675286769866943,-0.131045401096344
941.4660034179688,0.0,0.0,0.0,2.378969430923462,2.7147741317749023,-0.719321608543396,3.8291280269622803,-0.36143991351127625
145.8419952392578,0.0,0.0,0.0,1.6839181184768677,-0.9191319346427917,0.47069111466407776,2.2550742626190186,0.42594853043556213
273.9100036621094,0.0,0.0,0.0,1.3258581161499023,-0.30136364698410034,0.005620098207145929,0.8912601470947266,0.04523862153291702
522.5380249023438,0.0,0.0,0.0,1.832916259765625,1.0697983503341675,-0.5642144083976746,1.780358910560608,-0.450069397687912
322.1820068359375,0.0,0.0,0.0,1.9216392040252686,-1.0679805278778076,0.3762940764427185,2.645124673843384,0.43279558420181274
661.4819946289062,0.0,0.0,0.0,2.0554137229919434,0.813025951385498,-0.20891164243221283,2.2585155963897705,-0.14016516506671906
283.3219909667969,0.0,0.0,0.0,4.135736465454102,-0.09820464253425598,-0.050795454531908035,4.4410719871521,-0.03936628997325897
148.6540069580078,0.0,0.0,0.0,2.2451202869415283,-1.6368844509124756,0.5325778126716614,3.6478943824768066,0.3525112569332123
947.3939819335938,0.0,0.0,0.0,-0.5812780261039734,-0.08169355988502502,0.0053946832194924355,3.9848577976226807,-0.12183809280395508
760.9140014648438,0.0,0.0,0.0,2.648581027984619,-1.185603141784668,0.32370713353157043,2.9398252964019775,0.04285804554820061
100.93800354003906,0.0,0.0,0.0,3.08585786819458,-0.9053267240524292,0.139950230717659,3.9684720039367676,0.18800023198127747
459.4700012207031,0.0,0.0,0.0,1.7837504148483276,-0.5487222671508789,0.06656669825315475,1.880069613456726,0.051660194993019104
272.5459899902344,0.0,0.0,0.0,2.3806183338165283,-0.7517924308776855,0.04378393664956093,0.0,0.0
247.1060028076172,0.0,0.0,0.0,4.274364948272705,-0.8598578572273254,-0.052732594311237335,4.61293363571167,-0.15769129991531372
667.1820068359375,0.0,0.0,0.0,2.4834868907928467,-0.1187320351600647,0.10042679309844971,2.7454612255096436,0.07416175305843353
819.6820068359375,0.0,0.0,0.0,2.2918710708618164,2.062772274017334,-0.3337841331958771,4.2711639404296875,-0.09286008030176163
948.9420166015625,0.0,0.0,0.0,0.3330259323120117,0.0051306067034602165,-0.0030861846171319485,4.057411193847656,-0.25997090339660645
928.4340209960938,0.0,0.0,0.0,0.6953616738319397,0.04585607722401619,-0.03226565197110176,4.426680088043213,-0.2303256392478943
157.3179931640625,0.0,0.0,0.0,1.5154329538345337,0.6081786155700684,-0.8790858387947083,2.030222177505493,-0.8481493592262268
373.385986328125,0.0,0.0,0.0,1.3832416534423828,-0.9464966058731079,0.37456420063972473,2.584282875061035,0.2021392434835434
259.3819885253906,0.0,0.0,0.0,-0.04842069745063782,-0.014192534610629082,-0.007279041223227978,2.2685797214508057,0.2757355272769928
600.2100219726562,0.0,0.0,0.0,4.259090900421143,1.38795006275177,-0.22883762419223785,4.761020660400391,-0.12335309386253357
624.5339965820312,0.0,0.0,0.0,-0.5402450561523438,0.16291828453540802,0.06084289029240608,2.582585573196411,-0.8388471603393555
149.85000610351562,0.0,0.0,0.0,2.0568528175354004,-2.235139846801758,0.536227285861969,4.56320858001709,0.14734867215156555
648.677978515625,0.0,0.0,0.0,3.548060655593872,2.10162353515625,-0.6839904189109802,4.009651184082031,-0.5291455388069153
382.1099853515625,0.0,0.0,0.0,3.425511360168457,-1.3402698040008545,0.044675178825855255,3.422421455383301,-0.28891170024871826
864.7100219726562,0.0,0.0,0.0,2.0289244651794434,-0.18128539621829987,-0.0025719653349369764,0.0,0.0
629.197998046875,0.0,0.0,0.0,0.9329885840415955,0.22269852459430695,-0.03743300214409828,0.0,0.0
839.8820190429688,0.0,0.0,0.0,1.942015528678894,-0.017887156456708908,-0.08722006529569626,3.6100656986236572,-0.38220450282096863
656.6740112304688,0.0,0.0,0.0,1.4911445379257202,0.6533862948417664,-0.38667038083076477,1.8734395503997803,-0.36912429332733154
347.010009765625,0.0,0.0,0.0,1.422590970993042,1.057554006576538,-0.9152941107749939,2.3939208984375,-0.9801449775695801
622.7420043945312,0.0,0.0,0.0,-1.3638520240783691,-0.8444502949714661,1.330396294593811,3.931133270263672,-0.48070818185806274
642.93798828125,0.0,0.0,0.0,4.324536323547363,0.44577300548553467,0.01981751248240471,5.080894947052002,-0.03015211410820484
251.57400512695312,0.0,0.0,0.0,2.6071579456329346,-1.392596960067749,-0.12808869779109955,2.908311605453491,-0.2964259088039398
844.6820068359375,0.0,0.0,0.0,1.7138118743896484,2.482658624649048,-0.8584825992584229,3.1514716148376465,-0.6247552037239075
614.573974609375,0.0,0.0,0.0,-1.3686193227767944,-0.35805410146713257,-0.16108548641204834,2.911648750305176,0.6416650414466858
905.9099731445312,0.0,0.0,0.0,2.258796215057373,1.0592796802520752,-0.4599786102771759,2.8872618675231934,-0.4248846769332886
760.5419921875,0.0,0.0,0.0,2.7279367446899414,-1.048219919204712,0.4447373151779175,2.864492893218994,0.3106030225753784
445.0459899902344,0.0,0.0,0.0,3.2977471351623535,-1.0520875453948975,0.1452198177576065,4.330657482147217,0.15046800673007965
859.166015625,0.0,0.0,0.0,4.0790910720825195,-0.6651484370231628,0.01010830421000719,4.724472999572754,-0.04703550785779953
844.8140258789062,0.0,0.0,0.0,1.5410951375961304,2.5544114112854004,-0.8505904078483582,2.976986885070801,-0.5951188206672668
730.3779907226562,0.0,0.0,0.0,0.7045655250549316,-0.035818737000226974,-0.08671880513429642,3.4014346599578857,0.6390637159347534
419.32598876953125,0.0,0.0,0.0,3.7658276557922363,-1.7483346462249756,0.23558171093463898,4.21464729309082,0.24614453315734863
469.98199462890625,0.0,0.0,0.0,4.2893242835998535,-0.5563013553619385,-0.051667116582393646,4.993937015533447,-0.17279687523841858
892.0780029296875,0.0,0.0,0.0,-0.3388332426548004,0.08049754053354263,-0.00019144246471114457,3.4524765014648438,-0.5255857110023499
768.530029296875,0.0,0.0,0.0,1.890912413597107,-2.1487278938293457,0.653725266456604,3.036125898361206,0.46631690859794617
471.9339904785156,0.0,0.0,0.0,4.332710266113281,0.936010479927063,-0.22672751545906067,4.462106227874756,-0.22766467928886414
871.073974609375,0.0,0.0,0.0,2.055530309677124,-1.0103344917297363,0.4659442603588104,2.9427411556243896,0.46059298515319824
542.6300048828125,0.0,0.0,0.0,2.4858436584472656,0.6800114512443542,-0.28207534551620483,2.840766668319702,-0.312642902135849
498.0459899902344,0.0,0.0,0.0,1.4474174976348877,0.6070928573608398,-0.2971669137477875,1.8891156911849976,-0.34530389308929443
937.9500122070312,0.0,0.0,0.0,3.7689621448516846,1.307213544845581,-0.08062025159597397,4.486689567565918,-0.04565909132361412
188.8820037841797,0.0,0.0,0.0,1.209359884262085,-0.06118316575884819,0.15455113351345062,2.8424413204193115,-0.8728259205818176
511.2179870605469,0.0,0.0,0.0,-1.5205520391464233,-0.4142121970653534,-0.313028484582901,3.2459616661071777,0.49064111709594727
512.677978515625,0.0,0.0,0.0,-0.7978715896606445,-0.22582213580608368,-0.014087562449276447,2.8043525218963623,0.027789276093244553
350.1820068359375,0.0,0.0,0.0,-0.570597767829895,0.13997647166252136,-0.7537675499916077,1.7318675518035889,0.4002492427825928
446.2619934082031,0.0,0.0,0.0,3.8228042125701904,-0.9474340081214905,0.06323795020580292,4.418420791625977,0.021611034870147705
797.4500122070312,0.0,0.0,0.0,3.8621180057525635,-1.8853880167007446,0.30626845359802246,4.583169937133789,0.2398551106452942
215.75,0.0,0.0,0.0,2.325118064880371,-0.7084954977035522,0.10190747678279877,2.3709819316864014,0.052278462797403336
643.1939697265625,0.0,0.0,0.0,4.366334438323975,0.3882021903991699,0.005474027246236801,4.972417831420898,0.06160825490951538
521.1019897460938,0.0,0.0,0.0,2.1731462478637695,0.7706289291381836,-0.358591228723526,2.5555503368377686,-0.33729490637779236
564.9860229492188,0.0,0.0,0.0,-1.0706326961517334,-0.18757754564285278,-0.2059251219034195,2.8988006114959717,0.25716516375541687
590.1099853515625,0.0,0.0,0.0,3.2449352741241455,0.8628756999969482,-0.2780905067920685,4.220698833465576,-0.23447804152965546
576.6060180664062,0.0,0.0,0.0,4.041081428527832,-0.01291918009519577,-0.13095825910568237,4.2113165855407715,-0.025998741388320923
115.25800323486328,0.0,0.0,0.0,1.2500550746917725,1.51838219165802,-0.7654559016227722,2.1872453689575195,-0.5613273978233337
119.6500015258789,0.0,0.0,0.0,0.5563603639602661,0.1413821130990982,-0.24563230574131012,1.926915168762207,-0.5303903222084045
641.6099853515625,0.0,0.0,0.0,4.082139492034912,0.7851693034172058,0.00046374171506613493,4.806293487548828,-0.05558791384100914
417.84600830078125,0.0,0.0,0.0,4.1916422843933105,-0.8699654340744019,0.2530694603919983,4.323206424713135,0.32953763008117676
794.010009765625,0.0,0.0,0.0,4.065404891967773,-0.3563712239265442,-0.04533153772354126,4.742307186126709,0.06995614618062973
734.6420288085938,0.0,0.0,0.0,2.3697712421417236,-1.133090853691101,0.1529790461063385,2.701876401901245,0.11730176955461502
661.75,0.0,0.0,0.0,2.0225746631622314,0.7643554210662842,-0.19400286674499512,2.039560556411743,-0.11041536927223206
864.1300048828125,0.0,0.0,0.0,2.4309778213500977,-0.21840272843837738,-0.009609192609786987,0.0,0.0
794.510009765625,0.0,0.0,0.0,4.15301513671875,-0.3068767189979553,0.03769630938768387,4.782989978790283,0.20409348607063293
428.5140075683594,0.0,0.0,0.0,-1.5077764987945557,-0.31345614790916443,0.8173784613609314,2.9443929195404053,-0.7620538473129272
324.7699890136719,0.0,0.0,0.0,2.8636581897735596,-1.4019471406936646,0.33580687642097473,4.130797386169434,0.4419999420642853
358.5140075683594,0.0,0.0,0.0,3.503556728363037,-1.1866053342819214,0.10188364237546921,4.50510835647583,0.0625857338309288
444.5060119628906,0.0,0.0,0.0,2.992037296295166,-1.0409241914749146,0.19948650896549225,3.9903724193573,0.14368842542171478
332.1059875488281,0.0,0.0,0.0,4.237740516662598,0.012631181627511978,0.3454488217830658,4.31494665145874,0.18355365097522736
862.281982421875,0.0,0.0,0.0,3.6531872749328613,-0.2916368544101715,0.01177619956433773,0.0,0.0
257.9259948730469,0.0,0.0,0.0,-0.7651798725128174,0.26283174753189087,-0.7688939571380615,2.1774113178253174,0.24261979758739471
853.3980102539062,0.0,0.0,0.0,0.8208988308906555,-0.013566426001489162,-0.012069719843566418,1.8821638822555542,0.06165679544210434
385.91400146484375,0.0,0.0,0.0,0.9497731924057007,1.9751313924789429,-0.7340836524963379,2.228416681289673,-0.5175822377204895
816.7420043945312,0.0,0.0,0.0,2.1580917835235596,1.5548161268234253,-0.45622357726097107,3.4065210819244385,-0.3267262578010559
884.0579833984375,0.0,0.0,0.0,4.348682880401611,-1.1113286018371582,0.06474588066339493,4.805412292480469,0.11333734542131424
61.7859992980957,0.0,0.0,0.0,3.4260752201080322,1.190956473350525,-0.39877867698669434,3.7859063148498535,-0.47608792781829834
796.0819702148438,0.0,0.0,0.0,4.117364406585693,-1.1179234981536865,0.25429221987724304,4.60280704498291,0.2692621350288391
360.65399169921875,0.0,0.0,0.0,4.155760765075684,-0.7448095679283142,0.008845326490700245,4.716588020324707,0.024220788851380348
725.2020263671875,0.0,0.0,0.0,1.1279499530792236,2.367779016494751,-0.5871601700782776,2.215604066848755,-0.3133887052536011
745.8699951171875,0.0,0.0,0.0,3.9058215618133545,-2.0399787425994873,0.4580746591091156,3.3001351356506348,0.603001058101654
937.4739990234375,0.0,0.0,0.0,3.6947479248046875,1.4116284847259521,-0.15594527125358582,4.325006484985352,-0.10196349769830704
149.21800231933594,0.0,0.0,0.0,2.21297550201416,-1.9025362730026245,0.5272882580757141,4.144853591918945,0.35492661595344543
842.885986328125,0.0,0.0,0.0,3.7080492973327637,0.6234067678451538,-0.04612461104989052,3.8164615631103516,-0.1546650230884552
365.9460144042969,0.0,0.0,0.0,2.4312832355499268,-2.1313438415527344,0.06531274318695068,3.4810895919799805,-0.3000492453575134
189.1060028076172,0.0,0.0,0.0,1.4270654916763306,-0.05704754963517189,-0.0426861010491848,2.6882264614105225,-0.881127655506134
273.6499938964844,0.0,0.0,0.0,1.5582159757614136,-0.3710622787475586,0.007527118548750877,0.0,0.0
195.30999755859375,0.0,0.0,0.0,0.08367535471916199,0.23132243752479553,0.040904901921749115,0.7856281995773315,-0.00393635593354702
509.5820007324219,0.0,0.0,0.0,-0.4979686141014099,2.605543375015259,-1.3146188259124756,2.8228421211242676,-0.31154677271842957
140.88600158691406,0.0,0.0,0.0,2.5202670097351074,-0.8143414258956909,0.210126593708992,2.914639949798584,0.2201988250017166
583.2899780273438,0.0,0.0,0.0,0.11646855622529984,-2.115976095199585,1.1175919771194458,3.2952945232391357,0.3595810830593109
815.1099853515625,0.0,0.0,0.0,1.999272346496582,1.1035640239715576,-0.4837672710418701,2.5547986030578613,-0.4381283223628998
153.01400756835938,0.0,0.0,0.0,-1.3257924318313599,-0.5065060257911682,1.0345158576965332,3.0651133060455322,-0.8577970266342163
108.20600128173828,0.0,0.0,0.0,-1.407820701599121,-0.7309489846229553,1.1164506673812866,3.155311107635498,0.2066841423511505
701.677978515625,0.0,0.0,0.0,3.272641181945801,1.2499589920043945,-0.10819120705127716,4.023251056671143,-0.10139257460832596
692.8779907226562,0.0,0.0,0.0,1.64120352268219,-0.13083799183368683,0.16293607652187347,4.147104263305664,-0.6156918406486511
411.6260070800781,0.0,0.0,0.0,2.5719640254974365,-0.6276618242263794,0.2567904591560364,2.923874855041504,0.2609558403491974
955.06201171875,0.0,0.0,0.0,2.498903274536133,2.5851223468780518,-0.7137393355369568,3.3369715213775635,-0.5917737483978271
631.72998046875,0.0,0.0,0.0,-0.0020626725163310766,0.0012045558542013168,0.0006480789743363857,0.0,0.0
784.2659912109375,0.0,0.0,0.0,1.310093879699707,-0.12427301704883575,0.14113245904445648,1.5568066835403442,0.1141846626996994
882.8619995117188,0.0,0.0,0.0,4.272209644317627,-1.2506470680236816,0.09944064915180206,4.997593402862549,0.09447105973958969
650.47802734375,0.0,0.0,0.0,2.5718119144439697,2.837651014328003,-0.08562035858631134,3.485135793685913,0.25158873200416565
524.8740234375,0.0,0.0,0.0,1.3895325660705566,1.357783555984497,-0.5440683364868164,2.5609216690063477,-0.4971115291118622
125.96600341796875,0.0,0.0,0.0,1.3900212049484253,0.9474533796310425,-0.4929092824459076,2.1205503940582275,-0.2200440764427185
211.98599243164062,0.0,0.0,0.0,1.785888910293579,-0.231697678565979,0.22286871075630188,2.3845574855804443,0.284469872713089
583.7420043945312,0.0,0.0,0.0,-0.6918297410011292,-1.538267970085144,1.4480031728744507,3.4447150230407715,0.05309351906180382
482.6499938964844,0.0,0.0,0.0,-0.5593556761741638,0.3867994546890259,-0.8866274356842041,3.005709409713745,0.5555182099342346
714.0540161132812,0.0,0.0,0.0,3.919919013977051,-1.2825539112091064,0.41600483655929565,4.364559173583984,0.30402952432632446
303.2659912109375,0.0,0.0,0.0,2.157313823699951,-0.5750008225440979,0.603678286075592,2.200108528137207,0.5852911472320557
237.58999633789062,0.0,0.0,0.0,3.3525466918945312,-1.087943196296692,0.09106403589248657,3.7386667728424072,0.032681841403245926
471.0260009765625,0.0,0.0,0.0,4.41396427154541,0.24709655344486237,-0.2169564962387085,4.587716102600098,-0.23737235367298126
183.93800354003906,0.0,0.0,0.0,1.0869766473770142,-2.087120771408081,0.9720439314842224,3.6770262718200684,0.5178945660591125
295.84600830078125,0.0,0.0,0.0,2.306598663330078,-0.7764838933944702,0.29653483629226685,3.0870237350463867,0.3077322840690613
676.1820068359375,0.0,0.0,0.0,4.408964157104492,-0.35714685916900635,0.19169984757900238,4.5129876136779785,0.18315473198890686
342.0140075683594,0.0,0.0,0.0,0.667352557182312,-1.543127417564392,0.9901604056358337,3.780029773712158,-0.11880948394536972
769.3740234375,0.0,0.0,0.0,1.3410961627960205,-2.422274589538574,0.6232056021690369,3.0290322303771973,0.4214191734790802
331.51800537109375,0.0,0.0,0.0,4.20682430267334,0.7920563220977783,0.1872250884771347,4.598911762237549,0.33380135893821716
60.95399856567383,0.0,0.0,0.0,3.4269657135009766,0.8154151439666748,-0.10340645164251328,4.088956832885742,-0.1007615253329277
429.5299987792969,0.0,0.0,0.0,-0.994217574596405,0.20910398662090302,0.14815670251846313,2.4209136962890625,-1.045551061630249
525.25,0.0,0.0,0.0,1.4226101636886597,1.414300560951233,-0.5380227565765381,2.8439443111419678,-0.4243815243244171
701.0139770507812,0.0,0.0,0.0,2.9990434646606445,1.2827627658843994,-0.208333358168602,4.20797061920166,-0.18956710398197174
403.5060119628906,0.0,0.0,0.0,1.3147403001785278,-0.028007473796606064,-0.009822417981922626,1.7149020433425903,0.0737842470407486
778.2420043945312,0.0,0.0,0.0,1.583411455154419,2.517465114593506,-0.7486590147018433,3.984109878540039,-0.36495035886764526
546.6820068359375,0.0,0.0,0.0,3.118708372116089,1.6582456827163696,-0.3066195547580719,4.07979679107666,-0.29863685369491577
798.3699951171875,0.0,0.0,0.0,3.8018341064453125,-2.019761323928833,0.24802446365356445,4.682834148406982,0.19138625264167786
396.07000732421875,0.0,0.0,0.0,1.9416447877883911,-2.734503984451294,0.46091604232788086,4.232870101928711,-0.14510104060173035
503.36199951171875,0.0,0.0,0.0,4.030205249786377,0.13248178362846375,-0.08476632833480835,4.1222243309021,-0.26487815380096436
143.50999450683594,0.0,0.0,0.0,2.2585675716400146,-0.5536548495292664,0.0817517563700676,2.1791648864746094,0.062485307455062866
823.1019897460938,0.0,0.0,0.0,2.5674805641174316,2.339351177215576,-0.37407776713371277,4.425632476806641,-0.2981337308883667
538.3140258789062,0.0,0.0,0.0,1.1603143215179443,0.0016643801936879754,0.008770355023443699,2.2541236877441406,0.02354116179049015
659.3579711914062,0.0,0.0,0.0,2.001696825027466,0.8306776881217957,-0.3492630124092102,2.2422454357147217,-0.2939431667327881
812.2100219726562,0.0,0.0,0.0,3.19234299659729,0.9142483472824097,-0.012473894283175468,2.9209210872650146,-0.07712942361831665
282.4100036621094,0.0,0.0,0.0,3.918785572052002,-0.5434011816978455,-0.14335428178310394,4.542569160461426,-0.056921083480119705
421.08599853515625,0.0,0.0,0.0,2.9661896228790283,-2.2106106281280518,0.46030113101005554,3.393404960632324,0.37459656596183777
503.72601318359375,0.0,0.0,0.0,4.063963890075684,0.31955501437187195,-0.23644258081912994,4.252324104309082,-0.31369975209236145
298.6820068359375,0.0,0.0,0.0,3.4587512016296387,-1.028212308883667,0.12757544219493866,3.4382147789001465,-0.16327700018882751
919.4019775390625,0.0,0.0,0.0,3.957376003265381,-1.8388210535049438,0.2166256457567215,4.7044758796691895,0.08970391750335693
859.0659790039062,0.0,0.0,0.0,4.044391632080078,-0.675835907459259,0.03399978205561638,4.607661724090576,-0.03624524921178818
694.1939697265625,0.0,0.0,0.0,2.8704068660736084,0.36573824286460876,-0.37881341576576233,3.600372314453125,-0.3361768424510956
652.9739990234375,0.0,0.0,0.0,3.1004257202148438,0.09142307937145233,0.18067330121994019,2.7091360092163086,0.07614679634571075
289.34600830078125,0.0,0.0,0.0,2.0501370429992676,-2.946648597717285,0.4475706219673157,3.7816073894500732,0.1876237839460373
264.4419860839844,0.0,0.0,0.0,3.353320598602295,-0.7432275414466858,-0.09006993472576141,3.7656683921813965,-0.1532977819442749
856.5380249023438,0.0,0.0,0.0,3.1711161136627197,-0.5986841320991516,0.14154529571533203,3.9756243228912354,0.15713582932949066
438.0260009765625,0.0,0.0,0.0,-0.347275972366333,0.02804991975426674,-0.41084423661231995,2.2490503787994385,0.7829710841178894
112.33799743652344,0.0,0.0,0.0,1.3540462255477905,0.057643622159957886,-0.16751353442668915,2.4127702713012695,-0.6247987151145935
665.06201171875,0.0,0.0,0.0,1.2061344385147095,0.06666134297847748,0.056233957409858704,2.1450839042663574,0.041855789721012115
700.0180053710938,0.0,0.0,0.0,2.665182113647461,1.1768107414245605,-0.25998079776763916,3.6269547939300537,-0.21869616210460663
506.6860046386719,0.0,0.0,0.0,3.882073402404785,1.755232810974121,-0.14391212165355682,4.19452428817749,-0.1068059429526329
388.41400146484375,0.0,0.0,0.0,-0.6283130645751953,0.10744338482618332,-0.4482343792915344,3.4756412506103516,0.3712855875492096
713.9420166015625,0.0,0.0,0.0,3.973261594772339,-1.152136206626892,0.40789663791656494,4.065953731536865,0.42227834463119507
121.1780014038086,0.0,0.0,0.0,1.4277054071426392,0.5132561922073364,-0.5415077209472656,1.659448266029358,-0.42516204714775085
937.7379760742188,0.0,0.0,0.0,3.724882125854492,1.3503494262695312,-0.11671453714370728,4.5470709800720215,-0.03096896968781948
850.1939697265625,0.0,0.0,0.0,0.5320696234703064,-0.04544119909405708,-0.028944486752152443,1.6314367055892944,0.0613163560628891
730.093994140625,0.0,0.0,0.0,0.41994261741638184,-0.05447610095143318,-0.08799915760755539,3.169757843017578,0.5981284976005554
298.4859924316406,0.0,0.0,0.0,3.394237756729126,-1.0438846349716187,0.14772866666316986,4.487618923187256,0.11119949072599411
248.23399353027344,0.0,0.0,0.0,4.233407497406006,-0.2583538591861725,-0.06229067221283913,3.3034634590148926,0.12421968579292297
814.6740112304688,0.0,0.0,0.0,2.0743343830108643,0.9691506624221802,-0.4040651023387909,2.2416224479675293,-0.388470321893692
688.614013671875,0.0,0.0,0.0,-1.3124579191207886,-0.7645293474197388,0.9916147589683533,4.338524341583252,-0.20792755484580994
950.1380004882812,0.0,0.0,0.0,1.430431604385376,-0.0031593686435371637,0.06401558220386505,4.303521633148193,-0.2957610785961151
401.5820007324219,0.0,0.0,0.0,-0.35443249344825745,0.0596129447221756,-0.016758965328335762,2.002474308013916,-0.6095503568649292
359.64599609375,0.0,0.0,0.0,3.8892083168029785,-0.9806670546531677,0.05344915762543678,4.550332069396973,0.03675178065896034
843.8619995117188,0.0,0.0,0.0,3.0553510189056396,1.5425854921340942,-0.7875797748565674,2.9195845127105713,-0.7577583193778992
320.4859924316406,0.0,0.0,0.0,1.9914666414260864,-0.6087773442268372,0.5375749468803406,1.857427954673767,0.4157426059246063
672.1500244140625,0.0,0.0,0.0,3.3915600776672363,0.733687698841095,-0.08341502398252487,4.010966777801514,-0.026676516979932785
903.22998046875,0.0,0.0,0.0,3.5424320697784424,0.3622362017631531,-0.0037236055359244347,2.7492568492889404,0.010014809668064117
134.64199829101562,0.0,0.0,0.0,-0.7291789650917053,-0.33880868554115295,1.0895912647247314,1.9595283269882202,-0.5632696747779846
209.41799926757812,0.0,0.0,0.0,0.9497030973434448,-0.04149889945983887,-0.0002052867494057864,1.482710599899292,-0.16566339135169983
323.65399169921875,0.0,0.0,0.0,2.443039655685425,-1.2417253255844116,0.3116817772388458,3.635453701019287,0.2938898205757141
250.24200439453125,0.0,0.0,0.0,2.709864854812622,-1.9557403326034546,0.3926917612552643,2.9369888305664062,0.2096036970615387
411.7300109863281,0.0,0.0,0.0,2.580510377883911,-0.6729366183280945,0.26863378286361694,3.2013587951660156,0.23710986971855164
181.6540069580078,0.0,0.0,0.0,1.7739442586898804,0.05768356844782829,0.11779722571372986,3.3580574989318848,1.0663021802902222
549.8099975585938,0.0,0.0,0.0,3.6908509731292725,1.877824068069458,-0.1698445975780487,4.471891403198242,-0.26451829075813293
397.614013671875,0.0,0.0,0.0,1.150302529335022,-2.7268056869506836,0.5651386380195618,3.4448511600494385,-0.5110183954238892
644.2979736328125,0.0,0.0,0.0,4.557915210723877,0.17731401324272156,-0.014119225554168224,4.675112247467041,-0.04664105176925659
80.80999755859375,0.0,0.0,0.0,2.335681676864624,1.1123080253601074,-0.47370409965515137,3.382567882537842,-0.5046593546867371
385.0820007324219,0.0,0.0,0.0,1.451951265335083,1.833088755607605,-0.788642406463623,1.8902509212493896,-0.5469567179679871
137.6020050048828,0.0,0.0,0.0,1.6389936208724976,0.013918912038207054,0.08522339165210724,1.8875737190246582,0.1593644618988037
204.47000122070312,0.0,0.0,0.0,0.5121158361434937,-2.510871410369873,0.8977702260017395,3.7600667476654053,-0.022719455882906914
431.50201416015625,0.0,0.0,0.0,0.19877612590789795,0.04002568870782852,0.06774884462356567,2.3629937171936035,-0.9417179822921753
791.5700073242188,0.0,0.0,0.0,3.15919828414917,-1.262783408164978,0.20868007838726044,4.2758026123046875,0.08786800503730774
205.33799743652344,0.0,0.0,0.0,-1.0990365743637085,-1.4450981616973877,1.4604151248931885,3.4364099502563477,-0.3358913064002991
293.5299987792969,0.0,0.0,0.0,1.6476560831069946,-1.0064531564712524,0.07442395389080048,1.741539478302002,0.06093364581465721
697.5380249023438,0.0,0.0,0.0,2.440847635269165,0.8459805846214294,-0.13144177198410034,2.375149965286255,-0.10923051834106445
953.197998046875,0.0,0.0,0.0,3.719191789627075,1.113908052444458,-0.2549837529659271,4.870385646820068,-0.19134639203548431
347.8340148925781,0.0,0.0,0.0,1.141494870185852,1.4636811017990112,-0.8755197525024414,2.7699849605560303,-0.8540228009223938
920.5059814453125,0.0,0.0,0.0,3.2319862842559814,-2.412135362625122,0.6673999428749084,3.3291125297546387,0.6756198406219482
322.906005859375,0.0,0.0,0.0,2.15275502204895,-1.1463984251022339,0.3834690451622009,3.178839683532715,0.37295112013816833
187.61399841308594,0.0,0.0,0.0,-0.0051939222030341625,0.06377948075532913,0.027952831238508224,3.033986806869507,-0.9264516234397888
949.9019775390625,0.0,0.0,0.0,1.1851426362991333,0.004477380774915218,0.007088368758559227,4.472683906555176,-0.27039510011672974
640.4140014648438,0.0,0.0,0.0,3.7844133377075195,1.097731590270996,-0.07048461586236954,4.797600269317627,0.002333433600142598
186.67799377441406,0.0,0.0,0.0,-0.5706115961074829,0.12300904840230942,0.08928366750478745,2.9940507411956787,-0.7990773916244507
527.2219848632812,0.0,0.0,0.0,1.0403332710266113,1.7564417123794556,-0.8112618327140808,4.125913619995117,-0.0780271366238594
262.98199462890625,0.0,0.0,0.0,2.8676538467407227,-0.9517546892166138,0.36475080251693726,3.781517505645752,0.2646014392375946
70.85399627685547,0.0,0.0,0.0,2.6612749099731445,-1.787351131439209,0.13047091662883759,3.7812464237213135,-0.1742512434720993
119.45800018310547,0.0,0.0,0.0,0.35041695833206177,0.14221146702766418,-0.348408043384552,1.740299940109253,-0.385270893573761
721.5419921875,0.0,0.0,0.0,4.385430812835693,-0.058453865349292755,-0.001956764841452241,4.6437249183654785,0.023903219029307365
366.1180114746094,0.0,0.0,0.0,2.5469114780426025,-2.0204052925109863,-0.01733982004225254,3.3888773918151855,-0.3230818808078766
392.0740051269531,0.0,0.0,0.0,2.420710325241089,-0.15170560777187347,0.4069581627845764,3.6453564167022705,0.7128517627716064
891.0460205078125,0.0,0.0,0.0,-0.8643869757652283,0.23628227412700653,0.04321226105093956,3.342216968536377,-0.5434935092926025
80.70600128173828,0.0,0.0,0.0,2.3019943237304688,1.0830646753311157,-0.4715122878551483,3.40578031539917,-0.4568646252155304
476.7820129394531,0.0,0.0,0.0,1.588095784187317,2.7422547340393066,-0.3937023878097534,3.4063611030578613,-0.1994829773902893
688.0780029296875,0.0,0.0,0.0,-0.7634043097496033,-1.8824942111968994,1.1511083841323853,4.688657283782959,-0.051277801394462585
256.3500061035156,0.0,0.0,0.0,0.5395839810371399,1.8891936540603638,-0.8821114897727966,2.3220605850219727,-0.602647066116333
134.43800354003906,0.0,0.0,0.0,-0.7379609942436218,-0.6033875942230225,1.4154340028762817,1.9598884582519531,-0.5169052481651306
220.98599243164062,0.0,0.0,0.0,3.0701069831848145,-0.5622483491897583,0.10505139827728271,3.7668075561523438,0.07913850247859955
116.81800079345703,0.0,0.0,0.0,0.5996295213699341,1.445928692817688,-0.94651198387146,1.968986988067627,-0.6412291526794434
724.0339965820312,0.0,0.0,0.0,2.399893045425415,1.990097999572754,-0.8142091035842896,2.2154335975646973,-0.48630526661872864
575.4660034179688,0.0,0.0,0.0,3.936784267425537,-1.0756338834762573,-0.14985105395317078,4.49419641494751,-0.10558392107486725
495.56201171875,0.0,0.0,0.0,1.7788283824920654,1.3357704877853394,-0.5677793622016907,2.291335344314575,-0.39016398787498474
644.4979858398438,0.0,0.0,0.0,4.566476821899414,0.19862407445907593,-0.018508829176425934,4.969698429107666,-0.013225473463535309
859.2780151367188,0.0,0.0,0.0,4.119964599609375,-0.6456980109214783,0.0006014823447912931,4.564082145690918,0.005660997238010168
287.9779968261719,0.0,0.0,0.0,3.1969680786132812,-2.111806631088257,0.622709333896637,3.4215211868286133,0.3819122612476349
170.91000366210938,0.0,0.0,0.0,-1.0736993551254272,0.21701744198799133,0.24827510118484497,2.8028714656829834,-0.9668363928794861
390.70599365234375,0.0,0.0,0.0,1.019432783126831,0.03810254484415054,-0.13874951004981995,3.404515027999878,0.5816211700439453
301.1820068359375,0.0,0.0,0.0,2.005425453186035,1.320497989654541,-0.25838735699653625,2.162775754928589,-0.04834640398621559
440.5419921875,0.0,0.0,0.0,1.639501690864563,-0.5020596981048584,0.6376674175262451,1.9813897609710693,0.6556738615036011
549.9299926757812,0.0,0.0,0.0,3.696565628051758,1.8684580326080322,-0.1859321892261505,4.726523399353027,-0.20467031002044678
101.3499984741211,0.0,0.0,0.0,3.278902292251587,-0.91495281457901,0.12953418493270874,4.045341968536377,0.10546975582838058
880.9099731445312,0.0,0.0,0.0,4.189369201660156,-1.2949504852294922,0.06643275916576385,4.780158519744873,0.14114999771118164
677.3460083007812,0.0,0.0,0.0,4.389541149139404,-1.0781649351119995,0.24809567630290985,4.544389724731445,0.2959638237953186
618.97802734375,0.0,0.0,0.0,2.1260526180267334,-0.33261048793792725,0.5540745854377747,3.2535641193389893,0.8221826553344727
405.3500061035156,0.0,0.0,0.0,1.7676327228546143,-0.5750924348831177,0.4111912250518799,2.1713287830352783,0.42995285987854004
118.62200164794922,0.0,0.0,0.0,-0.2187347114086151,0.3403903543949127,-0.8623068928718567,1.6569569110870361,-0.46049466729164124
89.61799621582031,0.0,0.0,0.0,-0.49314185976982117,-0.09940648823976517,-0.007972151972353458,1.7956316471099854,-0.35764601826667786
711.8779907226562,0.0,0.0,0.0,3.982701539993286,1.778711199760437,-0.11605790257453918,4.875541687011719,0.12403789162635803
834.5339965820312,0.0,0.0,0.0,-1.7913614511489868,0.13152427971363068,0.5848650932312012,2.808943271636963,-0.4455418586730957
666.22998046875,0.0,0.0,0.0,2.1784098148345947,-0.024331649765372276,0.07886198908090591,2.8822171688079834,0.10543020814657211
690.5419921875,0.0,0.0,0.0,-0.4195954501628876,0.05872196704149246,-0.0033949126955121756,3.714111089706421,-0.6870413422584534
438.114013671875,0.0,0.0,0.0,-0.2887134850025177,0.015421760268509388,-0.3465800881385803,2.1763837337493896,0.8095598816871643
211.29400634765625,0.0,0.0,0.0,1.4234520196914673,-0.05120190978050232,0.14724361896514893,1.8778878450393677,0.1702815294265747
821.7860107421875,0.0,0.0,0.0,2.611534595489502,2.049234390258789,-0.34063607454299927,3.9305002689361572,-0.3059610426425934
175.9499969482422,0.0,0.0,0.0,1.3584784269332886,1.4587695598602295,-0.877839982509613,2.904644250869751,-0.9427390098571777
693.22998046875,0.0,0.0,0.0,2.0435001850128174,-0.16389727592468262,0.05614229664206505,3.788079261779785,-0.5028278827667236
501.6780090332031,0.0,0.0,0.0,3.4556686878204346,0.24271464347839355,0.05797240883111954,4.188751220703125,0.04199182614684105
840.2459716796875,0.0,0.0,0.0,2.30374813079834,0.0769806057214737,-0.16238515079021454,3.852630853652954,-0.24659745395183563
589.177978515625,0.0,0.0,0.0,2.7308692932128906,0.3609476685523987,-0.282408207654953,4.128627777099609,-0.3383128345012665
503.25,0.0,0.0,0.0,3.9905669689178467,0.10590782761573792,-0.04562145844101906,4.581943988800049,-0.2315835803747177
323.84600830078125,0.0,0.0,0.0,2.5220894813537598,-1.257812738418579,0.29499751329421997,3.8969433307647705,0.28636857867240906
860.3060302734375,0.0,0.0,0.0,4.363898277282715,-0.43505623936653137,-0.01652727648615837,4.723472595214844,0.03643414378166199
421.50201416015625,0.0,0.0,0.0,2.712400436401367,-2.368677854537964,0.4389920234680176,3.5698840618133545,0.29741087555885315
380.62200927734375,0.0,0.0,0.0,2.894033193588257,-1.3154457807540894,0.2663734555244446,4.0984063148498535,0.23003147542476654
